This is Ultimate 0.3.1-cache-f5c6788a5b-m
[2026-06-06 15:08:15,470 INFO  L188        SettingsManager]: Resetting all preferences to default values...
[2026-06-06 15:08:15,498 INFO  L114        SettingsManager]: Loading settings from /home/hschi1106/ultimate/trunk/examples/Interactive/settings/ResetSettingsCamel.epf
[2026-06-06 15:08:15,501 WARN  L101        SettingsManager]: Preference file contains the following unknown settings:
[2026-06-06 15:08:15,501 WARN  L103        SettingsManager]:   * de.uni_freiburg.informatik.ultimate.plugins.blockencoding.Rewrite not-equals during SBE
[2026-06-06 15:08:15,501 WARN  L103        SettingsManager]:   * de.uni_freiburg.informatik.ultimate.plugins.blockencoding.Simplify codeblocks
[2026-06-06 15:08:15,501 WARN  L103        SettingsManager]:   * de.uni_freiburg.informatik.ultimate.plugins.blockencoding.Simplify assume statements
[2026-06-06 15:08:15,501 WARN  L103        SettingsManager]:   * de.uni_freiburg.informatik.ultimate.plugins.blockencoding.Use SBE during assume simplification
[2026-06-06 15:08:15,501 WARN  L103        SettingsManager]:   * de.uni_freiburg.informatik.ultimate.plugins.blockencoding.Use SBE for initial RCFG
[2026-06-06 15:08:15,501 WARN  L103        SettingsManager]:   * de.uni_freiburg.informatik.ultimate.plugins.blockencoding.Rewrite not equals when simplifying assume statements with SBE
[2026-06-06 15:08:15,501 WARN  L103        SettingsManager]:   * de.uni_freiburg.informatik.ultimate.core.Debug log message color
[2026-06-06 15:08:15,501 WARN  L103        SettingsManager]:   * de.uni_freiburg.informatik.ultimate.core.Drop models when Ultimate exits
[2026-06-06 15:08:15,501 WARN  L103        SettingsManager]:   * de.uni_freiburg.informatik.ultimate.core.Generate benchmark results
[2026-06-06 15:08:15,501 WARN  L103        SettingsManager]:   * de.uni_freiburg.informatik.ultimate.core.Log level for controller plugin
[2026-06-06 15:08:15,501 WARN  L103        SettingsManager]:   * de.uni_freiburg.informatik.ultimate.core.Warning log message color
[2026-06-06 15:08:15,501 WARN  L103        SettingsManager]:   * de.uni_freiburg.informatik.ultimate.core.Root log level
[2026-06-06 15:08:15,501 WARN  L103        SettingsManager]:   * de.uni_freiburg.informatik.ultimate.core.UI logger pattern
[2026-06-06 15:08:15,501 WARN  L103        SettingsManager]:   * de.uni_freiburg.informatik.ultimate.core.Log level for external tools
[2026-06-06 15:08:15,501 WARN  L103        SettingsManager]:   * de.uni_freiburg.informatik.ultimate.core.ultimate.logging.details
[2026-06-06 15:08:15,501 WARN  L103        SettingsManager]:   * de.uni_freiburg.informatik.ultimate.core.Toolchain timeout in seconds
[2026-06-06 15:08:15,501 WARN  L103        SettingsManager]:   * de.uni_freiburg.informatik.ultimate.core.Name of the log file
[2026-06-06 15:08:15,501 WARN  L103        SettingsManager]:   * de.uni_freiburg.informatik.ultimate.core.Info log message color
[2026-06-06 15:08:15,501 WARN  L103        SettingsManager]:   * de.uni_freiburg.informatik.ultimate.core.Create a Logfile
[2026-06-06 15:08:15,501 WARN  L103        SettingsManager]:   * de.uni_freiburg.informatik.ultimate.core.Logger pattern
[2026-06-06 15:08:15,501 WARN  L103        SettingsManager]:   * de.uni_freiburg.informatik.ultimate.core.Log level for core plugin
[2026-06-06 15:08:15,501 WARN  L103        SettingsManager]:   * de.uni_freiburg.informatik.ultimate.core.Show usable parsers
[2026-06-06 15:08:15,501 WARN  L103        SettingsManager]:   * de.uni_freiburg.informatik.ultimate.core.Log level for plugins
[2026-06-06 15:08:15,501 WARN  L103        SettingsManager]:   * de.uni_freiburg.informatik.ultimate.core.Fatal log message color
[2026-06-06 15:08:15,501 WARN  L103        SettingsManager]:   * de.uni_freiburg.informatik.ultimate.core.Show long description of results
[2026-06-06 15:08:15,501 WARN  L103        SettingsManager]:   * de.uni_freiburg.informatik.ultimate.core.Error log message color
[2026-06-06 15:08:15,501 WARN  L103        SettingsManager]:   * de.uni_freiburg.informatik.ultimate.core.Show result in pop-up window after toolchain execution
[2026-06-06 15:08:15,501 WARN  L103        SettingsManager]:   * de.uni_freiburg.informatik.ultimate.core.Directory (default: instance location)
[2026-06-06 15:08:15,501 WARN  L103        SettingsManager]:   * de.uni_freiburg.informatik.ultimate.core.Append to exisiting log file
[2026-06-06 15:08:15,501 WARN  L103        SettingsManager]:   * CDTParser.Please specify include paths that will be parsed with the given C-File
[2026-06-06 15:08:15,501 WARN  L103        SettingsManager]:   * de.uni_freiburg.informatik.ultimate.plugins.generator.rcfgbuilder.Translate Boogie integers to SMT bitvectors
[2026-06-06 15:08:15,501 WARN  L103        SettingsManager]:   * de.uni_freiburg.informatik.ultimate.plugins.generator.cacsl2boogietranslator.How to treat unsigned ints differently from normal ones
[2026-06-06 15:08:15,502 WARN  L103        SettingsManager]:   * de.uni_freiburg.informatik.ultimate.witnessprinter.Generate witnesses
[2026-06-06 15:08:15,502 WARN  L103        SettingsManager]:   * de.uni_freiburg.informatik.ultimate.witnessprinter.Write witness to working directory
[2026-06-06 15:08:15,502 WARN  L103        SettingsManager]:   * de.uni_freiburg.informatik.ultimate.plugins.analysis.irsdependencies.Mode
[2026-06-06 15:08:15,502 WARN  L103        SettingsManager]:   * de.uni_freiburg.informatik.ultimate.plugins.analysis.abstractinterpretationv2.Number type
[2026-06-06 15:08:15,502 WARN  L103        SettingsManager]:   * de.uni_freiburg.informatik.ultimate.plugins.analysis.abstractinterpretationv2.Congruence Widening operator
[2026-06-06 15:08:15,502 WARN  L103        SettingsManager]:   * de.uni_freiburg.informatik.ultimate.plugins.output.jungvisualization.Annotate edges
[2026-06-06 15:08:15,502 WARN  L103        SettingsManager]:   * de.uni_freiburg.informatik.ultimate.plugins.output.jungvisualization.Background color:
[2026-06-06 15:08:15,502 WARN  L103        SettingsManager]:   * de.uni_freiburg.informatik.ultimate.plugins.output.jungvisualization.Which models should be visualized?
[2026-06-06 15:08:15,502 WARN  L103        SettingsManager]:   * de.uni_freiburg.informatik.ultimate.plugins.output.jungvisualization.Choose node shape:
[2026-06-06 15:08:15,502 WARN  L103        SettingsManager]:   * de.uni_freiburg.informatik.ultimate.plugins.output.jungvisualization.Node color:
[2026-06-06 15:08:15,502 WARN  L103        SettingsManager]:   * de.uni_freiburg.informatik.ultimate.plugins.output.jungvisualization.Picked node color:
[2026-06-06 15:08:15,502 WARN  L103        SettingsManager]:   * de.uni_freiburg.informatik.ultimate.plugins.output.jungvisualization.Annotate nodes
[2026-06-06 15:08:15,502 WARN  L103        SettingsManager]:   * de.uni_freiburg.informatik.ultimate.plugins.output.jungvisualization.SVG Export directory:
[2026-06-06 15:08:15,502 WARN  L103        SettingsManager]:   * de.uni_freiburg.informatik.ultimate.plugins.output.jungvisualization.Default graph layout:
[2026-06-06 15:08:15,502 WARN  L103        SettingsManager]:   * de.uni_freiburg.informatik.ultimate.boogie.procedureinliner.to and inside polymorphic procedures
[2026-06-06 15:08:15,502 WARN  L103        SettingsManager]:   * de.uni_freiburg.informatik.ultimate.boogie.procedureinliner.to procedures with 'free requires' specifications
[2026-06-06 15:08:15,502 WARN  L103        SettingsManager]:   * de.uni_freiburg.informatik.ultimate.boogie.procedureinliner.calls to unimplemented procedures
[2026-06-06 15:08:15,502 WARN  L103        SettingsManager]:   * de.uni_freiburg.informatik.ultimate.boogie.procedureinliner.to recursive procedures
[2026-06-06 15:08:15,502 WARN  L103        SettingsManager]:   * de.uni_freiburg.informatik.ultimate.boogie.procedureinliner.with 'forall' modifier
[2026-06-06 15:08:15,502 WARN  L103        SettingsManager]:   * de.uni_freiburg.informatik.ultimate.boogie.procedureinliner.calls to implemented procedures
[2026-06-06 15:08:15,502 WARN  L103        SettingsManager]:   * de.uni_freiburg.informatik.ultimate.boogie.procedureinliner.to procedures, called more than once
[2026-06-06 15:08:15,502 WARN  L103        SettingsManager]:   * de.uni_freiburg.informatik.ultimate.plugins.generator.traceabstraction.Non-flow-sensitive error trace relevance analysis
[2026-06-06 15:08:15,502 WARN  L103        SettingsManager]:   * de.uni_freiburg.informatik.ultimate.plugins.generator.traceabstraction.use unfolding as abstraction
[2026-06-06 15:08:15,502 WARN  L103        SettingsManager]:   * de.uni_freiburg.informatik.ultimate.plugins.generator.traceabstraction.Iterations until the model checker surrenders
[2026-06-06 15:08:15,502 WARN  L103        SettingsManager]:   * de.uni_freiburg.informatik.ultimate.plugins.generator.traceabstraction.Enable interactive Verification?
[2026-06-06 15:08:15,502 WARN  L103        SettingsManager]:   * de.uni_freiburg.informatik.ultimate.plugins.generator.traceabstraction.Flow-sensitive error trace relevance analysis
[2026-06-06 15:08:15,502 WARN  L103        SettingsManager]:   * de.uni_freiburg.informatik.ultimate.gui.LASTTOOLCHAINPATH
[2026-06-06 15:08:15,502 WARN  L103        SettingsManager]:   * de.uni_freiburg.informatik.ultimate.gui.LASTPATH
[2026-06-06 15:08:15,521 INFO  L130        SettingsManager]: Preferences different from defaults after loading the file:
[2026-06-06 15:08:15,521 INFO  L151        SettingsManager]: Preferences of UltimateCore differ from their defaults:
[2026-06-06 15:08:15,521 INFO  L153        SettingsManager]:  * Directory (default: instance location)=/home/iari/src/ultimate/trunk/runtime-Debug-E4.product/
[2026-06-06 15:08:15,521 INFO  L151        SettingsManager]: Preferences of Abstract Interpretation differ from their defaults:
[2026-06-06 15:08:15,521 INFO  L153        SettingsManager]:  * Log string format=HALF_MATRIX
[2026-06-06 15:08:15,521 INFO  L151        SettingsManager]: Preferences of BuchiAutomizer differ from their defaults:
[2026-06-06 15:08:15,521 INFO  L153        SettingsManager]:  * Buchi interpolant automaton=Staged
[2026-06-06 15:08:15,521 INFO  L153        SettingsManager]:  * Buchi complementation construction=Ncsb
[2026-06-06 15:08:15,522 INFO  L151        SettingsManager]: Preferences of CACSL2BoogieTranslator differ from their defaults:
[2026-06-06 15:08:15,522 INFO  L153        SettingsManager]:  * Report unsoundness warnings=false
[2026-06-06 15:08:15,522 INFO  L151        SettingsManager]: Preferences of RCFGBuilder differ from their defaults:
[2026-06-06 15:08:15,522 INFO  L153        SettingsManager]:  * Logic for external solver=AUFNIRA
[2026-06-06 15:08:15,522 INFO  L153        SettingsManager]:  * Convert code blocks to CNF=true
[2026-06-06 15:08:15,522 INFO  L151        SettingsManager]: Preferences of TraceAbstraction differ from their defaults:
[2026-06-06 15:08:15,522 INFO  L153        SettingsManager]:  * cut-off requires same transition=true
[2026-06-06 15:08:15,522 INFO  L153        SettingsManager]:  * Trace refinement strategy=CAMEL
Applying setting for plugin de.uni_freiburg.informatik.ultimate.plugins.generator.traceabstraction: Use CEGAR loop for Parallel Trace Abstraction -> true
Applying setting for plugin de.uni_freiburg.informatik.ultimate.plugins.generator.traceabstraction: Threadlimit for Parallel CEGAR -> 16
Applying setting for plugin de.uni_freiburg.informatik.ultimate.plugins.generator.traceabstraction: Parallel trace search selection mode -> ADAPTIVE_BATCH_LCPS
Applying setting for plugin de.uni_freiburg.informatik.ultimate.plugins.generator.traceabstraction: Track stale prefixes in parallel search -> true
Applying setting for plugin de.uni_freiburg.informatik.ultimate.plugins.generator.traceabstraction: Use initial BFS in PAPER/LCPS parallel search -> true
Applying setting for plugin de.uni_freiburg.informatik.ultimate.plugins.generator.traceabstraction: Batch LCPS candidate multiplier -> 4
Applying setting for plugin de.uni_freiburg.informatik.ultimate.plugins.generator.traceabstraction: Batch LCPS candidate cap -> 32
Applying setting for plugin de.uni_freiburg.informatik.ultimate.plugins.generator.traceabstraction: Adaptive batch trigger mode -> THREADS_GE_4_FIRST_FILL
Applying setting for plugin de.uni_freiburg.informatik.ultimate.plugins.generator.traceabstraction: Adaptive batch min available slots -> 2
[2026-06-06 15:08:15,634 INFO  L75    nceAwareModelManager]: Repository-Root is: /tmp
[2026-06-06 15:08:15,638 INFO  L261   ainManager$Toolchain]: [Toolchain 1]: Applicable parser(s) successfully (re)initialized
[2026-06-06 15:08:15,639 INFO  L217   ainManager$Toolchain]: [Toolchain 1]: Toolchain selected.
[2026-06-06 15:08:15,640 INFO  L270        PluginConnector]: Initializing Boogie PL CUP Parser...
[2026-06-06 15:08:15,640 INFO  L274        PluginConnector]: Boogie PL CUP Parser initialized
[2026-06-06 15:08:15,640 INFO  L431   ainManager$Toolchain]: [Toolchain 1]: Parsing single file: /home/hschi1106/ultimate/trunk/examples/programs/20170304-DifficultPathPrograms/resultKnown/eureka_05.i_5.bpl
[2026-06-06 15:08:15,640 INFO  L110           BoogieParser]: Parsing: '/home/hschi1106/ultimate/trunk/examples/programs/20170304-DifficultPathPrograms/resultKnown/eureka_05.i_5.bpl'
[2026-06-06 15:08:15,648 INFO  L299   ainManager$Toolchain]: ####################### [Toolchain 1] #######################
[2026-06-06 15:08:15,649 INFO  L133        ToolchainWalker]: Walking toolchain with 3 elements.
[2026-06-06 15:08:15,649 INFO  L112        PluginConnector]: ------------------------Boogie Preprocessor----------------------------
[2026-06-06 15:08:15,649 INFO  L270        PluginConnector]: Initializing Boogie Preprocessor...
[2026-06-06 15:08:15,649 INFO  L274        PluginConnector]: Boogie Preprocessor initialized
[2026-06-06 15:08:15,654 INFO  L184        PluginConnector]: Executing the observer EnsureBoogieModelObserver from plugin Boogie Preprocessor for "eureka_05.i_5.bpl de.uni_freiburg.informatik.ultimate.boogie.parser AST 06.06 03:08:15" (1/1) ...
[2026-06-06 15:08:15,655 INFO  L184        PluginConnector]: Executing the observer TypeChecker from plugin Boogie Preprocessor for "eureka_05.i_5.bpl de.uni_freiburg.informatik.ultimate.boogie.parser AST 06.06 03:08:15" (1/1) ...
[2026-06-06 15:08:15,665 INFO  L184        PluginConnector]: Executing the observer ConstExpander from plugin Boogie Preprocessor for "eureka_05.i_5.bpl de.uni_freiburg.informatik.ultimate.boogie.parser AST 06.06 03:08:15" (1/1) ...
[2026-06-06 15:08:15,665 INFO  L184        PluginConnector]: Executing the observer StructExpander from plugin Boogie Preprocessor for "eureka_05.i_5.bpl de.uni_freiburg.informatik.ultimate.boogie.parser AST 06.06 03:08:15" (1/1) ...
[2026-06-06 15:08:15,666 INFO  L184        PluginConnector]: Executing the observer ReplaceArrayAssignments from plugin Boogie Preprocessor for "eureka_05.i_5.bpl de.uni_freiburg.informatik.ultimate.boogie.parser AST 06.06 03:08:15" (1/1) ...
[2026-06-06 15:08:15,666 INFO  L184        PluginConnector]: Executing the observer UnstructureCode from plugin Boogie Preprocessor for "eureka_05.i_5.bpl de.uni_freiburg.informatik.ultimate.boogie.parser AST 06.06 03:08:15" (1/1) ...
[2026-06-06 15:08:15,666 INFO  L184        PluginConnector]: Executing the observer FunctionInliner from plugin Boogie Preprocessor for "eureka_05.i_5.bpl de.uni_freiburg.informatik.ultimate.boogie.parser AST 06.06 03:08:15" (1/1) ...
[2026-06-06 15:08:15,667 INFO  L184        PluginConnector]: Executing the observer LTLStepAnnotator from plugin Boogie Preprocessor for "eureka_05.i_5.bpl de.uni_freiburg.informatik.ultimate.boogie.parser AST 06.06 03:08:15" (1/1) ...
[2026-06-06 15:08:15,667 INFO  L184        PluginConnector]: Executing the observer BoogieSymbolTableConstructor from plugin Boogie Preprocessor for "eureka_05.i_5.bpl de.uni_freiburg.informatik.ultimate.boogie.parser AST 06.06 03:08:15" (1/1) ...
[2026-06-06 15:08:15,668 INFO  L131        PluginConnector]: ------------------------ END Boogie Preprocessor----------------------------
[2026-06-06 15:08:15,669 INFO  L112        PluginConnector]: ------------------------RCFGBuilder----------------------------
[2026-06-06 15:08:15,669 INFO  L270        PluginConnector]: Initializing RCFGBuilder...
[2026-06-06 15:08:15,669 INFO  L274        PluginConnector]: RCFGBuilder initialized
[2026-06-06 15:08:15,669 INFO  L184        PluginConnector]: Executing the observer RCFGBuilderObserver from plugin RCFGBuilder for "eureka_05.i_5.bpl de.uni_freiburg.informatik.ultimate.boogie.parser AST 06.06 03:08:15" (1/1) ...
[2026-06-06 15:08:15,671 INFO  L173          SolverBuilder]: Constructing external solver with command: z3 SMTLIB2_COMPLIANT=true -memory:1024 -smt2 -in -t:12000
[2026-06-06 15:08:15,677 INFO  L189       MonitoredProcess]: No working directory specified, using /usr/bin/z3
[2026-06-06 15:08:15,681 INFO  L229       MonitoredProcess]: Starting monitored process 1 with /usr/bin/z3 SMTLIB2_COMPLIANT=true -memory:1024 -smt2 -in -t:12000 (exit command is (exit), workingDir is null)
[2026-06-06 15:08:15,682 INFO  L327       MonitoredProcess]: [MP /usr/bin/z3 SMTLIB2_COMPLIANT=true -memory:1024 -smt2 -in -t:12000 (1)] Waiting until timeout for monitored process
[2026-06-06 15:08:15,690 INFO  L138     BoogieDeclarations]: Found implementation of procedure ULTIMATE.start
[2026-06-06 15:08:15,690 INFO  L130     BoogieDeclarations]: Found specification of procedure ULTIMATE.start
[2026-06-06 15:08:15,708 INFO  L234             CfgBuilder]: Building ICFG
[2026-06-06 15:08:15,709 INFO  L260             CfgBuilder]: Building CFG for each procedure with an implementation
[2026-06-06 15:08:15,735 INFO  L733   $ProcedureCfgBuilder]: dead code at ProgramPoint ULTIMATE.startFINAL: assume true;
[2026-06-06 15:08:15,737 INFO  L?                        ?]: Removed 5 outVars from TransFormulas that were not future-live.
[2026-06-06 15:08:15,737 INFO  L283             CfgBuilder]: Performing block encoding
[2026-06-06 15:08:15,740 INFO  L89      LargeBlockEncoding]: Applying CFG Large Block Encoding to ICFG that has 1 procedures, 7 locations, 9 edges, 0 initial locations, 0 loop locations, and 1 error locations.
[2026-06-06 15:08:15,741 INFO  L139     LargeBlockEncoding]: LargeBlockEncoding completed in 3 ms, with 0 straightline sequential compositions, 0 parallel compositions, 0 1:n/n:1 sequential compositions and 0 complex sequential compositions.
[2026-06-06 15:08:15,742 INFO  L307             CfgBuilder]: Using the 1 location(s) as analysis (start of procedure ULTIMATE.start)
[2026-06-06 15:08:15,742 INFO  L312             CfgBuilder]: Removed 4 assume(true) statements.
[2026-06-06 15:08:15,742 INFO  L314             CfgBuilder]: Constructed ICFG has 1 procedures, 7 locations, 9 edges, 1 initial locations, 0 loop locations, and 1 error locations.
[2026-06-06 15:08:15,742 INFO  L201        PluginConnector]: Adding new model eureka_05.i_5.bpl de.uni_freiburg.informatik.ultimate.plugins.generator.rcfgbuilder CFG 06.06 03:08:15 BoogieIcfgContainer
[2026-06-06 15:08:15,742 INFO  L131        PluginConnector]: ------------------------ END RCFGBuilder----------------------------
[2026-06-06 15:08:15,743 INFO  L112        PluginConnector]: ------------------------TraceAbstraction----------------------------
[2026-06-06 15:08:15,743 INFO  L270        PluginConnector]: Initializing TraceAbstraction...
[2026-06-06 15:08:15,744 INFO  L274        PluginConnector]: TraceAbstraction initialized
[2026-06-06 15:08:15,744 INFO  L184        PluginConnector]: Executing the observer TraceAbstractionObserver from plugin TraceAbstraction for "eureka_05.i_5.bpl de.uni_freiburg.informatik.ultimate.boogie.parser AST 06.06 03:08:15" (1/2) ...
[2026-06-06 15:08:15,745 INFO  L204        PluginConnector]: Invalid model from TraceAbstraction for observer de.uni_freiburg.informatik.ultimate.plugins.generator.traceabstraction.TraceAbstractionObserver@beb2089 and model type eureka_05.i_5.bpl de.uni_freiburg.informatik.ultimate.plugins.generator.traceabstraction AST 06.06 03:08:15, skipping insertion in model container
[2026-06-06 15:08:15,745 INFO  L184        PluginConnector]: Executing the observer TraceAbstractionObserver from plugin TraceAbstraction for "eureka_05.i_5.bpl de.uni_freiburg.informatik.ultimate.plugins.generator.rcfgbuilder CFG 06.06 03:08:15" (2/2) ...
[2026-06-06 15:08:15,745 INFO  L128   eAbstractionObserver]: Analyzing ICFG eureka_05.i_5.bpl
[2026-06-06 15:08:15,751 INFO  L217   ceAbstractionStarter]: Automizer settings: Hoare:None NWA Interpolation:ForwardPredicates Determinization: PREDICATE_ABSTRACTION
[2026-06-06 15:08:15,751 INFO  L151   ceAbstractionStarter]: Applying trace abstraction to ICFG eureka_05.i_5.bpl that has 1 procedures, 7 locations, 9 edges, 1 initial locations, 0 loop locations, and 1 error locations.
[2026-06-06 15:08:15,767 INFO  L344      AbstractCegarLoop]: ======== Iteration 0 == of CEGAR loop == AllErrorsAtOnce ========
[2026-06-06 15:08:15,771 INFO  L345      AbstractCegarLoop]: Settings: SEPARATE_VIOLATION_CHECK=true, mInterprocedural=true, mMaxIterations=1000000, mWatchIteration=1000000, mArtifact=RCFG, mInterpolation=ForwardPredicates, mInterpolantAutomaton=STRAIGHT_LINE, mDumpAutomata=false, mAutomataFormat=ATS_NUMERATE, mDumpPath=., mDeterminiation=PREDICATE_ABSTRACTION, mMinimize=MINIMIZE_SEVPA, mAutomataTypeConcurrency=FINITE_AUTOMATA, mHoareTripleChecks=INCREMENTAL, mHoareAnnotationPositions=None, mDumpOnlyReuseAutomata=false, mLimitTraceHistogram=0, mErrorLocTimeLimit=0, mLimitPathProgramCount=0, mCollectInterpolantStatistics=true, mHeuristicEmptinessCheck=false, mHeuristicEmptinessCheckAStarHeuristic=ZERO, mHeuristicEmptinessCheckAStarHeuristicRandomSeed=1337, mHeuristicEmptinessCheckSmtFeatureScoringMethod=DAGSIZE, mSMTFeatureExtraction=false, mSMTFeatureExtractionDumpPath=., mOverrideInterpolantAutomaton=false, mMcrInterpolantMethod=WP, mPorIndependenceSettings=[Lde.uni_freiburg.informatik.ultimate.lib.tracecheckerutils.partialorder.independence.IndependenceSettings;@abfb33c, mLbeIndependenceSettings=[IndependenceType=SEMANTIC, AbstractionType=NONE, UseConditional=false, UseSemiCommutativity=true, Solver=Z3, SolverTimeout=1000ms], mThreadLimit=16, mParallelCegarLoop=true, mConsiderOnlyActiveCounterexamplesInIsEmptyParallel=true, mMinimizeAbstractionPerWorker=true, mSearchLoopBound=-1, mParallelTraceSearchSelectionMode=ADAPTIVE_BATCH_LCPS, mParallelTraceSearchUseInitialBfs=true, mParallelTraceSearchTrackStalePrefixes=true, mBatchLcpsCandidateMultiplier=4, mBatchLcpsCandidateCap=32, mAdaptiveBatchTriggerMode=THREADS_GE_4_FIRST_FILL, mAdaptiveBatchMinAvailableSlots=2
[2026-06-06 15:08:15,771 INFO  L346      AbstractCegarLoop]: Starting to check reachability of 1 error locations.
[2026-06-06 15:08:15,772 INFO  L290                IsEmpty]: Start isEmpty. Operand  has 6 states, 5 states have (on average 1.8) internal successors, (9), 5 states have internal predecessors, (9), 0 states have call successors, (0), 0 states have call predecessors, (0), 0 states have return successors, (0), 0 states have call predecessors, (0), 0 states have call successors, (0)
[2026-06-06 15:08:15,774 INFO  L300                IsEmpty]: Finished isEmpty. Found accepting run of length 5
[2026-06-06 15:08:15,774 INFO  L199           NwaCegarLoop]: Found error trace
[2026-06-06 15:08:15,774 INFO  L207           NwaCegarLoop]: trace histogram [1, 1, 1, 1]
[2026-06-06 15:08:15,775 INFO  L173          SolverBuilder]: Constructing external solver with command: z3 SMTLIB2_COMPLIANT=true -memory:1024 -smt2 -in -t:12000
[2026-06-06 15:08:15,777 INFO  L189       MonitoredProcess]: No working directory specified, using /usr/bin/z3
[2026-06-06 15:08:15,778 INFO  L229       MonitoredProcess]: Starting monitored process 2 with /usr/bin/z3 SMTLIB2_COMPLIANT=true -memory:1024 -smt2 -in -t:12000 (exit command is (exit), workingDir is null)
[2026-06-06 15:08:15,779 INFO  L327       MonitoredProcess]: [MP /usr/bin/z3 SMTLIB2_COMPLIANT=true -memory:1024 -smt2 -in -t:12000 (2)] Waiting until timeout for monitored process
[2026-06-06 15:08:15,791 WARN  L330   ript$VariableManager]: TermVariable v_ULTIMATE.start___VERIFIER_assert_~cond_3 not constructed by VariableManager. Cannot ensure absence of name clashes.
[2026-06-06 15:08:15,791 WARN  L330   ript$VariableManager]: TermVariable v_ULTIMATE.start_main_~i~7_8 not constructed by VariableManager. Cannot ensure absence of name clashes.
[2026-06-06 15:08:15,791 WARN  L330   ript$VariableManager]: TermVariable |v_ULTIMATE.start___VERIFIER_assert_#in~cond_2| not constructed by VariableManager. Cannot ensure absence of name clashes.
[2026-06-06 15:08:15,792 WARN  L330   ript$VariableManager]: TermVariable v_ULTIMATE.start_SelectionSort_~temp~4_4 not constructed by VariableManager. Cannot ensure absence of name clashes.
[2026-06-06 15:08:15,793 INFO  L173          SolverBuilder]: Constructing external solver with command: z3 SMTLIB2_COMPLIANT=true -memory:1024 -smt2 -in -t:12000
[2026-06-06 15:08:15,793 INFO  L196   CegarNwaWorkerThread]: WorkerThread: Thread[#80,pool-1-thread-1,5,main] is Waiting for a Task
[2026-06-06 15:08:15,795 INFO  L189       MonitoredProcess]: No working directory specified, using /usr/bin/z3
[2026-06-06 15:08:15,796 INFO  L229       MonitoredProcess]: Starting monitored process 3 with /usr/bin/z3 SMTLIB2_COMPLIANT=true -memory:1024 -smt2 -in -t:12000 (exit command is (exit), workingDir is null)
[2026-06-06 15:08:15,796 INFO  L327       MonitoredProcess]: [MP /usr/bin/z3 SMTLIB2_COMPLIANT=true -memory:1024 -smt2 -in -t:12000 (3)] Waiting until timeout for monitored process
[2026-06-06 15:08:15,806 WARN  L330   ript$VariableManager]: TermVariable v_ULTIMATE.start___VERIFIER_assert_~cond_3 not constructed by VariableManager. Cannot ensure absence of name clashes.
[2026-06-06 15:08:15,806 WARN  L330   ript$VariableManager]: TermVariable v_ULTIMATE.start_main_~i~7_8 not constructed by VariableManager. Cannot ensure absence of name clashes.
[2026-06-06 15:08:15,806 WARN  L330   ript$VariableManager]: TermVariable |v_ULTIMATE.start___VERIFIER_assert_#in~cond_2| not constructed by VariableManager. Cannot ensure absence of name clashes.
[2026-06-06 15:08:15,807 WARN  L330   ript$VariableManager]: TermVariable v_ULTIMATE.start_SelectionSort_~temp~4_4 not constructed by VariableManager. Cannot ensure absence of name clashes.
[2026-06-06 15:08:15,807 INFO  L173          SolverBuilder]: Constructing external solver with command: z3 SMTLIB2_COMPLIANT=true -memory:1024 -smt2 -in -t:12000
[2026-06-06 15:08:15,807 INFO  L196   CegarNwaWorkerThread]: WorkerThread: Thread[#86,pool-1-thread-2,5,main] is Waiting for a Task
[2026-06-06 15:08:15,809 INFO  L189       MonitoredProcess]: No working directory specified, using /usr/bin/z3
[2026-06-06 15:08:15,810 INFO  L229       MonitoredProcess]: Starting monitored process 4 with /usr/bin/z3 SMTLIB2_COMPLIANT=true -memory:1024 -smt2 -in -t:12000 (exit command is (exit), workingDir is null)
[2026-06-06 15:08:15,811 INFO  L327       MonitoredProcess]: [MP /usr/bin/z3 SMTLIB2_COMPLIANT=true -memory:1024 -smt2 -in -t:12000 (4)] Waiting until timeout for monitored process
[2026-06-06 15:08:15,819 WARN  L330   ript$VariableManager]: TermVariable v_ULTIMATE.start___VERIFIER_assert_~cond_3 not constructed by VariableManager. Cannot ensure absence of name clashes.
[2026-06-06 15:08:15,819 WARN  L330   ript$VariableManager]: TermVariable v_ULTIMATE.start_main_~i~7_8 not constructed by VariableManager. Cannot ensure absence of name clashes.
[2026-06-06 15:08:15,819 WARN  L330   ript$VariableManager]: TermVariable |v_ULTIMATE.start___VERIFIER_assert_#in~cond_2| not constructed by VariableManager. Cannot ensure absence of name clashes.
[2026-06-06 15:08:15,820 WARN  L330   ript$VariableManager]: TermVariable v_ULTIMATE.start_SelectionSort_~temp~4_4 not constructed by VariableManager. Cannot ensure absence of name clashes.
[2026-06-06 15:08:15,821 INFO  L173          SolverBuilder]: Constructing external solver with command: z3 SMTLIB2_COMPLIANT=true -memory:1024 -smt2 -in -t:12000
[2026-06-06 15:08:15,821 INFO  L196   CegarNwaWorkerThread]: WorkerThread: Thread[#92,pool-1-thread-3,5,main] is Waiting for a Task
[2026-06-06 15:08:15,823 INFO  L189       MonitoredProcess]: No working directory specified, using /usr/bin/z3
[2026-06-06 15:08:15,824 INFO  L229       MonitoredProcess]: Starting monitored process 5 with /usr/bin/z3 SMTLIB2_COMPLIANT=true -memory:1024 -smt2 -in -t:12000 (exit command is (exit), workingDir is null)
[2026-06-06 15:08:15,824 INFO  L327       MonitoredProcess]: [MP /usr/bin/z3 SMTLIB2_COMPLIANT=true -memory:1024 -smt2 -in -t:12000 (5)] Waiting until timeout for monitored process
[2026-06-06 15:08:15,833 WARN  L330   ript$VariableManager]: TermVariable v_ULTIMATE.start___VERIFIER_assert_~cond_3 not constructed by VariableManager. Cannot ensure absence of name clashes.
[2026-06-06 15:08:15,833 WARN  L330   ript$VariableManager]: TermVariable v_ULTIMATE.start_main_~i~7_8 not constructed by VariableManager. Cannot ensure absence of name clashes.
[2026-06-06 15:08:15,833 WARN  L330   ript$VariableManager]: TermVariable |v_ULTIMATE.start___VERIFIER_assert_#in~cond_2| not constructed by VariableManager. Cannot ensure absence of name clashes.
[2026-06-06 15:08:15,833 WARN  L330   ript$VariableManager]: TermVariable v_ULTIMATE.start_SelectionSort_~temp~4_4 not constructed by VariableManager. Cannot ensure absence of name clashes.
[2026-06-06 15:08:15,834 INFO  L173          SolverBuilder]: Constructing external solver with command: z3 SMTLIB2_COMPLIANT=true -memory:1024 -smt2 -in -t:12000
[2026-06-06 15:08:15,834 INFO  L196   CegarNwaWorkerThread]: WorkerThread: Thread[#98,pool-1-thread-4,5,main] is Waiting for a Task
[2026-06-06 15:08:15,836 INFO  L189       MonitoredProcess]: No working directory specified, using /usr/bin/z3
[2026-06-06 15:08:15,837 INFO  L229       MonitoredProcess]: Starting monitored process 6 with /usr/bin/z3 SMTLIB2_COMPLIANT=true -memory:1024 -smt2 -in -t:12000 (exit command is (exit), workingDir is null)
[2026-06-06 15:08:15,837 INFO  L327       MonitoredProcess]: [MP /usr/bin/z3 SMTLIB2_COMPLIANT=true -memory:1024 -smt2 -in -t:12000 (6)] Waiting until timeout for monitored process
[2026-06-06 15:08:15,846 WARN  L330   ript$VariableManager]: TermVariable v_ULTIMATE.start___VERIFIER_assert_~cond_3 not constructed by VariableManager. Cannot ensure absence of name clashes.
[2026-06-06 15:08:15,846 WARN  L330   ript$VariableManager]: TermVariable v_ULTIMATE.start_main_~i~7_8 not constructed by VariableManager. Cannot ensure absence of name clashes.
[2026-06-06 15:08:15,846 WARN  L330   ript$VariableManager]: TermVariable |v_ULTIMATE.start___VERIFIER_assert_#in~cond_2| not constructed by VariableManager. Cannot ensure absence of name clashes.
[2026-06-06 15:08:15,846 WARN  L330   ript$VariableManager]: TermVariable v_ULTIMATE.start_SelectionSort_~temp~4_4 not constructed by VariableManager. Cannot ensure absence of name clashes.
[2026-06-06 15:08:15,847 INFO  L173          SolverBuilder]: Constructing external solver with command: z3 SMTLIB2_COMPLIANT=true -memory:1024 -smt2 -in -t:12000
[2026-06-06 15:08:15,847 INFO  L196   CegarNwaWorkerThread]: WorkerThread: Thread[#104,pool-1-thread-5,5,main] is Waiting for a Task
[2026-06-06 15:08:15,850 INFO  L189       MonitoredProcess]: No working directory specified, using /usr/bin/z3
[2026-06-06 15:08:15,851 INFO  L229       MonitoredProcess]: Starting monitored process 7 with /usr/bin/z3 SMTLIB2_COMPLIANT=true -memory:1024 -smt2 -in -t:12000 (exit command is (exit), workingDir is null)
[2026-06-06 15:08:15,852 INFO  L327       MonitoredProcess]: [MP /usr/bin/z3 SMTLIB2_COMPLIANT=true -memory:1024 -smt2 -in -t:12000 (7)] Waiting until timeout for monitored process
[2026-06-06 15:08:15,861 WARN  L330   ript$VariableManager]: TermVariable v_ULTIMATE.start___VERIFIER_assert_~cond_3 not constructed by VariableManager. Cannot ensure absence of name clashes.
[2026-06-06 15:08:15,861 WARN  L330   ript$VariableManager]: TermVariable v_ULTIMATE.start_main_~i~7_8 not constructed by VariableManager. Cannot ensure absence of name clashes.
[2026-06-06 15:08:15,861 WARN  L330   ript$VariableManager]: TermVariable |v_ULTIMATE.start___VERIFIER_assert_#in~cond_2| not constructed by VariableManager. Cannot ensure absence of name clashes.
[2026-06-06 15:08:15,862 WARN  L330   ript$VariableManager]: TermVariable v_ULTIMATE.start_SelectionSort_~temp~4_4 not constructed by VariableManager. Cannot ensure absence of name clashes.
[2026-06-06 15:08:15,863 INFO  L196   CegarNwaWorkerThread]: WorkerThread: Thread[#113,pool-1-thread-6,5,main] is Waiting for a Task
[2026-06-06 15:08:15,863 INFO  L173          SolverBuilder]: Constructing external solver with command: z3 SMTLIB2_COMPLIANT=true -memory:1024 -smt2 -in -t:12000
[2026-06-06 15:08:15,865 INFO  L189       MonitoredProcess]: No working directory specified, using /usr/bin/z3
[2026-06-06 15:08:15,867 INFO  L229       MonitoredProcess]: Starting monitored process 8 with /usr/bin/z3 SMTLIB2_COMPLIANT=true -memory:1024 -smt2 -in -t:12000 (exit command is (exit), workingDir is null)
[2026-06-06 15:08:15,867 INFO  L327       MonitoredProcess]: [MP /usr/bin/z3 SMTLIB2_COMPLIANT=true -memory:1024 -smt2 -in -t:12000 (8)] Waiting until timeout for monitored process
[2026-06-06 15:08:15,875 WARN  L330   ript$VariableManager]: TermVariable v_ULTIMATE.start___VERIFIER_assert_~cond_3 not constructed by VariableManager. Cannot ensure absence of name clashes.
[2026-06-06 15:08:15,875 WARN  L330   ript$VariableManager]: TermVariable v_ULTIMATE.start_main_~i~7_8 not constructed by VariableManager. Cannot ensure absence of name clashes.
[2026-06-06 15:08:15,875 WARN  L330   ript$VariableManager]: TermVariable |v_ULTIMATE.start___VERIFIER_assert_#in~cond_2| not constructed by VariableManager. Cannot ensure absence of name clashes.
[2026-06-06 15:08:15,876 WARN  L330   ript$VariableManager]: TermVariable v_ULTIMATE.start_SelectionSort_~temp~4_4 not constructed by VariableManager. Cannot ensure absence of name clashes.
[2026-06-06 15:08:15,876 INFO  L173          SolverBuilder]: Constructing external solver with command: z3 SMTLIB2_COMPLIANT=true -memory:1024 -smt2 -in -t:12000
[2026-06-06 15:08:15,876 INFO  L196   CegarNwaWorkerThread]: WorkerThread: Thread[#119,pool-1-thread-7,5,main] is Waiting for a Task
[2026-06-06 15:08:15,878 INFO  L189       MonitoredProcess]: No working directory specified, using /usr/bin/z3
[2026-06-06 15:08:15,879 INFO  L229       MonitoredProcess]: Starting monitored process 9 with /usr/bin/z3 SMTLIB2_COMPLIANT=true -memory:1024 -smt2 -in -t:12000 (exit command is (exit), workingDir is null)
[2026-06-06 15:08:15,879 INFO  L327       MonitoredProcess]: [MP /usr/bin/z3 SMTLIB2_COMPLIANT=true -memory:1024 -smt2 -in -t:12000 (9)] Waiting until timeout for monitored process
[2026-06-06 15:08:15,886 WARN  L330   ript$VariableManager]: TermVariable v_ULTIMATE.start___VERIFIER_assert_~cond_3 not constructed by VariableManager. Cannot ensure absence of name clashes.
[2026-06-06 15:08:15,886 WARN  L330   ript$VariableManager]: TermVariable v_ULTIMATE.start_main_~i~7_8 not constructed by VariableManager. Cannot ensure absence of name clashes.
[2026-06-06 15:08:15,886 WARN  L330   ript$VariableManager]: TermVariable |v_ULTIMATE.start___VERIFIER_assert_#in~cond_2| not constructed by VariableManager. Cannot ensure absence of name clashes.
[2026-06-06 15:08:15,887 WARN  L330   ript$VariableManager]: TermVariable v_ULTIMATE.start_SelectionSort_~temp~4_4 not constructed by VariableManager. Cannot ensure absence of name clashes.
[2026-06-06 15:08:15,887 INFO  L173          SolverBuilder]: Constructing external solver with command: z3 SMTLIB2_COMPLIANT=true -memory:1024 -smt2 -in -t:12000
[2026-06-06 15:08:15,887 INFO  L196   CegarNwaWorkerThread]: WorkerThread: Thread[#125,pool-1-thread-8,5,main] is Waiting for a Task
[2026-06-06 15:08:15,889 INFO  L189       MonitoredProcess]: No working directory specified, using /usr/bin/z3
[2026-06-06 15:08:15,890 INFO  L229       MonitoredProcess]: Starting monitored process 10 with /usr/bin/z3 SMTLIB2_COMPLIANT=true -memory:1024 -smt2 -in -t:12000 (exit command is (exit), workingDir is null)
[2026-06-06 15:08:15,891 INFO  L327       MonitoredProcess]: [MP /usr/bin/z3 SMTLIB2_COMPLIANT=true -memory:1024 -smt2 -in -t:12000 (10)] Waiting until timeout for monitored process
[2026-06-06 15:08:15,898 WARN  L330   ript$VariableManager]: TermVariable v_ULTIMATE.start___VERIFIER_assert_~cond_3 not constructed by VariableManager. Cannot ensure absence of name clashes.
[2026-06-06 15:08:15,899 WARN  L330   ript$VariableManager]: TermVariable v_ULTIMATE.start_main_~i~7_8 not constructed by VariableManager. Cannot ensure absence of name clashes.
[2026-06-06 15:08:15,899 WARN  L330   ript$VariableManager]: TermVariable |v_ULTIMATE.start___VERIFIER_assert_#in~cond_2| not constructed by VariableManager. Cannot ensure absence of name clashes.
[2026-06-06 15:08:15,899 WARN  L330   ript$VariableManager]: TermVariable v_ULTIMATE.start_SelectionSort_~temp~4_4 not constructed by VariableManager. Cannot ensure absence of name clashes.
[2026-06-06 15:08:15,899 INFO  L173          SolverBuilder]: Constructing external solver with command: z3 SMTLIB2_COMPLIANT=true -memory:1024 -smt2 -in -t:12000
[2026-06-06 15:08:15,900 INFO  L196   CegarNwaWorkerThread]: WorkerThread: Thread[#131,pool-1-thread-9,5,main] is Waiting for a Task
[2026-06-06 15:08:15,901 INFO  L189       MonitoredProcess]: No working directory specified, using /usr/bin/z3
[2026-06-06 15:08:15,902 INFO  L229       MonitoredProcess]: Starting monitored process 11 with /usr/bin/z3 SMTLIB2_COMPLIANT=true -memory:1024 -smt2 -in -t:12000 (exit command is (exit), workingDir is null)
[2026-06-06 15:08:15,903 INFO  L327       MonitoredProcess]: [MP /usr/bin/z3 SMTLIB2_COMPLIANT=true -memory:1024 -smt2 -in -t:12000 (11)] Waiting until timeout for monitored process
[2026-06-06 15:08:15,912 WARN  L330   ript$VariableManager]: TermVariable v_ULTIMATE.start___VERIFIER_assert_~cond_3 not constructed by VariableManager. Cannot ensure absence of name clashes.
[2026-06-06 15:08:15,912 WARN  L330   ript$VariableManager]: TermVariable v_ULTIMATE.start_main_~i~7_8 not constructed by VariableManager. Cannot ensure absence of name clashes.
[2026-06-06 15:08:15,912 WARN  L330   ript$VariableManager]: TermVariable |v_ULTIMATE.start___VERIFIER_assert_#in~cond_2| not constructed by VariableManager. Cannot ensure absence of name clashes.
[2026-06-06 15:08:15,912 WARN  L330   ript$VariableManager]: TermVariable v_ULTIMATE.start_SelectionSort_~temp~4_4 not constructed by VariableManager. Cannot ensure absence of name clashes.
[2026-06-06 15:08:15,913 INFO  L173          SolverBuilder]: Constructing external solver with command: z3 SMTLIB2_COMPLIANT=true -memory:1024 -smt2 -in -t:12000
[2026-06-06 15:08:15,913 INFO  L196   CegarNwaWorkerThread]: WorkerThread: Thread[#137,pool-1-thread-10,5,main] is Waiting for a Task
[2026-06-06 15:08:15,914 INFO  L189       MonitoredProcess]: No working directory specified, using /usr/bin/z3
[2026-06-06 15:08:15,916 INFO  L229       MonitoredProcess]: Starting monitored process 12 with /usr/bin/z3 SMTLIB2_COMPLIANT=true -memory:1024 -smt2 -in -t:12000 (exit command is (exit), workingDir is null)
[2026-06-06 15:08:15,916 INFO  L327       MonitoredProcess]: [MP /usr/bin/z3 SMTLIB2_COMPLIANT=true -memory:1024 -smt2 -in -t:12000 (12)] Waiting until timeout for monitored process
[2026-06-06 15:08:15,924 WARN  L330   ript$VariableManager]: TermVariable v_ULTIMATE.start___VERIFIER_assert_~cond_3 not constructed by VariableManager. Cannot ensure absence of name clashes.
[2026-06-06 15:08:15,924 WARN  L330   ript$VariableManager]: TermVariable v_ULTIMATE.start_main_~i~7_8 not constructed by VariableManager. Cannot ensure absence of name clashes.
[2026-06-06 15:08:15,924 WARN  L330   ript$VariableManager]: TermVariable |v_ULTIMATE.start___VERIFIER_assert_#in~cond_2| not constructed by VariableManager. Cannot ensure absence of name clashes.
[2026-06-06 15:08:15,925 WARN  L330   ript$VariableManager]: TermVariable v_ULTIMATE.start_SelectionSort_~temp~4_4 not constructed by VariableManager. Cannot ensure absence of name clashes.
[2026-06-06 15:08:15,925 INFO  L173          SolverBuilder]: Constructing external solver with command: z3 SMTLIB2_COMPLIANT=true -memory:1024 -smt2 -in -t:12000
[2026-06-06 15:08:15,925 INFO  L196   CegarNwaWorkerThread]: WorkerThread: Thread[#143,pool-1-thread-11,5,main] is Waiting for a Task
[2026-06-06 15:08:15,927 INFO  L189       MonitoredProcess]: No working directory specified, using /usr/bin/z3
[2026-06-06 15:08:15,928 INFO  L229       MonitoredProcess]: Starting monitored process 13 with /usr/bin/z3 SMTLIB2_COMPLIANT=true -memory:1024 -smt2 -in -t:12000 (exit command is (exit), workingDir is null)
[2026-06-06 15:08:15,929 INFO  L327       MonitoredProcess]: [MP /usr/bin/z3 SMTLIB2_COMPLIANT=true -memory:1024 -smt2 -in -t:12000 (13)] Waiting until timeout for monitored process
[2026-06-06 15:08:15,937 WARN  L330   ript$VariableManager]: TermVariable v_ULTIMATE.start___VERIFIER_assert_~cond_3 not constructed by VariableManager. Cannot ensure absence of name clashes.
[2026-06-06 15:08:15,937 WARN  L330   ript$VariableManager]: TermVariable v_ULTIMATE.start_main_~i~7_8 not constructed by VariableManager. Cannot ensure absence of name clashes.
[2026-06-06 15:08:15,937 WARN  L330   ript$VariableManager]: TermVariable |v_ULTIMATE.start___VERIFIER_assert_#in~cond_2| not constructed by VariableManager. Cannot ensure absence of name clashes.
[2026-06-06 15:08:15,937 WARN  L330   ript$VariableManager]: TermVariable v_ULTIMATE.start_SelectionSort_~temp~4_4 not constructed by VariableManager. Cannot ensure absence of name clashes.
[2026-06-06 15:08:15,938 INFO  L173          SolverBuilder]: Constructing external solver with command: z3 SMTLIB2_COMPLIANT=true -memory:1024 -smt2 -in -t:12000
[2026-06-06 15:08:15,938 INFO  L196   CegarNwaWorkerThread]: WorkerThread: Thread[#149,pool-1-thread-12,5,main] is Waiting for a Task
[2026-06-06 15:08:15,940 INFO  L189       MonitoredProcess]: No working directory specified, using /usr/bin/z3
[2026-06-06 15:08:15,941 INFO  L229       MonitoredProcess]: Starting monitored process 14 with /usr/bin/z3 SMTLIB2_COMPLIANT=true -memory:1024 -smt2 -in -t:12000 (exit command is (exit), workingDir is null)
[2026-06-06 15:08:15,941 INFO  L327       MonitoredProcess]: [MP /usr/bin/z3 SMTLIB2_COMPLIANT=true -memory:1024 -smt2 -in -t:12000 (14)] Waiting until timeout for monitored process
[2026-06-06 15:08:15,949 WARN  L330   ript$VariableManager]: TermVariable v_ULTIMATE.start___VERIFIER_assert_~cond_3 not constructed by VariableManager. Cannot ensure absence of name clashes.
[2026-06-06 15:08:15,949 WARN  L330   ript$VariableManager]: TermVariable v_ULTIMATE.start_main_~i~7_8 not constructed by VariableManager. Cannot ensure absence of name clashes.
[2026-06-06 15:08:15,949 WARN  L330   ript$VariableManager]: TermVariable |v_ULTIMATE.start___VERIFIER_assert_#in~cond_2| not constructed by VariableManager. Cannot ensure absence of name clashes.
[2026-06-06 15:08:15,949 WARN  L330   ript$VariableManager]: TermVariable v_ULTIMATE.start_SelectionSort_~temp~4_4 not constructed by VariableManager. Cannot ensure absence of name clashes.
[2026-06-06 15:08:15,950 INFO  L173          SolverBuilder]: Constructing external solver with command: z3 SMTLIB2_COMPLIANT=true -memory:1024 -smt2 -in -t:12000
[2026-06-06 15:08:15,951 INFO  L196   CegarNwaWorkerThread]: WorkerThread: Thread[#155,pool-1-thread-13,5,main] is Waiting for a Task
[2026-06-06 15:08:15,952 INFO  L189       MonitoredProcess]: No working directory specified, using /usr/bin/z3
[2026-06-06 15:08:15,953 INFO  L229       MonitoredProcess]: Starting monitored process 15 with /usr/bin/z3 SMTLIB2_COMPLIANT=true -memory:1024 -smt2 -in -t:12000 (exit command is (exit), workingDir is null)
[2026-06-06 15:08:15,954 INFO  L327       MonitoredProcess]: [MP /usr/bin/z3 SMTLIB2_COMPLIANT=true -memory:1024 -smt2 -in -t:12000 (15)] Waiting until timeout for monitored process
[2026-06-06 15:08:15,962 WARN  L330   ript$VariableManager]: TermVariable v_ULTIMATE.start___VERIFIER_assert_~cond_3 not constructed by VariableManager. Cannot ensure absence of name clashes.
[2026-06-06 15:08:15,962 WARN  L330   ript$VariableManager]: TermVariable v_ULTIMATE.start_main_~i~7_8 not constructed by VariableManager. Cannot ensure absence of name clashes.
[2026-06-06 15:08:15,962 WARN  L330   ript$VariableManager]: TermVariable |v_ULTIMATE.start___VERIFIER_assert_#in~cond_2| not constructed by VariableManager. Cannot ensure absence of name clashes.
[2026-06-06 15:08:15,962 WARN  L330   ript$VariableManager]: TermVariable v_ULTIMATE.start_SelectionSort_~temp~4_4 not constructed by VariableManager. Cannot ensure absence of name clashes.
[2026-06-06 15:08:15,963 INFO  L173          SolverBuilder]: Constructing external solver with command: z3 SMTLIB2_COMPLIANT=true -memory:1024 -smt2 -in -t:12000
[2026-06-06 15:08:15,963 INFO  L196   CegarNwaWorkerThread]: WorkerThread: Thread[#161,pool-1-thread-14,5,main] is Waiting for a Task
[2026-06-06 15:08:15,965 INFO  L189       MonitoredProcess]: No working directory specified, using /usr/bin/z3
[2026-06-06 15:08:15,966 INFO  L229       MonitoredProcess]: Starting monitored process 16 with /usr/bin/z3 SMTLIB2_COMPLIANT=true -memory:1024 -smt2 -in -t:12000 (exit command is (exit), workingDir is null)
[2026-06-06 15:08:15,966 INFO  L327       MonitoredProcess]: [MP /usr/bin/z3 SMTLIB2_COMPLIANT=true -memory:1024 -smt2 -in -t:12000 (16)] Waiting until timeout for monitored process
[2026-06-06 15:08:15,974 WARN  L330   ript$VariableManager]: TermVariable v_ULTIMATE.start___VERIFIER_assert_~cond_3 not constructed by VariableManager. Cannot ensure absence of name clashes.
[2026-06-06 15:08:15,974 WARN  L330   ript$VariableManager]: TermVariable v_ULTIMATE.start_main_~i~7_8 not constructed by VariableManager. Cannot ensure absence of name clashes.
[2026-06-06 15:08:15,974 WARN  L330   ript$VariableManager]: TermVariable |v_ULTIMATE.start___VERIFIER_assert_#in~cond_2| not constructed by VariableManager. Cannot ensure absence of name clashes.
[2026-06-06 15:08:15,975 WARN  L330   ript$VariableManager]: TermVariable v_ULTIMATE.start_SelectionSort_~temp~4_4 not constructed by VariableManager. Cannot ensure absence of name clashes.
[2026-06-06 15:08:15,975 INFO  L173          SolverBuilder]: Constructing external solver with command: z3 SMTLIB2_COMPLIANT=true -memory:1024 -smt2 -in -t:12000
[2026-06-06 15:08:15,975 INFO  L196   CegarNwaWorkerThread]: WorkerThread: Thread[#167,pool-1-thread-15,5,main] is Waiting for a Task
[2026-06-06 15:08:15,977 INFO  L189       MonitoredProcess]: No working directory specified, using /usr/bin/z3
[2026-06-06 15:08:15,978 INFO  L229       MonitoredProcess]: Starting monitored process 17 with /usr/bin/z3 SMTLIB2_COMPLIANT=true -memory:1024 -smt2 -in -t:12000 (exit command is (exit), workingDir is null)
[2026-06-06 15:08:15,978 INFO  L327       MonitoredProcess]: [MP /usr/bin/z3 SMTLIB2_COMPLIANT=true -memory:1024 -smt2 -in -t:12000 (17)] Waiting until timeout for monitored process
[2026-06-06 15:08:15,986 WARN  L330   ript$VariableManager]: TermVariable v_ULTIMATE.start___VERIFIER_assert_~cond_3 not constructed by VariableManager. Cannot ensure absence of name clashes.
[2026-06-06 15:08:15,986 WARN  L330   ript$VariableManager]: TermVariable v_ULTIMATE.start_main_~i~7_8 not constructed by VariableManager. Cannot ensure absence of name clashes.
[2026-06-06 15:08:15,986 WARN  L330   ript$VariableManager]: TermVariable |v_ULTIMATE.start___VERIFIER_assert_#in~cond_2| not constructed by VariableManager. Cannot ensure absence of name clashes.
[2026-06-06 15:08:15,986 WARN  L330   ript$VariableManager]: TermVariable v_ULTIMATE.start_SelectionSort_~temp~4_4 not constructed by VariableManager. Cannot ensure absence of name clashes.
[2026-06-06 15:08:15,987 INFO  L196   CegarNwaWorkerThread]: WorkerThread: Thread[#173,pool-1-thread-16,5,main] is Waiting for a Task
[2026-06-06 15:08:15,987 INFO  L86        PathProgramCache]: Analyzing trace with hash 928714, now seen corresponding path program 1 times
[2026-06-06 15:08:15,987 INFO  L637   ParallelNwaCegarLoop]: Main: Starting Thread
[2026-06-06 15:08:15,987 INFO  L287   ParallelNwaCegarLoop]: === Iteration 1 ===
[2026-06-06 15:08:15,987 INFO  L340   ParallelNwaCegarLoop]: No more worker results to process
[2026-06-06 15:08:15,987 INFO  L290                IsEmpty]: Start isEmptyParallel. Operand  has 6 states, 5 states have (on average 1.8) internal successors, (9), 5 states have internal predecessors, (9), 0 states have call successors, (0), 0 states have call predecessors, (0), 0 states have return successors, (0), 0 states have call predecessors, (0), 0 states have call successors, (0)
[2026-06-06 15:08:15,987 INFO  L300                IsEmpty]: Finished isEmptyParallel. No accepting run.
[2026-06-06 15:08:15,988 INFO  L156        IsEmptyParallel]: Start isEmptyParallel. Operand  has 6 states, 5 states have (on average 1.8) internal successors, (9), 5 states have internal predecessors, (9), 0 states have call successors, (0), 0 states have call predecessors, (0), 0 states have return successors, (0), 0 states have call predecessors, (0), 0 states have call successors, (0)
[2026-06-06 15:08:15,988 INFO  L209   CegarNwaWorkerThread]: Starting Thread: 80# for Trace Check: 928714
[2026-06-06 15:08:15,989 INFO  L182       IsEmptyHeuristic]: Start isEmptyHeuristic. Operand  has 6 states, 5 states have (on average 1.8) internal successors, (9), 5 states have internal predecessors, (9), 0 states have call successors, (0), 0 states have call predecessors, (0), 0 states have return successors, (0), 0 states have call predecessors, (0), 0 states have call successors, (0)
[2026-06-06 15:08:15,990 INFO  L156       PredicateUnifier]: Initialized classic predicate unifier
[2026-06-06 15:08:15,990 INFO  L86        PathProgramCache]: Analyzing trace with hash 928714, now seen corresponding path program 1 times
[2026-06-06 15:08:15,991 INFO  L188       IsEmptyHeuristic]: Finished isEmptyHeuristic. Found accepting run of length 7
[2026-06-06 15:08:15,991 INFO  L163        IsEmptyParallel]: Finished isEmptyParallel. Found accepting run of length 7
[2026-06-06 15:08:15,991 WARN  L753                IsEmpty]: Correctness of emptinessCheck not tested.
[2026-06-06 15:08:15,993 INFO  L79                 Accepts]: Start accepts. Automaton has  has 6 states, 5 states have (on average 1.8) internal successors, (9), 5 states have internal predecessors, (9), 0 states have call successors, (0), 0 states have call predecessors, (0), 0 states have return successors, (0), 0 states have call predecessors, (0), 0 states have call successors, (0) Word has length 6
[2026-06-06 15:08:15,993 INFO  L118   FreeRefinementEngine]: Executing refinement strategy CAMEL
[2026-06-06 15:08:15,993 INFO  L324   FreeRefinementEngine]: Using trace check IpTcStrategyModuleSmtInterpolCraig [1982918879]
[2026-06-06 15:08:15,993 INFO  L97    rtionOrderModulation]: Keeping assertion order NOT_INCREMENTALLY
[2026-06-06 15:08:15,993 INFO  L127          SolverBuilder]: Constructing new instance of SMTInterpol with explicit timeout -1 ms and remaining time -1 ms
[2026-06-06 15:08:15,993 INFO  L85                 Accepts]: Finished accepts. word is accepted.
[2026-06-06 15:08:15,993 INFO  L757                IsEmpty]: Finished testing correctness of emptinessCheck
[2026-06-06 15:08:15,994 INFO  L290                IsEmpty]: Start isEmptyParallel. Operand  has 6 states, 5 states have (on average 1.8) internal successors, (9), 5 states have internal predecessors, (9), 0 states have call successors, (0), 0 states have call predecessors, (0), 0 states have return successors, (0), 0 states have call predecessors, (0), 0 states have call successors, (0)
[2026-06-06 15:08:15,994 INFO  L300                IsEmpty]: Finished isEmptyParallel. No accepting run.
[2026-06-06 15:08:15,994 INFO  L156        IsEmptyParallel]: Start isEmptyParallel. Operand  has 6 states, 5 states have (on average 1.8) internal successors, (9), 5 states have internal predecessors, (9), 0 states have call successors, (0), 0 states have call predecessors, (0), 0 states have return successors, (0), 0 states have call predecessors, (0), 0 states have call successors, (0)
[2026-06-06 15:08:15,994 INFO  L182       IsEmptyHeuristic]: Start isEmptyHeuristic. Operand  has 6 states, 5 states have (on average 1.8) internal successors, (9), 5 states have internal predecessors, (9), 0 states have call successors, (0), 0 states have call predecessors, (0), 0 states have return successors, (0), 0 states have call predecessors, (0), 0 states have call successors, (0)
[2026-06-06 15:08:15,994 INFO  L188       IsEmptyHeuristic]: Finished isEmptyHeuristic. Found accepting run of length 8
[2026-06-06 15:08:15,994 INFO  L163        IsEmptyParallel]: Finished isEmptyParallel. Found accepting run of length 8
[2026-06-06 15:08:15,994 WARN  L753                IsEmpty]: Correctness of emptinessCheck not tested.
[2026-06-06 15:08:15,994 INFO  L79                 Accepts]: Start accepts. Automaton has  has 6 states, 5 states have (on average 1.8) internal successors, (9), 5 states have internal predecessors, (9), 0 states have call successors, (0), 0 states have call predecessors, (0), 0 states have return successors, (0), 0 states have call predecessors, (0), 0 states have call successors, (0) Word has length 7
[2026-06-06 15:08:15,994 INFO  L85                 Accepts]: Finished accepts. word is accepted.
[2026-06-06 15:08:15,994 INFO  L757                IsEmpty]: Finished testing correctness of emptinessCheck
[2026-06-06 15:08:15,994 INFO  L290                IsEmpty]: Start isEmptyParallel. Operand  has 6 states, 5 states have (on average 1.8) internal successors, (9), 5 states have internal predecessors, (9), 0 states have call successors, (0), 0 states have call predecessors, (0), 0 states have return successors, (0), 0 states have call predecessors, (0), 0 states have call successors, (0)
[2026-06-06 15:08:15,994 INFO  L300                IsEmpty]: Finished isEmptyParallel. No accepting run.
[2026-06-06 15:08:15,994 INFO  L156        IsEmptyParallel]: Start isEmptyParallel. Operand  has 6 states, 5 states have (on average 1.8) internal successors, (9), 5 states have internal predecessors, (9), 0 states have call successors, (0), 0 states have call predecessors, (0), 0 states have return successors, (0), 0 states have call predecessors, (0), 0 states have call successors, (0)
[2026-06-06 15:08:15,994 INFO  L182       IsEmptyHeuristic]: Start isEmptyHeuristic. Operand  has 6 states, 5 states have (on average 1.8) internal successors, (9), 5 states have internal predecessors, (9), 0 states have call successors, (0), 0 states have call predecessors, (0), 0 states have return successors, (0), 0 states have call predecessors, (0), 0 states have call successors, (0)
[2026-06-06 15:08:15,995 INFO  L188       IsEmptyHeuristic]: Finished isEmptyHeuristic. Found accepting run of length 8
[2026-06-06 15:08:15,995 INFO  L163        IsEmptyParallel]: Finished isEmptyParallel. Found accepting run of length 8
[2026-06-06 15:08:15,995 WARN  L753                IsEmpty]: Correctness of emptinessCheck not tested.
[2026-06-06 15:08:15,995 INFO  L79                 Accepts]: Start accepts. Automaton has  has 6 states, 5 states have (on average 1.8) internal successors, (9), 5 states have internal predecessors, (9), 0 states have call successors, (0), 0 states have call predecessors, (0), 0 states have return successors, (0), 0 states have call predecessors, (0), 0 states have call successors, (0) Word has length 7
[2026-06-06 15:08:15,995 INFO  L85                 Accepts]: Finished accepts. word is accepted.
[2026-06-06 15:08:15,995 INFO  L757                IsEmpty]: Finished testing correctness of emptinessCheck
[2026-06-06 15:08:15,995 INFO  L290                IsEmpty]: Start isEmptyParallel. Operand  has 6 states, 5 states have (on average 1.8) internal successors, (9), 5 states have internal predecessors, (9), 0 states have call successors, (0), 0 states have call predecessors, (0), 0 states have return successors, (0), 0 states have call predecessors, (0), 0 states have call successors, (0)
[2026-06-06 15:08:15,995 INFO  L300                IsEmpty]: Finished isEmptyParallel. No accepting run.
[2026-06-06 15:08:15,995 INFO  L156        IsEmptyParallel]: Start isEmptyParallel. Operand  has 6 states, 5 states have (on average 1.8) internal successors, (9), 5 states have internal predecessors, (9), 0 states have call successors, (0), 0 states have call predecessors, (0), 0 states have return successors, (0), 0 states have call predecessors, (0), 0 states have call successors, (0)
[2026-06-06 15:08:15,995 INFO  L182       IsEmptyHeuristic]: Start isEmptyHeuristic. Operand  has 6 states, 5 states have (on average 1.8) internal successors, (9), 5 states have internal predecessors, (9), 0 states have call successors, (0), 0 states have call predecessors, (0), 0 states have return successors, (0), 0 states have call predecessors, (0), 0 states have call successors, (0)
[2026-06-06 15:08:15,995 INFO  L188       IsEmptyHeuristic]: Finished isEmptyHeuristic. Found accepting run of length 9
[2026-06-06 15:08:15,995 INFO  L163        IsEmptyParallel]: Finished isEmptyParallel. Found accepting run of length 9
[2026-06-06 15:08:15,995 WARN  L753                IsEmpty]: Correctness of emptinessCheck not tested.
[2026-06-06 15:08:15,995 INFO  L79                 Accepts]: Start accepts. Automaton has  has 6 states, 5 states have (on average 1.8) internal successors, (9), 5 states have internal predecessors, (9), 0 states have call successors, (0), 0 states have call predecessors, (0), 0 states have return successors, (0), 0 states have call predecessors, (0), 0 states have call successors, (0) Word has length 8
[2026-06-06 15:08:15,995 INFO  L85                 Accepts]: Finished accepts. word is accepted.
[2026-06-06 15:08:15,995 INFO  L757                IsEmpty]: Finished testing correctness of emptinessCheck
[2026-06-06 15:08:15,995 INFO  L290                IsEmpty]: Start isEmptyParallel. Operand  has 6 states, 5 states have (on average 1.8) internal successors, (9), 5 states have internal predecessors, (9), 0 states have call successors, (0), 0 states have call predecessors, (0), 0 states have return successors, (0), 0 states have call predecessors, (0), 0 states have call successors, (0)
[2026-06-06 15:08:15,995 INFO  L300                IsEmpty]: Finished isEmptyParallel. No accepting run.
[2026-06-06 15:08:15,995 INFO  L156        IsEmptyParallel]: Start isEmptyParallel. Operand  has 6 states, 5 states have (on average 1.8) internal successors, (9), 5 states have internal predecessors, (9), 0 states have call successors, (0), 0 states have call predecessors, (0), 0 states have return successors, (0), 0 states have call predecessors, (0), 0 states have call successors, (0)
[2026-06-06 15:08:15,995 INFO  L182       IsEmptyHeuristic]: Start isEmptyHeuristic. Operand  has 6 states, 5 states have (on average 1.8) internal successors, (9), 5 states have internal predecessors, (9), 0 states have call successors, (0), 0 states have call predecessors, (0), 0 states have return successors, (0), 0 states have call predecessors, (0), 0 states have call successors, (0)
[2026-06-06 15:08:15,995 INFO  L188       IsEmptyHeuristic]: Finished isEmptyHeuristic. Found accepting run of length 9
[2026-06-06 15:08:15,996 INFO  L163        IsEmptyParallel]: Finished isEmptyParallel. Found accepting run of length 9
[2026-06-06 15:08:15,996 WARN  L753                IsEmpty]: Correctness of emptinessCheck not tested.
[2026-06-06 15:08:15,996 INFO  L79                 Accepts]: Start accepts. Automaton has  has 6 states, 5 states have (on average 1.8) internal successors, (9), 5 states have internal predecessors, (9), 0 states have call successors, (0), 0 states have call predecessors, (0), 0 states have return successors, (0), 0 states have call predecessors, (0), 0 states have call successors, (0) Word has length 8
[2026-06-06 15:08:15,996 INFO  L85                 Accepts]: Finished accepts. word is accepted.
[2026-06-06 15:08:15,996 INFO  L757                IsEmpty]: Finished testing correctness of emptinessCheck
[2026-06-06 15:08:15,996 INFO  L290                IsEmpty]: Start isEmptyParallel. Operand  has 6 states, 5 states have (on average 1.8) internal successors, (9), 5 states have internal predecessors, (9), 0 states have call successors, (0), 0 states have call predecessors, (0), 0 states have return successors, (0), 0 states have call predecessors, (0), 0 states have call successors, (0)
[2026-06-06 15:08:15,996 INFO  L300                IsEmpty]: Finished isEmptyParallel. No accepting run.
[2026-06-06 15:08:15,996 INFO  L156        IsEmptyParallel]: Start isEmptyParallel. Operand  has 6 states, 5 states have (on average 1.8) internal successors, (9), 5 states have internal predecessors, (9), 0 states have call successors, (0), 0 states have call predecessors, (0), 0 states have return successors, (0), 0 states have call predecessors, (0), 0 states have call successors, (0)
[2026-06-06 15:08:15,996 INFO  L182       IsEmptyHeuristic]: Start isEmptyHeuristic. Operand  has 6 states, 5 states have (on average 1.8) internal successors, (9), 5 states have internal predecessors, (9), 0 states have call successors, (0), 0 states have call predecessors, (0), 0 states have return successors, (0), 0 states have call predecessors, (0), 0 states have call successors, (0)
[2026-06-06 15:08:15,996 INFO  L188       IsEmptyHeuristic]: Finished isEmptyHeuristic. Found accepting run of length 9
[2026-06-06 15:08:15,996 INFO  L163        IsEmptyParallel]: Finished isEmptyParallel. Found accepting run of length 9
[2026-06-06 15:08:15,996 WARN  L753                IsEmpty]: Correctness of emptinessCheck not tested.
[2026-06-06 15:08:15,996 INFO  L79                 Accepts]: Start accepts. Automaton has  has 6 states, 5 states have (on average 1.8) internal successors, (9), 5 states have internal predecessors, (9), 0 states have call successors, (0), 0 states have call predecessors, (0), 0 states have return successors, (0), 0 states have call predecessors, (0), 0 states have call successors, (0) Word has length 8
[2026-06-06 15:08:15,996 INFO  L85                 Accepts]: Finished accepts. word is accepted.
[2026-06-06 15:08:15,996 INFO  L757                IsEmpty]: Finished testing correctness of emptinessCheck
[2026-06-06 15:08:15,996 INFO  L290                IsEmpty]: Start isEmptyParallel. Operand  has 6 states, 5 states have (on average 1.8) internal successors, (9), 5 states have internal predecessors, (9), 0 states have call successors, (0), 0 states have call predecessors, (0), 0 states have return successors, (0), 0 states have call predecessors, (0), 0 states have call successors, (0)
[2026-06-06 15:08:15,996 INFO  L300                IsEmpty]: Finished isEmptyParallel. No accepting run.
[2026-06-06 15:08:15,996 INFO  L156        IsEmptyParallel]: Start isEmptyParallel. Operand  has 6 states, 5 states have (on average 1.8) internal successors, (9), 5 states have internal predecessors, (9), 0 states have call successors, (0), 0 states have call predecessors, (0), 0 states have return successors, (0), 0 states have call predecessors, (0), 0 states have call successors, (0)
[2026-06-06 15:08:15,996 INFO  L182       IsEmptyHeuristic]: Start isEmptyHeuristic. Operand  has 6 states, 5 states have (on average 1.8) internal successors, (9), 5 states have internal predecessors, (9), 0 states have call successors, (0), 0 states have call predecessors, (0), 0 states have return successors, (0), 0 states have call predecessors, (0), 0 states have call successors, (0)
[2026-06-06 15:08:15,996 INFO  L188       IsEmptyHeuristic]: Finished isEmptyHeuristic. Found accepting run of length 9
[2026-06-06 15:08:15,996 INFO  L163        IsEmptyParallel]: Finished isEmptyParallel. Found accepting run of length 9
[2026-06-06 15:08:15,996 WARN  L753                IsEmpty]: Correctness of emptinessCheck not tested.
[2026-06-06 15:08:15,996 INFO  L79                 Accepts]: Start accepts. Automaton has  has 6 states, 5 states have (on average 1.8) internal successors, (9), 5 states have internal predecessors, (9), 0 states have call successors, (0), 0 states have call predecessors, (0), 0 states have return successors, (0), 0 states have call predecessors, (0), 0 states have call successors, (0) Word has length 8
[2026-06-06 15:08:15,996 INFO  L85                 Accepts]: Finished accepts. word is accepted.
[2026-06-06 15:08:15,996 INFO  L757                IsEmpty]: Finished testing correctness of emptinessCheck
[2026-06-06 15:08:15,996 INFO  L290                IsEmpty]: Start isEmptyParallel. Operand  has 6 states, 5 states have (on average 1.8) internal successors, (9), 5 states have internal predecessors, (9), 0 states have call successors, (0), 0 states have call predecessors, (0), 0 states have return successors, (0), 0 states have call predecessors, (0), 0 states have call successors, (0)
[2026-06-06 15:08:15,996 INFO  L300                IsEmpty]: Finished isEmptyParallel. No accepting run.
[2026-06-06 15:08:15,997 INFO  L156        IsEmptyParallel]: Start isEmptyParallel. Operand  has 6 states, 5 states have (on average 1.8) internal successors, (9), 5 states have internal predecessors, (9), 0 states have call successors, (0), 0 states have call predecessors, (0), 0 states have return successors, (0), 0 states have call predecessors, (0), 0 states have call successors, (0)
[2026-06-06 15:08:15,997 INFO  L182       IsEmptyHeuristic]: Start isEmptyHeuristic. Operand  has 6 states, 5 states have (on average 1.8) internal successors, (9), 5 states have internal predecessors, (9), 0 states have call successors, (0), 0 states have call predecessors, (0), 0 states have return successors, (0), 0 states have call predecessors, (0), 0 states have call successors, (0)
[2026-06-06 15:08:15,997 INFO  L188       IsEmptyHeuristic]: Finished isEmptyHeuristic. Found accepting run of length 10
[2026-06-06 15:08:15,997 INFO  L163        IsEmptyParallel]: Finished isEmptyParallel. Found accepting run of length 10
[2026-06-06 15:08:15,997 WARN  L753                IsEmpty]: Correctness of emptinessCheck not tested.
[2026-06-06 15:08:15,997 INFO  L79                 Accepts]: Start accepts. Automaton has  has 6 states, 5 states have (on average 1.8) internal successors, (9), 5 states have internal predecessors, (9), 0 states have call successors, (0), 0 states have call predecessors, (0), 0 states have return successors, (0), 0 states have call predecessors, (0), 0 states have call successors, (0) Word has length 9
[2026-06-06 15:08:15,997 INFO  L85                 Accepts]: Finished accepts. word is accepted.
[2026-06-06 15:08:15,997 INFO  L757                IsEmpty]: Finished testing correctness of emptinessCheck
[2026-06-06 15:08:15,997 INFO  L290                IsEmpty]: Start isEmptyParallel. Operand  has 6 states, 5 states have (on average 1.8) internal successors, (9), 5 states have internal predecessors, (9), 0 states have call successors, (0), 0 states have call predecessors, (0), 0 states have return successors, (0), 0 states have call predecessors, (0), 0 states have call successors, (0)
[2026-06-06 15:08:15,997 INFO  L300                IsEmpty]: Finished isEmptyParallel. No accepting run.
[2026-06-06 15:08:15,997 INFO  L156        IsEmptyParallel]: Start isEmptyParallel. Operand  has 6 states, 5 states have (on average 1.8) internal successors, (9), 5 states have internal predecessors, (9), 0 states have call successors, (0), 0 states have call predecessors, (0), 0 states have return successors, (0), 0 states have call predecessors, (0), 0 states have call successors, (0)
[2026-06-06 15:08:15,997 INFO  L182       IsEmptyHeuristic]: Start isEmptyHeuristic. Operand  has 6 states, 5 states have (on average 1.8) internal successors, (9), 5 states have internal predecessors, (9), 0 states have call successors, (0), 0 states have call predecessors, (0), 0 states have return successors, (0), 0 states have call predecessors, (0), 0 states have call successors, (0)
[2026-06-06 15:08:15,997 INFO  L188       IsEmptyHeuristic]: Finished isEmptyHeuristic. No accepting run.
[2026-06-06 15:08:15,997 INFO  L182       IsEmptyHeuristic]: Start isEmptyHeuristic. Operand  has 6 states, 5 states have (on average 1.8) internal successors, (9), 5 states have internal predecessors, (9), 0 states have call successors, (0), 0 states have call predecessors, (0), 0 states have return successors, (0), 0 states have call predecessors, (0), 0 states have call successors, (0)
[2026-06-06 15:08:15,997 INFO  L188       IsEmptyHeuristic]: Finished isEmptyHeuristic. Found accepting run of length 11
[2026-06-06 15:08:15,997 INFO  L163        IsEmptyParallel]: Finished isEmptyParallel. Found accepting run of length 11
[2026-06-06 15:08:15,997 WARN  L753                IsEmpty]: Correctness of emptinessCheck not tested.
[2026-06-06 15:08:15,997 INFO  L79                 Accepts]: Start accepts. Automaton has  has 6 states, 5 states have (on average 1.8) internal successors, (9), 5 states have internal predecessors, (9), 0 states have call successors, (0), 0 states have call predecessors, (0), 0 states have return successors, (0), 0 states have call predecessors, (0), 0 states have call successors, (0) Word has length 10
[2026-06-06 15:08:15,997 INFO  L85                 Accepts]: Finished accepts. word is accepted.
[2026-06-06 15:08:15,997 INFO  L757                IsEmpty]: Finished testing correctness of emptinessCheck
[2026-06-06 15:08:15,997 INFO  L290                IsEmpty]: Start isEmptyParallel. Operand  has 6 states, 5 states have (on average 1.8) internal successors, (9), 5 states have internal predecessors, (9), 0 states have call successors, (0), 0 states have call predecessors, (0), 0 states have return successors, (0), 0 states have call predecessors, (0), 0 states have call successors, (0)
[2026-06-06 15:08:15,998 INFO  L300                IsEmpty]: Finished isEmptyParallel. No accepting run.
[2026-06-06 15:08:15,998 INFO  L156        IsEmptyParallel]: Start isEmptyParallel. Operand  has 6 states, 5 states have (on average 1.8) internal successors, (9), 5 states have internal predecessors, (9), 0 states have call successors, (0), 0 states have call predecessors, (0), 0 states have return successors, (0), 0 states have call predecessors, (0), 0 states have call successors, (0)
[2026-06-06 15:08:15,998 INFO  L182       IsEmptyHeuristic]: Start isEmptyHeuristic. Operand  has 6 states, 5 states have (on average 1.8) internal successors, (9), 5 states have internal predecessors, (9), 0 states have call successors, (0), 0 states have call predecessors, (0), 0 states have return successors, (0), 0 states have call predecessors, (0), 0 states have call successors, (0)
[2026-06-06 15:08:15,998 INFO  L188       IsEmptyHeuristic]: Finished isEmptyHeuristic. Found accepting run of length 10
[2026-06-06 15:08:15,998 INFO  L163        IsEmptyParallel]: Finished isEmptyParallel. Found accepting run of length 10
[2026-06-06 15:08:15,998 WARN  L753                IsEmpty]: Correctness of emptinessCheck not tested.
[2026-06-06 15:08:15,998 INFO  L79                 Accepts]: Start accepts. Automaton has  has 6 states, 5 states have (on average 1.8) internal successors, (9), 5 states have internal predecessors, (9), 0 states have call successors, (0), 0 states have call predecessors, (0), 0 states have return successors, (0), 0 states have call predecessors, (0), 0 states have call successors, (0) Word has length 9
[2026-06-06 15:08:15,998 INFO  L85                 Accepts]: Finished accepts. word is accepted.
[2026-06-06 15:08:15,998 INFO  L757                IsEmpty]: Finished testing correctness of emptinessCheck
[2026-06-06 15:08:15,998 INFO  L290                IsEmpty]: Start isEmptyParallel. Operand  has 6 states, 5 states have (on average 1.8) internal successors, (9), 5 states have internal predecessors, (9), 0 states have call successors, (0), 0 states have call predecessors, (0), 0 states have return successors, (0), 0 states have call predecessors, (0), 0 states have call successors, (0)
[2026-06-06 15:08:15,998 INFO  L300                IsEmpty]: Finished isEmptyParallel. No accepting run.
[2026-06-06 15:08:15,998 INFO  L156        IsEmptyParallel]: Start isEmptyParallel. Operand  has 6 states, 5 states have (on average 1.8) internal successors, (9), 5 states have internal predecessors, (9), 0 states have call successors, (0), 0 states have call predecessors, (0), 0 states have return successors, (0), 0 states have call predecessors, (0), 0 states have call successors, (0)
[2026-06-06 15:08:15,998 INFO  L182       IsEmptyHeuristic]: Start isEmptyHeuristic. Operand  has 6 states, 5 states have (on average 1.8) internal successors, (9), 5 states have internal predecessors, (9), 0 states have call successors, (0), 0 states have call predecessors, (0), 0 states have return successors, (0), 0 states have call predecessors, (0), 0 states have call successors, (0)
[2026-06-06 15:08:15,998 INFO  L188       IsEmptyHeuristic]: Finished isEmptyHeuristic. Found accepting run of length 10
[2026-06-06 15:08:15,998 INFO  L163        IsEmptyParallel]: Finished isEmptyParallel. Found accepting run of length 10
[2026-06-06 15:08:15,998 WARN  L753                IsEmpty]: Correctness of emptinessCheck not tested.
[2026-06-06 15:08:15,998 INFO  L79                 Accepts]: Start accepts. Automaton has  has 6 states, 5 states have (on average 1.8) internal successors, (9), 5 states have internal predecessors, (9), 0 states have call successors, (0), 0 states have call predecessors, (0), 0 states have return successors, (0), 0 states have call predecessors, (0), 0 states have call successors, (0) Word has length 9
[2026-06-06 15:08:15,998 INFO  L85                 Accepts]: Finished accepts. word is accepted.
[2026-06-06 15:08:15,998 INFO  L757                IsEmpty]: Finished testing correctness of emptinessCheck
[2026-06-06 15:08:15,999 INFO  L290                IsEmpty]: Start isEmptyParallel. Operand  has 6 states, 5 states have (on average 1.8) internal successors, (9), 5 states have internal predecessors, (9), 0 states have call successors, (0), 0 states have call predecessors, (0), 0 states have return successors, (0), 0 states have call predecessors, (0), 0 states have call successors, (0)
[2026-06-06 15:08:15,999 INFO  L300                IsEmpty]: Finished isEmptyParallel. No accepting run.
[2026-06-06 15:08:15,999 INFO  L156        IsEmptyParallel]: Start isEmptyParallel. Operand  has 6 states, 5 states have (on average 1.8) internal successors, (9), 5 states have internal predecessors, (9), 0 states have call successors, (0), 0 states have call predecessors, (0), 0 states have return successors, (0), 0 states have call predecessors, (0), 0 states have call successors, (0)
[2026-06-06 15:08:15,999 INFO  L182       IsEmptyHeuristic]: Start isEmptyHeuristic. Operand  has 6 states, 5 states have (on average 1.8) internal successors, (9), 5 states have internal predecessors, (9), 0 states have call successors, (0), 0 states have call predecessors, (0), 0 states have return successors, (0), 0 states have call predecessors, (0), 0 states have call successors, (0)
[2026-06-06 15:08:15,999 INFO  L188       IsEmptyHeuristic]: Finished isEmptyHeuristic. Found accepting run of length 11
[2026-06-06 15:08:15,999 INFO  L163        IsEmptyParallel]: Finished isEmptyParallel. Found accepting run of length 11
[2026-06-06 15:08:15,999 WARN  L753                IsEmpty]: Correctness of emptinessCheck not tested.
[2026-06-06 15:08:15,999 INFO  L79                 Accepts]: Start accepts. Automaton has  has 6 states, 5 states have (on average 1.8) internal successors, (9), 5 states have internal predecessors, (9), 0 states have call successors, (0), 0 states have call predecessors, (0), 0 states have return successors, (0), 0 states have call predecessors, (0), 0 states have call successors, (0) Word has length 10
[2026-06-06 15:08:15,999 INFO  L85                 Accepts]: Finished accepts. word is accepted.
[2026-06-06 15:08:15,999 INFO  L757                IsEmpty]: Finished testing correctness of emptinessCheck
[2026-06-06 15:08:15,999 INFO  L290                IsEmpty]: Start isEmptyParallel. Operand  has 6 states, 5 states have (on average 1.8) internal successors, (9), 5 states have internal predecessors, (9), 0 states have call successors, (0), 0 states have call predecessors, (0), 0 states have return successors, (0), 0 states have call predecessors, (0), 0 states have call successors, (0)
[2026-06-06 15:08:15,999 INFO  L300                IsEmpty]: Finished isEmptyParallel. No accepting run.
[2026-06-06 15:08:15,999 INFO  L156        IsEmptyParallel]: Start isEmptyParallel. Operand  has 6 states, 5 states have (on average 1.8) internal successors, (9), 5 states have internal predecessors, (9), 0 states have call successors, (0), 0 states have call predecessors, (0), 0 states have return successors, (0), 0 states have call predecessors, (0), 0 states have call successors, (0)
[2026-06-06 15:08:15,999 INFO  L182       IsEmptyHeuristic]: Start isEmptyHeuristic. Operand  has 6 states, 5 states have (on average 1.8) internal successors, (9), 5 states have internal predecessors, (9), 0 states have call successors, (0), 0 states have call predecessors, (0), 0 states have return successors, (0), 0 states have call predecessors, (0), 0 states have call successors, (0)
[2026-06-06 15:08:15,999 INFO  L188       IsEmptyHeuristic]: Finished isEmptyHeuristic. Found accepting run of length 10
[2026-06-06 15:08:15,999 INFO  L163        IsEmptyParallel]: Finished isEmptyParallel. Found accepting run of length 10
[2026-06-06 15:08:15,999 WARN  L753                IsEmpty]: Correctness of emptinessCheck not tested.
[2026-06-06 15:08:15,999 INFO  L79                 Accepts]: Start accepts. Automaton has  has 6 states, 5 states have (on average 1.8) internal successors, (9), 5 states have internal predecessors, (9), 0 states have call successors, (0), 0 states have call predecessors, (0), 0 states have return successors, (0), 0 states have call predecessors, (0), 0 states have call successors, (0) Word has length 9
[2026-06-06 15:08:16,000 INFO  L85                 Accepts]: Finished accepts. word is accepted.
[2026-06-06 15:08:16,000 INFO  L757                IsEmpty]: Finished testing correctness of emptinessCheck
[2026-06-06 15:08:16,000 INFO  L290                IsEmpty]: Start isEmptyParallel. Operand  has 6 states, 5 states have (on average 1.8) internal successors, (9), 5 states have internal predecessors, (9), 0 states have call successors, (0), 0 states have call predecessors, (0), 0 states have return successors, (0), 0 states have call predecessors, (0), 0 states have call successors, (0)
[2026-06-06 15:08:16,000 INFO  L300                IsEmpty]: Finished isEmptyParallel. No accepting run.
[2026-06-06 15:08:16,000 INFO  L156        IsEmptyParallel]: Start isEmptyParallel. Operand  has 6 states, 5 states have (on average 1.8) internal successors, (9), 5 states have internal predecessors, (9), 0 states have call successors, (0), 0 states have call predecessors, (0), 0 states have return successors, (0), 0 states have call predecessors, (0), 0 states have call successors, (0)
[2026-06-06 15:08:16,000 INFO  L182       IsEmptyHeuristic]: Start isEmptyHeuristic. Operand  has 6 states, 5 states have (on average 1.8) internal successors, (9), 5 states have internal predecessors, (9), 0 states have call successors, (0), 0 states have call predecessors, (0), 0 states have return successors, (0), 0 states have call predecessors, (0), 0 states have call successors, (0)
[2026-06-06 15:08:16,000 INFO  L188       IsEmptyHeuristic]: Finished isEmptyHeuristic. Found accepting run of length 10
[2026-06-06 15:08:16,000 INFO  L163        IsEmptyParallel]: Finished isEmptyParallel. Found accepting run of length 10
[2026-06-06 15:08:16,000 WARN  L753                IsEmpty]: Correctness of emptinessCheck not tested.
[2026-06-06 15:08:16,000 INFO  L79                 Accepts]: Start accepts. Automaton has  has 6 states, 5 states have (on average 1.8) internal successors, (9), 5 states have internal predecessors, (9), 0 states have call successors, (0), 0 states have call predecessors, (0), 0 states have return successors, (0), 0 states have call predecessors, (0), 0 states have call successors, (0) Word has length 9
[2026-06-06 15:08:16,000 INFO  L85                 Accepts]: Finished accepts. word is accepted.
[2026-06-06 15:08:16,000 INFO  L757                IsEmpty]: Finished testing correctness of emptinessCheck
[2026-06-06 15:08:16,000 INFO  L290                IsEmpty]: Start isEmptyParallel. Operand  has 6 states, 5 states have (on average 1.8) internal successors, (9), 5 states have internal predecessors, (9), 0 states have call successors, (0), 0 states have call predecessors, (0), 0 states have return successors, (0), 0 states have call predecessors, (0), 0 states have call successors, (0)
[2026-06-06 15:08:16,000 INFO  L300                IsEmpty]: Finished isEmptyParallel. No accepting run.
[2026-06-06 15:08:16,000 INFO  L156        IsEmptyParallel]: Start isEmptyParallel. Operand  has 6 states, 5 states have (on average 1.8) internal successors, (9), 5 states have internal predecessors, (9), 0 states have call successors, (0), 0 states have call predecessors, (0), 0 states have return successors, (0), 0 states have call predecessors, (0), 0 states have call successors, (0)
[2026-06-06 15:08:16,000 INFO  L182       IsEmptyHeuristic]: Start isEmptyHeuristic. Operand  has 6 states, 5 states have (on average 1.8) internal successors, (9), 5 states have internal predecessors, (9), 0 states have call successors, (0), 0 states have call predecessors, (0), 0 states have return successors, (0), 0 states have call predecessors, (0), 0 states have call successors, (0)
[2026-06-06 15:08:16,000 INFO  L188       IsEmptyHeuristic]: Finished isEmptyHeuristic. Found accepting run of length 10
[2026-06-06 15:08:16,000 INFO  L163        IsEmptyParallel]: Finished isEmptyParallel. Found accepting run of length 10
[2026-06-06 15:08:16,000 WARN  L753                IsEmpty]: Correctness of emptinessCheck not tested.
[2026-06-06 15:08:16,000 INFO  L79                 Accepts]: Start accepts. Automaton has  has 6 states, 5 states have (on average 1.8) internal successors, (9), 5 states have internal predecessors, (9), 0 states have call successors, (0), 0 states have call predecessors, (0), 0 states have return successors, (0), 0 states have call predecessors, (0), 0 states have call successors, (0) Word has length 9
[2026-06-06 15:08:16,000 INFO  L85                 Accepts]: Finished accepts. word is accepted.
[2026-06-06 15:08:16,000 INFO  L757                IsEmpty]: Finished testing correctness of emptinessCheck
[2026-06-06 15:08:16,000 INFO  L290                IsEmpty]: Start isEmptyParallel. Operand  has 6 states, 5 states have (on average 1.8) internal successors, (9), 5 states have internal predecessors, (9), 0 states have call successors, (0), 0 states have call predecessors, (0), 0 states have return successors, (0), 0 states have call predecessors, (0), 0 states have call successors, (0)
[2026-06-06 15:08:16,000 INFO  L300                IsEmpty]: Finished isEmptyParallel. No accepting run.
[2026-06-06 15:08:16,000 INFO  L156        IsEmptyParallel]: Start isEmptyParallel. Operand  has 6 states, 5 states have (on average 1.8) internal successors, (9), 5 states have internal predecessors, (9), 0 states have call successors, (0), 0 states have call predecessors, (0), 0 states have return successors, (0), 0 states have call predecessors, (0), 0 states have call successors, (0)
[2026-06-06 15:08:16,001 INFO  L182       IsEmptyHeuristic]: Start isEmptyHeuristic. Operand  has 6 states, 5 states have (on average 1.8) internal successors, (9), 5 states have internal predecessors, (9), 0 states have call successors, (0), 0 states have call predecessors, (0), 0 states have return successors, (0), 0 states have call predecessors, (0), 0 states have call successors, (0)
[2026-06-06 15:08:16,001 INFO  L188       IsEmptyHeuristic]: Finished isEmptyHeuristic. Found accepting run of length 11
[2026-06-06 15:08:16,001 INFO  L163        IsEmptyParallel]: Finished isEmptyParallel. Found accepting run of length 11
[2026-06-06 15:08:16,001 WARN  L753                IsEmpty]: Correctness of emptinessCheck not tested.
[2026-06-06 15:08:16,001 INFO  L79                 Accepts]: Start accepts. Automaton has  has 6 states, 5 states have (on average 1.8) internal successors, (9), 5 states have internal predecessors, (9), 0 states have call successors, (0), 0 states have call predecessors, (0), 0 states have return successors, (0), 0 states have call predecessors, (0), 0 states have call successors, (0) Word has length 10
[2026-06-06 15:08:16,001 INFO  L85                 Accepts]: Finished accepts. word is accepted.
[2026-06-06 15:08:16,001 INFO  L757                IsEmpty]: Finished testing correctness of emptinessCheck
[2026-06-06 15:08:16,001 INFO  L290                IsEmpty]: Start isEmptyParallel. Operand  has 6 states, 5 states have (on average 1.8) internal successors, (9), 5 states have internal predecessors, (9), 0 states have call successors, (0), 0 states have call predecessors, (0), 0 states have return successors, (0), 0 states have call predecessors, (0), 0 states have call successors, (0)
[2026-06-06 15:08:16,001 INFO  L300                IsEmpty]: Finished isEmptyParallel. No accepting run.
[2026-06-06 15:08:16,001 INFO  L156        IsEmptyParallel]: Start isEmptyParallel. Operand  has 6 states, 5 states have (on average 1.8) internal successors, (9), 5 states have internal predecessors, (9), 0 states have call successors, (0), 0 states have call predecessors, (0), 0 states have return successors, (0), 0 states have call predecessors, (0), 0 states have call successors, (0)
[2026-06-06 15:08:16,001 INFO  L182       IsEmptyHeuristic]: Start isEmptyHeuristic. Operand  has 6 states, 5 states have (on average 1.8) internal successors, (9), 5 states have internal predecessors, (9), 0 states have call successors, (0), 0 states have call predecessors, (0), 0 states have return successors, (0), 0 states have call predecessors, (0), 0 states have call successors, (0)
[2026-06-06 15:08:16,001 INFO  L188       IsEmptyHeuristic]: Finished isEmptyHeuristic. No accepting run.
[2026-06-06 15:08:16,001 INFO  L182       IsEmptyHeuristic]: Start isEmptyHeuristic. Operand  has 6 states, 5 states have (on average 1.8) internal successors, (9), 5 states have internal predecessors, (9), 0 states have call successors, (0), 0 states have call predecessors, (0), 0 states have return successors, (0), 0 states have call predecessors, (0), 0 states have call successors, (0)
[2026-06-06 15:08:16,001 INFO  L188       IsEmptyHeuristic]: Finished isEmptyHeuristic. Found accepting run of length 12
[2026-06-06 15:08:16,001 INFO  L163        IsEmptyParallel]: Finished isEmptyParallel. Found accepting run of length 12
[2026-06-06 15:08:16,001 WARN  L753                IsEmpty]: Correctness of emptinessCheck not tested.
[2026-06-06 15:08:16,001 INFO  L79                 Accepts]: Start accepts. Automaton has  has 6 states, 5 states have (on average 1.8) internal successors, (9), 5 states have internal predecessors, (9), 0 states have call successors, (0), 0 states have call predecessors, (0), 0 states have return successors, (0), 0 states have call predecessors, (0), 0 states have call successors, (0) Word has length 11
[2026-06-06 15:08:16,001 INFO  L85                 Accepts]: Finished accepts. word is accepted.
[2026-06-06 15:08:16,001 INFO  L757                IsEmpty]: Finished testing correctness of emptinessCheck
[2026-06-06 15:08:16,001 INFO  L290                IsEmpty]: Start isEmptyParallel. Operand  has 6 states, 5 states have (on average 1.8) internal successors, (9), 5 states have internal predecessors, (9), 0 states have call successors, (0), 0 states have call predecessors, (0), 0 states have return successors, (0), 0 states have call predecessors, (0), 0 states have call successors, (0)
[2026-06-06 15:08:16,001 INFO  L300                IsEmpty]: Finished isEmptyParallel. No accepting run.
[2026-06-06 15:08:16,001 INFO  L156        IsEmptyParallel]: Start isEmptyParallel. Operand  has 6 states, 5 states have (on average 1.8) internal successors, (9), 5 states have internal predecessors, (9), 0 states have call successors, (0), 0 states have call predecessors, (0), 0 states have return successors, (0), 0 states have call predecessors, (0), 0 states have call successors, (0)
[2026-06-06 15:08:16,001 INFO  L182       IsEmptyHeuristic]: Start isEmptyHeuristic. Operand  has 6 states, 5 states have (on average 1.8) internal successors, (9), 5 states have internal predecessors, (9), 0 states have call successors, (0), 0 states have call predecessors, (0), 0 states have return successors, (0), 0 states have call predecessors, (0), 0 states have call successors, (0)
[2026-06-06 15:08:16,001 INFO  L188       IsEmptyHeuristic]: Finished isEmptyHeuristic. No accepting run.
[2026-06-06 15:08:16,001 INFO  L182       IsEmptyHeuristic]: Start isEmptyHeuristic. Operand  has 6 states, 5 states have (on average 1.8) internal successors, (9), 5 states have internal predecessors, (9), 0 states have call successors, (0), 0 states have call predecessors, (0), 0 states have return successors, (0), 0 states have call predecessors, (0), 0 states have call successors, (0)
[2026-06-06 15:08:16,002 INFO  L188       IsEmptyHeuristic]: Finished isEmptyHeuristic. Found accepting run of length 12
[2026-06-06 15:08:16,002 INFO  L163        IsEmptyParallel]: Finished isEmptyParallel. Found accepting run of length 12
[2026-06-06 15:08:16,002 WARN  L753                IsEmpty]: Correctness of emptinessCheck not tested.
[2026-06-06 15:08:16,002 INFO  L79                 Accepts]: Start accepts. Automaton has  has 6 states, 5 states have (on average 1.8) internal successors, (9), 5 states have internal predecessors, (9), 0 states have call successors, (0), 0 states have call predecessors, (0), 0 states have return successors, (0), 0 states have call predecessors, (0), 0 states have call successors, (0) Word has length 11
[2026-06-06 15:08:16,002 INFO  L85                 Accepts]: Finished accepts. word is accepted.
[2026-06-06 15:08:16,002 INFO  L757                IsEmpty]: Finished testing correctness of emptinessCheck
[2026-06-06 15:08:16,002 INFO  L290                IsEmpty]: Start isEmptyParallel. Operand  has 6 states, 5 states have (on average 1.8) internal successors, (9), 5 states have internal predecessors, (9), 0 states have call successors, (0), 0 states have call predecessors, (0), 0 states have return successors, (0), 0 states have call predecessors, (0), 0 states have call successors, (0)
[2026-06-06 15:08:16,002 INFO  L300                IsEmpty]: Finished isEmptyParallel. No accepting run.
[2026-06-06 15:08:16,002 INFO  L156        IsEmptyParallel]: Start isEmptyParallel. Operand  has 6 states, 5 states have (on average 1.8) internal successors, (9), 5 states have internal predecessors, (9), 0 states have call successors, (0), 0 states have call predecessors, (0), 0 states have return successors, (0), 0 states have call predecessors, (0), 0 states have call successors, (0)
[2026-06-06 15:08:16,002 INFO  L182       IsEmptyHeuristic]: Start isEmptyHeuristic. Operand  has 6 states, 5 states have (on average 1.8) internal successors, (9), 5 states have internal predecessors, (9), 0 states have call successors, (0), 0 states have call predecessors, (0), 0 states have return successors, (0), 0 states have call predecessors, (0), 0 states have call successors, (0)
[2026-06-06 15:08:16,002 INFO  L188       IsEmptyHeuristic]: Finished isEmptyHeuristic. Found accepting run of length 11
[2026-06-06 15:08:16,002 INFO  L163        IsEmptyParallel]: Finished isEmptyParallel. Found accepting run of length 11
[2026-06-06 15:08:16,002 WARN  L753                IsEmpty]: Correctness of emptinessCheck not tested.
[2026-06-06 15:08:16,002 INFO  L79                 Accepts]: Start accepts. Automaton has  has 6 states, 5 states have (on average 1.8) internal successors, (9), 5 states have internal predecessors, (9), 0 states have call successors, (0), 0 states have call predecessors, (0), 0 states have return successors, (0), 0 states have call predecessors, (0), 0 states have call successors, (0) Word has length 10
[2026-06-06 15:08:16,002 INFO  L85                 Accepts]: Finished accepts. word is accepted.
[2026-06-06 15:08:16,002 INFO  L757                IsEmpty]: Finished testing correctness of emptinessCheck
[2026-06-06 15:08:16,002 INFO  L290                IsEmpty]: Start isEmptyParallel. Operand  has 6 states, 5 states have (on average 1.8) internal successors, (9), 5 states have internal predecessors, (9), 0 states have call successors, (0), 0 states have call predecessors, (0), 0 states have return successors, (0), 0 states have call predecessors, (0), 0 states have call successors, (0)
[2026-06-06 15:08:16,002 INFO  L300                IsEmpty]: Finished isEmptyParallel. No accepting run.
[2026-06-06 15:08:16,002 INFO  L156        IsEmptyParallel]: Start isEmptyParallel. Operand  has 6 states, 5 states have (on average 1.8) internal successors, (9), 5 states have internal predecessors, (9), 0 states have call successors, (0), 0 states have call predecessors, (0), 0 states have return successors, (0), 0 states have call predecessors, (0), 0 states have call successors, (0)
[2026-06-06 15:08:16,002 INFO  L182       IsEmptyHeuristic]: Start isEmptyHeuristic. Operand  has 6 states, 5 states have (on average 1.8) internal successors, (9), 5 states have internal predecessors, (9), 0 states have call successors, (0), 0 states have call predecessors, (0), 0 states have return successors, (0), 0 states have call predecessors, (0), 0 states have call successors, (0)
[2026-06-06 15:08:16,002 INFO  L188       IsEmptyHeuristic]: Finished isEmptyHeuristic. No accepting run.
[2026-06-06 15:08:16,002 INFO  L182       IsEmptyHeuristic]: Start isEmptyHeuristic. Operand  has 6 states, 5 states have (on average 1.8) internal successors, (9), 5 states have internal predecessors, (9), 0 states have call successors, (0), 0 states have call predecessors, (0), 0 states have return successors, (0), 0 states have call predecessors, (0), 0 states have call successors, (0)
[2026-06-06 15:08:16,002 INFO  L188       IsEmptyHeuristic]: Finished isEmptyHeuristic. Found accepting run of length 13
[2026-06-06 15:08:16,003 INFO  L163        IsEmptyParallel]: Finished isEmptyParallel. Found accepting run of length 13
[2026-06-06 15:08:16,003 WARN  L753                IsEmpty]: Correctness of emptinessCheck not tested.
[2026-06-06 15:08:16,003 INFO  L79                 Accepts]: Start accepts. Automaton has  has 6 states, 5 states have (on average 1.8) internal successors, (9), 5 states have internal predecessors, (9), 0 states have call successors, (0), 0 states have call predecessors, (0), 0 states have return successors, (0), 0 states have call predecessors, (0), 0 states have call successors, (0) Word has length 12
[2026-06-06 15:08:16,003 INFO  L85                 Accepts]: Finished accepts. word is accepted.
[2026-06-06 15:08:16,003 INFO  L757                IsEmpty]: Finished testing correctness of emptinessCheck
[2026-06-06 15:08:16,003 INFO  L290                IsEmpty]: Start isEmptyParallel. Operand  has 6 states, 5 states have (on average 1.8) internal successors, (9), 5 states have internal predecessors, (9), 0 states have call successors, (0), 0 states have call predecessors, (0), 0 states have return successors, (0), 0 states have call predecessors, (0), 0 states have call successors, (0)
[2026-06-06 15:08:16,003 INFO  L300                IsEmpty]: Finished isEmptyParallel. No accepting run.
[2026-06-06 15:08:16,003 INFO  L156        IsEmptyParallel]: Start isEmptyParallel. Operand  has 6 states, 5 states have (on average 1.8) internal successors, (9), 5 states have internal predecessors, (9), 0 states have call successors, (0), 0 states have call predecessors, (0), 0 states have return successors, (0), 0 states have call predecessors, (0), 0 states have call successors, (0)
[2026-06-06 15:08:16,003 INFO  L182       IsEmptyHeuristic]: Start isEmptyHeuristic. Operand  has 6 states, 5 states have (on average 1.8) internal successors, (9), 5 states have internal predecessors, (9), 0 states have call successors, (0), 0 states have call predecessors, (0), 0 states have return successors, (0), 0 states have call predecessors, (0), 0 states have call successors, (0)
[2026-06-06 15:08:16,003 INFO  L188       IsEmptyHeuristic]: Finished isEmptyHeuristic. Found accepting run of length 11
[2026-06-06 15:08:16,003 INFO  L163        IsEmptyParallel]: Finished isEmptyParallel. Found accepting run of length 11
[2026-06-06 15:08:16,003 WARN  L753                IsEmpty]: Correctness of emptinessCheck not tested.
[2026-06-06 15:08:16,003 INFO  L79                 Accepts]: Start accepts. Automaton has  has 6 states, 5 states have (on average 1.8) internal successors, (9), 5 states have internal predecessors, (9), 0 states have call successors, (0), 0 states have call predecessors, (0), 0 states have return successors, (0), 0 states have call predecessors, (0), 0 states have call successors, (0) Word has length 10
[2026-06-06 15:08:16,003 INFO  L85                 Accepts]: Finished accepts. word is accepted.
[2026-06-06 15:08:16,003 INFO  L757                IsEmpty]: Finished testing correctness of emptinessCheck
[2026-06-06 15:08:16,003 INFO  L290                IsEmpty]: Start isEmptyParallel. Operand  has 6 states, 5 states have (on average 1.8) internal successors, (9), 5 states have internal predecessors, (9), 0 states have call successors, (0), 0 states have call predecessors, (0), 0 states have return successors, (0), 0 states have call predecessors, (0), 0 states have call successors, (0)
[2026-06-06 15:08:16,003 INFO  L300                IsEmpty]: Finished isEmptyParallel. No accepting run.
[2026-06-06 15:08:16,003 INFO  L156        IsEmptyParallel]: Start isEmptyParallel. Operand  has 6 states, 5 states have (on average 1.8) internal successors, (9), 5 states have internal predecessors, (9), 0 states have call successors, (0), 0 states have call predecessors, (0), 0 states have return successors, (0), 0 states have call predecessors, (0), 0 states have call successors, (0)
[2026-06-06 15:08:16,003 INFO  L182       IsEmptyHeuristic]: Start isEmptyHeuristic. Operand  has 6 states, 5 states have (on average 1.8) internal successors, (9), 5 states have internal predecessors, (9), 0 states have call successors, (0), 0 states have call predecessors, (0), 0 states have return successors, (0), 0 states have call predecessors, (0), 0 states have call successors, (0)
[2026-06-06 15:08:16,003 INFO  L188       IsEmptyHeuristic]: Finished isEmptyHeuristic. Found accepting run of length 11
[2026-06-06 15:08:16,003 INFO  L163        IsEmptyParallel]: Finished isEmptyParallel. Found accepting run of length 11
[2026-06-06 15:08:16,003 WARN  L753                IsEmpty]: Correctness of emptinessCheck not tested.
[2026-06-06 15:08:16,003 INFO  L79                 Accepts]: Start accepts. Automaton has  has 6 states, 5 states have (on average 1.8) internal successors, (9), 5 states have internal predecessors, (9), 0 states have call successors, (0), 0 states have call predecessors, (0), 0 states have return successors, (0), 0 states have call predecessors, (0), 0 states have call successors, (0) Word has length 10
[2026-06-06 15:08:16,003 INFO  L85                 Accepts]: Finished accepts. word is accepted.
[2026-06-06 15:08:16,003 INFO  L757                IsEmpty]: Finished testing correctness of emptinessCheck
[2026-06-06 15:08:16,003 INFO  L290                IsEmpty]: Start isEmptyParallel. Operand  has 6 states, 5 states have (on average 1.8) internal successors, (9), 5 states have internal predecessors, (9), 0 states have call successors, (0), 0 states have call predecessors, (0), 0 states have return successors, (0), 0 states have call predecessors, (0), 0 states have call successors, (0)
[2026-06-06 15:08:16,003 INFO  L300                IsEmpty]: Finished isEmptyParallel. No accepting run.
[2026-06-06 15:08:16,003 INFO  L156        IsEmptyParallel]: Start isEmptyParallel. Operand  has 6 states, 5 states have (on average 1.8) internal successors, (9), 5 states have internal predecessors, (9), 0 states have call successors, (0), 0 states have call predecessors, (0), 0 states have return successors, (0), 0 states have call predecessors, (0), 0 states have call successors, (0)
[2026-06-06 15:08:16,003 INFO  L182       IsEmptyHeuristic]: Start isEmptyHeuristic. Operand  has 6 states, 5 states have (on average 1.8) internal successors, (9), 5 states have internal predecessors, (9), 0 states have call successors, (0), 0 states have call predecessors, (0), 0 states have return successors, (0), 0 states have call predecessors, (0), 0 states have call successors, (0)
[2026-06-06 15:08:16,003 INFO  L188       IsEmptyHeuristic]: Finished isEmptyHeuristic. Found accepting run of length 11
[2026-06-06 15:08:16,003 INFO  L163        IsEmptyParallel]: Finished isEmptyParallel. Found accepting run of length 11
[2026-06-06 15:08:16,003 WARN  L753                IsEmpty]: Correctness of emptinessCheck not tested.
[2026-06-06 15:08:16,004 INFO  L79                 Accepts]: Start accepts. Automaton has  has 6 states, 5 states have (on average 1.8) internal successors, (9), 5 states have internal predecessors, (9), 0 states have call successors, (0), 0 states have call predecessors, (0), 0 states have return successors, (0), 0 states have call predecessors, (0), 0 states have call successors, (0) Word has length 10
[2026-06-06 15:08:16,004 INFO  L85                 Accepts]: Finished accepts. word is accepted.
[2026-06-06 15:08:16,004 INFO  L757                IsEmpty]: Finished testing correctness of emptinessCheck
[2026-06-06 15:08:16,004 INFO  L290                IsEmpty]: Start isEmptyParallel. Operand  has 6 states, 5 states have (on average 1.8) internal successors, (9), 5 states have internal predecessors, (9), 0 states have call successors, (0), 0 states have call predecessors, (0), 0 states have return successors, (0), 0 states have call predecessors, (0), 0 states have call successors, (0)
[2026-06-06 15:08:16,004 INFO  L300                IsEmpty]: Finished isEmptyParallel. No accepting run.
[2026-06-06 15:08:16,004 INFO  L156        IsEmptyParallel]: Start isEmptyParallel. Operand  has 6 states, 5 states have (on average 1.8) internal successors, (9), 5 states have internal predecessors, (9), 0 states have call successors, (0), 0 states have call predecessors, (0), 0 states have return successors, (0), 0 states have call predecessors, (0), 0 states have call successors, (0)
[2026-06-06 15:08:16,004 INFO  L182       IsEmptyHeuristic]: Start isEmptyHeuristic. Operand  has 6 states, 5 states have (on average 1.8) internal successors, (9), 5 states have internal predecessors, (9), 0 states have call successors, (0), 0 states have call predecessors, (0), 0 states have return successors, (0), 0 states have call predecessors, (0), 0 states have call successors, (0)
[2026-06-06 15:08:16,004 INFO  L188       IsEmptyHeuristic]: Finished isEmptyHeuristic. Found accepting run of length 12
[2026-06-06 15:08:16,004 INFO  L163        IsEmptyParallel]: Finished isEmptyParallel. Found accepting run of length 12
[2026-06-06 15:08:16,004 WARN  L753                IsEmpty]: Correctness of emptinessCheck not tested.
[2026-06-06 15:08:16,004 INFO  L79                 Accepts]: Start accepts. Automaton has  has 6 states, 5 states have (on average 1.8) internal successors, (9), 5 states have internal predecessors, (9), 0 states have call successors, (0), 0 states have call predecessors, (0), 0 states have return successors, (0), 0 states have call predecessors, (0), 0 states have call successors, (0) Word has length 11
[2026-06-06 15:08:16,004 INFO  L85                 Accepts]: Finished accepts. word is accepted.
[2026-06-06 15:08:16,004 INFO  L757                IsEmpty]: Finished testing correctness of emptinessCheck
[2026-06-06 15:08:16,004 INFO  L290                IsEmpty]: Start isEmptyParallel. Operand  has 6 states, 5 states have (on average 1.8) internal successors, (9), 5 states have internal predecessors, (9), 0 states have call successors, (0), 0 states have call predecessors, (0), 0 states have return successors, (0), 0 states have call predecessors, (0), 0 states have call successors, (0)
[2026-06-06 15:08:16,004 INFO  L300                IsEmpty]: Finished isEmptyParallel. No accepting run.
[2026-06-06 15:08:16,004 INFO  L156        IsEmptyParallel]: Start isEmptyParallel. Operand  has 6 states, 5 states have (on average 1.8) internal successors, (9), 5 states have internal predecessors, (9), 0 states have call successors, (0), 0 states have call predecessors, (0), 0 states have return successors, (0), 0 states have call predecessors, (0), 0 states have call successors, (0)
[2026-06-06 15:08:16,004 INFO  L182       IsEmptyHeuristic]: Start isEmptyHeuristic. Operand  has 6 states, 5 states have (on average 1.8) internal successors, (9), 5 states have internal predecessors, (9), 0 states have call successors, (0), 0 states have call predecessors, (0), 0 states have return successors, (0), 0 states have call predecessors, (0), 0 states have call successors, (0)
[2026-06-06 15:08:16,004 INFO  L188       IsEmptyHeuristic]: Finished isEmptyHeuristic. No accepting run.
[2026-06-06 15:08:16,004 INFO  L182       IsEmptyHeuristic]: Start isEmptyHeuristic. Operand  has 6 states, 5 states have (on average 1.8) internal successors, (9), 5 states have internal predecessors, (9), 0 states have call successors, (0), 0 states have call predecessors, (0), 0 states have return successors, (0), 0 states have call predecessors, (0), 0 states have call successors, (0)
[2026-06-06 15:08:16,004 INFO  L188       IsEmptyHeuristic]: Finished isEmptyHeuristic. Found accepting run of length 12
[2026-06-06 15:08:16,004 INFO  L163        IsEmptyParallel]: Finished isEmptyParallel. Found accepting run of length 12
[2026-06-06 15:08:16,004 WARN  L753                IsEmpty]: Correctness of emptinessCheck not tested.
[2026-06-06 15:08:16,004 INFO  L79                 Accepts]: Start accepts. Automaton has  has 6 states, 5 states have (on average 1.8) internal successors, (9), 5 states have internal predecessors, (9), 0 states have call successors, (0), 0 states have call predecessors, (0), 0 states have return successors, (0), 0 states have call predecessors, (0), 0 states have call successors, (0) Word has length 11
[2026-06-06 15:08:16,004 INFO  L85                 Accepts]: Finished accepts. word is accepted.
[2026-06-06 15:08:16,004 INFO  L757                IsEmpty]: Finished testing correctness of emptinessCheck
[2026-06-06 15:08:16,005 INFO  L290                IsEmpty]: Start isEmptyParallel. Operand  has 6 states, 5 states have (on average 1.8) internal successors, (9), 5 states have internal predecessors, (9), 0 states have call successors, (0), 0 states have call predecessors, (0), 0 states have return successors, (0), 0 states have call predecessors, (0), 0 states have call successors, (0)
[2026-06-06 15:08:16,005 INFO  L300                IsEmpty]: Finished isEmptyParallel. No accepting run.
[2026-06-06 15:08:16,005 INFO  L156        IsEmptyParallel]: Start isEmptyParallel. Operand  has 6 states, 5 states have (on average 1.8) internal successors, (9), 5 states have internal predecessors, (9), 0 states have call successors, (0), 0 states have call predecessors, (0), 0 states have return successors, (0), 0 states have call predecessors, (0), 0 states have call successors, (0)
[2026-06-06 15:08:16,005 INFO  L182       IsEmptyHeuristic]: Start isEmptyHeuristic. Operand  has 6 states, 5 states have (on average 1.8) internal successors, (9), 5 states have internal predecessors, (9), 0 states have call successors, (0), 0 states have call predecessors, (0), 0 states have return successors, (0), 0 states have call predecessors, (0), 0 states have call successors, (0)
[2026-06-06 15:08:16,005 INFO  L188       IsEmptyHeuristic]: Finished isEmptyHeuristic. Found accepting run of length 11
[2026-06-06 15:08:16,005 INFO  L163        IsEmptyParallel]: Finished isEmptyParallel. Found accepting run of length 11
[2026-06-06 15:08:16,005 WARN  L753                IsEmpty]: Correctness of emptinessCheck not tested.
[2026-06-06 15:08:16,005 INFO  L79                 Accepts]: Start accepts. Automaton has  has 6 states, 5 states have (on average 1.8) internal successors, (9), 5 states have internal predecessors, (9), 0 states have call successors, (0), 0 states have call predecessors, (0), 0 states have return successors, (0), 0 states have call predecessors, (0), 0 states have call successors, (0) Word has length 10
[2026-06-06 15:08:16,005 INFO  L85                 Accepts]: Finished accepts. word is accepted.
[2026-06-06 15:08:16,005 INFO  L757                IsEmpty]: Finished testing correctness of emptinessCheck
[2026-06-06 15:08:16,005 INFO  L290                IsEmpty]: Start isEmptyParallel. Operand  has 6 states, 5 states have (on average 1.8) internal successors, (9), 5 states have internal predecessors, (9), 0 states have call successors, (0), 0 states have call predecessors, (0), 0 states have return successors, (0), 0 states have call predecessors, (0), 0 states have call successors, (0)
[2026-06-06 15:08:16,005 INFO  L300                IsEmpty]: Finished isEmptyParallel. No accepting run.
[2026-06-06 15:08:16,005 INFO  L156        IsEmptyParallel]: Start isEmptyParallel. Operand  has 6 states, 5 states have (on average 1.8) internal successors, (9), 5 states have internal predecessors, (9), 0 states have call successors, (0), 0 states have call predecessors, (0), 0 states have return successors, (0), 0 states have call predecessors, (0), 0 states have call successors, (0)
[2026-06-06 15:08:16,005 INFO  L182       IsEmptyHeuristic]: Start isEmptyHeuristic. Operand  has 6 states, 5 states have (on average 1.8) internal successors, (9), 5 states have internal predecessors, (9), 0 states have call successors, (0), 0 states have call predecessors, (0), 0 states have return successors, (0), 0 states have call predecessors, (0), 0 states have call successors, (0)
[2026-06-06 15:08:16,005 INFO  L188       IsEmptyHeuristic]: Finished isEmptyHeuristic. Found accepting run of length 11
[2026-06-06 15:08:16,005 INFO  L163        IsEmptyParallel]: Finished isEmptyParallel. Found accepting run of length 11
[2026-06-06 15:08:16,005 WARN  L753                IsEmpty]: Correctness of emptinessCheck not tested.
[2026-06-06 15:08:16,005 INFO  L79                 Accepts]: Start accepts. Automaton has  has 6 states, 5 states have (on average 1.8) internal successors, (9), 5 states have internal predecessors, (9), 0 states have call successors, (0), 0 states have call predecessors, (0), 0 states have return successors, (0), 0 states have call predecessors, (0), 0 states have call successors, (0) Word has length 10
[2026-06-06 15:08:16,005 INFO  L85                 Accepts]: Finished accepts. word is accepted.
[2026-06-06 15:08:16,005 INFO  L757                IsEmpty]: Finished testing correctness of emptinessCheck
[2026-06-06 15:08:16,005 INFO  L290                IsEmpty]: Start isEmptyParallel. Operand  has 6 states, 5 states have (on average 1.8) internal successors, (9), 5 states have internal predecessors, (9), 0 states have call successors, (0), 0 states have call predecessors, (0), 0 states have return successors, (0), 0 states have call predecessors, (0), 0 states have call successors, (0)
[2026-06-06 15:08:16,005 INFO  L300                IsEmpty]: Finished isEmptyParallel. No accepting run.
[2026-06-06 15:08:16,005 INFO  L156        IsEmptyParallel]: Start isEmptyParallel. Operand  has 6 states, 5 states have (on average 1.8) internal successors, (9), 5 states have internal predecessors, (9), 0 states have call successors, (0), 0 states have call predecessors, (0), 0 states have return successors, (0), 0 states have call predecessors, (0), 0 states have call successors, (0)
[2026-06-06 15:08:16,005 INFO  L182       IsEmptyHeuristic]: Start isEmptyHeuristic. Operand  has 6 states, 5 states have (on average 1.8) internal successors, (9), 5 states have internal predecessors, (9), 0 states have call successors, (0), 0 states have call predecessors, (0), 0 states have return successors, (0), 0 states have call predecessors, (0), 0 states have call successors, (0)
[2026-06-06 15:08:16,006 INFO  L188       IsEmptyHeuristic]: Finished isEmptyHeuristic. Found accepting run of length 12
[2026-06-06 15:08:16,006 INFO  L163        IsEmptyParallel]: Finished isEmptyParallel. Found accepting run of length 12
[2026-06-06 15:08:16,006 WARN  L753                IsEmpty]: Correctness of emptinessCheck not tested.
[2026-06-06 15:08:16,006 INFO  L79                 Accepts]: Start accepts. Automaton has  has 6 states, 5 states have (on average 1.8) internal successors, (9), 5 states have internal predecessors, (9), 0 states have call successors, (0), 0 states have call predecessors, (0), 0 states have return successors, (0), 0 states have call predecessors, (0), 0 states have call successors, (0) Word has length 11
[2026-06-06 15:08:16,006 INFO  L85                 Accepts]: Finished accepts. word is accepted.
[2026-06-06 15:08:16,006 INFO  L757                IsEmpty]: Finished testing correctness of emptinessCheck
[2026-06-06 15:08:16,006 INFO  L290                IsEmpty]: Start isEmptyParallel. Operand  has 6 states, 5 states have (on average 1.8) internal successors, (9), 5 states have internal predecessors, (9), 0 states have call successors, (0), 0 states have call predecessors, (0), 0 states have return successors, (0), 0 states have call predecessors, (0), 0 states have call successors, (0)
[2026-06-06 15:08:16,006 INFO  L300                IsEmpty]: Finished isEmptyParallel. No accepting run.
[2026-06-06 15:08:16,006 INFO  L156        IsEmptyParallel]: Start isEmptyParallel. Operand  has 6 states, 5 states have (on average 1.8) internal successors, (9), 5 states have internal predecessors, (9), 0 states have call successors, (0), 0 states have call predecessors, (0), 0 states have return successors, (0), 0 states have call predecessors, (0), 0 states have call successors, (0)
[2026-06-06 15:08:16,006 INFO  L182       IsEmptyHeuristic]: Start isEmptyHeuristic. Operand  has 6 states, 5 states have (on average 1.8) internal successors, (9), 5 states have internal predecessors, (9), 0 states have call successors, (0), 0 states have call predecessors, (0), 0 states have return successors, (0), 0 states have call predecessors, (0), 0 states have call successors, (0)
[2026-06-06 15:08:16,006 INFO  L188       IsEmptyHeuristic]: Finished isEmptyHeuristic. Found accepting run of length 11
[2026-06-06 15:08:16,006 INFO  L163        IsEmptyParallel]: Finished isEmptyParallel. Found accepting run of length 11
[2026-06-06 15:08:16,006 WARN  L753                IsEmpty]: Correctness of emptinessCheck not tested.
[2026-06-06 15:08:16,006 INFO  L79                 Accepts]: Start accepts. Automaton has  has 6 states, 5 states have (on average 1.8) internal successors, (9), 5 states have internal predecessors, (9), 0 states have call successors, (0), 0 states have call predecessors, (0), 0 states have return successors, (0), 0 states have call predecessors, (0), 0 states have call successors, (0) Word has length 10
[2026-06-06 15:08:16,006 INFO  L85                 Accepts]: Finished accepts. word is accepted.
[2026-06-06 15:08:16,006 INFO  L757                IsEmpty]: Finished testing correctness of emptinessCheck
[2026-06-06 15:08:16,006 INFO  L290                IsEmpty]: Start isEmptyParallel. Operand  has 6 states, 5 states have (on average 1.8) internal successors, (9), 5 states have internal predecessors, (9), 0 states have call successors, (0), 0 states have call predecessors, (0), 0 states have return successors, (0), 0 states have call predecessors, (0), 0 states have call successors, (0)
[2026-06-06 15:08:16,006 INFO  L300                IsEmpty]: Finished isEmptyParallel. No accepting run.
[2026-06-06 15:08:16,006 INFO  L156        IsEmptyParallel]: Start isEmptyParallel. Operand  has 6 states, 5 states have (on average 1.8) internal successors, (9), 5 states have internal predecessors, (9), 0 states have call successors, (0), 0 states have call predecessors, (0), 0 states have return successors, (0), 0 states have call predecessors, (0), 0 states have call successors, (0)
[2026-06-06 15:08:16,006 INFO  L182       IsEmptyHeuristic]: Start isEmptyHeuristic. Operand  has 6 states, 5 states have (on average 1.8) internal successors, (9), 5 states have internal predecessors, (9), 0 states have call successors, (0), 0 states have call predecessors, (0), 0 states have return successors, (0), 0 states have call predecessors, (0), 0 states have call successors, (0)
[2026-06-06 15:08:16,006 INFO  L188       IsEmptyHeuristic]: Finished isEmptyHeuristic. Found accepting run of length 11
[2026-06-06 15:08:16,006 INFO  L163        IsEmptyParallel]: Finished isEmptyParallel. Found accepting run of length 11
[2026-06-06 15:08:16,006 WARN  L753                IsEmpty]: Correctness of emptinessCheck not tested.
[2026-06-06 15:08:16,006 INFO  L79                 Accepts]: Start accepts. Automaton has  has 6 states, 5 states have (on average 1.8) internal successors, (9), 5 states have internal predecessors, (9), 0 states have call successors, (0), 0 states have call predecessors, (0), 0 states have return successors, (0), 0 states have call predecessors, (0), 0 states have call successors, (0) Word has length 10
[2026-06-06 15:08:16,006 INFO  L85                 Accepts]: Finished accepts. word is accepted.
[2026-06-06 15:08:16,006 INFO  L757                IsEmpty]: Finished testing correctness of emptinessCheck
[2026-06-06 15:08:16,007 INFO  L290                IsEmpty]: Start isEmptyParallel. Operand  has 6 states, 5 states have (on average 1.8) internal successors, (9), 5 states have internal predecessors, (9), 0 states have call successors, (0), 0 states have call predecessors, (0), 0 states have return successors, (0), 0 states have call predecessors, (0), 0 states have call successors, (0)
[2026-06-06 15:08:16,007 INFO  L300                IsEmpty]: Finished isEmptyParallel. No accepting run.
[2026-06-06 15:08:16,007 INFO  L156        IsEmptyParallel]: Start isEmptyParallel. Operand  has 6 states, 5 states have (on average 1.8) internal successors, (9), 5 states have internal predecessors, (9), 0 states have call successors, (0), 0 states have call predecessors, (0), 0 states have return successors, (0), 0 states have call predecessors, (0), 0 states have call successors, (0)
[2026-06-06 15:08:16,007 INFO  L182       IsEmptyHeuristic]: Start isEmptyHeuristic. Operand  has 6 states, 5 states have (on average 1.8) internal successors, (9), 5 states have internal predecessors, (9), 0 states have call successors, (0), 0 states have call predecessors, (0), 0 states have return successors, (0), 0 states have call predecessors, (0), 0 states have call successors, (0)
[2026-06-06 15:08:16,007 INFO  L188       IsEmptyHeuristic]: Finished isEmptyHeuristic. Found accepting run of length 11
[2026-06-06 15:08:16,007 INFO  L163        IsEmptyParallel]: Finished isEmptyParallel. Found accepting run of length 11
[2026-06-06 15:08:16,007 WARN  L753                IsEmpty]: Correctness of emptinessCheck not tested.
[2026-06-06 15:08:16,007 INFO  L79                 Accepts]: Start accepts. Automaton has  has 6 states, 5 states have (on average 1.8) internal successors, (9), 5 states have internal predecessors, (9), 0 states have call successors, (0), 0 states have call predecessors, (0), 0 states have return successors, (0), 0 states have call predecessors, (0), 0 states have call successors, (0) Word has length 10
[2026-06-06 15:08:16,007 INFO  L85                 Accepts]: Finished accepts. word is accepted.
[2026-06-06 15:08:16,007 INFO  L757                IsEmpty]: Finished testing correctness of emptinessCheck
[2026-06-06 15:08:16,007 INFO  L290                IsEmpty]: Start isEmptyParallel. Operand  has 6 states, 5 states have (on average 1.8) internal successors, (9), 5 states have internal predecessors, (9), 0 states have call successors, (0), 0 states have call predecessors, (0), 0 states have return successors, (0), 0 states have call predecessors, (0), 0 states have call successors, (0)
[2026-06-06 15:08:16,007 INFO  L300                IsEmpty]: Finished isEmptyParallel. No accepting run.
[2026-06-06 15:08:16,007 INFO  L156        IsEmptyParallel]: Start isEmptyParallel. Operand  has 6 states, 5 states have (on average 1.8) internal successors, (9), 5 states have internal predecessors, (9), 0 states have call successors, (0), 0 states have call predecessors, (0), 0 states have return successors, (0), 0 states have call predecessors, (0), 0 states have call successors, (0)
[2026-06-06 15:08:16,007 INFO  L182       IsEmptyHeuristic]: Start isEmptyHeuristic. Operand  has 6 states, 5 states have (on average 1.8) internal successors, (9), 5 states have internal predecessors, (9), 0 states have call successors, (0), 0 states have call predecessors, (0), 0 states have return successors, (0), 0 states have call predecessors, (0), 0 states have call successors, (0)
[2026-06-06 15:08:16,007 INFO  L188       IsEmptyHeuristic]: Finished isEmptyHeuristic. Found accepting run of length 12
[2026-06-06 15:08:16,007 INFO  L163        IsEmptyParallel]: Finished isEmptyParallel. Found accepting run of length 12
[2026-06-06 15:08:16,007 WARN  L753                IsEmpty]: Correctness of emptinessCheck not tested.
[2026-06-06 15:08:16,007 INFO  L79                 Accepts]: Start accepts. Automaton has  has 6 states, 5 states have (on average 1.8) internal successors, (9), 5 states have internal predecessors, (9), 0 states have call successors, (0), 0 states have call predecessors, (0), 0 states have return successors, (0), 0 states have call predecessors, (0), 0 states have call successors, (0) Word has length 11
[2026-06-06 15:08:16,007 INFO  L85                 Accepts]: Finished accepts. word is accepted.
[2026-06-06 15:08:16,007 INFO  L757                IsEmpty]: Finished testing correctness of emptinessCheck
[2026-06-06 15:08:16,012 INFO  L86        PathProgramCache]: Analyzing trace with hash 894182058, now seen corresponding path program 1 times
[2026-06-06 15:08:16,013 INFO  L637   ParallelNwaCegarLoop]: Main: Starting Thread
[2026-06-06 15:08:16,013 INFO  L209   CegarNwaWorkerThread]: Starting Thread: 86# for Trace Check: 894182058
[2026-06-06 15:08:16,013 INFO  L86        PathProgramCache]: Analyzing trace with hash 1948270601, now seen corresponding path program 1 times
[2026-06-06 15:08:16,013 INFO  L637   ParallelNwaCegarLoop]: Main: Starting Thread
[2026-06-06 15:08:16,013 INFO  L209   CegarNwaWorkerThread]: Starting Thread: 92# for Trace Check: 1948270601
[2026-06-06 15:08:16,013 INFO  L86        PathProgramCache]: Analyzing trace with hash 264859992, now seen corresponding path program 1 times
[2026-06-06 15:08:16,013 INFO  L637   ParallelNwaCegarLoop]: Main: Starting Thread
[2026-06-06 15:08:16,013 INFO  L209   CegarNwaWorkerThread]: Starting Thread: 98# for Trace Check: 264859992
[2026-06-06 15:08:16,013 INFO  L156       PredicateUnifier]: Initialized classic predicate unifier
[2026-06-06 15:08:16,013 INFO  L86        PathProgramCache]: Analyzing trace with hash 317186442, now seen corresponding path program 2 times
[2026-06-06 15:08:16,013 INFO  L637   ParallelNwaCegarLoop]: Main: Starting Thread
[2026-06-06 15:08:16,013 INFO  L209   CegarNwaWorkerThread]: Starting Thread: 104# for Trace Check: 317186442
[2026-06-06 15:08:16,013 INFO  L86        PathProgramCache]: Analyzing trace with hash 894182058, now seen corresponding path program 1 times
[2026-06-06 15:08:16,013 INFO  L156       PredicateUnifier]: Initialized classic predicate unifier
[2026-06-06 15:08:16,013 INFO  L156       PredicateUnifier]: Initialized classic predicate unifier
[2026-06-06 15:08:16,013 INFO  L209   CegarNwaWorkerThread]: Starting Thread: 113# for Trace Check: 1241275689
[2026-06-06 15:08:16,013 INFO  L86        PathProgramCache]: Analyzing trace with hash 1241275689, now seen corresponding path program 2 times
[2026-06-06 15:08:16,013 INFO  L637   ParallelNwaCegarLoop]: Main: Starting Thread
[2026-06-06 15:08:16,013 INFO  L156       PredicateUnifier]: Initialized classic predicate unifier
[2026-06-06 15:08:16,013 INFO  L86        PathProgramCache]: Analyzing trace with hash 264859992, now seen corresponding path program 1 times
[2026-06-06 15:08:16,013 INFO  L209   CegarNwaWorkerThread]: Starting Thread: 119# for Trace Check: 1899621898
[2026-06-06 15:08:16,013 INFO  L118   FreeRefinementEngine]: Executing refinement strategy CAMEL
[2026-06-06 15:08:16,013 INFO  L86        PathProgramCache]: Analyzing trace with hash 1948270601, now seen corresponding path program 1 times
[2026-06-06 15:08:16,013 INFO  L118   FreeRefinementEngine]: Executing refinement strategy CAMEL
[2026-06-06 15:08:16,013 INFO  L324   FreeRefinementEngine]: Using trace check IpTcStrategyModuleSmtInterpolCraig [1000536622]
[2026-06-06 15:08:16,013 INFO  L324   FreeRefinementEngine]: Using trace check IpTcStrategyModuleSmtInterpolCraig [2117007881]
[2026-06-06 15:08:16,013 INFO  L86        PathProgramCache]: Analyzing trace with hash 317186442, now seen corresponding path program 2 times
[2026-06-06 15:08:16,013 INFO  L156       PredicateUnifier]: Initialized classic predicate unifier
[2026-06-06 15:08:16,013 INFO  L86        PathProgramCache]: Analyzing trace with hash 1899621898, now seen corresponding path program 1 times
[2026-06-06 15:08:16,013 INFO  L637   ParallelNwaCegarLoop]: Main: Starting Thread
[2026-06-06 15:08:16,013 INFO  L86        PathProgramCache]: Analyzing trace with hash 1241275689, now seen corresponding path program 2 times
[2026-06-06 15:08:16,013 INFO  L118   FreeRefinementEngine]: Executing refinement strategy CAMEL
[2026-06-06 15:08:16,013 INFO  L97    rtionOrderModulation]: Keeping assertion order NOT_INCREMENTALLY
[2026-06-06 15:08:16,013 INFO  L209   CegarNwaWorkerThread]: Starting Thread: 125# for Trace Check: -1243339174
[2026-06-06 15:08:16,013 INFO  L127          SolverBuilder]: Constructing new instance of SMTInterpol with explicit timeout -1 ms and remaining time -1 ms
[2026-06-06 15:08:16,013 INFO  L97    rtionOrderModulation]: Keeping assertion order NOT_INCREMENTALLY
[2026-06-06 15:08:16,013 INFO  L156       PredicateUnifier]: Initialized classic predicate unifier
[2026-06-06 15:08:16,013 INFO  L118   FreeRefinementEngine]: Executing refinement strategy CAMEL
[2026-06-06 15:08:16,014 INFO  L86        PathProgramCache]: Analyzing trace with hash 1899621898, now seen corresponding path program 1 times
[2026-06-06 15:08:16,014 INFO  L127          SolverBuilder]: Constructing new instance of SMTInterpol with explicit timeout -1 ms and remaining time -1 ms
[2026-06-06 15:08:16,013 INFO  L324   FreeRefinementEngine]: Using trace check IpTcStrategyModuleSmtInterpolCraig [1461940160]
[2026-06-06 15:08:16,013 INFO  L118   FreeRefinementEngine]: Executing refinement strategy CAMEL
[2026-06-06 15:08:16,013 INFO  L86        PathProgramCache]: Analyzing trace with hash -1243339174, now seen corresponding path program 1 times
[2026-06-06 15:08:16,014 INFO  L637   ParallelNwaCegarLoop]: Main: Starting Thread
[2026-06-06 15:08:16,014 INFO  L95    rtionOrderModulation]: Changing assertion order to OUTSIDE_LOOP_FIRST1
[2026-06-06 15:08:16,014 INFO  L324   FreeRefinementEngine]: Using trace check IpTcStrategyModuleSmtInterpolCraig [671937962]
[2026-06-06 15:08:16,014 INFO  L127          SolverBuilder]: Constructing new instance of SMTInterpol with explicit timeout -1 ms and remaining time -1 ms
[2026-06-06 15:08:16,014 INFO  L118   FreeRefinementEngine]: Executing refinement strategy CAMEL
[2026-06-06 15:08:16,014 INFO  L324   FreeRefinementEngine]: Using trace check IpTcStrategyModuleSmtInterpolCraig [840725052]
[2026-06-06 15:08:16,014 INFO  L156       PredicateUnifier]: Initialized classic predicate unifier
[2026-06-06 15:08:16,014 INFO  L97    rtionOrderModulation]: Keeping assertion order NOT_INCREMENTALLY
[2026-06-06 15:08:16,014 INFO  L324   FreeRefinementEngine]: Using trace check IpTcStrategyModuleSmtInterpolCraig [1752720408]
[2026-06-06 15:08:16,014 INFO  L97    rtionOrderModulation]: Keeping assertion order NOT_INCREMENTALLY
[2026-06-06 15:08:16,014 INFO  L209   CegarNwaWorkerThread]: Starting Thread: 131# for Trace Check: 109204775
[2026-06-06 15:08:16,014 INFO  L95    rtionOrderModulation]: Changing assertion order to OUTSIDE_LOOP_FIRST1
[2026-06-06 15:08:16,014 INFO  L86        PathProgramCache]: Analyzing trace with hash 109204775, now seen corresponding path program 1 times
[2026-06-06 15:08:16,014 INFO  L637   ParallelNwaCegarLoop]: Main: Starting Thread
[2026-06-06 15:08:16,014 INFO  L127          SolverBuilder]: Constructing new instance of SMTInterpol with explicit timeout -1 ms and remaining time -1 ms
[2026-06-06 15:08:16,014 INFO  L86        PathProgramCache]: Analyzing trace with hash -177145800, now seen corresponding path program 2 times
[2026-06-06 15:08:16,014 INFO  L637   ParallelNwaCegarLoop]: Main: Starting Thread
[2026-06-06 15:08:16,014 INFO  L127          SolverBuilder]: Constructing new instance of SMTInterpol with explicit timeout -1 ms and remaining time -1 ms
[2026-06-06 15:08:16,014 INFO  L127          SolverBuilder]: Constructing new instance of SMTInterpol with explicit timeout -1 ms and remaining time -1 ms
[2026-06-06 15:08:16,014 INFO  L86        PathProgramCache]: Analyzing trace with hash -1243339174, now seen corresponding path program 1 times
[2026-06-06 15:08:16,014 INFO  L209   CegarNwaWorkerThread]: Starting Thread: 143# for Trace Check: -315482807
[2026-06-06 15:08:16,014 INFO  L118   FreeRefinementEngine]: Executing refinement strategy CAMEL
[2026-06-06 15:08:16,014 INFO  L86        PathProgramCache]: Analyzing trace with hash -315482807, now seen corresponding path program 1 times
[2026-06-06 15:08:16,014 INFO  L637   ParallelNwaCegarLoop]: Main: Starting Thread
[2026-06-06 15:08:16,014 INFO  L209   CegarNwaWorkerThread]: Starting Thread: 137# for Trace Check: -177145800
[2026-06-06 15:08:16,014 INFO  L156       PredicateUnifier]: Initialized classic predicate unifier
[2026-06-06 15:08:16,014 INFO  L209   CegarNwaWorkerThread]: Starting Thread: 149# for Trace Check: -1192108293
[2026-06-06 15:08:16,014 INFO  L86        PathProgramCache]: Analyzing trace with hash -1192108293, now seen corresponding path program 2 times
[2026-06-06 15:08:16,014 INFO  L637   ParallelNwaCegarLoop]: Main: Starting Thread
[2026-06-06 15:08:16,014 INFO  L156       PredicateUnifier]: Initialized classic predicate unifier
[2026-06-06 15:08:16,014 INFO  L324   FreeRefinementEngine]: Using trace check IpTcStrategyModuleSmtInterpolCraig [1692440448]
[2026-06-06 15:08:16,015 INFO  L209   CegarNwaWorkerThread]: Starting Thread: 155# for Trace Check: 177753866
[2026-06-06 15:08:16,015 INFO  L86        PathProgramCache]: Analyzing trace with hash -315482807, now seen corresponding path program 1 times
[2026-06-06 15:08:16,015 INFO  L156       PredicateUnifier]: Initialized classic predicate unifier
[2026-06-06 15:08:16,014 INFO  L86        PathProgramCache]: Analyzing trace with hash 177753866, now seen corresponding path program 2 times
[2026-06-06 15:08:16,015 INFO  L637   ParallelNwaCegarLoop]: Main: Starting Thread
[2026-06-06 15:08:16,014 INFO  L86        PathProgramCache]: Analyzing trace with hash 109204775, now seen corresponding path program 1 times
[2026-06-06 15:08:16,015 INFO  L86        PathProgramCache]: Analyzing trace with hash 1213326682, now seen corresponding path program 3 times
[2026-06-06 15:08:16,015 INFO  L637   ParallelNwaCegarLoop]: Main: Starting Thread
[2026-06-06 15:08:16,015 INFO  L156       PredicateUnifier]: Initialized classic predicate unifier
[2026-06-06 15:08:16,015 INFO  L86        PathProgramCache]: Analyzing trace with hash -177145800, now seen corresponding path program 2 times
[2026-06-06 15:08:16,015 INFO  L118   FreeRefinementEngine]: Executing refinement strategy CAMEL
[2026-06-06 15:08:16,015 INFO  L97    rtionOrderModulation]: Keeping assertion order NOT_INCREMENTALLY
[2026-06-06 15:08:16,015 INFO  L156       PredicateUnifier]: Initialized classic predicate unifier
[2026-06-06 15:08:16,015 INFO  L118   FreeRefinementEngine]: Executing refinement strategy CAMEL
[2026-06-06 15:08:16,015 INFO  L324   FreeRefinementEngine]: Using trace check IpTcStrategyModuleSmtInterpolCraig [359720684]
[2026-06-06 15:08:16,015 INFO  L86        PathProgramCache]: Analyzing trace with hash 177753866, now seen corresponding path program 2 times
[2026-06-06 15:08:16,015 INFO  L209   CegarNwaWorkerThread]: Starting Thread: 167# for Trace Check: -124819350
[2026-06-06 15:08:16,015 INFO  L86        PathProgramCache]: Analyzing trace with hash -124819350, now seen corresponding path program 3 times
[2026-06-06 15:08:16,015 INFO  L637   ParallelNwaCegarLoop]: Main: Starting Thread
[2026-06-06 15:08:16,015 INFO  L209   CegarNwaWorkerThread]: Starting Thread: 161# for Trace Check: 1213326682
[2026-06-06 15:08:16,015 INFO  L118   FreeRefinementEngine]: Executing refinement strategy CAMEL
[2026-06-06 15:08:16,015 INFO  L86        PathProgramCache]: Analyzing trace with hash 1129592536, now seen corresponding path program 1 times
[2026-06-06 15:08:16,015 INFO  L637   ParallelNwaCegarLoop]: Main: Starting Thread
[2026-06-06 15:08:16,015 INFO  L118   FreeRefinementEngine]: Executing refinement strategy CAMEL
[2026-06-06 15:08:16,015 INFO  L97    rtionOrderModulation]: Keeping assertion order NOT_INCREMENTALLY
[2026-06-06 15:08:16,015 INFO  L324   FreeRefinementEngine]: Using trace check IpTcStrategyModuleSmtInterpolCraig [1118812603]
[2026-06-06 15:08:16,015 INFO  L86        PathProgramCache]: Analyzing trace with hash -1192108293, now seen corresponding path program 2 times
[2026-06-06 15:08:16,015 INFO  L127          SolverBuilder]: Constructing new instance of SMTInterpol with explicit timeout -1 ms and remaining time -1 ms
[2026-06-06 15:08:16,015 INFO  L118   FreeRefinementEngine]: Executing refinement strategy CAMEL
[2026-06-06 15:08:16,015 INFO  L156       PredicateUnifier]: Initialized classic predicate unifier
[2026-06-06 15:08:16,015 INFO  L95    rtionOrderModulation]: Changing assertion order to OUTSIDE_LOOP_FIRST1
[2026-06-06 15:08:16,015 INFO  L127          SolverBuilder]: Constructing new instance of SMTInterpol with explicit timeout -1 ms and remaining time -1 ms
[2026-06-06 15:08:16,015 INFO  L127          SolverBuilder]: Constructing new instance of SMTInterpol with explicit timeout -1 ms and remaining time -1 ms
[2026-06-06 15:08:16,015 INFO  L324   FreeRefinementEngine]: Using trace check IpTcStrategyModuleSmtInterpolCraig [1610636639]
[2026-06-06 15:08:16,015 INFO  L156       PredicateUnifier]: Initialized classic predicate unifier
[2026-06-06 15:08:16,015 INFO  L287   ParallelNwaCegarLoop]: === Iteration 2 ===
[2026-06-06 15:08:16,015 INFO  L654   ParallelNwaCegarLoop]: All threads busy, going to sleep.
[2026-06-06 15:08:16,015 INFO  L209   CegarNwaWorkerThread]: Starting Thread: 173# for Trace Check: 1129592536
[2026-06-06 15:08:16,015 INFO  L324   FreeRefinementEngine]: Using trace check IpTcStrategyModuleSmtInterpolCraig [990866507]
[2026-06-06 15:08:16,015 INFO  L86        PathProgramCache]: Analyzing trace with hash -124819350, now seen corresponding path program 3 times
[2026-06-06 15:08:16,015 INFO  L95    rtionOrderModulation]: Changing assertion order to OUTSIDE_LOOP_FIRST1
[2026-06-06 15:08:16,015 INFO  L86        PathProgramCache]: Analyzing trace with hash 1213326682, now seen corresponding path program 3 times
[2026-06-06 15:08:16,016 INFO  L118   FreeRefinementEngine]: Executing refinement strategy CAMEL
[2026-06-06 15:08:16,015 INFO  L324   FreeRefinementEngine]: Using trace check IpTcStrategyModuleSmtInterpolCraig [124441590]
[2026-06-06 15:08:16,016 INFO  L324   FreeRefinementEngine]: Using trace check IpTcStrategyModuleSmtInterpolCraig [849036141]
[2026-06-06 15:08:16,016 INFO  L127          SolverBuilder]: Constructing new instance of SMTInterpol with explicit timeout -1 ms and remaining time -1 ms
[2026-06-06 15:08:16,016 INFO  L118   FreeRefinementEngine]: Executing refinement strategy CAMEL
[2026-06-06 15:08:16,016 INFO  L97    rtionOrderModulation]: Keeping assertion order NOT_INCREMENTALLY
[2026-06-06 15:08:16,016 INFO  L324   FreeRefinementEngine]: Using trace check IpTcStrategyModuleSmtInterpolCraig [1694267129]
[2026-06-06 15:08:16,016 INFO  L95    rtionOrderModulation]: Changing assertion order to OUTSIDE_LOOP_FIRST2
[2026-06-06 15:08:16,016 INFO  L95    rtionOrderModulation]: Changing assertion order to OUTSIDE_LOOP_FIRST1
[2026-06-06 15:08:16,016 INFO  L156       PredicateUnifier]: Initialized classic predicate unifier
[2026-06-06 15:08:16,016 INFO  L127          SolverBuilder]: Constructing new instance of SMTInterpol with explicit timeout -1 ms and remaining time -1 ms
[2026-06-06 15:08:16,016 INFO  L127          SolverBuilder]: Constructing new instance of SMTInterpol with explicit timeout -1 ms and remaining time -1 ms
[2026-06-06 15:08:16,016 INFO  L95    rtionOrderModulation]: Changing assertion order to OUTSIDE_LOOP_FIRST2
[2026-06-06 15:08:16,016 INFO  L127          SolverBuilder]: Constructing new instance of SMTInterpol with explicit timeout -1 ms and remaining time -1 ms
[2026-06-06 15:08:16,016 INFO  L127          SolverBuilder]: Constructing new instance of SMTInterpol with explicit timeout -1 ms and remaining time -1 ms
[2026-06-06 15:08:16,016 INFO  L86        PathProgramCache]: Analyzing trace with hash 1129592536, now seen corresponding path program 1 times
[2026-06-06 15:08:16,016 INFO  L118   FreeRefinementEngine]: Executing refinement strategy CAMEL
[2026-06-06 15:08:16,016 INFO  L324   FreeRefinementEngine]: Using trace check IpTcStrategyModuleSmtInterpolCraig [1568014464]
[2026-06-06 15:08:16,016 INFO  L97    rtionOrderModulation]: Keeping assertion order NOT_INCREMENTALLY
[2026-06-06 15:08:16,016 INFO  L127          SolverBuilder]: Constructing new instance of SMTInterpol with explicit timeout -1 ms and remaining time -1 ms
[2026-06-06 15:08:16,032 INFO  L108    AnnotateAndAsserter]: Assert order NOT_INCREMENTALLY partitioned 6 statements into 1 equivalence classes.
[2026-06-06 15:08:16,033 INFO  L108    AnnotateAndAsserter]: Assert order NOT_INCREMENTALLY partitioned 8 statements into 1 equivalence classes.
[2026-06-06 15:08:16,032 INFO  L108    AnnotateAndAsserter]: Assert order NOT_INCREMENTALLY partitioned 9 statements into 1 equivalence classes.
[2026-06-06 15:08:16,032 INFO  L108    AnnotateAndAsserter]: Assert order NOT_INCREMENTALLY partitioned 9 statements into 1 equivalence classes.
[2026-06-06 15:08:16,032 INFO  L108    AnnotateAndAsserter]: Assert order NOT_INCREMENTALLY partitioned 10 statements into 1 equivalence classes.
[2026-06-06 15:08:16,032 INFO  L108    AnnotateAndAsserter]: Assert order NOT_INCREMENTALLY partitioned 7 statements into 1 equivalence classes.
[2026-06-06 15:08:16,032 INFO  L108    AnnotateAndAsserter]: Assert order NOT_INCREMENTALLY partitioned 8 statements into 1 equivalence classes.
[2026-06-06 15:08:16,032 INFO  L108    AnnotateAndAsserter]: Assert order NOT_INCREMENTALLY partitioned 4 statements into 1 equivalence classes.
[2026-06-06 15:08:16,032 INFO  L108    AnnotateAndAsserter]: Assert order NOT_INCREMENTALLY partitioned 7 statements into 1 equivalence classes.
[2026-06-06 15:08:16,033 INFO  L108    AnnotateAndAsserter]: Assert order OUTSIDE_LOOP_FIRST2 partitioned 10 statements into 4 equivalence classes.
[2026-06-06 15:08:16,033 INFO  L108    AnnotateAndAsserter]: Assert order OUTSIDE_LOOP_FIRST2 partitioned 10 statements into 4 equivalence classes.
[2026-06-06 15:08:16,033 INFO  L108    AnnotateAndAsserter]: Assert order OUTSIDE_LOOP_FIRST1 partitioned 9 statements into 2 equivalence classes.
[2026-06-06 15:08:16,033 INFO  L108    AnnotateAndAsserter]: Assert order OUTSIDE_LOOP_FIRST1 partitioned 10 statements into 2 equivalence classes.
[2026-06-06 15:08:16,033 INFO  L108    AnnotateAndAsserter]: Assert order OUTSIDE_LOOP_FIRST1 partitioned 9 statements into 2 equivalence classes.
[2026-06-06 15:08:16,033 INFO  L108    AnnotateAndAsserter]: Assert order OUTSIDE_LOOP_FIRST1 partitioned 8 statements into 2 equivalence classes.
[2026-06-06 15:08:16,033 INFO  L108    AnnotateAndAsserter]: Assert order OUTSIDE_LOOP_FIRST1 partitioned 10 statements into 2 equivalence classes.
[2026-06-06 15:08:16,047 INFO  L111    AnnotateAndAsserter]: Assert order NOT_INCREMENTALLY issued 1 check-sat command(s) and asserted 7 of 7 statements.
[2026-06-06 15:08:16,048 INFO  L111    AnnotateAndAsserter]: Assert order OUTSIDE_LOOP_FIRST2 issued 1 check-sat command(s) and asserted 4 of 10 statements.
[2026-06-06 15:08:16,048 INFO  L111    AnnotateAndAsserter]: Assert order NOT_INCREMENTALLY issued 1 check-sat command(s) and asserted 9 of 9 statements.
[2026-06-06 15:08:16,048 INFO  L111    AnnotateAndAsserter]: Assert order NOT_INCREMENTALLY issued 1 check-sat command(s) and asserted 9 of 9 statements.
[2026-06-06 15:08:16,048 INFO  L111    AnnotateAndAsserter]: Assert order NOT_INCREMENTALLY issued 1 check-sat command(s) and asserted 7 of 7 statements.
[2026-06-06 15:08:16,048 INFO  L111    AnnotateAndAsserter]: Assert order NOT_INCREMENTALLY issued 1 check-sat command(s) and asserted 4 of 4 statements.
[2026-06-06 15:08:16,048 INFO  L111    AnnotateAndAsserter]: Assert order OUTSIDE_LOOP_FIRST1 issued 1 check-sat command(s) and asserted 4 of 8 statements.
[2026-06-06 15:08:16,048 INFO  L111    AnnotateAndAsserter]: Assert order NOT_INCREMENTALLY issued 1 check-sat command(s) and asserted 8 of 8 statements.
[2026-06-06 15:08:16,048 INFO  L114    AnnotateAndAsserter]: Assert order NOT_INCREMENTALLY issued 1 check-sat command(s)
[2026-06-06 15:08:16,047 INFO  L111    AnnotateAndAsserter]: Assert order NOT_INCREMENTALLY issued 1 check-sat command(s) and asserted 10 of 10 statements.
[2026-06-06 15:08:16,047 INFO  L111    AnnotateAndAsserter]: Assert order OUTSIDE_LOOP_FIRST1 issued 1 check-sat command(s) and asserted 4 of 9 statements.
[2026-06-06 15:08:16,047 INFO  L111    AnnotateAndAsserter]: Assert order NOT_INCREMENTALLY issued 1 check-sat command(s) and asserted 8 of 8 statements.
[2026-06-06 15:08:16,048 INFO  L114    AnnotateAndAsserter]: Assert order NOT_INCREMENTALLY issued 1 check-sat command(s)
[2026-06-06 15:08:16,048 INFO  L115    AnnotateAndAsserter]: Conjunction of SSA is unsat
[2026-06-06 15:08:16,047 INFO  L111    AnnotateAndAsserter]: Assert order OUTSIDE_LOOP_FIRST2 issued 1 check-sat command(s) and asserted 4 of 10 statements.
[2026-06-06 15:08:16,048 INFO  L114    AnnotateAndAsserter]: Assert order OUTSIDE_LOOP_FIRST1 issued 1 check-sat command(s)
[2026-06-06 15:08:16,048 INFO  L114    AnnotateAndAsserter]: Assert order NOT_INCREMENTALLY issued 1 check-sat command(s)
[2026-06-06 15:08:16,048 INFO  L115    AnnotateAndAsserter]: Conjunction of SSA is unsat
[2026-06-06 15:08:16,048 INFO  L115    AnnotateAndAsserter]: Conjunction of SSA is unsat
[2026-06-06 15:08:16,048 INFO  L114    AnnotateAndAsserter]: Assert order OUTSIDE_LOOP_FIRST1 issued 1 check-sat command(s)
[2026-06-06 15:08:16,048 INFO  L115    AnnotateAndAsserter]: Conjunction of SSA is unsat
[2026-06-06 15:08:16,048 INFO  L114    AnnotateAndAsserter]: Assert order NOT_INCREMENTALLY issued 1 check-sat command(s)
[2026-06-06 15:08:16,048 INFO  L115    AnnotateAndAsserter]: Conjunction of SSA is unsat
[2026-06-06 15:08:16,048 INFO  L114    AnnotateAndAsserter]: Assert order NOT_INCREMENTALLY issued 1 check-sat command(s)
[2026-06-06 15:08:16,048 INFO  L115    AnnotateAndAsserter]: Conjunction of SSA is unsat
[2026-06-06 15:08:16,048 INFO  L114    AnnotateAndAsserter]: Assert order NOT_INCREMENTALLY issued 1 check-sat command(s)
[2026-06-06 15:08:16,048 INFO  L115    AnnotateAndAsserter]: Conjunction of SSA is unsat
[2026-06-06 15:08:16,048 INFO  L114    AnnotateAndAsserter]: Assert order OUTSIDE_LOOP_FIRST2 issued 1 check-sat command(s)
[2026-06-06 15:08:16,048 INFO  L115    AnnotateAndAsserter]: Conjunction of SSA is unsat
[2026-06-06 15:08:16,048 INFO  L114    AnnotateAndAsserter]: Assert order NOT_INCREMENTALLY issued 1 check-sat command(s)
[2026-06-06 15:08:16,049 INFO  L115    AnnotateAndAsserter]: Conjunction of SSA is unsat
[2026-06-06 15:08:16,048 INFO  L114    AnnotateAndAsserter]: Assert order NOT_INCREMENTALLY issued 1 check-sat command(s)
[2026-06-06 15:08:16,049 INFO  L115    AnnotateAndAsserter]: Conjunction of SSA is unsat
[2026-06-06 15:08:16,048 INFO  L111    AnnotateAndAsserter]: Assert order NOT_INCREMENTALLY issued 1 check-sat command(s) and asserted 6 of 6 statements.
[2026-06-06 15:08:16,048 INFO  L115    AnnotateAndAsserter]: Conjunction of SSA is unsat
[2026-06-06 15:08:16,048 INFO  L114    AnnotateAndAsserter]: Assert order OUTSIDE_LOOP_FIRST2 issued 1 check-sat command(s)
[2026-06-06 15:08:16,049 INFO  L114    AnnotateAndAsserter]: Assert order NOT_INCREMENTALLY issued 1 check-sat command(s)
[2026-06-06 15:08:16,049 INFO  L115    AnnotateAndAsserter]: Conjunction of SSA is unsat
[2026-06-06 15:08:16,049 INFO  L115    AnnotateAndAsserter]: Conjunction of SSA is unsat
[2026-06-06 15:08:16,053 INFO  L111    AnnotateAndAsserter]: Assert order OUTSIDE_LOOP_FIRST1 issued 2 check-sat command(s) and asserted 10 of 10 statements.
[2026-06-06 15:08:16,053 INFO  L114    AnnotateAndAsserter]: Assert order OUTSIDE_LOOP_FIRST1 issued 2 check-sat command(s)
[2026-06-06 15:08:16,053 INFO  L115    AnnotateAndAsserter]: Conjunction of SSA is unsat
[2026-06-06 15:08:16,054 INFO  L111    AnnotateAndAsserter]: Assert order OUTSIDE_LOOP_FIRST1 issued 2 check-sat command(s) and asserted 10 of 10 statements.
[2026-06-06 15:08:16,054 INFO  L114    AnnotateAndAsserter]: Assert order OUTSIDE_LOOP_FIRST1 issued 2 check-sat command(s)
[2026-06-06 15:08:16,054 INFO  L115    AnnotateAndAsserter]: Conjunction of SSA is unsat
[2026-06-06 15:08:16,055 INFO  L111    AnnotateAndAsserter]: Assert order OUTSIDE_LOOP_FIRST1 issued 2 check-sat command(s) and asserted 9 of 9 statements.
[2026-06-06 15:08:16,055 INFO  L114    AnnotateAndAsserter]: Assert order OUTSIDE_LOOP_FIRST1 issued 2 check-sat command(s)
[2026-06-06 15:08:16,055 INFO  L115    AnnotateAndAsserter]: Conjunction of SSA is unsat
[2026-06-06 15:08:16,094 INFO  L134       CoverageAnalysis]: Checked inductivity of 8 backedges. 2 proven. 0 refuted. 0 times theorem prover too weak. 6 trivial. 0 not checked.
[2026-06-06 15:08:16,094 INFO  L136   FreeRefinementEngine]: Strategy CAMEL found an infeasible trace
[2026-06-06 15:08:16,095 INFO  L324   FreeRefinementEngine]: Using interpolant generator IpTcStrategyModuleSmtInterpolCraig [1118812603]
[2026-06-06 15:08:16,095 INFO  L158   FreeRefinementEngine]: IpTcStrategyModuleSmtInterpolCraig [1118812603] provided 1 perfect and 0 imperfect interpolant sequences
[2026-06-06 15:08:16,095 INFO  L185   FreeRefinementEngine]: Found 1 perfect and 0 imperfect interpolant sequences.
[2026-06-06 15:08:16,095 INFO  L198   FreeRefinementEngine]: Number of different interpolants: perfect sequences [2] imperfect sequences [] total 2
[2026-06-06 15:08:16,096 INFO  L122   tionRefinementEngine]: Using interpolant automaton builder IpAbStrategyModuleStraightlineAll [457880085]
[2026-06-06 15:08:16,096 INFO  L85    oduleStraightlineAll]: Using 1 perfect interpolants to construct interpolant automaton
[2026-06-06 15:08:16,098 INFO  L100   FreeRefinementEngine]: Using predicate unifier PredicateUnifier provided by strategy CAMEL
[2026-06-06 15:08:16,100 INFO  L134       CoverageAnalysis]: Checked inductivity of 5 backedges. 0 proven. 0 refuted. 0 times theorem prover too weak. 5 trivial. 0 not checked.
[2026-06-06 15:08:16,100 INFO  L136   FreeRefinementEngine]: Strategy CAMEL found an infeasible trace
[2026-06-06 15:08:16,101 INFO  L324   FreeRefinementEngine]: Using interpolant generator IpTcStrategyModuleSmtInterpolCraig [990866507]
[2026-06-06 15:08:16,101 INFO  L158   FreeRefinementEngine]: IpTcStrategyModuleSmtInterpolCraig [990866507] provided 1 perfect and 0 imperfect interpolant sequences
[2026-06-06 15:08:16,101 INFO  L134       CoverageAnalysis]: Checked inductivity of 4 backedges. 0 proven. 0 refuted. 0 times theorem prover too weak. 4 trivial. 0 not checked.
[2026-06-06 15:08:16,101 INFO  L134       CoverageAnalysis]: Checked inductivity of 7 backedges. 0 proven. 0 refuted. 0 times theorem prover too weak. 7 trivial. 0 not checked.
[2026-06-06 15:08:16,101 INFO  L185   FreeRefinementEngine]: Found 1 perfect and 0 imperfect interpolant sequences.
[2026-06-06 15:08:16,101 INFO  L136   FreeRefinementEngine]: Strategy CAMEL found an infeasible trace
[2026-06-06 15:08:16,101 INFO  L136   FreeRefinementEngine]: Strategy CAMEL found an infeasible trace
[2026-06-06 15:08:16,101 INFO  L198   FreeRefinementEngine]: Number of different interpolants: perfect sequences [2] imperfect sequences [] total 2
[2026-06-06 15:08:16,101 INFO  L324   FreeRefinementEngine]: Using interpolant generator IpTcStrategyModuleSmtInterpolCraig [1692440448]
[2026-06-06 15:08:16,101 INFO  L122   tionRefinementEngine]: Using interpolant automaton builder IpAbStrategyModuleStraightlineAll [2085023812]
[2026-06-06 15:08:16,101 INFO  L158   FreeRefinementEngine]: IpTcStrategyModuleSmtInterpolCraig [1692440448] provided 1 perfect and 0 imperfect interpolant sequences
[2026-06-06 15:08:16,101 INFO  L85    oduleStraightlineAll]: Using 1 perfect interpolants to construct interpolant automaton
[2026-06-06 15:08:16,101 INFO  L134       CoverageAnalysis]: Checked inductivity of 9 backedges. 0 proven. 0 refuted. 0 times theorem prover too weak. 9 trivial. 0 not checked.
[2026-06-06 15:08:16,101 INFO  L324   FreeRefinementEngine]: Using interpolant generator IpTcStrategyModuleSmtInterpolCraig [1610636639]
[2026-06-06 15:08:16,101 INFO  L136   FreeRefinementEngine]: Strategy CAMEL found an infeasible trace
[2026-06-06 15:08:16,101 INFO  L185   FreeRefinementEngine]: Found 1 perfect and 0 imperfect interpolant sequences.
[2026-06-06 15:08:16,101 INFO  L324   FreeRefinementEngine]: Using interpolant generator IpTcStrategyModuleSmtInterpolCraig [849036141]
[2026-06-06 15:08:16,101 INFO  L100   FreeRefinementEngine]: Using predicate unifier PredicateUnifier provided by strategy CAMEL
[2026-06-06 15:08:16,101 INFO  L158   FreeRefinementEngine]: IpTcStrategyModuleSmtInterpolCraig [1610636639] provided 1 perfect and 0 imperfect interpolant sequences
[2026-06-06 15:08:16,101 INFO  L134       CoverageAnalysis]: Checked inductivity of 2 backedges. 0 proven. 0 refuted. 0 times theorem prover too weak. 2 trivial. 0 not checked.
[2026-06-06 15:08:16,101 INFO  L185   FreeRefinementEngine]: Found 1 perfect and 0 imperfect interpolant sequences.
[2026-06-06 15:08:16,101 INFO  L158   FreeRefinementEngine]: IpTcStrategyModuleSmtInterpolCraig [849036141] provided 1 perfect and 0 imperfect interpolant sequences
[2026-06-06 15:08:16,101 INFO  L198   FreeRefinementEngine]: Number of different interpolants: perfect sequences [2] imperfect sequences [] total 2
[2026-06-06 15:08:16,101 INFO  L185   FreeRefinementEngine]: Found 1 perfect and 0 imperfect interpolant sequences.
[2026-06-06 15:08:16,101 INFO  L198   FreeRefinementEngine]: Number of different interpolants: perfect sequences [2] imperfect sequences [] total 2
[2026-06-06 15:08:16,101 INFO  L136   FreeRefinementEngine]: Strategy CAMEL found an infeasible trace
[2026-06-06 15:08:16,101 INFO  L122   tionRefinementEngine]: Using interpolant automaton builder IpAbStrategyModuleStraightlineAll [1728599333]
[2026-06-06 15:08:16,101 INFO  L198   FreeRefinementEngine]: Number of different interpolants: perfect sequences [2] imperfect sequences [] total 2
[2026-06-06 15:08:16,101 INFO  L122   tionRefinementEngine]: Using interpolant automaton builder IpAbStrategyModuleStraightlineAll [902084869]
[2026-06-06 15:08:16,102 INFO  L122   tionRefinementEngine]: Using interpolant automaton builder IpAbStrategyModuleStraightlineAll [30100703]
[2026-06-06 15:08:16,101 INFO  L85    oduleStraightlineAll]: Using 1 perfect interpolants to construct interpolant automaton
[2026-06-06 15:08:16,101 INFO  L324   FreeRefinementEngine]: Using interpolant generator IpTcStrategyModuleSmtInterpolCraig [1752720408]
[2026-06-06 15:08:16,102 INFO  L85    oduleStraightlineAll]: Using 1 perfect interpolants to construct interpolant automaton
[2026-06-06 15:08:16,102 INFO  L85    oduleStraightlineAll]: Using 1 perfect interpolants to construct interpolant automaton
[2026-06-06 15:08:16,102 INFO  L100   FreeRefinementEngine]: Using predicate unifier PredicateUnifier provided by strategy CAMEL
[2026-06-06 15:08:16,102 INFO  L158   FreeRefinementEngine]: IpTcStrategyModuleSmtInterpolCraig [1752720408] provided 1 perfect and 0 imperfect interpolant sequences
[2026-06-06 15:08:16,102 INFO  L100   FreeRefinementEngine]: Using predicate unifier PredicateUnifier provided by strategy CAMEL
[2026-06-06 15:08:16,102 INFO  L100   FreeRefinementEngine]: Using predicate unifier PredicateUnifier provided by strategy CAMEL
[2026-06-06 15:08:16,102 INFO  L185   FreeRefinementEngine]: Found 1 perfect and 0 imperfect interpolant sequences.
[2026-06-06 15:08:16,102 INFO  L198   FreeRefinementEngine]: Number of different interpolants: perfect sequences [2] imperfect sequences [] total 2
[2026-06-06 15:08:16,102 INFO  L122   tionRefinementEngine]: Using interpolant automaton builder IpAbStrategyModuleStraightlineAll [575852406]
[2026-06-06 15:08:16,102 INFO  L85    oduleStraightlineAll]: Using 1 perfect interpolants to construct interpolant automaton
[2026-06-06 15:08:16,102 INFO  L100   FreeRefinementEngine]: Using predicate unifier PredicateUnifier provided by strategy CAMEL
[2026-06-06 15:08:16,102 INFO  L134       CoverageAnalysis]: Checked inductivity of 0 backedges. 0 proven. 0 refuted. 0 times theorem prover too weak. 0 trivial. 0 not checked.
[2026-06-06 15:08:16,102 INFO  L136   FreeRefinementEngine]: Strategy CAMEL found an infeasible trace
[2026-06-06 15:08:16,102 INFO  L324   FreeRefinementEngine]: Using interpolant generator IpTcStrategyModuleSmtInterpolCraig [1982918879]
[2026-06-06 15:08:16,102 INFO  L158   FreeRefinementEngine]: IpTcStrategyModuleSmtInterpolCraig [1982918879] provided 1 perfect and 0 imperfect interpolant sequences
[2026-06-06 15:08:16,102 INFO  L185   FreeRefinementEngine]: Found 1 perfect and 0 imperfect interpolant sequences.
[2026-06-06 15:08:16,102 INFO  L198   FreeRefinementEngine]: Number of different interpolants: perfect sequences [2] imperfect sequences [] total 2
[2026-06-06 15:08:16,102 INFO  L122   tionRefinementEngine]: Using interpolant automaton builder IpAbStrategyModuleStraightlineAll [722200614]
[2026-06-06 15:08:16,102 INFO  L85    oduleStraightlineAll]: Using 1 perfect interpolants to construct interpolant automaton
[2026-06-06 15:08:16,102 INFO  L100   FreeRefinementEngine]: Using predicate unifier PredicateUnifier provided by strategy CAMEL
[2026-06-06 15:08:16,103 INFO  L134       CoverageAnalysis]: Checked inductivity of 2 backedges. 0 proven. 1 refuted. 0 times theorem prover too weak. 1 trivial. 0 not checked.
[2026-06-06 15:08:16,103 INFO  L134       CoverageAnalysis]: Checked inductivity of 3 backedges. 0 proven. 1 refuted. 0 times theorem prover too weak. 2 trivial. 0 not checked.
[2026-06-06 15:08:16,103 INFO  L136   FreeRefinementEngine]: Strategy CAMEL found an infeasible trace
[2026-06-06 15:08:16,104 INFO  L136   FreeRefinementEngine]: Strategy CAMEL found an infeasible trace
[2026-06-06 15:08:16,104 INFO  L324   FreeRefinementEngine]: Using interpolant generator IpTcStrategyModuleSmtInterpolCraig [840725052]
[2026-06-06 15:08:16,104 INFO  L324   FreeRefinementEngine]: Using interpolant generator IpTcStrategyModuleSmtInterpolCraig [2117007881]
[2026-06-06 15:08:16,104 INFO  L158   FreeRefinementEngine]: IpTcStrategyModuleSmtInterpolCraig [840725052] provided 0 perfect and 1 imperfect interpolant sequences
[2026-06-06 15:08:16,104 INFO  L158   FreeRefinementEngine]: IpTcStrategyModuleSmtInterpolCraig [2117007881] provided 0 perfect and 1 imperfect interpolant sequences
[2026-06-06 15:08:16,104 INFO  L324   FreeRefinementEngine]: Using interpolant generator IpTcStrategyModuleZ3 [1471117172]
[2026-06-06 15:08:16,104 INFO  L324   FreeRefinementEngine]: Using interpolant generator IpTcStrategyModuleZ3 [915846021]
[2026-06-06 15:08:16,104 INFO  L97    rtionOrderModulation]: Keeping assertion order NOT_INCREMENTALLY
[2026-06-06 15:08:16,104 INFO  L134       CoverageAnalysis]: Checked inductivity of 6 backedges. 0 proven. 1 refuted. 0 times theorem prover too weak. 5 trivial. 0 not checked.
[2026-06-06 15:08:16,104 INFO  L97    rtionOrderModulation]: Keeping assertion order NOT_INCREMENTALLY
[2026-06-06 15:08:16,104 INFO  L134       CoverageAnalysis]: Checked inductivity of 5 backedges. 0 proven. 1 refuted. 0 times theorem prover too weak. 4 trivial. 0 not checked.
[2026-06-06 15:08:16,104 INFO  L173          SolverBuilder]: Constructing external solver with command: z3 -smt2 -in SMTLIB2_COMPLIANT=true
[2026-06-06 15:08:16,104 INFO  L136   FreeRefinementEngine]: Strategy CAMEL found an infeasible trace
[2026-06-06 15:08:16,104 INFO  L136   FreeRefinementEngine]: Strategy CAMEL found an infeasible trace
[2026-06-06 15:08:16,104 INFO  L134       CoverageAnalysis]: Checked inductivity of 7 backedges. 0 proven. 1 refuted. 0 times theorem prover too weak. 6 trivial. 0 not checked.
[2026-06-06 15:08:16,104 INFO  L173          SolverBuilder]: Constructing external solver with command: z3 -smt2 -in SMTLIB2_COMPLIANT=true
[2026-06-06 15:08:16,104 INFO  L136   FreeRefinementEngine]: Strategy CAMEL found an infeasible trace
[2026-06-06 15:08:16,104 INFO  L324   FreeRefinementEngine]: Using interpolant generator IpTcStrategyModuleSmtInterpolCraig [359720684]
[2026-06-06 15:08:16,104 INFO  L324   FreeRefinementEngine]: Using interpolant generator IpTcStrategyModuleSmtInterpolCraig [1568014464]
[2026-06-06 15:08:16,104 INFO  L158   FreeRefinementEngine]: IpTcStrategyModuleSmtInterpolCraig [359720684] provided 0 perfect and 1 imperfect interpolant sequences
[2026-06-06 15:08:16,104 INFO  L324   FreeRefinementEngine]: Using interpolant generator IpTcStrategyModuleSmtInterpolCraig [124441590]
[2026-06-06 15:08:16,104 INFO  L324   FreeRefinementEngine]: Using interpolant generator IpTcStrategyModuleZ3 [1630050228]
[2026-06-06 15:08:16,104 INFO  L158   FreeRefinementEngine]: IpTcStrategyModuleSmtInterpolCraig [1568014464] provided 0 perfect and 1 imperfect interpolant sequences
[2026-06-06 15:08:16,104 INFO  L97    rtionOrderModulation]: Keeping assertion order NOT_INCREMENTALLY
[2026-06-06 15:08:16,104 INFO  L158   FreeRefinementEngine]: IpTcStrategyModuleSmtInterpolCraig [124441590] provided 0 perfect and 1 imperfect interpolant sequences
[2026-06-06 15:08:16,104 INFO  L324   FreeRefinementEngine]: Using interpolant generator IpTcStrategyModuleZ3 [1658533485]
[2026-06-06 15:08:16,104 INFO  L324   FreeRefinementEngine]: Using interpolant generator IpTcStrategyModuleZ3 [568792347]
[2026-06-06 15:08:16,104 INFO  L173          SolverBuilder]: Constructing external solver with command: z3 -smt2 -in SMTLIB2_COMPLIANT=true
[2026-06-06 15:08:16,104 INFO  L95    rtionOrderModulation]: Changing assertion order to OUTSIDE_LOOP_FIRST1
[2026-06-06 15:08:16,104 INFO  L173          SolverBuilder]: Constructing external solver with command: z3 -smt2 -in SMTLIB2_COMPLIANT=true
[2026-06-06 15:08:16,104 INFO  L97    rtionOrderModulation]: Keeping assertion order NOT_INCREMENTALLY
[2026-06-06 15:08:16,105 INFO  L173          SolverBuilder]: Constructing external solver with command: z3 -smt2 -in SMTLIB2_COMPLIANT=true
[2026-06-06 15:08:16,107 INFO  L189       MonitoredProcess]: No working directory specified, using /usr/bin/z3
[2026-06-06 15:08:16,108 INFO  L189       MonitoredProcess]: No working directory specified, using /usr/bin/z3
[2026-06-06 15:08:16,109 INFO  L189       MonitoredProcess]: No working directory specified, using /usr/bin/z3
[2026-06-06 15:08:16,109 INFO  L189       MonitoredProcess]: No working directory specified, using /usr/bin/z3
[2026-06-06 15:08:16,109 INFO  L229       MonitoredProcess]: Starting monitored process 18 with /usr/bin/z3 -smt2 -in SMTLIB2_COMPLIANT=true (exit command is (exit), workingDir is null)
[2026-06-06 15:08:16,109 INFO  L229       MonitoredProcess]: Starting monitored process 19 with /usr/bin/z3 -smt2 -in SMTLIB2_COMPLIANT=true (exit command is (exit), workingDir is null)
[2026-06-06 15:08:16,110 INFO  L327       MonitoredProcess]: [MP /usr/bin/z3 -smt2 -in SMTLIB2_COMPLIANT=true (18)] Waiting until timeout for monitored process
[2026-06-06 15:08:16,110 INFO  L189       MonitoredProcess]: No working directory specified, using /usr/bin/z3
[2026-06-06 15:08:16,110 INFO  L327       MonitoredProcess]: [MP /usr/bin/z3 -smt2 -in SMTLIB2_COMPLIANT=true (19)] Waiting until timeout for monitored process
[2026-06-06 15:08:16,111 INFO  L229       MonitoredProcess]: Starting monitored process 20 with /usr/bin/z3 -smt2 -in SMTLIB2_COMPLIANT=true (exit command is (exit), workingDir is null)
[2026-06-06 15:08:16,111 INFO  L134       CoverageAnalysis]: Checked inductivity of 3 backedges. 0 proven. 0 refuted. 0 times theorem prover too weak. 3 trivial. 0 not checked.
[2026-06-06 15:08:16,111 INFO  L136   FreeRefinementEngine]: Strategy CAMEL found an infeasible trace
[2026-06-06 15:08:16,111 INFO  L324   FreeRefinementEngine]: Using interpolant generator IpTcStrategyModuleSmtInterpolCraig [1000536622]
[2026-06-06 15:08:16,111 INFO  L134       CoverageAnalysis]: Checked inductivity of 21 backedges. 0 proven. 0 refuted. 0 times theorem prover too weak. 21 trivial. 0 not checked.
[2026-06-06 15:08:16,111 INFO  L134       CoverageAnalysis]: Checked inductivity of 10 backedges. 0 proven. 0 refuted. 0 times theorem prover too weak. 10 trivial. 0 not checked.
[2026-06-06 15:08:16,111 INFO  L136   FreeRefinementEngine]: Strategy CAMEL found an infeasible trace
[2026-06-06 15:08:16,111 INFO  L158   FreeRefinementEngine]: IpTcStrategyModuleSmtInterpolCraig [1000536622] provided 1 perfect and 0 imperfect interpolant sequences
[2026-06-06 15:08:16,111 INFO  L324   FreeRefinementEngine]: Using interpolant generator IpTcStrategyModuleSmtInterpolCraig [1694267129]
[2026-06-06 15:08:16,111 INFO  L136   FreeRefinementEngine]: Strategy CAMEL found an infeasible trace
[2026-06-06 15:08:16,111 INFO  L229       MonitoredProcess]: Starting monitored process 21 with /usr/bin/z3 -smt2 -in SMTLIB2_COMPLIANT=true (exit command is (exit), workingDir is null)
[2026-06-06 15:08:16,111 INFO  L324   FreeRefinementEngine]: Using interpolant generator IpTcStrategyModuleSmtInterpolCraig [1461940160]
[2026-06-06 15:08:16,111 INFO  L158   FreeRefinementEngine]: IpTcStrategyModuleSmtInterpolCraig [1694267129] provided 1 perfect and 0 imperfect interpolant sequences
[2026-06-06 15:08:16,111 INFO  L185   FreeRefinementEngine]: Found 1 perfect and 0 imperfect interpolant sequences.
[2026-06-06 15:08:16,111 INFO  L185   FreeRefinementEngine]: Found 1 perfect and 0 imperfect interpolant sequences.
[2026-06-06 15:08:16,111 INFO  L158   FreeRefinementEngine]: IpTcStrategyModuleSmtInterpolCraig [1461940160] provided 1 perfect and 0 imperfect interpolant sequences
[2026-06-06 15:08:16,111 INFO  L198   FreeRefinementEngine]: Number of different interpolants: perfect sequences [3] imperfect sequences [] total 3
[2026-06-06 15:08:16,111 INFO  L327       MonitoredProcess]: [MP /usr/bin/z3 -smt2 -in SMTLIB2_COMPLIANT=true (20)] Waiting until timeout for monitored process
[2026-06-06 15:08:16,111 INFO  L198   FreeRefinementEngine]: Number of different interpolants: perfect sequences [3] imperfect sequences [] total 3
[2026-06-06 15:08:16,111 INFO  L122   tionRefinementEngine]: Using interpolant automaton builder IpAbStrategyModuleStraightlineAll [1604144752]
[2026-06-06 15:08:16,111 INFO  L185   FreeRefinementEngine]: Found 1 perfect and 0 imperfect interpolant sequences.
[2026-06-06 15:08:16,112 INFO  L85    oduleStraightlineAll]: Using 1 perfect interpolants to construct interpolant automaton
[2026-06-06 15:08:16,112 INFO  L122   tionRefinementEngine]: Using interpolant automaton builder IpAbStrategyModuleStraightlineAll [1001520730]
[2026-06-06 15:08:16,112 INFO  L229       MonitoredProcess]: Starting monitored process 22 with /usr/bin/z3 -smt2 -in SMTLIB2_COMPLIANT=true (exit command is (exit), workingDir is null)
[2026-06-06 15:08:16,112 INFO  L198   FreeRefinementEngine]: Number of different interpolants: perfect sequences [3] imperfect sequences [] total 3
[2026-06-06 15:08:16,112 INFO  L100   FreeRefinementEngine]: Using predicate unifier PredicateUnifier provided by strategy CAMEL
[2026-06-06 15:08:16,112 INFO  L85    oduleStraightlineAll]: Using 1 perfect interpolants to construct interpolant automaton
[2026-06-06 15:08:16,112 INFO  L122   tionRefinementEngine]: Using interpolant automaton builder IpAbStrategyModuleStraightlineAll [861861251]
[2026-06-06 15:08:16,112 INFO  L85    oduleStraightlineAll]: Using 1 perfect interpolants to construct interpolant automaton
[2026-06-06 15:08:16,112 INFO  L100   FreeRefinementEngine]: Using predicate unifier PredicateUnifier provided by strategy CAMEL
[2026-06-06 15:08:16,112 INFO  L100   FreeRefinementEngine]: Using predicate unifier PredicateUnifier provided by strategy CAMEL
[2026-06-06 15:08:16,112 INFO  L327       MonitoredProcess]: [MP /usr/bin/z3 -smt2 -in SMTLIB2_COMPLIANT=true (21)] Waiting until timeout for monitored process
[2026-06-06 15:08:16,113 INFO  L327       MonitoredProcess]: [MP /usr/bin/z3 -smt2 -in SMTLIB2_COMPLIANT=true (22)] Waiting until timeout for monitored process
[2026-06-06 15:08:16,117 INFO  L144   InterpolantAutomaton]: Constructing interpolant automaton starting with 2 interpolants.
[2026-06-06 15:08:16,117 INFO  L144   InterpolantAutomaton]: Constructing interpolant automaton starting with 3 interpolants.
[2026-06-06 15:08:16,117 INFO  L144   InterpolantAutomaton]: Constructing interpolant automaton starting with 3 interpolants.
[2026-06-06 15:08:16,117 INFO  L144   InterpolantAutomaton]: Constructing interpolant automaton starting with 4 interpolants.
[2026-06-06 15:08:16,117 INFO  L144   InterpolantAutomaton]: Constructing interpolant automaton starting with 4 interpolants.
[2026-06-06 15:08:16,117 INFO  L144   InterpolantAutomaton]: Constructing interpolant automaton starting with 4 interpolants.
[2026-06-06 15:08:16,117 INFO  L144   InterpolantAutomaton]: Constructing interpolant automaton starting with 3 interpolants.
[2026-06-06 15:08:16,117 INFO  L144   InterpolantAutomaton]: Constructing interpolant automaton starting with 3 interpolants.
[2026-06-06 15:08:16,117 INFO  L144   InterpolantAutomaton]: Constructing interpolant automaton starting with 3 interpolants.
[2026-06-06 15:08:16,118 INFO  L146   InterpolantAutomaton]: CoverageRelationStatistics Valid=3, Invalid=3, Unknown=0, NotChecked=0, Total=6
[2026-06-06 15:08:16,118 INFO  L146   InterpolantAutomaton]: CoverageRelationStatistics Valid=3, Invalid=3, Unknown=0, NotChecked=0, Total=6
[2026-06-06 15:08:16,118 INFO  L419   CegarNwaWorkerThread]: Difference in Worker for Generalization
[2026-06-06 15:08:16,117 INFO  L144   InterpolantAutomaton]: Constructing interpolant automaton starting with 3 interpolants.
[2026-06-06 15:08:16,118 INFO  L419   CegarNwaWorkerThread]: Difference in Worker for Generalization
[2026-06-06 15:08:16,118 INFO  L146   InterpolantAutomaton]: CoverageRelationStatistics Valid=6, Invalid=6, Unknown=0, NotChecked=0, Total=12
[2026-06-06 15:08:16,118 INFO  L419   CegarNwaWorkerThread]: Difference in Worker for Generalization
[2026-06-06 15:08:16,118 INFO  L146   InterpolantAutomaton]: CoverageRelationStatistics Valid=3, Invalid=3, Unknown=0, NotChecked=0, Total=6
[2026-06-06 15:08:16,118 INFO  L419   CegarNwaWorkerThread]: Difference in Worker for Generalization
[2026-06-06 15:08:16,118 INFO  L146   InterpolantAutomaton]: CoverageRelationStatistics Valid=3, Invalid=3, Unknown=0, NotChecked=0, Total=6
[2026-06-06 15:08:16,118 INFO  L419   CegarNwaWorkerThread]: Difference in Worker for Generalization
[2026-06-06 15:08:16,118 INFO  L146   InterpolantAutomaton]: CoverageRelationStatistics Valid=3, Invalid=3, Unknown=0, NotChecked=0, Total=6
[2026-06-06 15:08:16,118 INFO  L419   CegarNwaWorkerThread]: Difference in Worker for Generalization
[2026-06-06 15:08:16,118 INFO  L146   InterpolantAutomaton]: CoverageRelationStatistics Valid=1, Invalid=1, Unknown=0, NotChecked=0, Total=2
[2026-06-06 15:08:16,118 INFO  L419   CegarNwaWorkerThread]: Difference in Worker for Generalization
[2026-06-06 15:08:16,118 INFO  L146   InterpolantAutomaton]: CoverageRelationStatistics Valid=6, Invalid=6, Unknown=0, NotChecked=0, Total=12
[2026-06-06 15:08:16,118 INFO  L419   CegarNwaWorkerThread]: Difference in Worker for Generalization
[2026-06-06 15:08:16,118 INFO  L146   InterpolantAutomaton]: CoverageRelationStatistics Valid=6, Invalid=6, Unknown=0, NotChecked=0, Total=12
[2026-06-06 15:08:16,118 INFO  L419   CegarNwaWorkerThread]: Difference in Worker for Generalization
[2026-06-06 15:08:16,117 INFO  L134       CoverageAnalysis]: Checked inductivity of 7 backedges. 0 proven. 1 refuted. 0 times theorem prover too weak. 6 trivial. 0 not checked.
[2026-06-06 15:08:16,118 INFO  L146   InterpolantAutomaton]: CoverageRelationStatistics Valid=3, Invalid=3, Unknown=0, NotChecked=0, Total=6
[2026-06-06 15:08:16,118 INFO  L419   CegarNwaWorkerThread]: Difference in Worker for Generalization
[2026-06-06 15:08:16,118 INFO  L136   FreeRefinementEngine]: Strategy CAMEL found an infeasible trace
[2026-06-06 15:08:16,118 INFO  L324   FreeRefinementEngine]: Using interpolant generator IpTcStrategyModuleSmtInterpolCraig [671937962]
[2026-06-06 15:08:16,118 INFO  L158   FreeRefinementEngine]: IpTcStrategyModuleSmtInterpolCraig [671937962] provided 0 perfect and 1 imperfect interpolant sequences
[2026-06-06 15:08:16,118 INFO  L324   FreeRefinementEngine]: Using interpolant generator IpTcStrategyModuleZ3 [1841092709]
[2026-06-06 15:08:16,118 INFO  L95    rtionOrderModulation]: Changing assertion order to OUTSIDE_LOOP_FIRST1
[2026-06-06 15:08:16,119 INFO  L173          SolverBuilder]: Constructing external solver with command: z3 -smt2 -in SMTLIB2_COMPLIANT=true
[2026-06-06 15:08:16,120 INFO  L87              Difference]: Start difference. First operand  has 6 states, 5 states have (on average 1.8) internal successors, (9), 5 states have internal predecessors, (9), 0 states have call successors, (0), 0 states have call predecessors, (0), 0 states have return successors, (0), 0 states have call predecessors, (0), 0 states have call successors, (0) Second operand  has 4 states, 4 states have (on average 1.25) internal successors, (5), 3 states have internal predecessors, (5), 0 states have call successors, (0), 0 states have call predecessors, (0), 0 states have return successors, (0), 0 states have call predecessors, (0), 0 states have call successors, (0)
[2026-06-06 15:08:16,120 INFO  L87              Difference]: Start difference. First operand  has 6 states, 5 states have (on average 1.8) internal successors, (9), 5 states have internal predecessors, (9), 0 states have call successors, (0), 0 states have call predecessors, (0), 0 states have return successors, (0), 0 states have call predecessors, (0), 0 states have call successors, (0) Second operand  has 3 states, 3 states have (on average 2.0) internal successors, (6), 2 states have internal predecessors, (6), 0 states have call successors, (0), 0 states have call predecessors, (0), 0 states have return successors, (0), 0 states have call predecessors, (0), 0 states have call successors, (0)
[2026-06-06 15:08:16,120 INFO  L87              Difference]: Start difference. First operand  has 6 states, 5 states have (on average 1.8) internal successors, (9), 5 states have internal predecessors, (9), 0 states have call successors, (0), 0 states have call predecessors, (0), 0 states have return successors, (0), 0 states have call predecessors, (0), 0 states have call successors, (0) Second operand  has 4 states, 4 states have (on average 1.25) internal successors, (5), 3 states have internal predecessors, (5), 0 states have call successors, (0), 0 states have call predecessors, (0), 0 states have return successors, (0), 0 states have call predecessors, (0), 0 states have call successors, (0)
[2026-06-06 15:08:16,120 INFO  L87              Difference]: Start difference. First operand  has 6 states, 5 states have (on average 1.8) internal successors, (9), 5 states have internal predecessors, (9), 0 states have call successors, (0), 0 states have call predecessors, (0), 0 states have return successors, (0), 0 states have call predecessors, (0), 0 states have call successors, (0) Second operand  has 3 states, 3 states have (on average 2.3333333333333335) internal successors, (7), 2 states have internal predecessors, (7), 0 states have call successors, (0), 0 states have call predecessors, (0), 0 states have return successors, (0), 0 states have call predecessors, (0), 0 states have call successors, (0)
[2026-06-06 15:08:16,120 INFO  L87              Difference]: Start difference. First operand  has 6 states, 5 states have (on average 1.8) internal successors, (9), 5 states have internal predecessors, (9), 0 states have call successors, (0), 0 states have call predecessors, (0), 0 states have return successors, (0), 0 states have call predecessors, (0), 0 states have call successors, (0) Second operand  has 3 states, 3 states have (on average 1.3333333333333333) internal successors, (4), 2 states have internal predecessors, (4), 0 states have call successors, (0), 0 states have call predecessors, (0), 0 states have return successors, (0), 0 states have call predecessors, (0), 0 states have call successors, (0)
[2026-06-06 15:08:16,120 INFO  L87              Difference]: Start difference. First operand  has 6 states, 5 states have (on average 1.8) internal successors, (9), 5 states have internal predecessors, (9), 0 states have call successors, (0), 0 states have call predecessors, (0), 0 states have return successors, (0), 0 states have call predecessors, (0), 0 states have call successors, (0) Second operand  has 3 states, 3 states have (on average 2.3333333333333335) internal successors, (7), 2 states have internal predecessors, (7), 0 states have call successors, (0), 0 states have call predecessors, (0), 0 states have return successors, (0), 0 states have call predecessors, (0), 0 states have call successors, (0)
[2026-06-06 15:08:16,120 INFO  L87              Difference]: Start difference. First operand  has 6 states, 5 states have (on average 1.8) internal successors, (9), 5 states have internal predecessors, (9), 0 states have call successors, (0), 0 states have call predecessors, (0), 0 states have return successors, (0), 0 states have call predecessors, (0), 0 states have call successors, (0) Second operand  has 2 states, 2 states have (on average 4.0) internal successors, (8), 2 states have internal predecessors, (8), 0 states have call successors, (0), 0 states have call predecessors, (0), 0 states have return successors, (0), 0 states have call predecessors, (0), 0 states have call successors, (0)
[2026-06-06 15:08:16,120 INFO  L87              Difference]: Start difference. First operand  has 6 states, 5 states have (on average 1.8) internal successors, (9), 5 states have internal predecessors, (9), 0 states have call successors, (0), 0 states have call predecessors, (0), 0 states have return successors, (0), 0 states have call predecessors, (0), 0 states have call successors, (0) Second operand  has 3 states, 3 states have (on average 2.3333333333333335) internal successors, (7), 2 states have internal predecessors, (7), 0 states have call successors, (0), 0 states have call predecessors, (0), 0 states have return successors, (0), 0 states have call predecessors, (0), 0 states have call successors, (0)
[2026-06-06 15:08:16,120 INFO  L87              Difference]: Start difference. First operand  has 6 states, 5 states have (on average 1.8) internal successors, (9), 5 states have internal predecessors, (9), 0 states have call successors, (0), 0 states have call predecessors, (0), 0 states have return successors, (0), 0 states have call predecessors, (0), 0 states have call successors, (0) Second operand  has 4 states, 4 states have (on average 1.25) internal successors, (5), 3 states have internal predecessors, (5), 0 states have call successors, (0), 0 states have call predecessors, (0), 0 states have return successors, (0), 0 states have call predecessors, (0), 0 states have call successors, (0)
[2026-06-06 15:08:16,120 INFO  L87              Difference]: Start difference. First operand  has 6 states, 5 states have (on average 1.8) internal successors, (9), 5 states have internal predecessors, (9), 0 states have call successors, (0), 0 states have call predecessors, (0), 0 states have return successors, (0), 0 states have call predecessors, (0), 0 states have call successors, (0) Second operand  has 3 states, 3 states have (on average 2.3333333333333335) internal successors, (7), 2 states have internal predecessors, (7), 0 states have call successors, (0), 0 states have call predecessors, (0), 0 states have return successors, (0), 0 states have call predecessors, (0), 0 states have call successors, (0)
[2026-06-06 15:08:16,122 INFO  L189       MonitoredProcess]: No working directory specified, using /usr/bin/z3
[2026-06-06 15:08:16,124 INFO  L229       MonitoredProcess]: Starting monitored process 23 with /usr/bin/z3 -smt2 -in SMTLIB2_COMPLIANT=true (exit command is (exit), workingDir is null)
[2026-06-06 15:08:16,124 INFO  L327       MonitoredProcess]: [MP /usr/bin/z3 -smt2 -in SMTLIB2_COMPLIANT=true (23)] Waiting until timeout for monitored process
[2026-06-06 15:08:16,129 INFO  L108    AnnotateAndAsserter]: Assert order NOT_INCREMENTALLY partitioned 9 statements into 1 equivalence classes.
[2026-06-06 15:08:16,129 INFO  L108    AnnotateAndAsserter]: Assert order NOT_INCREMENTALLY partitioned 8 statements into 1 equivalence classes.
[2026-06-06 15:08:16,129 INFO  L108    AnnotateAndAsserter]: Assert order NOT_INCREMENTALLY partitioned 7 statements into 1 equivalence classes.
[2026-06-06 15:08:16,129 INFO  L108    AnnotateAndAsserter]: Assert order NOT_INCREMENTALLY partitioned 10 statements into 1 equivalence classes.
[2026-06-06 15:08:16,129 INFO  L108    AnnotateAndAsserter]: Assert order OUTSIDE_LOOP_FIRST1 partitioned 10 statements into 2 equivalence classes.
[2026-06-06 15:08:16,133 INFO  L144             Difference]: Subtrahend was deterministic. Have not used determinization.
[2026-06-06 15:08:16,133 INFO  L93              Difference]: Finished difference Result 6 states and 8 transitions.
[2026-06-06 15:08:16,133 INFO  L140   InterpolantAutomaton]: Switched to read-only mode: deterministic interpolant automaton has 2 states. 
[2026-06-06 15:08:16,135 INFO  L111    AnnotateAndAsserter]: Assert order NOT_INCREMENTALLY issued 1 check-sat command(s) and asserted 7 of 7 statements.
[2026-06-06 15:08:16,135 INFO  L114    AnnotateAndAsserter]: Assert order NOT_INCREMENTALLY issued 1 check-sat command(s)
[2026-06-06 15:08:16,135 INFO  L115    AnnotateAndAsserter]: Conjunction of SSA is unsat
[2026-06-06 15:08:16,136 INFO  L144             Difference]: Subtrahend was deterministic. Have not used determinization.
[2026-06-06 15:08:16,136 INFO  L93              Difference]: Finished difference Result 7 states and 9 transitions.
[2026-06-06 15:08:16,136 INFO  L256         TraceCheckSpWp]: Trace formula consists of 52 conjuncts, 3 conjuncts are in the unsatisfiable core
[2026-06-06 15:08:16,136 INFO  L144             Difference]: Subtrahend was deterministic. Have not used determinization.
[2026-06-06 15:08:16,136 INFO  L93              Difference]: Finished difference Result 7 states and 9 transitions.
[2026-06-06 15:08:16,136 INFO  L111    AnnotateAndAsserter]: Assert order NOT_INCREMENTALLY issued 1 check-sat command(s) and asserted 8 of 8 statements.
[2026-06-06 15:08:16,136 INFO  L114    AnnotateAndAsserter]: Assert order NOT_INCREMENTALLY issued 1 check-sat command(s)
[2026-06-06 15:08:16,136 INFO  L115    AnnotateAndAsserter]: Conjunction of SSA is unsat
[2026-06-06 15:08:16,136 INFO  L140   InterpolantAutomaton]: Switched to read-only mode: deterministic interpolant automaton has 3 states. 
[2026-06-06 15:08:16,136 INFO  L144             Difference]: Subtrahend was deterministic. Have not used determinization.
[2026-06-06 15:08:16,136 INFO  L93              Difference]: Finished difference Result 7 states and 9 transitions.
[2026-06-06 15:08:16,136 INFO  L144             Difference]: Subtrahend was deterministic. Have not used determinization.
[2026-06-06 15:08:16,136 INFO  L140   InterpolantAutomaton]: Switched to read-only mode: deterministic interpolant automaton has 3 states. 
[2026-06-06 15:08:16,136 INFO  L93              Difference]: Finished difference Result 7 states and 9 transitions.
[2026-06-06 15:08:16,136 INFO  L140   InterpolantAutomaton]: Switched to read-only mode: deterministic interpolant automaton has 3 states. 
[2026-06-06 15:08:16,136 INFO  L256         TraceCheckSpWp]: Trace formula consists of 58 conjuncts, 1 conjuncts are in the unsatisfiable core
[2026-06-06 15:08:16,136 INFO  L144             Difference]: Subtrahend was deterministic. Have not used determinization.
[2026-06-06 15:08:16,137 INFO  L111    AnnotateAndAsserter]: Assert order NOT_INCREMENTALLY issued 1 check-sat command(s) and asserted 9 of 9 statements.
[2026-06-06 15:08:16,137 INFO  L140   InterpolantAutomaton]: Switched to read-only mode: deterministic interpolant automaton has 3 states. 
[2026-06-06 15:08:16,137 INFO  L114    AnnotateAndAsserter]: Assert order NOT_INCREMENTALLY issued 1 check-sat command(s)
[2026-06-06 15:08:16,137 INFO  L115    AnnotateAndAsserter]: Conjunction of SSA is unsat
[2026-06-06 15:08:16,137 INFO  L93              Difference]: Finished difference Result 7 states and 9 transitions.
[2026-06-06 15:08:16,137 INFO  L144             Difference]: Subtrahend was deterministic. Have not used determinization.
[2026-06-06 15:08:16,137 INFO  L93              Difference]: Finished difference Result 7 states and 9 transitions.
[2026-06-06 15:08:16,137 INFO  L140   InterpolantAutomaton]: Switched to read-only mode: deterministic interpolant automaton has 3 states. 
[2026-06-06 15:08:16,137 INFO  L140   InterpolantAutomaton]: Switched to read-only mode: deterministic interpolant automaton has 3 states. 
[2026-06-06 15:08:16,137 INFO  L256         TraceCheckSpWp]: Trace formula consists of 64 conjuncts, 3 conjuncts are in the unsatisfiable core
[2026-06-06 15:08:16,137 INFO  L111    AnnotateAndAsserter]: Assert order NOT_INCREMENTALLY issued 1 check-sat command(s) and asserted 10 of 10 statements.
[2026-06-06 15:08:16,137 INFO  L114    AnnotateAndAsserter]: Assert order NOT_INCREMENTALLY issued 1 check-sat command(s)
[2026-06-06 15:08:16,137 INFO  L115    AnnotateAndAsserter]: Conjunction of SSA is unsat
[2026-06-06 15:08:16,138 INFO  L279         TraceCheckSpWp]: Computing forward predicates...
[2026-06-06 15:08:16,138 INFO  L256         TraceCheckSpWp]: Trace formula consists of 70 conjuncts, 1 conjuncts are in the unsatisfiable core
[2026-06-06 15:08:16,138 INFO  L279         TraceCheckSpWp]: Computing forward predicates...
[2026-06-06 15:08:16,138 INFO  L279         TraceCheckSpWp]: Computing forward predicates...
[2026-06-06 15:08:16,138 INFO  L279         TraceCheckSpWp]: Computing forward predicates...
[2026-06-06 15:08:16,138 INFO  L225             Difference]: With dead ends: 7
[2026-06-06 15:08:16,138 INFO  L225             Difference]: With dead ends: 6
[2026-06-06 15:08:16,138 INFO  L226             Difference]: Without dead ends: 6
[2026-06-06 15:08:16,138 INFO  L225             Difference]: With dead ends: 7
[2026-06-06 15:08:16,138 INFO  L226             Difference]: Without dead ends: 7
[2026-06-06 15:08:16,138 INFO  L225             Difference]: With dead ends: 7
[2026-06-06 15:08:16,138 INFO  L226             Difference]: Without dead ends: 7
[2026-06-06 15:08:16,138 INFO  L225             Difference]: With dead ends: 7
[2026-06-06 15:08:16,139 INFO  L226             Difference]: Without dead ends: 7
[2026-06-06 15:08:16,138 INFO  L225             Difference]: With dead ends: 7
[2026-06-06 15:08:16,139 INFO  L226             Difference]: Without dead ends: 7
[2026-06-06 15:08:16,138 INFO  L225             Difference]: With dead ends: 7
[2026-06-06 15:08:16,139 INFO  L111    AnnotateAndAsserter]: Assert order OUTSIDE_LOOP_FIRST1 issued 2 check-sat command(s) and asserted 10 of 10 statements.
[2026-06-06 15:08:16,138 INFO  L226             Difference]: Without dead ends: 7
[2026-06-06 15:08:16,139 INFO  L114    AnnotateAndAsserter]: Assert order OUTSIDE_LOOP_FIRST1 issued 2 check-sat command(s)
[2026-06-06 15:08:16,139 INFO  L115    AnnotateAndAsserter]: Conjunction of SSA is unsat
[2026-06-06 15:08:16,139 INFO  L226             Difference]: Without dead ends: 7
[2026-06-06 15:08:16,139 INFO  L256         TraceCheckSpWp]: Trace formula consists of 73 conjuncts, 3 conjuncts are in the unsatisfiable core
[2026-06-06 15:08:16,140 INFO  L279         TraceCheckSpWp]: Computing forward predicates...
[2026-06-06 15:08:16,140 INFO  L487   CegarNwaWorkerThread]: 0 DeclaredPredicates, 2 GetRequests, 1 SyntacticMatches, 0 SemanticMatches, 1 ConstructedPredicates, 0 IntricatePredicates, 0 DeprecatedPredicates, 0 ImplicationChecksByTransitivity, 0.0s TimeCoverageRelationStatistics Valid=3, Invalid=3, Unknown=0, NotChecked=0, Total=6
[2026-06-06 15:08:16,140 INFO  L487   CegarNwaWorkerThread]: 0 DeclaredPredicates, 2 GetRequests, 1 SyntacticMatches, 0 SemanticMatches, 1 ConstructedPredicates, 0 IntricatePredicates, 0 DeprecatedPredicates, 0 ImplicationChecksByTransitivity, 0.0s TimeCoverageRelationStatistics Valid=3, Invalid=3, Unknown=0, NotChecked=0, Total=6
[2026-06-06 15:08:16,140 INFO  L487   CegarNwaWorkerThread]: 0 DeclaredPredicates, 2 GetRequests, 1 SyntacticMatches, 0 SemanticMatches, 1 ConstructedPredicates, 0 IntricatePredicates, 0 DeprecatedPredicates, 0 ImplicationChecksByTransitivity, 0.0s TimeCoverageRelationStatistics Valid=3, Invalid=3, Unknown=0, NotChecked=0, Total=6
[2026-06-06 15:08:16,140 INFO  L487   CegarNwaWorkerThread]: 0 DeclaredPredicates, 2 GetRequests, 2 SyntacticMatches, 0 SemanticMatches, 0 ConstructedPredicates, 0 IntricatePredicates, 0 DeprecatedPredicates, 0 ImplicationChecksByTransitivity, 0.0s TimeCoverageRelationStatistics Valid=1, Invalid=1, Unknown=0, NotChecked=0, Total=2
[2026-06-06 15:08:16,140 INFO  L487   CegarNwaWorkerThread]: 0 DeclaredPredicates, 2 GetRequests, 1 SyntacticMatches, 0 SemanticMatches, 1 ConstructedPredicates, 0 IntricatePredicates, 0 DeprecatedPredicates, 0 ImplicationChecksByTransitivity, 0.0s TimeCoverageRelationStatistics Valid=3, Invalid=3, Unknown=0, NotChecked=0, Total=6
[2026-06-06 15:08:16,140 INFO  L487   CegarNwaWorkerThread]: 0 DeclaredPredicates, 2 GetRequests, 1 SyntacticMatches, 0 SemanticMatches, 1 ConstructedPredicates, 0 IntricatePredicates, 0 DeprecatedPredicates, 0 ImplicationChecksByTransitivity, 0.0s TimeCoverageRelationStatistics Valid=3, Invalid=3, Unknown=0, NotChecked=0, Total=6
[2026-06-06 15:08:16,140 INFO  L487   CegarNwaWorkerThread]: 0 DeclaredPredicates, 2 GetRequests, 1 SyntacticMatches, 0 SemanticMatches, 1 ConstructedPredicates, 0 IntricatePredicates, 0 DeprecatedPredicates, 0 ImplicationChecksByTransitivity, 0.0s TimeCoverageRelationStatistics Valid=3, Invalid=3, Unknown=0, NotChecked=0, Total=6
[2026-06-06 15:08:16,141 INFO  L134       CoverageAnalysis]: Checked inductivity of 3 backedges. 2 proven. 0 refuted. 0 times theorem prover too weak. 1 trivial. 0 not checked.
[2026-06-06 15:08:16,141 INFO  L134       CoverageAnalysis]: Checked inductivity of 6 backedges. 2 proven. 0 refuted. 0 times theorem prover too weak. 4 trivial. 0 not checked.
[2026-06-06 15:08:16,141 INFO  L308         TraceCheckSpWp]: Omiting computation of backward sequence because forward sequence was already perfect
[2026-06-06 15:08:16,141 INFO  L308         TraceCheckSpWp]: Omiting computation of backward sequence because forward sequence was already perfect
[2026-06-06 15:08:16,141 INFO  L158   FreeRefinementEngine]: IpTcStrategyModuleZ3 [1658533485] provided 1 perfect and 0 imperfect interpolant sequences
[2026-06-06 15:08:16,141 INFO  L158   FreeRefinementEngine]: IpTcStrategyModuleZ3 [915846021] provided 1 perfect and 0 imperfect interpolant sequences
[2026-06-06 15:08:16,141 INFO  L185   FreeRefinementEngine]: Found 1 perfect and 1 imperfect interpolant sequences.
[2026-06-06 15:08:16,141 INFO  L185   FreeRefinementEngine]: Found 1 perfect and 1 imperfect interpolant sequences.
[2026-06-06 15:08:16,141 INFO  L198   FreeRefinementEngine]: Number of different interpolants: perfect sequences [2] imperfect sequences [3] total 4
[2026-06-06 15:08:16,141 INFO  L198   FreeRefinementEngine]: Number of different interpolants: perfect sequences [2] imperfect sequences [3] total 4
[2026-06-06 15:08:16,142 INFO  L122   tionRefinementEngine]: Using interpolant automaton builder IpAbStrategyModuleStraightlineAll [939194259]
[2026-06-06 15:08:16,142 INFO  L122   tionRefinementEngine]: Using interpolant automaton builder IpAbStrategyModuleStraightlineAll [962199616]
[2026-06-06 15:08:16,142 INFO  L488   CegarNwaWorkerThread]: 7 mSDtfsCounter, 0 mSDsluCounter, 5 mSDsCounter, 0 mSdLazyCounter, 3 mSolverCounterSat, 0 mSolverCounterUnsat, 0 mSolverCounterUnknown, 0 mSolverCounterNotChecked, 0.0s Time, 0 mProtectedPredicate, 0 mProtectedAction, 0 SdHoareTripleChecker+Valid, 12 SdHoareTripleChecker+Invalid, 3 SdHoareTripleChecker+Unknown, 0 SdHoareTripleChecker+Unchecked, 0.0s SdHoareTripleChecker+Time, 0 IncrementalHoareTripleChecker+Valid, 3 IncrementalHoareTripleChecker+Invalid, 0 IncrementalHoareTripleChecker+Unknown, 0 IncrementalHoareTripleChecker+Unchecked, 0.0s IncrementalHoareTripleChecker+Time
[2026-06-06 15:08:16,142 INFO  L488   CegarNwaWorkerThread]: 8 mSDtfsCounter, 0 mSDsluCounter, 0 mSDsCounter, 0 mSdLazyCounter, 0 mSolverCounterSat, 0 mSolverCounterUnsat, 0 mSolverCounterUnknown, 0 mSolverCounterNotChecked, 0.0s Time, 0 mProtectedPredicate, 0 mProtectedAction, 0 SdHoareTripleChecker+Valid, 8 SdHoareTripleChecker+Invalid, 0 SdHoareTripleChecker+Unknown, 0 SdHoareTripleChecker+Unchecked, 0.0s SdHoareTripleChecker+Time, 0 IncrementalHoareTripleChecker+Valid, 0 IncrementalHoareTripleChecker+Invalid, 0 IncrementalHoareTripleChecker+Unknown, 0 IncrementalHoareTripleChecker+Unchecked, 0.0s IncrementalHoareTripleChecker+Time
[2026-06-06 15:08:16,142 INFO  L85    oduleStraightlineAll]: Using 1 perfect interpolants to construct interpolant automaton
[2026-06-06 15:08:16,142 INFO  L488   CegarNwaWorkerThread]: 7 mSDtfsCounter, 0 mSDsluCounter, 5 mSDsCounter, 0 mSdLazyCounter, 3 mSolverCounterSat, 0 mSolverCounterUnsat, 0 mSolverCounterUnknown, 0 mSolverCounterNotChecked, 0.0s Time, 0 mProtectedPredicate, 0 mProtectedAction, 0 SdHoareTripleChecker+Valid, 12 SdHoareTripleChecker+Invalid, 3 SdHoareTripleChecker+Unknown, 0 SdHoareTripleChecker+Unchecked, 0.0s SdHoareTripleChecker+Time, 0 IncrementalHoareTripleChecker+Valid, 3 IncrementalHoareTripleChecker+Invalid, 0 IncrementalHoareTripleChecker+Unknown, 0 IncrementalHoareTripleChecker+Unchecked, 0.0s IncrementalHoareTripleChecker+Time
[2026-06-06 15:08:16,142 INFO  L488   CegarNwaWorkerThread]: 7 mSDtfsCounter, 0 mSDsluCounter, 5 mSDsCounter, 0 mSdLazyCounter, 3 mSolverCounterSat, 0 mSolverCounterUnsat, 0 mSolverCounterUnknown, 0 mSolverCounterNotChecked, 0.0s Time, 0 mProtectedPredicate, 0 mProtectedAction, 0 SdHoareTripleChecker+Valid, 12 SdHoareTripleChecker+Invalid, 3 SdHoareTripleChecker+Unknown, 0 SdHoareTripleChecker+Unchecked, 0.0s SdHoareTripleChecker+Time, 0 IncrementalHoareTripleChecker+Valid, 3 IncrementalHoareTripleChecker+Invalid, 0 IncrementalHoareTripleChecker+Unknown, 0 IncrementalHoareTripleChecker+Unchecked, 0.0s IncrementalHoareTripleChecker+Time
[2026-06-06 15:08:16,142 INFO  L85    oduleStraightlineAll]: Using 1 perfect interpolants to construct interpolant automaton
[2026-06-06 15:08:16,142 INFO  L488   CegarNwaWorkerThread]: 7 mSDtfsCounter, 0 mSDsluCounter, 5 mSDsCounter, 0 mSdLazyCounter, 3 mSolverCounterSat, 0 mSolverCounterUnsat, 0 mSolverCounterUnknown, 0 mSolverCounterNotChecked, 0.0s Time, 0 mProtectedPredicate, 0 mProtectedAction, 0 SdHoareTripleChecker+Valid, 12 SdHoareTripleChecker+Invalid, 3 SdHoareTripleChecker+Unknown, 0 SdHoareTripleChecker+Unchecked, 0.0s SdHoareTripleChecker+Time, 0 IncrementalHoareTripleChecker+Valid, 3 IncrementalHoareTripleChecker+Invalid, 0 IncrementalHoareTripleChecker+Unknown, 0 IncrementalHoareTripleChecker+Unchecked, 0.0s IncrementalHoareTripleChecker+Time
[2026-06-06 15:08:16,142 INFO  L100   FreeRefinementEngine]: Using predicate unifier PredicateUnifier provided by strategy CAMEL
[2026-06-06 15:08:16,142 INFO  L488   CegarNwaWorkerThread]: 7 mSDtfsCounter, 0 mSDsluCounter, 5 mSDsCounter, 0 mSdLazyCounter, 3 mSolverCounterSat, 0 mSolverCounterUnsat, 0 mSolverCounterUnknown, 0 mSolverCounterNotChecked, 0.0s Time, 0 mProtectedPredicate, 0 mProtectedAction, 0 SdHoareTripleChecker+Valid, 12 SdHoareTripleChecker+Invalid, 3 SdHoareTripleChecker+Unknown, 0 SdHoareTripleChecker+Unchecked, 0.0s SdHoareTripleChecker+Time, 0 IncrementalHoareTripleChecker+Valid, 3 IncrementalHoareTripleChecker+Invalid, 0 IncrementalHoareTripleChecker+Unknown, 0 IncrementalHoareTripleChecker+Unchecked, 0.0s IncrementalHoareTripleChecker+Time
[2026-06-06 15:08:16,142 INFO  L100   FreeRefinementEngine]: Using predicate unifier PredicateUnifier provided by strategy CAMEL
[2026-06-06 15:08:16,142 INFO  L488   CegarNwaWorkerThread]: 7 mSDtfsCounter, 0 mSDsluCounter, 5 mSDsCounter, 0 mSdLazyCounter, 3 mSolverCounterSat, 0 mSolverCounterUnsat, 0 mSolverCounterUnknown, 0 mSolverCounterNotChecked, 0.0s Time, 0 mProtectedPredicate, 0 mProtectedAction, 0 SdHoareTripleChecker+Valid, 12 SdHoareTripleChecker+Invalid, 3 SdHoareTripleChecker+Unknown, 0 SdHoareTripleChecker+Unchecked, 0.0s SdHoareTripleChecker+Time, 0 IncrementalHoareTripleChecker+Valid, 3 IncrementalHoareTripleChecker+Invalid, 0 IncrementalHoareTripleChecker+Unknown, 0 IncrementalHoareTripleChecker+Unchecked, 0.0s IncrementalHoareTripleChecker+Time
[2026-06-06 15:08:16,143 INFO  L489   CegarNwaWorkerThread]: SdHoareTripleChecker [0 Valid, 8 Invalid, 0 Unknown, 0 Unchecked, 0.0s Time], IncrementalHoareTripleChecker [0 Valid, 0 Invalid, 0 Unknown, 0 Unchecked, 0.0s Time]
[2026-06-06 15:08:16,143 INFO  L144   InterpolantAutomaton]: Constructing interpolant automaton starting with 2 interpolants.
[2026-06-06 15:08:16,143 INFO  L489   CegarNwaWorkerThread]: SdHoareTripleChecker [0 Valid, 12 Invalid, 3 Unknown, 0 Unchecked, 0.0s Time], IncrementalHoareTripleChecker [0 Valid, 3 Invalid, 0 Unknown, 0 Unchecked, 0.0s Time]
[2026-06-06 15:08:16,143 INFO  L144   InterpolantAutomaton]: Constructing interpolant automaton starting with 2 interpolants.
[2026-06-06 15:08:16,143 INFO  L489   CegarNwaWorkerThread]: SdHoareTripleChecker [0 Valid, 12 Invalid, 3 Unknown, 0 Unchecked, 0.0s Time], IncrementalHoareTripleChecker [0 Valid, 3 Invalid, 0 Unknown, 0 Unchecked, 0.0s Time]
[2026-06-06 15:08:16,143 INFO  L146   InterpolantAutomaton]: CoverageRelationStatistics Valid=6, Invalid=6, Unknown=0, NotChecked=0, Total=12
[2026-06-06 15:08:16,143 INFO  L419   CegarNwaWorkerThread]: Difference in Worker for Generalization
[2026-06-06 15:08:16,143 INFO  L489   CegarNwaWorkerThread]: SdHoareTripleChecker [0 Valid, 12 Invalid, 3 Unknown, 0 Unchecked, 0.0s Time], IncrementalHoareTripleChecker [0 Valid, 3 Invalid, 0 Unknown, 0 Unchecked, 0.0s Time]
[2026-06-06 15:08:16,143 INFO  L489   CegarNwaWorkerThread]: SdHoareTripleChecker [0 Valid, 12 Invalid, 3 Unknown, 0 Unchecked, 0.0s Time], IncrementalHoareTripleChecker [0 Valid, 3 Invalid, 0 Unknown, 0 Unchecked, 0.0s Time]
[2026-06-06 15:08:16,143 INFO  L489   CegarNwaWorkerThread]: SdHoareTripleChecker [0 Valid, 12 Invalid, 3 Unknown, 0 Unchecked, 0.0s Time], IncrementalHoareTripleChecker [0 Valid, 3 Invalid, 0 Unknown, 0 Unchecked, 0.0s Time]
[2026-06-06 15:08:16,143 INFO  L489   CegarNwaWorkerThread]: SdHoareTripleChecker [0 Valid, 12 Invalid, 3 Unknown, 0 Unchecked, 0.0s Time], IncrementalHoareTripleChecker [0 Valid, 3 Invalid, 0 Unknown, 0 Unchecked, 0.0s Time]
[2026-06-06 15:08:16,143 INFO  L144             Difference]: Subtrahend was deterministic. Have not used determinization.
[2026-06-06 15:08:16,143 INFO  L144             Difference]: Subtrahend was deterministic. Have not used determinization.
[2026-06-06 15:08:16,143 INFO  L144             Difference]: Subtrahend was deterministic. Have not used determinization.
[2026-06-06 15:08:16,143 INFO  L146   InterpolantAutomaton]: CoverageRelationStatistics Valid=6, Invalid=6, Unknown=0, NotChecked=0, Total=12
[2026-06-06 15:08:16,143 INFO  L419   CegarNwaWorkerThread]: Difference in Worker for Generalization
[2026-06-06 15:08:16,143 INFO  L93              Difference]: Finished difference Result 8 states and 11 transitions.
[2026-06-06 15:08:16,143 INFO  L93              Difference]: Finished difference Result 8 states and 11 transitions.
[2026-06-06 15:08:16,143 INFO  L93              Difference]: Finished difference Result 8 states and 11 transitions.
[2026-06-06 15:08:16,143 INFO  L108    AnnotateAndAsserter]: Assert order OUTSIDE_LOOP_FIRST1 partitioned 9 statements into 2 equivalence classes.
[2026-06-06 15:08:16,143 INFO  L87              Difference]: Start difference. First operand  has 6 states, 5 states have (on average 1.8) internal successors, (9), 5 states have internal predecessors, (9), 0 states have call successors, (0), 0 states have call predecessors, (0), 0 states have return successors, (0), 0 states have call predecessors, (0), 0 states have call successors, (0) Second operand  has 2 states, 2 states have (on average 4.0) internal successors, (8), 2 states have internal predecessors, (8), 0 states have call successors, (0), 0 states have call predecessors, (0), 0 states have return successors, (0), 0 states have call predecessors, (0), 0 states have call successors, (0)
[2026-06-06 15:08:16,143 INFO  L140   InterpolantAutomaton]: Switched to read-only mode: deterministic interpolant automaton has 4 states. 
[2026-06-06 15:08:16,143 INFO  L140   InterpolantAutomaton]: Switched to read-only mode: deterministic interpolant automaton has 4 states. 
[2026-06-06 15:08:16,143 INFO  L87              Difference]: Start difference. First operand  has 6 states, 5 states have (on average 1.8) internal successors, (9), 5 states have internal predecessors, (9), 0 states have call successors, (0), 0 states have call predecessors, (0), 0 states have return successors, (0), 0 states have call predecessors, (0), 0 states have call successors, (0) Second operand  has 2 states, 2 states have (on average 4.5) internal successors, (9), 2 states have internal predecessors, (9), 0 states have call successors, (0), 0 states have call predecessors, (0), 0 states have return successors, (0), 0 states have call predecessors, (0), 0 states have call successors, (0)
[2026-06-06 15:08:16,144 INFO  L140   InterpolantAutomaton]: Switched to read-only mode: deterministic interpolant automaton has 4 states. 
[2026-06-06 15:08:16,144 INFO  L225             Difference]: With dead ends: 8
[2026-06-06 15:08:16,144 INFO  L226             Difference]: Without dead ends: 8
[2026-06-06 15:08:16,144 INFO  L487   CegarNwaWorkerThread]: 0 DeclaredPredicates, 3 GetRequests, 1 SyntacticMatches, 0 SemanticMatches, 2 ConstructedPredicates, 0 IntricatePredicates, 0 DeprecatedPredicates, 0 ImplicationChecksByTransitivity, 0.0s TimeCoverageRelationStatistics Valid=6, Invalid=6, Unknown=0, NotChecked=0, Total=12
[2026-06-06 15:08:16,144 INFO  L144             Difference]: Subtrahend was deterministic. Have not used determinization.
[2026-06-06 15:08:16,144 INFO  L93              Difference]: Finished difference Result 6 states and 8 transitions.
[2026-06-06 15:08:16,144 INFO  L140   InterpolantAutomaton]: Switched to read-only mode: deterministic interpolant automaton has 2 states. 
[2026-06-06 15:08:16,144 INFO  L225             Difference]: With dead ends: 6
[2026-06-06 15:08:16,144 INFO  L226             Difference]: Without dead ends: 6
[2026-06-06 15:08:16,144 INFO  L224   CegarNwaWorkerThread]: Done with Thread: 137#
[2026-06-06 15:08:16,144 INFO  L224   CegarNwaWorkerThread]: Done with Thread: 125#
[2026-06-06 15:08:16,144 INFO  L196   CegarNwaWorkerThread]: WorkerThread: Thread[#137,Worker for -177145800,5,main] is Waiting for a Task
[2026-06-06 15:08:16,144 INFO  L224   CegarNwaWorkerThread]: Done with Thread: 155#
[2026-06-06 15:08:16,144 INFO  L224   CegarNwaWorkerThread]: Done with Thread: 80#
[2026-06-06 15:08:16,144 INFO  L224   CegarNwaWorkerThread]: Done with Thread: 119#
[2026-06-06 15:08:16,144 INFO  L224   CegarNwaWorkerThread]: Done with Thread: 161#
[2026-06-06 15:08:16,144 INFO  L196   CegarNwaWorkerThread]: WorkerThread: Thread[#119,Worker for 1899621898,5,main] is Waiting for a Task
[2026-06-06 15:08:16,144 INFO  L196   CegarNwaWorkerThread]: WorkerThread: Thread[#80,Worker for 928714,5,main] is Waiting for a Task
[2026-06-06 15:08:16,144 INFO  L196   CegarNwaWorkerThread]: WorkerThread: Thread[#155,Worker for 177753866,5,main] is Waiting for a Task
[2026-06-06 15:08:16,144 INFO  L196   CegarNwaWorkerThread]: WorkerThread: Thread[#125,Worker for -1243339174,5,main] is Waiting for a Task
[2026-06-06 15:08:16,144 INFO  L657   ParallelNwaCegarLoop]: Waking up, a worker is done.
[2026-06-06 15:08:16,144 INFO  L297   ParallelNwaCegarLoop]: Main: A Thread is Done
[2026-06-06 15:08:16,144 INFO  L487   CegarNwaWorkerThread]: 0 DeclaredPredicates, 10 GetRequests, 8 SyntacticMatches, 0 SemanticMatches, 2 ConstructedPredicates, 0 IntricatePredicates, 0 DeprecatedPredicates, 0 ImplicationChecksByTransitivity, 0.0s TimeCoverageRelationStatistics Valid=6, Invalid=6, Unknown=0, NotChecked=0, Total=12
[2026-06-06 15:08:16,144 INFO  L225             Difference]: With dead ends: 8
[2026-06-06 15:08:16,144 INFO  L488   CegarNwaWorkerThread]: 4 mSDtfsCounter, 10 mSDsluCounter, 2 mSDsCounter, 0 mSdLazyCounter, 9 mSolverCounterSat, 0 mSolverCounterUnsat, 0 mSolverCounterUnknown, 0 mSolverCounterNotChecked, 0.0s Time, 0 mProtectedPredicate, 0 mProtectedAction, 10 SdHoareTripleChecker+Valid, 6 SdHoareTripleChecker+Invalid, 9 SdHoareTripleChecker+Unknown, 0 SdHoareTripleChecker+Unchecked, 0.0s SdHoareTripleChecker+Time, 0 IncrementalHoareTripleChecker+Valid, 9 IncrementalHoareTripleChecker+Invalid, 0 IncrementalHoareTripleChecker+Unknown, 0 IncrementalHoareTripleChecker+Unchecked, 0.0s IncrementalHoareTripleChecker+Time
[2026-06-06 15:08:16,144 INFO  L224   CegarNwaWorkerThread]: Done with Thread: 131#
[2026-06-06 15:08:16,144 INFO  L315   ParallelNwaCegarLoop]: Worker Automaton Type: FLOYD_HOARE
[2026-06-06 15:08:16,144 INFO  L226             Difference]: Without dead ends: 8
[2026-06-06 15:08:16,144 INFO  L225             Difference]: With dead ends: 8
[2026-06-06 15:08:16,145 INFO  L226             Difference]: Without dead ends: 8
[2026-06-06 15:08:16,144 INFO  L144             Difference]: Subtrahend was deterministic. Have not used determinization.
[2026-06-06 15:08:16,144 INFO  L196   CegarNwaWorkerThread]: WorkerThread: Thread[#161,Worker for 1213326682,5,main] is Waiting for a Task
[2026-06-06 15:08:16,145 INFO  L93              Difference]: Finished difference Result 6 states and 8 transitions.
[2026-06-06 15:08:16,145 INFO  L487   CegarNwaWorkerThread]: 0 DeclaredPredicates, 3 GetRequests, 1 SyntacticMatches, 0 SemanticMatches, 2 ConstructedPredicates, 0 IntricatePredicates, 0 DeprecatedPredicates, 0 ImplicationChecksByTransitivity, 0.0s TimeCoverageRelationStatistics Valid=6, Invalid=6, Unknown=0, NotChecked=0, Total=12
[2026-06-06 15:08:16,145 INFO  L79                 Accepts]: Start accepts. Automaton has  has 6 states, 5 states have (on average 1.8) internal successors, (9), 5 states have internal predecessors, (9), 0 states have call successors, (0), 0 states have call predecessors, (0), 0 states have return successors, (0), 0 states have call predecessors, (0), 0 states have call successors, (0) Word has length 10
[2026-06-06 15:08:16,145 INFO  L487   CegarNwaWorkerThread]: 0 DeclaredPredicates, 3 GetRequests, 1 SyntacticMatches, 0 SemanticMatches, 2 ConstructedPredicates, 0 IntricatePredicates, 0 DeprecatedPredicates, 0 ImplicationChecksByTransitivity, 0.0s TimeCoverageRelationStatistics Valid=6, Invalid=6, Unknown=0, NotChecked=0, Total=12
[2026-06-06 15:08:16,145 INFO  L489   CegarNwaWorkerThread]: SdHoareTripleChecker [10 Valid, 6 Invalid, 9 Unknown, 0 Unchecked, 0.0s Time], IncrementalHoareTripleChecker [0 Valid, 9 Invalid, 0 Unknown, 0 Unchecked, 0.0s Time]
[2026-06-06 15:08:16,145 INFO  L196   CegarNwaWorkerThread]: WorkerThread: Thread[#131,Worker for 109204775,5,main] is Waiting for a Task
[2026-06-06 15:08:16,145 INFO  L85                 Accepts]: Finished accepts. word is accepted.
[2026-06-06 15:08:16,145 INFO  L488   CegarNwaWorkerThread]: 8 mSDtfsCounter, 0 mSDsluCounter, 0 mSDsCounter, 0 mSdLazyCounter, 0 mSolverCounterSat, 0 mSolverCounterUnsat, 0 mSolverCounterUnknown, 0 mSolverCounterNotChecked, 0.0s Time, 0 mProtectedPredicate, 0 mProtectedAction, 0 SdHoareTripleChecker+Valid, 8 SdHoareTripleChecker+Invalid, 0 SdHoareTripleChecker+Unknown, 0 SdHoareTripleChecker+Unchecked, 0.0s SdHoareTripleChecker+Time, 0 IncrementalHoareTripleChecker+Valid, 0 IncrementalHoareTripleChecker+Invalid, 0 IncrementalHoareTripleChecker+Unknown, 0 IncrementalHoareTripleChecker+Unchecked, 0.0s IncrementalHoareTripleChecker+Time
[2026-06-06 15:08:16,145 INFO  L140   InterpolantAutomaton]: Switched to read-only mode: deterministic interpolant automaton has 2 states. 
[2026-06-06 15:08:16,145 INFO  L224   CegarNwaWorkerThread]: Done with Thread: 86#
[2026-06-06 15:08:16,145 INFO  L317   ParallelNwaCegarLoop]: Refining Abstraction
[2026-06-06 15:08:16,145 INFO  L225             Difference]: With dead ends: 6
[2026-06-06 15:08:16,145 INFO  L226             Difference]: Without dead ends: 6
[2026-06-06 15:08:16,145 INFO  L196   CegarNwaWorkerThread]: WorkerThread: Thread[#86,Worker for 894182058,5,main] is Waiting for a Task
[2026-06-06 15:08:16,145 INFO  L721   ParallelNwaCegarLoop]: Subtrahend traceHash: -177145800
[2026-06-06 15:08:16,145 INFO  L488   CegarNwaWorkerThread]: 4 mSDtfsCounter, 10 mSDsluCounter, 2 mSDsCounter, 0 mSdLazyCounter, 9 mSolverCounterSat, 0 mSolverCounterUnsat, 0 mSolverCounterUnknown, 0 mSolverCounterNotChecked, 0.0s Time, 0 mProtectedPredicate, 0 mProtectedAction, 10 SdHoareTripleChecker+Valid, 6 SdHoareTripleChecker+Invalid, 9 SdHoareTripleChecker+Unknown, 0 SdHoareTripleChecker+Unchecked, 0.0s SdHoareTripleChecker+Time, 0 IncrementalHoareTripleChecker+Valid, 9 IncrementalHoareTripleChecker+Invalid, 0 IncrementalHoareTripleChecker+Unknown, 0 IncrementalHoareTripleChecker+Unchecked, 0.0s IncrementalHoareTripleChecker+Time
[2026-06-06 15:08:16,145 INFO  L489   CegarNwaWorkerThread]: SdHoareTripleChecker [0 Valid, 8 Invalid, 0 Unknown, 0 Unchecked, 0.0s Time], IncrementalHoareTripleChecker [0 Valid, 0 Invalid, 0 Unknown, 0 Unchecked, 0.0s Time]
[2026-06-06 15:08:16,145 INFO  L687   ParallelNwaCegarLoop]: Difference in Main
[2026-06-06 15:08:16,145 INFO  L487   CegarNwaWorkerThread]: 0 DeclaredPredicates, 12 GetRequests, 10 SyntacticMatches, 0 SemanticMatches, 2 ConstructedPredicates, 0 IntricatePredicates, 0 DeprecatedPredicates, 0 ImplicationChecksByTransitivity, 0.0s TimeCoverageRelationStatistics Valid=6, Invalid=6, Unknown=0, NotChecked=0, Total=12
[2026-06-06 15:08:16,146 INFO  L489   CegarNwaWorkerThread]: SdHoareTripleChecker [10 Valid, 6 Invalid, 9 Unknown, 0 Unchecked, 0.0s Time], IncrementalHoareTripleChecker [0 Valid, 9 Invalid, 0 Unknown, 0 Unchecked, 0.0s Time]
[2026-06-06 15:08:16,146 INFO  L224   CegarNwaWorkerThread]: Done with Thread: 98#
[2026-06-06 15:08:16,146 INFO  L87              Difference]: Start difference. First operand  has 6 states, 5 states have (on average 1.8) internal successors, (9), 5 states have internal predecessors, (9), 0 states have call successors, (0), 0 states have call predecessors, (0), 0 states have return successors, (0), 0 states have call predecessors, (0), 0 states have call successors, (0) Second operand  has 2 states, 1 states have (on average 9.0) internal successors, (9), 2 states have internal predecessors, (9), 0 states have call successors, (0), 0 states have call predecessors, (0), 0 states have return successors, (0), 0 states have call predecessors, (0), 0 states have call successors, (0)
[2026-06-06 15:08:16,146 INFO  L196   CegarNwaWorkerThread]: WorkerThread: Thread[#98,Worker for 264859992,5,main] is Waiting for a Task
[2026-06-06 15:08:16,146 INFO  L488   CegarNwaWorkerThread]: 4 mSDtfsCounter, 10 mSDsluCounter, 2 mSDsCounter, 0 mSdLazyCounter, 9 mSolverCounterSat, 0 mSolverCounterUnsat, 0 mSolverCounterUnknown, 0 mSolverCounterNotChecked, 0.0s Time, 0 mProtectedPredicate, 0 mProtectedAction, 10 SdHoareTripleChecker+Valid, 6 SdHoareTripleChecker+Invalid, 9 SdHoareTripleChecker+Unknown, 0 SdHoareTripleChecker+Unchecked, 0.0s SdHoareTripleChecker+Time, 0 IncrementalHoareTripleChecker+Valid, 9 IncrementalHoareTripleChecker+Invalid, 0 IncrementalHoareTripleChecker+Unknown, 0 IncrementalHoareTripleChecker+Unchecked, 0.0s IncrementalHoareTripleChecker+Time
[2026-06-06 15:08:16,146 INFO  L224   CegarNwaWorkerThread]: Done with Thread: 167#
[2026-06-06 15:08:16,146 INFO  L196   CegarNwaWorkerThread]: WorkerThread: Thread[#167,Worker for -124819350,5,main] is Waiting for a Task
[2026-06-06 15:08:16,146 INFO  L489   CegarNwaWorkerThread]: SdHoareTripleChecker [10 Valid, 6 Invalid, 9 Unknown, 0 Unchecked, 0.0s Time], IncrementalHoareTripleChecker [0 Valid, 9 Invalid, 0 Unknown, 0 Unchecked, 0.0s Time]
[2026-06-06 15:08:16,146 INFO  L144             Difference]: Subtrahend was deterministic. Have not used determinization.
[2026-06-06 15:08:16,146 INFO  L488   CegarNwaWorkerThread]: 8 mSDtfsCounter, 0 mSDsluCounter, 0 mSDsCounter, 0 mSdLazyCounter, 0 mSolverCounterSat, 0 mSolverCounterUnsat, 0 mSolverCounterUnknown, 0 mSolverCounterNotChecked, 0.0s Time, 0 mProtectedPredicate, 0 mProtectedAction, 0 SdHoareTripleChecker+Valid, 8 SdHoareTripleChecker+Invalid, 0 SdHoareTripleChecker+Unknown, 0 SdHoareTripleChecker+Unchecked, 0.0s SdHoareTripleChecker+Time, 0 IncrementalHoareTripleChecker+Valid, 0 IncrementalHoareTripleChecker+Invalid, 0 IncrementalHoareTripleChecker+Unknown, 0 IncrementalHoareTripleChecker+Unchecked, 0.0s IncrementalHoareTripleChecker+Time
[2026-06-06 15:08:16,146 INFO  L93              Difference]: Finished difference Result 6 states and 8 transitions.
[2026-06-06 15:08:16,146 INFO  L489   CegarNwaWorkerThread]: SdHoareTripleChecker [0 Valid, 8 Invalid, 0 Unknown, 0 Unchecked, 0.0s Time], IncrementalHoareTripleChecker [0 Valid, 0 Invalid, 0 Unknown, 0 Unchecked, 0.0s Time]
[2026-06-06 15:08:16,146 INFO  L225             Difference]: With dead ends: 6
[2026-06-06 15:08:16,146 INFO  L226             Difference]: Without dead ends: 6
[2026-06-06 15:08:16,146 INFO  L224   CegarNwaWorkerThread]: Done with Thread: 173#
[2026-06-06 15:08:16,146 INFO  L196   CegarNwaWorkerThread]: WorkerThread: Thread[#173,Worker for 1129592536,5,main] is Waiting for a Task
[2026-06-06 15:08:16,146 INFO  L224   CegarNwaWorkerThread]: Done with Thread: 104#
[2026-06-06 15:08:16,146 INFO  L196   CegarNwaWorkerThread]: WorkerThread: Thread[#104,Worker for 317186442,5,main] is Waiting for a Task
[2026-06-06 15:08:16,149 INFO  L111    AnnotateAndAsserter]: Assert order OUTSIDE_LOOP_FIRST1 issued 2 check-sat command(s) and asserted 9 of 9 statements.
[2026-06-06 15:08:16,149 INFO  L114    AnnotateAndAsserter]: Assert order OUTSIDE_LOOP_FIRST1 issued 2 check-sat command(s)
[2026-06-06 15:08:16,149 INFO  L115    AnnotateAndAsserter]: Conjunction of SSA is unsat
[2026-06-06 15:08:16,150 INFO  L256         TraceCheckSpWp]: Trace formula consists of 64 conjuncts, 5 conjuncts are in the unsatisfiable core
[2026-06-06 15:08:16,150 INFO  L279         TraceCheckSpWp]: Computing forward predicates...
[2026-06-06 15:08:16,154 INFO  L82        GeneralOperation]: Start minimizeSevpa. Operand 6 states.
[2026-06-06 15:08:16,155 INFO  L134       CoverageAnalysis]: Checked inductivity of 5 backedges. 0 proven. 1 refuted. 0 times theorem prover too weak. 4 trivial. 0 not checked.
[2026-06-06 15:08:16,155 INFO  L134       CoverageAnalysis]: Checked inductivity of 2 backedges. 0 proven. 1 refuted. 0 times theorem prover too weak. 1 trivial. 0 not checked.
[2026-06-06 15:08:16,155 INFO  L312         TraceCheckSpWp]: Computing backward predicates...
[2026-06-06 15:08:16,155 INFO  L312         TraceCheckSpWp]: Computing backward predicates...
[2026-06-06 15:08:16,156 INFO  L134       CoverageAnalysis]: Checked inductivity of 7 backedges. 0 proven. 1 refuted. 0 times theorem prover too weak. 6 trivial. 0 not checked.
[2026-06-06 15:08:16,156 INFO  L312         TraceCheckSpWp]: Computing backward predicates...
[2026-06-06 15:08:16,158 INFO  L88        GeneralOperation]: Finished minimizeSevpa. Reduced states from 6 to 6.
[2026-06-06 15:08:16,159 INFO  L82        GeneralOperation]: Start removeUnreachable. Operand  has 6 states, 5 states have (on average 1.6) internal successors, (8), 5 states have internal predecessors, (8), 0 states have call successors, (0), 0 states have call predecessors, (0), 0 states have return successors, (0), 0 states have call predecessors, (0), 0 states have call successors, (0)
[2026-06-06 15:08:16,160 INFO  L88        GeneralOperation]: Finished removeUnreachable. Reduced from 6 states to 6 states and 8 transitions.
[2026-06-06 15:08:16,160 INFO  L699   ParallelNwaCegarLoop]: Main: Refinement done.
[2026-06-06 15:08:16,160 INFO  L617   ParallelNwaCegarLoop]: Checking if program is safe
[2026-06-06 15:08:16,160 INFO  L290                IsEmpty]: Start isEmpty. Operand 6 states and 8 transitions.
[2026-06-06 15:08:16,160 INFO  L300                IsEmpty]: Finished isEmpty. Found accepting run of length 5
[2026-06-06 15:08:16,160 INFO  L199           NwaCegarLoop]: Found error trace
[2026-06-06 15:08:16,162 INFO  L207           NwaCegarLoop]: trace histogram [1, 1, 1, 1]
[2026-06-06 15:08:16,162 INFO  L297   ParallelNwaCegarLoop]: Main: A Thread is Done
[2026-06-06 15:08:16,162 INFO  L315   ParallelNwaCegarLoop]: Worker Automaton Type: FLOYD_HOARE
[2026-06-06 15:08:16,162 INFO  L79                 Accepts]: Start accepts. Automaton has 6 states and 8 transitions. Word has length 8
[2026-06-06 15:08:16,162 INFO  L85                 Accepts]: Finished accepts. word is accepted.
[2026-06-06 15:08:16,162 INFO  L317   ParallelNwaCegarLoop]: Refining Abstraction
[2026-06-06 15:08:16,162 INFO  L721   ParallelNwaCegarLoop]: Subtrahend traceHash: -1243339174
[2026-06-06 15:08:16,162 INFO  L687   ParallelNwaCegarLoop]: Difference in Main
[2026-06-06 15:08:16,162 INFO  L87              Difference]: Start difference. First operand 6 states and 8 transitions. Second operand  has 3 states, 2 states have (on average 5.5) internal successors, (11), 3 states have internal predecessors, (11), 0 states have call successors, (0), 0 states have call predecessors, (0), 0 states have return successors, (0), 0 states have call predecessors, (0), 0 states have call successors, (0)
[2026-06-06 15:08:16,162 INFO  L144             Difference]: Subtrahend was deterministic. Have not used determinization.
[2026-06-06 15:08:16,162 INFO  L93              Difference]: Finished difference Result 7 states and 9 transitions.
[2026-06-06 15:08:16,162 INFO  L225             Difference]: With dead ends: 7
[2026-06-06 15:08:16,162 INFO  L226             Difference]: Without dead ends: 7
[2026-06-06 15:08:16,162 INFO  L82        GeneralOperation]: Start minimizeSevpa. Operand 7 states.
[2026-06-06 15:08:16,163 INFO  L88        GeneralOperation]: Finished minimizeSevpa. Reduced states from 7 to 7.
[2026-06-06 15:08:16,163 INFO  L82        GeneralOperation]: Start removeUnreachable. Operand  has 7 states, 6 states have (on average 1.5) internal successors, (9), 6 states have internal predecessors, (9), 0 states have call successors, (0), 0 states have call predecessors, (0), 0 states have return successors, (0), 0 states have call predecessors, (0), 0 states have call successors, (0)
[2026-06-06 15:08:16,163 INFO  L88        GeneralOperation]: Finished removeUnreachable. Reduced from 7 states to 7 states and 9 transitions.
[2026-06-06 15:08:16,163 INFO  L699   ParallelNwaCegarLoop]: Main: Refinement done.
[2026-06-06 15:08:16,163 INFO  L617   ParallelNwaCegarLoop]: Checking if program is safe
[2026-06-06 15:08:16,163 INFO  L290                IsEmpty]: Start isEmpty. Operand 7 states and 9 transitions.
[2026-06-06 15:08:16,163 INFO  L300                IsEmpty]: Finished isEmpty. Found accepting run of length 6
[2026-06-06 15:08:16,163 INFO  L199           NwaCegarLoop]: Found error trace
[2026-06-06 15:08:16,163 INFO  L207           NwaCegarLoop]: trace histogram [1, 1, 1, 1, 1]
[2026-06-06 15:08:16,163 INFO  L297   ParallelNwaCegarLoop]: Main: A Thread is Done
[2026-06-06 15:08:16,163 INFO  L315   ParallelNwaCegarLoop]: Worker Automaton Type: FLOYD_HOARE
[2026-06-06 15:08:16,163 INFO  L79                 Accepts]: Start accepts. Automaton has 7 states and 9 transitions. Word has length 9
[2026-06-06 15:08:16,163 INFO  L85                 Accepts]: Finished accepts. word is rejected.
[2026-06-06 15:08:16,163 INFO  L771   ParallelNwaCegarLoop]: Recorded stale counterexample prefix coverage.
[2026-06-06 15:08:16,163 INFO  L317   ParallelNwaCegarLoop]: Refining Abstraction
[2026-06-06 15:08:16,163 INFO  L721   ParallelNwaCegarLoop]: Subtrahend traceHash: 177753866
[2026-06-06 15:08:16,163 INFO  L687   ParallelNwaCegarLoop]: Difference in Main
[2026-06-06 15:08:16,164 INFO  L87              Difference]: Start difference. First operand 7 states and 9 transitions. Second operand  has 3 states, 2 states have (on average 5.5) internal successors, (11), 3 states have internal predecessors, (11), 0 states have call successors, (0), 0 states have call predecessors, (0), 0 states have return successors, (0), 0 states have call predecessors, (0), 0 states have call successors, (0)
[2026-06-06 15:08:16,164 INFO  L144             Difference]: Subtrahend was deterministic. Have not used determinization.
[2026-06-06 15:08:16,164 INFO  L93              Difference]: Finished difference Result 7 states and 9 transitions.
[2026-06-06 15:08:16,164 INFO  L225             Difference]: With dead ends: 7
[2026-06-06 15:08:16,164 INFO  L226             Difference]: Without dead ends: 7
[2026-06-06 15:08:16,164 INFO  L82        GeneralOperation]: Start minimizeSevpa. Operand 7 states.
[2026-06-06 15:08:16,164 INFO  L88        GeneralOperation]: Finished minimizeSevpa. Reduced states from 7 to 7.
[2026-06-06 15:08:16,164 INFO  L82        GeneralOperation]: Start removeUnreachable. Operand  has 7 states, 6 states have (on average 1.5) internal successors, (9), 6 states have internal predecessors, (9), 0 states have call successors, (0), 0 states have call predecessors, (0), 0 states have return successors, (0), 0 states have call predecessors, (0), 0 states have call successors, (0)
[2026-06-06 15:08:16,164 INFO  L88        GeneralOperation]: Finished removeUnreachable. Reduced from 7 states to 7 states and 9 transitions.
[2026-06-06 15:08:16,164 INFO  L699   ParallelNwaCegarLoop]: Main: Refinement done.
[2026-06-06 15:08:16,164 INFO  L617   ParallelNwaCegarLoop]: Checking if program is safe
[2026-06-06 15:08:16,164 INFO  L290                IsEmpty]: Start isEmpty. Operand 7 states and 9 transitions.
[2026-06-06 15:08:16,164 INFO  L300                IsEmpty]: Finished isEmpty. Found accepting run of length 6
[2026-06-06 15:08:16,164 INFO  L199           NwaCegarLoop]: Found error trace
[2026-06-06 15:08:16,164 INFO  L207           NwaCegarLoop]: trace histogram [1, 1, 1, 1, 1]
[2026-06-06 15:08:16,164 INFO  L297   ParallelNwaCegarLoop]: Main: A Thread is Done
[2026-06-06 15:08:16,164 INFO  L315   ParallelNwaCegarLoop]: Worker Automaton Type: FLOYD_HOARE
[2026-06-06 15:08:16,164 INFO  L79                 Accepts]: Start accepts. Automaton has 7 states and 9 transitions. Word has length 4
[2026-06-06 15:08:16,164 INFO  L85                 Accepts]: Finished accepts. word is rejected.
[2026-06-06 15:08:16,164 INFO  L771   ParallelNwaCegarLoop]: Recorded stale counterexample prefix coverage.
[2026-06-06 15:08:16,164 INFO  L317   ParallelNwaCegarLoop]: Refining Abstraction
[2026-06-06 15:08:16,164 INFO  L721   ParallelNwaCegarLoop]: Subtrahend traceHash: 928714
[2026-06-06 15:08:16,165 INFO  L687   ParallelNwaCegarLoop]: Difference in Main
[2026-06-06 15:08:16,165 INFO  L87              Difference]: Start difference. First operand 7 states and 9 transitions. Second operand  has 3 states, 2 states have (on average 5.5) internal successors, (11), 3 states have internal predecessors, (11), 0 states have call successors, (0), 0 states have call predecessors, (0), 0 states have return successors, (0), 0 states have call predecessors, (0), 0 states have call successors, (0)
[2026-06-06 15:08:16,165 INFO  L144             Difference]: Subtrahend was deterministic. Have not used determinization.
[2026-06-06 15:08:16,165 INFO  L93              Difference]: Finished difference Result 7 states and 9 transitions.
[2026-06-06 15:08:16,165 INFO  L225             Difference]: With dead ends: 7
[2026-06-06 15:08:16,165 INFO  L226             Difference]: Without dead ends: 7
[2026-06-06 15:08:16,165 INFO  L82        GeneralOperation]: Start minimizeSevpa. Operand 7 states.
[2026-06-06 15:08:16,165 INFO  L134       CoverageAnalysis]: Checked inductivity of 2 backedges. 0 proven. 1 refuted. 0 times theorem prover too weak. 1 trivial. 0 not checked.
[2026-06-06 15:08:16,165 INFO  L158   FreeRefinementEngine]: IpTcStrategyModuleZ3 [1471117172] provided 0 perfect and 2 imperfect interpolant sequences
[2026-06-06 15:08:16,165 INFO  L185   FreeRefinementEngine]: Found 0 perfect and 3 imperfect interpolant sequences.
[2026-06-06 15:08:16,165 INFO  L198   FreeRefinementEngine]: Number of different interpolants: perfect sequences [] imperfect sequences [3, 3, 3] total 6
[2026-06-06 15:08:16,165 INFO  L88        GeneralOperation]: Finished minimizeSevpa. Reduced states from 7 to 7.
[2026-06-06 15:08:16,165 INFO  L134       CoverageAnalysis]: Checked inductivity of 5 backedges. 0 proven. 1 refuted. 0 times theorem prover too weak. 4 trivial. 0 not checked.
[2026-06-06 15:08:16,165 INFO  L122   tionRefinementEngine]: Using interpolant automaton builder IpAbStrategyModuleStraightlineAll [1883368490]
[2026-06-06 15:08:16,165 INFO  L158   FreeRefinementEngine]: IpTcStrategyModuleZ3 [1630050228] provided 0 perfect and 2 imperfect interpolant sequences
[2026-06-06 15:08:16,165 INFO  L85    oduleStraightlineAll]: Using 3 imperfect interpolants to construct interpolant automaton
[2026-06-06 15:08:16,165 INFO  L82        GeneralOperation]: Start removeUnreachable. Operand  has 7 states, 6 states have (on average 1.5) internal successors, (9), 6 states have internal predecessors, (9), 0 states have call successors, (0), 0 states have call predecessors, (0), 0 states have return successors, (0), 0 states have call predecessors, (0), 0 states have call successors, (0)
[2026-06-06 15:08:16,165 INFO  L185   FreeRefinementEngine]: Found 0 perfect and 3 imperfect interpolant sequences.
[2026-06-06 15:08:16,165 INFO  L100   FreeRefinementEngine]: Using predicate unifier PredicateUnifier provided by strategy CAMEL
[2026-06-06 15:08:16,165 INFO  L198   FreeRefinementEngine]: Number of different interpolants: perfect sequences [] imperfect sequences [3, 3, 3] total 6
[2026-06-06 15:08:16,165 INFO  L88        GeneralOperation]: Finished removeUnreachable. Reduced from 7 states to 7 states and 9 transitions.
[2026-06-06 15:08:16,165 INFO  L122   tionRefinementEngine]: Using interpolant automaton builder IpAbStrategyModuleStraightlineAll [1170461151]
[2026-06-06 15:08:16,165 INFO  L699   ParallelNwaCegarLoop]: Main: Refinement done.
[2026-06-06 15:08:16,165 INFO  L617   ParallelNwaCegarLoop]: Checking if program is safe
[2026-06-06 15:08:16,165 INFO  L85    oduleStraightlineAll]: Using 3 imperfect interpolants to construct interpolant automaton
[2026-06-06 15:08:16,165 INFO  L290                IsEmpty]: Start isEmpty. Operand 7 states and 9 transitions.
[2026-06-06 15:08:16,165 INFO  L100   FreeRefinementEngine]: Using predicate unifier PredicateUnifier provided by strategy CAMEL
[2026-06-06 15:08:16,165 INFO  L300                IsEmpty]: Finished isEmpty. Found accepting run of length 6
[2026-06-06 15:08:16,165 INFO  L144   InterpolantAutomaton]: Constructing interpolant automaton starting with 7 interpolants.
[2026-06-06 15:08:16,166 INFO  L199           NwaCegarLoop]: Found error trace
[2026-06-06 15:08:16,166 INFO  L146   InterpolantAutomaton]: CoverageRelationStatistics Valid=21, Invalid=21, Unknown=0, NotChecked=0, Total=42
[2026-06-06 15:08:16,166 INFO  L419   CegarNwaWorkerThread]: Difference in Worker for Generalization
[2026-06-06 15:08:16,166 INFO  L207           NwaCegarLoop]: trace histogram [1, 1, 1, 1, 1]
[2026-06-06 15:08:16,166 INFO  L144   InterpolantAutomaton]: Constructing interpolant automaton starting with 7 interpolants.
[2026-06-06 15:08:16,166 INFO  L297   ParallelNwaCegarLoop]: Main: A Thread is Done
[2026-06-06 15:08:16,166 INFO  L315   ParallelNwaCegarLoop]: Worker Automaton Type: FLOYD_HOARE
[2026-06-06 15:08:16,166 INFO  L87              Difference]: Start difference. First operand  has 6 states, 5 states have (on average 1.8) internal successors, (9), 5 states have internal predecessors, (9), 0 states have call successors, (0), 0 states have call predecessors, (0), 0 states have return successors, (0), 0 states have call predecessors, (0), 0 states have call successors, (0) Second operand  has 7 states, 7 states have (on average 1.7142857142857142) internal successors, (12), 6 states have internal predecessors, (12), 0 states have call successors, (0), 0 states have call predecessors, (0), 0 states have return successors, (0), 0 states have call predecessors, (0), 0 states have call successors, (0)
[2026-06-06 15:08:16,166 INFO  L79                 Accepts]: Start accepts. Automaton has 7 states and 9 transitions. Word has length 7
[2026-06-06 15:08:16,166 INFO  L85                 Accepts]: Finished accepts. word is rejected.
[2026-06-06 15:08:16,166 INFO  L146   InterpolantAutomaton]: CoverageRelationStatistics Valid=21, Invalid=21, Unknown=0, NotChecked=0, Total=42
[2026-06-06 15:08:16,166 INFO  L419   CegarNwaWorkerThread]: Difference in Worker for Generalization
[2026-06-06 15:08:16,166 INFO  L771   ParallelNwaCegarLoop]: Recorded stale counterexample prefix coverage.
[2026-06-06 15:08:16,166 INFO  L317   ParallelNwaCegarLoop]: Refining Abstraction
[2026-06-06 15:08:16,166 INFO  L721   ParallelNwaCegarLoop]: Subtrahend traceHash: 1899621898
[2026-06-06 15:08:16,166 INFO  L87              Difference]: Start difference. First operand  has 6 states, 5 states have (on average 1.8) internal successors, (9), 5 states have internal predecessors, (9), 0 states have call successors, (0), 0 states have call predecessors, (0), 0 states have return successors, (0), 0 states have call predecessors, (0), 0 states have call successors, (0) Second operand  has 7 states, 7 states have (on average 1.8571428571428572) internal successors, (13), 6 states have internal predecessors, (13), 0 states have call successors, (0), 0 states have call predecessors, (0), 0 states have return successors, (0), 0 states have call predecessors, (0), 0 states have call successors, (0)
[2026-06-06 15:08:16,166 INFO  L687   ParallelNwaCegarLoop]: Difference in Main
[2026-06-06 15:08:16,166 INFO  L87              Difference]: Start difference. First operand 7 states and 9 transitions. Second operand  has 3 states, 2 states have (on average 5.5) internal successors, (11), 3 states have internal predecessors, (11), 0 states have call successors, (0), 0 states have call predecessors, (0), 0 states have return successors, (0), 0 states have call predecessors, (0), 0 states have call successors, (0)
[2026-06-06 15:08:16,166 INFO  L144             Difference]: Subtrahend was deterministic. Have not used determinization.
[2026-06-06 15:08:16,166 INFO  L93              Difference]: Finished difference Result 7 states and 9 transitions.
[2026-06-06 15:08:16,166 INFO  L225             Difference]: With dead ends: 7
[2026-06-06 15:08:16,166 INFO  L226             Difference]: Without dead ends: 7
[2026-06-06 15:08:16,166 INFO  L82        GeneralOperation]: Start minimizeSevpa. Operand 7 states.
[2026-06-06 15:08:16,166 INFO  L88        GeneralOperation]: Finished minimizeSevpa. Reduced states from 7 to 7.
[2026-06-06 15:08:16,166 INFO  L82        GeneralOperation]: Start removeUnreachable. Operand  has 7 states, 6 states have (on average 1.5) internal successors, (9), 6 states have internal predecessors, (9), 0 states have call successors, (0), 0 states have call predecessors, (0), 0 states have return successors, (0), 0 states have call predecessors, (0), 0 states have call successors, (0)
[2026-06-06 15:08:16,166 INFO  L88        GeneralOperation]: Finished removeUnreachable. Reduced from 7 states to 7 states and 9 transitions.
[2026-06-06 15:08:16,166 INFO  L699   ParallelNwaCegarLoop]: Main: Refinement done.
[2026-06-06 15:08:16,166 INFO  L617   ParallelNwaCegarLoop]: Checking if program is safe
[2026-06-06 15:08:16,166 INFO  L290                IsEmpty]: Start isEmpty. Operand 7 states and 9 transitions.
[2026-06-06 15:08:16,167 INFO  L300                IsEmpty]: Finished isEmpty. Found accepting run of length 6
[2026-06-06 15:08:16,167 INFO  L199           NwaCegarLoop]: Found error trace
[2026-06-06 15:08:16,167 INFO  L207           NwaCegarLoop]: trace histogram [1, 1, 1, 1, 1]
[2026-06-06 15:08:16,167 INFO  L297   ParallelNwaCegarLoop]: Main: A Thread is Done
[2026-06-06 15:08:16,167 INFO  L315   ParallelNwaCegarLoop]: Worker Automaton Type: FLOYD_HOARE
[2026-06-06 15:08:16,167 INFO  L79                 Accepts]: Start accepts. Automaton has 7 states and 9 transitions. Word has length 10
[2026-06-06 15:08:16,167 INFO  L85                 Accepts]: Finished accepts. word is rejected.
[2026-06-06 15:08:16,167 INFO  L771   ParallelNwaCegarLoop]: Recorded stale counterexample prefix coverage.
[2026-06-06 15:08:16,167 INFO  L317   ParallelNwaCegarLoop]: Refining Abstraction
[2026-06-06 15:08:16,167 INFO  L721   ParallelNwaCegarLoop]: Subtrahend traceHash: 1213326682
[2026-06-06 15:08:16,167 INFO  L687   ParallelNwaCegarLoop]: Difference in Main
[2026-06-06 15:08:16,167 INFO  L87              Difference]: Start difference. First operand 7 states and 9 transitions. Second operand  has 3 states, 2 states have (on average 5.5) internal successors, (11), 3 states have internal predecessors, (11), 0 states have call successors, (0), 0 states have call predecessors, (0), 0 states have return successors, (0), 0 states have call predecessors, (0), 0 states have call successors, (0)
[2026-06-06 15:08:16,167 INFO  L144             Difference]: Subtrahend was deterministic. Have not used determinization.
[2026-06-06 15:08:16,167 INFO  L93              Difference]: Finished difference Result 7 states and 9 transitions.
[2026-06-06 15:08:16,167 INFO  L225             Difference]: With dead ends: 7
[2026-06-06 15:08:16,167 INFO  L226             Difference]: Without dead ends: 7
[2026-06-06 15:08:16,167 INFO  L82        GeneralOperation]: Start minimizeSevpa. Operand 7 states.
[2026-06-06 15:08:16,167 INFO  L134       CoverageAnalysis]: Checked inductivity of 7 backedges. 0 proven. 1 refuted. 0 times theorem prover too weak. 6 trivial. 0 not checked.
[2026-06-06 15:08:16,167 INFO  L88        GeneralOperation]: Finished minimizeSevpa. Reduced states from 7 to 7.
[2026-06-06 15:08:16,167 INFO  L158   FreeRefinementEngine]: IpTcStrategyModuleZ3 [568792347] provided 0 perfect and 2 imperfect interpolant sequences
[2026-06-06 15:08:16,167 INFO  L82        GeneralOperation]: Start removeUnreachable. Operand  has 7 states, 6 states have (on average 1.5) internal successors, (9), 6 states have internal predecessors, (9), 0 states have call successors, (0), 0 states have call predecessors, (0), 0 states have return successors, (0), 0 states have call predecessors, (0), 0 states have call successors, (0)
[2026-06-06 15:08:16,167 INFO  L185   FreeRefinementEngine]: Found 0 perfect and 3 imperfect interpolant sequences.
[2026-06-06 15:08:16,167 INFO  L88        GeneralOperation]: Finished removeUnreachable. Reduced from 7 states to 7 states and 9 transitions.
[2026-06-06 15:08:16,167 INFO  L198   FreeRefinementEngine]: Number of different interpolants: perfect sequences [] imperfect sequences [3, 3, 3] total 6
[2026-06-06 15:08:16,167 INFO  L699   ParallelNwaCegarLoop]: Main: Refinement done.
[2026-06-06 15:08:16,167 INFO  L617   ParallelNwaCegarLoop]: Checking if program is safe
[2026-06-06 15:08:16,167 INFO  L290                IsEmpty]: Start isEmpty. Operand 7 states and 9 transitions.
[2026-06-06 15:08:16,167 INFO  L122   tionRefinementEngine]: Using interpolant automaton builder IpAbStrategyModuleStraightlineAll [1613907040]
[2026-06-06 15:08:16,167 INFO  L85    oduleStraightlineAll]: Using 3 imperfect interpolants to construct interpolant automaton
[2026-06-06 15:08:16,167 INFO  L300                IsEmpty]: Finished isEmpty. Found accepting run of length 6
[2026-06-06 15:08:16,167 INFO  L199           NwaCegarLoop]: Found error trace
[2026-06-06 15:08:16,167 INFO  L207           NwaCegarLoop]: trace histogram [1, 1, 1, 1, 1]
[2026-06-06 15:08:16,167 INFO  L297   ParallelNwaCegarLoop]: Main: A Thread is Done
[2026-06-06 15:08:16,167 INFO  L100   FreeRefinementEngine]: Using predicate unifier PredicateUnifier provided by strategy CAMEL
[2026-06-06 15:08:16,167 INFO  L315   ParallelNwaCegarLoop]: Worker Automaton Type: FLOYD_HOARE
[2026-06-06 15:08:16,168 INFO  L79                 Accepts]: Start accepts. Automaton has 7 states and 9 transitions. Word has length 9
[2026-06-06 15:08:16,168 INFO  L85                 Accepts]: Finished accepts. word is rejected.
[2026-06-06 15:08:16,168 INFO  L771   ParallelNwaCegarLoop]: Recorded stale counterexample prefix coverage.
[2026-06-06 15:08:16,168 INFO  L317   ParallelNwaCegarLoop]: Refining Abstraction
[2026-06-06 15:08:16,168 INFO  L721   ParallelNwaCegarLoop]: Subtrahend traceHash: 109204775
[2026-06-06 15:08:16,168 INFO  L687   ParallelNwaCegarLoop]: Difference in Main
[2026-06-06 15:08:16,168 INFO  L144   InterpolantAutomaton]: Constructing interpolant automaton starting with 7 interpolants.
[2026-06-06 15:08:16,168 INFO  L87              Difference]: Start difference. First operand 7 states and 9 transitions. Second operand  has 3 states, 2 states have (on average 5.5) internal successors, (11), 3 states have internal predecessors, (11), 0 states have call successors, (0), 0 states have call predecessors, (0), 0 states have return successors, (0), 0 states have call predecessors, (0), 0 states have call successors, (0)
[2026-06-06 15:08:16,168 INFO  L146   InterpolantAutomaton]: CoverageRelationStatistics Valid=21, Invalid=21, Unknown=0, NotChecked=0, Total=42
[2026-06-06 15:08:16,168 INFO  L419   CegarNwaWorkerThread]: Difference in Worker for Generalization
[2026-06-06 15:08:16,168 INFO  L134       CoverageAnalysis]: Checked inductivity of 7 backedges. 0 proven. 6 refuted. 0 times theorem prover too weak. 1 trivial. 0 not checked.
[2026-06-06 15:08:16,168 INFO  L312         TraceCheckSpWp]: Computing backward predicates...
[2026-06-06 15:08:16,168 INFO  L144             Difference]: Subtrahend was deterministic. Have not used determinization.
[2026-06-06 15:08:16,168 INFO  L87              Difference]: Start difference. First operand  has 6 states, 5 states have (on average 1.8) internal successors, (9), 5 states have internal predecessors, (9), 0 states have call successors, (0), 0 states have call predecessors, (0), 0 states have return successors, (0), 0 states have call predecessors, (0), 0 states have call successors, (0) Second operand  has 7 states, 7 states have (on average 1.8571428571428572) internal successors, (13), 6 states have internal predecessors, (13), 0 states have call successors, (0), 0 states have call predecessors, (0), 0 states have return successors, (0), 0 states have call predecessors, (0), 0 states have call successors, (0)
[2026-06-06 15:08:16,168 INFO  L93              Difference]: Finished difference Result 7 states and 9 transitions.
[2026-06-06 15:08:16,168 INFO  L225             Difference]: With dead ends: 7
[2026-06-06 15:08:16,168 INFO  L226             Difference]: Without dead ends: 7
[2026-06-06 15:08:16,168 INFO  L82        GeneralOperation]: Start minimizeSevpa. Operand 7 states.
[2026-06-06 15:08:16,168 INFO  L88        GeneralOperation]: Finished minimizeSevpa. Reduced states from 7 to 7.
[2026-06-06 15:08:16,168 INFO  L82        GeneralOperation]: Start removeUnreachable. Operand  has 7 states, 6 states have (on average 1.5) internal successors, (9), 6 states have internal predecessors, (9), 0 states have call successors, (0), 0 states have call predecessors, (0), 0 states have return successors, (0), 0 states have call predecessors, (0), 0 states have call successors, (0)
[2026-06-06 15:08:16,168 INFO  L88        GeneralOperation]: Finished removeUnreachable. Reduced from 7 states to 7 states and 9 transitions.
[2026-06-06 15:08:16,169 INFO  L699   ParallelNwaCegarLoop]: Main: Refinement done.
[2026-06-06 15:08:16,169 INFO  L617   ParallelNwaCegarLoop]: Checking if program is safe
[2026-06-06 15:08:16,169 INFO  L290                IsEmpty]: Start isEmpty. Operand 7 states and 9 transitions.
[2026-06-06 15:08:16,169 INFO  L300                IsEmpty]: Finished isEmpty. Found accepting run of length 6
[2026-06-06 15:08:16,169 INFO  L199           NwaCegarLoop]: Found error trace
[2026-06-06 15:08:16,169 INFO  L207           NwaCegarLoop]: trace histogram [1, 1, 1, 1, 1]
[2026-06-06 15:08:16,169 INFO  L297   ParallelNwaCegarLoop]: Main: A Thread is Done
[2026-06-06 15:08:16,169 INFO  L315   ParallelNwaCegarLoop]: Worker Automaton Type: FLOYD_HOARE
[2026-06-06 15:08:16,169 INFO  L79                 Accepts]: Start accepts. Automaton has 7 states and 9 transitions. Word has length 6
[2026-06-06 15:08:16,169 INFO  L85                 Accepts]: Finished accepts. word is accepted.
[2026-06-06 15:08:16,169 INFO  L317   ParallelNwaCegarLoop]: Refining Abstraction
[2026-06-06 15:08:16,169 INFO  L721   ParallelNwaCegarLoop]: Subtrahend traceHash: 894182058
[2026-06-06 15:08:16,169 INFO  L687   ParallelNwaCegarLoop]: Difference in Main
[2026-06-06 15:08:16,169 INFO  L87              Difference]: Start difference. First operand 7 states and 9 transitions. Second operand  has 4 states, 3 states have (on average 4.333333333333333) internal successors, (13), 3 states have internal predecessors, (13), 0 states have call successors, (0), 0 states have call predecessors, (0), 0 states have return successors, (0), 0 states have call predecessors, (0), 0 states have call successors, (0)
[2026-06-06 15:08:16,169 INFO  L144             Difference]: Subtrahend was deterministic. Have not used determinization.
[2026-06-06 15:08:16,169 INFO  L93              Difference]: Finished difference Result 9 states and 12 transitions.
[2026-06-06 15:08:16,169 INFO  L225             Difference]: With dead ends: 9
[2026-06-06 15:08:16,169 INFO  L226             Difference]: Without dead ends: 9
[2026-06-06 15:08:16,169 INFO  L82        GeneralOperation]: Start minimizeSevpa. Operand 9 states.
[2026-06-06 15:08:16,169 INFO  L88        GeneralOperation]: Finished minimizeSevpa. Reduced states from 9 to 8.
[2026-06-06 15:08:16,169 INFO  L82        GeneralOperation]: Start removeUnreachable. Operand  has 8 states, 7 states have (on average 1.4285714285714286) internal successors, (10), 7 states have internal predecessors, (10), 0 states have call successors, (0), 0 states have call predecessors, (0), 0 states have return successors, (0), 0 states have call predecessors, (0), 0 states have call successors, (0)
[2026-06-06 15:08:16,170 INFO  L88        GeneralOperation]: Finished removeUnreachable. Reduced from 8 states to 8 states and 10 transitions.
[2026-06-06 15:08:16,170 INFO  L699   ParallelNwaCegarLoop]: Main: Refinement done.
[2026-06-06 15:08:16,170 INFO  L617   ParallelNwaCegarLoop]: Checking if program is safe
[2026-06-06 15:08:16,170 INFO  L290                IsEmpty]: Start isEmpty. Operand 8 states and 10 transitions.
[2026-06-06 15:08:16,170 INFO  L300                IsEmpty]: Finished isEmpty. Found accepting run of length 8
[2026-06-06 15:08:16,170 INFO  L199           NwaCegarLoop]: Found error trace
[2026-06-06 15:08:16,170 INFO  L207           NwaCegarLoop]: trace histogram [1, 1, 1, 1, 1, 1, 1]
[2026-06-06 15:08:16,170 INFO  L297   ParallelNwaCegarLoop]: Main: A Thread is Done
[2026-06-06 15:08:16,170 INFO  L315   ParallelNwaCegarLoop]: Worker Automaton Type: FLOYD_HOARE
[2026-06-06 15:08:16,170 INFO  L79                 Accepts]: Start accepts. Automaton has 8 states and 10 transitions. Word has length 8
[2026-06-06 15:08:16,170 INFO  L85                 Accepts]: Finished accepts. word is rejected.
[2026-06-06 15:08:16,170 INFO  L771   ParallelNwaCegarLoop]: Recorded stale counterexample prefix coverage.
[2026-06-06 15:08:16,170 INFO  L317   ParallelNwaCegarLoop]: Refining Abstraction
[2026-06-06 15:08:16,170 INFO  L721   ParallelNwaCegarLoop]: Subtrahend traceHash: 264859992
[2026-06-06 15:08:16,170 INFO  L687   ParallelNwaCegarLoop]: Difference in Main
[2026-06-06 15:08:16,170 INFO  L87              Difference]: Start difference. First operand 8 states and 10 transitions. Second operand  has 2 states, 1 states have (on average 9.0) internal successors, (9), 2 states have internal predecessors, (9), 0 states have call successors, (0), 0 states have call predecessors, (0), 0 states have return successors, (0), 0 states have call predecessors, (0), 0 states have call successors, (0)
[2026-06-06 15:08:16,170 INFO  L144             Difference]: Subtrahend was deterministic. Have not used determinization.
[2026-06-06 15:08:16,170 INFO  L93              Difference]: Finished difference Result 8 states and 10 transitions.
[2026-06-06 15:08:16,170 INFO  L144             Difference]: Subtrahend was deterministic. Have not used determinization.
[2026-06-06 15:08:16,170 INFO  L93              Difference]: Finished difference Result 10 states and 12 transitions.
[2026-06-06 15:08:16,170 INFO  L225             Difference]: With dead ends: 8
[2026-06-06 15:08:16,170 INFO  L226             Difference]: Without dead ends: 8
[2026-06-06 15:08:16,170 INFO  L140   InterpolantAutomaton]: Switched to read-only mode: deterministic interpolant automaton has 6 states. 
[2026-06-06 15:08:16,170 INFO  L82        GeneralOperation]: Start minimizeSevpa. Operand 8 states.
[2026-06-06 15:08:16,170 INFO  L225             Difference]: With dead ends: 10
[2026-06-06 15:08:16,170 INFO  L226             Difference]: Without dead ends: 10
[2026-06-06 15:08:16,170 INFO  L487   CegarNwaWorkerThread]: 0 DeclaredPredicates, 15 GetRequests, 10 SyntacticMatches, 0 SemanticMatches, 5 ConstructedPredicates, 0 IntricatePredicates, 0 DeprecatedPredicates, 4 ImplicationChecksByTransitivity, 0.0s TimeCoverageRelationStatistics Valid=21, Invalid=21, Unknown=0, NotChecked=0, Total=42
[2026-06-06 15:08:16,171 INFO  L88        GeneralOperation]: Finished minimizeSevpa. Reduced states from 8 to 8.
[2026-06-06 15:08:16,171 INFO  L144             Difference]: Subtrahend was deterministic. Have not used determinization.
[2026-06-06 15:08:16,171 INFO  L93              Difference]: Finished difference Result 10 states and 12 transitions.
[2026-06-06 15:08:16,171 INFO  L82        GeneralOperation]: Start removeUnreachable. Operand  has 8 states, 7 states have (on average 1.4285714285714286) internal successors, (10), 7 states have internal predecessors, (10), 0 states have call successors, (0), 0 states have call predecessors, (0), 0 states have return successors, (0), 0 states have call predecessors, (0), 0 states have call successors, (0)
[2026-06-06 15:08:16,171 INFO  L88        GeneralOperation]: Finished removeUnreachable. Reduced from 8 states to 8 states and 10 transitions.
[2026-06-06 15:08:16,171 INFO  L140   InterpolantAutomaton]: Switched to read-only mode: deterministic interpolant automaton has 6 states. 
[2026-06-06 15:08:16,171 INFO  L699   ParallelNwaCegarLoop]: Main: Refinement done.
[2026-06-06 15:08:16,171 INFO  L617   ParallelNwaCegarLoop]: Checking if program is safe
[2026-06-06 15:08:16,171 INFO  L225             Difference]: With dead ends: 10
[2026-06-06 15:08:16,171 INFO  L226             Difference]: Without dead ends: 10
[2026-06-06 15:08:16,171 INFO  L290                IsEmpty]: Start isEmpty. Operand 8 states and 10 transitions.
[2026-06-06 15:08:16,171 INFO  L487   CegarNwaWorkerThread]: 0 DeclaredPredicates, 19 GetRequests, 14 SyntacticMatches, 0 SemanticMatches, 5 ConstructedPredicates, 0 IntricatePredicates, 0 DeprecatedPredicates, 4 ImplicationChecksByTransitivity, 0.0s TimeCoverageRelationStatistics Valid=21, Invalid=21, Unknown=0, NotChecked=0, Total=42
[2026-06-06 15:08:16,171 INFO  L300                IsEmpty]: Finished isEmpty. Found accepting run of length 8
[2026-06-06 15:08:16,171 INFO  L199           NwaCegarLoop]: Found error trace
[2026-06-06 15:08:16,171 INFO  L488   CegarNwaWorkerThread]: 7 mSDtfsCounter, 0 mSDsluCounter, 10 mSDsCounter, 0 mSdLazyCounter, 8 mSolverCounterSat, 1 mSolverCounterUnsat, 0 mSolverCounterUnknown, 0 mSolverCounterNotChecked, 0.0s Time, 0 mProtectedPredicate, 0 mProtectedAction, 0 SdHoareTripleChecker+Valid, 17 SdHoareTripleChecker+Invalid, 9 SdHoareTripleChecker+Unknown, 0 SdHoareTripleChecker+Unchecked, 0.0s SdHoareTripleChecker+Time, 1 IncrementalHoareTripleChecker+Valid, 8 IncrementalHoareTripleChecker+Invalid, 0 IncrementalHoareTripleChecker+Unknown, 0 IncrementalHoareTripleChecker+Unchecked, 0.0s IncrementalHoareTripleChecker+Time
[2026-06-06 15:08:16,171 INFO  L207           NwaCegarLoop]: trace histogram [1, 1, 1, 1, 1, 1, 1]
[2026-06-06 15:08:16,171 INFO  L297   ParallelNwaCegarLoop]: Main: A Thread is Done
[2026-06-06 15:08:16,171 INFO  L315   ParallelNwaCegarLoop]: Worker Automaton Type: FLOYD_HOARE
[2026-06-06 15:08:16,171 INFO  L79                 Accepts]: Start accepts. Automaton has 8 states and 10 transitions. Word has length 10
[2026-06-06 15:08:16,171 INFO  L488   CegarNwaWorkerThread]: 7 mSDtfsCounter, 0 mSDsluCounter, 15 mSDsCounter, 0 mSdLazyCounter, 9 mSolverCounterSat, 1 mSolverCounterUnsat, 0 mSolverCounterUnknown, 0 mSolverCounterNotChecked, 0.0s Time, 0 mProtectedPredicate, 0 mProtectedAction, 0 SdHoareTripleChecker+Valid, 22 SdHoareTripleChecker+Invalid, 10 SdHoareTripleChecker+Unknown, 0 SdHoareTripleChecker+Unchecked, 0.0s SdHoareTripleChecker+Time, 1 IncrementalHoareTripleChecker+Valid, 9 IncrementalHoareTripleChecker+Invalid, 0 IncrementalHoareTripleChecker+Unknown, 0 IncrementalHoareTripleChecker+Unchecked, 0.0s IncrementalHoareTripleChecker+Time
[2026-06-06 15:08:16,171 INFO  L489   CegarNwaWorkerThread]: SdHoareTripleChecker [0 Valid, 17 Invalid, 9 Unknown, 0 Unchecked, 0.0s Time], IncrementalHoareTripleChecker [1 Valid, 8 Invalid, 0 Unknown, 0 Unchecked, 0.0s Time]
[2026-06-06 15:08:16,171 INFO  L85                 Accepts]: Finished accepts. word is rejected.
[2026-06-06 15:08:16,171 INFO  L771   ParallelNwaCegarLoop]: Recorded stale counterexample prefix coverage.
[2026-06-06 15:08:16,171 INFO  L317   ParallelNwaCegarLoop]: Refining Abstraction
[2026-06-06 15:08:16,171 INFO  L721   ParallelNwaCegarLoop]: Subtrahend traceHash: -124819350
[2026-06-06 15:08:16,171 INFO  L489   CegarNwaWorkerThread]: SdHoareTripleChecker [0 Valid, 22 Invalid, 10 Unknown, 0 Unchecked, 0.0s Time], IncrementalHoareTripleChecker [1 Valid, 9 Invalid, 0 Unknown, 0 Unchecked, 0.0s Time]
[2026-06-06 15:08:16,171 INFO  L687   ParallelNwaCegarLoop]: Difference in Main
[2026-06-06 15:08:16,171 INFO  L87              Difference]: Start difference. First operand 8 states and 10 transitions. Second operand  has 4 states, 3 states have (on average 4.333333333333333) internal successors, (13), 3 states have internal predecessors, (13), 0 states have call successors, (0), 0 states have call predecessors, (0), 0 states have return successors, (0), 0 states have call predecessors, (0), 0 states have call successors, (0)
[2026-06-06 15:08:16,171 INFO  L224   CegarNwaWorkerThread]: Done with Thread: 92#
[2026-06-06 15:08:16,171 INFO  L196   CegarNwaWorkerThread]: WorkerThread: Thread[#92,Worker for 1948270601,5,main] is Waiting for a Task
[2026-06-06 15:08:16,171 INFO  L224   CegarNwaWorkerThread]: Done with Thread: 143#
[2026-06-06 15:08:16,171 INFO  L196   CegarNwaWorkerThread]: WorkerThread: Thread[#143,Worker for -315482807,5,main] is Waiting for a Task
[2026-06-06 15:08:16,171 INFO  L144             Difference]: Subtrahend was deterministic. Have not used determinization.
[2026-06-06 15:08:16,171 INFO  L93              Difference]: Finished difference Result 9 states and 12 transitions.
[2026-06-06 15:08:16,171 INFO  L225             Difference]: With dead ends: 9
[2026-06-06 15:08:16,171 INFO  L226             Difference]: Without dead ends: 9
[2026-06-06 15:08:16,172 INFO  L82        GeneralOperation]: Start minimizeSevpa. Operand 9 states.
[2026-06-06 15:08:16,172 INFO  L88        GeneralOperation]: Finished minimizeSevpa. Reduced states from 9 to 8.
[2026-06-06 15:08:16,172 INFO  L82        GeneralOperation]: Start removeUnreachable. Operand  has 8 states, 7 states have (on average 1.4285714285714286) internal successors, (10), 7 states have internal predecessors, (10), 0 states have call successors, (0), 0 states have call predecessors, (0), 0 states have return successors, (0), 0 states have call predecessors, (0), 0 states have call successors, (0)
[2026-06-06 15:08:16,172 INFO  L88        GeneralOperation]: Finished removeUnreachable. Reduced from 8 states to 8 states and 10 transitions.
[2026-06-06 15:08:16,172 INFO  L699   ParallelNwaCegarLoop]: Main: Refinement done.
[2026-06-06 15:08:16,172 INFO  L617   ParallelNwaCegarLoop]: Checking if program is safe
[2026-06-06 15:08:16,172 INFO  L290                IsEmpty]: Start isEmpty. Operand 8 states and 10 transitions.
[2026-06-06 15:08:16,172 INFO  L300                IsEmpty]: Finished isEmpty. Found accepting run of length 8
[2026-06-06 15:08:16,172 INFO  L199           NwaCegarLoop]: Found error trace
[2026-06-06 15:08:16,172 INFO  L207           NwaCegarLoop]: trace histogram [1, 1, 1, 1, 1, 1, 1]
[2026-06-06 15:08:16,172 INFO  L297   ParallelNwaCegarLoop]: Main: A Thread is Done
[2026-06-06 15:08:16,172 INFO  L315   ParallelNwaCegarLoop]: Worker Automaton Type: FLOYD_HOARE
[2026-06-06 15:08:16,172 INFO  L79                 Accepts]: Start accepts. Automaton has 8 states and 10 transitions. Word has length 10
[2026-06-06 15:08:16,172 INFO  L85                 Accepts]: Finished accepts. word is rejected.
[2026-06-06 15:08:16,172 INFO  L771   ParallelNwaCegarLoop]: Recorded stale counterexample prefix coverage.
[2026-06-06 15:08:16,172 INFO  L317   ParallelNwaCegarLoop]: Refining Abstraction
[2026-06-06 15:08:16,172 INFO  L721   ParallelNwaCegarLoop]: Subtrahend traceHash: 1129592536
[2026-06-06 15:08:16,172 INFO  L687   ParallelNwaCegarLoop]: Difference in Main
[2026-06-06 15:08:16,173 INFO  L87              Difference]: Start difference. First operand 8 states and 10 transitions. Second operand  has 2 states, 1 states have (on average 9.0) internal successors, (9), 2 states have internal predecessors, (9), 0 states have call successors, (0), 0 states have call predecessors, (0), 0 states have return successors, (0), 0 states have call predecessors, (0), 0 states have call successors, (0)
[2026-06-06 15:08:16,173 INFO  L144             Difference]: Subtrahend was deterministic. Have not used determinization.
[2026-06-06 15:08:16,173 INFO  L144             Difference]: Subtrahend was deterministic. Have not used determinization.
[2026-06-06 15:08:16,173 INFO  L93              Difference]: Finished difference Result 10 states and 12 transitions.
[2026-06-06 15:08:16,173 INFO  L93              Difference]: Finished difference Result 8 states and 10 transitions.
[2026-06-06 15:08:16,173 INFO  L225             Difference]: With dead ends: 8
[2026-06-06 15:08:16,173 INFO  L226             Difference]: Without dead ends: 8
[2026-06-06 15:08:16,173 INFO  L140   InterpolantAutomaton]: Switched to read-only mode: deterministic interpolant automaton has 6 states. 
[2026-06-06 15:08:16,173 INFO  L225             Difference]: With dead ends: 10
[2026-06-06 15:08:16,173 INFO  L226             Difference]: Without dead ends: 10
[2026-06-06 15:08:16,173 INFO  L82        GeneralOperation]: Start minimizeSevpa. Operand 8 states.
[2026-06-06 15:08:16,173 INFO  L487   CegarNwaWorkerThread]: 0 DeclaredPredicates, 21 GetRequests, 16 SyntacticMatches, 0 SemanticMatches, 5 ConstructedPredicates, 0 IntricatePredicates, 0 DeprecatedPredicates, 4 ImplicationChecksByTransitivity, 0.0s TimeCoverageRelationStatistics Valid=21, Invalid=21, Unknown=0, NotChecked=0, Total=42
[2026-06-06 15:08:16,173 INFO  L488   CegarNwaWorkerThread]: 7 mSDtfsCounter, 0 mSDsluCounter, 10 mSDsCounter, 0 mSdLazyCounter, 8 mSolverCounterSat, 1 mSolverCounterUnsat, 0 mSolverCounterUnknown, 0 mSolverCounterNotChecked, 0.0s Time, 0 mProtectedPredicate, 0 mProtectedAction, 0 SdHoareTripleChecker+Valid, 17 SdHoareTripleChecker+Invalid, 9 SdHoareTripleChecker+Unknown, 0 SdHoareTripleChecker+Unchecked, 0.0s SdHoareTripleChecker+Time, 1 IncrementalHoareTripleChecker+Valid, 8 IncrementalHoareTripleChecker+Invalid, 0 IncrementalHoareTripleChecker+Unknown, 0 IncrementalHoareTripleChecker+Unchecked, 0.0s IncrementalHoareTripleChecker+Time
[2026-06-06 15:08:16,173 INFO  L88        GeneralOperation]: Finished minimizeSevpa. Reduced states from 8 to 8.
[2026-06-06 15:08:16,173 INFO  L489   CegarNwaWorkerThread]: SdHoareTripleChecker [0 Valid, 17 Invalid, 9 Unknown, 0 Unchecked, 0.0s Time], IncrementalHoareTripleChecker [1 Valid, 8 Invalid, 0 Unknown, 0 Unchecked, 0.0s Time]
[2026-06-06 15:08:16,173 INFO  L82        GeneralOperation]: Start removeUnreachable. Operand  has 8 states, 7 states have (on average 1.4285714285714286) internal successors, (10), 7 states have internal predecessors, (10), 0 states have call successors, (0), 0 states have call predecessors, (0), 0 states have return successors, (0), 0 states have call predecessors, (0), 0 states have call successors, (0)
[2026-06-06 15:08:16,174 INFO  L88        GeneralOperation]: Finished removeUnreachable. Reduced from 8 states to 8 states and 10 transitions.
[2026-06-06 15:08:16,174 INFO  L224   CegarNwaWorkerThread]: Done with Thread: 149#
[2026-06-06 15:08:16,174 INFO  L699   ParallelNwaCegarLoop]: Main: Refinement done.
[2026-06-06 15:08:16,174 INFO  L617   ParallelNwaCegarLoop]: Checking if program is safe
[2026-06-06 15:08:16,174 INFO  L196   CegarNwaWorkerThread]: WorkerThread: Thread[#149,Worker for -1192108293,5,main] is Waiting for a Task
[2026-06-06 15:08:16,174 INFO  L290                IsEmpty]: Start isEmpty. Operand 8 states and 10 transitions.
[2026-06-06 15:08:16,174 INFO  L300                IsEmpty]: Finished isEmpty. Found accepting run of length 8
[2026-06-06 15:08:16,174 INFO  L199           NwaCegarLoop]: Found error trace
[2026-06-06 15:08:16,174 INFO  L207           NwaCegarLoop]: trace histogram [1, 1, 1, 1, 1, 1, 1]
[2026-06-06 15:08:16,174 INFO  L297   ParallelNwaCegarLoop]: Main: A Thread is Done
[2026-06-06 15:08:16,174 INFO  L315   ParallelNwaCegarLoop]: Worker Automaton Type: FLOYD_HOARE
[2026-06-06 15:08:16,174 INFO  L79                 Accepts]: Start accepts. Automaton has 8 states and 10 transitions. Word has length 8
[2026-06-06 15:08:16,174 INFO  L85                 Accepts]: Finished accepts. word is rejected.
[2026-06-06 15:08:16,174 INFO  L771   ParallelNwaCegarLoop]: Recorded stale counterexample prefix coverage.
[2026-06-06 15:08:16,174 INFO  L317   ParallelNwaCegarLoop]: Refining Abstraction
[2026-06-06 15:08:16,174 INFO  L721   ParallelNwaCegarLoop]: Subtrahend traceHash: 317186442
[2026-06-06 15:08:16,174 INFO  L687   ParallelNwaCegarLoop]: Difference in Main
[2026-06-06 15:08:16,174 INFO  L87              Difference]: Start difference. First operand 8 states and 10 transitions. Second operand  has 4 states, 3 states have (on average 4.333333333333333) internal successors, (13), 3 states have internal predecessors, (13), 0 states have call successors, (0), 0 states have call predecessors, (0), 0 states have return successors, (0), 0 states have call predecessors, (0), 0 states have call successors, (0)
[2026-06-06 15:08:16,174 INFO  L144             Difference]: Subtrahend was deterministic. Have not used determinization.
[2026-06-06 15:08:16,174 INFO  L93              Difference]: Finished difference Result 9 states and 12 transitions.
[2026-06-06 15:08:16,174 INFO  L225             Difference]: With dead ends: 9
[2026-06-06 15:08:16,174 INFO  L226             Difference]: Without dead ends: 9
[2026-06-06 15:08:16,174 INFO  L82        GeneralOperation]: Start minimizeSevpa. Operand 9 states.
[2026-06-06 15:08:16,175 INFO  L88        GeneralOperation]: Finished minimizeSevpa. Reduced states from 9 to 8.
[2026-06-06 15:08:16,175 INFO  L82        GeneralOperation]: Start removeUnreachable. Operand  has 8 states, 7 states have (on average 1.4285714285714286) internal successors, (10), 7 states have internal predecessors, (10), 0 states have call successors, (0), 0 states have call predecessors, (0), 0 states have return successors, (0), 0 states have call predecessors, (0), 0 states have call successors, (0)
[2026-06-06 15:08:16,175 INFO  L88        GeneralOperation]: Finished removeUnreachable. Reduced from 8 states to 8 states and 10 transitions.
[2026-06-06 15:08:16,175 INFO  L699   ParallelNwaCegarLoop]: Main: Refinement done.
[2026-06-06 15:08:16,175 INFO  L617   ParallelNwaCegarLoop]: Checking if program is safe
[2026-06-06 15:08:16,175 INFO  L290                IsEmpty]: Start isEmpty. Operand 8 states and 10 transitions.
[2026-06-06 15:08:16,175 INFO  L300                IsEmpty]: Finished isEmpty. Found accepting run of length 8
[2026-06-06 15:08:16,175 INFO  L199           NwaCegarLoop]: Found error trace
[2026-06-06 15:08:16,175 INFO  L207           NwaCegarLoop]: trace histogram [1, 1, 1, 1, 1, 1, 1]
[2026-06-06 15:08:16,175 INFO  L297   ParallelNwaCegarLoop]: Main: A Thread is Done
[2026-06-06 15:08:16,175 INFO  L315   ParallelNwaCegarLoop]: Worker Automaton Type: FLOYD_HOARE
[2026-06-06 15:08:16,175 INFO  L79                 Accepts]: Start accepts. Automaton has 8 states and 10 transitions. Word has length 7
[2026-06-06 15:08:16,175 INFO  L85                 Accepts]: Finished accepts. word is accepted.
[2026-06-06 15:08:16,175 INFO  L317   ParallelNwaCegarLoop]: Refining Abstraction
[2026-06-06 15:08:16,175 INFO  L721   ParallelNwaCegarLoop]: Subtrahend traceHash: 1948270601
[2026-06-06 15:08:16,175 INFO  L687   ParallelNwaCegarLoop]: Difference in Main
[2026-06-06 15:08:16,175 INFO  L87              Difference]: Start difference. First operand 8 states and 10 transitions. Second operand  has 6 states, 5 states have (on average 3.4) internal successors, (17), 6 states have internal predecessors, (17), 0 states have call successors, (0), 0 states have call predecessors, (0), 0 states have return successors, (0), 0 states have call predecessors, (0), 0 states have call successors, (0)
[2026-06-06 15:08:16,175 INFO  L144             Difference]: Subtrahend was deterministic. Have not used determinization.
[2026-06-06 15:08:16,175 INFO  L93              Difference]: Finished difference Result 11 states and 13 transitions.
[2026-06-06 15:08:16,175 INFO  L225             Difference]: With dead ends: 11
[2026-06-06 15:08:16,175 INFO  L226             Difference]: Without dead ends: 11
[2026-06-06 15:08:16,175 INFO  L82        GeneralOperation]: Start minimizeSevpa. Operand 11 states.
[2026-06-06 15:08:16,176 INFO  L88        GeneralOperation]: Finished minimizeSevpa. Reduced states from 11 to 11.
[2026-06-06 15:08:16,176 INFO  L82        GeneralOperation]: Start removeUnreachable. Operand  has 11 states, 10 states have (on average 1.3) internal successors, (13), 10 states have internal predecessors, (13), 0 states have call successors, (0), 0 states have call predecessors, (0), 0 states have return successors, (0), 0 states have call predecessors, (0), 0 states have call successors, (0)
[2026-06-06 15:08:16,176 INFO  L88        GeneralOperation]: Finished removeUnreachable. Reduced from 11 states to 11 states and 13 transitions.
[2026-06-06 15:08:16,176 INFO  L699   ParallelNwaCegarLoop]: Main: Refinement done.
[2026-06-06 15:08:16,176 INFO  L617   ParallelNwaCegarLoop]: Checking if program is safe
[2026-06-06 15:08:16,176 INFO  L290                IsEmpty]: Start isEmpty. Operand 11 states and 13 transitions.
[2026-06-06 15:08:16,176 INFO  L300                IsEmpty]: Finished isEmpty. Found accepting run of length 11
[2026-06-06 15:08:16,176 INFO  L199           NwaCegarLoop]: Found error trace
[2026-06-06 15:08:16,176 INFO  L207           NwaCegarLoop]: trace histogram [4, 1, 1, 1, 1, 1, 1]
[2026-06-06 15:08:16,176 INFO  L297   ParallelNwaCegarLoop]: Main: A Thread is Done
[2026-06-06 15:08:16,176 INFO  L315   ParallelNwaCegarLoop]: Worker Automaton Type: FLOYD_HOARE
[2026-06-06 15:08:16,176 INFO  L79                 Accepts]: Start accepts. Automaton has 11 states and 13 transitions. Word has length 9
[2026-06-06 15:08:16,176 INFO  L85                 Accepts]: Finished accepts. word is rejected.
[2026-06-06 15:08:16,176 INFO  L771   ParallelNwaCegarLoop]: Recorded stale counterexample prefix coverage.
[2026-06-06 15:08:16,176 INFO  L317   ParallelNwaCegarLoop]: Refining Abstraction
[2026-06-06 15:08:16,176 INFO  L721   ParallelNwaCegarLoop]: Subtrahend traceHash: -315482807
[2026-06-06 15:08:16,176 INFO  L687   ParallelNwaCegarLoop]: Difference in Main
[2026-06-06 15:08:16,176 INFO  L87              Difference]: Start difference. First operand 11 states and 13 transitions. Second operand  has 6 states, 5 states have (on average 3.4) internal successors, (17), 6 states have internal predecessors, (17), 0 states have call successors, (0), 0 states have call predecessors, (0), 0 states have return successors, (0), 0 states have call predecessors, (0), 0 states have call successors, (0)
[2026-06-06 15:08:16,176 INFO  L144             Difference]: Subtrahend was deterministic. Have not used determinization.
[2026-06-06 15:08:16,176 INFO  L93              Difference]: Finished difference Result 11 states and 13 transitions.
[2026-06-06 15:08:16,176 INFO  L225             Difference]: With dead ends: 11
[2026-06-06 15:08:16,176 INFO  L226             Difference]: Without dead ends: 11
[2026-06-06 15:08:16,176 INFO  L82        GeneralOperation]: Start minimizeSevpa. Operand 11 states.
[2026-06-06 15:08:16,177 INFO  L88        GeneralOperation]: Finished minimizeSevpa. Reduced states from 11 to 11.
[2026-06-06 15:08:16,177 INFO  L82        GeneralOperation]: Start removeUnreachable. Operand  has 11 states, 10 states have (on average 1.3) internal successors, (13), 10 states have internal predecessors, (13), 0 states have call successors, (0), 0 states have call predecessors, (0), 0 states have return successors, (0), 0 states have call predecessors, (0), 0 states have call successors, (0)
[2026-06-06 15:08:16,177 INFO  L88        GeneralOperation]: Finished removeUnreachable. Reduced from 11 states to 11 states and 13 transitions.
[2026-06-06 15:08:16,177 INFO  L699   ParallelNwaCegarLoop]: Main: Refinement done.
[2026-06-06 15:08:16,177 INFO  L617   ParallelNwaCegarLoop]: Checking if program is safe
[2026-06-06 15:08:16,177 INFO  L290                IsEmpty]: Start isEmpty. Operand 11 states and 13 transitions.
[2026-06-06 15:08:16,177 INFO  L300                IsEmpty]: Finished isEmpty. Found accepting run of length 11
[2026-06-06 15:08:16,177 INFO  L199           NwaCegarLoop]: Found error trace
[2026-06-06 15:08:16,177 INFO  L207           NwaCegarLoop]: trace histogram [4, 1, 1, 1, 1, 1, 1]
[2026-06-06 15:08:16,177 INFO  L297   ParallelNwaCegarLoop]: Main: A Thread is Done
[2026-06-06 15:08:16,177 INFO  L315   ParallelNwaCegarLoop]: Worker Automaton Type: FLOYD_HOARE
[2026-06-06 15:08:16,177 INFO  L79                 Accepts]: Start accepts. Automaton has 11 states and 13 transitions. Word has length 10
[2026-06-06 15:08:16,177 INFO  L85                 Accepts]: Finished accepts. word is rejected.
[2026-06-06 15:08:16,177 INFO  L771   ParallelNwaCegarLoop]: Recorded stale counterexample prefix coverage.
[2026-06-06 15:08:16,177 INFO  L317   ParallelNwaCegarLoop]: Refining Abstraction
[2026-06-06 15:08:16,177 INFO  L721   ParallelNwaCegarLoop]: Subtrahend traceHash: -1192108293
[2026-06-06 15:08:16,177 INFO  L687   ParallelNwaCegarLoop]: Difference in Main
[2026-06-06 15:08:16,177 INFO  L87              Difference]: Start difference. First operand 11 states and 13 transitions. Second operand  has 6 states, 5 states have (on average 3.4) internal successors, (17), 6 states have internal predecessors, (17), 0 states have call successors, (0), 0 states have call predecessors, (0), 0 states have return successors, (0), 0 states have call predecessors, (0), 0 states have call successors, (0)
[2026-06-06 15:08:16,177 INFO  L144             Difference]: Subtrahend was deterministic. Have not used determinization.
[2026-06-06 15:08:16,177 INFO  L93              Difference]: Finished difference Result 11 states and 13 transitions.
[2026-06-06 15:08:16,177 INFO  L225             Difference]: With dead ends: 11
[2026-06-06 15:08:16,177 INFO  L226             Difference]: Without dead ends: 11
[2026-06-06 15:08:16,177 INFO  L82        GeneralOperation]: Start minimizeSevpa. Operand 11 states.
[2026-06-06 15:08:16,178 INFO  L88        GeneralOperation]: Finished minimizeSevpa. Reduced states from 11 to 11.
[2026-06-06 15:08:16,178 INFO  L82        GeneralOperation]: Start removeUnreachable. Operand  has 11 states, 10 states have (on average 1.3) internal successors, (13), 10 states have internal predecessors, (13), 0 states have call successors, (0), 0 states have call predecessors, (0), 0 states have return successors, (0), 0 states have call predecessors, (0), 0 states have call successors, (0)
[2026-06-06 15:08:16,178 INFO  L88        GeneralOperation]: Finished removeUnreachable. Reduced from 11 states to 11 states and 13 transitions.
[2026-06-06 15:08:16,178 INFO  L699   ParallelNwaCegarLoop]: Main: Refinement done.
[2026-06-06 15:08:16,178 INFO  L617   ParallelNwaCegarLoop]: Checking if program is safe
[2026-06-06 15:08:16,178 INFO  L290                IsEmpty]: Start isEmpty. Operand 11 states and 13 transitions.
[2026-06-06 15:08:16,178 INFO  L300                IsEmpty]: Finished isEmpty. Found accepting run of length 11
[2026-06-06 15:08:16,178 INFO  L199           NwaCegarLoop]: Found error trace
[2026-06-06 15:08:16,178 INFO  L207           NwaCegarLoop]: trace histogram [4, 1, 1, 1, 1, 1, 1]
[2026-06-06 15:08:16,178 INFO  L340   ParallelNwaCegarLoop]: No more worker results to process
[2026-06-06 15:08:16,178 INFO  L290                IsEmpty]: Start isEmptyParallel. Operand 11 states and 13 transitions.
[2026-06-06 15:08:16,178 INFO  L300                IsEmpty]: Finished isEmptyParallel. No accepting run.
[2026-06-06 15:08:16,178 INFO  L156        IsEmptyParallel]: Start isEmptyParallel. Operand 11 states and 13 transitions.
[2026-06-06 15:08:16,178 INFO  L182       IsEmptyHeuristic]: Start isEmptyHeuristic. Operand 11 states and 13 transitions.
[2026-06-06 15:08:16,178 INFO  L188       IsEmptyHeuristic]: Finished isEmptyHeuristic. Found accepting run of length 11
[2026-06-06 15:08:16,178 INFO  L163        IsEmptyParallel]: Finished isEmptyParallel. Found accepting run of length 11
[2026-06-06 15:08:16,178 WARN  L753                IsEmpty]: Correctness of emptinessCheck not tested.
[2026-06-06 15:08:16,178 INFO  L79                 Accepts]: Start accepts. Automaton has 11 states and 13 transitions. Word has length 10
[2026-06-06 15:08:16,178 INFO  L85                 Accepts]: Finished accepts. word is accepted.
[2026-06-06 15:08:16,179 INFO  L757                IsEmpty]: Finished testing correctness of emptinessCheck
[2026-06-06 15:08:16,179 INFO  L290                IsEmpty]: Start isEmptyParallel. Operand 11 states and 13 transitions.
[2026-06-06 15:08:16,179 INFO  L300                IsEmpty]: Finished isEmptyParallel. No accepting run.
[2026-06-06 15:08:16,179 INFO  L156        IsEmptyParallel]: Start isEmptyParallel. Operand 11 states and 13 transitions.
[2026-06-06 15:08:16,179 INFO  L182       IsEmptyHeuristic]: Start isEmptyHeuristic. Operand 11 states and 13 transitions.
[2026-06-06 15:08:16,179 INFO  L188       IsEmptyHeuristic]: Finished isEmptyHeuristic. Found accepting run of length 13
[2026-06-06 15:08:16,179 INFO  L163        IsEmptyParallel]: Finished isEmptyParallel. Found accepting run of length 13
[2026-06-06 15:08:16,179 WARN  L753                IsEmpty]: Correctness of emptinessCheck not tested.
[2026-06-06 15:08:16,179 INFO  L79                 Accepts]: Start accepts. Automaton has 11 states and 13 transitions. Word has length 12
[2026-06-06 15:08:16,179 INFO  L85                 Accepts]: Finished accepts. word is accepted.
[2026-06-06 15:08:16,179 INFO  L757                IsEmpty]: Finished testing correctness of emptinessCheck
[2026-06-06 15:08:16,179 INFO  L290                IsEmpty]: Start isEmptyParallel. Operand 11 states and 13 transitions.
[2026-06-06 15:08:16,179 INFO  L300                IsEmpty]: Finished isEmptyParallel. No accepting run.
[2026-06-06 15:08:16,179 INFO  L156        IsEmptyParallel]: Start isEmptyParallel. Operand 11 states and 13 transitions.
[2026-06-06 15:08:16,179 INFO  L182       IsEmptyHeuristic]: Start isEmptyHeuristic. Operand 11 states and 13 transitions.
[2026-06-06 15:08:16,179 INFO  L188       IsEmptyHeuristic]: Finished isEmptyHeuristic. Found accepting run of length 13
[2026-06-06 15:08:16,179 INFO  L163        IsEmptyParallel]: Finished isEmptyParallel. Found accepting run of length 13
[2026-06-06 15:08:16,179 WARN  L753                IsEmpty]: Correctness of emptinessCheck not tested.
[2026-06-06 15:08:16,179 INFO  L79                 Accepts]: Start accepts. Automaton has 11 states and 13 transitions. Word has length 12
[2026-06-06 15:08:16,179 INFO  L85                 Accepts]: Finished accepts. word is accepted.
[2026-06-06 15:08:16,179 INFO  L757                IsEmpty]: Finished testing correctness of emptinessCheck
[2026-06-06 15:08:16,179 INFO  L290                IsEmpty]: Start isEmptyParallel. Operand 11 states and 13 transitions.
[2026-06-06 15:08:16,179 INFO  L300                IsEmpty]: Finished isEmptyParallel. No accepting run.
[2026-06-06 15:08:16,179 INFO  L156        IsEmptyParallel]: Start isEmptyParallel. Operand 11 states and 13 transitions.
[2026-06-06 15:08:16,179 INFO  L182       IsEmptyHeuristic]: Start isEmptyHeuristic. Operand 11 states and 13 transitions.
[2026-06-06 15:08:16,179 INFO  L188       IsEmptyHeuristic]: Finished isEmptyHeuristic. Found accepting run of length 12
[2026-06-06 15:08:16,179 INFO  L163        IsEmptyParallel]: Finished isEmptyParallel. Found accepting run of length 12
[2026-06-06 15:08:16,179 WARN  L753                IsEmpty]: Correctness of emptinessCheck not tested.
[2026-06-06 15:08:16,179 INFO  L79                 Accepts]: Start accepts. Automaton has 11 states and 13 transitions. Word has length 11
[2026-06-06 15:08:16,179 INFO  L85                 Accepts]: Finished accepts. word is accepted.
[2026-06-06 15:08:16,179 INFO  L757                IsEmpty]: Finished testing correctness of emptinessCheck
[2026-06-06 15:08:16,179 INFO  L290                IsEmpty]: Start isEmptyParallel. Operand 11 states and 13 transitions.
[2026-06-06 15:08:16,179 INFO  L300                IsEmpty]: Finished isEmptyParallel. No accepting run.
[2026-06-06 15:08:16,179 INFO  L156        IsEmptyParallel]: Start isEmptyParallel. Operand 11 states and 13 transitions.
[2026-06-06 15:08:16,179 INFO  L182       IsEmptyHeuristic]: Start isEmptyHeuristic. Operand 11 states and 13 transitions.
[2026-06-06 15:08:16,179 INFO  L188       IsEmptyHeuristic]: Finished isEmptyHeuristic. Found accepting run of length 14
[2026-06-06 15:08:16,179 INFO  L163        IsEmptyParallel]: Finished isEmptyParallel. Found accepting run of length 14
[2026-06-06 15:08:16,179 WARN  L753                IsEmpty]: Correctness of emptinessCheck not tested.
[2026-06-06 15:08:16,179 INFO  L79                 Accepts]: Start accepts. Automaton has 11 states and 13 transitions. Word has length 13
[2026-06-06 15:08:16,179 INFO  L85                 Accepts]: Finished accepts. word is accepted.
[2026-06-06 15:08:16,179 INFO  L757                IsEmpty]: Finished testing correctness of emptinessCheck
[2026-06-06 15:08:16,179 INFO  L290                IsEmpty]: Start isEmptyParallel. Operand 11 states and 13 transitions.
[2026-06-06 15:08:16,179 INFO  L300                IsEmpty]: Finished isEmptyParallel. No accepting run.
[2026-06-06 15:08:16,180 INFO  L156        IsEmptyParallel]: Start isEmptyParallel. Operand 11 states and 13 transitions.
[2026-06-06 15:08:16,180 INFO  L182       IsEmptyHeuristic]: Start isEmptyHeuristic. Operand 11 states and 13 transitions.
[2026-06-06 15:08:16,180 INFO  L188       IsEmptyHeuristic]: Finished isEmptyHeuristic. Found accepting run of length 14
[2026-06-06 15:08:16,180 INFO  L163        IsEmptyParallel]: Finished isEmptyParallel. Found accepting run of length 14
[2026-06-06 15:08:16,180 WARN  L753                IsEmpty]: Correctness of emptinessCheck not tested.
[2026-06-06 15:08:16,180 INFO  L79                 Accepts]: Start accepts. Automaton has 11 states and 13 transitions. Word has length 13
[2026-06-06 15:08:16,180 INFO  L85                 Accepts]: Finished accepts. word is accepted.
[2026-06-06 15:08:16,180 INFO  L757                IsEmpty]: Finished testing correctness of emptinessCheck
[2026-06-06 15:08:16,180 INFO  L290                IsEmpty]: Start isEmptyParallel. Operand 11 states and 13 transitions.
[2026-06-06 15:08:16,180 INFO  L300                IsEmpty]: Finished isEmptyParallel. No accepting run.
[2026-06-06 15:08:16,180 INFO  L156        IsEmptyParallel]: Start isEmptyParallel. Operand 11 states and 13 transitions.
[2026-06-06 15:08:16,180 INFO  L182       IsEmptyHeuristic]: Start isEmptyHeuristic. Operand 11 states and 13 transitions.
[2026-06-06 15:08:16,180 INFO  L188       IsEmptyHeuristic]: Finished isEmptyHeuristic. Found accepting run of length 14
[2026-06-06 15:08:16,180 INFO  L163        IsEmptyParallel]: Finished isEmptyParallel. Found accepting run of length 14
[2026-06-06 15:08:16,180 WARN  L753                IsEmpty]: Correctness of emptinessCheck not tested.
[2026-06-06 15:08:16,180 INFO  L79                 Accepts]: Start accepts. Automaton has 11 states and 13 transitions. Word has length 13
[2026-06-06 15:08:16,180 INFO  L85                 Accepts]: Finished accepts. word is accepted.
[2026-06-06 15:08:16,180 INFO  L757                IsEmpty]: Finished testing correctness of emptinessCheck
[2026-06-06 15:08:16,180 INFO  L290                IsEmpty]: Start isEmptyParallel. Operand 11 states and 13 transitions.
[2026-06-06 15:08:16,180 INFO  L300                IsEmpty]: Finished isEmptyParallel. No accepting run.
[2026-06-06 15:08:16,180 INFO  L156        IsEmptyParallel]: Start isEmptyParallel. Operand 11 states and 13 transitions.
[2026-06-06 15:08:16,180 INFO  L182       IsEmptyHeuristic]: Start isEmptyHeuristic. Operand 11 states and 13 transitions.
[2026-06-06 15:08:16,180 INFO  L188       IsEmptyHeuristic]: Finished isEmptyHeuristic. Found accepting run of length 15
[2026-06-06 15:08:16,180 INFO  L163        IsEmptyParallel]: Finished isEmptyParallel. Found accepting run of length 15
[2026-06-06 15:08:16,180 WARN  L753                IsEmpty]: Correctness of emptinessCheck not tested.
[2026-06-06 15:08:16,180 INFO  L79                 Accepts]: Start accepts. Automaton has 11 states and 13 transitions. Word has length 14
[2026-06-06 15:08:16,180 INFO  L85                 Accepts]: Finished accepts. word is accepted.
[2026-06-06 15:08:16,180 INFO  L757                IsEmpty]: Finished testing correctness of emptinessCheck
[2026-06-06 15:08:16,180 INFO  L290                IsEmpty]: Start isEmptyParallel. Operand 11 states and 13 transitions.
[2026-06-06 15:08:16,180 INFO  L300                IsEmpty]: Finished isEmptyParallel. No accepting run.
[2026-06-06 15:08:16,180 INFO  L156        IsEmptyParallel]: Start isEmptyParallel. Operand 11 states and 13 transitions.
[2026-06-06 15:08:16,181 INFO  L182       IsEmptyHeuristic]: Start isEmptyHeuristic. Operand 11 states and 13 transitions.
[2026-06-06 15:08:16,181 INFO  L188       IsEmptyHeuristic]: Finished isEmptyHeuristic. Found accepting run of length 15
[2026-06-06 15:08:16,181 INFO  L163        IsEmptyParallel]: Finished isEmptyParallel. Found accepting run of length 15
[2026-06-06 15:08:16,181 WARN  L753                IsEmpty]: Correctness of emptinessCheck not tested.
[2026-06-06 15:08:16,181 INFO  L79                 Accepts]: Start accepts. Automaton has 11 states and 13 transitions. Word has length 14
[2026-06-06 15:08:16,181 INFO  L85                 Accepts]: Finished accepts. word is accepted.
[2026-06-06 15:08:16,181 INFO  L757                IsEmpty]: Finished testing correctness of emptinessCheck
[2026-06-06 15:08:16,181 INFO  L290                IsEmpty]: Start isEmptyParallel. Operand 11 states and 13 transitions.
[2026-06-06 15:08:16,181 INFO  L300                IsEmpty]: Finished isEmptyParallel. No accepting run.
[2026-06-06 15:08:16,181 INFO  L156        IsEmptyParallel]: Start isEmptyParallel. Operand 11 states and 13 transitions.
[2026-06-06 15:08:16,181 INFO  L182       IsEmptyHeuristic]: Start isEmptyHeuristic. Operand 11 states and 13 transitions.
[2026-06-06 15:08:16,181 INFO  L188       IsEmptyHeuristic]: Finished isEmptyHeuristic. Found accepting run of length 15
[2026-06-06 15:08:16,181 INFO  L163        IsEmptyParallel]: Finished isEmptyParallel. Found accepting run of length 15
[2026-06-06 15:08:16,181 WARN  L753                IsEmpty]: Correctness of emptinessCheck not tested.
[2026-06-06 15:08:16,181 INFO  L79                 Accepts]: Start accepts. Automaton has 11 states and 13 transitions. Word has length 14
[2026-06-06 15:08:16,181 INFO  L85                 Accepts]: Finished accepts. word is accepted.
[2026-06-06 15:08:16,181 INFO  L757                IsEmpty]: Finished testing correctness of emptinessCheck
[2026-06-06 15:08:16,181 INFO  L290                IsEmpty]: Start isEmptyParallel. Operand 11 states and 13 transitions.
[2026-06-06 15:08:16,181 INFO  L300                IsEmpty]: Finished isEmptyParallel. No accepting run.
[2026-06-06 15:08:16,181 INFO  L156        IsEmptyParallel]: Start isEmptyParallel. Operand 11 states and 13 transitions.
[2026-06-06 15:08:16,181 INFO  L182       IsEmptyHeuristic]: Start isEmptyHeuristic. Operand 11 states and 13 transitions.
[2026-06-06 15:08:16,181 INFO  L188       IsEmptyHeuristic]: Finished isEmptyHeuristic. Found accepting run of length 12
[2026-06-06 15:08:16,181 INFO  L163        IsEmptyParallel]: Finished isEmptyParallel. Found accepting run of length 12
[2026-06-06 15:08:16,181 WARN  L753                IsEmpty]: Correctness of emptinessCheck not tested.
[2026-06-06 15:08:16,181 INFO  L79                 Accepts]: Start accepts. Automaton has 11 states and 13 transitions. Word has length 11
[2026-06-06 15:08:16,181 INFO  L85                 Accepts]: Finished accepts. word is accepted.
[2026-06-06 15:08:16,181 INFO  L757                IsEmpty]: Finished testing correctness of emptinessCheck
[2026-06-06 15:08:16,181 INFO  L134       CoverageAnalysis]: Checked inductivity of 7 backedges. 0 proven. 6 refuted. 0 times theorem prover too weak. 1 trivial. 0 not checked.
[2026-06-06 15:08:16,181 INFO  L290                IsEmpty]: Start isEmptyParallel. Operand 11 states and 13 transitions.
[2026-06-06 15:08:16,181 INFO  L300                IsEmpty]: Finished isEmptyParallel. No accepting run.
[2026-06-06 15:08:16,181 INFO  L156        IsEmptyParallel]: Start isEmptyParallel. Operand 11 states and 13 transitions.
[2026-06-06 15:08:16,181 INFO  L158   FreeRefinementEngine]: IpTcStrategyModuleZ3 [1841092709] provided 0 perfect and 2 imperfect interpolant sequences
[2026-06-06 15:08:16,181 INFO  L185   FreeRefinementEngine]: Found 0 perfect and 3 imperfect interpolant sequences.
[2026-06-06 15:08:16,181 INFO  L182       IsEmptyHeuristic]: Start isEmptyHeuristic. Operand 11 states and 13 transitions.
[2026-06-06 15:08:16,181 INFO  L198   FreeRefinementEngine]: Number of different interpolants: perfect sequences [] imperfect sequences [4, 5, 5] total 9
[2026-06-06 15:08:16,181 INFO  L188       IsEmptyHeuristic]: Finished isEmptyHeuristic. Found accepting run of length 15
[2026-06-06 15:08:16,181 INFO  L122   tionRefinementEngine]: Using interpolant automaton builder IpAbStrategyModuleStraightlineAll [1153121491]
[2026-06-06 15:08:16,182 INFO  L163        IsEmptyParallel]: Finished isEmptyParallel. Found accepting run of length 15
[2026-06-06 15:08:16,182 WARN  L753                IsEmpty]: Correctness of emptinessCheck not tested.
[2026-06-06 15:08:16,182 INFO  L85    oduleStraightlineAll]: Using 3 imperfect interpolants to construct interpolant automaton
[2026-06-06 15:08:16,182 INFO  L79                 Accepts]: Start accepts. Automaton has 11 states and 13 transitions. Word has length 14
[2026-06-06 15:08:16,182 INFO  L85                 Accepts]: Finished accepts. word is accepted.
[2026-06-06 15:08:16,182 INFO  L757                IsEmpty]: Finished testing correctness of emptinessCheck
[2026-06-06 15:08:16,182 INFO  L100   FreeRefinementEngine]: Using predicate unifier PredicateUnifier provided by strategy CAMEL
[2026-06-06 15:08:16,182 INFO  L290                IsEmpty]: Start isEmptyParallel. Operand 11 states and 13 transitions.
[2026-06-06 15:08:16,182 INFO  L300                IsEmpty]: Finished isEmptyParallel. No accepting run.
[2026-06-06 15:08:16,182 INFO  L156        IsEmptyParallel]: Start isEmptyParallel. Operand 11 states and 13 transitions.
[2026-06-06 15:08:16,182 INFO  L182       IsEmptyHeuristic]: Start isEmptyHeuristic. Operand 11 states and 13 transitions.
[2026-06-06 15:08:16,182 INFO  L188       IsEmptyHeuristic]: Finished isEmptyHeuristic. Found accepting run of length 13
[2026-06-06 15:08:16,182 INFO  L144   InterpolantAutomaton]: Constructing interpolant automaton starting with 10 interpolants.
[2026-06-06 15:08:16,182 INFO  L163        IsEmptyParallel]: Finished isEmptyParallel. Found accepting run of length 13
[2026-06-06 15:08:16,182 WARN  L753                IsEmpty]: Correctness of emptinessCheck not tested.
[2026-06-06 15:08:16,182 INFO  L146   InterpolantAutomaton]: CoverageRelationStatistics Valid=29, Invalid=61, Unknown=0, NotChecked=0, Total=90
[2026-06-06 15:08:16,182 INFO  L419   CegarNwaWorkerThread]: Difference in Worker for Generalization
[2026-06-06 15:08:16,182 INFO  L79                 Accepts]: Start accepts. Automaton has 11 states and 13 transitions. Word has length 12
[2026-06-06 15:08:16,182 INFO  L85                 Accepts]: Finished accepts. word is accepted.
[2026-06-06 15:08:16,182 INFO  L757                IsEmpty]: Finished testing correctness of emptinessCheck
[2026-06-06 15:08:16,182 INFO  L87              Difference]: Start difference. First operand  has 6 states, 5 states have (on average 1.8) internal successors, (9), 5 states have internal predecessors, (9), 0 states have call successors, (0), 0 states have call predecessors, (0), 0 states have return successors, (0), 0 states have call predecessors, (0), 0 states have call successors, (0) Second operand  has 10 states, 10 states have (on average 1.8) internal successors, (18), 9 states have internal predecessors, (18), 0 states have call successors, (0), 0 states have call predecessors, (0), 0 states have return successors, (0), 0 states have call predecessors, (0), 0 states have call successors, (0)
[2026-06-06 15:08:16,182 INFO  L290                IsEmpty]: Start isEmptyParallel. Operand 11 states and 13 transitions.
[2026-06-06 15:08:16,182 INFO  L300                IsEmpty]: Finished isEmptyParallel. No accepting run.
[2026-06-06 15:08:16,182 INFO  L156        IsEmptyParallel]: Start isEmptyParallel. Operand 11 states and 13 transitions.
[2026-06-06 15:08:16,182 INFO  L182       IsEmptyHeuristic]: Start isEmptyHeuristic. Operand 11 states and 13 transitions.
[2026-06-06 15:08:16,182 INFO  L188       IsEmptyHeuristic]: Finished isEmptyHeuristic. Found accepting run of length 15
[2026-06-06 15:08:16,182 INFO  L163        IsEmptyParallel]: Finished isEmptyParallel. Found accepting run of length 15
[2026-06-06 15:08:16,182 WARN  L753                IsEmpty]: Correctness of emptinessCheck not tested.
[2026-06-06 15:08:16,182 INFO  L79                 Accepts]: Start accepts. Automaton has 11 states and 13 transitions. Word has length 14
[2026-06-06 15:08:16,182 INFO  L85                 Accepts]: Finished accepts. word is accepted.
[2026-06-06 15:08:16,182 INFO  L757                IsEmpty]: Finished testing correctness of emptinessCheck
[2026-06-06 15:08:16,182 INFO  L290                IsEmpty]: Start isEmptyParallel. Operand 11 states and 13 transitions.
[2026-06-06 15:08:16,182 INFO  L300                IsEmpty]: Finished isEmptyParallel. No accepting run.
[2026-06-06 15:08:16,182 INFO  L156        IsEmptyParallel]: Start isEmptyParallel. Operand 11 states and 13 transitions.
[2026-06-06 15:08:16,182 INFO  L182       IsEmptyHeuristic]: Start isEmptyHeuristic. Operand 11 states and 13 transitions.
[2026-06-06 15:08:16,182 INFO  L188       IsEmptyHeuristic]: Finished isEmptyHeuristic. Found accepting run of length 15
[2026-06-06 15:08:16,182 INFO  L163        IsEmptyParallel]: Finished isEmptyParallel. Found accepting run of length 15
[2026-06-06 15:08:16,182 WARN  L753                IsEmpty]: Correctness of emptinessCheck not tested.
[2026-06-06 15:08:16,182 INFO  L79                 Accepts]: Start accepts. Automaton has 11 states and 13 transitions. Word has length 14
[2026-06-06 15:08:16,183 INFO  L85                 Accepts]: Finished accepts. word is accepted.
[2026-06-06 15:08:16,183 INFO  L757                IsEmpty]: Finished testing correctness of emptinessCheck
[2026-06-06 15:08:16,183 INFO  L290                IsEmpty]: Start isEmptyParallel. Operand 11 states and 13 transitions.
[2026-06-06 15:08:16,183 INFO  L300                IsEmpty]: Finished isEmptyParallel. No accepting run.
[2026-06-06 15:08:16,183 INFO  L156        IsEmptyParallel]: Start isEmptyParallel. Operand 11 states and 13 transitions.
[2026-06-06 15:08:16,183 INFO  L182       IsEmptyHeuristic]: Start isEmptyHeuristic. Operand 11 states and 13 transitions.
[2026-06-06 15:08:16,183 INFO  L188       IsEmptyHeuristic]: Finished isEmptyHeuristic. Found accepting run of length 14
[2026-06-06 15:08:16,183 INFO  L163        IsEmptyParallel]: Finished isEmptyParallel. Found accepting run of length 14
[2026-06-06 15:08:16,183 WARN  L753                IsEmpty]: Correctness of emptinessCheck not tested.
[2026-06-06 15:08:16,183 INFO  L79                 Accepts]: Start accepts. Automaton has 11 states and 13 transitions. Word has length 13
[2026-06-06 15:08:16,183 INFO  L85                 Accepts]: Finished accepts. word is accepted.
[2026-06-06 15:08:16,183 INFO  L757                IsEmpty]: Finished testing correctness of emptinessCheck
[2026-06-06 15:08:16,183 INFO  L290                IsEmpty]: Start isEmptyParallel. Operand 11 states and 13 transitions.
[2026-06-06 15:08:16,183 INFO  L300                IsEmpty]: Finished isEmptyParallel. No accepting run.
[2026-06-06 15:08:16,183 INFO  L156        IsEmptyParallel]: Start isEmptyParallel. Operand 11 states and 13 transitions.
[2026-06-06 15:08:16,183 INFO  L182       IsEmptyHeuristic]: Start isEmptyHeuristic. Operand 11 states and 13 transitions.
[2026-06-06 15:08:16,183 INFO  L188       IsEmptyHeuristic]: Finished isEmptyHeuristic. Found accepting run of length 16
[2026-06-06 15:08:16,183 INFO  L163        IsEmptyParallel]: Finished isEmptyParallel. Found accepting run of length 16
[2026-06-06 15:08:16,183 WARN  L753                IsEmpty]: Correctness of emptinessCheck not tested.
[2026-06-06 15:08:16,183 INFO  L79                 Accepts]: Start accepts. Automaton has 11 states and 13 transitions. Word has length 15
[2026-06-06 15:08:16,183 INFO  L85                 Accepts]: Finished accepts. word is accepted.
[2026-06-06 15:08:16,183 INFO  L757                IsEmpty]: Finished testing correctness of emptinessCheck
[2026-06-06 15:08:16,183 INFO  L290                IsEmpty]: Start isEmptyParallel. Operand 11 states and 13 transitions.
[2026-06-06 15:08:16,183 INFO  L300                IsEmpty]: Finished isEmptyParallel. No accepting run.
[2026-06-06 15:08:16,183 INFO  L156        IsEmptyParallel]: Start isEmptyParallel. Operand 11 states and 13 transitions.
[2026-06-06 15:08:16,183 INFO  L182       IsEmptyHeuristic]: Start isEmptyHeuristic. Operand 11 states and 13 transitions.
[2026-06-06 15:08:16,183 INFO  L188       IsEmptyHeuristic]: Finished isEmptyHeuristic. Found accepting run of length 16
[2026-06-06 15:08:16,183 INFO  L163        IsEmptyParallel]: Finished isEmptyParallel. Found accepting run of length 16
[2026-06-06 15:08:16,183 WARN  L753                IsEmpty]: Correctness of emptinessCheck not tested.
[2026-06-06 15:08:16,183 INFO  L79                 Accepts]: Start accepts. Automaton has 11 states and 13 transitions. Word has length 15
[2026-06-06 15:08:16,183 INFO  L85                 Accepts]: Finished accepts. word is accepted.
[2026-06-06 15:08:16,183 INFO  L757                IsEmpty]: Finished testing correctness of emptinessCheck
[2026-06-06 15:08:16,183 INFO  L290                IsEmpty]: Start isEmptyParallel. Operand 11 states and 13 transitions.
[2026-06-06 15:08:16,183 INFO  L300                IsEmpty]: Finished isEmptyParallel. No accepting run.
[2026-06-06 15:08:16,183 INFO  L156        IsEmptyParallel]: Start isEmptyParallel. Operand 11 states and 13 transitions.
[2026-06-06 15:08:16,183 INFO  L182       IsEmptyHeuristic]: Start isEmptyHeuristic. Operand 11 states and 13 transitions.
[2026-06-06 15:08:16,183 INFO  L188       IsEmptyHeuristic]: Finished isEmptyHeuristic. Found accepting run of length 16
[2026-06-06 15:08:16,183 INFO  L163        IsEmptyParallel]: Finished isEmptyParallel. Found accepting run of length 16
[2026-06-06 15:08:16,183 WARN  L753                IsEmpty]: Correctness of emptinessCheck not tested.
[2026-06-06 15:08:16,183 INFO  L79                 Accepts]: Start accepts. Automaton has 11 states and 13 transitions. Word has length 15
[2026-06-06 15:08:16,183 INFO  L85                 Accepts]: Finished accepts. word is accepted.
[2026-06-06 15:08:16,183 INFO  L757                IsEmpty]: Finished testing correctness of emptinessCheck
[2026-06-06 15:08:16,183 INFO  L290                IsEmpty]: Start isEmptyParallel. Operand 11 states and 13 transitions.
[2026-06-06 15:08:16,183 INFO  L300                IsEmpty]: Finished isEmptyParallel. No accepting run.
[2026-06-06 15:08:16,183 INFO  L156        IsEmptyParallel]: Start isEmptyParallel. Operand 11 states and 13 transitions.
[2026-06-06 15:08:16,184 INFO  L182       IsEmptyHeuristic]: Start isEmptyHeuristic. Operand 11 states and 13 transitions.
[2026-06-06 15:08:16,184 INFO  L188       IsEmptyHeuristic]: Finished isEmptyHeuristic. Found accepting run of length 16
[2026-06-06 15:08:16,184 INFO  L163        IsEmptyParallel]: Finished isEmptyParallel. Found accepting run of length 16
[2026-06-06 15:08:16,184 WARN  L753                IsEmpty]: Correctness of emptinessCheck not tested.
[2026-06-06 15:08:16,184 INFO  L79                 Accepts]: Start accepts. Automaton has 11 states and 13 transitions. Word has length 15
[2026-06-06 15:08:16,184 INFO  L85                 Accepts]: Finished accepts. word is accepted.
[2026-06-06 15:08:16,184 INFO  L757                IsEmpty]: Finished testing correctness of emptinessCheck
[2026-06-06 15:08:16,184 INFO  L290                IsEmpty]: Start isEmptyParallel. Operand 11 states and 13 transitions.
[2026-06-06 15:08:16,184 INFO  L300                IsEmpty]: Finished isEmptyParallel. No accepting run.
[2026-06-06 15:08:16,184 INFO  L156        IsEmptyParallel]: Start isEmptyParallel. Operand 11 states and 13 transitions.
[2026-06-06 15:08:16,184 INFO  L182       IsEmptyHeuristic]: Start isEmptyHeuristic. Operand 11 states and 13 transitions.
[2026-06-06 15:08:16,184 INFO  L188       IsEmptyHeuristic]: Finished isEmptyHeuristic. Found accepting run of length 17
[2026-06-06 15:08:16,184 INFO  L163        IsEmptyParallel]: Finished isEmptyParallel. Found accepting run of length 17
[2026-06-06 15:08:16,184 WARN  L753                IsEmpty]: Correctness of emptinessCheck not tested.
[2026-06-06 15:08:16,184 INFO  L79                 Accepts]: Start accepts. Automaton has 11 states and 13 transitions. Word has length 16
[2026-06-06 15:08:16,184 INFO  L85                 Accepts]: Finished accepts. word is accepted.
[2026-06-06 15:08:16,184 INFO  L757                IsEmpty]: Finished testing correctness of emptinessCheck
[2026-06-06 15:08:16,184 INFO  L290                IsEmpty]: Start isEmptyParallel. Operand 11 states and 13 transitions.
[2026-06-06 15:08:16,184 INFO  L300                IsEmpty]: Finished isEmptyParallel. No accepting run.
[2026-06-06 15:08:16,184 INFO  L156        IsEmptyParallel]: Start isEmptyParallel. Operand 11 states and 13 transitions.
[2026-06-06 15:08:16,184 INFO  L182       IsEmptyHeuristic]: Start isEmptyHeuristic. Operand 11 states and 13 transitions.
[2026-06-06 15:08:16,184 INFO  L188       IsEmptyHeuristic]: Finished isEmptyHeuristic. Found accepting run of length 13
[2026-06-06 15:08:16,184 INFO  L163        IsEmptyParallel]: Finished isEmptyParallel. Found accepting run of length 13
[2026-06-06 15:08:16,184 WARN  L753                IsEmpty]: Correctness of emptinessCheck not tested.
[2026-06-06 15:08:16,184 INFO  L79                 Accepts]: Start accepts. Automaton has 11 states and 13 transitions. Word has length 12
[2026-06-06 15:08:16,184 INFO  L85                 Accepts]: Finished accepts. word is accepted.
[2026-06-06 15:08:16,184 INFO  L757                IsEmpty]: Finished testing correctness of emptinessCheck
[2026-06-06 15:08:16,184 INFO  L290                IsEmpty]: Start isEmptyParallel. Operand 11 states and 13 transitions.
[2026-06-06 15:08:16,184 INFO  L300                IsEmpty]: Finished isEmptyParallel. No accepting run.
[2026-06-06 15:08:16,184 INFO  L156        IsEmptyParallel]: Start isEmptyParallel. Operand 11 states and 13 transitions.
[2026-06-06 15:08:16,184 INFO  L182       IsEmptyHeuristic]: Start isEmptyHeuristic. Operand 11 states and 13 transitions.
[2026-06-06 15:08:16,184 INFO  L188       IsEmptyHeuristic]: Finished isEmptyHeuristic. Found accepting run of length 16
[2026-06-06 15:08:16,184 INFO  L163        IsEmptyParallel]: Finished isEmptyParallel. Found accepting run of length 16
[2026-06-06 15:08:16,184 WARN  L753                IsEmpty]: Correctness of emptinessCheck not tested.
[2026-06-06 15:08:16,184 INFO  L79                 Accepts]: Start accepts. Automaton has 11 states and 13 transitions. Word has length 15
[2026-06-06 15:08:16,184 INFO  L85                 Accepts]: Finished accepts. word is accepted.
[2026-06-06 15:08:16,184 INFO  L757                IsEmpty]: Finished testing correctness of emptinessCheck
[2026-06-06 15:08:16,184 INFO  L290                IsEmpty]: Start isEmptyParallel. Operand 11 states and 13 transitions.
[2026-06-06 15:08:16,184 INFO  L300                IsEmpty]: Finished isEmptyParallel. No accepting run.
[2026-06-06 15:08:16,184 INFO  L156        IsEmptyParallel]: Start isEmptyParallel. Operand 11 states and 13 transitions.
[2026-06-06 15:08:16,185 INFO  L182       IsEmptyHeuristic]: Start isEmptyHeuristic. Operand 11 states and 13 transitions.
[2026-06-06 15:08:16,185 INFO  L188       IsEmptyHeuristic]: Finished isEmptyHeuristic. Found accepting run of length 16
[2026-06-06 15:08:16,185 INFO  L163        IsEmptyParallel]: Finished isEmptyParallel. Found accepting run of length 16
[2026-06-06 15:08:16,185 WARN  L753                IsEmpty]: Correctness of emptinessCheck not tested.
[2026-06-06 15:08:16,185 INFO  L79                 Accepts]: Start accepts. Automaton has 11 states and 13 transitions. Word has length 15
[2026-06-06 15:08:16,185 INFO  L85                 Accepts]: Finished accepts. word is accepted.
[2026-06-06 15:08:16,185 INFO  L757                IsEmpty]: Finished testing correctness of emptinessCheck
[2026-06-06 15:08:16,185 INFO  L290                IsEmpty]: Start isEmptyParallel. Operand 11 states and 13 transitions.
[2026-06-06 15:08:16,185 INFO  L300                IsEmpty]: Finished isEmptyParallel. No accepting run.
[2026-06-06 15:08:16,185 INFO  L156        IsEmptyParallel]: Start isEmptyParallel. Operand 11 states and 13 transitions.
[2026-06-06 15:08:16,185 INFO  L182       IsEmptyHeuristic]: Start isEmptyHeuristic. Operand 11 states and 13 transitions.
[2026-06-06 15:08:16,185 INFO  L188       IsEmptyHeuristic]: Finished isEmptyHeuristic. Found accepting run of length 17
[2026-06-06 15:08:16,185 INFO  L163        IsEmptyParallel]: Finished isEmptyParallel. Found accepting run of length 17
[2026-06-06 15:08:16,185 WARN  L753                IsEmpty]: Correctness of emptinessCheck not tested.
[2026-06-06 15:08:16,185 INFO  L79                 Accepts]: Start accepts. Automaton has 11 states and 13 transitions. Word has length 16
[2026-06-06 15:08:16,185 INFO  L85                 Accepts]: Finished accepts. word is accepted.
[2026-06-06 15:08:16,185 INFO  L757                IsEmpty]: Finished testing correctness of emptinessCheck
[2026-06-06 15:08:16,185 INFO  L290                IsEmpty]: Start isEmptyParallel. Operand 11 states and 13 transitions.
[2026-06-06 15:08:16,185 INFO  L300                IsEmpty]: Finished isEmptyParallel. No accepting run.
[2026-06-06 15:08:16,185 INFO  L156        IsEmptyParallel]: Start isEmptyParallel. Operand 11 states and 13 transitions.
[2026-06-06 15:08:16,185 INFO  L182       IsEmptyHeuristic]: Start isEmptyHeuristic. Operand 11 states and 13 transitions.
[2026-06-06 15:08:16,185 INFO  L188       IsEmptyHeuristic]: Finished isEmptyHeuristic. Found accepting run of length 14
[2026-06-06 15:08:16,185 INFO  L163        IsEmptyParallel]: Finished isEmptyParallel. Found accepting run of length 14
[2026-06-06 15:08:16,185 WARN  L753                IsEmpty]: Correctness of emptinessCheck not tested.
[2026-06-06 15:08:16,185 INFO  L79                 Accepts]: Start accepts. Automaton has 11 states and 13 transitions. Word has length 13
[2026-06-06 15:08:16,185 INFO  L85                 Accepts]: Finished accepts. word is accepted.
[2026-06-06 15:08:16,185 INFO  L757                IsEmpty]: Finished testing correctness of emptinessCheck
[2026-06-06 15:08:16,185 INFO  L290                IsEmpty]: Start isEmptyParallel. Operand 11 states and 13 transitions.
[2026-06-06 15:08:16,185 INFO  L300                IsEmpty]: Finished isEmptyParallel. No accepting run.
[2026-06-06 15:08:16,185 INFO  L156        IsEmptyParallel]: Start isEmptyParallel. Operand 11 states and 13 transitions.
[2026-06-06 15:08:16,185 INFO  L182       IsEmptyHeuristic]: Start isEmptyHeuristic. Operand 11 states and 13 transitions.
[2026-06-06 15:08:16,185 INFO  L188       IsEmptyHeuristic]: Finished isEmptyHeuristic. Found accepting run of length 17
[2026-06-06 15:08:16,185 INFO  L163        IsEmptyParallel]: Finished isEmptyParallel. Found accepting run of length 17
[2026-06-06 15:08:16,185 WARN  L753                IsEmpty]: Correctness of emptinessCheck not tested.
[2026-06-06 15:08:16,185 INFO  L79                 Accepts]: Start accepts. Automaton has 11 states and 13 transitions. Word has length 16
[2026-06-06 15:08:16,185 INFO  L85                 Accepts]: Finished accepts. word is accepted.
[2026-06-06 15:08:16,185 INFO  L757                IsEmpty]: Finished testing correctness of emptinessCheck
[2026-06-06 15:08:16,185 INFO  L290                IsEmpty]: Start isEmptyParallel. Operand 11 states and 13 transitions.
[2026-06-06 15:08:16,185 INFO  L300                IsEmpty]: Finished isEmptyParallel. No accepting run.
[2026-06-06 15:08:16,185 INFO  L156        IsEmptyParallel]: Start isEmptyParallel. Operand 11 states and 13 transitions.
[2026-06-06 15:08:16,185 INFO  L182       IsEmptyHeuristic]: Start isEmptyHeuristic. Operand 11 states and 13 transitions.
[2026-06-06 15:08:16,186 INFO  L188       IsEmptyHeuristic]: Finished isEmptyHeuristic. Found accepting run of length 16
[2026-06-06 15:08:16,186 INFO  L163        IsEmptyParallel]: Finished isEmptyParallel. Found accepting run of length 16
[2026-06-06 15:08:16,186 WARN  L753                IsEmpty]: Correctness of emptinessCheck not tested.
[2026-06-06 15:08:16,186 INFO  L79                 Accepts]: Start accepts. Automaton has 11 states and 13 transitions. Word has length 15
[2026-06-06 15:08:16,186 INFO  L85                 Accepts]: Finished accepts. word is accepted.
[2026-06-06 15:08:16,186 INFO  L757                IsEmpty]: Finished testing correctness of emptinessCheck
[2026-06-06 15:08:16,186 INFO  L290                IsEmpty]: Start isEmptyParallel. Operand 11 states and 13 transitions.
[2026-06-06 15:08:16,186 INFO  L300                IsEmpty]: Finished isEmptyParallel. No accepting run.
[2026-06-06 15:08:16,186 INFO  L156        IsEmptyParallel]: Start isEmptyParallel. Operand 11 states and 13 transitions.
[2026-06-06 15:08:16,186 INFO  L182       IsEmptyHeuristic]: Start isEmptyHeuristic. Operand 11 states and 13 transitions.
[2026-06-06 15:08:16,186 INFO  L188       IsEmptyHeuristic]: Finished isEmptyHeuristic. Found accepting run of length 18
[2026-06-06 15:08:16,186 INFO  L163        IsEmptyParallel]: Finished isEmptyParallel. Found accepting run of length 18
[2026-06-06 15:08:16,186 WARN  L753                IsEmpty]: Correctness of emptinessCheck not tested.
[2026-06-06 15:08:16,186 INFO  L79                 Accepts]: Start accepts. Automaton has 11 states and 13 transitions. Word has length 17
[2026-06-06 15:08:16,186 INFO  L85                 Accepts]: Finished accepts. word is accepted.
[2026-06-06 15:08:16,186 INFO  L757                IsEmpty]: Finished testing correctness of emptinessCheck
[2026-06-06 15:08:16,186 INFO  L290                IsEmpty]: Start isEmptyParallel. Operand 11 states and 13 transitions.
[2026-06-06 15:08:16,186 INFO  L300                IsEmpty]: Finished isEmptyParallel. No accepting run.
[2026-06-06 15:08:16,186 INFO  L156        IsEmptyParallel]: Start isEmptyParallel. Operand 11 states and 13 transitions.
[2026-06-06 15:08:16,186 INFO  L182       IsEmptyHeuristic]: Start isEmptyHeuristic. Operand 11 states and 13 transitions.
[2026-06-06 15:08:16,186 INFO  L188       IsEmptyHeuristic]: Finished isEmptyHeuristic. Found accepting run of length 16
[2026-06-06 15:08:16,186 INFO  L163        IsEmptyParallel]: Finished isEmptyParallel. Found accepting run of length 16
[2026-06-06 15:08:16,186 WARN  L753                IsEmpty]: Correctness of emptinessCheck not tested.
[2026-06-06 15:08:16,186 INFO  L79                 Accepts]: Start accepts. Automaton has 11 states and 13 transitions. Word has length 15
[2026-06-06 15:08:16,186 INFO  L85                 Accepts]: Finished accepts. word is accepted.
[2026-06-06 15:08:16,186 INFO  L757                IsEmpty]: Finished testing correctness of emptinessCheck
[2026-06-06 15:08:16,186 INFO  L290                IsEmpty]: Start isEmptyParallel. Operand 11 states and 13 transitions.
[2026-06-06 15:08:16,186 INFO  L300                IsEmpty]: Finished isEmptyParallel. No accepting run.
[2026-06-06 15:08:16,186 INFO  L156        IsEmptyParallel]: Start isEmptyParallel. Operand 11 states and 13 transitions.
[2026-06-06 15:08:16,186 INFO  L182       IsEmptyHeuristic]: Start isEmptyHeuristic. Operand 11 states and 13 transitions.
[2026-06-06 15:08:16,186 INFO  L188       IsEmptyHeuristic]: Finished isEmptyHeuristic. Found accepting run of length 16
[2026-06-06 15:08:16,186 INFO  L163        IsEmptyParallel]: Finished isEmptyParallel. Found accepting run of length 16
[2026-06-06 15:08:16,186 WARN  L753                IsEmpty]: Correctness of emptinessCheck not tested.
[2026-06-06 15:08:16,186 INFO  L79                 Accepts]: Start accepts. Automaton has 11 states and 13 transitions. Word has length 15
[2026-06-06 15:08:16,186 INFO  L85                 Accepts]: Finished accepts. word is accepted.
[2026-06-06 15:08:16,186 INFO  L757                IsEmpty]: Finished testing correctness of emptinessCheck
[2026-06-06 15:08:16,186 INFO  L290                IsEmpty]: Start isEmptyParallel. Operand 11 states and 13 transitions.
[2026-06-06 15:08:16,186 INFO  L300                IsEmpty]: Finished isEmptyParallel. No accepting run.
[2026-06-06 15:08:16,186 INFO  L156        IsEmptyParallel]: Start isEmptyParallel. Operand 11 states and 13 transitions.
[2026-06-06 15:08:16,186 INFO  L182       IsEmptyHeuristic]: Start isEmptyHeuristic. Operand 11 states and 13 transitions.
[2026-06-06 15:08:16,186 INFO  L188       IsEmptyHeuristic]: Finished isEmptyHeuristic. Found accepting run of length 17
[2026-06-06 15:08:16,186 INFO  L163        IsEmptyParallel]: Finished isEmptyParallel. Found accepting run of length 17
[2026-06-06 15:08:16,186 WARN  L753                IsEmpty]: Correctness of emptinessCheck not tested.
[2026-06-06 15:08:16,187 INFO  L79                 Accepts]: Start accepts. Automaton has 11 states and 13 transitions. Word has length 16
[2026-06-06 15:08:16,187 INFO  L85                 Accepts]: Finished accepts. word is accepted.
[2026-06-06 15:08:16,187 INFO  L757                IsEmpty]: Finished testing correctness of emptinessCheck
[2026-06-06 15:08:16,192 INFO  L86        PathProgramCache]: Analyzing trace with hash -126441518, now seen corresponding path program 3 times
[2026-06-06 15:08:16,192 INFO  L637   ParallelNwaCegarLoop]: Main: Starting Thread
[2026-06-06 15:08:16,192 INFO  L209   CegarNwaWorkerThread]: Starting Thread: 137# for Trace Check: -126441518
[2026-06-06 15:08:16,192 INFO  L86        PathProgramCache]: Analyzing trace with hash 423998025, now seen corresponding path program 4 times
[2026-06-06 15:08:16,193 INFO  L637   ParallelNwaCegarLoop]: Main: Starting Thread
[2026-06-06 15:08:16,193 INFO  L86        PathProgramCache]: Analyzing trace with hash 999178089, now seen corresponding path program 5 times
[2026-06-06 15:08:16,193 INFO  L637   ParallelNwaCegarLoop]: Main: Starting Thread
[2026-06-06 15:08:16,193 INFO  L209   CegarNwaWorkerThread]: Starting Thread: 119# for Trace Check: 423998025
[2026-06-06 15:08:16,193 INFO  L209   CegarNwaWorkerThread]: Starting Thread: 80# for Trace Check: 999178089
[2026-06-06 15:08:16,193 INFO  L86        PathProgramCache]: Analyzing trace with hash -598291022, now seen corresponding path program 3 times
[2026-06-06 15:08:16,193 INFO  L637   ParallelNwaCegarLoop]: Main: Starting Thread
[2026-06-06 15:08:16,193 INFO  L209   CegarNwaWorkerThread]: Starting Thread: 155# for Trace Check: -598291022
[2026-06-06 15:08:16,193 INFO  L156       PredicateUnifier]: Initialized classic predicate unifier
[2026-06-06 15:08:16,193 INFO  L86        PathProgramCache]: Analyzing trace with hash 958467474, now seen corresponding path program 6 times
[2026-06-06 15:08:16,193 INFO  L637   ParallelNwaCegarLoop]: Main: Starting Thread
[2026-06-06 15:08:16,193 INFO  L86        PathProgramCache]: Analyzing trace with hash -126441518, now seen corresponding path program 3 times
[2026-06-06 15:08:16,193 INFO  L156       PredicateUnifier]: Initialized classic predicate unifier
[2026-06-06 15:08:16,193 INFO  L209   CegarNwaWorkerThread]: Starting Thread: 125# for Trace Check: 958467474
[2026-06-06 15:08:16,193 INFO  L118   FreeRefinementEngine]: Executing refinement strategy CAMEL
[2026-06-06 15:08:16,193 INFO  L86        PathProgramCache]: Analyzing trace with hash 999178089, now seen corresponding path program 5 times
[2026-06-06 15:08:16,193 INFO  L209   CegarNwaWorkerThread]: Starting Thread: 161# for Trace Check: -771756942
[2026-06-06 15:08:16,193 INFO  L156       PredicateUnifier]: Initialized classic predicate unifier
[2026-06-06 15:08:16,193 INFO  L156       PredicateUnifier]: Initialized classic predicate unifier
[2026-06-06 15:08:16,193 INFO  L86        PathProgramCache]: Analyzing trace with hash -771756942, now seen corresponding path program 7 times
[2026-06-06 15:08:16,193 INFO  L86        PathProgramCache]: Analyzing trace with hash 423998025, now seen corresponding path program 4 times
[2026-06-06 15:08:16,193 INFO  L156       PredicateUnifier]: Initialized classic predicate unifier
[2026-06-06 15:08:16,193 INFO  L86        PathProgramCache]: Analyzing trace with hash -598291022, now seen corresponding path program 3 times
[2026-06-06 15:08:16,193 INFO  L118   FreeRefinementEngine]: Executing refinement strategy CAMEL
[2026-06-06 15:08:16,193 INFO  L156       PredicateUnifier]: Initialized classic predicate unifier
[2026-06-06 15:08:16,193 INFO  L324   FreeRefinementEngine]: Using trace check IpTcStrategyModuleSmtInterpolCraig [166125342]
[2026-06-06 15:08:16,193 INFO  L86        PathProgramCache]: Analyzing trace with hash 958467474, now seen corresponding path program 6 times
[2026-06-06 15:08:16,193 INFO  L324   FreeRefinementEngine]: Using trace check IpTcStrategyModuleSmtInterpolCraig [415686927]
[2026-06-06 15:08:16,193 INFO  L118   FreeRefinementEngine]: Executing refinement strategy CAMEL
[2026-06-06 15:08:16,193 INFO  L118   FreeRefinementEngine]: Executing refinement strategy CAMEL
[2026-06-06 15:08:16,193 INFO  L86        PathProgramCache]: Analyzing trace with hash -771756942, now seen corresponding path program 7 times
[2026-06-06 15:08:16,193 INFO  L118   FreeRefinementEngine]: Executing refinement strategy CAMEL
[2026-06-06 15:08:16,193 INFO  L637   ParallelNwaCegarLoop]: Main: Starting Thread
[2026-06-06 15:08:16,193 INFO  L324   FreeRefinementEngine]: Using trace check IpTcStrategyModuleSmtInterpolCraig [1807597307]
[2026-06-06 15:08:16,193 INFO  L118   FreeRefinementEngine]: Executing refinement strategy CAMEL
[2026-06-06 15:08:16,193 INFO  L324   FreeRefinementEngine]: Using trace check IpTcStrategyModuleSmtInterpolCraig [1844221251]
[2026-06-06 15:08:16,193 INFO  L324   FreeRefinementEngine]: Using trace check IpTcStrategyModuleSmtInterpolCraig [740109221]
[2026-06-06 15:08:16,193 INFO  L95    rtionOrderModulation]: Changing assertion order to INSIDE_LOOP_FIRST1
[2026-06-06 15:08:16,193 INFO  L95    rtionOrderModulation]: Changing assertion order to OUTSIDE_LOOP_FIRST2
[2026-06-06 15:08:16,193 INFO  L95    rtionOrderModulation]: Changing assertion order to MIX_INSIDE_OUTSIDE
[2026-06-06 15:08:16,193 INFO  L209   CegarNwaWorkerThread]: Starting Thread: 131# for Trace Check: -1433576926
[2026-06-06 15:08:16,193 INFO  L127          SolverBuilder]: Constructing new instance of SMTInterpol with explicit timeout -1 ms and remaining time -1 ms
[2026-06-06 15:08:16,193 INFO  L95    rtionOrderModulation]: Changing assertion order to OUTSIDE_LOOP_FIRST2
[2026-06-06 15:08:16,193 INFO  L324   FreeRefinementEngine]: Using trace check IpTcStrategyModuleSmtInterpolCraig [936642992]
[2026-06-06 15:08:16,193 INFO  L95    rtionOrderModulation]: Changing assertion order to TERMS_WITH_SMALL_CONSTANTS_FIRST
[2026-06-06 15:08:16,193 INFO  L86        PathProgramCache]: Analyzing trace with hash -1433576926, now seen corresponding path program 4 times
[2026-06-06 15:08:16,194 INFO  L637   ParallelNwaCegarLoop]: Main: Starting Thread
[2026-06-06 15:08:16,194 INFO  L127          SolverBuilder]: Constructing new instance of SMTInterpol with explicit timeout -1 ms and remaining time -1 ms
[2026-06-06 15:08:16,194 INFO  L156       PredicateUnifier]: Initialized classic predicate unifier
[2026-06-06 15:08:16,194 INFO  L95    rtionOrderModulation]: Changing assertion order to NOT_INCREMENTALLY
[2026-06-06 15:08:16,193 INFO  L127          SolverBuilder]: Constructing new instance of SMTInterpol with explicit timeout -1 ms and remaining time -1 ms
[2026-06-06 15:08:16,193 INFO  L127          SolverBuilder]: Constructing new instance of SMTInterpol with explicit timeout -1 ms and remaining time -1 ms
[2026-06-06 15:08:16,194 INFO  L127          SolverBuilder]: Constructing new instance of SMTInterpol with explicit timeout -1 ms and remaining time -1 ms
[2026-06-06 15:08:16,194 INFO  L86        PathProgramCache]: Analyzing trace with hash -1433576926, now seen corresponding path program 4 times
[2026-06-06 15:08:16,194 INFO  L209   CegarNwaWorkerThread]: Starting Thread: 86# for Trace Check: 375349322
[2026-06-06 15:08:16,194 INFO  L86        PathProgramCache]: Analyzing trace with hash 375349322, now seen corresponding path program 5 times
[2026-06-06 15:08:16,194 INFO  L637   ParallelNwaCegarLoop]: Main: Starting Thread
[2026-06-06 15:08:16,194 INFO  L127          SolverBuilder]: Constructing new instance of SMTInterpol with explicit timeout -1 ms and remaining time -1 ms
[2026-06-06 15:08:16,194 INFO  L86        PathProgramCache]: Analyzing trace with hash -1369228366, now seen corresponding path program 6 times
[2026-06-06 15:08:16,194 INFO  L637   ParallelNwaCegarLoop]: Main: Starting Thread
[2026-06-06 15:08:16,194 INFO  L118   FreeRefinementEngine]: Executing refinement strategy CAMEL
[2026-06-06 15:08:16,194 INFO  L86        PathProgramCache]: Analyzing trace with hash -1249003822, now seen corresponding path program 7 times
[2026-06-06 15:08:16,194 INFO  L637   ParallelNwaCegarLoop]: Main: Starting Thread
[2026-06-06 15:08:16,194 INFO  L156       PredicateUnifier]: Initialized classic predicate unifier
[2026-06-06 15:08:16,194 INFO  L209   CegarNwaWorkerThread]: Starting Thread: 98# for Trace Check: -1369228366
[2026-06-06 15:08:16,194 INFO  L86        PathProgramCache]: Analyzing trace with hash 375349322, now seen corresponding path program 5 times
[2026-06-06 15:08:16,194 INFO  L86        PathProgramCache]: Analyzing trace with hash 259105971, now seen corresponding path program 8 times
[2026-06-06 15:08:16,194 INFO  L637   ParallelNwaCegarLoop]: Main: Starting Thread
[2026-06-06 15:08:16,194 INFO  L324   FreeRefinementEngine]: Using trace check IpTcStrategyModuleSmtInterpolCraig [1844189488]
[2026-06-06 15:08:16,194 INFO  L209   CegarNwaWorkerThread]: Starting Thread: 167# for Trace Check: -1249003822
[2026-06-06 15:08:16,194 INFO  L156       PredicateUnifier]: Initialized classic predicate unifier
[2026-06-06 15:08:16,194 INFO  L86        PathProgramCache]: Analyzing trace with hash -557580407, now seen corresponding path program 9 times
[2026-06-06 15:08:16,194 INFO  L637   ParallelNwaCegarLoop]: Main: Starting Thread
[2026-06-06 15:08:16,194 INFO  L209   CegarNwaWorkerThread]: Starting Thread: 173# for Trace Check: 259105971
[2026-06-06 15:08:16,194 INFO  L156       PredicateUnifier]: Initialized classic predicate unifier
[2026-06-06 15:08:16,194 INFO  L118   FreeRefinementEngine]: Executing refinement strategy CAMEL
[2026-06-06 15:08:16,195 INFO  L209   CegarNwaWorkerThread]: Starting Thread: 92# for Trace Check: -1994586670
[2026-06-06 15:08:16,195 INFO  L86        PathProgramCache]: Analyzing trace with hash -1249003822, now seen corresponding path program 7 times
[2026-06-06 15:08:16,194 INFO  L86        PathProgramCache]: Analyzing trace with hash -1994586670, now seen corresponding path program 10 times
[2026-06-06 15:08:16,195 INFO  L637   ParallelNwaCegarLoop]: Main: Starting Thread
[2026-06-06 15:08:16,194 INFO  L86        PathProgramCache]: Analyzing trace with hash -1369228366, now seen corresponding path program 6 times
[2026-06-06 15:08:16,194 INFO  L209   CegarNwaWorkerThread]: Starting Thread: 104# for Trace Check: -557580407
[2026-06-06 15:08:16,194 INFO  L95    rtionOrderModulation]: Changing assertion order to TERMS_WITH_SMALL_CONSTANTS_FIRST
[2026-06-06 15:08:16,195 INFO  L118   FreeRefinementEngine]: Executing refinement strategy CAMEL
[2026-06-06 15:08:16,195 INFO  L156       PredicateUnifier]: Initialized classic predicate unifier
[2026-06-06 15:08:16,195 INFO  L86        PathProgramCache]: Analyzing trace with hash -1704720494, now seen corresponding path program 11 times
[2026-06-06 15:08:16,195 INFO  L637   ParallelNwaCegarLoop]: Main: Starting Thread
[2026-06-06 15:08:16,195 INFO  L118   FreeRefinementEngine]: Executing refinement strategy CAMEL
[2026-06-06 15:08:16,195 INFO  L86        PathProgramCache]: Analyzing trace with hash 1038351561, now seen corresponding path program 12 times
[2026-06-06 15:08:16,195 INFO  L637   ParallelNwaCegarLoop]: Main: Starting Thread
[2026-06-06 15:08:16,195 INFO  L156       PredicateUnifier]: Initialized classic predicate unifier
[2026-06-06 15:08:16,195 INFO  L324   FreeRefinementEngine]: Using trace check IpTcStrategyModuleSmtInterpolCraig [1597076116]
[2026-06-06 15:08:16,195 INFO  L287   ParallelNwaCegarLoop]: === Iteration 3 ===
[2026-06-06 15:08:16,195 INFO  L654   ParallelNwaCegarLoop]: All threads busy, going to sleep.
[2026-06-06 15:08:16,195 INFO  L324   FreeRefinementEngine]: Using trace check IpTcStrategyModuleSmtInterpolCraig [912547782]
[2026-06-06 15:08:16,195 INFO  L156       PredicateUnifier]: Initialized classic predicate unifier
[2026-06-06 15:08:16,195 INFO  L86        PathProgramCache]: Analyzing trace with hash -1994586670, now seen corresponding path program 10 times
[2026-06-06 15:08:16,195 INFO  L86        PathProgramCache]: Analyzing trace with hash -557580407, now seen corresponding path program 9 times
[2026-06-06 15:08:16,195 INFO  L324   FreeRefinementEngine]: Using trace check IpTcStrategyModuleSmtInterpolCraig [2134579103]
[2026-06-06 15:08:16,195 INFO  L127          SolverBuilder]: Constructing new instance of SMTInterpol with explicit timeout -1 ms and remaining time -1 ms
[2026-06-06 15:08:16,195 INFO  L209   CegarNwaWorkerThread]: Starting Thread: 143# for Trace Check: -1704720494
[2026-06-06 15:08:16,195 INFO  L118   FreeRefinementEngine]: Executing refinement strategy CAMEL
[2026-06-06 15:08:16,195 INFO  L118   FreeRefinementEngine]: Executing refinement strategy CAMEL
[2026-06-06 15:08:16,195 INFO  L95    rtionOrderModulation]: Changing assertion order to MIX_INSIDE_OUTSIDE
[2026-06-06 15:08:16,195 INFO  L95    rtionOrderModulation]: Changing assertion order to NOT_INCREMENTALLY
[2026-06-06 15:08:16,195 INFO  L127          SolverBuilder]: Constructing new instance of SMTInterpol with explicit timeout -1 ms and remaining time -1 ms
[2026-06-06 15:08:16,195 INFO  L127          SolverBuilder]: Constructing new instance of SMTInterpol with explicit timeout -1 ms and remaining time -1 ms
[2026-06-06 15:08:16,195 INFO  L95    rtionOrderModulation]: Changing assertion order to INSIDE_LOOP_FIRST1
[2026-06-06 15:08:16,195 INFO  L209   CegarNwaWorkerThread]: Starting Thread: 149# for Trace Check: 1038351561
[2026-06-06 15:08:16,195 INFO  L86        PathProgramCache]: Analyzing trace with hash 259105971, now seen corresponding path program 8 times
[2026-06-06 15:08:16,195 INFO  L156       PredicateUnifier]: Initialized classic predicate unifier
[2026-06-06 15:08:16,195 INFO  L324   FreeRefinementEngine]: Using trace check IpTcStrategyModuleSmtInterpolCraig [1086618347]
[2026-06-06 15:08:16,195 INFO  L324   FreeRefinementEngine]: Using trace check IpTcStrategyModuleSmtInterpolCraig [60010922]
[2026-06-06 15:08:16,196 INFO  L95    rtionOrderModulation]: Changing assertion order to TERMS_WITH_SMALL_CONSTANTS_FIRST
[2026-06-06 15:08:16,196 INFO  L86        PathProgramCache]: Analyzing trace with hash -1704720494, now seen corresponding path program 11 times
[2026-06-06 15:08:16,196 INFO  L127          SolverBuilder]: Constructing new instance of SMTInterpol with explicit timeout -1 ms and remaining time -1 ms
[2026-06-06 15:08:16,196 INFO  L118   FreeRefinementEngine]: Executing refinement strategy CAMEL
[2026-06-06 15:08:16,196 INFO  L127          SolverBuilder]: Constructing new instance of SMTInterpol with explicit timeout -1 ms and remaining time -1 ms
[2026-06-06 15:08:16,196 INFO  L324   FreeRefinementEngine]: Using trace check IpTcStrategyModuleSmtInterpolCraig [1082147680]
[2026-06-06 15:08:16,196 INFO  L118   FreeRefinementEngine]: Executing refinement strategy CAMEL
[2026-06-06 15:08:16,196 INFO  L95    rtionOrderModulation]: Changing assertion order to OUTSIDE_LOOP_FIRST1
[2026-06-06 15:08:16,196 INFO  L95    rtionOrderModulation]: Changing assertion order to OUTSIDE_LOOP_FIRST2
[2026-06-06 15:08:16,196 INFO  L127          SolverBuilder]: Constructing new instance of SMTInterpol with explicit timeout -1 ms and remaining time -1 ms
[2026-06-06 15:08:16,196 INFO  L127          SolverBuilder]: Constructing new instance of SMTInterpol with explicit timeout -1 ms and remaining time -1 ms
[2026-06-06 15:08:16,196 INFO  L156       PredicateUnifier]: Initialized classic predicate unifier
[2026-06-06 15:08:16,196 INFO  L324   FreeRefinementEngine]: Using trace check IpTcStrategyModuleSmtInterpolCraig [2107126643]
[2026-06-06 15:08:16,196 INFO  L86        PathProgramCache]: Analyzing trace with hash 1038351561, now seen corresponding path program 12 times
[2026-06-06 15:08:16,196 INFO  L95    rtionOrderModulation]: Changing assertion order to INSIDE_LOOP_FIRST1
[2026-06-06 15:08:16,196 INFO  L118   FreeRefinementEngine]: Executing refinement strategy CAMEL
[2026-06-06 15:08:16,196 INFO  L127          SolverBuilder]: Constructing new instance of SMTInterpol with explicit timeout -1 ms and remaining time -1 ms
[2026-06-06 15:08:16,196 INFO  L324   FreeRefinementEngine]: Using trace check IpTcStrategyModuleSmtInterpolCraig [2051936319]
[2026-06-06 15:08:16,196 INFO  L95    rtionOrderModulation]: Changing assertion order to MIX_INSIDE_OUTSIDE
[2026-06-06 15:08:16,197 INFO  L127          SolverBuilder]: Constructing new instance of SMTInterpol with explicit timeout -1 ms and remaining time -1 ms
[2026-06-06 15:08:16,201 INFO  L108    AnnotateAndAsserter]: Assert order TERMS_WITH_SMALL_CONSTANTS_FIRST partitioned 11 statements into 2 equivalence classes.
[2026-06-06 15:08:16,203 INFO  L108    AnnotateAndAsserter]: Assert order NOT_INCREMENTALLY partitioned 12 statements into 1 equivalence classes.
[2026-06-06 15:08:16,203 INFO  L108    AnnotateAndAsserter]: Assert order INSIDE_LOOP_FIRST1 partitioned 13 statements into 5 equivalence classes.
[2026-06-06 15:08:16,203 INFO  L108    AnnotateAndAsserter]: Assert order OUTSIDE_LOOP_FIRST2 partitioned 10 statements into 3 equivalence classes.
[2026-06-06 15:08:16,204 INFO  L108    AnnotateAndAsserter]: Assert order MIX_INSIDE_OUTSIDE partitioned 14 statements into 5 equivalence classes.
[2026-06-06 15:08:16,204 INFO  L108    AnnotateAndAsserter]: Assert order OUTSIDE_LOOP_FIRST2 partitioned 14 statements into 4 equivalence classes.
[2026-06-06 15:08:16,205 INFO  L108    AnnotateAndAsserter]: Assert order NOT_INCREMENTALLY partitioned 16 statements into 1 equivalence classes.
[2026-06-06 15:08:16,205 INFO  L108    AnnotateAndAsserter]: Assert order INSIDE_LOOP_FIRST1 partitioned 11 statements into 3 equivalence classes.
[2026-06-06 15:08:16,205 INFO  L108    AnnotateAndAsserter]: Assert order OUTSIDE_LOOP_FIRST2 partitioned 13 statements into 4 equivalence classes.
[2026-06-06 15:08:16,205 INFO  L108    AnnotateAndAsserter]: Assert order OUTSIDE_LOOP_FIRST1 partitioned 12 statements into 2 equivalence classes.
[2026-06-06 15:08:16,205 INFO  L108    AnnotateAndAsserter]: Assert order INSIDE_LOOP_FIRST1 partitioned 15 statements into 4 equivalence classes.
[2026-06-06 15:08:16,205 INFO  L108    AnnotateAndAsserter]: Assert order MIX_INSIDE_OUTSIDE partitioned 15 statements into 4 equivalence classes.
[2026-06-06 15:08:16,205 INFO  L108    AnnotateAndAsserter]: Assert order TERMS_WITH_SMALL_CONSTANTS_FIRST partitioned 14 statements into 2 equivalence classes.
[2026-06-06 15:08:16,206 INFO  L108    AnnotateAndAsserter]: Assert order TERMS_WITH_SMALL_CONSTANTS_FIRST partitioned 15 statements into 2 equivalence classes.
[2026-06-06 15:08:16,206 INFO  L108    AnnotateAndAsserter]: Assert order MIX_INSIDE_OUTSIDE partitioned 15 statements into 4 equivalence classes.
[2026-06-06 15:08:16,207 INFO  L111    AnnotateAndAsserter]: Assert order OUTSIDE_LOOP_FIRST2 issued 2 check-sat command(s) and asserted 8 of 10 statements.
[2026-06-06 15:08:16,207 INFO  L114    AnnotateAndAsserter]: Assert order OUTSIDE_LOOP_FIRST2 issued 2 check-sat command(s)
[2026-06-06 15:08:16,207 INFO  L115    AnnotateAndAsserter]: Conjunction of SSA is unsat
[2026-06-06 15:08:16,211 INFO  L111    AnnotateAndAsserter]: Assert order OUTSIDE_LOOP_FIRST2 issued 2 check-sat command(s) and asserted 8 of 14 statements.
[2026-06-06 15:08:16,211 INFO  L114    AnnotateAndAsserter]: Assert order OUTSIDE_LOOP_FIRST2 issued 2 check-sat command(s)
[2026-06-06 15:08:16,211 INFO  L115    AnnotateAndAsserter]: Conjunction of SSA is unsat
[2026-06-06 15:08:16,211 INFO  L111    AnnotateAndAsserter]: Assert order NOT_INCREMENTALLY issued 1 check-sat command(s) and asserted 12 of 12 statements.
[2026-06-06 15:08:16,211 INFO  L111    AnnotateAndAsserter]: Assert order TERMS_WITH_SMALL_CONSTANTS_FIRST issued 1 check-sat command(s) and asserted 11 of 11 statements.
[2026-06-06 15:08:16,211 INFO  L114    AnnotateAndAsserter]: Assert order NOT_INCREMENTALLY issued 1 check-sat command(s)
[2026-06-06 15:08:16,211 INFO  L115    AnnotateAndAsserter]: Conjunction of SSA is unsat
[2026-06-06 15:08:16,211 INFO  L114    AnnotateAndAsserter]: Assert order TERMS_WITH_SMALL_CONSTANTS_FIRST issued 1 check-sat command(s)
[2026-06-06 15:08:16,211 INFO  L115    AnnotateAndAsserter]: Conjunction of SSA is unsat
[2026-06-06 15:08:16,212 INFO  L111    AnnotateAndAsserter]: Assert order OUTSIDE_LOOP_FIRST2 issued 2 check-sat command(s) and asserted 8 of 13 statements.
[2026-06-06 15:08:16,212 INFO  L114    AnnotateAndAsserter]: Assert order OUTSIDE_LOOP_FIRST2 issued 2 check-sat command(s)
[2026-06-06 15:08:16,212 INFO  L115    AnnotateAndAsserter]: Conjunction of SSA is unsat
[2026-06-06 15:08:16,214 INFO  L111    AnnotateAndAsserter]: Assert order MIX_INSIDE_OUTSIDE issued 3 check-sat command(s) and asserted 10 of 14 statements.
[2026-06-06 15:08:16,214 INFO  L114    AnnotateAndAsserter]: Assert order MIX_INSIDE_OUTSIDE issued 3 check-sat command(s)
[2026-06-06 15:08:16,214 INFO  L115    AnnotateAndAsserter]: Conjunction of SSA is unsat
[2026-06-06 15:08:16,214 INFO  L111    AnnotateAndAsserter]: Assert order OUTSIDE_LOOP_FIRST1 issued 2 check-sat command(s) and asserted 12 of 12 statements.
[2026-06-06 15:08:16,214 INFO  L114    AnnotateAndAsserter]: Assert order OUTSIDE_LOOP_FIRST1 issued 2 check-sat command(s)
[2026-06-06 15:08:16,214 INFO  L115    AnnotateAndAsserter]: Conjunction of SSA is unsat
[2026-06-06 15:08:16,216 INFO  L111    AnnotateAndAsserter]: Assert order INSIDE_LOOP_FIRST1 issued 5 check-sat command(s) and asserted 13 of 13 statements.
[2026-06-06 15:08:16,216 INFO  L114    AnnotateAndAsserter]: Assert order INSIDE_LOOP_FIRST1 issued 5 check-sat command(s)
[2026-06-06 15:08:16,216 INFO  L115    AnnotateAndAsserter]: Conjunction of SSA is unsat
[2026-06-06 15:08:16,216 INFO  L111    AnnotateAndAsserter]: Assert order TERMS_WITH_SMALL_CONSTANTS_FIRST issued 1 check-sat command(s) and asserted 15 of 15 statements.
[2026-06-06 15:08:16,216 INFO  L114    AnnotateAndAsserter]: Assert order TERMS_WITH_SMALL_CONSTANTS_FIRST issued 1 check-sat command(s)
[2026-06-06 15:08:16,216 INFO  L115    AnnotateAndAsserter]: Conjunction of SSA is unsat
[2026-06-06 15:08:16,216 INFO  L111    AnnotateAndAsserter]: Assert order NOT_INCREMENTALLY issued 1 check-sat command(s) and asserted 16 of 16 statements.
[2026-06-06 15:08:16,216 INFO  L111    AnnotateAndAsserter]: Assert order TERMS_WITH_SMALL_CONSTANTS_FIRST issued 1 check-sat command(s) and asserted 14 of 14 statements.
[2026-06-06 15:08:16,216 INFO  L114    AnnotateAndAsserter]: Assert order TERMS_WITH_SMALL_CONSTANTS_FIRST issued 1 check-sat command(s)
[2026-06-06 15:08:16,216 INFO  L115    AnnotateAndAsserter]: Conjunction of SSA is unsat
[2026-06-06 15:08:16,216 INFO  L111    AnnotateAndAsserter]: Assert order MIX_INSIDE_OUTSIDE issued 3 check-sat command(s) and asserted 11 of 15 statements.
[2026-06-06 15:08:16,216 INFO  L114    AnnotateAndAsserter]: Assert order MIX_INSIDE_OUTSIDE issued 3 check-sat command(s)
[2026-06-06 15:08:16,217 INFO  L115    AnnotateAndAsserter]: Conjunction of SSA is unsat
[2026-06-06 15:08:16,216 INFO  L114    AnnotateAndAsserter]: Assert order NOT_INCREMENTALLY issued 1 check-sat command(s)
[2026-06-06 15:08:16,217 INFO  L115    AnnotateAndAsserter]: Conjunction of SSA is unsat
[2026-06-06 15:08:16,217 INFO  L111    AnnotateAndAsserter]: Assert order INSIDE_LOOP_FIRST1 issued 3 check-sat command(s) and asserted 11 of 11 statements.
[2026-06-06 15:08:16,217 INFO  L114    AnnotateAndAsserter]: Assert order INSIDE_LOOP_FIRST1 issued 3 check-sat command(s)
[2026-06-06 15:08:16,217 INFO  L115    AnnotateAndAsserter]: Conjunction of SSA is unsat
[2026-06-06 15:08:16,218 INFO  L111    AnnotateAndAsserter]: Assert order MIX_INSIDE_OUTSIDE issued 3 check-sat command(s) and asserted 10 of 15 statements.
[2026-06-06 15:08:16,218 INFO  L114    AnnotateAndAsserter]: Assert order MIX_INSIDE_OUTSIDE issued 3 check-sat command(s)
[2026-06-06 15:08:16,218 INFO  L115    AnnotateAndAsserter]: Conjunction of SSA is unsat
[2026-06-06 15:08:16,218 INFO  L111    AnnotateAndAsserter]: Assert order INSIDE_LOOP_FIRST1 issued 3 check-sat command(s) and asserted 11 of 15 statements.
[2026-06-06 15:08:16,218 INFO  L114    AnnotateAndAsserter]: Assert order INSIDE_LOOP_FIRST1 issued 3 check-sat command(s)
[2026-06-06 15:08:16,218 INFO  L115    AnnotateAndAsserter]: Conjunction of SSA is unsat
[2026-06-06 15:08:16,229 INFO  L144             Difference]: Subtrahend was deterministic. Have not used determinization.
[2026-06-06 15:08:16,229 INFO  L93              Difference]: Finished difference Result 15 states and 19 transitions.
[2026-06-06 15:08:16,229 INFO  L140   InterpolantAutomaton]: Switched to read-only mode: deterministic interpolant automaton has 10 states. 
[2026-06-06 15:08:16,229 INFO  L225             Difference]: With dead ends: 15
[2026-06-06 15:08:16,229 INFO  L226             Difference]: Without dead ends: 15
[2026-06-06 15:08:16,231 INFO  L487   CegarNwaWorkerThread]: 0 DeclaredPredicates, 26 GetRequests, 9 SyntacticMatches, 3 SemanticMatches, 14 ConstructedPredicates, 0 IntricatePredicates, 0 DeprecatedPredicates, 38 ImplicationChecksByTransitivity, 0.1s TimeCoverageRelationStatistics Valid=74, Invalid=166, Unknown=0, NotChecked=0, Total=240
[2026-06-06 15:08:16,231 INFO  L488   CegarNwaWorkerThread]: 3 mSDtfsCounter, 13 mSDsluCounter, 3 mSDsCounter, 0 mSdLazyCounter, 27 mSolverCounterSat, 0 mSolverCounterUnsat, 0 mSolverCounterUnknown, 0 mSolverCounterNotChecked, 0.0s Time, 0 mProtectedPredicate, 0 mProtectedAction, 13 SdHoareTripleChecker+Valid, 6 SdHoareTripleChecker+Invalid, 27 SdHoareTripleChecker+Unknown, 0 SdHoareTripleChecker+Unchecked, 0.0s SdHoareTripleChecker+Time, 0 IncrementalHoareTripleChecker+Valid, 27 IncrementalHoareTripleChecker+Invalid, 0 IncrementalHoareTripleChecker+Unknown, 0 IncrementalHoareTripleChecker+Unchecked, 0.0s IncrementalHoareTripleChecker+Time
[2026-06-06 15:08:16,232 INFO  L489   CegarNwaWorkerThread]: SdHoareTripleChecker [13 Valid, 6 Invalid, 27 Unknown, 0 Unchecked, 0.0s Time], IncrementalHoareTripleChecker [0 Valid, 27 Invalid, 0 Unknown, 0 Unchecked, 0.0s Time]
[2026-06-06 15:08:16,232 INFO  L224   CegarNwaWorkerThread]: Done with Thread: 113#
[2026-06-06 15:08:16,232 INFO  L196   CegarNwaWorkerThread]: WorkerThread: Thread[#113,Worker for 1241275689,5,main] is Waiting for a Task
[2026-06-06 15:08:16,232 INFO  L657   ParallelNwaCegarLoop]: Waking up, a worker is done.
[2026-06-06 15:08:16,232 INFO  L297   ParallelNwaCegarLoop]: Main: A Thread is Done
[2026-06-06 15:08:16,232 INFO  L315   ParallelNwaCegarLoop]: Worker Automaton Type: FLOYD_HOARE
[2026-06-06 15:08:16,232 INFO  L79                 Accepts]: Start accepts. Automaton has 11 states and 13 transitions. Word has length 9
[2026-06-06 15:08:16,232 INFO  L85                 Accepts]: Finished accepts. word is rejected.
[2026-06-06 15:08:16,232 INFO  L771   ParallelNwaCegarLoop]: Recorded stale counterexample prefix coverage.
[2026-06-06 15:08:16,232 INFO  L317   ParallelNwaCegarLoop]: Refining Abstraction
[2026-06-06 15:08:16,233 INFO  L721   ParallelNwaCegarLoop]: Subtrahend traceHash: 1241275689
[2026-06-06 15:08:16,233 INFO  L687   ParallelNwaCegarLoop]: Difference in Main
[2026-06-06 15:08:16,233 INFO  L87              Difference]: Start difference. First operand 11 states and 13 transitions. Second operand  has 10 states, 9 states have (on average 3.0) internal successors, (27), 9 states have internal predecessors, (27), 0 states have call successors, (0), 0 states have call predecessors, (0), 0 states have return successors, (0), 0 states have call predecessors, (0), 0 states have call successors, (0)
[2026-06-06 15:08:16,233 INFO  L144             Difference]: Subtrahend was deterministic. Have not used determinization.
[2026-06-06 15:08:16,233 INFO  L93              Difference]: Finished difference Result 15 states and 19 transitions.
[2026-06-06 15:08:16,233 INFO  L225             Difference]: With dead ends: 15
[2026-06-06 15:08:16,233 INFO  L226             Difference]: Without dead ends: 15
[2026-06-06 15:08:16,233 INFO  L82        GeneralOperation]: Start minimizeSevpa. Operand 15 states.
[2026-06-06 15:08:16,234 INFO  L88        GeneralOperation]: Finished minimizeSevpa. Reduced states from 15 to 14.
[2026-06-06 15:08:16,234 INFO  L82        GeneralOperation]: Start removeUnreachable. Operand  has 14 states, 13 states have (on average 1.3076923076923077) internal successors, (17), 13 states have internal predecessors, (17), 0 states have call successors, (0), 0 states have call predecessors, (0), 0 states have return successors, (0), 0 states have call predecessors, (0), 0 states have call successors, (0)
[2026-06-06 15:08:16,235 INFO  L88        GeneralOperation]: Finished removeUnreachable. Reduced from 14 states to 14 states and 17 transitions.
[2026-06-06 15:08:16,235 INFO  L699   ParallelNwaCegarLoop]: Main: Refinement done.
[2026-06-06 15:08:16,235 INFO  L617   ParallelNwaCegarLoop]: Checking if program is safe
[2026-06-06 15:08:16,235 INFO  L290                IsEmpty]: Start isEmpty. Operand 14 states and 17 transitions.
[2026-06-06 15:08:16,235 INFO  L300                IsEmpty]: Finished isEmpty. Found accepting run of length 14
[2026-06-06 15:08:16,235 INFO  L199           NwaCegarLoop]: Found error trace
[2026-06-06 15:08:16,235 INFO  L207           NwaCegarLoop]: trace histogram [5, 2, 2, 1, 1, 1, 1]
[2026-06-06 15:08:16,235 INFO  L340   ParallelNwaCegarLoop]: No more worker results to process
[2026-06-06 15:08:16,235 INFO  L290                IsEmpty]: Start isEmpty. Operand 14 states and 17 transitions.
[2026-06-06 15:08:16,235 INFO  L300                IsEmpty]: Finished isEmpty. Found accepting run of length 14
[2026-06-06 15:08:16,235 WARN  L753                IsEmpty]: Correctness of emptinessCheck not tested.
[2026-06-06 15:08:16,235 INFO  L79                 Accepts]: Start accepts. Automaton has 14 states and 17 transitions. Word has length 13
[2026-06-06 15:08:16,235 INFO  L85                 Accepts]: Finished accepts. word is accepted.
[2026-06-06 15:08:16,235 INFO  L757                IsEmpty]: Finished testing correctness of emptinessCheck
[2026-06-06 15:08:16,235 INFO  L1052  ParallelNwaCegarLoop]: Found new Counterexample via BFS!
[2026-06-06 15:08:16,235 INFO  L86        PathProgramCache]: Analyzing trace with hash -559725359, now seen corresponding path program 8 times
[2026-06-06 15:08:16,235 INFO  L637   ParallelNwaCegarLoop]: Main: Starting Thread
[2026-06-06 15:08:16,235 INFO  L209   CegarNwaWorkerThread]: Starting Thread: 113# for Trace Check: -559725359
[2026-06-06 15:08:16,235 INFO  L287   ParallelNwaCegarLoop]: === Iteration 4 ===
[2026-06-06 15:08:16,236 INFO  L654   ParallelNwaCegarLoop]: All threads busy, going to sleep.
[2026-06-06 15:08:16,236 INFO  L156       PredicateUnifier]: Initialized classic predicate unifier
[2026-06-06 15:08:16,236 INFO  L86        PathProgramCache]: Analyzing trace with hash -559725359, now seen corresponding path program 8 times
[2026-06-06 15:08:16,236 INFO  L118   FreeRefinementEngine]: Executing refinement strategy CAMEL
[2026-06-06 15:08:16,236 INFO  L324   FreeRefinementEngine]: Using trace check IpTcStrategyModuleSmtInterpolCraig [1846583696]
[2026-06-06 15:08:16,236 INFO  L95    rtionOrderModulation]: Changing assertion order to OUTSIDE_LOOP_FIRST1
[2026-06-06 15:08:16,236 INFO  L127          SolverBuilder]: Constructing new instance of SMTInterpol with explicit timeout -1 ms and remaining time -1 ms
[2026-06-06 15:08:16,241 INFO  L108    AnnotateAndAsserter]: Assert order OUTSIDE_LOOP_FIRST1 partitioned 13 statements into 2 equivalence classes.
[2026-06-06 15:08:16,248 INFO  L111    AnnotateAndAsserter]: Assert order OUTSIDE_LOOP_FIRST1 issued 2 check-sat command(s) and asserted 13 of 13 statements.
[2026-06-06 15:08:16,248 INFO  L114    AnnotateAndAsserter]: Assert order OUTSIDE_LOOP_FIRST1 issued 2 check-sat command(s)
[2026-06-06 15:08:16,248 INFO  L115    AnnotateAndAsserter]: Conjunction of SSA is unsat
[2026-06-06 15:08:16,251 INFO  L134       CoverageAnalysis]: Checked inductivity of 11 backedges. 0 proven. 1 refuted. 0 times theorem prover too weak. 10 trivial. 0 not checked.
[2026-06-06 15:08:16,251 INFO  L136   FreeRefinementEngine]: Strategy CAMEL found an infeasible trace
[2026-06-06 15:08:16,251 INFO  L324   FreeRefinementEngine]: Using interpolant generator IpTcStrategyModuleSmtInterpolCraig [166125342]
[2026-06-06 15:08:16,251 INFO  L158   FreeRefinementEngine]: IpTcStrategyModuleSmtInterpolCraig [166125342] provided 0 perfect and 1 imperfect interpolant sequences
[2026-06-06 15:08:16,251 INFO  L324   FreeRefinementEngine]: Using interpolant generator IpTcStrategyModuleZ3 [1678877423]
[2026-06-06 15:08:16,251 INFO  L95    rtionOrderModulation]: Changing assertion order to OUTSIDE_LOOP_FIRST2
[2026-06-06 15:08:16,251 INFO  L173          SolverBuilder]: Constructing external solver with command: z3 -smt2 -in SMTLIB2_COMPLIANT=true
[2026-06-06 15:08:16,254 INFO  L189       MonitoredProcess]: No working directory specified, using /usr/bin/z3
[2026-06-06 15:08:16,256 INFO  L134       CoverageAnalysis]: Checked inductivity of 19 backedges. 0 proven. 1 refuted. 0 times theorem prover too weak. 18 trivial. 0 not checked.
[2026-06-06 15:08:16,256 INFO  L134       CoverageAnalysis]: Checked inductivity of 25 backedges. 0 proven. 1 refuted. 0 times theorem prover too weak. 24 trivial. 0 not checked.
[2026-06-06 15:08:16,256 INFO  L136   FreeRefinementEngine]: Strategy CAMEL found an infeasible trace
[2026-06-06 15:08:16,256 INFO  L229       MonitoredProcess]: Starting monitored process 24 with /usr/bin/z3 -smt2 -in SMTLIB2_COMPLIANT=true (exit command is (exit), workingDir is null)
[2026-06-06 15:08:16,256 INFO  L136   FreeRefinementEngine]: Strategy CAMEL found an infeasible trace
[2026-06-06 15:08:16,256 INFO  L324   FreeRefinementEngine]: Using interpolant generator IpTcStrategyModuleSmtInterpolCraig [1844221251]
[2026-06-06 15:08:16,256 INFO  L324   FreeRefinementEngine]: Using interpolant generator IpTcStrategyModuleSmtInterpolCraig [60010922]
[2026-06-06 15:08:16,256 INFO  L158   FreeRefinementEngine]: IpTcStrategyModuleSmtInterpolCraig [1844221251] provided 0 perfect and 1 imperfect interpolant sequences
[2026-06-06 15:08:16,256 INFO  L158   FreeRefinementEngine]: IpTcStrategyModuleSmtInterpolCraig [60010922] provided 0 perfect and 1 imperfect interpolant sequences
[2026-06-06 15:08:16,256 INFO  L324   FreeRefinementEngine]: Using interpolant generator IpTcStrategyModuleZ3 [1764155026]
[2026-06-06 15:08:16,256 INFO  L324   FreeRefinementEngine]: Using interpolant generator IpTcStrategyModuleZ3 [2054303608]
[2026-06-06 15:08:16,256 INFO  L95    rtionOrderModulation]: Changing assertion order to OUTSIDE_LOOP_FIRST2
[2026-06-06 15:08:16,256 INFO  L95    rtionOrderModulation]: Changing assertion order to OUTSIDE_LOOP_FIRST2
[2026-06-06 15:08:16,256 INFO  L173          SolverBuilder]: Constructing external solver with command: z3 -smt2 -in SMTLIB2_COMPLIANT=true
[2026-06-06 15:08:16,256 INFO  L173          SolverBuilder]: Constructing external solver with command: z3 -smt2 -in SMTLIB2_COMPLIANT=true
[2026-06-06 15:08:16,257 INFO  L327       MonitoredProcess]: [MP /usr/bin/z3 -smt2 -in SMTLIB2_COMPLIANT=true (24)] Waiting until timeout for monitored process
[2026-06-06 15:08:16,259 INFO  L189       MonitoredProcess]: No working directory specified, using /usr/bin/z3
[2026-06-06 15:08:16,259 INFO  L189       MonitoredProcess]: No working directory specified, using /usr/bin/z3
[2026-06-06 15:08:16,261 INFO  L229       MonitoredProcess]: Starting monitored process 25 with /usr/bin/z3 -smt2 -in SMTLIB2_COMPLIANT=true (exit command is (exit), workingDir is null)
[2026-06-06 15:08:16,261 INFO  L229       MonitoredProcess]: Starting monitored process 26 with /usr/bin/z3 -smt2 -in SMTLIB2_COMPLIANT=true (exit command is (exit), workingDir is null)
[2026-06-06 15:08:16,263 INFO  L327       MonitoredProcess]: [MP /usr/bin/z3 -smt2 -in SMTLIB2_COMPLIANT=true (26)] Waiting until timeout for monitored process
[2026-06-06 15:08:16,263 INFO  L327       MonitoredProcess]: [MP /usr/bin/z3 -smt2 -in SMTLIB2_COMPLIANT=true (25)] Waiting until timeout for monitored process
[2026-06-06 15:08:16,264 INFO  L134       CoverageAnalysis]: Checked inductivity of 16 backedges. 1 proven. 0 refuted. 0 times theorem prover too weak. 15 trivial. 0 not checked.
[2026-06-06 15:08:16,264 INFO  L136   FreeRefinementEngine]: Strategy CAMEL found an infeasible trace
[2026-06-06 15:08:16,264 INFO  L324   FreeRefinementEngine]: Using interpolant generator IpTcStrategyModuleSmtInterpolCraig [1807597307]
[2026-06-06 15:08:16,264 INFO  L158   FreeRefinementEngine]: IpTcStrategyModuleSmtInterpolCraig [1807597307] provided 1 perfect and 0 imperfect interpolant sequences
[2026-06-06 15:08:16,264 INFO  L185   FreeRefinementEngine]: Found 1 perfect and 0 imperfect interpolant sequences.
[2026-06-06 15:08:16,264 INFO  L198   FreeRefinementEngine]: Number of different interpolants: perfect sequences [4] imperfect sequences [] total 4
[2026-06-06 15:08:16,264 INFO  L122   tionRefinementEngine]: Using interpolant automaton builder IpAbStrategyModuleStraightlineAll [625515888]
[2026-06-06 15:08:16,264 INFO  L85    oduleStraightlineAll]: Using 1 perfect interpolants to construct interpolant automaton
[2026-06-06 15:08:16,264 INFO  L100   FreeRefinementEngine]: Using predicate unifier PredicateUnifier provided by strategy CAMEL
[2026-06-06 15:08:16,264 INFO  L144   InterpolantAutomaton]: Constructing interpolant automaton starting with 5 interpolants.
[2026-06-06 15:08:16,264 INFO  L146   InterpolantAutomaton]: CoverageRelationStatistics Valid=8, Invalid=12, Unknown=0, NotChecked=0, Total=20
[2026-06-06 15:08:16,264 INFO  L419   CegarNwaWorkerThread]: Difference in Worker for Generalization
[2026-06-06 15:08:16,264 INFO  L134       CoverageAnalysis]: Checked inductivity of 14 backedges. 0 proven. 1 refuted. 0 times theorem prover too weak. 13 trivial. 0 not checked.
[2026-06-06 15:08:16,264 INFO  L87              Difference]: Start difference. First operand  has 6 states, 5 states have (on average 1.8) internal successors, (9), 5 states have internal predecessors, (9), 0 states have call successors, (0), 0 states have call predecessors, (0), 0 states have return successors, (0), 0 states have call predecessors, (0), 0 states have call successors, (0) Second operand  has 5 states, 5 states have (on average 1.4) internal successors, (7), 4 states have internal predecessors, (7), 0 states have call successors, (0), 0 states have call predecessors, (0), 0 states have return successors, (0), 0 states have call predecessors, (0), 0 states have call successors, (0)
[2026-06-06 15:08:16,264 INFO  L136   FreeRefinementEngine]: Strategy CAMEL found an infeasible trace
[2026-06-06 15:08:16,264 INFO  L324   FreeRefinementEngine]: Using interpolant generator IpTcStrategyModuleSmtInterpolCraig [912547782]
[2026-06-06 15:08:16,265 INFO  L158   FreeRefinementEngine]: IpTcStrategyModuleSmtInterpolCraig [912547782] provided 0 perfect and 1 imperfect interpolant sequences
[2026-06-06 15:08:16,265 INFO  L324   FreeRefinementEngine]: Using interpolant generator IpTcStrategyModuleZ3 [352267729]
[2026-06-06 15:08:16,265 INFO  L95    rtionOrderModulation]: Changing assertion order to NOT_INCREMENTALLY
[2026-06-06 15:08:16,265 INFO  L173          SolverBuilder]: Constructing external solver with command: z3 -smt2 -in SMTLIB2_COMPLIANT=true
[2026-06-06 15:08:16,265 INFO  L134       CoverageAnalysis]: Checked inductivity of 17 backedges. 0 proven. 1 refuted. 0 times theorem prover too weak. 16 trivial. 0 not checked.
[2026-06-06 15:08:16,265 INFO  L136   FreeRefinementEngine]: Strategy CAMEL found an infeasible trace
[2026-06-06 15:08:16,265 INFO  L324   FreeRefinementEngine]: Using interpolant generator IpTcStrategyModuleSmtInterpolCraig [1082147680]
[2026-06-06 15:08:16,265 INFO  L158   FreeRefinementEngine]: IpTcStrategyModuleSmtInterpolCraig [1082147680] provided 0 perfect and 1 imperfect interpolant sequences
[2026-06-06 15:08:16,265 INFO  L324   FreeRefinementEngine]: Using interpolant generator IpTcStrategyModuleZ3 [1478719915]
[2026-06-06 15:08:16,265 INFO  L95    rtionOrderModulation]: Changing assertion order to OUTSIDE_LOOP_FIRST1
[2026-06-06 15:08:16,265 INFO  L173          SolverBuilder]: Constructing external solver with command: z3 -smt2 -in SMTLIB2_COMPLIANT=true
[2026-06-06 15:08:16,266 INFO  L134       CoverageAnalysis]: Checked inductivity of 37 backedges. 0 proven. 1 refuted. 0 times theorem prover too weak. 36 trivial. 0 not checked.
[2026-06-06 15:08:16,266 INFO  L136   FreeRefinementEngine]: Strategy CAMEL found an infeasible trace
[2026-06-06 15:08:16,266 INFO  L324   FreeRefinementEngine]: Using interpolant generator IpTcStrategyModuleSmtInterpolCraig [740109221]
[2026-06-06 15:08:16,266 INFO  L158   FreeRefinementEngine]: IpTcStrategyModuleSmtInterpolCraig [740109221] provided 0 perfect and 1 imperfect interpolant sequences
[2026-06-06 15:08:16,266 INFO  L324   FreeRefinementEngine]: Using interpolant generator IpTcStrategyModuleZ3 [2083751882]
[2026-06-06 15:08:16,266 INFO  L95    rtionOrderModulation]: Changing assertion order to MIX_INSIDE_OUTSIDE
[2026-06-06 15:08:16,266 INFO  L173          SolverBuilder]: Constructing external solver with command: z3 -smt2 -in SMTLIB2_COMPLIANT=true
[2026-06-06 15:08:16,268 INFO  L189       MonitoredProcess]: No working directory specified, using /usr/bin/z3
[2026-06-06 15:08:16,268 INFO  L189       MonitoredProcess]: No working directory specified, using /usr/bin/z3
[2026-06-06 15:08:16,268 INFO  L189       MonitoredProcess]: No working directory specified, using /usr/bin/z3
[2026-06-06 15:08:16,270 INFO  L229       MonitoredProcess]: Starting monitored process 27 with /usr/bin/z3 -smt2 -in SMTLIB2_COMPLIANT=true (exit command is (exit), workingDir is null)
[2026-06-06 15:08:16,271 INFO  L229       MonitoredProcess]: Starting monitored process 28 with /usr/bin/z3 -smt2 -in SMTLIB2_COMPLIANT=true (exit command is (exit), workingDir is null)
[2026-06-06 15:08:16,272 INFO  L134       CoverageAnalysis]: Checked inductivity of 26 backedges. 0 proven. 1 refuted. 0 times theorem prover too weak. 25 trivial. 0 not checked.
[2026-06-06 15:08:16,272 INFO  L229       MonitoredProcess]: Starting monitored process 29 with /usr/bin/z3 -smt2 -in SMTLIB2_COMPLIANT=true (exit command is (exit), workingDir is null)
[2026-06-06 15:08:16,272 INFO  L136   FreeRefinementEngine]: Strategy CAMEL found an infeasible trace
[2026-06-06 15:08:16,272 INFO  L324   FreeRefinementEngine]: Using interpolant generator IpTcStrategyModuleSmtInterpolCraig [2051936319]
[2026-06-06 15:08:16,272 INFO  L158   FreeRefinementEngine]: IpTcStrategyModuleSmtInterpolCraig [2051936319] provided 0 perfect and 1 imperfect interpolant sequences
[2026-06-06 15:08:16,272 INFO  L324   FreeRefinementEngine]: Using interpolant generator IpTcStrategyModuleZ3 [1241593015]
[2026-06-06 15:08:16,272 INFO  L95    rtionOrderModulation]: Changing assertion order to MIX_INSIDE_OUTSIDE
[2026-06-06 15:08:16,272 INFO  L173          SolverBuilder]: Constructing external solver with command: z3 -smt2 -in SMTLIB2_COMPLIANT=true
[2026-06-06 15:08:16,272 INFO  L327       MonitoredProcess]: [MP /usr/bin/z3 -smt2 -in SMTLIB2_COMPLIANT=true (27)] Waiting until timeout for monitored process
[2026-06-06 15:08:16,273 INFO  L327       MonitoredProcess]: [MP /usr/bin/z3 -smt2 -in SMTLIB2_COMPLIANT=true (28)] Waiting until timeout for monitored process
[2026-06-06 15:08:16,273 INFO  L327       MonitoredProcess]: [MP /usr/bin/z3 -smt2 -in SMTLIB2_COMPLIANT=true (29)] Waiting until timeout for monitored process
[2026-06-06 15:08:16,274 INFO  L189       MonitoredProcess]: No working directory specified, using /usr/bin/z3
[2026-06-06 15:08:16,274 INFO  L134       CoverageAnalysis]: Checked inductivity of 12 backedges. 0 proven. 10 refuted. 0 times theorem prover too weak. 2 trivial. 0 not checked.
[2026-06-06 15:08:16,274 INFO  L136   FreeRefinementEngine]: Strategy CAMEL found an infeasible trace
[2026-06-06 15:08:16,274 INFO  L324   FreeRefinementEngine]: Using interpolant generator IpTcStrategyModuleSmtInterpolCraig [1597076116]
[2026-06-06 15:08:16,274 INFO  L158   FreeRefinementEngine]: IpTcStrategyModuleSmtInterpolCraig [1597076116] provided 0 perfect and 1 imperfect interpolant sequences
[2026-06-06 15:08:16,274 INFO  L324   FreeRefinementEngine]: Using interpolant generator IpTcStrategyModuleZ3 [659998597]
[2026-06-06 15:08:16,275 INFO  L95    rtionOrderModulation]: Changing assertion order to INSIDE_LOOP_FIRST1
[2026-06-06 15:08:16,275 INFO  L134       CoverageAnalysis]: Checked inductivity of 21 backedges. 0 proven. 1 refuted. 0 times theorem prover too weak. 20 trivial. 0 not checked.
[2026-06-06 15:08:16,275 INFO  L173          SolverBuilder]: Constructing external solver with command: z3 -smt2 -in SMTLIB2_COMPLIANT=true
[2026-06-06 15:08:16,275 INFO  L136   FreeRefinementEngine]: Strategy CAMEL found an infeasible trace
[2026-06-06 15:08:16,275 INFO  L324   FreeRefinementEngine]: Using interpolant generator IpTcStrategyModuleSmtInterpolCraig [1086618347]
[2026-06-06 15:08:16,275 INFO  L158   FreeRefinementEngine]: IpTcStrategyModuleSmtInterpolCraig [1086618347] provided 0 perfect and 1 imperfect interpolant sequences
[2026-06-06 15:08:16,275 INFO  L324   FreeRefinementEngine]: Using interpolant generator IpTcStrategyModuleZ3 [494655056]
[2026-06-06 15:08:16,275 INFO  L95    rtionOrderModulation]: Changing assertion order to TERMS_WITH_SMALL_CONSTANTS_FIRST
[2026-06-06 15:08:16,275 INFO  L173          SolverBuilder]: Constructing external solver with command: z3 -smt2 -in SMTLIB2_COMPLIANT=true
[2026-06-06 15:08:16,276 INFO  L229       MonitoredProcess]: Starting monitored process 30 with /usr/bin/z3 -smt2 -in SMTLIB2_COMPLIANT=true (exit command is (exit), workingDir is null)
[2026-06-06 15:08:16,277 INFO  L327       MonitoredProcess]: [MP /usr/bin/z3 -smt2 -in SMTLIB2_COMPLIANT=true (30)] Waiting until timeout for monitored process
[2026-06-06 15:08:16,277 INFO  L108    AnnotateAndAsserter]: Assert order OUTSIDE_LOOP_FIRST2 partitioned 10 statements into 3 equivalence classes.
[2026-06-06 15:08:16,277 INFO  L189       MonitoredProcess]: No working directory specified, using /usr/bin/z3
[2026-06-06 15:08:16,278 INFO  L189       MonitoredProcess]: No working directory specified, using /usr/bin/z3
[2026-06-06 15:08:16,279 INFO  L229       MonitoredProcess]: Starting monitored process 31 with /usr/bin/z3 -smt2 -in SMTLIB2_COMPLIANT=true (exit command is (exit), workingDir is null)
[2026-06-06 15:08:16,279 INFO  L229       MonitoredProcess]: Starting monitored process 32 with /usr/bin/z3 -smt2 -in SMTLIB2_COMPLIANT=true (exit command is (exit), workingDir is null)
[2026-06-06 15:08:16,280 INFO  L327       MonitoredProcess]: [MP /usr/bin/z3 -smt2 -in SMTLIB2_COMPLIANT=true (31)] Waiting until timeout for monitored process
[2026-06-06 15:08:16,281 INFO  L108    AnnotateAndAsserter]: Assert order OUTSIDE_LOOP_FIRST2 partitioned 13 statements into 4 equivalence classes.
[2026-06-06 15:08:16,281 INFO  L327       MonitoredProcess]: [MP /usr/bin/z3 -smt2 -in SMTLIB2_COMPLIANT=true (32)] Waiting until timeout for monitored process
[2026-06-06 15:08:16,283 INFO  L111    AnnotateAndAsserter]: Assert order OUTSIDE_LOOP_FIRST2 issued 2 check-sat command(s) and asserted 8 of 10 statements.
[2026-06-06 15:08:16,283 INFO  L134       CoverageAnalysis]: Checked inductivity of 27 backedges. 4 proven. 0 refuted. 0 times theorem prover too weak. 23 trivial. 0 not checked.
[2026-06-06 15:08:16,283 INFO  L114    AnnotateAndAsserter]: Assert order OUTSIDE_LOOP_FIRST2 issued 2 check-sat command(s)
[2026-06-06 15:08:16,283 INFO  L115    AnnotateAndAsserter]: Conjunction of SSA is unsat
[2026-06-06 15:08:16,283 INFO  L136   FreeRefinementEngine]: Strategy CAMEL found an infeasible trace
[2026-06-06 15:08:16,283 INFO  L324   FreeRefinementEngine]: Using interpolant generator IpTcStrategyModuleSmtInterpolCraig [1844189488]
[2026-06-06 15:08:16,283 INFO  L108    AnnotateAndAsserter]: Assert order OUTSIDE_LOOP_FIRST2 partitioned 14 statements into 4 equivalence classes.
[2026-06-06 15:08:16,283 INFO  L158   FreeRefinementEngine]: IpTcStrategyModuleSmtInterpolCraig [1844189488] provided 1 perfect and 0 imperfect interpolant sequences
[2026-06-06 15:08:16,283 INFO  L185   FreeRefinementEngine]: Found 1 perfect and 0 imperfect interpolant sequences.
[2026-06-06 15:08:16,283 INFO  L198   FreeRefinementEngine]: Number of different interpolants: perfect sequences [4] imperfect sequences [] total 4
[2026-06-06 15:08:16,283 INFO  L122   tionRefinementEngine]: Using interpolant automaton builder IpAbStrategyModuleStraightlineAll [1587743589]
[2026-06-06 15:08:16,283 INFO  L85    oduleStraightlineAll]: Using 1 perfect interpolants to construct interpolant automaton
[2026-06-06 15:08:16,283 INFO  L100   FreeRefinementEngine]: Using predicate unifier PredicateUnifier provided by strategy CAMEL
[2026-06-06 15:08:16,283 INFO  L256         TraceCheckSpWp]: Trace formula consists of 58 conjuncts, 4 conjuncts are in the unsatisfiable core
[2026-06-06 15:08:16,284 INFO  L144   InterpolantAutomaton]: Constructing interpolant automaton starting with 5 interpolants.
[2026-06-06 15:08:16,284 INFO  L146   InterpolantAutomaton]: CoverageRelationStatistics Valid=8, Invalid=12, Unknown=0, NotChecked=0, Total=20
[2026-06-06 15:08:16,284 INFO  L419   CegarNwaWorkerThread]: Difference in Worker for Generalization
[2026-06-06 15:08:16,284 INFO  L87              Difference]: Start difference. First operand  has 6 states, 5 states have (on average 1.8) internal successors, (9), 5 states have internal predecessors, (9), 0 states have call successors, (0), 0 states have call predecessors, (0), 0 states have return successors, (0), 0 states have call predecessors, (0), 0 states have call successors, (0) Second operand  has 5 states, 5 states have (on average 2.0) internal successors, (10), 4 states have internal predecessors, (10), 0 states have call successors, (0), 0 states have call predecessors, (0), 0 states have return successors, (0), 0 states have call predecessors, (0), 0 states have call successors, (0)
[2026-06-06 15:08:16,284 INFO  L279         TraceCheckSpWp]: Computing forward predicates...
[2026-06-06 15:08:16,285 INFO  L134       CoverageAnalysis]: Checked inductivity of 56 backedges. 1 proven. 0 refuted. 0 times theorem prover too weak. 55 trivial. 0 not checked.
[2026-06-06 15:08:16,285 INFO  L136   FreeRefinementEngine]: Strategy CAMEL found an infeasible trace
[2026-06-06 15:08:16,285 INFO  L324   FreeRefinementEngine]: Using interpolant generator IpTcStrategyModuleSmtInterpolCraig [936642992]
[2026-06-06 15:08:16,285 INFO  L158   FreeRefinementEngine]: IpTcStrategyModuleSmtInterpolCraig [936642992] provided 1 perfect and 0 imperfect interpolant sequences
[2026-06-06 15:08:16,285 INFO  L185   FreeRefinementEngine]: Found 1 perfect and 0 imperfect interpolant sequences.
[2026-06-06 15:08:16,285 INFO  L198   FreeRefinementEngine]: Number of different interpolants: perfect sequences [4] imperfect sequences [] total 4
[2026-06-06 15:08:16,285 INFO  L122   tionRefinementEngine]: Using interpolant automaton builder IpAbStrategyModuleStraightlineAll [1287044]
[2026-06-06 15:08:16,285 INFO  L85    oduleStraightlineAll]: Using 1 perfect interpolants to construct interpolant automaton
[2026-06-06 15:08:16,286 INFO  L100   FreeRefinementEngine]: Using predicate unifier PredicateUnifier provided by strategy CAMEL
[2026-06-06 15:08:16,286 INFO  L144   InterpolantAutomaton]: Constructing interpolant automaton starting with 5 interpolants.
[2026-06-06 15:08:16,286 INFO  L146   InterpolantAutomaton]: CoverageRelationStatistics Valid=8, Invalid=12, Unknown=0, NotChecked=0, Total=20
[2026-06-06 15:08:16,286 INFO  L419   CegarNwaWorkerThread]: Difference in Worker for Generalization
[2026-06-06 15:08:16,286 INFO  L87              Difference]: Start difference. First operand  has 6 states, 5 states have (on average 1.8) internal successors, (9), 5 states have internal predecessors, (9), 0 states have call successors, (0), 0 states have call predecessors, (0), 0 states have return successors, (0), 0 states have call predecessors, (0), 0 states have call successors, (0) Second operand  has 5 states, 5 states have (on average 1.4) internal successors, (7), 4 states have internal predecessors, (7), 0 states have call successors, (0), 0 states have call predecessors, (0), 0 states have return successors, (0), 0 states have call predecessors, (0), 0 states have call successors, (0)
[2026-06-06 15:08:16,287 INFO  L144             Difference]: Subtrahend was deterministic. Have not used determinization.
[2026-06-06 15:08:16,287 INFO  L93              Difference]: Finished difference Result 9 states and 12 transitions.
[2026-06-06 15:08:16,287 INFO  L140   InterpolantAutomaton]: Switched to read-only mode: deterministic interpolant automaton has 5 states. 
[2026-06-06 15:08:16,287 INFO  L225             Difference]: With dead ends: 9
[2026-06-06 15:08:16,287 INFO  L226             Difference]: Without dead ends: 9
[2026-06-06 15:08:16,287 INFO  L487   CegarNwaWorkerThread]: 0 DeclaredPredicates, 5 GetRequests, 1 SyntacticMatches, 0 SemanticMatches, 4 ConstructedPredicates, 0 IntricatePredicates, 0 DeprecatedPredicates, 1 ImplicationChecksByTransitivity, 0.0s TimeCoverageRelationStatistics Valid=13, Invalid=17, Unknown=0, NotChecked=0, Total=30
[2026-06-06 15:08:16,288 INFO  L488   CegarNwaWorkerThread]: 4 mSDtfsCounter, 12 mSDsluCounter, 4 mSDsCounter, 0 mSdLazyCounter, 15 mSolverCounterSat, 1 mSolverCounterUnsat, 0 mSolverCounterUnknown, 0 mSolverCounterNotChecked, 0.0s Time, 0 mProtectedPredicate, 0 mProtectedAction, 12 SdHoareTripleChecker+Valid, 8 SdHoareTripleChecker+Invalid, 16 SdHoareTripleChecker+Unknown, 0 SdHoareTripleChecker+Unchecked, 0.0s SdHoareTripleChecker+Time, 1 IncrementalHoareTripleChecker+Valid, 15 IncrementalHoareTripleChecker+Invalid, 0 IncrementalHoareTripleChecker+Unknown, 0 IncrementalHoareTripleChecker+Unchecked, 0.0s IncrementalHoareTripleChecker+Time
[2026-06-06 15:08:16,288 INFO  L489   CegarNwaWorkerThread]: SdHoareTripleChecker [12 Valid, 8 Invalid, 16 Unknown, 0 Unchecked, 0.0s Time], IncrementalHoareTripleChecker [1 Valid, 15 Invalid, 0 Unknown, 0 Unchecked, 0.0s Time]
[2026-06-06 15:08:16,289 INFO  L224   CegarNwaWorkerThread]: Done with Thread: 119#
[2026-06-06 15:08:16,289 INFO  L196   CegarNwaWorkerThread]: WorkerThread: Thread[#119,Worker for 423998025,5,main] is Waiting for a Task
[2026-06-06 15:08:16,291 INFO  L657   ParallelNwaCegarLoop]: Waking up, a worker is done.
[2026-06-06 15:08:16,291 INFO  L297   ParallelNwaCegarLoop]: Main: A Thread is Done
[2026-06-06 15:08:16,291 INFO  L315   ParallelNwaCegarLoop]: Worker Automaton Type: FLOYD_HOARE
[2026-06-06 15:08:16,291 INFO  L79                 Accepts]: Start accepts. Automaton has 14 states and 17 transitions. Word has length 11
[2026-06-06 15:08:16,291 INFO  L85                 Accepts]: Finished accepts. word is rejected.
[2026-06-06 15:08:16,291 INFO  L771   ParallelNwaCegarLoop]: Recorded stale counterexample prefix coverage.
[2026-06-06 15:08:16,291 INFO  L317   ParallelNwaCegarLoop]: Refining Abstraction
[2026-06-06 15:08:16,291 INFO  L721   ParallelNwaCegarLoop]: Subtrahend traceHash: 423998025
[2026-06-06 15:08:16,291 INFO  L687   ParallelNwaCegarLoop]: Difference in Main
[2026-06-06 15:08:16,291 INFO  L87              Difference]: Start difference. First operand 14 states and 17 transitions. Second operand  has 5 states, 4 states have (on average 3.75) internal successors, (15), 4 states have internal predecessors, (15), 0 states have call successors, (0), 0 states have call predecessors, (0), 0 states have return successors, (0), 0 states have call predecessors, (0), 0 states have call successors, (0)
[2026-06-06 15:08:16,291 INFO  L144             Difference]: Subtrahend was deterministic. Have not used determinization.
[2026-06-06 15:08:16,292 INFO  L111    AnnotateAndAsserter]: Assert order OUTSIDE_LOOP_FIRST2 issued 2 check-sat command(s) and asserted 8 of 14 statements.
[2026-06-06 15:08:16,292 INFO  L134       CoverageAnalysis]: Checked inductivity of 23 backedges. 6 proven. 7 refuted. 0 times theorem prover too weak. 10 trivial. 0 not checked.
[2026-06-06 15:08:16,293 INFO  L114    AnnotateAndAsserter]: Assert order OUTSIDE_LOOP_FIRST2 issued 2 check-sat command(s)
[2026-06-06 15:08:16,293 INFO  L115    AnnotateAndAsserter]: Conjunction of SSA is unsat
[2026-06-06 15:08:16,293 INFO  L93              Difference]: Finished difference Result 15 states and 18 transitions.
[2026-06-06 15:08:16,293 INFO  L136   FreeRefinementEngine]: Strategy CAMEL found an infeasible trace
[2026-06-06 15:08:16,293 INFO  L324   FreeRefinementEngine]: Using interpolant generator IpTcStrategyModuleSmtInterpolCraig [2107126643]
[2026-06-06 15:08:16,293 INFO  L158   FreeRefinementEngine]: IpTcStrategyModuleSmtInterpolCraig [2107126643] provided 0 perfect and 1 imperfect interpolant sequences
[2026-06-06 15:08:16,293 INFO  L225             Difference]: With dead ends: 15
[2026-06-06 15:08:16,294 INFO  L226             Difference]: Without dead ends: 15
[2026-06-06 15:08:16,294 INFO  L82        GeneralOperation]: Start minimizeSevpa. Operand 15 states.
[2026-06-06 15:08:16,294 INFO  L134       CoverageAnalysis]: Checked inductivity of 19 backedges. 3 proven. 0 refuted. 0 times theorem prover too weak. 16 trivial. 0 not checked.
[2026-06-06 15:08:16,294 INFO  L136   FreeRefinementEngine]: Strategy CAMEL found an infeasible trace
[2026-06-06 15:08:16,294 INFO  L88        GeneralOperation]: Finished minimizeSevpa. Reduced states from 15 to 15.
[2026-06-06 15:08:16,294 INFO  L82        GeneralOperation]: Start removeUnreachable. Operand  has 15 states, 14 states have (on average 1.2857142857142858) internal successors, (18), 14 states have internal predecessors, (18), 0 states have call successors, (0), 0 states have call predecessors, (0), 0 states have return successors, (0), 0 states have call predecessors, (0), 0 states have call successors, (0)
[2026-06-06 15:08:16,294 INFO  L88        GeneralOperation]: Finished removeUnreachable. Reduced from 15 states to 15 states and 18 transitions.
[2026-06-06 15:08:16,294 INFO  L699   ParallelNwaCegarLoop]: Main: Refinement done.
[2026-06-06 15:08:16,294 INFO  L617   ParallelNwaCegarLoop]: Checking if program is safe
[2026-06-06 15:08:16,294 INFO  L290                IsEmpty]: Start isEmpty. Operand 15 states and 18 transitions.
[2026-06-06 15:08:16,294 INFO  L111    AnnotateAndAsserter]: Assert order OUTSIDE_LOOP_FIRST2 issued 2 check-sat command(s) and asserted 8 of 13 statements.
[2026-06-06 15:08:16,294 INFO  L114    AnnotateAndAsserter]: Assert order OUTSIDE_LOOP_FIRST2 issued 2 check-sat command(s)
[2026-06-06 15:08:16,295 INFO  L115    AnnotateAndAsserter]: Conjunction of SSA is unsat
[2026-06-06 15:08:16,293 INFO  L324   FreeRefinementEngine]: Using interpolant generator IpTcStrategyModuleZ3 [1069192422]
[2026-06-06 15:08:16,294 INFO  L324   FreeRefinementEngine]: Using interpolant generator IpTcStrategyModuleSmtInterpolCraig [1846583696]
[2026-06-06 15:08:16,295 INFO  L158   FreeRefinementEngine]: IpTcStrategyModuleSmtInterpolCraig [1846583696] provided 1 perfect and 0 imperfect interpolant sequences
[2026-06-06 15:08:16,295 INFO  L95    rtionOrderModulation]: Changing assertion order to INSIDE_LOOP_FIRST1
[2026-06-06 15:08:16,295 INFO  L185   FreeRefinementEngine]: Found 1 perfect and 0 imperfect interpolant sequences.
[2026-06-06 15:08:16,295 INFO  L173          SolverBuilder]: Constructing external solver with command: z3 -smt2 -in SMTLIB2_COMPLIANT=true
[2026-06-06 15:08:16,295 INFO  L198   FreeRefinementEngine]: Number of different interpolants: perfect sequences [4] imperfect sequences [] total 4
[2026-06-06 15:08:16,295 INFO  L122   tionRefinementEngine]: Using interpolant automaton builder IpAbStrategyModuleStraightlineAll [1908662434]
[2026-06-06 15:08:16,295 INFO  L108    AnnotateAndAsserter]: Assert order NOT_INCREMENTALLY partitioned 12 statements into 1 equivalence classes.
[2026-06-06 15:08:16,295 INFO  L256         TraceCheckSpWp]: Trace formula consists of 58 conjuncts, 4 conjuncts are in the unsatisfiable core
[2026-06-06 15:08:16,295 INFO  L85    oduleStraightlineAll]: Using 1 perfect interpolants to construct interpolant automaton
[2026-06-06 15:08:16,295 INFO  L256         TraceCheckSpWp]: Trace formula consists of 58 conjuncts, 4 conjuncts are in the unsatisfiable core
[2026-06-06 15:08:16,295 INFO  L100   FreeRefinementEngine]: Using predicate unifier PredicateUnifier provided by strategy CAMEL
[2026-06-06 15:08:16,295 INFO  L144   InterpolantAutomaton]: Constructing interpolant automaton starting with 5 interpolants.
[2026-06-06 15:08:16,295 INFO  L146   InterpolantAutomaton]: CoverageRelationStatistics Valid=8, Invalid=12, Unknown=0, NotChecked=0, Total=20
[2026-06-06 15:08:16,295 INFO  L419   CegarNwaWorkerThread]: Difference in Worker for Generalization
[2026-06-06 15:08:16,296 INFO  L87              Difference]: Start difference. First operand  has 6 states, 5 states have (on average 1.8) internal successors, (9), 5 states have internal predecessors, (9), 0 states have call successors, (0), 0 states have call predecessors, (0), 0 states have return successors, (0), 0 states have call predecessors, (0), 0 states have call successors, (0) Second operand  has 5 states, 5 states have (on average 1.8) internal successors, (9), 4 states have internal predecessors, (9), 0 states have call successors, (0), 0 states have call predecessors, (0), 0 states have return successors, (0), 0 states have call predecessors, (0), 0 states have call successors, (0)
[2026-06-06 15:08:16,296 INFO  L300                IsEmpty]: Finished isEmpty. Found accepting run of length 15
[2026-06-06 15:08:16,296 INFO  L199           NwaCegarLoop]: Found error trace
[2026-06-06 15:08:16,296 INFO  L207           NwaCegarLoop]: trace histogram [5, 2, 2, 1, 1, 1, 1, 1]
[2026-06-06 15:08:16,296 INFO  L340   ParallelNwaCegarLoop]: No more worker results to process
[2026-06-06 15:08:16,296 INFO  L279         TraceCheckSpWp]: Computing forward predicates...
[2026-06-06 15:08:16,296 INFO  L279         TraceCheckSpWp]: Computing forward predicates...
[2026-06-06 15:08:16,296 INFO  L290                IsEmpty]: Start isEmpty. Operand 15 states and 18 transitions.
[2026-06-06 15:08:16,296 INFO  L300                IsEmpty]: Finished isEmpty. Found accepting run of length 15
[2026-06-06 15:08:16,296 WARN  L753                IsEmpty]: Correctness of emptinessCheck not tested.
[2026-06-06 15:08:16,296 INFO  L79                 Accepts]: Start accepts. Automaton has 15 states and 18 transitions. Word has length 14
[2026-06-06 15:08:16,296 INFO  L85                 Accepts]: Finished accepts. word is accepted.
[2026-06-06 15:08:16,296 INFO  L757                IsEmpty]: Finished testing correctness of emptinessCheck
[2026-06-06 15:08:16,296 INFO  L1052  ParallelNwaCegarLoop]: Found new Counterexample via BFS!
[2026-06-06 15:08:16,296 INFO  L86        PathProgramCache]: Analyzing trace with hash -107199301, now seen corresponding path program 13 times
[2026-06-06 15:08:16,296 INFO  L637   ParallelNwaCegarLoop]: Main: Starting Thread
[2026-06-06 15:08:16,296 INFO  L287   ParallelNwaCegarLoop]: === Iteration 5 ===
[2026-06-06 15:08:16,296 INFO  L654   ParallelNwaCegarLoop]: All threads busy, going to sleep.
[2026-06-06 15:08:16,296 INFO  L108    AnnotateAndAsserter]: Assert order OUTSIDE_LOOP_FIRST1 partitioned 12 statements into 2 equivalence classes.
[2026-06-06 15:08:16,296 INFO  L209   CegarNwaWorkerThread]: Starting Thread: 119# for Trace Check: -107199301
[2026-06-06 15:08:16,296 INFO  L156       PredicateUnifier]: Initialized classic predicate unifier
[2026-06-06 15:08:16,297 INFO  L86        PathProgramCache]: Analyzing trace with hash -107199301, now seen corresponding path program 13 times
[2026-06-06 15:08:16,297 INFO  L118   FreeRefinementEngine]: Executing refinement strategy CAMEL
[2026-06-06 15:08:16,297 INFO  L324   FreeRefinementEngine]: Using trace check IpTcStrategyModuleSmtInterpolCraig [1137417215]
[2026-06-06 15:08:16,297 INFO  L95    rtionOrderModulation]: Changing assertion order to NOT_INCREMENTALLY
[2026-06-06 15:08:16,297 INFO  L127          SolverBuilder]: Constructing new instance of SMTInterpol with explicit timeout -1 ms and remaining time -1 ms
[2026-06-06 15:08:16,297 INFO  L108    AnnotateAndAsserter]: Assert order MIX_INSIDE_OUTSIDE partitioned 14 statements into 5 equivalence classes.
[2026-06-06 15:08:16,297 INFO  L189       MonitoredProcess]: No working directory specified, using /usr/bin/z3
[2026-06-06 15:08:16,298 INFO  L108    AnnotateAndAsserter]: Assert order INSIDE_LOOP_FIRST1 partitioned 11 statements into 3 equivalence classes.
[2026-06-06 15:08:16,299 INFO  L108    AnnotateAndAsserter]: Assert order MIX_INSIDE_OUTSIDE partitioned 15 statements into 4 equivalence classes.
[2026-06-06 15:08:16,299 INFO  L229       MonitoredProcess]: Starting monitored process 33 with /usr/bin/z3 -smt2 -in SMTLIB2_COMPLIANT=true (exit command is (exit), workingDir is null)
[2026-06-06 15:08:16,300 INFO  L327       MonitoredProcess]: [MP /usr/bin/z3 -smt2 -in SMTLIB2_COMPLIANT=true (33)] Waiting until timeout for monitored process
[2026-06-06 15:08:16,303 INFO  L108    AnnotateAndAsserter]: Assert order TERMS_WITH_SMALL_CONSTANTS_FIRST partitioned 14 statements into 2 equivalence classes.
[2026-06-06 15:08:16,304 INFO  L111    AnnotateAndAsserter]: Assert order NOT_INCREMENTALLY issued 1 check-sat command(s) and asserted 12 of 12 statements.
[2026-06-06 15:08:16,304 INFO  L114    AnnotateAndAsserter]: Assert order NOT_INCREMENTALLY issued 1 check-sat command(s)
[2026-06-06 15:08:16,304 INFO  L115    AnnotateAndAsserter]: Conjunction of SSA is unsat
[2026-06-06 15:08:16,305 INFO  L134       CoverageAnalysis]: Checked inductivity of 29 backedges. 28 proven. 0 refuted. 0 times theorem prover too weak. 1 trivial. 0 not checked.
[2026-06-06 15:08:16,305 INFO  L136   FreeRefinementEngine]: Strategy CAMEL found an infeasible trace
[2026-06-06 15:08:16,305 INFO  L324   FreeRefinementEngine]: Using interpolant generator IpTcStrategyModuleSmtInterpolCraig [415686927]
[2026-06-06 15:08:16,305 INFO  L144             Difference]: Subtrahend was deterministic. Have not used determinization.
[2026-06-06 15:08:16,305 INFO  L158   FreeRefinementEngine]: IpTcStrategyModuleSmtInterpolCraig [415686927] provided 1 perfect and 0 imperfect interpolant sequences
[2026-06-06 15:08:16,305 INFO  L93              Difference]: Finished difference Result 9 states and 12 transitions.
[2026-06-06 15:08:16,305 INFO  L185   FreeRefinementEngine]: Found 1 perfect and 0 imperfect interpolant sequences.
[2026-06-06 15:08:16,305 INFO  L198   FreeRefinementEngine]: Number of different interpolants: perfect sequences [8] imperfect sequences [] total 8
[2026-06-06 15:08:16,305 INFO  L122   tionRefinementEngine]: Using interpolant automaton builder IpAbStrategyModuleStraightlineAll [1624305454]
[2026-06-06 15:08:16,305 INFO  L85    oduleStraightlineAll]: Using 1 perfect interpolants to construct interpolant automaton
[2026-06-06 15:08:16,305 INFO  L140   InterpolantAutomaton]: Switched to read-only mode: deterministic interpolant automaton has 5 states. 
[2026-06-06 15:08:16,305 INFO  L108    AnnotateAndAsserter]: Assert order NOT_INCREMENTALLY partitioned 14 statements into 1 equivalence classes.
[2026-06-06 15:08:16,305 INFO  L100   FreeRefinementEngine]: Using predicate unifier PredicateUnifier provided by strategy CAMEL
[2026-06-06 15:08:16,305 INFO  L225             Difference]: With dead ends: 9
[2026-06-06 15:08:16,305 INFO  L226             Difference]: Without dead ends: 9
[2026-06-06 15:08:16,305 INFO  L256         TraceCheckSpWp]: Trace formula consists of 82 conjuncts, 6 conjuncts are in the unsatisfiable core
[2026-06-06 15:08:16,305 INFO  L487   CegarNwaWorkerThread]: 0 DeclaredPredicates, 5 GetRequests, 1 SyntacticMatches, 0 SemanticMatches, 4 ConstructedPredicates, 0 IntricatePredicates, 0 DeprecatedPredicates, 1 ImplicationChecksByTransitivity, 0.0s TimeCoverageRelationStatistics Valid=13, Invalid=17, Unknown=0, NotChecked=0, Total=30
[2026-06-06 15:08:16,305 INFO  L144   InterpolantAutomaton]: Constructing interpolant automaton starting with 9 interpolants.
[2026-06-06 15:08:16,305 INFO  L146   InterpolantAutomaton]: CoverageRelationStatistics Valid=36, Invalid=36, Unknown=0, NotChecked=0, Total=72
[2026-06-06 15:08:16,305 INFO  L419   CegarNwaWorkerThread]: Difference in Worker for Generalization
[2026-06-06 15:08:16,305 INFO  L144             Difference]: Subtrahend was deterministic. Have not used determinization.
[2026-06-06 15:08:16,306 INFO  L488   CegarNwaWorkerThread]: 4 mSDtfsCounter, 12 mSDsluCounter, 4 mSDsCounter, 0 mSdLazyCounter, 15 mSolverCounterSat, 1 mSolverCounterUnsat, 0 mSolverCounterUnknown, 0 mSolverCounterNotChecked, 0.0s Time, 0 mProtectedPredicate, 0 mProtectedAction, 12 SdHoareTripleChecker+Valid, 8 SdHoareTripleChecker+Invalid, 16 SdHoareTripleChecker+Unknown, 0 SdHoareTripleChecker+Unchecked, 0.0s SdHoareTripleChecker+Time, 1 IncrementalHoareTripleChecker+Valid, 15 IncrementalHoareTripleChecker+Invalid, 0 IncrementalHoareTripleChecker+Unknown, 0 IncrementalHoareTripleChecker+Unchecked, 0.0s IncrementalHoareTripleChecker+Time
[2026-06-06 15:08:16,306 INFO  L93              Difference]: Finished difference Result 9 states and 12 transitions.
[2026-06-06 15:08:16,306 INFO  L87              Difference]: Start difference. First operand  has 6 states, 5 states have (on average 1.8) internal successors, (9), 5 states have internal predecessors, (9), 0 states have call successors, (0), 0 states have call predecessors, (0), 0 states have return successors, (0), 0 states have call predecessors, (0), 0 states have call successors, (0) Second operand  has 9 states, 9 states have (on average 1.4444444444444444) internal successors, (13), 8 states have internal predecessors, (13), 0 states have call successors, (0), 0 states have call predecessors, (0), 0 states have return successors, (0), 0 states have call predecessors, (0), 0 states have call successors, (0)
[2026-06-06 15:08:16,306 INFO  L489   CegarNwaWorkerThread]: SdHoareTripleChecker [12 Valid, 8 Invalid, 16 Unknown, 0 Unchecked, 0.0s Time], IncrementalHoareTripleChecker [1 Valid, 15 Invalid, 0 Unknown, 0 Unchecked, 0.0s Time]
[2026-06-06 15:08:16,306 INFO  L140   InterpolantAutomaton]: Switched to read-only mode: deterministic interpolant automaton has 5 states. 
[2026-06-06 15:08:16,306 INFO  L225             Difference]: With dead ends: 9
[2026-06-06 15:08:16,306 INFO  L226             Difference]: Without dead ends: 9
[2026-06-06 15:08:16,306 INFO  L279         TraceCheckSpWp]: Computing forward predicates...
[2026-06-06 15:08:16,306 INFO  L487   CegarNwaWorkerThread]: 0 DeclaredPredicates, 5 GetRequests, 1 SyntacticMatches, 0 SemanticMatches, 4 ConstructedPredicates, 0 IntricatePredicates, 0 DeprecatedPredicates, 1 ImplicationChecksByTransitivity, 0.0s TimeCoverageRelationStatistics Valid=13, Invalid=17, Unknown=0, NotChecked=0, Total=30
[2026-06-06 15:08:16,306 INFO  L111    AnnotateAndAsserter]: Assert order MIX_INSIDE_OUTSIDE issued 3 check-sat command(s) and asserted 10 of 14 statements.
[2026-06-06 15:08:16,306 INFO  L114    AnnotateAndAsserter]: Assert order MIX_INSIDE_OUTSIDE issued 3 check-sat command(s)
[2026-06-06 15:08:16,306 INFO  L224   CegarNwaWorkerThread]: Done with Thread: 131#
[2026-06-06 15:08:16,306 INFO  L196   CegarNwaWorkerThread]: WorkerThread: Thread[#131,Worker for -1433576926,5,main] is Waiting for a Task
[2026-06-06 15:08:16,306 INFO  L115    AnnotateAndAsserter]: Conjunction of SSA is unsat
[2026-06-06 15:08:16,306 INFO  L657   ParallelNwaCegarLoop]: Waking up, a worker is done.
[2026-06-06 15:08:16,306 INFO  L297   ParallelNwaCegarLoop]: Main: A Thread is Done
[2026-06-06 15:08:16,306 INFO  L488   CegarNwaWorkerThread]: 4 mSDtfsCounter, 12 mSDsluCounter, 4 mSDsCounter, 0 mSdLazyCounter, 15 mSolverCounterSat, 1 mSolverCounterUnsat, 0 mSolverCounterUnknown, 0 mSolverCounterNotChecked, 0.0s Time, 0 mProtectedPredicate, 0 mProtectedAction, 12 SdHoareTripleChecker+Valid, 8 SdHoareTripleChecker+Invalid, 16 SdHoareTripleChecker+Unknown, 0 SdHoareTripleChecker+Unchecked, 0.0s SdHoareTripleChecker+Time, 1 IncrementalHoareTripleChecker+Valid, 15 IncrementalHoareTripleChecker+Invalid, 0 IncrementalHoareTripleChecker+Unknown, 0 IncrementalHoareTripleChecker+Unchecked, 0.0s IncrementalHoareTripleChecker+Time
[2026-06-06 15:08:16,307 INFO  L489   CegarNwaWorkerThread]: SdHoareTripleChecker [12 Valid, 8 Invalid, 16 Unknown, 0 Unchecked, 0.0s Time], IncrementalHoareTripleChecker [1 Valid, 15 Invalid, 0 Unknown, 0 Unchecked, 0.0s Time]
[2026-06-06 15:08:16,307 INFO  L224   CegarNwaWorkerThread]: Done with Thread: 161#
[2026-06-06 15:08:16,307 INFO  L196   CegarNwaWorkerThread]: WorkerThread: Thread[#161,Worker for -771756942,5,main] is Waiting for a Task
[2026-06-06 15:08:16,307 INFO  L111    AnnotateAndAsserter]: Assert order OUTSIDE_LOOP_FIRST1 issued 2 check-sat command(s) and asserted 12 of 12 statements.
[2026-06-06 15:08:16,307 INFO  L114    AnnotateAndAsserter]: Assert order OUTSIDE_LOOP_FIRST1 issued 2 check-sat command(s)
[2026-06-06 15:08:16,307 INFO  L115    AnnotateAndAsserter]: Conjunction of SSA is unsat
[2026-06-06 15:08:16,308 INFO  L256         TraceCheckSpWp]: Trace formula consists of 82 conjuncts, 4 conjuncts are in the unsatisfiable core
[2026-06-06 15:08:16,308 INFO  L111    AnnotateAndAsserter]: Assert order NOT_INCREMENTALLY issued 1 check-sat command(s) and asserted 14 of 14 statements.
[2026-06-06 15:08:16,308 INFO  L114    AnnotateAndAsserter]: Assert order NOT_INCREMENTALLY issued 1 check-sat command(s)
[2026-06-06 15:08:16,308 INFO  L115    AnnotateAndAsserter]: Conjunction of SSA is unsat
[2026-06-06 15:08:16,307 INFO  L315   ParallelNwaCegarLoop]: Worker Automaton Type: FLOYD_HOARE
[2026-06-06 15:08:16,307 INFO  L256         TraceCheckSpWp]: Trace formula consists of 70 conjuncts, 4 conjuncts are in the unsatisfiable core
[2026-06-06 15:08:16,308 INFO  L79                 Accepts]: Start accepts. Automaton has 15 states and 18 transitions. Word has length 15
[2026-06-06 15:08:16,308 INFO  L85                 Accepts]: Finished accepts. word is rejected.
[2026-06-06 15:08:16,308 INFO  L771   ParallelNwaCegarLoop]: Recorded stale counterexample prefix coverage.
[2026-06-06 15:08:16,308 INFO  L317   ParallelNwaCegarLoop]: Refining Abstraction
[2026-06-06 15:08:16,308 INFO  L721   ParallelNwaCegarLoop]: Subtrahend traceHash: -1433576926
[2026-06-06 15:08:16,308 INFO  L111    AnnotateAndAsserter]: Assert order MIX_INSIDE_OUTSIDE issued 3 check-sat command(s) and asserted 11 of 15 statements.
[2026-06-06 15:08:16,308 INFO  L687   ParallelNwaCegarLoop]: Difference in Main
[2026-06-06 15:08:16,308 INFO  L279         TraceCheckSpWp]: Computing forward predicates...
[2026-06-06 15:08:16,308 INFO  L114    AnnotateAndAsserter]: Assert order MIX_INSIDE_OUTSIDE issued 3 check-sat command(s)
[2026-06-06 15:08:16,308 INFO  L115    AnnotateAndAsserter]: Conjunction of SSA is unsat
[2026-06-06 15:08:16,308 INFO  L87              Difference]: Start difference. First operand 15 states and 18 transitions. Second operand  has 5 states, 4 states have (on average 3.75) internal successors, (15), 4 states have internal predecessors, (15), 0 states have call successors, (0), 0 states have call predecessors, (0), 0 states have return successors, (0), 0 states have call predecessors, (0), 0 states have call successors, (0)
[2026-06-06 15:08:16,308 INFO  L144             Difference]: Subtrahend was deterministic. Have not used determinization.
[2026-06-06 15:08:16,309 INFO  L93              Difference]: Finished difference Result 15 states and 18 transitions.
[2026-06-06 15:08:16,309 INFO  L225             Difference]: With dead ends: 15
[2026-06-06 15:08:16,309 INFO  L226             Difference]: Without dead ends: 15
[2026-06-06 15:08:16,309 INFO  L279         TraceCheckSpWp]: Computing forward predicates...
[2026-06-06 15:08:16,309 INFO  L256         TraceCheckSpWp]: Trace formula consists of 76 conjuncts, 4 conjuncts are in the unsatisfiable core
[2026-06-06 15:08:16,309 INFO  L82        GeneralOperation]: Start minimizeSevpa. Operand 15 states.
[2026-06-06 15:08:16,309 INFO  L111    AnnotateAndAsserter]: Assert order INSIDE_LOOP_FIRST1 issued 3 check-sat command(s) and asserted 11 of 11 statements.
[2026-06-06 15:08:16,309 INFO  L114    AnnotateAndAsserter]: Assert order INSIDE_LOOP_FIRST1 issued 3 check-sat command(s)
[2026-06-06 15:08:16,309 INFO  L115    AnnotateAndAsserter]: Conjunction of SSA is unsat
[2026-06-06 15:08:16,309 INFO  L88        GeneralOperation]: Finished minimizeSevpa. Reduced states from 15 to 15.
[2026-06-06 15:08:16,309 INFO  L279         TraceCheckSpWp]: Computing forward predicates...
[2026-06-06 15:08:16,309 INFO  L82        GeneralOperation]: Start removeUnreachable. Operand  has 15 states, 14 states have (on average 1.2857142857142858) internal successors, (18), 14 states have internal predecessors, (18), 0 states have call successors, (0), 0 states have call predecessors, (0), 0 states have return successors, (0), 0 states have call predecessors, (0), 0 states have call successors, (0)
[2026-06-06 15:08:16,309 INFO  L88        GeneralOperation]: Finished removeUnreachable. Reduced from 15 states to 15 states and 18 transitions.
[2026-06-06 15:08:16,309 INFO  L699   ParallelNwaCegarLoop]: Main: Refinement done.
[2026-06-06 15:08:16,310 INFO  L617   ParallelNwaCegarLoop]: Checking if program is safe
[2026-06-06 15:08:16,310 INFO  L290                IsEmpty]: Start isEmpty. Operand 15 states and 18 transitions.
[2026-06-06 15:08:16,310 INFO  L300                IsEmpty]: Finished isEmpty. Found accepting run of length 15
[2026-06-06 15:08:16,310 INFO  L199           NwaCegarLoop]: Found error trace
[2026-06-06 15:08:16,310 INFO  L207           NwaCegarLoop]: trace histogram [5, 2, 2, 1, 1, 1, 1, 1]
[2026-06-06 15:08:16,310 INFO  L256         TraceCheckSpWp]: Trace formula consists of 76 conjuncts, 6 conjuncts are in the unsatisfiable core
[2026-06-06 15:08:16,310 INFO  L297   ParallelNwaCegarLoop]: Main: A Thread is Done
[2026-06-06 15:08:16,310 INFO  L315   ParallelNwaCegarLoop]: Worker Automaton Type: FLOYD_HOARE
[2026-06-06 15:08:16,310 INFO  L79                 Accepts]: Start accepts. Automaton has 15 states and 18 transitions. Word has length 16
[2026-06-06 15:08:16,310 INFO  L85                 Accepts]: Finished accepts. word is rejected.
[2026-06-06 15:08:16,310 INFO  L771   ParallelNwaCegarLoop]: Recorded stale counterexample prefix coverage.
[2026-06-06 15:08:16,310 INFO  L317   ParallelNwaCegarLoop]: Refining Abstraction
[2026-06-06 15:08:16,310 INFO  L721   ParallelNwaCegarLoop]: Subtrahend traceHash: -771756942
[2026-06-06 15:08:16,310 INFO  L687   ParallelNwaCegarLoop]: Difference in Main
[2026-06-06 15:08:16,310 INFO  L87              Difference]: Start difference. First operand 15 states and 18 transitions. Second operand  has 5 states, 4 states have (on average 3.75) internal successors, (15), 4 states have internal predecessors, (15), 0 states have call successors, (0), 0 states have call predecessors, (0), 0 states have return successors, (0), 0 states have call predecessors, (0), 0 states have call successors, (0)
[2026-06-06 15:08:16,310 INFO  L144             Difference]: Subtrahend was deterministic. Have not used determinization.
[2026-06-06 15:08:16,310 INFO  L93              Difference]: Finished difference Result 15 states and 18 transitions.
[2026-06-06 15:08:16,310 INFO  L279         TraceCheckSpWp]: Computing forward predicates...
[2026-06-06 15:08:16,310 INFO  L225             Difference]: With dead ends: 15
[2026-06-06 15:08:16,310 INFO  L226             Difference]: Without dead ends: 15
[2026-06-06 15:08:16,310 INFO  L82        GeneralOperation]: Start minimizeSevpa. Operand 15 states.
[2026-06-06 15:08:16,311 INFO  L88        GeneralOperation]: Finished minimizeSevpa. Reduced states from 15 to 15.
[2026-06-06 15:08:16,311 INFO  L82        GeneralOperation]: Start removeUnreachable. Operand  has 15 states, 14 states have (on average 1.2857142857142858) internal successors, (18), 14 states have internal predecessors, (18), 0 states have call successors, (0), 0 states have call predecessors, (0), 0 states have return successors, (0), 0 states have call predecessors, (0), 0 states have call successors, (0)
[2026-06-06 15:08:16,311 INFO  L88        GeneralOperation]: Finished removeUnreachable. Reduced from 15 states to 15 states and 18 transitions.
[2026-06-06 15:08:16,311 INFO  L699   ParallelNwaCegarLoop]: Main: Refinement done.
[2026-06-06 15:08:16,311 INFO  L617   ParallelNwaCegarLoop]: Checking if program is safe
[2026-06-06 15:08:16,311 INFO  L290                IsEmpty]: Start isEmpty. Operand 15 states and 18 transitions.
[2026-06-06 15:08:16,311 INFO  L300                IsEmpty]: Finished isEmpty. Found accepting run of length 15
[2026-06-06 15:08:16,311 INFO  L199           NwaCegarLoop]: Found error trace
[2026-06-06 15:08:16,311 INFO  L207           NwaCegarLoop]: trace histogram [5, 2, 2, 1, 1, 1, 1, 1]
[2026-06-06 15:08:16,311 INFO  L340   ParallelNwaCegarLoop]: No more worker results to process
[2026-06-06 15:08:16,311 INFO  L290                IsEmpty]: Start isEmptyParallel. Operand 15 states and 18 transitions.
[2026-06-06 15:08:16,312 INFO  L300                IsEmpty]: Finished isEmptyParallel. No accepting run.
[2026-06-06 15:08:16,312 INFO  L156        IsEmptyParallel]: Start isEmptyParallel. Operand 15 states and 18 transitions.
[2026-06-06 15:08:16,312 INFO  L182       IsEmptyHeuristic]: Start isEmptyHeuristic. Operand 15 states and 18 transitions.
[2026-06-06 15:08:16,312 INFO  L188       IsEmptyHeuristic]: Finished isEmptyHeuristic. Found accepting run of length 18
[2026-06-06 15:08:16,312 INFO  L163        IsEmptyParallel]: Finished isEmptyParallel. Found accepting run of length 18
[2026-06-06 15:08:16,312 WARN  L753                IsEmpty]: Correctness of emptinessCheck not tested.
[2026-06-06 15:08:16,312 INFO  L79                 Accepts]: Start accepts. Automaton has 15 states and 18 transitions. Word has length 17
[2026-06-06 15:08:16,312 INFO  L85                 Accepts]: Finished accepts. word is accepted.
[2026-06-06 15:08:16,312 INFO  L757                IsEmpty]: Finished testing correctness of emptinessCheck
[2026-06-06 15:08:16,312 INFO  L290                IsEmpty]: Start isEmptyParallel. Operand 15 states and 18 transitions.
[2026-06-06 15:08:16,312 INFO  L300                IsEmpty]: Finished isEmptyParallel. No accepting run.
[2026-06-06 15:08:16,312 INFO  L156        IsEmptyParallel]: Start isEmptyParallel. Operand 15 states and 18 transitions.
[2026-06-06 15:08:16,312 INFO  L182       IsEmptyHeuristic]: Start isEmptyHeuristic. Operand 15 states and 18 transitions.
[2026-06-06 15:08:16,312 INFO  L188       IsEmptyHeuristic]: Finished isEmptyHeuristic. Found accepting run of length 17
[2026-06-06 15:08:16,312 INFO  L163        IsEmptyParallel]: Finished isEmptyParallel. Found accepting run of length 17
[2026-06-06 15:08:16,312 WARN  L753                IsEmpty]: Correctness of emptinessCheck not tested.
[2026-06-06 15:08:16,312 INFO  L79                 Accepts]: Start accepts. Automaton has 15 states and 18 transitions. Word has length 16
[2026-06-06 15:08:16,313 INFO  L85                 Accepts]: Finished accepts. word is accepted.
[2026-06-06 15:08:16,313 INFO  L757                IsEmpty]: Finished testing correctness of emptinessCheck
[2026-06-06 15:08:16,313 INFO  L290                IsEmpty]: Start isEmptyParallel. Operand 15 states and 18 transitions.
[2026-06-06 15:08:16,313 INFO  L300                IsEmpty]: Finished isEmptyParallel. No accepting run.
[2026-06-06 15:08:16,313 INFO  L156        IsEmptyParallel]: Start isEmptyParallel. Operand 15 states and 18 transitions.
[2026-06-06 15:08:16,313 INFO  L182       IsEmptyHeuristic]: Start isEmptyHeuristic. Operand 15 states and 18 transitions.
[2026-06-06 15:08:16,313 INFO  L188       IsEmptyHeuristic]: Finished isEmptyHeuristic. Found accepting run of length 17
[2026-06-06 15:08:16,313 INFO  L163        IsEmptyParallel]: Finished isEmptyParallel. Found accepting run of length 17
[2026-06-06 15:08:16,313 WARN  L753                IsEmpty]: Correctness of emptinessCheck not tested.
[2026-06-06 15:08:16,313 INFO  L79                 Accepts]: Start accepts. Automaton has 15 states and 18 transitions. Word has length 16
[2026-06-06 15:08:16,313 INFO  L85                 Accepts]: Finished accepts. word is accepted.
[2026-06-06 15:08:16,313 INFO  L757                IsEmpty]: Finished testing correctness of emptinessCheck
[2026-06-06 15:08:16,313 INFO  L290                IsEmpty]: Start isEmptyParallel. Operand 15 states and 18 transitions.
[2026-06-06 15:08:16,313 INFO  L300                IsEmpty]: Finished isEmptyParallel. No accepting run.
[2026-06-06 15:08:16,313 INFO  L156        IsEmptyParallel]: Start isEmptyParallel. Operand 15 states and 18 transitions.
[2026-06-06 15:08:16,313 INFO  L182       IsEmptyHeuristic]: Start isEmptyHeuristic. Operand 15 states and 18 transitions.
[2026-06-06 15:08:16,313 INFO  L188       IsEmptyHeuristic]: Finished isEmptyHeuristic. Found accepting run of length 18
[2026-06-06 15:08:16,314 INFO  L163        IsEmptyParallel]: Finished isEmptyParallel. Found accepting run of length 18
[2026-06-06 15:08:16,314 WARN  L753                IsEmpty]: Correctness of emptinessCheck not tested.
[2026-06-06 15:08:16,314 INFO  L79                 Accepts]: Start accepts. Automaton has 15 states and 18 transitions. Word has length 17
[2026-06-06 15:08:16,314 INFO  L85                 Accepts]: Finished accepts. word is accepted.
[2026-06-06 15:08:16,314 INFO  L757                IsEmpty]: Finished testing correctness of emptinessCheck
[2026-06-06 15:08:16,314 INFO  L290                IsEmpty]: Start isEmptyParallel. Operand 15 states and 18 transitions.
[2026-06-06 15:08:16,314 INFO  L300                IsEmpty]: Finished isEmptyParallel. No accepting run.
[2026-06-06 15:08:16,314 INFO  L156        IsEmptyParallel]: Start isEmptyParallel. Operand 15 states and 18 transitions.
[2026-06-06 15:08:16,314 INFO  L182       IsEmptyHeuristic]: Start isEmptyHeuristic. Operand 15 states and 18 transitions.
[2026-06-06 15:08:16,314 INFO  L188       IsEmptyHeuristic]: Finished isEmptyHeuristic. Found accepting run of length 19
[2026-06-06 15:08:16,314 INFO  L163        IsEmptyParallel]: Finished isEmptyParallel. Found accepting run of length 19
[2026-06-06 15:08:16,314 WARN  L753                IsEmpty]: Correctness of emptinessCheck not tested.
[2026-06-06 15:08:16,314 INFO  L79                 Accepts]: Start accepts. Automaton has 15 states and 18 transitions. Word has length 18
[2026-06-06 15:08:16,314 INFO  L85                 Accepts]: Finished accepts. word is accepted.
[2026-06-06 15:08:16,314 INFO  L757                IsEmpty]: Finished testing correctness of emptinessCheck
[2026-06-06 15:08:16,314 INFO  L290                IsEmpty]: Start isEmptyParallel. Operand 15 states and 18 transitions.
[2026-06-06 15:08:16,314 INFO  L300                IsEmpty]: Finished isEmptyParallel. No accepting run.
[2026-06-06 15:08:16,314 INFO  L156        IsEmptyParallel]: Start isEmptyParallel. Operand 15 states and 18 transitions.
[2026-06-06 15:08:16,314 INFO  L182       IsEmptyHeuristic]: Start isEmptyHeuristic. Operand 15 states and 18 transitions.
[2026-06-06 15:08:16,314 INFO  L188       IsEmptyHeuristic]: Finished isEmptyHeuristic. Found accepting run of length 18
[2026-06-06 15:08:16,314 INFO  L163        IsEmptyParallel]: Finished isEmptyParallel. Found accepting run of length 18
[2026-06-06 15:08:16,314 WARN  L753                IsEmpty]: Correctness of emptinessCheck not tested.
[2026-06-06 15:08:16,315 INFO  L79                 Accepts]: Start accepts. Automaton has 15 states and 18 transitions. Word has length 17
[2026-06-06 15:08:16,315 INFO  L85                 Accepts]: Finished accepts. word is accepted.
[2026-06-06 15:08:16,315 INFO  L757                IsEmpty]: Finished testing correctness of emptinessCheck
[2026-06-06 15:08:16,315 INFO  L290                IsEmpty]: Start isEmptyParallel. Operand 15 states and 18 transitions.
[2026-06-06 15:08:16,315 INFO  L300                IsEmpty]: Finished isEmptyParallel. No accepting run.
[2026-06-06 15:08:16,315 INFO  L156        IsEmptyParallel]: Start isEmptyParallel. Operand 15 states and 18 transitions.
[2026-06-06 15:08:16,315 INFO  L182       IsEmptyHeuristic]: Start isEmptyHeuristic. Operand 15 states and 18 transitions.
[2026-06-06 15:08:16,315 INFO  L188       IsEmptyHeuristic]: Finished isEmptyHeuristic. Found accepting run of length 20
[2026-06-06 15:08:16,315 INFO  L144             Difference]: Subtrahend was deterministic. Have not used determinization.
[2026-06-06 15:08:16,315 INFO  L163        IsEmptyParallel]: Finished isEmptyParallel. Found accepting run of length 20
[2026-06-06 15:08:16,315 WARN  L753                IsEmpty]: Correctness of emptinessCheck not tested.
[2026-06-06 15:08:16,315 INFO  L79                 Accepts]: Start accepts. Automaton has 15 states and 18 transitions. Word has length 19
[2026-06-06 15:08:16,315 INFO  L85                 Accepts]: Finished accepts. word is accepted.
[2026-06-06 15:08:16,315 INFO  L757                IsEmpty]: Finished testing correctness of emptinessCheck
[2026-06-06 15:08:16,315 INFO  L290                IsEmpty]: Start isEmptyParallel. Operand 15 states and 18 transitions.
[2026-06-06 15:08:16,315 INFO  L300                IsEmpty]: Finished isEmptyParallel. No accepting run.
[2026-06-06 15:08:16,315 INFO  L156        IsEmptyParallel]: Start isEmptyParallel. Operand 15 states and 18 transitions.
[2026-06-06 15:08:16,315 INFO  L93              Difference]: Finished difference Result 9 states and 12 transitions.
[2026-06-06 15:08:16,315 INFO  L182       IsEmptyHeuristic]: Start isEmptyHeuristic. Operand 15 states and 18 transitions.
[2026-06-06 15:08:16,315 INFO  L188       IsEmptyHeuristic]: Finished isEmptyHeuristic. Found accepting run of length 17
[2026-06-06 15:08:16,315 INFO  L163        IsEmptyParallel]: Finished isEmptyParallel. Found accepting run of length 17
[2026-06-06 15:08:16,315 WARN  L753                IsEmpty]: Correctness of emptinessCheck not tested.
[2026-06-06 15:08:16,315 INFO  L79                 Accepts]: Start accepts. Automaton has 15 states and 18 transitions. Word has length 16
[2026-06-06 15:08:16,315 INFO  L140   InterpolantAutomaton]: Switched to read-only mode: deterministic interpolant automaton has 5 states. 
[2026-06-06 15:08:16,315 INFO  L85                 Accepts]: Finished accepts. word is accepted.
[2026-06-06 15:08:16,315 INFO  L757                IsEmpty]: Finished testing correctness of emptinessCheck
[2026-06-06 15:08:16,316 INFO  L225             Difference]: With dead ends: 9
[2026-06-06 15:08:16,316 INFO  L226             Difference]: Without dead ends: 9
[2026-06-06 15:08:16,316 INFO  L134       CoverageAnalysis]: Checked inductivity of 11 backedges. 0 proven. 1 refuted. 0 times theorem prover too weak. 10 trivial. 0 not checked.
[2026-06-06 15:08:16,316 INFO  L312         TraceCheckSpWp]: Computing backward predicates...
[2026-06-06 15:08:16,316 INFO  L487   CegarNwaWorkerThread]: 0 DeclaredPredicates, 5 GetRequests, 1 SyntacticMatches, 0 SemanticMatches, 4 ConstructedPredicates, 0 IntricatePredicates, 0 DeprecatedPredicates, 1 ImplicationChecksByTransitivity, 0.0s TimeCoverageRelationStatistics Valid=13, Invalid=17, Unknown=0, NotChecked=0, Total=30
[2026-06-06 15:08:16,316 INFO  L209   CegarNwaWorkerThread]: Starting Thread: 131# for Trace Check: -384668174
[2026-06-06 15:08:16,316 INFO  L86        PathProgramCache]: Analyzing trace with hash -384668174, now seen corresponding path program 14 times
[2026-06-06 15:08:16,316 INFO  L637   ParallelNwaCegarLoop]: Main: Starting Thread
[2026-06-06 15:08:16,316 INFO  L156       PredicateUnifier]: Initialized classic predicate unifier
[2026-06-06 15:08:16,316 INFO  L86        PathProgramCache]: Analyzing trace with hash -1837423717, now seen corresponding path program 15 times
[2026-06-06 15:08:16,316 INFO  L637   ParallelNwaCegarLoop]: Main: Starting Thread
[2026-06-06 15:08:16,316 INFO  L488   CegarNwaWorkerThread]: 4 mSDtfsCounter, 12 mSDsluCounter, 4 mSDsCounter, 0 mSdLazyCounter, 15 mSolverCounterSat, 1 mSolverCounterUnsat, 0 mSolverCounterUnknown, 0 mSolverCounterNotChecked, 0.0s Time, 0 mProtectedPredicate, 0 mProtectedAction, 12 SdHoareTripleChecker+Valid, 8 SdHoareTripleChecker+Invalid, 16 SdHoareTripleChecker+Unknown, 0 SdHoareTripleChecker+Unchecked, 0.0s SdHoareTripleChecker+Time, 1 IncrementalHoareTripleChecker+Valid, 15 IncrementalHoareTripleChecker+Invalid, 0 IncrementalHoareTripleChecker+Unknown, 0 IncrementalHoareTripleChecker+Unchecked, 0.0s IncrementalHoareTripleChecker+Time
[2026-06-06 15:08:16,316 INFO  L287   ParallelNwaCegarLoop]: === Iteration 6 ===
[2026-06-06 15:08:16,316 INFO  L654   ParallelNwaCegarLoop]: All threads busy, going to sleep.
[2026-06-06 15:08:16,316 INFO  L209   CegarNwaWorkerThread]: Starting Thread: 161# for Trace Check: -1837423717
[2026-06-06 15:08:16,316 INFO  L86        PathProgramCache]: Analyzing trace with hash -384668174, now seen corresponding path program 13 times
[2026-06-06 15:08:16,316 INFO  L489   CegarNwaWorkerThread]: SdHoareTripleChecker [12 Valid, 8 Invalid, 16 Unknown, 0 Unchecked, 0.0s Time], IncrementalHoareTripleChecker [1 Valid, 15 Invalid, 0 Unknown, 0 Unchecked, 0.0s Time]
[2026-06-06 15:08:16,316 INFO  L156       PredicateUnifier]: Initialized classic predicate unifier
[2026-06-06 15:08:16,316 INFO  L86        PathProgramCache]: Analyzing trace with hash -1837423717, now seen corresponding path program 15 times
[2026-06-06 15:08:16,316 INFO  L111    AnnotateAndAsserter]: Assert order TERMS_WITH_SMALL_CONSTANTS_FIRST issued 1 check-sat command(s) and asserted 14 of 14 statements.
[2026-06-06 15:08:16,316 INFO  L224   CegarNwaWorkerThread]: Done with Thread: 113#
[2026-06-06 15:08:16,316 INFO  L114    AnnotateAndAsserter]: Assert order TERMS_WITH_SMALL_CONSTANTS_FIRST issued 1 check-sat command(s)
[2026-06-06 15:08:16,317 INFO  L115    AnnotateAndAsserter]: Conjunction of SSA is unsat
[2026-06-06 15:08:16,317 INFO  L657   ParallelNwaCegarLoop]: Waking up, a worker is done.
[2026-06-06 15:08:16,317 INFO  L297   ParallelNwaCegarLoop]: Main: A Thread is Done
[2026-06-06 15:08:16,317 INFO  L196   CegarNwaWorkerThread]: WorkerThread: Thread[#113,Worker for -559725359,5,main] is Waiting for a Task
[2026-06-06 15:08:16,317 INFO  L315   ParallelNwaCegarLoop]: Worker Automaton Type: FLOYD_HOARE
[2026-06-06 15:08:16,317 INFO  L79                 Accepts]: Start accepts. Automaton has 15 states and 18 transitions. Word has length 13
[2026-06-06 15:08:16,317 INFO  L85                 Accepts]: Finished accepts. word is rejected.
[2026-06-06 15:08:16,317 INFO  L771   ParallelNwaCegarLoop]: Recorded stale counterexample prefix coverage.
[2026-06-06 15:08:16,317 INFO  L317   ParallelNwaCegarLoop]: Refining Abstraction
[2026-06-06 15:08:16,317 INFO  L721   ParallelNwaCegarLoop]: Subtrahend traceHash: -559725359
[2026-06-06 15:08:16,317 INFO  L687   ParallelNwaCegarLoop]: Difference in Main
[2026-06-06 15:08:16,317 INFO  L87              Difference]: Start difference. First operand 15 states and 18 transitions. Second operand  has 5 states, 4 states have (on average 3.75) internal successors, (15), 4 states have internal predecessors, (15), 0 states have call successors, (0), 0 states have call predecessors, (0), 0 states have return successors, (0), 0 states have call predecessors, (0), 0 states have call successors, (0)
[2026-06-06 15:08:16,317 INFO  L256         TraceCheckSpWp]: Trace formula consists of 94 conjuncts, 6 conjuncts are in the unsatisfiable core
[2026-06-06 15:08:16,317 INFO  L144             Difference]: Subtrahend was deterministic. Have not used determinization.
[2026-06-06 15:08:16,317 INFO  L93              Difference]: Finished difference Result 15 states and 18 transitions.
[2026-06-06 15:08:16,317 INFO  L225             Difference]: With dead ends: 15
[2026-06-06 15:08:16,317 INFO  L226             Difference]: Without dead ends: 15
[2026-06-06 15:08:16,317 INFO  L82        GeneralOperation]: Start minimizeSevpa. Operand 15 states.
[2026-06-06 15:08:16,318 INFO  L279         TraceCheckSpWp]: Computing forward predicates...
[2026-06-06 15:08:16,318 INFO  L88        GeneralOperation]: Finished minimizeSevpa. Reduced states from 15 to 15.
[2026-06-06 15:08:16,318 INFO  L82        GeneralOperation]: Start removeUnreachable. Operand  has 15 states, 14 states have (on average 1.2857142857142858) internal successors, (18), 14 states have internal predecessors, (18), 0 states have call successors, (0), 0 states have call predecessors, (0), 0 states have return successors, (0), 0 states have call predecessors, (0), 0 states have call successors, (0)
[2026-06-06 15:08:16,318 INFO  L88        GeneralOperation]: Finished removeUnreachable. Reduced from 15 states to 15 states and 18 transitions.
[2026-06-06 15:08:16,318 INFO  L699   ParallelNwaCegarLoop]: Main: Refinement done.
[2026-06-06 15:08:16,318 INFO  L617   ParallelNwaCegarLoop]: Checking if program is safe
[2026-06-06 15:08:16,318 INFO  L290                IsEmpty]: Start isEmpty. Operand 15 states and 18 transitions.
[2026-06-06 15:08:16,318 INFO  L300                IsEmpty]: Finished isEmpty. Found accepting run of length 15
[2026-06-06 15:08:16,318 INFO  L199           NwaCegarLoop]: Found error trace
[2026-06-06 15:08:16,318 INFO  L207           NwaCegarLoop]: trace histogram [5, 2, 2, 1, 1, 1, 1, 1]
[2026-06-06 15:08:16,318 INFO  L340   ParallelNwaCegarLoop]: No more worker results to process
[2026-06-06 15:08:16,318 INFO  L290                IsEmpty]: Start isEmpty. Operand 15 states and 18 transitions.
[2026-06-06 15:08:16,319 INFO  L300                IsEmpty]: Finished isEmpty. Found accepting run of length 15
[2026-06-06 15:08:16,319 WARN  L753                IsEmpty]: Correctness of emptinessCheck not tested.
[2026-06-06 15:08:16,319 INFO  L79                 Accepts]: Start accepts. Automaton has 15 states and 18 transitions. Word has length 14
[2026-06-06 15:08:16,319 INFO  L85                 Accepts]: Finished accepts. word is accepted.
[2026-06-06 15:08:16,319 INFO  L757                IsEmpty]: Finished testing correctness of emptinessCheck
[2026-06-06 15:08:16,319 INFO  L1057  ParallelNwaCegarLoop]: BFS found an active duplicate counterexample.
[2026-06-06 15:08:16,319 INFO  L290                IsEmpty]: Start isEmptyParallel. Operand 15 states and 18 transitions.
[2026-06-06 15:08:16,319 INFO  L300                IsEmpty]: Finished isEmptyParallel. No accepting run.
[2026-06-06 15:08:16,319 INFO  L156        IsEmptyParallel]: Start isEmptyParallel. Operand 15 states and 18 transitions.
[2026-06-06 15:08:16,319 INFO  L182       IsEmptyHeuristic]: Start isEmptyHeuristic. Operand 15 states and 18 transitions.
[2026-06-06 15:08:16,319 INFO  L188       IsEmptyHeuristic]: Finished isEmptyHeuristic. Found accepting run of length 17
[2026-06-06 15:08:16,319 INFO  L163        IsEmptyParallel]: Finished isEmptyParallel. Found accepting run of length 17
[2026-06-06 15:08:16,319 WARN  L753                IsEmpty]: Correctness of emptinessCheck not tested.
[2026-06-06 15:08:16,319 INFO  L79                 Accepts]: Start accepts. Automaton has 15 states and 18 transitions. Word has length 16
[2026-06-06 15:08:16,319 INFO  L85                 Accepts]: Finished accepts. word is accepted.
[2026-06-06 15:08:16,319 INFO  L757                IsEmpty]: Finished testing correctness of emptinessCheck
[2026-06-06 15:08:16,319 INFO  L1052  ParallelNwaCegarLoop]: Found new Counterexample via IsEmptyParallel PAPER!
[2026-06-06 15:08:16,319 INFO  L86        PathProgramCache]: Analyzing trace with hash 62897531, now seen corresponding path program 16 times
[2026-06-06 15:08:16,319 INFO  L637   ParallelNwaCegarLoop]: Main: Starting Thread
[2026-06-06 15:08:16,319 INFO  L287   ParallelNwaCegarLoop]: === Iteration 7 ===
[2026-06-06 15:08:16,319 INFO  L654   ParallelNwaCegarLoop]: All threads busy, going to sleep.
[2026-06-06 15:08:16,319 INFO  L209   CegarNwaWorkerThread]: Starting Thread: 113# for Trace Check: 62897531
[2026-06-06 15:08:16,320 INFO  L156       PredicateUnifier]: Initialized classic predicate unifier
[2026-06-06 15:08:16,320 INFO  L86        PathProgramCache]: Analyzing trace with hash 62897531, now seen corresponding path program 16 times
[2026-06-06 15:08:16,320 INFO  L118   FreeRefinementEngine]: Executing refinement strategy CAMEL
[2026-06-06 15:08:16,320 INFO  L324   FreeRefinementEngine]: Using trace check IpTcStrategyModuleSmtInterpolCraig [809351070]
[2026-06-06 15:08:16,320 INFO  L95    rtionOrderModulation]: Changing assertion order to TERMS_WITH_SMALL_CONSTANTS_FIRST
[2026-06-06 15:08:16,320 INFO  L127          SolverBuilder]: Constructing new instance of SMTInterpol with explicit timeout -1 ms and remaining time -1 ms
[2026-06-06 15:08:16,320 INFO  L108    AnnotateAndAsserter]: Assert order INSIDE_LOOP_FIRST1 partitioned 15 statements into 4 equivalence classes.
[2026-06-06 15:08:16,321 INFO  L134       CoverageAnalysis]: Checked inductivity of 12 backedges. 0 proven. 10 refuted. 0 times theorem prover too weak. 2 trivial. 0 not checked.
[2026-06-06 15:08:16,321 INFO  L312         TraceCheckSpWp]: Computing backward predicates...
[2026-06-06 15:08:16,323 INFO  L134       CoverageAnalysis]: Checked inductivity of 27 backedges. 6 proven. 0 refuted. 0 times theorem prover too weak. 21 trivial. 0 not checked.
[2026-06-06 15:08:16,323 INFO  L136   FreeRefinementEngine]: Strategy CAMEL found an infeasible trace
[2026-06-06 15:08:16,323 INFO  L324   FreeRefinementEngine]: Using interpolant generator IpTcStrategyModuleSmtInterpolCraig [2134579103]
[2026-06-06 15:08:16,323 INFO  L144             Difference]: Subtrahend was deterministic. Have not used determinization.
[2026-06-06 15:08:16,323 INFO  L93              Difference]: Finished difference Result 11 states and 17 transitions.
[2026-06-06 15:08:16,323 INFO  L158   FreeRefinementEngine]: IpTcStrategyModuleSmtInterpolCraig [2134579103] provided 1 perfect and 0 imperfect interpolant sequences
[2026-06-06 15:08:16,323 INFO  L185   FreeRefinementEngine]: Found 1 perfect and 0 imperfect interpolant sequences.
[2026-06-06 15:08:16,323 INFO  L198   FreeRefinementEngine]: Number of different interpolants: perfect sequences [4] imperfect sequences [] total 4
[2026-06-06 15:08:16,323 INFO  L122   tionRefinementEngine]: Using interpolant automaton builder IpAbStrategyModuleStraightlineAll [1781992710]
[2026-06-06 15:08:16,323 INFO  L85    oduleStraightlineAll]: Using 1 perfect interpolants to construct interpolant automaton
[2026-06-06 15:08:16,323 INFO  L140   InterpolantAutomaton]: Switched to read-only mode: deterministic interpolant automaton has 8 states. 
[2026-06-06 15:08:16,323 INFO  L100   FreeRefinementEngine]: Using predicate unifier PredicateUnifier provided by strategy CAMEL
[2026-06-06 15:08:16,324 INFO  L144   InterpolantAutomaton]: Constructing interpolant automaton starting with 4 interpolants.
[2026-06-06 15:08:16,324 INFO  L146   InterpolantAutomaton]: CoverageRelationStatistics Valid=6, Invalid=6, Unknown=0, NotChecked=0, Total=12
[2026-06-06 15:08:16,324 INFO  L419   CegarNwaWorkerThread]: Difference in Worker for Generalization
[2026-06-06 15:08:16,324 INFO  L87              Difference]: Start difference. First operand  has 6 states, 5 states have (on average 1.8) internal successors, (9), 5 states have internal predecessors, (9), 0 states have call successors, (0), 0 states have call predecessors, (0), 0 states have return successors, (0), 0 states have call predecessors, (0), 0 states have call successors, (0) Second operand  has 4 states, 4 states have (on average 2.25) internal successors, (9), 4 states have internal predecessors, (9), 0 states have call successors, (0), 0 states have call predecessors, (0), 0 states have return successors, (0), 0 states have call predecessors, (0), 0 states have call successors, (0)
[2026-06-06 15:08:16,324 INFO  L225             Difference]: With dead ends: 11
[2026-06-06 15:08:16,324 INFO  L226             Difference]: Without dead ends: 11
[2026-06-06 15:08:16,324 INFO  L487   CegarNwaWorkerThread]: 0 DeclaredPredicates, 8 GetRequests, 1 SyntacticMatches, 0 SemanticMatches, 7 ConstructedPredicates, 0 IntricatePredicates, 0 DeprecatedPredicates, 0 ImplicationChecksByTransitivity, 0.0s TimeCoverageRelationStatistics Valid=36, Invalid=36, Unknown=0, NotChecked=0, Total=72
[2026-06-06 15:08:16,325 INFO  L488   CegarNwaWorkerThread]: 6 mSDtfsCounter, 0 mSDsluCounter, 5 mSDsCounter, 0 mSdLazyCounter, 29 mSolverCounterSat, 1 mSolverCounterUnsat, 0 mSolverCounterUnknown, 0 mSolverCounterNotChecked, 0.0s Time, 0 mProtectedPredicate, 0 mProtectedAction, 0 SdHoareTripleChecker+Valid, 11 SdHoareTripleChecker+Invalid, 30 SdHoareTripleChecker+Unknown, 0 SdHoareTripleChecker+Unchecked, 0.0s SdHoareTripleChecker+Time, 1 IncrementalHoareTripleChecker+Valid, 29 IncrementalHoareTripleChecker+Invalid, 0 IncrementalHoareTripleChecker+Unknown, 0 IncrementalHoareTripleChecker+Unchecked, 0.0s IncrementalHoareTripleChecker+Time
[2026-06-06 15:08:16,325 INFO  L489   CegarNwaWorkerThread]: SdHoareTripleChecker [0 Valid, 11 Invalid, 30 Unknown, 0 Unchecked, 0.0s Time], IncrementalHoareTripleChecker [1 Valid, 29 Invalid, 0 Unknown, 0 Unchecked, 0.0s Time]
[2026-06-06 15:08:16,325 INFO  L224   CegarNwaWorkerThread]: Done with Thread: 80#
[2026-06-06 15:08:16,325 INFO  L196   CegarNwaWorkerThread]: WorkerThread: Thread[#80,Worker for 999178089,5,main] is Waiting for a Task
[2026-06-06 15:08:16,325 INFO  L657   ParallelNwaCegarLoop]: Waking up, a worker is done.
[2026-06-06 15:08:16,325 INFO  L297   ParallelNwaCegarLoop]: Main: A Thread is Done
[2026-06-06 15:08:16,325 INFO  L315   ParallelNwaCegarLoop]: Worker Automaton Type: FLOYD_HOARE
[2026-06-06 15:08:16,325 INFO  L79                 Accepts]: Start accepts. Automaton has 15 states and 18 transitions. Word has length 13
[2026-06-06 15:08:16,325 INFO  L85                 Accepts]: Finished accepts. word is rejected.
[2026-06-06 15:08:16,325 INFO  L771   ParallelNwaCegarLoop]: Recorded stale counterexample prefix coverage.
[2026-06-06 15:08:16,325 INFO  L317   ParallelNwaCegarLoop]: Refining Abstraction
[2026-06-06 15:08:16,325 INFO  L721   ParallelNwaCegarLoop]: Subtrahend traceHash: 999178089
[2026-06-06 15:08:16,325 INFO  L108    AnnotateAndAsserter]: Assert order TERMS_WITH_SMALL_CONSTANTS_FIRST partitioned 16 statements into 2 equivalence classes.
[2026-06-06 15:08:16,325 INFO  L687   ParallelNwaCegarLoop]: Difference in Main
[2026-06-06 15:08:16,326 INFO  L87              Difference]: Start difference. First operand 15 states and 18 transitions. Second operand  has 8 states, 7 states have (on average 2.7142857142857144) internal successors, (19), 8 states have internal predecessors, (19), 0 states have call successors, (0), 0 states have call predecessors, (0), 0 states have return successors, (0), 0 states have call predecessors, (0), 0 states have call successors, (0)
[2026-06-06 15:08:16,326 INFO  L144             Difference]: Subtrahend was deterministic. Have not used determinization.
[2026-06-06 15:08:16,326 INFO  L93              Difference]: Finished difference Result 15 states and 17 transitions.
[2026-06-06 15:08:16,326 INFO  L225             Difference]: With dead ends: 15
[2026-06-06 15:08:16,326 INFO  L226             Difference]: Without dead ends: 15
[2026-06-06 15:08:16,326 INFO  L82        GeneralOperation]: Start minimizeSevpa. Operand 15 states.
[2026-06-06 15:08:16,327 INFO  L88        GeneralOperation]: Finished minimizeSevpa. Reduced states from 15 to 15.
[2026-06-06 15:08:16,327 INFO  L82        GeneralOperation]: Start removeUnreachable. Operand  has 15 states, 14 states have (on average 1.2142857142857142) internal successors, (17), 14 states have internal predecessors, (17), 0 states have call successors, (0), 0 states have call predecessors, (0), 0 states have return successors, (0), 0 states have call predecessors, (0), 0 states have call successors, (0)
[2026-06-06 15:08:16,327 INFO  L88        GeneralOperation]: Finished removeUnreachable. Reduced from 15 states to 15 states and 17 transitions.
[2026-06-06 15:08:16,327 INFO  L699   ParallelNwaCegarLoop]: Main: Refinement done.
[2026-06-06 15:08:16,327 INFO  L617   ParallelNwaCegarLoop]: Checking if program is safe
[2026-06-06 15:08:16,327 INFO  L290                IsEmpty]: Start isEmpty. Operand 15 states and 17 transitions.
[2026-06-06 15:08:16,328 INFO  L144             Difference]: Subtrahend was deterministic. Have not used determinization.
[2026-06-06 15:08:16,328 INFO  L93              Difference]: Finished difference Result 4 states and 6 transitions.
[2026-06-06 15:08:16,328 INFO  L300                IsEmpty]: Finished isEmpty. Found accepting run of length 15
[2026-06-06 15:08:16,328 INFO  L199           NwaCegarLoop]: Found error trace
[2026-06-06 15:08:16,328 INFO  L140   InterpolantAutomaton]: Switched to read-only mode: deterministic interpolant automaton has 4 states. 
[2026-06-06 15:08:16,328 INFO  L207           NwaCegarLoop]: trace histogram [5, 2, 2, 1, 1, 1, 1, 1]
[2026-06-06 15:08:16,328 INFO  L340   ParallelNwaCegarLoop]: No more worker results to process
[2026-06-06 15:08:16,328 INFO  L225             Difference]: With dead ends: 4
[2026-06-06 15:08:16,328 INFO  L290                IsEmpty]: Start isEmpty. Operand 15 states and 17 transitions.
[2026-06-06 15:08:16,328 INFO  L226             Difference]: Without dead ends: 0
[2026-06-06 15:08:16,329 INFO  L300                IsEmpty]: Finished isEmpty. Found accepting run of length 15
[2026-06-06 15:08:16,329 INFO  L111    AnnotateAndAsserter]: Assert order INSIDE_LOOP_FIRST1 issued 3 check-sat command(s) and asserted 11 of 15 statements.
[2026-06-06 15:08:16,328 INFO  L111    AnnotateAndAsserter]: Assert order TERMS_WITH_SMALL_CONSTANTS_FIRST issued 1 check-sat command(s) and asserted 16 of 16 statements.
[2026-06-06 15:08:16,329 INFO  L487   CegarNwaWorkerThread]: 0 DeclaredPredicates, 4 GetRequests, 2 SyntacticMatches, 0 SemanticMatches, 2 ConstructedPredicates, 0 IntricatePredicates, 0 DeprecatedPredicates, 0 ImplicationChecksByTransitivity, 0.0s TimeCoverageRelationStatistics Valid=6, Invalid=6, Unknown=0, NotChecked=0, Total=12
[2026-06-06 15:08:16,329 INFO  L114    AnnotateAndAsserter]: Assert order INSIDE_LOOP_FIRST1 issued 3 check-sat command(s)
[2026-06-06 15:08:16,329 INFO  L115    AnnotateAndAsserter]: Conjunction of SSA is unsat
[2026-06-06 15:08:16,329 WARN  L753                IsEmpty]: Correctness of emptinessCheck not tested.
[2026-06-06 15:08:16,329 INFO  L114    AnnotateAndAsserter]: Assert order TERMS_WITH_SMALL_CONSTANTS_FIRST issued 1 check-sat command(s)
[2026-06-06 15:08:16,329 INFO  L115    AnnotateAndAsserter]: Conjunction of SSA is unsat
[2026-06-06 15:08:16,329 INFO  L79                 Accepts]: Start accepts. Automaton has 15 states and 17 transitions. Word has length 14
[2026-06-06 15:08:16,329 INFO  L488   CegarNwaWorkerThread]: 4 mSDtfsCounter, 0 mSDsluCounter, 0 mSDsCounter, 0 mSdLazyCounter, 4 mSolverCounterSat, 1 mSolverCounterUnsat, 0 mSolverCounterUnknown, 0 mSolverCounterNotChecked, 0.0s Time, 0 mProtectedPredicate, 0 mProtectedAction, 0 SdHoareTripleChecker+Valid, 4 SdHoareTripleChecker+Invalid, 5 SdHoareTripleChecker+Unknown, 0 SdHoareTripleChecker+Unchecked, 0.0s SdHoareTripleChecker+Time, 1 IncrementalHoareTripleChecker+Valid, 4 IncrementalHoareTripleChecker+Invalid, 0 IncrementalHoareTripleChecker+Unknown, 0 IncrementalHoareTripleChecker+Unchecked, 0.0s IncrementalHoareTripleChecker+Time
[2026-06-06 15:08:16,329 INFO  L85                 Accepts]: Finished accepts. word is accepted.
[2026-06-06 15:08:16,329 INFO  L757                IsEmpty]: Finished testing correctness of emptinessCheck
[2026-06-06 15:08:16,329 INFO  L1057  ParallelNwaCegarLoop]: BFS found an active duplicate counterexample.
[2026-06-06 15:08:16,329 INFO  L290                IsEmpty]: Start isEmptyParallel. Operand 15 states and 17 transitions.
[2026-06-06 15:08:16,329 INFO  L489   CegarNwaWorkerThread]: SdHoareTripleChecker [0 Valid, 4 Invalid, 5 Unknown, 0 Unchecked, 0.0s Time], IncrementalHoareTripleChecker [1 Valid, 4 Invalid, 0 Unknown, 0 Unchecked, 0.0s Time]
[2026-06-06 15:08:16,330 INFO  L256         TraceCheckSpWp]: Trace formula consists of 74 conjuncts, 6 conjuncts are in the unsatisfiable core
[2026-06-06 15:08:16,329 INFO  L300                IsEmpty]: Finished isEmptyParallel. No accepting run.
[2026-06-06 15:08:16,330 INFO  L156        IsEmptyParallel]: Start isEmptyParallel. Operand 15 states and 17 transitions.
[2026-06-06 15:08:16,330 INFO  L224   CegarNwaWorkerThread]: Done with Thread: 98#
[2026-06-06 15:08:16,330 INFO  L196   CegarNwaWorkerThread]: WorkerThread: Thread[#98,Worker for -1369228366,5,main] is Waiting for a Task
[2026-06-06 15:08:16,330 INFO  L182       IsEmptyHeuristic]: Start isEmptyHeuristic. Operand 15 states and 17 transitions.
[2026-06-06 15:08:16,330 INFO  L188       IsEmptyHeuristic]: Finished isEmptyHeuristic. Found accepting run of length 18
[2026-06-06 15:08:16,330 INFO  L163        IsEmptyParallel]: Finished isEmptyParallel. Found accepting run of length 18
[2026-06-06 15:08:16,330 WARN  L753                IsEmpty]: Correctness of emptinessCheck not tested.
[2026-06-06 15:08:16,330 INFO  L79                 Accepts]: Start accepts. Automaton has 15 states and 17 transitions. Word has length 17
[2026-06-06 15:08:16,330 INFO  L85                 Accepts]: Finished accepts. word is accepted.
[2026-06-06 15:08:16,330 INFO  L757                IsEmpty]: Finished testing correctness of emptinessCheck
[2026-06-06 15:08:16,330 INFO  L1052  ParallelNwaCegarLoop]: Found new Counterexample via IsEmptyParallel PAPER!
[2026-06-06 15:08:16,330 INFO  L86        PathProgramCache]: Analyzing trace with hash 1883399033, now seen corresponding path program 17 times
[2026-06-06 15:08:16,330 INFO  L637   ParallelNwaCegarLoop]: Main: Starting Thread
[2026-06-06 15:08:16,330 INFO  L287   ParallelNwaCegarLoop]: === Iteration 8 ===
[2026-06-06 15:08:16,330 INFO  L654   ParallelNwaCegarLoop]: All threads busy, going to sleep.
[2026-06-06 15:08:16,330 INFO  L657   ParallelNwaCegarLoop]: Waking up, a worker is done.
[2026-06-06 15:08:16,330 INFO  L297   ParallelNwaCegarLoop]: Main: A Thread is Done
[2026-06-06 15:08:16,330 INFO  L315   ParallelNwaCegarLoop]: Worker Automaton Type: FLOYD_HOARE
[2026-06-06 15:08:16,330 INFO  L79                 Accepts]: Start accepts. Automaton has 15 states and 17 transitions. Word has length 15
[2026-06-06 15:08:16,330 INFO  L85                 Accepts]: Finished accepts. word is rejected.
[2026-06-06 15:08:16,330 INFO  L771   ParallelNwaCegarLoop]: Recorded stale counterexample prefix coverage.
[2026-06-06 15:08:16,330 INFO  L317   ParallelNwaCegarLoop]: Refining Abstraction
[2026-06-06 15:08:16,330 INFO  L721   ParallelNwaCegarLoop]: Subtrahend traceHash: -1369228366
[2026-06-06 15:08:16,330 INFO  L687   ParallelNwaCegarLoop]: Difference in Main
[2026-06-06 15:08:16,330 INFO  L87              Difference]: Start difference. First operand 15 states and 17 transitions. Second operand  has 4 states, 3 states have (on average 2.3333333333333335) internal successors, (7), 3 states have internal predecessors, (7), 0 states have call successors, (0), 0 states have call predecessors, (0), 0 states have return successors, (0), 0 states have call predecessors, (0), 0 states have call successors, (0)
[2026-06-06 15:08:16,330 INFO  L279         TraceCheckSpWp]: Computing forward predicates...
[2026-06-06 15:08:16,332 INFO  L144             Difference]: Subtrahend was deterministic. Have not used determinization.
[2026-06-06 15:08:16,330 INFO  L209   CegarNwaWorkerThread]: Starting Thread: 80# for Trace Check: 1883399033
[2026-06-06 15:08:16,332 INFO  L93              Difference]: Finished difference Result 13 states and 15 transitions.
[2026-06-06 15:08:16,332 INFO  L225             Difference]: With dead ends: 13
[2026-06-06 15:08:16,332 INFO  L226             Difference]: Without dead ends: 0
[2026-06-06 15:08:16,332 INFO  L82        GeneralOperation]: Start minimizeSevpa. Operand 0 states.
[2026-06-06 15:08:16,332 INFO  L88        GeneralOperation]: Finished minimizeSevpa. Reduced states from 0 to 0.
[2026-06-06 15:08:16,333 INFO  L82        GeneralOperation]: Start removeUnreachable. Operand  has 0 states, 0 states have (on average 0.0) internal successors, (0), 0 states have internal predecessors, (0), 0 states have call successors, (0), 0 states have call predecessors, (0), 0 states have return successors, (0), 0 states have call predecessors, (0), 0 states have call successors, (0)
[2026-06-06 15:08:16,333 INFO  L156       PredicateUnifier]: Initialized classic predicate unifier
[2026-06-06 15:08:16,333 INFO  L88        GeneralOperation]: Finished removeUnreachable. Reduced from 0 states to 0 states and 0 transitions.
[2026-06-06 15:08:16,333 INFO  L86        PathProgramCache]: Analyzing trace with hash 1883399033, now seen corresponding path program 17 times
[2026-06-06 15:08:16,333 INFO  L699   ParallelNwaCegarLoop]: Main: Refinement done.
[2026-06-06 15:08:16,333 INFO  L617   ParallelNwaCegarLoop]: Checking if program is safe
[2026-06-06 15:08:16,333 INFO  L118   FreeRefinementEngine]: Executing refinement strategy CAMEL
[2026-06-06 15:08:16,333 INFO  L290                IsEmpty]: Start isEmpty. Operand 0 states and 0 transitions.
[2026-06-06 15:08:16,333 INFO  L324   FreeRefinementEngine]: Using trace check IpTcStrategyModuleSmtInterpolCraig [1377117817]
[2026-06-06 15:08:16,333 INFO  L300                IsEmpty]: Finished isEmpty. No accepting run.
[2026-06-06 15:08:16,333 INFO  L95    rtionOrderModulation]: Changing assertion order to INSIDE_LOOP_FIRST1
[2026-06-06 15:08:16,333 INFO  L127          SolverBuilder]: Constructing new instance of SMTInterpol with explicit timeout -1 ms and remaining time -1 ms
[2026-06-06 15:08:16,335 INFO  L796   garLoopResultBuilder]: Registering result SAFE for location ULTIMATE.startErr0ASSERT_VIOLATIONASSERT (0 of 1 remaining)
[2026-06-06 15:08:16,335 INFO  L620   ParallelNwaCegarLoop]: Result: SAFE
[2026-06-06 15:08:16,338 INFO  L546       MonitoredProcess]: [MP /usr/bin/z3 SMTLIB2_COMPLIANT=true -memory:1024 -smt2 -in -t:12000 (16)] Ended with exit code 0
[2026-06-06 15:08:16,538 INFO  L546       MonitoredProcess]: [MP /usr/bin/z3 -smt2 -in SMTLIB2_COMPLIANT=true (25)] Ended with exit code 0
[2026-06-06 15:08:16,736 WARN  L718   oredProcess$PipePump]: [MP /usr/bin/z3 SMTLIB2_COMPLIANT=true -memory:1024 -smt2 -in -t:12000 (5)] The stream was forcibly closed: stdIn
[2026-06-06 15:08:16,738 INFO  L546       MonitoredProcess]: [MP /usr/bin/z3 SMTLIB2_COMPLIANT=true -memory:1024 -smt2 -in -t:12000 (5)] Ended with exit code 0
[2026-06-06 15:08:16,939 INFO  L546       MonitoredProcess]: [MP /usr/bin/z3 -smt2 -in SMTLIB2_COMPLIANT=true (28)] Ended with exit code 0
[2026-06-06 15:08:17,139 INFO  L546       MonitoredProcess]: [MP /usr/bin/z3 -smt2 -in SMTLIB2_COMPLIANT=true (33)] Ended with exit code 0
[2026-06-06 15:08:17,339 INFO  L546       MonitoredProcess]: [MP /usr/bin/z3 -smt2 -in SMTLIB2_COMPLIANT=true (30)] Ended with exit code 0
[2026-06-06 15:08:17,539 INFO  L546       MonitoredProcess]: [MP /usr/bin/z3 SMTLIB2_COMPLIANT=true -memory:1024 -smt2 -in -t:12000 (17)] Ended with exit code 0
[2026-06-06 15:08:17,737 WARN  L718   oredProcess$PipePump]: [MP /usr/bin/z3 SMTLIB2_COMPLIANT=true -memory:1024 -smt2 -in -t:12000 (15)] The stream was forcibly closed: stdIn
[2026-06-06 15:08:17,739 INFO  L546       MonitoredProcess]: [MP /usr/bin/z3 SMTLIB2_COMPLIANT=true -memory:1024 -smt2 -in -t:12000 (15)] Ended with exit code 0
[2026-06-06 15:08:17,940 INFO  L546       MonitoredProcess]: [MP /usr/bin/z3 -smt2 -in SMTLIB2_COMPLIANT=true (29)] Ended with exit code 0
[2026-06-06 15:08:18,140 INFO  L546       MonitoredProcess]: [MP /usr/bin/z3 -smt2 -in SMTLIB2_COMPLIANT=true (21)] Ended with exit code 0
[2026-06-06 15:08:18,340 INFO  L546       MonitoredProcess]: [MP /usr/bin/z3 SMTLIB2_COMPLIANT=true -memory:1024 -smt2 -in -t:12000 (14)] Ended with exit code 0
[2026-06-06 15:08:18,541 INFO  L546       MonitoredProcess]: [MP /usr/bin/z3 SMTLIB2_COMPLIANT=true -memory:1024 -smt2 -in -t:12000 (3)] Ended with exit code 0
[2026-06-06 15:08:18,742 INFO  L546       MonitoredProcess]: [MP /usr/bin/z3 -smt2 -in SMTLIB2_COMPLIANT=true (27)] Ended with exit code 0
[2026-06-06 15:08:18,942 INFO  L546       MonitoredProcess]: [MP /usr/bin/z3 -smt2 -in SMTLIB2_COMPLIANT=true (22)] Ended with exit code 0
[2026-06-06 15:08:19,141 INFO  L546       MonitoredProcess]: [MP /usr/bin/z3 SMTLIB2_COMPLIANT=true -memory:1024 -smt2 -in -t:12000 (9)] Ended with exit code 0
[2026-06-06 15:08:19,343 INFO  L546       MonitoredProcess]: [MP /usr/bin/z3 -smt2 -in SMTLIB2_COMPLIANT=true (20)] Ended with exit code 0
[2026-06-06 15:08:19,542 INFO  L546       MonitoredProcess]: [MP /usr/bin/z3 SMTLIB2_COMPLIANT=true -memory:1024 -smt2 -in -t:12000 (12)] Ended with exit code 0
[2026-06-06 15:08:19,742 INFO  L546       MonitoredProcess]: [MP /usr/bin/z3 SMTLIB2_COMPLIANT=true -memory:1024 -smt2 -in -t:12000 (8)] Ended with exit code 0
[2026-06-06 15:08:19,943 INFO  L546       MonitoredProcess]: [MP /usr/bin/z3 -smt2 -in SMTLIB2_COMPLIANT=true (23)] Ended with exit code 0
[2026-06-06 15:08:20,143 INFO  L534       MonitoredProcess]: [MP /usr/bin/z3 -smt2 -in SMTLIB2_COMPLIANT=true (31)] Forceful destruction successful, exit code 0
[2026-06-06 15:08:20,343 INFO  L546       MonitoredProcess]: [MP /usr/bin/z3 -smt2 -in SMTLIB2_COMPLIANT=true (19)] Ended with exit code 0
[2026-06-06 15:08:20,544 INFO  L546       MonitoredProcess]: [MP /usr/bin/z3 -smt2 -in SMTLIB2_COMPLIANT=true (26)] Ended with exit code 0
[2026-06-06 15:08:20,744 INFO  L546       MonitoredProcess]: [MP /usr/bin/z3 SMTLIB2_COMPLIANT=true -memory:1024 -smt2 -in -t:12000 (7)] Ended with exit code 0
[2026-06-06 15:08:20,944 INFO  L546       MonitoredProcess]: [MP /usr/bin/z3 SMTLIB2_COMPLIANT=true -memory:1024 -smt2 -in -t:12000 (2)] Ended with exit code 0
[2026-06-06 15:08:21,144 INFO  L546       MonitoredProcess]: [MP /usr/bin/z3 SMTLIB2_COMPLIANT=true -memory:1024 -smt2 -in -t:12000 (11)] Ended with exit code 0
[2026-06-06 15:08:21,342 WARN  L718   oredProcess$PipePump]: [MP /usr/bin/z3 SMTLIB2_COMPLIANT=true -memory:1024 -smt2 -in -t:12000 (10)] The stream was forcibly closed: stdIn
[2026-06-06 15:08:21,344 INFO  L546       MonitoredProcess]: [MP /usr/bin/z3 SMTLIB2_COMPLIANT=true -memory:1024 -smt2 -in -t:12000 (10)] Ended with exit code 0
[2026-06-06 15:08:21,545 INFO  L546       MonitoredProcess]: [MP /usr/bin/z3 SMTLIB2_COMPLIANT=true -memory:1024 -smt2 -in -t:12000 (6)] Ended with exit code 0
[2026-06-06 15:08:21,745 INFO  L534       MonitoredProcess]: [MP /usr/bin/z3 -smt2 -in SMTLIB2_COMPLIANT=true (24)] Forceful destruction successful, exit code 0
[2026-06-06 15:08:21,942 WARN  L718   oredProcess$PipePump]: [MP /usr/bin/z3 -smt2 -in SMTLIB2_COMPLIANT=true (18)] The stream was forcibly closed: stdIn
[2026-06-06 15:08:21,946 INFO  L546       MonitoredProcess]: [MP /usr/bin/z3 -smt2 -in SMTLIB2_COMPLIANT=true (18)] Ended with exit code 0
[2026-06-06 15:08:22,146 INFO  L546       MonitoredProcess]: [MP /usr/bin/z3 -smt2 -in SMTLIB2_COMPLIANT=true (32)] Ended with exit code 0
[2026-06-06 15:08:22,346 INFO  L546       MonitoredProcess]: [MP /usr/bin/z3 SMTLIB2_COMPLIANT=true -memory:1024 -smt2 -in -t:12000 (13)] Ended with exit code 0
[2026-06-06 15:08:22,546 INFO  L546       MonitoredProcess]: [MP /usr/bin/z3 SMTLIB2_COMPLIANT=true -memory:1024 -smt2 -in -t:12000 (4)] Ended with exit code 0
[2026-06-06 15:08:22,744 WARN  L668   ParallelNwaCegarLoop]: Destroyed unattended storables created during the last iteration: 16 /usr/bin/z3 SMTLIB2_COMPLIANT=true -memory:1024 -smt2 -in -t:12000,25 /usr/bin/z3 -smt2 -in SMTLIB2_COMPLIANT=true,5 /usr/bin/z3 SMTLIB2_COMPLIANT=true -memory:1024 -smt2 -in -t:12000,SelfDestructingSolverStorable30,SelfDestructingSolverStorable31,28 /usr/bin/z3 -smt2 -in SMTLIB2_COMPLIANT=true,33 /usr/bin/z3 -smt2 -in SMTLIB2_COMPLIANT=true,30 /usr/bin/z3 -smt2 -in SMTLIB2_COMPLIANT=true,SelfDestructingSolverStorable4,17 /usr/bin/z3 SMTLIB2_COMPLIANT=true -memory:1024 -smt2 -in -t:12000,SelfDestructingSolverStorable3,SelfDestructingSolverStorable2,15 /usr/bin/z3 SMTLIB2_COMPLIANT=true -memory:1024 -smt2 -in -t:12000,SelfDestructingSolverStorable1,SelfDestructingSolverStorable8,SelfDestructingSolverStorable7,SelfDestructingSolverStorable6,SelfDestructingSolverStorable5,SelfDestructingSolverStorable32,SelfDestructingSolverStorable33,SelfDestructingSolverStorable34,SelfDestructingSolverStorable9,29 /usr/bin/z3 -smt2 -in SMTLIB2_COMPLIANT=true,21 /usr/bin/z3 -smt2 -in SMTLIB2_COMPLIANT=true,14 /usr/bin/z3 SMTLIB2_COMPLIANT=true -memory:1024 -smt2 -in -t:12000,3 /usr/bin/z3 SMTLIB2_COMPLIANT=true -memory:1024 -smt2 -in -t:12000,SelfDestructingSolverStorable0,27 /usr/bin/z3 -smt2 -in SMTLIB2_COMPLIANT=true,22 /usr/bin/z3 -smt2 -in SMTLIB2_COMPLIANT=true,9 /usr/bin/z3 SMTLIB2_COMPLIANT=true -memory:1024 -smt2 -in -t:12000,20 /usr/bin/z3 -smt2 -in SMTLIB2_COMPLIANT=true,12 /usr/bin/z3 SMTLIB2_COMPLIANT=true -memory:1024 -smt2 -in -t:12000,SelfDestructingSolverStorable18,SelfDestructingSolverStorable19,8 /usr/bin/z3 SMTLIB2_COMPLIANT=true -memory:1024 -smt2 -in -t:12000,23 /usr/bin/z3 -smt2 -in SMTLIB2_COMPLIANT=true,31 /usr/bin/z3 -smt2 -in SMTLIB2_COMPLIANT=true,SelfDestructingSolverStorable10,19 /usr/bin/z3 -smt2 -in SMTLIB2_COMPLIANT=true,26 /usr/bin/z3 -smt2 -in SMTLIB2_COMPLIANT=true,SelfDestructingSolverStorable11,SelfDestructingSolverStorable12,SelfDestructingSolverStorable13,7 /usr/bin/z3 SMTLIB2_COMPLIANT=true -memory:1024 -smt2 -in -t:12000,SelfDestructingSolverStorable14,SelfDestructingSolverStorable15,SelfDestructingSolverStorable16,2 /usr/bin/z3 SMTLIB2_COMPLIANT=true -memory:1024 -smt2 -in -t:12000,11 /usr/bin/z3 SMTLIB2_COMPLIANT=true -memory:1024 -smt2 -in -t:12000,SelfDestructingSolverStorable17,SelfDestructingSolverStorable20,10 /usr/bin/z3 SMTLIB2_COMPLIANT=true -memory:1024 -smt2 -in -t:12000,6 /usr/bin/z3 SMTLIB2_COMPLIANT=true -memory:1024 -smt2 -in -t:12000,24 /usr/bin/z3 -smt2 -in SMTLIB2_COMPLIANT=true,18 /usr/bin/z3 -smt2 -in SMTLIB2_COMPLIANT=true,SelfDestructingSolverStorable29,32 /usr/bin/z3 -smt2 -in SMTLIB2_COMPLIANT=true,13 /usr/bin/z3 SMTLIB2_COMPLIANT=true -memory:1024 -smt2 -in -t:12000,SelfDestructingSolverStorable21,4 /usr/bin/z3 SMTLIB2_COMPLIANT=true -memory:1024 -smt2 -in -t:12000,SelfDestructingSolverStorable22,SelfDestructingSolverStorable23,SelfDestructingSolverStorable24,SelfDestructingSolverStorable25,SelfDestructingSolverStorable26,SelfDestructingSolverStorable27,SelfDestructingSolverStorable28
[2026-06-06 15:08:22,744 INFO  L525   ParallelNwaCegarLoop]: Iteration 8
[2026-06-06 15:08:22,744 INFO  L526   ParallelNwaCegarLoop]: SearchMode: ADAPTIVE_BATCH_LCPS
[2026-06-06 15:08:22,744 INFO  L527   ParallelNwaCegarLoop]: Refinements: 22
[2026-06-06 15:08:22,744 INFO  L528   ParallelNwaCegarLoop]: Counterexamples: 37
[2026-06-06 15:08:22,744 INFO  L529   ParallelNwaCegarLoop]: SearchTimeout: 0
[2026-06-06 15:08:22,744 INFO  L530   ParallelNwaCegarLoop]: RunConstructionFailed: 0
[2026-06-06 15:08:22,744 INFO  L531   ParallelNwaCegarLoop]: SearchFailed: 0
[2026-06-06 15:08:22,744 INFO  L532   ParallelNwaCegarLoop]: Duplicate freshness failures: 2
[2026-06-06 15:08:22,744 INFO  L533   ParallelNwaCegarLoop]: DuplicateFreshnessFailures: 2
[2026-06-06 15:08:22,744 INFO  L534   ParallelNwaCegarLoop]: BFS: 3
[2026-06-06 15:08:22,744 INFO  L535   ParallelNwaCegarLoop]: IsEmptyParallel: 2
[2026-06-06 15:08:22,744 INFO  L536   ParallelNwaCegarLoop]: ActiveThreads: 16
[2026-06-06 15:08:22,744 INFO  L537   ParallelNwaCegarLoop]: ActiveExecutorsForPathPrograms: 0
[2026-06-06 15:08:22,744 INFO  L538   ParallelNwaCegarLoop]: IterationsWithMaxThreads: 7
[2026-06-06 15:08:22,744 INFO  L539   ParallelNwaCegarLoop]: IterationsWithONEThread: 0
[2026-06-06 15:08:22,744 INFO  L540   ParallelNwaCegarLoop]: SearchTime: 0 s
[2026-06-06 15:08:22,744 INFO  L541   ParallelNwaCegarLoop]: WorkerSetUpTime: 0 s
[2026-06-06 15:08:22,744 INFO  L542   ParallelNwaCegarLoop]: ExceptionInWorker: 0
[2026-06-06 15:08:22,744 INFO  L543   ParallelNwaCegarLoop]: mRefinementTime: 0
[2026-06-06 15:08:22,744 INFO  L544   ParallelNwaCegarLoop]: Prefix cache checked paths: 35
[2026-06-06 15:08:22,744 INFO  L545   ParallelNwaCegarLoop]: Prefix cache stale paths: 18
[2026-06-06 15:08:22,744 INFO  L546   ParallelNwaCegarLoop]: Stale paths: 18
[2026-06-06 15:08:22,744 INFO  L547   ParallelNwaCegarLoop]: LcpsCheckedPrefixQueries: 0
[2026-06-06 15:08:22,744 INFO  L548   ParallelNwaCegarLoop]: LcpsStalePrefixQueries: 0
[2026-06-06 15:08:22,744 INFO  L549   ParallelNwaCegarLoop]: LcpsCheckedPrefixHits: 0
[2026-06-06 15:08:22,744 INFO  L550   ParallelNwaCegarLoop]: LcpsStalePrefixHits: 0
[2026-06-06 15:08:22,744 INFO  L551   ParallelNwaCegarLoop]: LcpsSearchInvocations: 0
[2026-06-06 15:08:22,744 INFO  L552   ParallelNwaCegarLoop]: LcpsFullCacheSuffixInvocations: 0
[2026-06-06 15:08:22,744 INFO  L553   ParallelNwaCegarLoop]: LcpsFullCacheSuffixFallbacks: 0
[2026-06-06 15:08:22,744 INFO  L554   ParallelNwaCegarLoop]: LcpsEffectivePriorityDecisions: 0
[2026-06-06 15:08:22,744 INFO  L555   ParallelNwaCegarLoop]: BatchLcpsInvocations: 3
[2026-06-06 15:08:22,744 INFO  L556   ParallelNwaCegarLoop]: BatchLcpsAvailableSlotsTotal: 32
[2026-06-06 15:08:22,744 INFO  L557   ParallelNwaCegarLoop]: BatchLcpsCandidatesGenerated: 72
[2026-06-06 15:08:22,744 INFO  L558   ParallelNwaCegarLoop]: BatchLcpsCandidatesSelected: 32
[2026-06-06 15:08:22,744 INFO  L559   ParallelNwaCegarLoop]: BatchLcpsCandidateGenerationFailures: 0
[2026-06-06 15:08:22,745 INFO  L560   ParallelNwaCegarLoop]: BatchLcpsAvgCandidatePoolSize: 24.0
[2026-06-06 15:08:22,745 INFO  L561   ParallelNwaCegarLoop]: BatchLcpsAvgSelectedBatchSize: 10.666666666666666
[2026-06-06 15:08:22,745 INFO  L562   ParallelNwaCegarLoop]: BatchLcpsEffectiveBatchDecisions: 3
[2026-06-06 15:08:22,745 INFO  L563   ParallelNwaCegarLoop]: BatchLcpsCandidateGenerationTimeMs: 32
[2026-06-06 15:08:22,745 INFO  L564   ParallelNwaCegarLoop]: BatchLcpsSelectionTimeMs: 10
[2026-06-06 15:08:22,745 INFO  L565   ParallelNwaCegarLoop]: AdaptiveBatchTriggerMode: THREADS_GE_4_FIRST_FILL
[2026-06-06 15:08:22,745 INFO  L566   ParallelNwaCegarLoop]: AdaptiveBatchInvocations: 3
[2026-06-06 15:08:22,745 INFO  L567   ParallelNwaCegarLoop]: AdaptiveBatchFallbacks: 4
[2026-06-06 15:08:22,745 INFO  L568   ParallelNwaCegarLoop]: AdaptiveTriggeredByDuplicate: 0
[2026-06-06 15:08:22,745 INFO  L569   ParallelNwaCegarLoop]: AdaptiveTriggeredByStale: 0
[2026-06-06 15:08:22,745 INFO  L570   ParallelNwaCegarLoop]: AdaptiveTriggeredBySearchFailed: 0
[2026-06-06 15:08:22,745 INFO  L571   ParallelNwaCegarLoop]: AdaptiveTriggeredByIdleSlot: 0
[2026-06-06 15:08:22,745 INFO  L572   ParallelNwaCegarLoop]: AdaptiveTriggeredByFirstFill: 0
[2026-06-06 15:08:22,745 INFO  L573   ParallelNwaCegarLoop]: AdaptiveTriggeredByFirstFillOrStale: 0
[2026-06-06 15:08:22,745 INFO  L574   ParallelNwaCegarLoop]: AdaptiveTriggeredByThreadsGe4FirstFill: 3
[2026-06-06 15:08:22,745 INFO  L576   ParallelNwaCegarLoop]: FirstDispatchInCurrentAbstraction: true
[2026-06-06 15:08:22,745 INFO  L577   ParallelNwaCegarLoop]: AdaptiveMinAvailableSlots: 2
[2026-06-06 15:08:22,745 INFO  L134       CoverageAnalysis]: Checked inductivity of 25 backedges. 0 proven. 1 refuted. 0 times theorem prover too weak. 24 trivial. 0 not checked.
[2026-06-06 15:08:22,745 INFO  L312         TraceCheckSpWp]: Computing backward predicates...
[2026-06-06 15:08:22,745 INFO  L580   ParallelNwaCegarLoop]: Checked paths: 35
[2026-06-06 15:08:22,745 WARN  L310   FreeRefinementEngine]: Global settings require throwing the following exception
[2026-06-06 15:08:22,745 WARN  L310   FreeRefinementEngine]: Global settings require throwing the following exception
[2026-06-06 15:08:22,745 WARN  L310   FreeRefinementEngine]: Global settings require throwing the following exception
[2026-06-06 15:08:22,745 WARN  L310   FreeRefinementEngine]: Global settings require throwing the following exception
[2026-06-06 15:08:22,745 WARN  L310   FreeRefinementEngine]: Global settings require throwing the following exception
[2026-06-06 15:08:22,745 WARN  L310   FreeRefinementEngine]: Global settings require throwing the following exception
[2026-06-06 15:08:22,745 WARN  L310   FreeRefinementEngine]: Global settings require throwing the following exception
[2026-06-06 15:08:22,745 WARN  L310   FreeRefinementEngine]: Global settings require throwing the following exception
[2026-06-06 15:08:22,745 WARN  L310   FreeRefinementEngine]: Global settings require throwing the following exception
[2026-06-06 15:08:22,745 INFO  L581   ParallelNwaCegarLoop]: Total pairwise prefix-LCA divergence: 574.2635808635812
[2026-06-06 15:08:22,746 INFO  L583   ParallelNwaCegarLoop]: Avg pairwise prefix-LCA divergence: 0.9651488754009768
[2026-06-06 15:08:22,746 INFO  L134       CoverageAnalysis]: Checked inductivity of 19 backedges. 0 proven. 1 refuted. 0 times theorem prover too weak. 18 trivial. 0 not checked.
[2026-06-06 15:08:22,746 INFO  L312         TraceCheckSpWp]: Computing backward predicates...
[2026-06-06 15:08:22,746 WARN  L310   FreeRefinementEngine]: Global settings require throwing the following exception
[2026-06-06 15:08:22,747 INFO  L424         BasicCegarLoop]: Path program histogram: []
[2026-06-06 15:08:22,747 INFO  L429         BasicCegarLoop]: Checked paths: 35
[2026-06-06 15:08:22,747 INFO  L430         BasicCegarLoop]: Total pairwise prefix-LCA divergence: 574.2635808635812
[2026-06-06 15:08:22,747 INFO  L432         BasicCegarLoop]: Avg pairwise prefix-LCA divergence: 0.9651488754009768
[2026-06-06 15:08:22,748 INFO  L171   ceAbstractionStarter]: Computing trace abstraction results
[2026-06-06 15:08:22,750 INFO  L201        PluginConnector]: Adding new model eureka_05.i_5.bpl de.uni_freiburg.informatik.ultimate.plugins.generator.traceabstraction CFG 06.06 03:08:22 BoogieIcfgContainer
[2026-06-06 15:08:22,750 INFO  L131        PluginConnector]: ------------------------ END TraceAbstraction----------------------------
[2026-06-06 15:08:22,750 INFO  L158              Benchmark]: Toolchain (without parser) took 7101.07ms. Allocated memory was 48.2MB in the beginning and 127.9MB in the end (delta: 79.7MB). Free memory was 13.9MB in the beginning and 69.7MB in the end (delta: -55.7MB). Peak memory consumption was 24.5MB. Max. memory is 4.3GB.
[2026-06-06 15:08:22,750 INFO  L158              Benchmark]: Boogie PL CUP Parser took 0.07ms. Allocated memory is still 48.2MB. Free memory is still 15.0MB. There was no memory consumed. Max. memory is 4.3GB.
[2026-06-06 15:08:22,750 INFO  L158              Benchmark]: Boogie Preprocessor took 19.29ms. Allocated memory is still 48.2MB. Free memory was 13.9MB in the beginning and 25.2MB in the end (delta: -11.3MB). Peak memory consumption was 4.8MB. Max. memory is 4.3GB.
[2026-06-06 15:08:22,750 INFO  L158              Benchmark]: RCFGBuilder took 73.18ms. Allocated memory is still 48.2MB. Free memory was 25.1MB in the beginning and 14.7MB in the end (delta: 10.4MB). Peak memory consumption was 8.4MB. Max. memory is 4.3GB.
[2026-06-06 15:08:22,750 INFO  L158              Benchmark]: TraceAbstraction took 7006.74ms. Allocated memory was 48.2MB in the beginning and 127.9MB in the end (delta: 79.7MB). Free memory was 13.6MB in the beginning and 69.7MB in the end (delta: -56.1MB). Peak memory consumption was 23.9MB. Max. memory is 4.3GB.
[2026-06-06 15:08:22,750 INFO  L338   ainManager$Toolchain]: #######################  End [Toolchain 1] #######################
 --- Results ---
 * Results from de.uni_freiburg.informatik.ultimate.core:
  - StatisticsResult: Toolchain Benchmarks
    Benchmark results are:
 * Boogie PL CUP Parser took 0.07ms. Allocated memory is still 48.2MB. Free memory is still 15.0MB. There was no memory consumed. Max. memory is 4.3GB.
 * Boogie Preprocessor took 19.29ms. Allocated memory is still 48.2MB. Free memory was 13.9MB in the beginning and 25.2MB in the end (delta: -11.3MB). Peak memory consumption was 4.8MB. Max. memory is 4.3GB.
 * RCFGBuilder took 73.18ms. Allocated memory is still 48.2MB. Free memory was 25.1MB in the beginning and 14.7MB in the end (delta: 10.4MB). Peak memory consumption was 8.4MB. Max. memory is 4.3GB.
 * TraceAbstraction took 7006.74ms. Allocated memory was 48.2MB in the beginning and 127.9MB in the end (delta: 79.7MB). Free memory was 13.6MB in the beginning and 69.7MB in the end (delta: -56.1MB). Peak memory consumption was 23.9MB. Max. memory is 4.3GB.
 * Results from de.uni_freiburg.informatik.ultimate.plugins.generator.traceabstraction:
  - StatisticsResult: ErrorAutomatonStatistics
    NumberErrorTraces: 0, NumberStatementsAllTraces: 0, NumberRelevantStatements: 0, 0.0s ErrorAutomatonConstructionTimeTotal, 0.0s FaulLocalizationTime, NumberStatementsFirstTrace: -1, TraceLengthAvg: 0, 0.0s ErrorAutomatonConstructionTimeAvg, 0.0s ErrorAutomatonDifferenceTimeAvg, 0.0s ErrorAutomatonDifferenceTimeTotal, NumberOfNoEnhancement: 0, NumberOfFiniteEnhancement: 0, NumberOfInfiniteEnhancement: 0
  - PositiveResult [Line: 77]: assertion always holds
    For all program executions holds that assertion always holds at this location
  - StatisticsResult: Ultimate Automizer benchmark data
    CFG has 1 procedures, 7 locations, 9 edges, 1 error locations. Started 1 CEGAR loops. OverallTime: 7.0s, OverallIterations: 22, TraceHistogramMax: 5, PathProgramHistogramMax: 0, CheckedPaths: 35, TotalPairwisePrefixLcaDivergence: 574.2635808635812, AvgPairwisePrefixLcaDivergence: 0.9651488754009768, SearchMode: ADAPTIVE_BATCH_LCPS, DuplicateFreshnessFailures: 2, FailedToFindCounterexamples: 0, StalePaths: 18, LcpsCheckedPrefixQueries: 0, LcpsStalePrefixQueries: 0, LcpsCheckedPrefixHits: 0, LcpsStalePrefixHits: 0, LcpsSearchInvocations: 0, LcpsFullCacheSuffixInvocations: 0, LcpsFullCacheSuffixFallbacks: 0, LcpsEffectivePriorityDecisions: 0, BatchLcpsInvocations: 3, BatchLcpsAvailableSlotsTotal: 32, BatchLcpsCandidatesGenerated: 72, BatchLcpsCandidatesSelected: 32, BatchLcpsCandidateGenerationFailures: 0, BatchLcpsAvgCandidatePoolSize: 24.0, BatchLcpsAvgSelectedBatchSize: 10.666666666666666, BatchLcpsEffectiveBatchDecisions: 3, BatchLcpsCandidateGenerationTimeMs: 32, BatchLcpsSelectionTimeMs: 10, AdaptiveBatchTriggerMode: THREADS_GE_4_FIRST_FILL, AdaptiveBatchInvocations: 3, AdaptiveBatchFallbacks: 4, AdaptiveTriggeredByDuplicate: 0, AdaptiveTriggeredByStale: 0, AdaptiveTriggeredBySearchFailed: 0, AdaptiveTriggeredByIdleSlot: 0, AdaptiveTriggeredByFirstFill: 0, AdaptiveTriggeredByFirstFillOrStale: 0, AdaptiveTriggeredByThreadsGe4FirstFill: 3, AdaptiveMinAvailableSlots: 2, EmptinessCheckTime: 0.0s, AutomataDifference: 0.0s, DeadEndRemovalTime: 0.0s, HoareAnnotationTime: 0.0s, InitialAbstractionConstructionTime: 0.0s, HoareTripleCheckerStatistics: , PredicateUnifierStatistics: No data available, 0.0s BasicInterpolantAutomatonTime, BiggestAbstraction: size=6occurred in iteration=0, InterpolantAutomatonStates: 96, traceCheckStatistics: No data available, InterpolantConsolidationStatistics: No data available, PathInvariantsStatistics: No data available, 0/0 InterpolantCoveringCapability, TotalInterpolationStatistics: No data available, 0.0s DumpTime, AutomataMinimizationStatistics: 0.0s AutomataMinimizationTime, 22 MinimizatonAttempts, 4 StatesRemovedByMinimization, 4 NontrivialMinimizations, HoareAnnotationStatistics: No data available, RefinementEngineStatistics: No data available, ReuseStatistics: No data available, ConComCheckerStatistics: No data available
  - AllSpecificationsHoldResult: All specifications hold
    1 specifications checked. All of them hold
RESULT: Ultimate proved your program to be correct!
[2026-06-06 15:08:22,755 INFO  L534       MonitoredProcess]: [MP /usr/bin/z3 SMTLIB2_COMPLIANT=true -memory:1024 -smt2 -in -t:12000 (1)] Forceful destruction successful, exit code 0
Received shutdown request...

