This is Ultimate 0.3.1-cache-f5c6788a5b-m
[2026-06-06 15:15:47,539 INFO  L188        SettingsManager]: Resetting all preferences to default values...
[2026-06-06 15:15:47,568 INFO  L114        SettingsManager]: Loading settings from /home/hschi1106/ultimate/trunk/examples/Interactive/settings/ResetSettingsCamel.epf
[2026-06-06 15:15:47,570 WARN  L101        SettingsManager]: Preference file contains the following unknown settings:
[2026-06-06 15:15:47,570 WARN  L103        SettingsManager]:   * de.uni_freiburg.informatik.ultimate.plugins.blockencoding.Rewrite not-equals during SBE
[2026-06-06 15:15:47,570 WARN  L103        SettingsManager]:   * de.uni_freiburg.informatik.ultimate.plugins.blockencoding.Simplify codeblocks
[2026-06-06 15:15:47,570 WARN  L103        SettingsManager]:   * de.uni_freiburg.informatik.ultimate.plugins.blockencoding.Simplify assume statements
[2026-06-06 15:15:47,570 WARN  L103        SettingsManager]:   * de.uni_freiburg.informatik.ultimate.plugins.blockencoding.Use SBE during assume simplification
[2026-06-06 15:15:47,570 WARN  L103        SettingsManager]:   * de.uni_freiburg.informatik.ultimate.plugins.blockencoding.Use SBE for initial RCFG
[2026-06-06 15:15:47,570 WARN  L103        SettingsManager]:   * de.uni_freiburg.informatik.ultimate.plugins.blockencoding.Rewrite not equals when simplifying assume statements with SBE
[2026-06-06 15:15:47,570 WARN  L103        SettingsManager]:   * de.uni_freiburg.informatik.ultimate.core.Debug log message color
[2026-06-06 15:15:47,570 WARN  L103        SettingsManager]:   * de.uni_freiburg.informatik.ultimate.core.Drop models when Ultimate exits
[2026-06-06 15:15:47,570 WARN  L103        SettingsManager]:   * de.uni_freiburg.informatik.ultimate.core.Generate benchmark results
[2026-06-06 15:15:47,570 WARN  L103        SettingsManager]:   * de.uni_freiburg.informatik.ultimate.core.Log level for controller plugin
[2026-06-06 15:15:47,570 WARN  L103        SettingsManager]:   * de.uni_freiburg.informatik.ultimate.core.Warning log message color
[2026-06-06 15:15:47,570 WARN  L103        SettingsManager]:   * de.uni_freiburg.informatik.ultimate.core.Root log level
[2026-06-06 15:15:47,570 WARN  L103        SettingsManager]:   * de.uni_freiburg.informatik.ultimate.core.UI logger pattern
[2026-06-06 15:15:47,570 WARN  L103        SettingsManager]:   * de.uni_freiburg.informatik.ultimate.core.Log level for external tools
[2026-06-06 15:15:47,570 WARN  L103        SettingsManager]:   * de.uni_freiburg.informatik.ultimate.core.ultimate.logging.details
[2026-06-06 15:15:47,570 WARN  L103        SettingsManager]:   * de.uni_freiburg.informatik.ultimate.core.Toolchain timeout in seconds
[2026-06-06 15:15:47,570 WARN  L103        SettingsManager]:   * de.uni_freiburg.informatik.ultimate.core.Name of the log file
[2026-06-06 15:15:47,570 WARN  L103        SettingsManager]:   * de.uni_freiburg.informatik.ultimate.core.Info log message color
[2026-06-06 15:15:47,570 WARN  L103        SettingsManager]:   * de.uni_freiburg.informatik.ultimate.core.Create a Logfile
[2026-06-06 15:15:47,570 WARN  L103        SettingsManager]:   * de.uni_freiburg.informatik.ultimate.core.Logger pattern
[2026-06-06 15:15:47,570 WARN  L103        SettingsManager]:   * de.uni_freiburg.informatik.ultimate.core.Log level for core plugin
[2026-06-06 15:15:47,570 WARN  L103        SettingsManager]:   * de.uni_freiburg.informatik.ultimate.core.Show usable parsers
[2026-06-06 15:15:47,570 WARN  L103        SettingsManager]:   * de.uni_freiburg.informatik.ultimate.core.Log level for plugins
[2026-06-06 15:15:47,570 WARN  L103        SettingsManager]:   * de.uni_freiburg.informatik.ultimate.core.Fatal log message color
[2026-06-06 15:15:47,570 WARN  L103        SettingsManager]:   * de.uni_freiburg.informatik.ultimate.core.Show long description of results
[2026-06-06 15:15:47,570 WARN  L103        SettingsManager]:   * de.uni_freiburg.informatik.ultimate.core.Error log message color
[2026-06-06 15:15:47,570 WARN  L103        SettingsManager]:   * de.uni_freiburg.informatik.ultimate.core.Show result in pop-up window after toolchain execution
[2026-06-06 15:15:47,571 WARN  L103        SettingsManager]:   * de.uni_freiburg.informatik.ultimate.core.Directory (default: instance location)
[2026-06-06 15:15:47,571 WARN  L103        SettingsManager]:   * de.uni_freiburg.informatik.ultimate.core.Append to exisiting log file
[2026-06-06 15:15:47,571 WARN  L103        SettingsManager]:   * CDTParser.Please specify include paths that will be parsed with the given C-File
[2026-06-06 15:15:47,571 WARN  L103        SettingsManager]:   * de.uni_freiburg.informatik.ultimate.plugins.generator.rcfgbuilder.Translate Boogie integers to SMT bitvectors
[2026-06-06 15:15:47,571 WARN  L103        SettingsManager]:   * de.uni_freiburg.informatik.ultimate.plugins.generator.cacsl2boogietranslator.How to treat unsigned ints differently from normal ones
[2026-06-06 15:15:47,571 WARN  L103        SettingsManager]:   * de.uni_freiburg.informatik.ultimate.witnessprinter.Generate witnesses
[2026-06-06 15:15:47,571 WARN  L103        SettingsManager]:   * de.uni_freiburg.informatik.ultimate.witnessprinter.Write witness to working directory
[2026-06-06 15:15:47,571 WARN  L103        SettingsManager]:   * de.uni_freiburg.informatik.ultimate.plugins.analysis.irsdependencies.Mode
[2026-06-06 15:15:47,571 WARN  L103        SettingsManager]:   * de.uni_freiburg.informatik.ultimate.plugins.analysis.abstractinterpretationv2.Number type
[2026-06-06 15:15:47,571 WARN  L103        SettingsManager]:   * de.uni_freiburg.informatik.ultimate.plugins.analysis.abstractinterpretationv2.Congruence Widening operator
[2026-06-06 15:15:47,571 WARN  L103        SettingsManager]:   * de.uni_freiburg.informatik.ultimate.plugins.output.jungvisualization.Annotate edges
[2026-06-06 15:15:47,571 WARN  L103        SettingsManager]:   * de.uni_freiburg.informatik.ultimate.plugins.output.jungvisualization.Background color:
[2026-06-06 15:15:47,571 WARN  L103        SettingsManager]:   * de.uni_freiburg.informatik.ultimate.plugins.output.jungvisualization.Which models should be visualized?
[2026-06-06 15:15:47,571 WARN  L103        SettingsManager]:   * de.uni_freiburg.informatik.ultimate.plugins.output.jungvisualization.Choose node shape:
[2026-06-06 15:15:47,571 WARN  L103        SettingsManager]:   * de.uni_freiburg.informatik.ultimate.plugins.output.jungvisualization.Node color:
[2026-06-06 15:15:47,571 WARN  L103        SettingsManager]:   * de.uni_freiburg.informatik.ultimate.plugins.output.jungvisualization.Picked node color:
[2026-06-06 15:15:47,571 WARN  L103        SettingsManager]:   * de.uni_freiburg.informatik.ultimate.plugins.output.jungvisualization.Annotate nodes
[2026-06-06 15:15:47,571 WARN  L103        SettingsManager]:   * de.uni_freiburg.informatik.ultimate.plugins.output.jungvisualization.SVG Export directory:
[2026-06-06 15:15:47,571 WARN  L103        SettingsManager]:   * de.uni_freiburg.informatik.ultimate.plugins.output.jungvisualization.Default graph layout:
[2026-06-06 15:15:47,571 WARN  L103        SettingsManager]:   * de.uni_freiburg.informatik.ultimate.boogie.procedureinliner.to and inside polymorphic procedures
[2026-06-06 15:15:47,571 WARN  L103        SettingsManager]:   * de.uni_freiburg.informatik.ultimate.boogie.procedureinliner.to procedures with 'free requires' specifications
[2026-06-06 15:15:47,571 WARN  L103        SettingsManager]:   * de.uni_freiburg.informatik.ultimate.boogie.procedureinliner.calls to unimplemented procedures
[2026-06-06 15:15:47,571 WARN  L103        SettingsManager]:   * de.uni_freiburg.informatik.ultimate.boogie.procedureinliner.to recursive procedures
[2026-06-06 15:15:47,571 WARN  L103        SettingsManager]:   * de.uni_freiburg.informatik.ultimate.boogie.procedureinliner.with 'forall' modifier
[2026-06-06 15:15:47,571 WARN  L103        SettingsManager]:   * de.uni_freiburg.informatik.ultimate.boogie.procedureinliner.calls to implemented procedures
[2026-06-06 15:15:47,571 WARN  L103        SettingsManager]:   * de.uni_freiburg.informatik.ultimate.boogie.procedureinliner.to procedures, called more than once
[2026-06-06 15:15:47,571 WARN  L103        SettingsManager]:   * de.uni_freiburg.informatik.ultimate.plugins.generator.traceabstraction.Non-flow-sensitive error trace relevance analysis
[2026-06-06 15:15:47,571 WARN  L103        SettingsManager]:   * de.uni_freiburg.informatik.ultimate.plugins.generator.traceabstraction.use unfolding as abstraction
[2026-06-06 15:15:47,571 WARN  L103        SettingsManager]:   * de.uni_freiburg.informatik.ultimate.plugins.generator.traceabstraction.Iterations until the model checker surrenders
[2026-06-06 15:15:47,571 WARN  L103        SettingsManager]:   * de.uni_freiburg.informatik.ultimate.plugins.generator.traceabstraction.Enable interactive Verification?
[2026-06-06 15:15:47,571 WARN  L103        SettingsManager]:   * de.uni_freiburg.informatik.ultimate.plugins.generator.traceabstraction.Flow-sensitive error trace relevance analysis
[2026-06-06 15:15:47,571 WARN  L103        SettingsManager]:   * de.uni_freiburg.informatik.ultimate.gui.LASTTOOLCHAINPATH
[2026-06-06 15:15:47,571 WARN  L103        SettingsManager]:   * de.uni_freiburg.informatik.ultimate.gui.LASTPATH
[2026-06-06 15:15:47,587 INFO  L130        SettingsManager]: Preferences different from defaults after loading the file:
[2026-06-06 15:15:47,587 INFO  L151        SettingsManager]: Preferences of UltimateCore differ from their defaults:
[2026-06-06 15:15:47,587 INFO  L153        SettingsManager]:  * Directory (default: instance location)=/home/iari/src/ultimate/trunk/runtime-Debug-E4.product/
[2026-06-06 15:15:47,587 INFO  L151        SettingsManager]: Preferences of Abstract Interpretation differ from their defaults:
[2026-06-06 15:15:47,587 INFO  L153        SettingsManager]:  * Log string format=HALF_MATRIX
[2026-06-06 15:15:47,588 INFO  L151        SettingsManager]: Preferences of BuchiAutomizer differ from their defaults:
[2026-06-06 15:15:47,588 INFO  L153        SettingsManager]:  * Buchi interpolant automaton=Staged
[2026-06-06 15:15:47,588 INFO  L153        SettingsManager]:  * Buchi complementation construction=Ncsb
[2026-06-06 15:15:47,588 INFO  L151        SettingsManager]: Preferences of CACSL2BoogieTranslator differ from their defaults:
[2026-06-06 15:15:47,588 INFO  L153        SettingsManager]:  * Report unsoundness warnings=false
[2026-06-06 15:15:47,588 INFO  L151        SettingsManager]: Preferences of RCFGBuilder differ from their defaults:
[2026-06-06 15:15:47,588 INFO  L153        SettingsManager]:  * Logic for external solver=AUFNIRA
[2026-06-06 15:15:47,588 INFO  L153        SettingsManager]:  * Convert code blocks to CNF=true
[2026-06-06 15:15:47,588 INFO  L151        SettingsManager]: Preferences of TraceAbstraction differ from their defaults:
[2026-06-06 15:15:47,588 INFO  L153        SettingsManager]:  * cut-off requires same transition=true
[2026-06-06 15:15:47,588 INFO  L153        SettingsManager]:  * Trace refinement strategy=CAMEL
Applying setting for plugin de.uni_freiburg.informatik.ultimate.plugins.generator.traceabstraction: Use CEGAR loop for Parallel Trace Abstraction -> true
Applying setting for plugin de.uni_freiburg.informatik.ultimate.plugins.generator.traceabstraction: Threadlimit for Parallel CEGAR -> 16
Applying setting for plugin de.uni_freiburg.informatik.ultimate.plugins.generator.traceabstraction: Parallel trace search selection mode -> ADAPTIVE_BATCH_LCPS
Applying setting for plugin de.uni_freiburg.informatik.ultimate.plugins.generator.traceabstraction: Track stale prefixes in parallel search -> true
Applying setting for plugin de.uni_freiburg.informatik.ultimate.plugins.generator.traceabstraction: Use initial BFS in PAPER/LCPS parallel search -> true
Applying setting for plugin de.uni_freiburg.informatik.ultimate.plugins.generator.traceabstraction: Batch LCPS candidate multiplier -> 4
Applying setting for plugin de.uni_freiburg.informatik.ultimate.plugins.generator.traceabstraction: Batch LCPS candidate cap -> 32
Applying setting for plugin de.uni_freiburg.informatik.ultimate.plugins.generator.traceabstraction: Adaptive batch trigger mode -> THREADS_GE_4_FIRST_FILL
Applying setting for plugin de.uni_freiburg.informatik.ultimate.plugins.generator.traceabstraction: Adaptive batch min available slots -> 2
[2026-06-06 15:15:47,698 INFO  L75    nceAwareModelManager]: Repository-Root is: /tmp
[2026-06-06 15:15:47,702 INFO  L261   ainManager$Toolchain]: [Toolchain 1]: Applicable parser(s) successfully (re)initialized
[2026-06-06 15:15:47,703 INFO  L217   ainManager$Toolchain]: [Toolchain 1]: Toolchain selected.
[2026-06-06 15:15:47,704 INFO  L270        PluginConnector]: Initializing Boogie PL CUP Parser...
[2026-06-06 15:15:47,704 INFO  L274        PluginConnector]: Boogie PL CUP Parser initialized
[2026-06-06 15:15:47,704 INFO  L431   ainManager$Toolchain]: [Toolchain 1]: Parsing single file: /home/hschi1106/ultimate/trunk/examples/programs/20170304-DifficultPathPrograms/resultKnown/diamond2.i_4.bpl
[2026-06-06 15:15:47,704 INFO  L110           BoogieParser]: Parsing: '/home/hschi1106/ultimate/trunk/examples/programs/20170304-DifficultPathPrograms/resultKnown/diamond2.i_4.bpl'
[2026-06-06 15:15:47,712 INFO  L299   ainManager$Toolchain]: ####################### [Toolchain 1] #######################
[2026-06-06 15:15:47,713 INFO  L133        ToolchainWalker]: Walking toolchain with 3 elements.
[2026-06-06 15:15:47,713 INFO  L112        PluginConnector]: ------------------------Boogie Preprocessor----------------------------
[2026-06-06 15:15:47,713 INFO  L270        PluginConnector]: Initializing Boogie Preprocessor...
[2026-06-06 15:15:47,713 INFO  L274        PluginConnector]: Boogie Preprocessor initialized
[2026-06-06 15:15:47,718 INFO  L184        PluginConnector]: Executing the observer EnsureBoogieModelObserver from plugin Boogie Preprocessor for "diamond2.i_4.bpl de.uni_freiburg.informatik.ultimate.boogie.parser AST 06.06 03:15:47" (1/1) ...
[2026-06-06 15:15:47,719 INFO  L184        PluginConnector]: Executing the observer TypeChecker from plugin Boogie Preprocessor for "diamond2.i_4.bpl de.uni_freiburg.informatik.ultimate.boogie.parser AST 06.06 03:15:47" (1/1) ...
[2026-06-06 15:15:47,728 INFO  L184        PluginConnector]: Executing the observer ConstExpander from plugin Boogie Preprocessor for "diamond2.i_4.bpl de.uni_freiburg.informatik.ultimate.boogie.parser AST 06.06 03:15:47" (1/1) ...
[2026-06-06 15:15:47,728 INFO  L184        PluginConnector]: Executing the observer StructExpander from plugin Boogie Preprocessor for "diamond2.i_4.bpl de.uni_freiburg.informatik.ultimate.boogie.parser AST 06.06 03:15:47" (1/1) ...
[2026-06-06 15:15:47,729 INFO  L184        PluginConnector]: Executing the observer ReplaceArrayAssignments from plugin Boogie Preprocessor for "diamond2.i_4.bpl de.uni_freiburg.informatik.ultimate.boogie.parser AST 06.06 03:15:47" (1/1) ...
[2026-06-06 15:15:47,729 INFO  L184        PluginConnector]: Executing the observer UnstructureCode from plugin Boogie Preprocessor for "diamond2.i_4.bpl de.uni_freiburg.informatik.ultimate.boogie.parser AST 06.06 03:15:47" (1/1) ...
[2026-06-06 15:15:47,730 INFO  L184        PluginConnector]: Executing the observer FunctionInliner from plugin Boogie Preprocessor for "diamond2.i_4.bpl de.uni_freiburg.informatik.ultimate.boogie.parser AST 06.06 03:15:47" (1/1) ...
[2026-06-06 15:15:47,730 INFO  L184        PluginConnector]: Executing the observer LTLStepAnnotator from plugin Boogie Preprocessor for "diamond2.i_4.bpl de.uni_freiburg.informatik.ultimate.boogie.parser AST 06.06 03:15:47" (1/1) ...
[2026-06-06 15:15:47,730 INFO  L184        PluginConnector]: Executing the observer BoogieSymbolTableConstructor from plugin Boogie Preprocessor for "diamond2.i_4.bpl de.uni_freiburg.informatik.ultimate.boogie.parser AST 06.06 03:15:47" (1/1) ...
[2026-06-06 15:15:47,732 INFO  L131        PluginConnector]: ------------------------ END Boogie Preprocessor----------------------------
[2026-06-06 15:15:47,732 INFO  L112        PluginConnector]: ------------------------RCFGBuilder----------------------------
[2026-06-06 15:15:47,732 INFO  L270        PluginConnector]: Initializing RCFGBuilder...
[2026-06-06 15:15:47,732 INFO  L274        PluginConnector]: RCFGBuilder initialized
[2026-06-06 15:15:47,733 INFO  L184        PluginConnector]: Executing the observer RCFGBuilderObserver from plugin RCFGBuilder for "diamond2.i_4.bpl de.uni_freiburg.informatik.ultimate.boogie.parser AST 06.06 03:15:47" (1/1) ...
[2026-06-06 15:15:47,735 INFO  L173          SolverBuilder]: Constructing external solver with command: z3 SMTLIB2_COMPLIANT=true -memory:1024 -smt2 -in -t:12000
[2026-06-06 15:15:47,741 INFO  L189       MonitoredProcess]: No working directory specified, using /usr/bin/z3
[2026-06-06 15:15:47,745 INFO  L229       MonitoredProcess]: Starting monitored process 1 with /usr/bin/z3 SMTLIB2_COMPLIANT=true -memory:1024 -smt2 -in -t:12000 (exit command is (exit), workingDir is null)
[2026-06-06 15:15:47,746 INFO  L327       MonitoredProcess]: [MP /usr/bin/z3 SMTLIB2_COMPLIANT=true -memory:1024 -smt2 -in -t:12000 (1)] Waiting until timeout for monitored process
[2026-06-06 15:15:47,754 INFO  L138     BoogieDeclarations]: Found implementation of procedure ULTIMATE.start
[2026-06-06 15:15:47,754 INFO  L130     BoogieDeclarations]: Found specification of procedure ULTIMATE.start
[2026-06-06 15:15:47,772 INFO  L234             CfgBuilder]: Building ICFG
[2026-06-06 15:15:47,772 INFO  L260             CfgBuilder]: Building CFG for each procedure with an implementation
[2026-06-06 15:15:47,803 INFO  L?                        ?]: Removed 4 outVars from TransFormulas that were not future-live.
[2026-06-06 15:15:47,803 INFO  L283             CfgBuilder]: Performing block encoding
[2026-06-06 15:15:47,805 INFO  L89      LargeBlockEncoding]: Applying CFG Large Block Encoding to ICFG that has 1 procedures, 6 locations, 6 edges, 0 initial locations, 0 loop locations, and 1 error locations.
[2026-06-06 15:15:47,808 INFO  L139     LargeBlockEncoding]: LargeBlockEncoding completed in 4 ms, with 1 straightline sequential compositions, 0 parallel compositions, 0 1:n/n:1 sequential compositions and 0 complex sequential compositions.
[2026-06-06 15:15:47,808 INFO  L307             CfgBuilder]: Using the 1 location(s) as analysis (start of procedure ULTIMATE.start)
[2026-06-06 15:15:47,808 INFO  L312             CfgBuilder]: Removed 1 assume(true) statements.
[2026-06-06 15:15:47,809 INFO  L314             CfgBuilder]: Constructed ICFG has 1 procedures, 5 locations, 5 edges, 1 initial locations, 0 loop locations, and 1 error locations.
[2026-06-06 15:15:47,809 INFO  L201        PluginConnector]: Adding new model diamond2.i_4.bpl de.uni_freiburg.informatik.ultimate.plugins.generator.rcfgbuilder CFG 06.06 03:15:47 BoogieIcfgContainer
[2026-06-06 15:15:47,809 INFO  L131        PluginConnector]: ------------------------ END RCFGBuilder----------------------------
[2026-06-06 15:15:47,810 INFO  L112        PluginConnector]: ------------------------TraceAbstraction----------------------------
[2026-06-06 15:15:47,810 INFO  L270        PluginConnector]: Initializing TraceAbstraction...
[2026-06-06 15:15:47,811 INFO  L274        PluginConnector]: TraceAbstraction initialized
[2026-06-06 15:15:47,811 INFO  L184        PluginConnector]: Executing the observer TraceAbstractionObserver from plugin TraceAbstraction for "diamond2.i_4.bpl de.uni_freiburg.informatik.ultimate.boogie.parser AST 06.06 03:15:47" (1/2) ...
[2026-06-06 15:15:47,811 INFO  L204        PluginConnector]: Invalid model from TraceAbstraction for observer de.uni_freiburg.informatik.ultimate.plugins.generator.traceabstraction.TraceAbstractionObserver@7327e65d and model type diamond2.i_4.bpl de.uni_freiburg.informatik.ultimate.plugins.generator.traceabstraction AST 06.06 03:15:47, skipping insertion in model container
[2026-06-06 15:15:47,812 INFO  L184        PluginConnector]: Executing the observer TraceAbstractionObserver from plugin TraceAbstraction for "diamond2.i_4.bpl de.uni_freiburg.informatik.ultimate.plugins.generator.rcfgbuilder CFG 06.06 03:15:47" (2/2) ...
[2026-06-06 15:15:47,812 INFO  L128   eAbstractionObserver]: Analyzing ICFG diamond2.i_4.bpl
[2026-06-06 15:15:47,817 INFO  L217   ceAbstractionStarter]: Automizer settings: Hoare:None NWA Interpolation:ForwardPredicates Determinization: PREDICATE_ABSTRACTION
[2026-06-06 15:15:47,818 INFO  L151   ceAbstractionStarter]: Applying trace abstraction to ICFG diamond2.i_4.bpl that has 1 procedures, 5 locations, 5 edges, 1 initial locations, 0 loop locations, and 1 error locations.
[2026-06-06 15:15:47,832 INFO  L344      AbstractCegarLoop]: ======== Iteration 0 == of CEGAR loop == AllErrorsAtOnce ========
[2026-06-06 15:15:47,836 INFO  L345      AbstractCegarLoop]: Settings: SEPARATE_VIOLATION_CHECK=true, mInterprocedural=true, mMaxIterations=1000000, mWatchIteration=1000000, mArtifact=RCFG, mInterpolation=ForwardPredicates, mInterpolantAutomaton=STRAIGHT_LINE, mDumpAutomata=false, mAutomataFormat=ATS_NUMERATE, mDumpPath=., mDeterminiation=PREDICATE_ABSTRACTION, mMinimize=MINIMIZE_SEVPA, mAutomataTypeConcurrency=FINITE_AUTOMATA, mHoareTripleChecks=INCREMENTAL, mHoareAnnotationPositions=None, mDumpOnlyReuseAutomata=false, mLimitTraceHistogram=0, mErrorLocTimeLimit=0, mLimitPathProgramCount=0, mCollectInterpolantStatistics=true, mHeuristicEmptinessCheck=false, mHeuristicEmptinessCheckAStarHeuristic=ZERO, mHeuristicEmptinessCheckAStarHeuristicRandomSeed=1337, mHeuristicEmptinessCheckSmtFeatureScoringMethod=DAGSIZE, mSMTFeatureExtraction=false, mSMTFeatureExtractionDumpPath=., mOverrideInterpolantAutomaton=false, mMcrInterpolantMethod=WP, mPorIndependenceSettings=[Lde.uni_freiburg.informatik.ultimate.lib.tracecheckerutils.partialorder.independence.IndependenceSettings;@3dddc813, mLbeIndependenceSettings=[IndependenceType=SEMANTIC, AbstractionType=NONE, UseConditional=false, UseSemiCommutativity=true, Solver=Z3, SolverTimeout=1000ms], mThreadLimit=16, mParallelCegarLoop=true, mConsiderOnlyActiveCounterexamplesInIsEmptyParallel=true, mMinimizeAbstractionPerWorker=true, mSearchLoopBound=-1, mParallelTraceSearchSelectionMode=ADAPTIVE_BATCH_LCPS, mParallelTraceSearchUseInitialBfs=true, mParallelTraceSearchTrackStalePrefixes=true, mBatchLcpsCandidateMultiplier=4, mBatchLcpsCandidateCap=32, mAdaptiveBatchTriggerMode=THREADS_GE_4_FIRST_FILL, mAdaptiveBatchMinAvailableSlots=2
[2026-06-06 15:15:47,837 INFO  L346      AbstractCegarLoop]: Starting to check reachability of 1 error locations.
[2026-06-06 15:15:47,837 INFO  L290                IsEmpty]: Start isEmpty. Operand  has 5 states, 3 states have (on average 1.6666666666666667) internal successors, (5), 4 states have internal predecessors, (5), 0 states have call successors, (0), 0 states have call predecessors, (0), 0 states have return successors, (0), 0 states have call predecessors, (0), 0 states have call successors, (0)
[2026-06-06 15:15:47,839 INFO  L300                IsEmpty]: Finished isEmpty. Found accepting run of length 4
[2026-06-06 15:15:47,839 INFO  L199           NwaCegarLoop]: Found error trace
[2026-06-06 15:15:47,839 INFO  L207           NwaCegarLoop]: trace histogram [1, 1, 1]
[2026-06-06 15:15:47,840 INFO  L173          SolverBuilder]: Constructing external solver with command: z3 SMTLIB2_COMPLIANT=true -memory:1024 -smt2 -in -t:12000
[2026-06-06 15:15:47,842 INFO  L189       MonitoredProcess]: No working directory specified, using /usr/bin/z3
[2026-06-06 15:15:47,844 INFO  L229       MonitoredProcess]: Starting monitored process 2 with /usr/bin/z3 SMTLIB2_COMPLIANT=true -memory:1024 -smt2 -in -t:12000 (exit command is (exit), workingDir is null)
[2026-06-06 15:15:47,844 INFO  L327       MonitoredProcess]: [MP /usr/bin/z3 SMTLIB2_COMPLIANT=true -memory:1024 -smt2 -in -t:12000 (2)] Waiting until timeout for monitored process
[2026-06-06 15:15:47,856 WARN  L330   ript$VariableManager]: TermVariable v_ULTIMATE.start___VERIFIER_assert_~cond_3 not constructed by VariableManager. Cannot ensure absence of name clashes.
[2026-06-06 15:15:47,856 WARN  L330   ript$VariableManager]: TermVariable |v_ULTIMATE.start___VERIFIER_assert_#in~cond_2| not constructed by VariableManager. Cannot ensure absence of name clashes.
[2026-06-06 15:15:47,857 INFO  L173          SolverBuilder]: Constructing external solver with command: z3 SMTLIB2_COMPLIANT=true -memory:1024 -smt2 -in -t:12000
[2026-06-06 15:15:47,857 INFO  L196   CegarNwaWorkerThread]: WorkerThread: Thread[#80,pool-1-thread-1,5,main] is Waiting for a Task
[2026-06-06 15:15:47,860 INFO  L189       MonitoredProcess]: No working directory specified, using /usr/bin/z3
[2026-06-06 15:15:47,862 INFO  L229       MonitoredProcess]: Starting monitored process 3 with /usr/bin/z3 SMTLIB2_COMPLIANT=true -memory:1024 -smt2 -in -t:12000 (exit command is (exit), workingDir is null)
[2026-06-06 15:15:47,862 INFO  L327       MonitoredProcess]: [MP /usr/bin/z3 SMTLIB2_COMPLIANT=true -memory:1024 -smt2 -in -t:12000 (3)] Waiting until timeout for monitored process
[2026-06-06 15:15:47,871 WARN  L330   ript$VariableManager]: TermVariable v_ULTIMATE.start___VERIFIER_assert_~cond_3 not constructed by VariableManager. Cannot ensure absence of name clashes.
[2026-06-06 15:15:47,871 WARN  L330   ript$VariableManager]: TermVariable |v_ULTIMATE.start___VERIFIER_assert_#in~cond_2| not constructed by VariableManager. Cannot ensure absence of name clashes.
[2026-06-06 15:15:47,872 INFO  L173          SolverBuilder]: Constructing external solver with command: z3 SMTLIB2_COMPLIANT=true -memory:1024 -smt2 -in -t:12000
[2026-06-06 15:15:47,872 INFO  L196   CegarNwaWorkerThread]: WorkerThread: Thread[#89,pool-1-thread-2,5,main] is Waiting for a Task
[2026-06-06 15:15:47,874 INFO  L189       MonitoredProcess]: No working directory specified, using /usr/bin/z3
[2026-06-06 15:15:47,875 INFO  L229       MonitoredProcess]: Starting monitored process 4 with /usr/bin/z3 SMTLIB2_COMPLIANT=true -memory:1024 -smt2 -in -t:12000 (exit command is (exit), workingDir is null)
[2026-06-06 15:15:47,876 INFO  L327       MonitoredProcess]: [MP /usr/bin/z3 SMTLIB2_COMPLIANT=true -memory:1024 -smt2 -in -t:12000 (4)] Waiting until timeout for monitored process
[2026-06-06 15:15:47,883 WARN  L330   ript$VariableManager]: TermVariable v_ULTIMATE.start___VERIFIER_assert_~cond_3 not constructed by VariableManager. Cannot ensure absence of name clashes.
[2026-06-06 15:15:47,883 WARN  L330   ript$VariableManager]: TermVariable |v_ULTIMATE.start___VERIFIER_assert_#in~cond_2| not constructed by VariableManager. Cannot ensure absence of name clashes.
[2026-06-06 15:15:47,884 INFO  L173          SolverBuilder]: Constructing external solver with command: z3 SMTLIB2_COMPLIANT=true -memory:1024 -smt2 -in -t:12000
[2026-06-06 15:15:47,884 INFO  L196   CegarNwaWorkerThread]: WorkerThread: Thread[#95,pool-1-thread-3,5,main] is Waiting for a Task
[2026-06-06 15:15:47,886 INFO  L189       MonitoredProcess]: No working directory specified, using /usr/bin/z3
[2026-06-06 15:15:47,887 INFO  L229       MonitoredProcess]: Starting monitored process 5 with /usr/bin/z3 SMTLIB2_COMPLIANT=true -memory:1024 -smt2 -in -t:12000 (exit command is (exit), workingDir is null)
[2026-06-06 15:15:47,888 INFO  L327       MonitoredProcess]: [MP /usr/bin/z3 SMTLIB2_COMPLIANT=true -memory:1024 -smt2 -in -t:12000 (5)] Waiting until timeout for monitored process
[2026-06-06 15:15:47,895 WARN  L330   ript$VariableManager]: TermVariable v_ULTIMATE.start___VERIFIER_assert_~cond_3 not constructed by VariableManager. Cannot ensure absence of name clashes.
[2026-06-06 15:15:47,895 WARN  L330   ript$VariableManager]: TermVariable |v_ULTIMATE.start___VERIFIER_assert_#in~cond_2| not constructed by VariableManager. Cannot ensure absence of name clashes.
[2026-06-06 15:15:47,896 INFO  L173          SolverBuilder]: Constructing external solver with command: z3 SMTLIB2_COMPLIANT=true -memory:1024 -smt2 -in -t:12000
[2026-06-06 15:15:47,896 INFO  L196   CegarNwaWorkerThread]: WorkerThread: Thread[#101,pool-1-thread-4,5,main] is Waiting for a Task
[2026-06-06 15:15:47,898 INFO  L189       MonitoredProcess]: No working directory specified, using /usr/bin/z3
[2026-06-06 15:15:47,899 INFO  L229       MonitoredProcess]: Starting monitored process 6 with /usr/bin/z3 SMTLIB2_COMPLIANT=true -memory:1024 -smt2 -in -t:12000 (exit command is (exit), workingDir is null)
[2026-06-06 15:15:47,900 INFO  L327       MonitoredProcess]: [MP /usr/bin/z3 SMTLIB2_COMPLIANT=true -memory:1024 -smt2 -in -t:12000 (6)] Waiting until timeout for monitored process
[2026-06-06 15:15:47,909 WARN  L330   ript$VariableManager]: TermVariable v_ULTIMATE.start___VERIFIER_assert_~cond_3 not constructed by VariableManager. Cannot ensure absence of name clashes.
[2026-06-06 15:15:47,909 WARN  L330   ript$VariableManager]: TermVariable |v_ULTIMATE.start___VERIFIER_assert_#in~cond_2| not constructed by VariableManager. Cannot ensure absence of name clashes.
[2026-06-06 15:15:47,910 INFO  L173          SolverBuilder]: Constructing external solver with command: z3 SMTLIB2_COMPLIANT=true -memory:1024 -smt2 -in -t:12000
[2026-06-06 15:15:47,910 INFO  L196   CegarNwaWorkerThread]: WorkerThread: Thread[#107,pool-1-thread-5,5,main] is Waiting for a Task
[2026-06-06 15:15:47,912 INFO  L189       MonitoredProcess]: No working directory specified, using /usr/bin/z3
[2026-06-06 15:15:47,913 INFO  L229       MonitoredProcess]: Starting monitored process 7 with /usr/bin/z3 SMTLIB2_COMPLIANT=true -memory:1024 -smt2 -in -t:12000 (exit command is (exit), workingDir is null)
[2026-06-06 15:15:47,913 INFO  L327       MonitoredProcess]: [MP /usr/bin/z3 SMTLIB2_COMPLIANT=true -memory:1024 -smt2 -in -t:12000 (7)] Waiting until timeout for monitored process
[2026-06-06 15:15:47,922 WARN  L330   ript$VariableManager]: TermVariable v_ULTIMATE.start___VERIFIER_assert_~cond_3 not constructed by VariableManager. Cannot ensure absence of name clashes.
[2026-06-06 15:15:47,922 WARN  L330   ript$VariableManager]: TermVariable |v_ULTIMATE.start___VERIFIER_assert_#in~cond_2| not constructed by VariableManager. Cannot ensure absence of name clashes.
[2026-06-06 15:15:47,923 INFO  L173          SolverBuilder]: Constructing external solver with command: z3 SMTLIB2_COMPLIANT=true -memory:1024 -smt2 -in -t:12000
[2026-06-06 15:15:47,923 INFO  L196   CegarNwaWorkerThread]: WorkerThread: Thread[#113,pool-1-thread-6,5,main] is Waiting for a Task
[2026-06-06 15:15:47,925 INFO  L189       MonitoredProcess]: No working directory specified, using /usr/bin/z3
[2026-06-06 15:15:47,926 INFO  L229       MonitoredProcess]: Starting monitored process 8 with /usr/bin/z3 SMTLIB2_COMPLIANT=true -memory:1024 -smt2 -in -t:12000 (exit command is (exit), workingDir is null)
[2026-06-06 15:15:47,927 INFO  L327       MonitoredProcess]: [MP /usr/bin/z3 SMTLIB2_COMPLIANT=true -memory:1024 -smt2 -in -t:12000 (8)] Waiting until timeout for monitored process
[2026-06-06 15:15:47,935 WARN  L330   ript$VariableManager]: TermVariable v_ULTIMATE.start___VERIFIER_assert_~cond_3 not constructed by VariableManager. Cannot ensure absence of name clashes.
[2026-06-06 15:15:47,935 WARN  L330   ript$VariableManager]: TermVariable |v_ULTIMATE.start___VERIFIER_assert_#in~cond_2| not constructed by VariableManager. Cannot ensure absence of name clashes.
[2026-06-06 15:15:47,936 INFO  L173          SolverBuilder]: Constructing external solver with command: z3 SMTLIB2_COMPLIANT=true -memory:1024 -smt2 -in -t:12000
[2026-06-06 15:15:47,936 INFO  L196   CegarNwaWorkerThread]: WorkerThread: Thread[#119,pool-1-thread-7,5,main] is Waiting for a Task
[2026-06-06 15:15:47,938 INFO  L189       MonitoredProcess]: No working directory specified, using /usr/bin/z3
[2026-06-06 15:15:47,939 INFO  L229       MonitoredProcess]: Starting monitored process 9 with /usr/bin/z3 SMTLIB2_COMPLIANT=true -memory:1024 -smt2 -in -t:12000 (exit command is (exit), workingDir is null)
[2026-06-06 15:15:47,940 INFO  L327       MonitoredProcess]: [MP /usr/bin/z3 SMTLIB2_COMPLIANT=true -memory:1024 -smt2 -in -t:12000 (9)] Waiting until timeout for monitored process
[2026-06-06 15:15:47,949 WARN  L330   ript$VariableManager]: TermVariable v_ULTIMATE.start___VERIFIER_assert_~cond_3 not constructed by VariableManager. Cannot ensure absence of name clashes.
[2026-06-06 15:15:47,949 WARN  L330   ript$VariableManager]: TermVariable |v_ULTIMATE.start___VERIFIER_assert_#in~cond_2| not constructed by VariableManager. Cannot ensure absence of name clashes.
[2026-06-06 15:15:47,949 INFO  L173          SolverBuilder]: Constructing external solver with command: z3 SMTLIB2_COMPLIANT=true -memory:1024 -smt2 -in -t:12000
[2026-06-06 15:15:47,949 INFO  L196   CegarNwaWorkerThread]: WorkerThread: Thread[#125,pool-1-thread-8,5,main] is Waiting for a Task
[2026-06-06 15:15:47,951 INFO  L189       MonitoredProcess]: No working directory specified, using /usr/bin/z3
[2026-06-06 15:15:47,952 INFO  L229       MonitoredProcess]: Starting monitored process 10 with /usr/bin/z3 SMTLIB2_COMPLIANT=true -memory:1024 -smt2 -in -t:12000 (exit command is (exit), workingDir is null)
[2026-06-06 15:15:47,953 INFO  L327       MonitoredProcess]: [MP /usr/bin/z3 SMTLIB2_COMPLIANT=true -memory:1024 -smt2 -in -t:12000 (10)] Waiting until timeout for monitored process
[2026-06-06 15:15:47,960 WARN  L330   ript$VariableManager]: TermVariable v_ULTIMATE.start___VERIFIER_assert_~cond_3 not constructed by VariableManager. Cannot ensure absence of name clashes.
[2026-06-06 15:15:47,961 WARN  L330   ript$VariableManager]: TermVariable |v_ULTIMATE.start___VERIFIER_assert_#in~cond_2| not constructed by VariableManager. Cannot ensure absence of name clashes.
[2026-06-06 15:15:47,961 INFO  L173          SolverBuilder]: Constructing external solver with command: z3 SMTLIB2_COMPLIANT=true -memory:1024 -smt2 -in -t:12000
[2026-06-06 15:15:47,961 INFO  L196   CegarNwaWorkerThread]: WorkerThread: Thread[#131,pool-1-thread-9,5,main] is Waiting for a Task
[2026-06-06 15:15:47,963 INFO  L189       MonitoredProcess]: No working directory specified, using /usr/bin/z3
[2026-06-06 15:15:47,965 INFO  L229       MonitoredProcess]: Starting monitored process 11 with /usr/bin/z3 SMTLIB2_COMPLIANT=true -memory:1024 -smt2 -in -t:12000 (exit command is (exit), workingDir is null)
[2026-06-06 15:15:47,965 INFO  L327       MonitoredProcess]: [MP /usr/bin/z3 SMTLIB2_COMPLIANT=true -memory:1024 -smt2 -in -t:12000 (11)] Waiting until timeout for monitored process
[2026-06-06 15:15:47,973 WARN  L330   ript$VariableManager]: TermVariable v_ULTIMATE.start___VERIFIER_assert_~cond_3 not constructed by VariableManager. Cannot ensure absence of name clashes.
[2026-06-06 15:15:47,973 WARN  L330   ript$VariableManager]: TermVariable |v_ULTIMATE.start___VERIFIER_assert_#in~cond_2| not constructed by VariableManager. Cannot ensure absence of name clashes.
[2026-06-06 15:15:47,974 INFO  L173          SolverBuilder]: Constructing external solver with command: z3 SMTLIB2_COMPLIANT=true -memory:1024 -smt2 -in -t:12000
[2026-06-06 15:15:47,974 INFO  L196   CegarNwaWorkerThread]: WorkerThread: Thread[#137,pool-1-thread-10,5,main] is Waiting for a Task
[2026-06-06 15:15:47,976 INFO  L189       MonitoredProcess]: No working directory specified, using /usr/bin/z3
[2026-06-06 15:15:47,977 INFO  L229       MonitoredProcess]: Starting monitored process 12 with /usr/bin/z3 SMTLIB2_COMPLIANT=true -memory:1024 -smt2 -in -t:12000 (exit command is (exit), workingDir is null)
[2026-06-06 15:15:47,978 INFO  L327       MonitoredProcess]: [MP /usr/bin/z3 SMTLIB2_COMPLIANT=true -memory:1024 -smt2 -in -t:12000 (12)] Waiting until timeout for monitored process
[2026-06-06 15:15:47,985 WARN  L330   ript$VariableManager]: TermVariable v_ULTIMATE.start___VERIFIER_assert_~cond_3 not constructed by VariableManager. Cannot ensure absence of name clashes.
[2026-06-06 15:15:47,985 WARN  L330   ript$VariableManager]: TermVariable |v_ULTIMATE.start___VERIFIER_assert_#in~cond_2| not constructed by VariableManager. Cannot ensure absence of name clashes.
[2026-06-06 15:15:47,986 INFO  L173          SolverBuilder]: Constructing external solver with command: z3 SMTLIB2_COMPLIANT=true -memory:1024 -smt2 -in -t:12000
[2026-06-06 15:15:47,986 INFO  L196   CegarNwaWorkerThread]: WorkerThread: Thread[#143,pool-1-thread-11,5,main] is Waiting for a Task
[2026-06-06 15:15:47,987 INFO  L189       MonitoredProcess]: No working directory specified, using /usr/bin/z3
[2026-06-06 15:15:47,988 INFO  L229       MonitoredProcess]: Starting monitored process 13 with /usr/bin/z3 SMTLIB2_COMPLIANT=true -memory:1024 -smt2 -in -t:12000 (exit command is (exit), workingDir is null)
[2026-06-06 15:15:47,989 INFO  L327       MonitoredProcess]: [MP /usr/bin/z3 SMTLIB2_COMPLIANT=true -memory:1024 -smt2 -in -t:12000 (13)] Waiting until timeout for monitored process
[2026-06-06 15:15:47,999 WARN  L330   ript$VariableManager]: TermVariable v_ULTIMATE.start___VERIFIER_assert_~cond_3 not constructed by VariableManager. Cannot ensure absence of name clashes.
[2026-06-06 15:15:47,999 WARN  L330   ript$VariableManager]: TermVariable |v_ULTIMATE.start___VERIFIER_assert_#in~cond_2| not constructed by VariableManager. Cannot ensure absence of name clashes.
[2026-06-06 15:15:48,000 INFO  L196   CegarNwaWorkerThread]: WorkerThread: Thread[#149,pool-1-thread-12,5,main] is Waiting for a Task
[2026-06-06 15:15:48,000 INFO  L173          SolverBuilder]: Constructing external solver with command: z3 SMTLIB2_COMPLIANT=true -memory:1024 -smt2 -in -t:12000
[2026-06-06 15:15:48,002 INFO  L189       MonitoredProcess]: No working directory specified, using /usr/bin/z3
[2026-06-06 15:15:48,003 INFO  L229       MonitoredProcess]: Starting monitored process 14 with /usr/bin/z3 SMTLIB2_COMPLIANT=true -memory:1024 -smt2 -in -t:12000 (exit command is (exit), workingDir is null)
[2026-06-06 15:15:48,004 INFO  L327       MonitoredProcess]: [MP /usr/bin/z3 SMTLIB2_COMPLIANT=true -memory:1024 -smt2 -in -t:12000 (14)] Waiting until timeout for monitored process
[2026-06-06 15:15:48,013 WARN  L330   ript$VariableManager]: TermVariable v_ULTIMATE.start___VERIFIER_assert_~cond_3 not constructed by VariableManager. Cannot ensure absence of name clashes.
[2026-06-06 15:15:48,013 WARN  L330   ript$VariableManager]: TermVariable |v_ULTIMATE.start___VERIFIER_assert_#in~cond_2| not constructed by VariableManager. Cannot ensure absence of name clashes.
[2026-06-06 15:15:48,014 INFO  L173          SolverBuilder]: Constructing external solver with command: z3 SMTLIB2_COMPLIANT=true -memory:1024 -smt2 -in -t:12000
[2026-06-06 15:15:48,014 INFO  L196   CegarNwaWorkerThread]: WorkerThread: Thread[#155,pool-1-thread-13,5,main] is Waiting for a Task
[2026-06-06 15:15:48,016 INFO  L189       MonitoredProcess]: No working directory specified, using /usr/bin/z3
[2026-06-06 15:15:48,017 INFO  L229       MonitoredProcess]: Starting monitored process 15 with /usr/bin/z3 SMTLIB2_COMPLIANT=true -memory:1024 -smt2 -in -t:12000 (exit command is (exit), workingDir is null)
[2026-06-06 15:15:48,017 INFO  L327       MonitoredProcess]: [MP /usr/bin/z3 SMTLIB2_COMPLIANT=true -memory:1024 -smt2 -in -t:12000 (15)] Waiting until timeout for monitored process
[2026-06-06 15:15:48,024 WARN  L330   ript$VariableManager]: TermVariable v_ULTIMATE.start___VERIFIER_assert_~cond_3 not constructed by VariableManager. Cannot ensure absence of name clashes.
[2026-06-06 15:15:48,024 WARN  L330   ript$VariableManager]: TermVariable |v_ULTIMATE.start___VERIFIER_assert_#in~cond_2| not constructed by VariableManager. Cannot ensure absence of name clashes.
[2026-06-06 15:15:48,025 INFO  L173          SolverBuilder]: Constructing external solver with command: z3 SMTLIB2_COMPLIANT=true -memory:1024 -smt2 -in -t:12000
[2026-06-06 15:15:48,025 INFO  L196   CegarNwaWorkerThread]: WorkerThread: Thread[#161,pool-1-thread-14,5,main] is Waiting for a Task
[2026-06-06 15:15:48,027 INFO  L189       MonitoredProcess]: No working directory specified, using /usr/bin/z3
[2026-06-06 15:15:48,028 INFO  L229       MonitoredProcess]: Starting monitored process 16 with /usr/bin/z3 SMTLIB2_COMPLIANT=true -memory:1024 -smt2 -in -t:12000 (exit command is (exit), workingDir is null)
[2026-06-06 15:15:48,029 INFO  L327       MonitoredProcess]: [MP /usr/bin/z3 SMTLIB2_COMPLIANT=true -memory:1024 -smt2 -in -t:12000 (16)] Waiting until timeout for monitored process
[2026-06-06 15:15:48,036 WARN  L330   ript$VariableManager]: TermVariable v_ULTIMATE.start___VERIFIER_assert_~cond_3 not constructed by VariableManager. Cannot ensure absence of name clashes.
[2026-06-06 15:15:48,036 WARN  L330   ript$VariableManager]: TermVariable |v_ULTIMATE.start___VERIFIER_assert_#in~cond_2| not constructed by VariableManager. Cannot ensure absence of name clashes.
[2026-06-06 15:15:48,037 INFO  L173          SolverBuilder]: Constructing external solver with command: z3 SMTLIB2_COMPLIANT=true -memory:1024 -smt2 -in -t:12000
[2026-06-06 15:15:48,037 INFO  L196   CegarNwaWorkerThread]: WorkerThread: Thread[#167,pool-1-thread-15,5,main] is Waiting for a Task
[2026-06-06 15:15:48,039 INFO  L189       MonitoredProcess]: No working directory specified, using /usr/bin/z3
[2026-06-06 15:15:48,040 INFO  L229       MonitoredProcess]: Starting monitored process 17 with /usr/bin/z3 SMTLIB2_COMPLIANT=true -memory:1024 -smt2 -in -t:12000 (exit command is (exit), workingDir is null)
[2026-06-06 15:15:48,041 INFO  L327       MonitoredProcess]: [MP /usr/bin/z3 SMTLIB2_COMPLIANT=true -memory:1024 -smt2 -in -t:12000 (17)] Waiting until timeout for monitored process
[2026-06-06 15:15:48,047 WARN  L330   ript$VariableManager]: TermVariable v_ULTIMATE.start___VERIFIER_assert_~cond_3 not constructed by VariableManager. Cannot ensure absence of name clashes.
[2026-06-06 15:15:48,047 WARN  L330   ript$VariableManager]: TermVariable |v_ULTIMATE.start___VERIFIER_assert_#in~cond_2| not constructed by VariableManager. Cannot ensure absence of name clashes.
[2026-06-06 15:15:48,048 INFO  L196   CegarNwaWorkerThread]: WorkerThread: Thread[#173,pool-1-thread-16,5,main] is Waiting for a Task
[2026-06-06 15:15:48,049 INFO  L86        PathProgramCache]: Analyzing trace with hash 29955, now seen corresponding path program 1 times
[2026-06-06 15:15:48,049 INFO  L637   ParallelNwaCegarLoop]: Main: Starting Thread
[2026-06-06 15:15:48,049 INFO  L287   ParallelNwaCegarLoop]: === Iteration 1 ===
[2026-06-06 15:15:48,049 INFO  L340   ParallelNwaCegarLoop]: No more worker results to process
[2026-06-06 15:15:48,049 INFO  L290                IsEmpty]: Start isEmptyParallel. Operand  has 5 states, 3 states have (on average 1.6666666666666667) internal successors, (5), 4 states have internal predecessors, (5), 0 states have call successors, (0), 0 states have call predecessors, (0), 0 states have return successors, (0), 0 states have call predecessors, (0), 0 states have call successors, (0)
[2026-06-06 15:15:48,049 INFO  L300                IsEmpty]: Finished isEmptyParallel. No accepting run.
[2026-06-06 15:15:48,049 INFO  L156        IsEmptyParallel]: Start isEmptyParallel. Operand  has 5 states, 3 states have (on average 1.6666666666666667) internal successors, (5), 4 states have internal predecessors, (5), 0 states have call successors, (0), 0 states have call predecessors, (0), 0 states have return successors, (0), 0 states have call predecessors, (0), 0 states have call successors, (0)
[2026-06-06 15:15:48,050 INFO  L209   CegarNwaWorkerThread]: Starting Thread: 80# for Trace Check: 29955
[2026-06-06 15:15:48,052 INFO  L182       IsEmptyHeuristic]: Start isEmptyHeuristic. Operand  has 5 states, 3 states have (on average 1.6666666666666667) internal successors, (5), 4 states have internal predecessors, (5), 0 states have call successors, (0), 0 states have call predecessors, (0), 0 states have return successors, (0), 0 states have call predecessors, (0), 0 states have call successors, (0)
[2026-06-06 15:15:48,052 INFO  L156       PredicateUnifier]: Initialized classic predicate unifier
[2026-06-06 15:15:48,052 INFO  L86        PathProgramCache]: Analyzing trace with hash 29955, now seen corresponding path program 1 times
[2026-06-06 15:15:48,053 INFO  L188       IsEmptyHeuristic]: Finished isEmptyHeuristic. Found accepting run of length 6
[2026-06-06 15:15:48,053 INFO  L163        IsEmptyParallel]: Finished isEmptyParallel. Found accepting run of length 6
[2026-06-06 15:15:48,053 WARN  L753                IsEmpty]: Correctness of emptinessCheck not tested.
[2026-06-06 15:15:48,055 INFO  L79                 Accepts]: Start accepts. Automaton has  has 5 states, 3 states have (on average 1.6666666666666667) internal successors, (5), 4 states have internal predecessors, (5), 0 states have call successors, (0), 0 states have call predecessors, (0), 0 states have return successors, (0), 0 states have call predecessors, (0), 0 states have call successors, (0) Word has length 5
[2026-06-06 15:15:48,055 INFO  L85                 Accepts]: Finished accepts. word is accepted.
[2026-06-06 15:15:48,055 INFO  L757                IsEmpty]: Finished testing correctness of emptinessCheck
[2026-06-06 15:15:48,055 INFO  L118   FreeRefinementEngine]: Executing refinement strategy CAMEL
[2026-06-06 15:15:48,055 INFO  L290                IsEmpty]: Start isEmptyParallel. Operand  has 5 states, 3 states have (on average 1.6666666666666667) internal successors, (5), 4 states have internal predecessors, (5), 0 states have call successors, (0), 0 states have call predecessors, (0), 0 states have return successors, (0), 0 states have call predecessors, (0), 0 states have call successors, (0)
[2026-06-06 15:15:48,055 INFO  L324   FreeRefinementEngine]: Using trace check IpTcStrategyModuleSmtInterpolCraig [238861395]
[2026-06-06 15:15:48,055 INFO  L300                IsEmpty]: Finished isEmptyParallel. No accepting run.
[2026-06-06 15:15:48,055 INFO  L156        IsEmptyParallel]: Start isEmptyParallel. Operand  has 5 states, 3 states have (on average 1.6666666666666667) internal successors, (5), 4 states have internal predecessors, (5), 0 states have call successors, (0), 0 states have call predecessors, (0), 0 states have return successors, (0), 0 states have call predecessors, (0), 0 states have call successors, (0)
[2026-06-06 15:15:48,055 INFO  L97    rtionOrderModulation]: Keeping assertion order NOT_INCREMENTALLY
[2026-06-06 15:15:48,055 INFO  L182       IsEmptyHeuristic]: Start isEmptyHeuristic. Operand  has 5 states, 3 states have (on average 1.6666666666666667) internal successors, (5), 4 states have internal predecessors, (5), 0 states have call successors, (0), 0 states have call predecessors, (0), 0 states have return successors, (0), 0 states have call predecessors, (0), 0 states have call successors, (0)
[2026-06-06 15:15:48,056 INFO  L127          SolverBuilder]: Constructing new instance of SMTInterpol with explicit timeout -1 ms and remaining time -1 ms
[2026-06-06 15:15:48,056 INFO  L188       IsEmptyHeuristic]: Finished isEmptyHeuristic. No accepting run.
[2026-06-06 15:15:48,056 INFO  L182       IsEmptyHeuristic]: Start isEmptyHeuristic. Operand  has 5 states, 3 states have (on average 1.6666666666666667) internal successors, (5), 4 states have internal predecessors, (5), 0 states have call successors, (0), 0 states have call predecessors, (0), 0 states have return successors, (0), 0 states have call predecessors, (0), 0 states have call successors, (0)
[2026-06-06 15:15:48,056 INFO  L188       IsEmptyHeuristic]: Finished isEmptyHeuristic. Found accepting run of length 5
[2026-06-06 15:15:48,056 INFO  L163        IsEmptyParallel]: Finished isEmptyParallel. Found accepting run of length 5
[2026-06-06 15:15:48,056 WARN  L753                IsEmpty]: Correctness of emptinessCheck not tested.
[2026-06-06 15:15:48,056 INFO  L79                 Accepts]: Start accepts. Automaton has  has 5 states, 3 states have (on average 1.6666666666666667) internal successors, (5), 4 states have internal predecessors, (5), 0 states have call successors, (0), 0 states have call predecessors, (0), 0 states have return successors, (0), 0 states have call predecessors, (0), 0 states have call successors, (0) Word has length 4
[2026-06-06 15:15:48,056 INFO  L85                 Accepts]: Finished accepts. word is accepted.
[2026-06-06 15:15:48,056 INFO  L757                IsEmpty]: Finished testing correctness of emptinessCheck
[2026-06-06 15:15:48,056 INFO  L290                IsEmpty]: Start isEmptyParallel. Operand  has 5 states, 3 states have (on average 1.6666666666666667) internal successors, (5), 4 states have internal predecessors, (5), 0 states have call successors, (0), 0 states have call predecessors, (0), 0 states have return successors, (0), 0 states have call predecessors, (0), 0 states have call successors, (0)
[2026-06-06 15:15:48,056 INFO  L300                IsEmpty]: Finished isEmptyParallel. No accepting run.
[2026-06-06 15:15:48,056 INFO  L156        IsEmptyParallel]: Start isEmptyParallel. Operand  has 5 states, 3 states have (on average 1.6666666666666667) internal successors, (5), 4 states have internal predecessors, (5), 0 states have call successors, (0), 0 states have call predecessors, (0), 0 states have return successors, (0), 0 states have call predecessors, (0), 0 states have call successors, (0)
[2026-06-06 15:15:48,056 INFO  L182       IsEmptyHeuristic]: Start isEmptyHeuristic. Operand  has 5 states, 3 states have (on average 1.6666666666666667) internal successors, (5), 4 states have internal predecessors, (5), 0 states have call successors, (0), 0 states have call predecessors, (0), 0 states have return successors, (0), 0 states have call predecessors, (0), 0 states have call successors, (0)
[2026-06-06 15:15:48,056 INFO  L188       IsEmptyHeuristic]: Finished isEmptyHeuristic. No accepting run.
[2026-06-06 15:15:48,056 INFO  L182       IsEmptyHeuristic]: Start isEmptyHeuristic. Operand  has 5 states, 3 states have (on average 1.6666666666666667) internal successors, (5), 4 states have internal predecessors, (5), 0 states have call successors, (0), 0 states have call predecessors, (0), 0 states have return successors, (0), 0 states have call predecessors, (0), 0 states have call successors, (0)
[2026-06-06 15:15:48,056 INFO  L188       IsEmptyHeuristic]: Finished isEmptyHeuristic. No accepting run.
[2026-06-06 15:15:48,056 INFO  L182       IsEmptyHeuristic]: Start isEmptyHeuristic. Operand  has 5 states, 3 states have (on average 1.6666666666666667) internal successors, (5), 4 states have internal predecessors, (5), 0 states have call successors, (0), 0 states have call predecessors, (0), 0 states have return successors, (0), 0 states have call predecessors, (0), 0 states have call successors, (0)
[2026-06-06 15:15:48,056 INFO  L188       IsEmptyHeuristic]: Finished isEmptyHeuristic. Found accepting run of length 8
[2026-06-06 15:15:48,056 INFO  L163        IsEmptyParallel]: Finished isEmptyParallel. Found accepting run of length 8
[2026-06-06 15:15:48,057 WARN  L753                IsEmpty]: Correctness of emptinessCheck not tested.
[2026-06-06 15:15:48,057 INFO  L79                 Accepts]: Start accepts. Automaton has  has 5 states, 3 states have (on average 1.6666666666666667) internal successors, (5), 4 states have internal predecessors, (5), 0 states have call successors, (0), 0 states have call predecessors, (0), 0 states have return successors, (0), 0 states have call predecessors, (0), 0 states have call successors, (0) Word has length 7
[2026-06-06 15:15:48,057 INFO  L85                 Accepts]: Finished accepts. word is accepted.
[2026-06-06 15:15:48,057 INFO  L757                IsEmpty]: Finished testing correctness of emptinessCheck
[2026-06-06 15:15:48,057 INFO  L290                IsEmpty]: Start isEmptyParallel. Operand  has 5 states, 3 states have (on average 1.6666666666666667) internal successors, (5), 4 states have internal predecessors, (5), 0 states have call successors, (0), 0 states have call predecessors, (0), 0 states have return successors, (0), 0 states have call predecessors, (0), 0 states have call successors, (0)
[2026-06-06 15:15:48,057 INFO  L300                IsEmpty]: Finished isEmptyParallel. No accepting run.
[2026-06-06 15:15:48,057 INFO  L156        IsEmptyParallel]: Start isEmptyParallel. Operand  has 5 states, 3 states have (on average 1.6666666666666667) internal successors, (5), 4 states have internal predecessors, (5), 0 states have call successors, (0), 0 states have call predecessors, (0), 0 states have return successors, (0), 0 states have call predecessors, (0), 0 states have call successors, (0)
[2026-06-06 15:15:48,057 INFO  L182       IsEmptyHeuristic]: Start isEmptyHeuristic. Operand  has 5 states, 3 states have (on average 1.6666666666666667) internal successors, (5), 4 states have internal predecessors, (5), 0 states have call successors, (0), 0 states have call predecessors, (0), 0 states have return successors, (0), 0 states have call predecessors, (0), 0 states have call successors, (0)
[2026-06-06 15:15:48,057 INFO  L188       IsEmptyHeuristic]: Finished isEmptyHeuristic. No accepting run.
[2026-06-06 15:15:48,057 INFO  L182       IsEmptyHeuristic]: Start isEmptyHeuristic. Operand  has 5 states, 3 states have (on average 1.6666666666666667) internal successors, (5), 4 states have internal predecessors, (5), 0 states have call successors, (0), 0 states have call predecessors, (0), 0 states have return successors, (0), 0 states have call predecessors, (0), 0 states have call successors, (0)
[2026-06-06 15:15:48,057 INFO  L188       IsEmptyHeuristic]: Finished isEmptyHeuristic. No accepting run.
[2026-06-06 15:15:48,057 INFO  L182       IsEmptyHeuristic]: Start isEmptyHeuristic. Operand  has 5 states, 3 states have (on average 1.6666666666666667) internal successors, (5), 4 states have internal predecessors, (5), 0 states have call successors, (0), 0 states have call predecessors, (0), 0 states have return successors, (0), 0 states have call predecessors, (0), 0 states have call successors, (0)
[2026-06-06 15:15:48,057 INFO  L188       IsEmptyHeuristic]: Finished isEmptyHeuristic. No accepting run.
[2026-06-06 15:15:48,057 INFO  L182       IsEmptyHeuristic]: Start isEmptyHeuristic. Operand  has 5 states, 3 states have (on average 1.6666666666666667) internal successors, (5), 4 states have internal predecessors, (5), 0 states have call successors, (0), 0 states have call predecessors, (0), 0 states have return successors, (0), 0 states have call predecessors, (0), 0 states have call successors, (0)
[2026-06-06 15:15:48,057 INFO  L188       IsEmptyHeuristic]: Finished isEmptyHeuristic. Found accepting run of length 7
[2026-06-06 15:15:48,057 INFO  L163        IsEmptyParallel]: Finished isEmptyParallel. Found accepting run of length 7
[2026-06-06 15:15:48,057 WARN  L753                IsEmpty]: Correctness of emptinessCheck not tested.
[2026-06-06 15:15:48,057 INFO  L79                 Accepts]: Start accepts. Automaton has  has 5 states, 3 states have (on average 1.6666666666666667) internal successors, (5), 4 states have internal predecessors, (5), 0 states have call successors, (0), 0 states have call predecessors, (0), 0 states have return successors, (0), 0 states have call predecessors, (0), 0 states have call successors, (0) Word has length 6
[2026-06-06 15:15:48,057 INFO  L85                 Accepts]: Finished accepts. word is accepted.
[2026-06-06 15:15:48,057 INFO  L757                IsEmpty]: Finished testing correctness of emptinessCheck
[2026-06-06 15:15:48,057 INFO  L290                IsEmpty]: Start isEmptyParallel. Operand  has 5 states, 3 states have (on average 1.6666666666666667) internal successors, (5), 4 states have internal predecessors, (5), 0 states have call successors, (0), 0 states have call predecessors, (0), 0 states have return successors, (0), 0 states have call predecessors, (0), 0 states have call successors, (0)
[2026-06-06 15:15:48,057 INFO  L300                IsEmpty]: Finished isEmptyParallel. No accepting run.
[2026-06-06 15:15:48,057 INFO  L156        IsEmptyParallel]: Start isEmptyParallel. Operand  has 5 states, 3 states have (on average 1.6666666666666667) internal successors, (5), 4 states have internal predecessors, (5), 0 states have call successors, (0), 0 states have call predecessors, (0), 0 states have return successors, (0), 0 states have call predecessors, (0), 0 states have call successors, (0)
[2026-06-06 15:15:48,057 INFO  L182       IsEmptyHeuristic]: Start isEmptyHeuristic. Operand  has 5 states, 3 states have (on average 1.6666666666666667) internal successors, (5), 4 states have internal predecessors, (5), 0 states have call successors, (0), 0 states have call predecessors, (0), 0 states have return successors, (0), 0 states have call predecessors, (0), 0 states have call successors, (0)
[2026-06-06 15:15:48,058 INFO  L188       IsEmptyHeuristic]: Finished isEmptyHeuristic. No accepting run.
[2026-06-06 15:15:48,058 INFO  L182       IsEmptyHeuristic]: Start isEmptyHeuristic. Operand  has 5 states, 3 states have (on average 1.6666666666666667) internal successors, (5), 4 states have internal predecessors, (5), 0 states have call successors, (0), 0 states have call predecessors, (0), 0 states have return successors, (0), 0 states have call predecessors, (0), 0 states have call successors, (0)
[2026-06-06 15:15:48,058 INFO  L188       IsEmptyHeuristic]: Finished isEmptyHeuristic. No accepting run.
[2026-06-06 15:15:48,058 INFO  L182       IsEmptyHeuristic]: Start isEmptyHeuristic. Operand  has 5 states, 3 states have (on average 1.6666666666666667) internal successors, (5), 4 states have internal predecessors, (5), 0 states have call successors, (0), 0 states have call predecessors, (0), 0 states have return successors, (0), 0 states have call predecessors, (0), 0 states have call successors, (0)
[2026-06-06 15:15:48,058 INFO  L188       IsEmptyHeuristic]: Finished isEmptyHeuristic. No accepting run.
[2026-06-06 15:15:48,058 INFO  L182       IsEmptyHeuristic]: Start isEmptyHeuristic. Operand  has 5 states, 3 states have (on average 1.6666666666666667) internal successors, (5), 4 states have internal predecessors, (5), 0 states have call successors, (0), 0 states have call predecessors, (0), 0 states have return successors, (0), 0 states have call predecessors, (0), 0 states have call successors, (0)
[2026-06-06 15:15:48,058 INFO  L188       IsEmptyHeuristic]: Finished isEmptyHeuristic. No accepting run.
[2026-06-06 15:15:48,058 INFO  L182       IsEmptyHeuristic]: Start isEmptyHeuristic. Operand  has 5 states, 3 states have (on average 1.6666666666666667) internal successors, (5), 4 states have internal predecessors, (5), 0 states have call successors, (0), 0 states have call predecessors, (0), 0 states have return successors, (0), 0 states have call predecessors, (0), 0 states have call successors, (0)
[2026-06-06 15:15:48,058 INFO  L188       IsEmptyHeuristic]: Finished isEmptyHeuristic. Found accepting run of length 10
[2026-06-06 15:15:48,058 INFO  L163        IsEmptyParallel]: Finished isEmptyParallel. Found accepting run of length 10
[2026-06-06 15:15:48,058 WARN  L753                IsEmpty]: Correctness of emptinessCheck not tested.
[2026-06-06 15:15:48,058 INFO  L79                 Accepts]: Start accepts. Automaton has  has 5 states, 3 states have (on average 1.6666666666666667) internal successors, (5), 4 states have internal predecessors, (5), 0 states have call successors, (0), 0 states have call predecessors, (0), 0 states have return successors, (0), 0 states have call predecessors, (0), 0 states have call successors, (0) Word has length 9
[2026-06-06 15:15:48,058 INFO  L85                 Accepts]: Finished accepts. word is accepted.
[2026-06-06 15:15:48,058 INFO  L757                IsEmpty]: Finished testing correctness of emptinessCheck
[2026-06-06 15:15:48,058 INFO  L290                IsEmpty]: Start isEmptyParallel. Operand  has 5 states, 3 states have (on average 1.6666666666666667) internal successors, (5), 4 states have internal predecessors, (5), 0 states have call successors, (0), 0 states have call predecessors, (0), 0 states have return successors, (0), 0 states have call predecessors, (0), 0 states have call successors, (0)
[2026-06-06 15:15:48,058 INFO  L300                IsEmpty]: Finished isEmptyParallel. No accepting run.
[2026-06-06 15:15:48,058 INFO  L156        IsEmptyParallel]: Start isEmptyParallel. Operand  has 5 states, 3 states have (on average 1.6666666666666667) internal successors, (5), 4 states have internal predecessors, (5), 0 states have call successors, (0), 0 states have call predecessors, (0), 0 states have return successors, (0), 0 states have call predecessors, (0), 0 states have call successors, (0)
[2026-06-06 15:15:48,059 INFO  L182       IsEmptyHeuristic]: Start isEmptyHeuristic. Operand  has 5 states, 3 states have (on average 1.6666666666666667) internal successors, (5), 4 states have internal predecessors, (5), 0 states have call successors, (0), 0 states have call predecessors, (0), 0 states have return successors, (0), 0 states have call predecessors, (0), 0 states have call successors, (0)
[2026-06-06 15:15:48,059 INFO  L188       IsEmptyHeuristic]: Finished isEmptyHeuristic. No accepting run.
[2026-06-06 15:15:48,059 INFO  L182       IsEmptyHeuristic]: Start isEmptyHeuristic. Operand  has 5 states, 3 states have (on average 1.6666666666666667) internal successors, (5), 4 states have internal predecessors, (5), 0 states have call successors, (0), 0 states have call predecessors, (0), 0 states have return successors, (0), 0 states have call predecessors, (0), 0 states have call successors, (0)
[2026-06-06 15:15:48,059 INFO  L188       IsEmptyHeuristic]: Finished isEmptyHeuristic. No accepting run.
[2026-06-06 15:15:48,059 INFO  L182       IsEmptyHeuristic]: Start isEmptyHeuristic. Operand  has 5 states, 3 states have (on average 1.6666666666666667) internal successors, (5), 4 states have internal predecessors, (5), 0 states have call successors, (0), 0 states have call predecessors, (0), 0 states have return successors, (0), 0 states have call predecessors, (0), 0 states have call successors, (0)
[2026-06-06 15:15:48,059 INFO  L188       IsEmptyHeuristic]: Finished isEmptyHeuristic. No accepting run.
[2026-06-06 15:15:48,059 INFO  L182       IsEmptyHeuristic]: Start isEmptyHeuristic. Operand  has 5 states, 3 states have (on average 1.6666666666666667) internal successors, (5), 4 states have internal predecessors, (5), 0 states have call successors, (0), 0 states have call predecessors, (0), 0 states have return successors, (0), 0 states have call predecessors, (0), 0 states have call successors, (0)
[2026-06-06 15:15:48,059 INFO  L188       IsEmptyHeuristic]: Finished isEmptyHeuristic. No accepting run.
[2026-06-06 15:15:48,059 INFO  L182       IsEmptyHeuristic]: Start isEmptyHeuristic. Operand  has 5 states, 3 states have (on average 1.6666666666666667) internal successors, (5), 4 states have internal predecessors, (5), 0 states have call successors, (0), 0 states have call predecessors, (0), 0 states have return successors, (0), 0 states have call predecessors, (0), 0 states have call successors, (0)
[2026-06-06 15:15:48,059 INFO  L188       IsEmptyHeuristic]: Finished isEmptyHeuristic. No accepting run.
[2026-06-06 15:15:48,059 INFO  L182       IsEmptyHeuristic]: Start isEmptyHeuristic. Operand  has 5 states, 3 states have (on average 1.6666666666666667) internal successors, (5), 4 states have internal predecessors, (5), 0 states have call successors, (0), 0 states have call predecessors, (0), 0 states have return successors, (0), 0 states have call predecessors, (0), 0 states have call successors, (0)
[2026-06-06 15:15:48,060 INFO  L188       IsEmptyHeuristic]: Finished isEmptyHeuristic. Found accepting run of length 9
[2026-06-06 15:15:48,060 INFO  L163        IsEmptyParallel]: Finished isEmptyParallel. Found accepting run of length 9
[2026-06-06 15:15:48,060 WARN  L753                IsEmpty]: Correctness of emptinessCheck not tested.
[2026-06-06 15:15:48,060 INFO  L79                 Accepts]: Start accepts. Automaton has  has 5 states, 3 states have (on average 1.6666666666666667) internal successors, (5), 4 states have internal predecessors, (5), 0 states have call successors, (0), 0 states have call predecessors, (0), 0 states have return successors, (0), 0 states have call predecessors, (0), 0 states have call successors, (0) Word has length 8
[2026-06-06 15:15:48,060 INFO  L85                 Accepts]: Finished accepts. word is accepted.
[2026-06-06 15:15:48,060 INFO  L757                IsEmpty]: Finished testing correctness of emptinessCheck
[2026-06-06 15:15:48,060 INFO  L290                IsEmpty]: Start isEmptyParallel. Operand  has 5 states, 3 states have (on average 1.6666666666666667) internal successors, (5), 4 states have internal predecessors, (5), 0 states have call successors, (0), 0 states have call predecessors, (0), 0 states have return successors, (0), 0 states have call predecessors, (0), 0 states have call successors, (0)
[2026-06-06 15:15:48,060 INFO  L300                IsEmpty]: Finished isEmptyParallel. No accepting run.
[2026-06-06 15:15:48,060 INFO  L156        IsEmptyParallel]: Start isEmptyParallel. Operand  has 5 states, 3 states have (on average 1.6666666666666667) internal successors, (5), 4 states have internal predecessors, (5), 0 states have call successors, (0), 0 states have call predecessors, (0), 0 states have return successors, (0), 0 states have call predecessors, (0), 0 states have call successors, (0)
[2026-06-06 15:15:48,060 INFO  L182       IsEmptyHeuristic]: Start isEmptyHeuristic. Operand  has 5 states, 3 states have (on average 1.6666666666666667) internal successors, (5), 4 states have internal predecessors, (5), 0 states have call successors, (0), 0 states have call predecessors, (0), 0 states have return successors, (0), 0 states have call predecessors, (0), 0 states have call successors, (0)
[2026-06-06 15:15:48,060 INFO  L188       IsEmptyHeuristic]: Finished isEmptyHeuristic. No accepting run.
[2026-06-06 15:15:48,060 INFO  L182       IsEmptyHeuristic]: Start isEmptyHeuristic. Operand  has 5 states, 3 states have (on average 1.6666666666666667) internal successors, (5), 4 states have internal predecessors, (5), 0 states have call successors, (0), 0 states have call predecessors, (0), 0 states have return successors, (0), 0 states have call predecessors, (0), 0 states have call successors, (0)
[2026-06-06 15:15:48,060 INFO  L188       IsEmptyHeuristic]: Finished isEmptyHeuristic. No accepting run.
[2026-06-06 15:15:48,060 INFO  L182       IsEmptyHeuristic]: Start isEmptyHeuristic. Operand  has 5 states, 3 states have (on average 1.6666666666666667) internal successors, (5), 4 states have internal predecessors, (5), 0 states have call successors, (0), 0 states have call predecessors, (0), 0 states have return successors, (0), 0 states have call predecessors, (0), 0 states have call successors, (0)
[2026-06-06 15:15:48,060 INFO  L188       IsEmptyHeuristic]: Finished isEmptyHeuristic. No accepting run.
[2026-06-06 15:15:48,061 INFO  L182       IsEmptyHeuristic]: Start isEmptyHeuristic. Operand  has 5 states, 3 states have (on average 1.6666666666666667) internal successors, (5), 4 states have internal predecessors, (5), 0 states have call successors, (0), 0 states have call predecessors, (0), 0 states have return successors, (0), 0 states have call predecessors, (0), 0 states have call successors, (0)
[2026-06-06 15:15:48,061 INFO  L188       IsEmptyHeuristic]: Finished isEmptyHeuristic. No accepting run.
[2026-06-06 15:15:48,061 INFO  L182       IsEmptyHeuristic]: Start isEmptyHeuristic. Operand  has 5 states, 3 states have (on average 1.6666666666666667) internal successors, (5), 4 states have internal predecessors, (5), 0 states have call successors, (0), 0 states have call predecessors, (0), 0 states have return successors, (0), 0 states have call predecessors, (0), 0 states have call successors, (0)
[2026-06-06 15:15:48,061 INFO  L188       IsEmptyHeuristic]: Finished isEmptyHeuristic. No accepting run.
[2026-06-06 15:15:48,061 INFO  L182       IsEmptyHeuristic]: Start isEmptyHeuristic. Operand  has 5 states, 3 states have (on average 1.6666666666666667) internal successors, (5), 4 states have internal predecessors, (5), 0 states have call successors, (0), 0 states have call predecessors, (0), 0 states have return successors, (0), 0 states have call predecessors, (0), 0 states have call successors, (0)
[2026-06-06 15:15:48,061 INFO  L188       IsEmptyHeuristic]: Finished isEmptyHeuristic. No accepting run.
[2026-06-06 15:15:48,061 INFO  L182       IsEmptyHeuristic]: Start isEmptyHeuristic. Operand  has 5 states, 3 states have (on average 1.6666666666666667) internal successors, (5), 4 states have internal predecessors, (5), 0 states have call successors, (0), 0 states have call predecessors, (0), 0 states have return successors, (0), 0 states have call predecessors, (0), 0 states have call successors, (0)
[2026-06-06 15:15:48,061 INFO  L188       IsEmptyHeuristic]: Finished isEmptyHeuristic. Found accepting run of length 12
[2026-06-06 15:15:48,061 INFO  L163        IsEmptyParallel]: Finished isEmptyParallel. Found accepting run of length 12
[2026-06-06 15:15:48,061 WARN  L753                IsEmpty]: Correctness of emptinessCheck not tested.
[2026-06-06 15:15:48,061 INFO  L79                 Accepts]: Start accepts. Automaton has  has 5 states, 3 states have (on average 1.6666666666666667) internal successors, (5), 4 states have internal predecessors, (5), 0 states have call successors, (0), 0 states have call predecessors, (0), 0 states have return successors, (0), 0 states have call predecessors, (0), 0 states have call successors, (0) Word has length 11
[2026-06-06 15:15:48,061 INFO  L85                 Accepts]: Finished accepts. word is accepted.
[2026-06-06 15:15:48,061 INFO  L757                IsEmpty]: Finished testing correctness of emptinessCheck
[2026-06-06 15:15:48,061 INFO  L290                IsEmpty]: Start isEmptyParallel. Operand  has 5 states, 3 states have (on average 1.6666666666666667) internal successors, (5), 4 states have internal predecessors, (5), 0 states have call successors, (0), 0 states have call predecessors, (0), 0 states have return successors, (0), 0 states have call predecessors, (0), 0 states have call successors, (0)
[2026-06-06 15:15:48,062 INFO  L300                IsEmpty]: Finished isEmptyParallel. No accepting run.
[2026-06-06 15:15:48,062 INFO  L156        IsEmptyParallel]: Start isEmptyParallel. Operand  has 5 states, 3 states have (on average 1.6666666666666667) internal successors, (5), 4 states have internal predecessors, (5), 0 states have call successors, (0), 0 states have call predecessors, (0), 0 states have return successors, (0), 0 states have call predecessors, (0), 0 states have call successors, (0)
[2026-06-06 15:15:48,062 INFO  L182       IsEmptyHeuristic]: Start isEmptyHeuristic. Operand  has 5 states, 3 states have (on average 1.6666666666666667) internal successors, (5), 4 states have internal predecessors, (5), 0 states have call successors, (0), 0 states have call predecessors, (0), 0 states have return successors, (0), 0 states have call predecessors, (0), 0 states have call successors, (0)
[2026-06-06 15:15:48,062 INFO  L188       IsEmptyHeuristic]: Finished isEmptyHeuristic. No accepting run.
[2026-06-06 15:15:48,062 INFO  L182       IsEmptyHeuristic]: Start isEmptyHeuristic. Operand  has 5 states, 3 states have (on average 1.6666666666666667) internal successors, (5), 4 states have internal predecessors, (5), 0 states have call successors, (0), 0 states have call predecessors, (0), 0 states have return successors, (0), 0 states have call predecessors, (0), 0 states have call successors, (0)
[2026-06-06 15:15:48,062 INFO  L188       IsEmptyHeuristic]: Finished isEmptyHeuristic. No accepting run.
[2026-06-06 15:15:48,062 INFO  L182       IsEmptyHeuristic]: Start isEmptyHeuristic. Operand  has 5 states, 3 states have (on average 1.6666666666666667) internal successors, (5), 4 states have internal predecessors, (5), 0 states have call successors, (0), 0 states have call predecessors, (0), 0 states have return successors, (0), 0 states have call predecessors, (0), 0 states have call successors, (0)
[2026-06-06 15:15:48,062 INFO  L188       IsEmptyHeuristic]: Finished isEmptyHeuristic. No accepting run.
[2026-06-06 15:15:48,062 INFO  L182       IsEmptyHeuristic]: Start isEmptyHeuristic. Operand  has 5 states, 3 states have (on average 1.6666666666666667) internal successors, (5), 4 states have internal predecessors, (5), 0 states have call successors, (0), 0 states have call predecessors, (0), 0 states have return successors, (0), 0 states have call predecessors, (0), 0 states have call successors, (0)
[2026-06-06 15:15:48,062 INFO  L188       IsEmptyHeuristic]: Finished isEmptyHeuristic. No accepting run.
[2026-06-06 15:15:48,062 INFO  L182       IsEmptyHeuristic]: Start isEmptyHeuristic. Operand  has 5 states, 3 states have (on average 1.6666666666666667) internal successors, (5), 4 states have internal predecessors, (5), 0 states have call successors, (0), 0 states have call predecessors, (0), 0 states have return successors, (0), 0 states have call predecessors, (0), 0 states have call successors, (0)
[2026-06-06 15:15:48,063 INFO  L188       IsEmptyHeuristic]: Finished isEmptyHeuristic. No accepting run.
[2026-06-06 15:15:48,063 INFO  L182       IsEmptyHeuristic]: Start isEmptyHeuristic. Operand  has 5 states, 3 states have (on average 1.6666666666666667) internal successors, (5), 4 states have internal predecessors, (5), 0 states have call successors, (0), 0 states have call predecessors, (0), 0 states have return successors, (0), 0 states have call predecessors, (0), 0 states have call successors, (0)
[2026-06-06 15:15:48,063 INFO  L188       IsEmptyHeuristic]: Finished isEmptyHeuristic. No accepting run.
[2026-06-06 15:15:48,063 INFO  L182       IsEmptyHeuristic]: Start isEmptyHeuristic. Operand  has 5 states, 3 states have (on average 1.6666666666666667) internal successors, (5), 4 states have internal predecessors, (5), 0 states have call successors, (0), 0 states have call predecessors, (0), 0 states have return successors, (0), 0 states have call predecessors, (0), 0 states have call successors, (0)
[2026-06-06 15:15:48,063 INFO  L188       IsEmptyHeuristic]: Finished isEmptyHeuristic. No accepting run.
[2026-06-06 15:15:48,063 INFO  L182       IsEmptyHeuristic]: Start isEmptyHeuristic. Operand  has 5 states, 3 states have (on average 1.6666666666666667) internal successors, (5), 4 states have internal predecessors, (5), 0 states have call successors, (0), 0 states have call predecessors, (0), 0 states have return successors, (0), 0 states have call predecessors, (0), 0 states have call successors, (0)
[2026-06-06 15:15:48,063 INFO  L188       IsEmptyHeuristic]: Finished isEmptyHeuristic. Found accepting run of length 11
[2026-06-06 15:15:48,063 INFO  L163        IsEmptyParallel]: Finished isEmptyParallel. Found accepting run of length 11
[2026-06-06 15:15:48,063 WARN  L753                IsEmpty]: Correctness of emptinessCheck not tested.
[2026-06-06 15:15:48,063 INFO  L79                 Accepts]: Start accepts. Automaton has  has 5 states, 3 states have (on average 1.6666666666666667) internal successors, (5), 4 states have internal predecessors, (5), 0 states have call successors, (0), 0 states have call predecessors, (0), 0 states have return successors, (0), 0 states have call predecessors, (0), 0 states have call successors, (0) Word has length 10
[2026-06-06 15:15:48,063 INFO  L85                 Accepts]: Finished accepts. word is accepted.
[2026-06-06 15:15:48,063 INFO  L757                IsEmpty]: Finished testing correctness of emptinessCheck
[2026-06-06 15:15:48,063 INFO  L290                IsEmpty]: Start isEmptyParallel. Operand  has 5 states, 3 states have (on average 1.6666666666666667) internal successors, (5), 4 states have internal predecessors, (5), 0 states have call successors, (0), 0 states have call predecessors, (0), 0 states have return successors, (0), 0 states have call predecessors, (0), 0 states have call successors, (0)
[2026-06-06 15:15:48,063 INFO  L300                IsEmpty]: Finished isEmptyParallel. No accepting run.
[2026-06-06 15:15:48,063 INFO  L156        IsEmptyParallel]: Start isEmptyParallel. Operand  has 5 states, 3 states have (on average 1.6666666666666667) internal successors, (5), 4 states have internal predecessors, (5), 0 states have call successors, (0), 0 states have call predecessors, (0), 0 states have return successors, (0), 0 states have call predecessors, (0), 0 states have call successors, (0)
[2026-06-06 15:15:48,063 INFO  L182       IsEmptyHeuristic]: Start isEmptyHeuristic. Operand  has 5 states, 3 states have (on average 1.6666666666666667) internal successors, (5), 4 states have internal predecessors, (5), 0 states have call successors, (0), 0 states have call predecessors, (0), 0 states have return successors, (0), 0 states have call predecessors, (0), 0 states have call successors, (0)
[2026-06-06 15:15:48,063 INFO  L188       IsEmptyHeuristic]: Finished isEmptyHeuristic. No accepting run.
[2026-06-06 15:15:48,063 INFO  L182       IsEmptyHeuristic]: Start isEmptyHeuristic. Operand  has 5 states, 3 states have (on average 1.6666666666666667) internal successors, (5), 4 states have internal predecessors, (5), 0 states have call successors, (0), 0 states have call predecessors, (0), 0 states have return successors, (0), 0 states have call predecessors, (0), 0 states have call successors, (0)
[2026-06-06 15:15:48,063 INFO  L188       IsEmptyHeuristic]: Finished isEmptyHeuristic. No accepting run.
[2026-06-06 15:15:48,064 INFO  L182       IsEmptyHeuristic]: Start isEmptyHeuristic. Operand  has 5 states, 3 states have (on average 1.6666666666666667) internal successors, (5), 4 states have internal predecessors, (5), 0 states have call successors, (0), 0 states have call predecessors, (0), 0 states have return successors, (0), 0 states have call predecessors, (0), 0 states have call successors, (0)
[2026-06-06 15:15:48,064 INFO  L188       IsEmptyHeuristic]: Finished isEmptyHeuristic. No accepting run.
[2026-06-06 15:15:48,064 INFO  L182       IsEmptyHeuristic]: Start isEmptyHeuristic. Operand  has 5 states, 3 states have (on average 1.6666666666666667) internal successors, (5), 4 states have internal predecessors, (5), 0 states have call successors, (0), 0 states have call predecessors, (0), 0 states have return successors, (0), 0 states have call predecessors, (0), 0 states have call successors, (0)
[2026-06-06 15:15:48,064 INFO  L188       IsEmptyHeuristic]: Finished isEmptyHeuristic. No accepting run.
[2026-06-06 15:15:48,064 INFO  L182       IsEmptyHeuristic]: Start isEmptyHeuristic. Operand  has 5 states, 3 states have (on average 1.6666666666666667) internal successors, (5), 4 states have internal predecessors, (5), 0 states have call successors, (0), 0 states have call predecessors, (0), 0 states have return successors, (0), 0 states have call predecessors, (0), 0 states have call successors, (0)
[2026-06-06 15:15:48,064 INFO  L188       IsEmptyHeuristic]: Finished isEmptyHeuristic. No accepting run.
[2026-06-06 15:15:48,064 INFO  L182       IsEmptyHeuristic]: Start isEmptyHeuristic. Operand  has 5 states, 3 states have (on average 1.6666666666666667) internal successors, (5), 4 states have internal predecessors, (5), 0 states have call successors, (0), 0 states have call predecessors, (0), 0 states have return successors, (0), 0 states have call predecessors, (0), 0 states have call successors, (0)
[2026-06-06 15:15:48,064 INFO  L188       IsEmptyHeuristic]: Finished isEmptyHeuristic. No accepting run.
[2026-06-06 15:15:48,064 INFO  L182       IsEmptyHeuristic]: Start isEmptyHeuristic. Operand  has 5 states, 3 states have (on average 1.6666666666666667) internal successors, (5), 4 states have internal predecessors, (5), 0 states have call successors, (0), 0 states have call predecessors, (0), 0 states have return successors, (0), 0 states have call predecessors, (0), 0 states have call successors, (0)
[2026-06-06 15:15:48,064 INFO  L188       IsEmptyHeuristic]: Finished isEmptyHeuristic. No accepting run.
[2026-06-06 15:15:48,064 INFO  L182       IsEmptyHeuristic]: Start isEmptyHeuristic. Operand  has 5 states, 3 states have (on average 1.6666666666666667) internal successors, (5), 4 states have internal predecessors, (5), 0 states have call successors, (0), 0 states have call predecessors, (0), 0 states have return successors, (0), 0 states have call predecessors, (0), 0 states have call successors, (0)
[2026-06-06 15:15:48,064 INFO  L188       IsEmptyHeuristic]: Finished isEmptyHeuristic. No accepting run.
[2026-06-06 15:15:48,064 INFO  L182       IsEmptyHeuristic]: Start isEmptyHeuristic. Operand  has 5 states, 3 states have (on average 1.6666666666666667) internal successors, (5), 4 states have internal predecessors, (5), 0 states have call successors, (0), 0 states have call predecessors, (0), 0 states have return successors, (0), 0 states have call predecessors, (0), 0 states have call successors, (0)
[2026-06-06 15:15:48,064 INFO  L188       IsEmptyHeuristic]: Finished isEmptyHeuristic. Found accepting run of length 14
[2026-06-06 15:15:48,064 INFO  L163        IsEmptyParallel]: Finished isEmptyParallel. Found accepting run of length 14
[2026-06-06 15:15:48,064 WARN  L753                IsEmpty]: Correctness of emptinessCheck not tested.
[2026-06-06 15:15:48,064 INFO  L79                 Accepts]: Start accepts. Automaton has  has 5 states, 3 states have (on average 1.6666666666666667) internal successors, (5), 4 states have internal predecessors, (5), 0 states have call successors, (0), 0 states have call predecessors, (0), 0 states have return successors, (0), 0 states have call predecessors, (0), 0 states have call successors, (0) Word has length 13
[2026-06-06 15:15:48,065 INFO  L85                 Accepts]: Finished accepts. word is accepted.
[2026-06-06 15:15:48,065 INFO  L757                IsEmpty]: Finished testing correctness of emptinessCheck
[2026-06-06 15:15:48,065 INFO  L290                IsEmpty]: Start isEmptyParallel. Operand  has 5 states, 3 states have (on average 1.6666666666666667) internal successors, (5), 4 states have internal predecessors, (5), 0 states have call successors, (0), 0 states have call predecessors, (0), 0 states have return successors, (0), 0 states have call predecessors, (0), 0 states have call successors, (0)
[2026-06-06 15:15:48,065 INFO  L300                IsEmpty]: Finished isEmptyParallel. No accepting run.
[2026-06-06 15:15:48,065 INFO  L156        IsEmptyParallel]: Start isEmptyParallel. Operand  has 5 states, 3 states have (on average 1.6666666666666667) internal successors, (5), 4 states have internal predecessors, (5), 0 states have call successors, (0), 0 states have call predecessors, (0), 0 states have return successors, (0), 0 states have call predecessors, (0), 0 states have call successors, (0)
[2026-06-06 15:15:48,065 INFO  L182       IsEmptyHeuristic]: Start isEmptyHeuristic. Operand  has 5 states, 3 states have (on average 1.6666666666666667) internal successors, (5), 4 states have internal predecessors, (5), 0 states have call successors, (0), 0 states have call predecessors, (0), 0 states have return successors, (0), 0 states have call predecessors, (0), 0 states have call successors, (0)
[2026-06-06 15:15:48,065 INFO  L188       IsEmptyHeuristic]: Finished isEmptyHeuristic. No accepting run.
[2026-06-06 15:15:48,065 INFO  L182       IsEmptyHeuristic]: Start isEmptyHeuristic. Operand  has 5 states, 3 states have (on average 1.6666666666666667) internal successors, (5), 4 states have internal predecessors, (5), 0 states have call successors, (0), 0 states have call predecessors, (0), 0 states have return successors, (0), 0 states have call predecessors, (0), 0 states have call successors, (0)
[2026-06-06 15:15:48,065 INFO  L188       IsEmptyHeuristic]: Finished isEmptyHeuristic. No accepting run.
[2026-06-06 15:15:48,065 INFO  L182       IsEmptyHeuristic]: Start isEmptyHeuristic. Operand  has 5 states, 3 states have (on average 1.6666666666666667) internal successors, (5), 4 states have internal predecessors, (5), 0 states have call successors, (0), 0 states have call predecessors, (0), 0 states have return successors, (0), 0 states have call predecessors, (0), 0 states have call successors, (0)
[2026-06-06 15:15:48,065 INFO  L188       IsEmptyHeuristic]: Finished isEmptyHeuristic. No accepting run.
[2026-06-06 15:15:48,065 INFO  L182       IsEmptyHeuristic]: Start isEmptyHeuristic. Operand  has 5 states, 3 states have (on average 1.6666666666666667) internal successors, (5), 4 states have internal predecessors, (5), 0 states have call successors, (0), 0 states have call predecessors, (0), 0 states have return successors, (0), 0 states have call predecessors, (0), 0 states have call successors, (0)
[2026-06-06 15:15:48,065 INFO  L188       IsEmptyHeuristic]: Finished isEmptyHeuristic. No accepting run.
[2026-06-06 15:15:48,065 INFO  L182       IsEmptyHeuristic]: Start isEmptyHeuristic. Operand  has 5 states, 3 states have (on average 1.6666666666666667) internal successors, (5), 4 states have internal predecessors, (5), 0 states have call successors, (0), 0 states have call predecessors, (0), 0 states have return successors, (0), 0 states have call predecessors, (0), 0 states have call successors, (0)
[2026-06-06 15:15:48,065 INFO  L188       IsEmptyHeuristic]: Finished isEmptyHeuristic. No accepting run.
[2026-06-06 15:15:48,065 INFO  L182       IsEmptyHeuristic]: Start isEmptyHeuristic. Operand  has 5 states, 3 states have (on average 1.6666666666666667) internal successors, (5), 4 states have internal predecessors, (5), 0 states have call successors, (0), 0 states have call predecessors, (0), 0 states have return successors, (0), 0 states have call predecessors, (0), 0 states have call successors, (0)
[2026-06-06 15:15:48,066 INFO  L188       IsEmptyHeuristic]: Finished isEmptyHeuristic. No accepting run.
[2026-06-06 15:15:48,066 INFO  L182       IsEmptyHeuristic]: Start isEmptyHeuristic. Operand  has 5 states, 3 states have (on average 1.6666666666666667) internal successors, (5), 4 states have internal predecessors, (5), 0 states have call successors, (0), 0 states have call predecessors, (0), 0 states have return successors, (0), 0 states have call predecessors, (0), 0 states have call successors, (0)
[2026-06-06 15:15:48,066 INFO  L188       IsEmptyHeuristic]: Finished isEmptyHeuristic. No accepting run.
[2026-06-06 15:15:48,066 INFO  L182       IsEmptyHeuristic]: Start isEmptyHeuristic. Operand  has 5 states, 3 states have (on average 1.6666666666666667) internal successors, (5), 4 states have internal predecessors, (5), 0 states have call successors, (0), 0 states have call predecessors, (0), 0 states have return successors, (0), 0 states have call predecessors, (0), 0 states have call successors, (0)
[2026-06-06 15:15:48,066 INFO  L188       IsEmptyHeuristic]: Finished isEmptyHeuristic. No accepting run.
[2026-06-06 15:15:48,066 INFO  L182       IsEmptyHeuristic]: Start isEmptyHeuristic. Operand  has 5 states, 3 states have (on average 1.6666666666666667) internal successors, (5), 4 states have internal predecessors, (5), 0 states have call successors, (0), 0 states have call predecessors, (0), 0 states have return successors, (0), 0 states have call predecessors, (0), 0 states have call successors, (0)
[2026-06-06 15:15:48,066 INFO  L188       IsEmptyHeuristic]: Finished isEmptyHeuristic. No accepting run.
[2026-06-06 15:15:48,066 INFO  L182       IsEmptyHeuristic]: Start isEmptyHeuristic. Operand  has 5 states, 3 states have (on average 1.6666666666666667) internal successors, (5), 4 states have internal predecessors, (5), 0 states have call successors, (0), 0 states have call predecessors, (0), 0 states have return successors, (0), 0 states have call predecessors, (0), 0 states have call successors, (0)
[2026-06-06 15:15:48,066 INFO  L188       IsEmptyHeuristic]: Finished isEmptyHeuristic. Found accepting run of length 13
[2026-06-06 15:15:48,066 INFO  L163        IsEmptyParallel]: Finished isEmptyParallel. Found accepting run of length 13
[2026-06-06 15:15:48,066 WARN  L753                IsEmpty]: Correctness of emptinessCheck not tested.
[2026-06-06 15:15:48,066 INFO  L79                 Accepts]: Start accepts. Automaton has  has 5 states, 3 states have (on average 1.6666666666666667) internal successors, (5), 4 states have internal predecessors, (5), 0 states have call successors, (0), 0 states have call predecessors, (0), 0 states have return successors, (0), 0 states have call predecessors, (0), 0 states have call successors, (0) Word has length 12
[2026-06-06 15:15:48,066 INFO  L85                 Accepts]: Finished accepts. word is accepted.
[2026-06-06 15:15:48,066 INFO  L757                IsEmpty]: Finished testing correctness of emptinessCheck
[2026-06-06 15:15:48,067 INFO  L290                IsEmpty]: Start isEmptyParallel. Operand  has 5 states, 3 states have (on average 1.6666666666666667) internal successors, (5), 4 states have internal predecessors, (5), 0 states have call successors, (0), 0 states have call predecessors, (0), 0 states have return successors, (0), 0 states have call predecessors, (0), 0 states have call successors, (0)
[2026-06-06 15:15:48,067 INFO  L300                IsEmpty]: Finished isEmptyParallel. No accepting run.
[2026-06-06 15:15:48,067 INFO  L156        IsEmptyParallel]: Start isEmptyParallel. Operand  has 5 states, 3 states have (on average 1.6666666666666667) internal successors, (5), 4 states have internal predecessors, (5), 0 states have call successors, (0), 0 states have call predecessors, (0), 0 states have return successors, (0), 0 states have call predecessors, (0), 0 states have call successors, (0)
[2026-06-06 15:15:48,067 INFO  L182       IsEmptyHeuristic]: Start isEmptyHeuristic. Operand  has 5 states, 3 states have (on average 1.6666666666666667) internal successors, (5), 4 states have internal predecessors, (5), 0 states have call successors, (0), 0 states have call predecessors, (0), 0 states have return successors, (0), 0 states have call predecessors, (0), 0 states have call successors, (0)
[2026-06-06 15:15:48,067 INFO  L188       IsEmptyHeuristic]: Finished isEmptyHeuristic. No accepting run.
[2026-06-06 15:15:48,067 INFO  L182       IsEmptyHeuristic]: Start isEmptyHeuristic. Operand  has 5 states, 3 states have (on average 1.6666666666666667) internal successors, (5), 4 states have internal predecessors, (5), 0 states have call successors, (0), 0 states have call predecessors, (0), 0 states have return successors, (0), 0 states have call predecessors, (0), 0 states have call successors, (0)
[2026-06-06 15:15:48,067 INFO  L188       IsEmptyHeuristic]: Finished isEmptyHeuristic. No accepting run.
[2026-06-06 15:15:48,067 INFO  L182       IsEmptyHeuristic]: Start isEmptyHeuristic. Operand  has 5 states, 3 states have (on average 1.6666666666666667) internal successors, (5), 4 states have internal predecessors, (5), 0 states have call successors, (0), 0 states have call predecessors, (0), 0 states have return successors, (0), 0 states have call predecessors, (0), 0 states have call successors, (0)
[2026-06-06 15:15:48,067 INFO  L188       IsEmptyHeuristic]: Finished isEmptyHeuristic. No accepting run.
[2026-06-06 15:15:48,067 INFO  L182       IsEmptyHeuristic]: Start isEmptyHeuristic. Operand  has 5 states, 3 states have (on average 1.6666666666666667) internal successors, (5), 4 states have internal predecessors, (5), 0 states have call successors, (0), 0 states have call predecessors, (0), 0 states have return successors, (0), 0 states have call predecessors, (0), 0 states have call successors, (0)
[2026-06-06 15:15:48,067 INFO  L188       IsEmptyHeuristic]: Finished isEmptyHeuristic. No accepting run.
[2026-06-06 15:15:48,067 INFO  L182       IsEmptyHeuristic]: Start isEmptyHeuristic. Operand  has 5 states, 3 states have (on average 1.6666666666666667) internal successors, (5), 4 states have internal predecessors, (5), 0 states have call successors, (0), 0 states have call predecessors, (0), 0 states have return successors, (0), 0 states have call predecessors, (0), 0 states have call successors, (0)
[2026-06-06 15:15:48,067 INFO  L188       IsEmptyHeuristic]: Finished isEmptyHeuristic. No accepting run.
[2026-06-06 15:15:48,067 INFO  L182       IsEmptyHeuristic]: Start isEmptyHeuristic. Operand  has 5 states, 3 states have (on average 1.6666666666666667) internal successors, (5), 4 states have internal predecessors, (5), 0 states have call successors, (0), 0 states have call predecessors, (0), 0 states have return successors, (0), 0 states have call predecessors, (0), 0 states have call successors, (0)
[2026-06-06 15:15:48,067 INFO  L188       IsEmptyHeuristic]: Finished isEmptyHeuristic. No accepting run.
[2026-06-06 15:15:48,067 INFO  L182       IsEmptyHeuristic]: Start isEmptyHeuristic. Operand  has 5 states, 3 states have (on average 1.6666666666666667) internal successors, (5), 4 states have internal predecessors, (5), 0 states have call successors, (0), 0 states have call predecessors, (0), 0 states have return successors, (0), 0 states have call predecessors, (0), 0 states have call successors, (0)
[2026-06-06 15:15:48,067 INFO  L188       IsEmptyHeuristic]: Finished isEmptyHeuristic. No accepting run.
[2026-06-06 15:15:48,067 INFO  L182       IsEmptyHeuristic]: Start isEmptyHeuristic. Operand  has 5 states, 3 states have (on average 1.6666666666666667) internal successors, (5), 4 states have internal predecessors, (5), 0 states have call successors, (0), 0 states have call predecessors, (0), 0 states have return successors, (0), 0 states have call predecessors, (0), 0 states have call successors, (0)
[2026-06-06 15:15:48,068 INFO  L188       IsEmptyHeuristic]: Finished isEmptyHeuristic. No accepting run.
[2026-06-06 15:15:48,068 INFO  L182       IsEmptyHeuristic]: Start isEmptyHeuristic. Operand  has 5 states, 3 states have (on average 1.6666666666666667) internal successors, (5), 4 states have internal predecessors, (5), 0 states have call successors, (0), 0 states have call predecessors, (0), 0 states have return successors, (0), 0 states have call predecessors, (0), 0 states have call successors, (0)
[2026-06-06 15:15:48,068 INFO  L188       IsEmptyHeuristic]: Finished isEmptyHeuristic. No accepting run.
[2026-06-06 15:15:48,068 INFO  L182       IsEmptyHeuristic]: Start isEmptyHeuristic. Operand  has 5 states, 3 states have (on average 1.6666666666666667) internal successors, (5), 4 states have internal predecessors, (5), 0 states have call successors, (0), 0 states have call predecessors, (0), 0 states have return successors, (0), 0 states have call predecessors, (0), 0 states have call successors, (0)
[2026-06-06 15:15:48,068 INFO  L188       IsEmptyHeuristic]: Finished isEmptyHeuristic. No accepting run.
[2026-06-06 15:15:48,068 INFO  L182       IsEmptyHeuristic]: Start isEmptyHeuristic. Operand  has 5 states, 3 states have (on average 1.6666666666666667) internal successors, (5), 4 states have internal predecessors, (5), 0 states have call successors, (0), 0 states have call predecessors, (0), 0 states have return successors, (0), 0 states have call predecessors, (0), 0 states have call successors, (0)
[2026-06-06 15:15:48,068 INFO  L188       IsEmptyHeuristic]: Finished isEmptyHeuristic. Found accepting run of length 16
[2026-06-06 15:15:48,068 INFO  L163        IsEmptyParallel]: Finished isEmptyParallel. Found accepting run of length 16
[2026-06-06 15:15:48,068 WARN  L753                IsEmpty]: Correctness of emptinessCheck not tested.
[2026-06-06 15:15:48,068 INFO  L79                 Accepts]: Start accepts. Automaton has  has 5 states, 3 states have (on average 1.6666666666666667) internal successors, (5), 4 states have internal predecessors, (5), 0 states have call successors, (0), 0 states have call predecessors, (0), 0 states have return successors, (0), 0 states have call predecessors, (0), 0 states have call successors, (0) Word has length 15
[2026-06-06 15:15:48,068 INFO  L85                 Accepts]: Finished accepts. word is accepted.
[2026-06-06 15:15:48,068 INFO  L757                IsEmpty]: Finished testing correctness of emptinessCheck
[2026-06-06 15:15:48,068 INFO  L290                IsEmpty]: Start isEmptyParallel. Operand  has 5 states, 3 states have (on average 1.6666666666666667) internal successors, (5), 4 states have internal predecessors, (5), 0 states have call successors, (0), 0 states have call predecessors, (0), 0 states have return successors, (0), 0 states have call predecessors, (0), 0 states have call successors, (0)
[2026-06-06 15:15:48,068 INFO  L300                IsEmpty]: Finished isEmptyParallel. No accepting run.
[2026-06-06 15:15:48,068 INFO  L156        IsEmptyParallel]: Start isEmptyParallel. Operand  has 5 states, 3 states have (on average 1.6666666666666667) internal successors, (5), 4 states have internal predecessors, (5), 0 states have call successors, (0), 0 states have call predecessors, (0), 0 states have return successors, (0), 0 states have call predecessors, (0), 0 states have call successors, (0)
[2026-06-06 15:15:48,068 INFO  L182       IsEmptyHeuristic]: Start isEmptyHeuristic. Operand  has 5 states, 3 states have (on average 1.6666666666666667) internal successors, (5), 4 states have internal predecessors, (5), 0 states have call successors, (0), 0 states have call predecessors, (0), 0 states have return successors, (0), 0 states have call predecessors, (0), 0 states have call successors, (0)
[2026-06-06 15:15:48,068 INFO  L188       IsEmptyHeuristic]: Finished isEmptyHeuristic. No accepting run.
[2026-06-06 15:15:48,068 INFO  L182       IsEmptyHeuristic]: Start isEmptyHeuristic. Operand  has 5 states, 3 states have (on average 1.6666666666666667) internal successors, (5), 4 states have internal predecessors, (5), 0 states have call successors, (0), 0 states have call predecessors, (0), 0 states have return successors, (0), 0 states have call predecessors, (0), 0 states have call successors, (0)
[2026-06-06 15:15:48,068 INFO  L188       IsEmptyHeuristic]: Finished isEmptyHeuristic. No accepting run.
[2026-06-06 15:15:48,068 INFO  L182       IsEmptyHeuristic]: Start isEmptyHeuristic. Operand  has 5 states, 3 states have (on average 1.6666666666666667) internal successors, (5), 4 states have internal predecessors, (5), 0 states have call successors, (0), 0 states have call predecessors, (0), 0 states have return successors, (0), 0 states have call predecessors, (0), 0 states have call successors, (0)
[2026-06-06 15:15:48,068 INFO  L188       IsEmptyHeuristic]: Finished isEmptyHeuristic. No accepting run.
[2026-06-06 15:15:48,069 INFO  L182       IsEmptyHeuristic]: Start isEmptyHeuristic. Operand  has 5 states, 3 states have (on average 1.6666666666666667) internal successors, (5), 4 states have internal predecessors, (5), 0 states have call successors, (0), 0 states have call predecessors, (0), 0 states have return successors, (0), 0 states have call predecessors, (0), 0 states have call successors, (0)
[2026-06-06 15:15:48,069 INFO  L188       IsEmptyHeuristic]: Finished isEmptyHeuristic. No accepting run.
[2026-06-06 15:15:48,069 INFO  L182       IsEmptyHeuristic]: Start isEmptyHeuristic. Operand  has 5 states, 3 states have (on average 1.6666666666666667) internal successors, (5), 4 states have internal predecessors, (5), 0 states have call successors, (0), 0 states have call predecessors, (0), 0 states have return successors, (0), 0 states have call predecessors, (0), 0 states have call successors, (0)
[2026-06-06 15:15:48,069 INFO  L188       IsEmptyHeuristic]: Finished isEmptyHeuristic. No accepting run.
[2026-06-06 15:15:48,069 INFO  L182       IsEmptyHeuristic]: Start isEmptyHeuristic. Operand  has 5 states, 3 states have (on average 1.6666666666666667) internal successors, (5), 4 states have internal predecessors, (5), 0 states have call successors, (0), 0 states have call predecessors, (0), 0 states have return successors, (0), 0 states have call predecessors, (0), 0 states have call successors, (0)
[2026-06-06 15:15:48,069 INFO  L188       IsEmptyHeuristic]: Finished isEmptyHeuristic. No accepting run.
[2026-06-06 15:15:48,069 INFO  L182       IsEmptyHeuristic]: Start isEmptyHeuristic. Operand  has 5 states, 3 states have (on average 1.6666666666666667) internal successors, (5), 4 states have internal predecessors, (5), 0 states have call successors, (0), 0 states have call predecessors, (0), 0 states have return successors, (0), 0 states have call predecessors, (0), 0 states have call successors, (0)
[2026-06-06 15:15:48,069 INFO  L188       IsEmptyHeuristic]: Finished isEmptyHeuristic. No accepting run.
[2026-06-06 15:15:48,069 INFO  L182       IsEmptyHeuristic]: Start isEmptyHeuristic. Operand  has 5 states, 3 states have (on average 1.6666666666666667) internal successors, (5), 4 states have internal predecessors, (5), 0 states have call successors, (0), 0 states have call predecessors, (0), 0 states have return successors, (0), 0 states have call predecessors, (0), 0 states have call successors, (0)
[2026-06-06 15:15:48,069 INFO  L188       IsEmptyHeuristic]: Finished isEmptyHeuristic. No accepting run.
[2026-06-06 15:15:48,069 INFO  L182       IsEmptyHeuristic]: Start isEmptyHeuristic. Operand  has 5 states, 3 states have (on average 1.6666666666666667) internal successors, (5), 4 states have internal predecessors, (5), 0 states have call successors, (0), 0 states have call predecessors, (0), 0 states have return successors, (0), 0 states have call predecessors, (0), 0 states have call successors, (0)
[2026-06-06 15:15:48,069 INFO  L188       IsEmptyHeuristic]: Finished isEmptyHeuristic. No accepting run.
[2026-06-06 15:15:48,069 INFO  L182       IsEmptyHeuristic]: Start isEmptyHeuristic. Operand  has 5 states, 3 states have (on average 1.6666666666666667) internal successors, (5), 4 states have internal predecessors, (5), 0 states have call successors, (0), 0 states have call predecessors, (0), 0 states have return successors, (0), 0 states have call predecessors, (0), 0 states have call successors, (0)
[2026-06-06 15:15:48,069 INFO  L188       IsEmptyHeuristic]: Finished isEmptyHeuristic. No accepting run.
[2026-06-06 15:15:48,069 INFO  L182       IsEmptyHeuristic]: Start isEmptyHeuristic. Operand  has 5 states, 3 states have (on average 1.6666666666666667) internal successors, (5), 4 states have internal predecessors, (5), 0 states have call successors, (0), 0 states have call predecessors, (0), 0 states have return successors, (0), 0 states have call predecessors, (0), 0 states have call successors, (0)
[2026-06-06 15:15:48,069 INFO  L188       IsEmptyHeuristic]: Finished isEmptyHeuristic. No accepting run.
[2026-06-06 15:15:48,069 INFO  L182       IsEmptyHeuristic]: Start isEmptyHeuristic. Operand  has 5 states, 3 states have (on average 1.6666666666666667) internal successors, (5), 4 states have internal predecessors, (5), 0 states have call successors, (0), 0 states have call predecessors, (0), 0 states have return successors, (0), 0 states have call predecessors, (0), 0 states have call successors, (0)
[2026-06-06 15:15:48,069 INFO  L188       IsEmptyHeuristic]: Finished isEmptyHeuristic. Found accepting run of length 15
[2026-06-06 15:15:48,069 INFO  L163        IsEmptyParallel]: Finished isEmptyParallel. Found accepting run of length 15
[2026-06-06 15:15:48,069 WARN  L753                IsEmpty]: Correctness of emptinessCheck not tested.
[2026-06-06 15:15:48,069 INFO  L79                 Accepts]: Start accepts. Automaton has  has 5 states, 3 states have (on average 1.6666666666666667) internal successors, (5), 4 states have internal predecessors, (5), 0 states have call successors, (0), 0 states have call predecessors, (0), 0 states have return successors, (0), 0 states have call predecessors, (0), 0 states have call successors, (0) Word has length 14
[2026-06-06 15:15:48,069 INFO  L85                 Accepts]: Finished accepts. word is accepted.
[2026-06-06 15:15:48,069 INFO  L757                IsEmpty]: Finished testing correctness of emptinessCheck
[2026-06-06 15:15:48,069 INFO  L290                IsEmpty]: Start isEmptyParallel. Operand  has 5 states, 3 states have (on average 1.6666666666666667) internal successors, (5), 4 states have internal predecessors, (5), 0 states have call successors, (0), 0 states have call predecessors, (0), 0 states have return successors, (0), 0 states have call predecessors, (0), 0 states have call successors, (0)
[2026-06-06 15:15:48,069 INFO  L300                IsEmpty]: Finished isEmptyParallel. No accepting run.
[2026-06-06 15:15:48,069 INFO  L156        IsEmptyParallel]: Start isEmptyParallel. Operand  has 5 states, 3 states have (on average 1.6666666666666667) internal successors, (5), 4 states have internal predecessors, (5), 0 states have call successors, (0), 0 states have call predecessors, (0), 0 states have return successors, (0), 0 states have call predecessors, (0), 0 states have call successors, (0)
[2026-06-06 15:15:48,070 INFO  L182       IsEmptyHeuristic]: Start isEmptyHeuristic. Operand  has 5 states, 3 states have (on average 1.6666666666666667) internal successors, (5), 4 states have internal predecessors, (5), 0 states have call successors, (0), 0 states have call predecessors, (0), 0 states have return successors, (0), 0 states have call predecessors, (0), 0 states have call successors, (0)
[2026-06-06 15:15:48,070 INFO  L188       IsEmptyHeuristic]: Finished isEmptyHeuristic. No accepting run.
[2026-06-06 15:15:48,070 INFO  L182       IsEmptyHeuristic]: Start isEmptyHeuristic. Operand  has 5 states, 3 states have (on average 1.6666666666666667) internal successors, (5), 4 states have internal predecessors, (5), 0 states have call successors, (0), 0 states have call predecessors, (0), 0 states have return successors, (0), 0 states have call predecessors, (0), 0 states have call successors, (0)
[2026-06-06 15:15:48,070 INFO  L188       IsEmptyHeuristic]: Finished isEmptyHeuristic. No accepting run.
[2026-06-06 15:15:48,070 INFO  L182       IsEmptyHeuristic]: Start isEmptyHeuristic. Operand  has 5 states, 3 states have (on average 1.6666666666666667) internal successors, (5), 4 states have internal predecessors, (5), 0 states have call successors, (0), 0 states have call predecessors, (0), 0 states have return successors, (0), 0 states have call predecessors, (0), 0 states have call successors, (0)
[2026-06-06 15:15:48,070 INFO  L188       IsEmptyHeuristic]: Finished isEmptyHeuristic. No accepting run.
[2026-06-06 15:15:48,070 INFO  L182       IsEmptyHeuristic]: Start isEmptyHeuristic. Operand  has 5 states, 3 states have (on average 1.6666666666666667) internal successors, (5), 4 states have internal predecessors, (5), 0 states have call successors, (0), 0 states have call predecessors, (0), 0 states have return successors, (0), 0 states have call predecessors, (0), 0 states have call successors, (0)
[2026-06-06 15:15:48,070 INFO  L188       IsEmptyHeuristic]: Finished isEmptyHeuristic. No accepting run.
[2026-06-06 15:15:48,070 INFO  L182       IsEmptyHeuristic]: Start isEmptyHeuristic. Operand  has 5 states, 3 states have (on average 1.6666666666666667) internal successors, (5), 4 states have internal predecessors, (5), 0 states have call successors, (0), 0 states have call predecessors, (0), 0 states have return successors, (0), 0 states have call predecessors, (0), 0 states have call successors, (0)
[2026-06-06 15:15:48,070 INFO  L188       IsEmptyHeuristic]: Finished isEmptyHeuristic. No accepting run.
[2026-06-06 15:15:48,070 INFO  L182       IsEmptyHeuristic]: Start isEmptyHeuristic. Operand  has 5 states, 3 states have (on average 1.6666666666666667) internal successors, (5), 4 states have internal predecessors, (5), 0 states have call successors, (0), 0 states have call predecessors, (0), 0 states have return successors, (0), 0 states have call predecessors, (0), 0 states have call successors, (0)
[2026-06-06 15:15:48,070 INFO  L188       IsEmptyHeuristic]: Finished isEmptyHeuristic. No accepting run.
[2026-06-06 15:15:48,070 INFO  L182       IsEmptyHeuristic]: Start isEmptyHeuristic. Operand  has 5 states, 3 states have (on average 1.6666666666666667) internal successors, (5), 4 states have internal predecessors, (5), 0 states have call successors, (0), 0 states have call predecessors, (0), 0 states have return successors, (0), 0 states have call predecessors, (0), 0 states have call successors, (0)
[2026-06-06 15:15:48,070 INFO  L188       IsEmptyHeuristic]: Finished isEmptyHeuristic. No accepting run.
[2026-06-06 15:15:48,070 INFO  L182       IsEmptyHeuristic]: Start isEmptyHeuristic. Operand  has 5 states, 3 states have (on average 1.6666666666666667) internal successors, (5), 4 states have internal predecessors, (5), 0 states have call successors, (0), 0 states have call predecessors, (0), 0 states have return successors, (0), 0 states have call predecessors, (0), 0 states have call successors, (0)
[2026-06-06 15:15:48,070 INFO  L188       IsEmptyHeuristic]: Finished isEmptyHeuristic. No accepting run.
[2026-06-06 15:15:48,070 INFO  L182       IsEmptyHeuristic]: Start isEmptyHeuristic. Operand  has 5 states, 3 states have (on average 1.6666666666666667) internal successors, (5), 4 states have internal predecessors, (5), 0 states have call successors, (0), 0 states have call predecessors, (0), 0 states have return successors, (0), 0 states have call predecessors, (0), 0 states have call successors, (0)
[2026-06-06 15:15:48,070 INFO  L188       IsEmptyHeuristic]: Finished isEmptyHeuristic. No accepting run.
[2026-06-06 15:15:48,070 INFO  L182       IsEmptyHeuristic]: Start isEmptyHeuristic. Operand  has 5 states, 3 states have (on average 1.6666666666666667) internal successors, (5), 4 states have internal predecessors, (5), 0 states have call successors, (0), 0 states have call predecessors, (0), 0 states have return successors, (0), 0 states have call predecessors, (0), 0 states have call successors, (0)
[2026-06-06 15:15:48,071 INFO  L188       IsEmptyHeuristic]: Finished isEmptyHeuristic. No accepting run.
[2026-06-06 15:15:48,071 INFO  L182       IsEmptyHeuristic]: Start isEmptyHeuristic. Operand  has 5 states, 3 states have (on average 1.6666666666666667) internal successors, (5), 4 states have internal predecessors, (5), 0 states have call successors, (0), 0 states have call predecessors, (0), 0 states have return successors, (0), 0 states have call predecessors, (0), 0 states have call successors, (0)
[2026-06-06 15:15:48,071 INFO  L188       IsEmptyHeuristic]: Finished isEmptyHeuristic. No accepting run.
[2026-06-06 15:15:48,071 INFO  L182       IsEmptyHeuristic]: Start isEmptyHeuristic. Operand  has 5 states, 3 states have (on average 1.6666666666666667) internal successors, (5), 4 states have internal predecessors, (5), 0 states have call successors, (0), 0 states have call predecessors, (0), 0 states have return successors, (0), 0 states have call predecessors, (0), 0 states have call successors, (0)
[2026-06-06 15:15:48,071 INFO  L188       IsEmptyHeuristic]: Finished isEmptyHeuristic. No accepting run.
[2026-06-06 15:15:48,071 INFO  L182       IsEmptyHeuristic]: Start isEmptyHeuristic. Operand  has 5 states, 3 states have (on average 1.6666666666666667) internal successors, (5), 4 states have internal predecessors, (5), 0 states have call successors, (0), 0 states have call predecessors, (0), 0 states have return successors, (0), 0 states have call predecessors, (0), 0 states have call successors, (0)
[2026-06-06 15:15:48,071 INFO  L188       IsEmptyHeuristic]: Finished isEmptyHeuristic. Found accepting run of length 18
[2026-06-06 15:15:48,071 INFO  L163        IsEmptyParallel]: Finished isEmptyParallel. Found accepting run of length 18
[2026-06-06 15:15:48,071 WARN  L753                IsEmpty]: Correctness of emptinessCheck not tested.
[2026-06-06 15:15:48,071 INFO  L79                 Accepts]: Start accepts. Automaton has  has 5 states, 3 states have (on average 1.6666666666666667) internal successors, (5), 4 states have internal predecessors, (5), 0 states have call successors, (0), 0 states have call predecessors, (0), 0 states have return successors, (0), 0 states have call predecessors, (0), 0 states have call successors, (0) Word has length 17
[2026-06-06 15:15:48,071 INFO  L85                 Accepts]: Finished accepts. word is accepted.
[2026-06-06 15:15:48,071 INFO  L757                IsEmpty]: Finished testing correctness of emptinessCheck
[2026-06-06 15:15:48,071 INFO  L290                IsEmpty]: Start isEmptyParallel. Operand  has 5 states, 3 states have (on average 1.6666666666666667) internal successors, (5), 4 states have internal predecessors, (5), 0 states have call successors, (0), 0 states have call predecessors, (0), 0 states have return successors, (0), 0 states have call predecessors, (0), 0 states have call successors, (0)
[2026-06-06 15:15:48,071 INFO  L300                IsEmpty]: Finished isEmptyParallel. No accepting run.
[2026-06-06 15:15:48,071 INFO  L156        IsEmptyParallel]: Start isEmptyParallel. Operand  has 5 states, 3 states have (on average 1.6666666666666667) internal successors, (5), 4 states have internal predecessors, (5), 0 states have call successors, (0), 0 states have call predecessors, (0), 0 states have return successors, (0), 0 states have call predecessors, (0), 0 states have call successors, (0)
[2026-06-06 15:15:48,071 INFO  L182       IsEmptyHeuristic]: Start isEmptyHeuristic. Operand  has 5 states, 3 states have (on average 1.6666666666666667) internal successors, (5), 4 states have internal predecessors, (5), 0 states have call successors, (0), 0 states have call predecessors, (0), 0 states have return successors, (0), 0 states have call predecessors, (0), 0 states have call successors, (0)
[2026-06-06 15:15:48,071 INFO  L188       IsEmptyHeuristic]: Finished isEmptyHeuristic. No accepting run.
[2026-06-06 15:15:48,071 INFO  L182       IsEmptyHeuristic]: Start isEmptyHeuristic. Operand  has 5 states, 3 states have (on average 1.6666666666666667) internal successors, (5), 4 states have internal predecessors, (5), 0 states have call successors, (0), 0 states have call predecessors, (0), 0 states have return successors, (0), 0 states have call predecessors, (0), 0 states have call successors, (0)
[2026-06-06 15:15:48,071 INFO  L188       IsEmptyHeuristic]: Finished isEmptyHeuristic. No accepting run.
[2026-06-06 15:15:48,071 INFO  L182       IsEmptyHeuristic]: Start isEmptyHeuristic. Operand  has 5 states, 3 states have (on average 1.6666666666666667) internal successors, (5), 4 states have internal predecessors, (5), 0 states have call successors, (0), 0 states have call predecessors, (0), 0 states have return successors, (0), 0 states have call predecessors, (0), 0 states have call successors, (0)
[2026-06-06 15:15:48,071 INFO  L188       IsEmptyHeuristic]: Finished isEmptyHeuristic. No accepting run.
[2026-06-06 15:15:48,071 INFO  L182       IsEmptyHeuristic]: Start isEmptyHeuristic. Operand  has 5 states, 3 states have (on average 1.6666666666666667) internal successors, (5), 4 states have internal predecessors, (5), 0 states have call successors, (0), 0 states have call predecessors, (0), 0 states have return successors, (0), 0 states have call predecessors, (0), 0 states have call successors, (0)
[2026-06-06 15:15:48,071 INFO  L188       IsEmptyHeuristic]: Finished isEmptyHeuristic. No accepting run.
[2026-06-06 15:15:48,072 INFO  L182       IsEmptyHeuristic]: Start isEmptyHeuristic. Operand  has 5 states, 3 states have (on average 1.6666666666666667) internal successors, (5), 4 states have internal predecessors, (5), 0 states have call successors, (0), 0 states have call predecessors, (0), 0 states have return successors, (0), 0 states have call predecessors, (0), 0 states have call successors, (0)
[2026-06-06 15:15:48,072 INFO  L188       IsEmptyHeuristic]: Finished isEmptyHeuristic. No accepting run.
[2026-06-06 15:15:48,072 INFO  L182       IsEmptyHeuristic]: Start isEmptyHeuristic. Operand  has 5 states, 3 states have (on average 1.6666666666666667) internal successors, (5), 4 states have internal predecessors, (5), 0 states have call successors, (0), 0 states have call predecessors, (0), 0 states have return successors, (0), 0 states have call predecessors, (0), 0 states have call successors, (0)
[2026-06-06 15:15:48,072 INFO  L188       IsEmptyHeuristic]: Finished isEmptyHeuristic. No accepting run.
[2026-06-06 15:15:48,072 INFO  L182       IsEmptyHeuristic]: Start isEmptyHeuristic. Operand  has 5 states, 3 states have (on average 1.6666666666666667) internal successors, (5), 4 states have internal predecessors, (5), 0 states have call successors, (0), 0 states have call predecessors, (0), 0 states have return successors, (0), 0 states have call predecessors, (0), 0 states have call successors, (0)
[2026-06-06 15:15:48,072 INFO  L188       IsEmptyHeuristic]: Finished isEmptyHeuristic. No accepting run.
[2026-06-06 15:15:48,073 INFO  L182       IsEmptyHeuristic]: Start isEmptyHeuristic. Operand  has 5 states, 3 states have (on average 1.6666666666666667) internal successors, (5), 4 states have internal predecessors, (5), 0 states have call successors, (0), 0 states have call predecessors, (0), 0 states have return successors, (0), 0 states have call predecessors, (0), 0 states have call successors, (0)
[2026-06-06 15:15:48,073 INFO  L188       IsEmptyHeuristic]: Finished isEmptyHeuristic. No accepting run.
[2026-06-06 15:15:48,073 INFO  L182       IsEmptyHeuristic]: Start isEmptyHeuristic. Operand  has 5 states, 3 states have (on average 1.6666666666666667) internal successors, (5), 4 states have internal predecessors, (5), 0 states have call successors, (0), 0 states have call predecessors, (0), 0 states have return successors, (0), 0 states have call predecessors, (0), 0 states have call successors, (0)
[2026-06-06 15:15:48,073 INFO  L188       IsEmptyHeuristic]: Finished isEmptyHeuristic. No accepting run.
[2026-06-06 15:15:48,073 INFO  L182       IsEmptyHeuristic]: Start isEmptyHeuristic. Operand  has 5 states, 3 states have (on average 1.6666666666666667) internal successors, (5), 4 states have internal predecessors, (5), 0 states have call successors, (0), 0 states have call predecessors, (0), 0 states have return successors, (0), 0 states have call predecessors, (0), 0 states have call successors, (0)
[2026-06-06 15:15:48,073 INFO  L188       IsEmptyHeuristic]: Finished isEmptyHeuristic. No accepting run.
[2026-06-06 15:15:48,073 INFO  L182       IsEmptyHeuristic]: Start isEmptyHeuristic. Operand  has 5 states, 3 states have (on average 1.6666666666666667) internal successors, (5), 4 states have internal predecessors, (5), 0 states have call successors, (0), 0 states have call predecessors, (0), 0 states have return successors, (0), 0 states have call predecessors, (0), 0 states have call successors, (0)
[2026-06-06 15:15:48,073 INFO  L188       IsEmptyHeuristic]: Finished isEmptyHeuristic. No accepting run.
[2026-06-06 15:15:48,073 INFO  L182       IsEmptyHeuristic]: Start isEmptyHeuristic. Operand  has 5 states, 3 states have (on average 1.6666666666666667) internal successors, (5), 4 states have internal predecessors, (5), 0 states have call successors, (0), 0 states have call predecessors, (0), 0 states have return successors, (0), 0 states have call predecessors, (0), 0 states have call successors, (0)
[2026-06-06 15:15:48,073 INFO  L188       IsEmptyHeuristic]: Finished isEmptyHeuristic. No accepting run.
[2026-06-06 15:15:48,073 INFO  L182       IsEmptyHeuristic]: Start isEmptyHeuristic. Operand  has 5 states, 3 states have (on average 1.6666666666666667) internal successors, (5), 4 states have internal predecessors, (5), 0 states have call successors, (0), 0 states have call predecessors, (0), 0 states have return successors, (0), 0 states have call predecessors, (0), 0 states have call successors, (0)
[2026-06-06 15:15:48,073 INFO  L188       IsEmptyHeuristic]: Finished isEmptyHeuristic. No accepting run.
[2026-06-06 15:15:48,073 INFO  L182       IsEmptyHeuristic]: Start isEmptyHeuristic. Operand  has 5 states, 3 states have (on average 1.6666666666666667) internal successors, (5), 4 states have internal predecessors, (5), 0 states have call successors, (0), 0 states have call predecessors, (0), 0 states have return successors, (0), 0 states have call predecessors, (0), 0 states have call successors, (0)
[2026-06-06 15:15:48,074 INFO  L188       IsEmptyHeuristic]: Finished isEmptyHeuristic. Found accepting run of length 17
[2026-06-06 15:15:48,074 INFO  L163        IsEmptyParallel]: Finished isEmptyParallel. Found accepting run of length 17
[2026-06-06 15:15:48,074 WARN  L753                IsEmpty]: Correctness of emptinessCheck not tested.
[2026-06-06 15:15:48,074 INFO  L79                 Accepts]: Start accepts. Automaton has  has 5 states, 3 states have (on average 1.6666666666666667) internal successors, (5), 4 states have internal predecessors, (5), 0 states have call successors, (0), 0 states have call predecessors, (0), 0 states have return successors, (0), 0 states have call predecessors, (0), 0 states have call successors, (0) Word has length 16
[2026-06-06 15:15:48,074 INFO  L85                 Accepts]: Finished accepts. word is accepted.
[2026-06-06 15:15:48,074 INFO  L757                IsEmpty]: Finished testing correctness of emptinessCheck
[2026-06-06 15:15:48,074 INFO  L290                IsEmpty]: Start isEmptyParallel. Operand  has 5 states, 3 states have (on average 1.6666666666666667) internal successors, (5), 4 states have internal predecessors, (5), 0 states have call successors, (0), 0 states have call predecessors, (0), 0 states have return successors, (0), 0 states have call predecessors, (0), 0 states have call successors, (0)
[2026-06-06 15:15:48,074 INFO  L300                IsEmpty]: Finished isEmptyParallel. No accepting run.
[2026-06-06 15:15:48,074 INFO  L156        IsEmptyParallel]: Start isEmptyParallel. Operand  has 5 states, 3 states have (on average 1.6666666666666667) internal successors, (5), 4 states have internal predecessors, (5), 0 states have call successors, (0), 0 states have call predecessors, (0), 0 states have return successors, (0), 0 states have call predecessors, (0), 0 states have call successors, (0)
[2026-06-06 15:15:48,074 INFO  L182       IsEmptyHeuristic]: Start isEmptyHeuristic. Operand  has 5 states, 3 states have (on average 1.6666666666666667) internal successors, (5), 4 states have internal predecessors, (5), 0 states have call successors, (0), 0 states have call predecessors, (0), 0 states have return successors, (0), 0 states have call predecessors, (0), 0 states have call successors, (0)
[2026-06-06 15:15:48,074 INFO  L188       IsEmptyHeuristic]: Finished isEmptyHeuristic. No accepting run.
[2026-06-06 15:15:48,074 INFO  L182       IsEmptyHeuristic]: Start isEmptyHeuristic. Operand  has 5 states, 3 states have (on average 1.6666666666666667) internal successors, (5), 4 states have internal predecessors, (5), 0 states have call successors, (0), 0 states have call predecessors, (0), 0 states have return successors, (0), 0 states have call predecessors, (0), 0 states have call successors, (0)
[2026-06-06 15:15:48,074 INFO  L188       IsEmptyHeuristic]: Finished isEmptyHeuristic. No accepting run.
[2026-06-06 15:15:48,074 INFO  L182       IsEmptyHeuristic]: Start isEmptyHeuristic. Operand  has 5 states, 3 states have (on average 1.6666666666666667) internal successors, (5), 4 states have internal predecessors, (5), 0 states have call successors, (0), 0 states have call predecessors, (0), 0 states have return successors, (0), 0 states have call predecessors, (0), 0 states have call successors, (0)
[2026-06-06 15:15:48,074 INFO  L188       IsEmptyHeuristic]: Finished isEmptyHeuristic. No accepting run.
[2026-06-06 15:15:48,074 INFO  L182       IsEmptyHeuristic]: Start isEmptyHeuristic. Operand  has 5 states, 3 states have (on average 1.6666666666666667) internal successors, (5), 4 states have internal predecessors, (5), 0 states have call successors, (0), 0 states have call predecessors, (0), 0 states have return successors, (0), 0 states have call predecessors, (0), 0 states have call successors, (0)
[2026-06-06 15:15:48,074 INFO  L188       IsEmptyHeuristic]: Finished isEmptyHeuristic. No accepting run.
[2026-06-06 15:15:48,074 INFO  L182       IsEmptyHeuristic]: Start isEmptyHeuristic. Operand  has 5 states, 3 states have (on average 1.6666666666666667) internal successors, (5), 4 states have internal predecessors, (5), 0 states have call successors, (0), 0 states have call predecessors, (0), 0 states have return successors, (0), 0 states have call predecessors, (0), 0 states have call successors, (0)
[2026-06-06 15:15:48,074 INFO  L188       IsEmptyHeuristic]: Finished isEmptyHeuristic. No accepting run.
[2026-06-06 15:15:48,074 INFO  L182       IsEmptyHeuristic]: Start isEmptyHeuristic. Operand  has 5 states, 3 states have (on average 1.6666666666666667) internal successors, (5), 4 states have internal predecessors, (5), 0 states have call successors, (0), 0 states have call predecessors, (0), 0 states have return successors, (0), 0 states have call predecessors, (0), 0 states have call successors, (0)
[2026-06-06 15:15:48,074 INFO  L188       IsEmptyHeuristic]: Finished isEmptyHeuristic. No accepting run.
[2026-06-06 15:15:48,074 INFO  L182       IsEmptyHeuristic]: Start isEmptyHeuristic. Operand  has 5 states, 3 states have (on average 1.6666666666666667) internal successors, (5), 4 states have internal predecessors, (5), 0 states have call successors, (0), 0 states have call predecessors, (0), 0 states have return successors, (0), 0 states have call predecessors, (0), 0 states have call successors, (0)
[2026-06-06 15:15:48,074 INFO  L188       IsEmptyHeuristic]: Finished isEmptyHeuristic. No accepting run.
[2026-06-06 15:15:48,075 INFO  L182       IsEmptyHeuristic]: Start isEmptyHeuristic. Operand  has 5 states, 3 states have (on average 1.6666666666666667) internal successors, (5), 4 states have internal predecessors, (5), 0 states have call successors, (0), 0 states have call predecessors, (0), 0 states have return successors, (0), 0 states have call predecessors, (0), 0 states have call successors, (0)
[2026-06-06 15:15:48,075 INFO  L188       IsEmptyHeuristic]: Finished isEmptyHeuristic. No accepting run.
[2026-06-06 15:15:48,075 INFO  L182       IsEmptyHeuristic]: Start isEmptyHeuristic. Operand  has 5 states, 3 states have (on average 1.6666666666666667) internal successors, (5), 4 states have internal predecessors, (5), 0 states have call successors, (0), 0 states have call predecessors, (0), 0 states have return successors, (0), 0 states have call predecessors, (0), 0 states have call successors, (0)
[2026-06-06 15:15:48,075 INFO  L188       IsEmptyHeuristic]: Finished isEmptyHeuristic. No accepting run.
[2026-06-06 15:15:48,075 INFO  L182       IsEmptyHeuristic]: Start isEmptyHeuristic. Operand  has 5 states, 3 states have (on average 1.6666666666666667) internal successors, (5), 4 states have internal predecessors, (5), 0 states have call successors, (0), 0 states have call predecessors, (0), 0 states have return successors, (0), 0 states have call predecessors, (0), 0 states have call successors, (0)
[2026-06-06 15:15:48,075 INFO  L188       IsEmptyHeuristic]: Finished isEmptyHeuristic. No accepting run.
[2026-06-06 15:15:48,075 INFO  L182       IsEmptyHeuristic]: Start isEmptyHeuristic. Operand  has 5 states, 3 states have (on average 1.6666666666666667) internal successors, (5), 4 states have internal predecessors, (5), 0 states have call successors, (0), 0 states have call predecessors, (0), 0 states have return successors, (0), 0 states have call predecessors, (0), 0 states have call successors, (0)
[2026-06-06 15:15:48,075 INFO  L188       IsEmptyHeuristic]: Finished isEmptyHeuristic. No accepting run.
[2026-06-06 15:15:48,075 INFO  L182       IsEmptyHeuristic]: Start isEmptyHeuristic. Operand  has 5 states, 3 states have (on average 1.6666666666666667) internal successors, (5), 4 states have internal predecessors, (5), 0 states have call successors, (0), 0 states have call predecessors, (0), 0 states have return successors, (0), 0 states have call predecessors, (0), 0 states have call successors, (0)
[2026-06-06 15:15:48,075 INFO  L188       IsEmptyHeuristic]: Finished isEmptyHeuristic. No accepting run.
[2026-06-06 15:15:48,075 INFO  L182       IsEmptyHeuristic]: Start isEmptyHeuristic. Operand  has 5 states, 3 states have (on average 1.6666666666666667) internal successors, (5), 4 states have internal predecessors, (5), 0 states have call successors, (0), 0 states have call predecessors, (0), 0 states have return successors, (0), 0 states have call predecessors, (0), 0 states have call successors, (0)
[2026-06-06 15:15:48,075 INFO  L188       IsEmptyHeuristic]: Finished isEmptyHeuristic. No accepting run.
[2026-06-06 15:15:48,075 INFO  L182       IsEmptyHeuristic]: Start isEmptyHeuristic. Operand  has 5 states, 3 states have (on average 1.6666666666666667) internal successors, (5), 4 states have internal predecessors, (5), 0 states have call successors, (0), 0 states have call predecessors, (0), 0 states have return successors, (0), 0 states have call predecessors, (0), 0 states have call successors, (0)
[2026-06-06 15:15:48,075 INFO  L188       IsEmptyHeuristic]: Finished isEmptyHeuristic. No accepting run.
[2026-06-06 15:15:48,075 INFO  L182       IsEmptyHeuristic]: Start isEmptyHeuristic. Operand  has 5 states, 3 states have (on average 1.6666666666666667) internal successors, (5), 4 states have internal predecessors, (5), 0 states have call successors, (0), 0 states have call predecessors, (0), 0 states have return successors, (0), 0 states have call predecessors, (0), 0 states have call successors, (0)
[2026-06-06 15:15:48,075 INFO  L188       IsEmptyHeuristic]: Finished isEmptyHeuristic. Found accepting run of length 20
[2026-06-06 15:15:48,076 INFO  L163        IsEmptyParallel]: Finished isEmptyParallel. Found accepting run of length 20
[2026-06-06 15:15:48,076 WARN  L753                IsEmpty]: Correctness of emptinessCheck not tested.
[2026-06-06 15:15:48,076 INFO  L79                 Accepts]: Start accepts. Automaton has  has 5 states, 3 states have (on average 1.6666666666666667) internal successors, (5), 4 states have internal predecessors, (5), 0 states have call successors, (0), 0 states have call predecessors, (0), 0 states have return successors, (0), 0 states have call predecessors, (0), 0 states have call successors, (0) Word has length 19
[2026-06-06 15:15:48,076 INFO  L85                 Accepts]: Finished accepts. word is accepted.
[2026-06-06 15:15:48,076 INFO  L757                IsEmpty]: Finished testing correctness of emptinessCheck
[2026-06-06 15:15:48,076 INFO  L290                IsEmpty]: Start isEmptyParallel. Operand  has 5 states, 3 states have (on average 1.6666666666666667) internal successors, (5), 4 states have internal predecessors, (5), 0 states have call successors, (0), 0 states have call predecessors, (0), 0 states have return successors, (0), 0 states have call predecessors, (0), 0 states have call successors, (0)
[2026-06-06 15:15:48,076 INFO  L300                IsEmpty]: Finished isEmptyParallel. No accepting run.
[2026-06-06 15:15:48,076 INFO  L156        IsEmptyParallel]: Start isEmptyParallel. Operand  has 5 states, 3 states have (on average 1.6666666666666667) internal successors, (5), 4 states have internal predecessors, (5), 0 states have call successors, (0), 0 states have call predecessors, (0), 0 states have return successors, (0), 0 states have call predecessors, (0), 0 states have call successors, (0)
[2026-06-06 15:15:48,076 INFO  L182       IsEmptyHeuristic]: Start isEmptyHeuristic. Operand  has 5 states, 3 states have (on average 1.6666666666666667) internal successors, (5), 4 states have internal predecessors, (5), 0 states have call successors, (0), 0 states have call predecessors, (0), 0 states have return successors, (0), 0 states have call predecessors, (0), 0 states have call successors, (0)
[2026-06-06 15:15:48,076 INFO  L188       IsEmptyHeuristic]: Finished isEmptyHeuristic. No accepting run.
[2026-06-06 15:15:48,076 INFO  L182       IsEmptyHeuristic]: Start isEmptyHeuristic. Operand  has 5 states, 3 states have (on average 1.6666666666666667) internal successors, (5), 4 states have internal predecessors, (5), 0 states have call successors, (0), 0 states have call predecessors, (0), 0 states have return successors, (0), 0 states have call predecessors, (0), 0 states have call successors, (0)
[2026-06-06 15:15:48,076 INFO  L188       IsEmptyHeuristic]: Finished isEmptyHeuristic. No accepting run.
[2026-06-06 15:15:48,076 INFO  L182       IsEmptyHeuristic]: Start isEmptyHeuristic. Operand  has 5 states, 3 states have (on average 1.6666666666666667) internal successors, (5), 4 states have internal predecessors, (5), 0 states have call successors, (0), 0 states have call predecessors, (0), 0 states have return successors, (0), 0 states have call predecessors, (0), 0 states have call successors, (0)
[2026-06-06 15:15:48,076 INFO  L188       IsEmptyHeuristic]: Finished isEmptyHeuristic. No accepting run.
[2026-06-06 15:15:48,076 INFO  L182       IsEmptyHeuristic]: Start isEmptyHeuristic. Operand  has 5 states, 3 states have (on average 1.6666666666666667) internal successors, (5), 4 states have internal predecessors, (5), 0 states have call successors, (0), 0 states have call predecessors, (0), 0 states have return successors, (0), 0 states have call predecessors, (0), 0 states have call successors, (0)
[2026-06-06 15:15:48,076 INFO  L188       IsEmptyHeuristic]: Finished isEmptyHeuristic. No accepting run.
[2026-06-06 15:15:48,076 INFO  L182       IsEmptyHeuristic]: Start isEmptyHeuristic. Operand  has 5 states, 3 states have (on average 1.6666666666666667) internal successors, (5), 4 states have internal predecessors, (5), 0 states have call successors, (0), 0 states have call predecessors, (0), 0 states have return successors, (0), 0 states have call predecessors, (0), 0 states have call successors, (0)
[2026-06-06 15:15:48,076 INFO  L188       IsEmptyHeuristic]: Finished isEmptyHeuristic. No accepting run.
[2026-06-06 15:15:48,076 INFO  L182       IsEmptyHeuristic]: Start isEmptyHeuristic. Operand  has 5 states, 3 states have (on average 1.6666666666666667) internal successors, (5), 4 states have internal predecessors, (5), 0 states have call successors, (0), 0 states have call predecessors, (0), 0 states have return successors, (0), 0 states have call predecessors, (0), 0 states have call successors, (0)
[2026-06-06 15:15:48,076 INFO  L188       IsEmptyHeuristic]: Finished isEmptyHeuristic. No accepting run.
[2026-06-06 15:15:48,076 INFO  L182       IsEmptyHeuristic]: Start isEmptyHeuristic. Operand  has 5 states, 3 states have (on average 1.6666666666666667) internal successors, (5), 4 states have internal predecessors, (5), 0 states have call successors, (0), 0 states have call predecessors, (0), 0 states have return successors, (0), 0 states have call predecessors, (0), 0 states have call successors, (0)
[2026-06-06 15:15:48,076 INFO  L188       IsEmptyHeuristic]: Finished isEmptyHeuristic. No accepting run.
[2026-06-06 15:15:48,076 INFO  L182       IsEmptyHeuristic]: Start isEmptyHeuristic. Operand  has 5 states, 3 states have (on average 1.6666666666666667) internal successors, (5), 4 states have internal predecessors, (5), 0 states have call successors, (0), 0 states have call predecessors, (0), 0 states have return successors, (0), 0 states have call predecessors, (0), 0 states have call successors, (0)
[2026-06-06 15:15:48,077 INFO  L188       IsEmptyHeuristic]: Finished isEmptyHeuristic. No accepting run.
[2026-06-06 15:15:48,077 INFO  L182       IsEmptyHeuristic]: Start isEmptyHeuristic. Operand  has 5 states, 3 states have (on average 1.6666666666666667) internal successors, (5), 4 states have internal predecessors, (5), 0 states have call successors, (0), 0 states have call predecessors, (0), 0 states have return successors, (0), 0 states have call predecessors, (0), 0 states have call successors, (0)
[2026-06-06 15:15:48,077 INFO  L188       IsEmptyHeuristic]: Finished isEmptyHeuristic. No accepting run.
[2026-06-06 15:15:48,077 INFO  L182       IsEmptyHeuristic]: Start isEmptyHeuristic. Operand  has 5 states, 3 states have (on average 1.6666666666666667) internal successors, (5), 4 states have internal predecessors, (5), 0 states have call successors, (0), 0 states have call predecessors, (0), 0 states have return successors, (0), 0 states have call predecessors, (0), 0 states have call successors, (0)
[2026-06-06 15:15:48,077 INFO  L188       IsEmptyHeuristic]: Finished isEmptyHeuristic. No accepting run.
[2026-06-06 15:15:48,077 INFO  L182       IsEmptyHeuristic]: Start isEmptyHeuristic. Operand  has 5 states, 3 states have (on average 1.6666666666666667) internal successors, (5), 4 states have internal predecessors, (5), 0 states have call successors, (0), 0 states have call predecessors, (0), 0 states have return successors, (0), 0 states have call predecessors, (0), 0 states have call successors, (0)
[2026-06-06 15:15:48,077 INFO  L188       IsEmptyHeuristic]: Finished isEmptyHeuristic. No accepting run.
[2026-06-06 15:15:48,077 INFO  L182       IsEmptyHeuristic]: Start isEmptyHeuristic. Operand  has 5 states, 3 states have (on average 1.6666666666666667) internal successors, (5), 4 states have internal predecessors, (5), 0 states have call successors, (0), 0 states have call predecessors, (0), 0 states have return successors, (0), 0 states have call predecessors, (0), 0 states have call successors, (0)
[2026-06-06 15:15:48,077 INFO  L188       IsEmptyHeuristic]: Finished isEmptyHeuristic. No accepting run.
[2026-06-06 15:15:48,077 INFO  L182       IsEmptyHeuristic]: Start isEmptyHeuristic. Operand  has 5 states, 3 states have (on average 1.6666666666666667) internal successors, (5), 4 states have internal predecessors, (5), 0 states have call successors, (0), 0 states have call predecessors, (0), 0 states have return successors, (0), 0 states have call predecessors, (0), 0 states have call successors, (0)
[2026-06-06 15:15:48,077 INFO  L188       IsEmptyHeuristic]: Finished isEmptyHeuristic. No accepting run.
[2026-06-06 15:15:48,077 INFO  L182       IsEmptyHeuristic]: Start isEmptyHeuristic. Operand  has 5 states, 3 states have (on average 1.6666666666666667) internal successors, (5), 4 states have internal predecessors, (5), 0 states have call successors, (0), 0 states have call predecessors, (0), 0 states have return successors, (0), 0 states have call predecessors, (0), 0 states have call successors, (0)
[2026-06-06 15:15:48,077 INFO  L188       IsEmptyHeuristic]: Finished isEmptyHeuristic. No accepting run.
[2026-06-06 15:15:48,077 INFO  L182       IsEmptyHeuristic]: Start isEmptyHeuristic. Operand  has 5 states, 3 states have (on average 1.6666666666666667) internal successors, (5), 4 states have internal predecessors, (5), 0 states have call successors, (0), 0 states have call predecessors, (0), 0 states have return successors, (0), 0 states have call predecessors, (0), 0 states have call successors, (0)
[2026-06-06 15:15:48,077 INFO  L188       IsEmptyHeuristic]: Finished isEmptyHeuristic. No accepting run.
[2026-06-06 15:15:48,077 INFO  L182       IsEmptyHeuristic]: Start isEmptyHeuristic. Operand  has 5 states, 3 states have (on average 1.6666666666666667) internal successors, (5), 4 states have internal predecessors, (5), 0 states have call successors, (0), 0 states have call predecessors, (0), 0 states have return successors, (0), 0 states have call predecessors, (0), 0 states have call successors, (0)
[2026-06-06 15:15:48,078 INFO  L188       IsEmptyHeuristic]: Finished isEmptyHeuristic. Found accepting run of length 19
[2026-06-06 15:15:48,078 INFO  L163        IsEmptyParallel]: Finished isEmptyParallel. Found accepting run of length 19
[2026-06-06 15:15:48,078 WARN  L753                IsEmpty]: Correctness of emptinessCheck not tested.
[2026-06-06 15:15:48,078 INFO  L79                 Accepts]: Start accepts. Automaton has  has 5 states, 3 states have (on average 1.6666666666666667) internal successors, (5), 4 states have internal predecessors, (5), 0 states have call successors, (0), 0 states have call predecessors, (0), 0 states have return successors, (0), 0 states have call predecessors, (0), 0 states have call successors, (0) Word has length 18
[2026-06-06 15:15:48,078 INFO  L85                 Accepts]: Finished accepts. word is accepted.
[2026-06-06 15:15:48,078 INFO  L757                IsEmpty]: Finished testing correctness of emptinessCheck
[2026-06-06 15:15:48,078 INFO  L290                IsEmpty]: Start isEmptyParallel. Operand  has 5 states, 3 states have (on average 1.6666666666666667) internal successors, (5), 4 states have internal predecessors, (5), 0 states have call successors, (0), 0 states have call predecessors, (0), 0 states have return successors, (0), 0 states have call predecessors, (0), 0 states have call successors, (0)
[2026-06-06 15:15:48,078 INFO  L300                IsEmpty]: Finished isEmptyParallel. No accepting run.
[2026-06-06 15:15:48,078 INFO  L156        IsEmptyParallel]: Start isEmptyParallel. Operand  has 5 states, 3 states have (on average 1.6666666666666667) internal successors, (5), 4 states have internal predecessors, (5), 0 states have call successors, (0), 0 states have call predecessors, (0), 0 states have return successors, (0), 0 states have call predecessors, (0), 0 states have call successors, (0)
[2026-06-06 15:15:48,078 INFO  L182       IsEmptyHeuristic]: Start isEmptyHeuristic. Operand  has 5 states, 3 states have (on average 1.6666666666666667) internal successors, (5), 4 states have internal predecessors, (5), 0 states have call successors, (0), 0 states have call predecessors, (0), 0 states have return successors, (0), 0 states have call predecessors, (0), 0 states have call successors, (0)
[2026-06-06 15:15:48,078 INFO  L188       IsEmptyHeuristic]: Finished isEmptyHeuristic. No accepting run.
[2026-06-06 15:15:48,078 INFO  L182       IsEmptyHeuristic]: Start isEmptyHeuristic. Operand  has 5 states, 3 states have (on average 1.6666666666666667) internal successors, (5), 4 states have internal predecessors, (5), 0 states have call successors, (0), 0 states have call predecessors, (0), 0 states have return successors, (0), 0 states have call predecessors, (0), 0 states have call successors, (0)
[2026-06-06 15:15:48,078 INFO  L188       IsEmptyHeuristic]: Finished isEmptyHeuristic. No accepting run.
[2026-06-06 15:15:48,078 INFO  L182       IsEmptyHeuristic]: Start isEmptyHeuristic. Operand  has 5 states, 3 states have (on average 1.6666666666666667) internal successors, (5), 4 states have internal predecessors, (5), 0 states have call successors, (0), 0 states have call predecessors, (0), 0 states have return successors, (0), 0 states have call predecessors, (0), 0 states have call successors, (0)
[2026-06-06 15:15:48,078 INFO  L188       IsEmptyHeuristic]: Finished isEmptyHeuristic. No accepting run.
[2026-06-06 15:15:48,078 INFO  L182       IsEmptyHeuristic]: Start isEmptyHeuristic. Operand  has 5 states, 3 states have (on average 1.6666666666666667) internal successors, (5), 4 states have internal predecessors, (5), 0 states have call successors, (0), 0 states have call predecessors, (0), 0 states have return successors, (0), 0 states have call predecessors, (0), 0 states have call successors, (0)
[2026-06-06 15:15:48,078 INFO  L188       IsEmptyHeuristic]: Finished isEmptyHeuristic. No accepting run.
[2026-06-06 15:15:48,078 INFO  L182       IsEmptyHeuristic]: Start isEmptyHeuristic. Operand  has 5 states, 3 states have (on average 1.6666666666666667) internal successors, (5), 4 states have internal predecessors, (5), 0 states have call successors, (0), 0 states have call predecessors, (0), 0 states have return successors, (0), 0 states have call predecessors, (0), 0 states have call successors, (0)
[2026-06-06 15:15:48,078 INFO  L188       IsEmptyHeuristic]: Finished isEmptyHeuristic. No accepting run.
[2026-06-06 15:15:48,078 INFO  L182       IsEmptyHeuristic]: Start isEmptyHeuristic. Operand  has 5 states, 3 states have (on average 1.6666666666666667) internal successors, (5), 4 states have internal predecessors, (5), 0 states have call successors, (0), 0 states have call predecessors, (0), 0 states have return successors, (0), 0 states have call predecessors, (0), 0 states have call successors, (0)
[2026-06-06 15:15:48,078 INFO  L188       IsEmptyHeuristic]: Finished isEmptyHeuristic. No accepting run.
[2026-06-06 15:15:48,078 INFO  L182       IsEmptyHeuristic]: Start isEmptyHeuristic. Operand  has 5 states, 3 states have (on average 1.6666666666666667) internal successors, (5), 4 states have internal predecessors, (5), 0 states have call successors, (0), 0 states have call predecessors, (0), 0 states have return successors, (0), 0 states have call predecessors, (0), 0 states have call successors, (0)
[2026-06-06 15:15:48,079 INFO  L188       IsEmptyHeuristic]: Finished isEmptyHeuristic. No accepting run.
[2026-06-06 15:15:48,079 INFO  L182       IsEmptyHeuristic]: Start isEmptyHeuristic. Operand  has 5 states, 3 states have (on average 1.6666666666666667) internal successors, (5), 4 states have internal predecessors, (5), 0 states have call successors, (0), 0 states have call predecessors, (0), 0 states have return successors, (0), 0 states have call predecessors, (0), 0 states have call successors, (0)
[2026-06-06 15:15:48,079 INFO  L188       IsEmptyHeuristic]: Finished isEmptyHeuristic. No accepting run.
[2026-06-06 15:15:48,079 INFO  L182       IsEmptyHeuristic]: Start isEmptyHeuristic. Operand  has 5 states, 3 states have (on average 1.6666666666666667) internal successors, (5), 4 states have internal predecessors, (5), 0 states have call successors, (0), 0 states have call predecessors, (0), 0 states have return successors, (0), 0 states have call predecessors, (0), 0 states have call successors, (0)
[2026-06-06 15:15:48,079 INFO  L188       IsEmptyHeuristic]: Finished isEmptyHeuristic. No accepting run.
[2026-06-06 15:15:48,079 INFO  L182       IsEmptyHeuristic]: Start isEmptyHeuristic. Operand  has 5 states, 3 states have (on average 1.6666666666666667) internal successors, (5), 4 states have internal predecessors, (5), 0 states have call successors, (0), 0 states have call predecessors, (0), 0 states have return successors, (0), 0 states have call predecessors, (0), 0 states have call successors, (0)
[2026-06-06 15:15:48,079 INFO  L188       IsEmptyHeuristic]: Finished isEmptyHeuristic. No accepting run.
[2026-06-06 15:15:48,079 INFO  L182       IsEmptyHeuristic]: Start isEmptyHeuristic. Operand  has 5 states, 3 states have (on average 1.6666666666666667) internal successors, (5), 4 states have internal predecessors, (5), 0 states have call successors, (0), 0 states have call predecessors, (0), 0 states have return successors, (0), 0 states have call predecessors, (0), 0 states have call successors, (0)
[2026-06-06 15:15:48,079 INFO  L188       IsEmptyHeuristic]: Finished isEmptyHeuristic. No accepting run.
[2026-06-06 15:15:48,079 INFO  L182       IsEmptyHeuristic]: Start isEmptyHeuristic. Operand  has 5 states, 3 states have (on average 1.6666666666666667) internal successors, (5), 4 states have internal predecessors, (5), 0 states have call successors, (0), 0 states have call predecessors, (0), 0 states have return successors, (0), 0 states have call predecessors, (0), 0 states have call successors, (0)
[2026-06-06 15:15:48,079 INFO  L188       IsEmptyHeuristic]: Finished isEmptyHeuristic. No accepting run.
[2026-06-06 15:15:48,079 INFO  L182       IsEmptyHeuristic]: Start isEmptyHeuristic. Operand  has 5 states, 3 states have (on average 1.6666666666666667) internal successors, (5), 4 states have internal predecessors, (5), 0 states have call successors, (0), 0 states have call predecessors, (0), 0 states have return successors, (0), 0 states have call predecessors, (0), 0 states have call successors, (0)
[2026-06-06 15:15:48,079 INFO  L188       IsEmptyHeuristic]: Finished isEmptyHeuristic. No accepting run.
[2026-06-06 15:15:48,079 INFO  L182       IsEmptyHeuristic]: Start isEmptyHeuristic. Operand  has 5 states, 3 states have (on average 1.6666666666666667) internal successors, (5), 4 states have internal predecessors, (5), 0 states have call successors, (0), 0 states have call predecessors, (0), 0 states have return successors, (0), 0 states have call predecessors, (0), 0 states have call successors, (0)
[2026-06-06 15:15:48,079 INFO  L188       IsEmptyHeuristic]: Finished isEmptyHeuristic. No accepting run.
[2026-06-06 15:15:48,079 INFO  L182       IsEmptyHeuristic]: Start isEmptyHeuristic. Operand  has 5 states, 3 states have (on average 1.6666666666666667) internal successors, (5), 4 states have internal predecessors, (5), 0 states have call successors, (0), 0 states have call predecessors, (0), 0 states have return successors, (0), 0 states have call predecessors, (0), 0 states have call successors, (0)
[2026-06-06 15:15:48,079 INFO  L188       IsEmptyHeuristic]: Finished isEmptyHeuristic. No accepting run.
[2026-06-06 15:15:48,079 INFO  L182       IsEmptyHeuristic]: Start isEmptyHeuristic. Operand  has 5 states, 3 states have (on average 1.6666666666666667) internal successors, (5), 4 states have internal predecessors, (5), 0 states have call successors, (0), 0 states have call predecessors, (0), 0 states have return successors, (0), 0 states have call predecessors, (0), 0 states have call successors, (0)
[2026-06-06 15:15:48,079 INFO  L188       IsEmptyHeuristic]: Finished isEmptyHeuristic. No accepting run.
[2026-06-06 15:15:48,079 INFO  L182       IsEmptyHeuristic]: Start isEmptyHeuristic. Operand  has 5 states, 3 states have (on average 1.6666666666666667) internal successors, (5), 4 states have internal predecessors, (5), 0 states have call successors, (0), 0 states have call predecessors, (0), 0 states have return successors, (0), 0 states have call predecessors, (0), 0 states have call successors, (0)
[2026-06-06 15:15:48,080 INFO  L188       IsEmptyHeuristic]: Finished isEmptyHeuristic. Found accepting run of length 22
[2026-06-06 15:15:48,080 INFO  L163        IsEmptyParallel]: Finished isEmptyParallel. Found accepting run of length 22
[2026-06-06 15:15:48,080 WARN  L753                IsEmpty]: Correctness of emptinessCheck not tested.
[2026-06-06 15:15:48,080 INFO  L79                 Accepts]: Start accepts. Automaton has  has 5 states, 3 states have (on average 1.6666666666666667) internal successors, (5), 4 states have internal predecessors, (5), 0 states have call successors, (0), 0 states have call predecessors, (0), 0 states have return successors, (0), 0 states have call predecessors, (0), 0 states have call successors, (0) Word has length 21
[2026-06-06 15:15:48,080 INFO  L85                 Accepts]: Finished accepts. word is accepted.
[2026-06-06 15:15:48,080 INFO  L757                IsEmpty]: Finished testing correctness of emptinessCheck
[2026-06-06 15:15:48,080 INFO  L290                IsEmpty]: Start isEmptyParallel. Operand  has 5 states, 3 states have (on average 1.6666666666666667) internal successors, (5), 4 states have internal predecessors, (5), 0 states have call successors, (0), 0 states have call predecessors, (0), 0 states have return successors, (0), 0 states have call predecessors, (0), 0 states have call successors, (0)
[2026-06-06 15:15:48,080 INFO  L300                IsEmpty]: Finished isEmptyParallel. No accepting run.
[2026-06-06 15:15:48,080 INFO  L156        IsEmptyParallel]: Start isEmptyParallel. Operand  has 5 states, 3 states have (on average 1.6666666666666667) internal successors, (5), 4 states have internal predecessors, (5), 0 states have call successors, (0), 0 states have call predecessors, (0), 0 states have return successors, (0), 0 states have call predecessors, (0), 0 states have call successors, (0)
[2026-06-06 15:15:48,080 INFO  L182       IsEmptyHeuristic]: Start isEmptyHeuristic. Operand  has 5 states, 3 states have (on average 1.6666666666666667) internal successors, (5), 4 states have internal predecessors, (5), 0 states have call successors, (0), 0 states have call predecessors, (0), 0 states have return successors, (0), 0 states have call predecessors, (0), 0 states have call successors, (0)
[2026-06-06 15:15:48,080 INFO  L188       IsEmptyHeuristic]: Finished isEmptyHeuristic. No accepting run.
[2026-06-06 15:15:48,080 INFO  L182       IsEmptyHeuristic]: Start isEmptyHeuristic. Operand  has 5 states, 3 states have (on average 1.6666666666666667) internal successors, (5), 4 states have internal predecessors, (5), 0 states have call successors, (0), 0 states have call predecessors, (0), 0 states have return successors, (0), 0 states have call predecessors, (0), 0 states have call successors, (0)
[2026-06-06 15:15:48,080 INFO  L188       IsEmptyHeuristic]: Finished isEmptyHeuristic. No accepting run.
[2026-06-06 15:15:48,080 INFO  L182       IsEmptyHeuristic]: Start isEmptyHeuristic. Operand  has 5 states, 3 states have (on average 1.6666666666666667) internal successors, (5), 4 states have internal predecessors, (5), 0 states have call successors, (0), 0 states have call predecessors, (0), 0 states have return successors, (0), 0 states have call predecessors, (0), 0 states have call successors, (0)
[2026-06-06 15:15:48,080 INFO  L188       IsEmptyHeuristic]: Finished isEmptyHeuristic. No accepting run.
[2026-06-06 15:15:48,080 INFO  L182       IsEmptyHeuristic]: Start isEmptyHeuristic. Operand  has 5 states, 3 states have (on average 1.6666666666666667) internal successors, (5), 4 states have internal predecessors, (5), 0 states have call successors, (0), 0 states have call predecessors, (0), 0 states have return successors, (0), 0 states have call predecessors, (0), 0 states have call successors, (0)
[2026-06-06 15:15:48,080 INFO  L188       IsEmptyHeuristic]: Finished isEmptyHeuristic. No accepting run.
[2026-06-06 15:15:48,080 INFO  L182       IsEmptyHeuristic]: Start isEmptyHeuristic. Operand  has 5 states, 3 states have (on average 1.6666666666666667) internal successors, (5), 4 states have internal predecessors, (5), 0 states have call successors, (0), 0 states have call predecessors, (0), 0 states have return successors, (0), 0 states have call predecessors, (0), 0 states have call successors, (0)
[2026-06-06 15:15:48,080 INFO  L188       IsEmptyHeuristic]: Finished isEmptyHeuristic. No accepting run.
[2026-06-06 15:15:48,080 INFO  L182       IsEmptyHeuristic]: Start isEmptyHeuristic. Operand  has 5 states, 3 states have (on average 1.6666666666666667) internal successors, (5), 4 states have internal predecessors, (5), 0 states have call successors, (0), 0 states have call predecessors, (0), 0 states have return successors, (0), 0 states have call predecessors, (0), 0 states have call successors, (0)
[2026-06-06 15:15:48,080 INFO  L188       IsEmptyHeuristic]: Finished isEmptyHeuristic. No accepting run.
[2026-06-06 15:15:48,080 INFO  L182       IsEmptyHeuristic]: Start isEmptyHeuristic. Operand  has 5 states, 3 states have (on average 1.6666666666666667) internal successors, (5), 4 states have internal predecessors, (5), 0 states have call successors, (0), 0 states have call predecessors, (0), 0 states have return successors, (0), 0 states have call predecessors, (0), 0 states have call successors, (0)
[2026-06-06 15:15:48,081 INFO  L188       IsEmptyHeuristic]: Finished isEmptyHeuristic. No accepting run.
[2026-06-06 15:15:48,081 INFO  L182       IsEmptyHeuristic]: Start isEmptyHeuristic. Operand  has 5 states, 3 states have (on average 1.6666666666666667) internal successors, (5), 4 states have internal predecessors, (5), 0 states have call successors, (0), 0 states have call predecessors, (0), 0 states have return successors, (0), 0 states have call predecessors, (0), 0 states have call successors, (0)
[2026-06-06 15:15:48,081 INFO  L188       IsEmptyHeuristic]: Finished isEmptyHeuristic. No accepting run.
[2026-06-06 15:15:48,081 INFO  L182       IsEmptyHeuristic]: Start isEmptyHeuristic. Operand  has 5 states, 3 states have (on average 1.6666666666666667) internal successors, (5), 4 states have internal predecessors, (5), 0 states have call successors, (0), 0 states have call predecessors, (0), 0 states have return successors, (0), 0 states have call predecessors, (0), 0 states have call successors, (0)
[2026-06-06 15:15:48,081 INFO  L188       IsEmptyHeuristic]: Finished isEmptyHeuristic. No accepting run.
[2026-06-06 15:15:48,081 INFO  L182       IsEmptyHeuristic]: Start isEmptyHeuristic. Operand  has 5 states, 3 states have (on average 1.6666666666666667) internal successors, (5), 4 states have internal predecessors, (5), 0 states have call successors, (0), 0 states have call predecessors, (0), 0 states have return successors, (0), 0 states have call predecessors, (0), 0 states have call successors, (0)
[2026-06-06 15:15:48,081 INFO  L188       IsEmptyHeuristic]: Finished isEmptyHeuristic. No accepting run.
[2026-06-06 15:15:48,081 INFO  L182       IsEmptyHeuristic]: Start isEmptyHeuristic. Operand  has 5 states, 3 states have (on average 1.6666666666666667) internal successors, (5), 4 states have internal predecessors, (5), 0 states have call successors, (0), 0 states have call predecessors, (0), 0 states have return successors, (0), 0 states have call predecessors, (0), 0 states have call successors, (0)
[2026-06-06 15:15:48,081 INFO  L188       IsEmptyHeuristic]: Finished isEmptyHeuristic. No accepting run.
[2026-06-06 15:15:48,081 INFO  L182       IsEmptyHeuristic]: Start isEmptyHeuristic. Operand  has 5 states, 3 states have (on average 1.6666666666666667) internal successors, (5), 4 states have internal predecessors, (5), 0 states have call successors, (0), 0 states have call predecessors, (0), 0 states have return successors, (0), 0 states have call predecessors, (0), 0 states have call successors, (0)
[2026-06-06 15:15:48,081 INFO  L188       IsEmptyHeuristic]: Finished isEmptyHeuristic. No accepting run.
[2026-06-06 15:15:48,081 INFO  L182       IsEmptyHeuristic]: Start isEmptyHeuristic. Operand  has 5 states, 3 states have (on average 1.6666666666666667) internal successors, (5), 4 states have internal predecessors, (5), 0 states have call successors, (0), 0 states have call predecessors, (0), 0 states have return successors, (0), 0 states have call predecessors, (0), 0 states have call successors, (0)
[2026-06-06 15:15:48,081 INFO  L188       IsEmptyHeuristic]: Finished isEmptyHeuristic. No accepting run.
[2026-06-06 15:15:48,081 INFO  L182       IsEmptyHeuristic]: Start isEmptyHeuristic. Operand  has 5 states, 3 states have (on average 1.6666666666666667) internal successors, (5), 4 states have internal predecessors, (5), 0 states have call successors, (0), 0 states have call predecessors, (0), 0 states have return successors, (0), 0 states have call predecessors, (0), 0 states have call successors, (0)
[2026-06-06 15:15:48,081 INFO  L188       IsEmptyHeuristic]: Finished isEmptyHeuristic. No accepting run.
[2026-06-06 15:15:48,081 INFO  L182       IsEmptyHeuristic]: Start isEmptyHeuristic. Operand  has 5 states, 3 states have (on average 1.6666666666666667) internal successors, (5), 4 states have internal predecessors, (5), 0 states have call successors, (0), 0 states have call predecessors, (0), 0 states have return successors, (0), 0 states have call predecessors, (0), 0 states have call successors, (0)
[2026-06-06 15:15:48,081 INFO  L188       IsEmptyHeuristic]: Finished isEmptyHeuristic. No accepting run.
[2026-06-06 15:15:48,081 INFO  L182       IsEmptyHeuristic]: Start isEmptyHeuristic. Operand  has 5 states, 3 states have (on average 1.6666666666666667) internal successors, (5), 4 states have internal predecessors, (5), 0 states have call successors, (0), 0 states have call predecessors, (0), 0 states have return successors, (0), 0 states have call predecessors, (0), 0 states have call successors, (0)
[2026-06-06 15:15:48,081 INFO  L188       IsEmptyHeuristic]: Finished isEmptyHeuristic. No accepting run.
[2026-06-06 15:15:48,082 INFO  L182       IsEmptyHeuristic]: Start isEmptyHeuristic. Operand  has 5 states, 3 states have (on average 1.6666666666666667) internal successors, (5), 4 states have internal predecessors, (5), 0 states have call successors, (0), 0 states have call predecessors, (0), 0 states have return successors, (0), 0 states have call predecessors, (0), 0 states have call successors, (0)
[2026-06-06 15:15:48,082 INFO  L188       IsEmptyHeuristic]: Finished isEmptyHeuristic. No accepting run.
[2026-06-06 15:15:48,082 INFO  L182       IsEmptyHeuristic]: Start isEmptyHeuristic. Operand  has 5 states, 3 states have (on average 1.6666666666666667) internal successors, (5), 4 states have internal predecessors, (5), 0 states have call successors, (0), 0 states have call predecessors, (0), 0 states have return successors, (0), 0 states have call predecessors, (0), 0 states have call successors, (0)
[2026-06-06 15:15:48,082 INFO  L188       IsEmptyHeuristic]: Finished isEmptyHeuristic. Found accepting run of length 21
[2026-06-06 15:15:48,082 INFO  L163        IsEmptyParallel]: Finished isEmptyParallel. Found accepting run of length 21
[2026-06-06 15:15:48,082 WARN  L753                IsEmpty]: Correctness of emptinessCheck not tested.
[2026-06-06 15:15:48,082 INFO  L79                 Accepts]: Start accepts. Automaton has  has 5 states, 3 states have (on average 1.6666666666666667) internal successors, (5), 4 states have internal predecessors, (5), 0 states have call successors, (0), 0 states have call predecessors, (0), 0 states have return successors, (0), 0 states have call predecessors, (0), 0 states have call successors, (0) Word has length 20
[2026-06-06 15:15:48,082 INFO  L85                 Accepts]: Finished accepts. word is accepted.
[2026-06-06 15:15:48,082 INFO  L757                IsEmpty]: Finished testing correctness of emptinessCheck
[2026-06-06 15:15:48,082 INFO  L290                IsEmpty]: Start isEmptyParallel. Operand  has 5 states, 3 states have (on average 1.6666666666666667) internal successors, (5), 4 states have internal predecessors, (5), 0 states have call successors, (0), 0 states have call predecessors, (0), 0 states have return successors, (0), 0 states have call predecessors, (0), 0 states have call successors, (0)
[2026-06-06 15:15:48,082 INFO  L300                IsEmpty]: Finished isEmptyParallel. No accepting run.
[2026-06-06 15:15:48,082 INFO  L156        IsEmptyParallel]: Start isEmptyParallel. Operand  has 5 states, 3 states have (on average 1.6666666666666667) internal successors, (5), 4 states have internal predecessors, (5), 0 states have call successors, (0), 0 states have call predecessors, (0), 0 states have return successors, (0), 0 states have call predecessors, (0), 0 states have call successors, (0)
[2026-06-06 15:15:48,082 INFO  L108    AnnotateAndAsserter]: Assert order NOT_INCREMENTALLY partitioned 3 statements into 1 equivalence classes.
[2026-06-06 15:15:48,082 INFO  L182       IsEmptyHeuristic]: Start isEmptyHeuristic. Operand  has 5 states, 3 states have (on average 1.6666666666666667) internal successors, (5), 4 states have internal predecessors, (5), 0 states have call successors, (0), 0 states have call predecessors, (0), 0 states have return successors, (0), 0 states have call predecessors, (0), 0 states have call successors, (0)
[2026-06-06 15:15:48,082 INFO  L188       IsEmptyHeuristic]: Finished isEmptyHeuristic. No accepting run.
[2026-06-06 15:15:48,082 INFO  L182       IsEmptyHeuristic]: Start isEmptyHeuristic. Operand  has 5 states, 3 states have (on average 1.6666666666666667) internal successors, (5), 4 states have internal predecessors, (5), 0 states have call successors, (0), 0 states have call predecessors, (0), 0 states have return successors, (0), 0 states have call predecessors, (0), 0 states have call successors, (0)
[2026-06-06 15:15:48,082 INFO  L188       IsEmptyHeuristic]: Finished isEmptyHeuristic. No accepting run.
[2026-06-06 15:15:48,082 INFO  L182       IsEmptyHeuristic]: Start isEmptyHeuristic. Operand  has 5 states, 3 states have (on average 1.6666666666666667) internal successors, (5), 4 states have internal predecessors, (5), 0 states have call successors, (0), 0 states have call predecessors, (0), 0 states have return successors, (0), 0 states have call predecessors, (0), 0 states have call successors, (0)
[2026-06-06 15:15:48,082 INFO  L188       IsEmptyHeuristic]: Finished isEmptyHeuristic. No accepting run.
[2026-06-06 15:15:48,082 INFO  L182       IsEmptyHeuristic]: Start isEmptyHeuristic. Operand  has 5 states, 3 states have (on average 1.6666666666666667) internal successors, (5), 4 states have internal predecessors, (5), 0 states have call successors, (0), 0 states have call predecessors, (0), 0 states have return successors, (0), 0 states have call predecessors, (0), 0 states have call successors, (0)
[2026-06-06 15:15:48,082 INFO  L188       IsEmptyHeuristic]: Finished isEmptyHeuristic. No accepting run.
[2026-06-06 15:15:48,082 INFO  L182       IsEmptyHeuristic]: Start isEmptyHeuristic. Operand  has 5 states, 3 states have (on average 1.6666666666666667) internal successors, (5), 4 states have internal predecessors, (5), 0 states have call successors, (0), 0 states have call predecessors, (0), 0 states have return successors, (0), 0 states have call predecessors, (0), 0 states have call successors, (0)
[2026-06-06 15:15:48,082 INFO  L188       IsEmptyHeuristic]: Finished isEmptyHeuristic. No accepting run.
[2026-06-06 15:15:48,083 INFO  L182       IsEmptyHeuristic]: Start isEmptyHeuristic. Operand  has 5 states, 3 states have (on average 1.6666666666666667) internal successors, (5), 4 states have internal predecessors, (5), 0 states have call successors, (0), 0 states have call predecessors, (0), 0 states have return successors, (0), 0 states have call predecessors, (0), 0 states have call successors, (0)
[2026-06-06 15:15:48,083 INFO  L188       IsEmptyHeuristic]: Finished isEmptyHeuristic. No accepting run.
[2026-06-06 15:15:48,083 INFO  L182       IsEmptyHeuristic]: Start isEmptyHeuristic. Operand  has 5 states, 3 states have (on average 1.6666666666666667) internal successors, (5), 4 states have internal predecessors, (5), 0 states have call successors, (0), 0 states have call predecessors, (0), 0 states have return successors, (0), 0 states have call predecessors, (0), 0 states have call successors, (0)
[2026-06-06 15:15:48,083 INFO  L188       IsEmptyHeuristic]: Finished isEmptyHeuristic. No accepting run.
[2026-06-06 15:15:48,083 INFO  L182       IsEmptyHeuristic]: Start isEmptyHeuristic. Operand  has 5 states, 3 states have (on average 1.6666666666666667) internal successors, (5), 4 states have internal predecessors, (5), 0 states have call successors, (0), 0 states have call predecessors, (0), 0 states have return successors, (0), 0 states have call predecessors, (0), 0 states have call successors, (0)
[2026-06-06 15:15:48,083 INFO  L188       IsEmptyHeuristic]: Finished isEmptyHeuristic. No accepting run.
[2026-06-06 15:15:48,083 INFO  L182       IsEmptyHeuristic]: Start isEmptyHeuristic. Operand  has 5 states, 3 states have (on average 1.6666666666666667) internal successors, (5), 4 states have internal predecessors, (5), 0 states have call successors, (0), 0 states have call predecessors, (0), 0 states have return successors, (0), 0 states have call predecessors, (0), 0 states have call successors, (0)
[2026-06-06 15:15:48,083 INFO  L188       IsEmptyHeuristic]: Finished isEmptyHeuristic. No accepting run.
[2026-06-06 15:15:48,083 INFO  L182       IsEmptyHeuristic]: Start isEmptyHeuristic. Operand  has 5 states, 3 states have (on average 1.6666666666666667) internal successors, (5), 4 states have internal predecessors, (5), 0 states have call successors, (0), 0 states have call predecessors, (0), 0 states have return successors, (0), 0 states have call predecessors, (0), 0 states have call successors, (0)
[2026-06-06 15:15:48,083 INFO  L188       IsEmptyHeuristic]: Finished isEmptyHeuristic. No accepting run.
[2026-06-06 15:15:48,083 INFO  L182       IsEmptyHeuristic]: Start isEmptyHeuristic. Operand  has 5 states, 3 states have (on average 1.6666666666666667) internal successors, (5), 4 states have internal predecessors, (5), 0 states have call successors, (0), 0 states have call predecessors, (0), 0 states have return successors, (0), 0 states have call predecessors, (0), 0 states have call successors, (0)
[2026-06-06 15:15:48,083 INFO  L188       IsEmptyHeuristic]: Finished isEmptyHeuristic. No accepting run.
[2026-06-06 15:15:48,083 INFO  L182       IsEmptyHeuristic]: Start isEmptyHeuristic. Operand  has 5 states, 3 states have (on average 1.6666666666666667) internal successors, (5), 4 states have internal predecessors, (5), 0 states have call successors, (0), 0 states have call predecessors, (0), 0 states have return successors, (0), 0 states have call predecessors, (0), 0 states have call successors, (0)
[2026-06-06 15:15:48,083 INFO  L188       IsEmptyHeuristic]: Finished isEmptyHeuristic. No accepting run.
[2026-06-06 15:15:48,083 INFO  L182       IsEmptyHeuristic]: Start isEmptyHeuristic. Operand  has 5 states, 3 states have (on average 1.6666666666666667) internal successors, (5), 4 states have internal predecessors, (5), 0 states have call successors, (0), 0 states have call predecessors, (0), 0 states have return successors, (0), 0 states have call predecessors, (0), 0 states have call successors, (0)
[2026-06-06 15:15:48,083 INFO  L188       IsEmptyHeuristic]: Finished isEmptyHeuristic. No accepting run.
[2026-06-06 15:15:48,083 INFO  L182       IsEmptyHeuristic]: Start isEmptyHeuristic. Operand  has 5 states, 3 states have (on average 1.6666666666666667) internal successors, (5), 4 states have internal predecessors, (5), 0 states have call successors, (0), 0 states have call predecessors, (0), 0 states have return successors, (0), 0 states have call predecessors, (0), 0 states have call successors, (0)
[2026-06-06 15:15:48,083 INFO  L188       IsEmptyHeuristic]: Finished isEmptyHeuristic. No accepting run.
[2026-06-06 15:15:48,083 INFO  L182       IsEmptyHeuristic]: Start isEmptyHeuristic. Operand  has 5 states, 3 states have (on average 1.6666666666666667) internal successors, (5), 4 states have internal predecessors, (5), 0 states have call successors, (0), 0 states have call predecessors, (0), 0 states have return successors, (0), 0 states have call predecessors, (0), 0 states have call successors, (0)
[2026-06-06 15:15:48,083 INFO  L188       IsEmptyHeuristic]: Finished isEmptyHeuristic. No accepting run.
[2026-06-06 15:15:48,083 INFO  L182       IsEmptyHeuristic]: Start isEmptyHeuristic. Operand  has 5 states, 3 states have (on average 1.6666666666666667) internal successors, (5), 4 states have internal predecessors, (5), 0 states have call successors, (0), 0 states have call predecessors, (0), 0 states have return successors, (0), 0 states have call predecessors, (0), 0 states have call successors, (0)
[2026-06-06 15:15:48,083 INFO  L188       IsEmptyHeuristic]: Finished isEmptyHeuristic. No accepting run.
[2026-06-06 15:15:48,084 INFO  L182       IsEmptyHeuristic]: Start isEmptyHeuristic. Operand  has 5 states, 3 states have (on average 1.6666666666666667) internal successors, (5), 4 states have internal predecessors, (5), 0 states have call successors, (0), 0 states have call predecessors, (0), 0 states have return successors, (0), 0 states have call predecessors, (0), 0 states have call successors, (0)
[2026-06-06 15:15:48,084 INFO  L188       IsEmptyHeuristic]: Finished isEmptyHeuristic. No accepting run.
[2026-06-06 15:15:48,084 INFO  L182       IsEmptyHeuristic]: Start isEmptyHeuristic. Operand  has 5 states, 3 states have (on average 1.6666666666666667) internal successors, (5), 4 states have internal predecessors, (5), 0 states have call successors, (0), 0 states have call predecessors, (0), 0 states have return successors, (0), 0 states have call predecessors, (0), 0 states have call successors, (0)
[2026-06-06 15:15:48,084 INFO  L188       IsEmptyHeuristic]: Finished isEmptyHeuristic. No accepting run.
[2026-06-06 15:15:48,084 INFO  L182       IsEmptyHeuristic]: Start isEmptyHeuristic. Operand  has 5 states, 3 states have (on average 1.6666666666666667) internal successors, (5), 4 states have internal predecessors, (5), 0 states have call successors, (0), 0 states have call predecessors, (0), 0 states have return successors, (0), 0 states have call predecessors, (0), 0 states have call successors, (0)
[2026-06-06 15:15:48,084 INFO  L188       IsEmptyHeuristic]: Finished isEmptyHeuristic. Found accepting run of length 24
[2026-06-06 15:15:48,084 INFO  L163        IsEmptyParallel]: Finished isEmptyParallel. Found accepting run of length 24
[2026-06-06 15:15:48,084 WARN  L753                IsEmpty]: Correctness of emptinessCheck not tested.
[2026-06-06 15:15:48,084 INFO  L79                 Accepts]: Start accepts. Automaton has  has 5 states, 3 states have (on average 1.6666666666666667) internal successors, (5), 4 states have internal predecessors, (5), 0 states have call successors, (0), 0 states have call predecessors, (0), 0 states have return successors, (0), 0 states have call predecessors, (0), 0 states have call successors, (0) Word has length 23
[2026-06-06 15:15:48,084 INFO  L85                 Accepts]: Finished accepts. word is accepted.
[2026-06-06 15:15:48,084 INFO  L757                IsEmpty]: Finished testing correctness of emptinessCheck
[2026-06-06 15:15:48,084 INFO  L290                IsEmpty]: Start isEmptyParallel. Operand  has 5 states, 3 states have (on average 1.6666666666666667) internal successors, (5), 4 states have internal predecessors, (5), 0 states have call successors, (0), 0 states have call predecessors, (0), 0 states have return successors, (0), 0 states have call predecessors, (0), 0 states have call successors, (0)
[2026-06-06 15:15:48,084 INFO  L300                IsEmpty]: Finished isEmptyParallel. No accepting run.
[2026-06-06 15:15:48,084 INFO  L156        IsEmptyParallel]: Start isEmptyParallel. Operand  has 5 states, 3 states have (on average 1.6666666666666667) internal successors, (5), 4 states have internal predecessors, (5), 0 states have call successors, (0), 0 states have call predecessors, (0), 0 states have return successors, (0), 0 states have call predecessors, (0), 0 states have call successors, (0)
[2026-06-06 15:15:48,084 INFO  L182       IsEmptyHeuristic]: Start isEmptyHeuristic. Operand  has 5 states, 3 states have (on average 1.6666666666666667) internal successors, (5), 4 states have internal predecessors, (5), 0 states have call successors, (0), 0 states have call predecessors, (0), 0 states have return successors, (0), 0 states have call predecessors, (0), 0 states have call successors, (0)
[2026-06-06 15:15:48,084 INFO  L188       IsEmptyHeuristic]: Finished isEmptyHeuristic. No accepting run.
[2026-06-06 15:15:48,084 INFO  L182       IsEmptyHeuristic]: Start isEmptyHeuristic. Operand  has 5 states, 3 states have (on average 1.6666666666666667) internal successors, (5), 4 states have internal predecessors, (5), 0 states have call successors, (0), 0 states have call predecessors, (0), 0 states have return successors, (0), 0 states have call predecessors, (0), 0 states have call successors, (0)
[2026-06-06 15:15:48,085 INFO  L188       IsEmptyHeuristic]: Finished isEmptyHeuristic. No accepting run.
[2026-06-06 15:15:48,085 INFO  L182       IsEmptyHeuristic]: Start isEmptyHeuristic. Operand  has 5 states, 3 states have (on average 1.6666666666666667) internal successors, (5), 4 states have internal predecessors, (5), 0 states have call successors, (0), 0 states have call predecessors, (0), 0 states have return successors, (0), 0 states have call predecessors, (0), 0 states have call successors, (0)
[2026-06-06 15:15:48,085 INFO  L188       IsEmptyHeuristic]: Finished isEmptyHeuristic. No accepting run.
[2026-06-06 15:15:48,085 INFO  L182       IsEmptyHeuristic]: Start isEmptyHeuristic. Operand  has 5 states, 3 states have (on average 1.6666666666666667) internal successors, (5), 4 states have internal predecessors, (5), 0 states have call successors, (0), 0 states have call predecessors, (0), 0 states have return successors, (0), 0 states have call predecessors, (0), 0 states have call successors, (0)
[2026-06-06 15:15:48,085 INFO  L188       IsEmptyHeuristic]: Finished isEmptyHeuristic. No accepting run.
[2026-06-06 15:15:48,085 INFO  L182       IsEmptyHeuristic]: Start isEmptyHeuristic. Operand  has 5 states, 3 states have (on average 1.6666666666666667) internal successors, (5), 4 states have internal predecessors, (5), 0 states have call successors, (0), 0 states have call predecessors, (0), 0 states have return successors, (0), 0 states have call predecessors, (0), 0 states have call successors, (0)
[2026-06-06 15:15:48,085 INFO  L188       IsEmptyHeuristic]: Finished isEmptyHeuristic. No accepting run.
[2026-06-06 15:15:48,085 INFO  L182       IsEmptyHeuristic]: Start isEmptyHeuristic. Operand  has 5 states, 3 states have (on average 1.6666666666666667) internal successors, (5), 4 states have internal predecessors, (5), 0 states have call successors, (0), 0 states have call predecessors, (0), 0 states have return successors, (0), 0 states have call predecessors, (0), 0 states have call successors, (0)
[2026-06-06 15:15:48,085 INFO  L188       IsEmptyHeuristic]: Finished isEmptyHeuristic. No accepting run.
[2026-06-06 15:15:48,085 INFO  L182       IsEmptyHeuristic]: Start isEmptyHeuristic. Operand  has 5 states, 3 states have (on average 1.6666666666666667) internal successors, (5), 4 states have internal predecessors, (5), 0 states have call successors, (0), 0 states have call predecessors, (0), 0 states have return successors, (0), 0 states have call predecessors, (0), 0 states have call successors, (0)
[2026-06-06 15:15:48,085 INFO  L188       IsEmptyHeuristic]: Finished isEmptyHeuristic. No accepting run.
[2026-06-06 15:15:48,085 INFO  L182       IsEmptyHeuristic]: Start isEmptyHeuristic. Operand  has 5 states, 3 states have (on average 1.6666666666666667) internal successors, (5), 4 states have internal predecessors, (5), 0 states have call successors, (0), 0 states have call predecessors, (0), 0 states have return successors, (0), 0 states have call predecessors, (0), 0 states have call successors, (0)
[2026-06-06 15:15:48,085 INFO  L188       IsEmptyHeuristic]: Finished isEmptyHeuristic. No accepting run.
[2026-06-06 15:15:48,086 INFO  L182       IsEmptyHeuristic]: Start isEmptyHeuristic. Operand  has 5 states, 3 states have (on average 1.6666666666666667) internal successors, (5), 4 states have internal predecessors, (5), 0 states have call successors, (0), 0 states have call predecessors, (0), 0 states have return successors, (0), 0 states have call predecessors, (0), 0 states have call successors, (0)
[2026-06-06 15:15:48,086 INFO  L188       IsEmptyHeuristic]: Finished isEmptyHeuristic. No accepting run.
[2026-06-06 15:15:48,086 INFO  L182       IsEmptyHeuristic]: Start isEmptyHeuristic. Operand  has 5 states, 3 states have (on average 1.6666666666666667) internal successors, (5), 4 states have internal predecessors, (5), 0 states have call successors, (0), 0 states have call predecessors, (0), 0 states have return successors, (0), 0 states have call predecessors, (0), 0 states have call successors, (0)
[2026-06-06 15:15:48,086 INFO  L188       IsEmptyHeuristic]: Finished isEmptyHeuristic. No accepting run.
[2026-06-06 15:15:48,086 INFO  L182       IsEmptyHeuristic]: Start isEmptyHeuristic. Operand  has 5 states, 3 states have (on average 1.6666666666666667) internal successors, (5), 4 states have internal predecessors, (5), 0 states have call successors, (0), 0 states have call predecessors, (0), 0 states have return successors, (0), 0 states have call predecessors, (0), 0 states have call successors, (0)
[2026-06-06 15:15:48,086 INFO  L188       IsEmptyHeuristic]: Finished isEmptyHeuristic. No accepting run.
[2026-06-06 15:15:48,086 INFO  L182       IsEmptyHeuristic]: Start isEmptyHeuristic. Operand  has 5 states, 3 states have (on average 1.6666666666666667) internal successors, (5), 4 states have internal predecessors, (5), 0 states have call successors, (0), 0 states have call predecessors, (0), 0 states have return successors, (0), 0 states have call predecessors, (0), 0 states have call successors, (0)
[2026-06-06 15:15:48,086 INFO  L188       IsEmptyHeuristic]: Finished isEmptyHeuristic. No accepting run.
[2026-06-06 15:15:48,086 INFO  L182       IsEmptyHeuristic]: Start isEmptyHeuristic. Operand  has 5 states, 3 states have (on average 1.6666666666666667) internal successors, (5), 4 states have internal predecessors, (5), 0 states have call successors, (0), 0 states have call predecessors, (0), 0 states have return successors, (0), 0 states have call predecessors, (0), 0 states have call successors, (0)
[2026-06-06 15:15:48,086 INFO  L188       IsEmptyHeuristic]: Finished isEmptyHeuristic. No accepting run.
[2026-06-06 15:15:48,086 INFO  L182       IsEmptyHeuristic]: Start isEmptyHeuristic. Operand  has 5 states, 3 states have (on average 1.6666666666666667) internal successors, (5), 4 states have internal predecessors, (5), 0 states have call successors, (0), 0 states have call predecessors, (0), 0 states have return successors, (0), 0 states have call predecessors, (0), 0 states have call successors, (0)
[2026-06-06 15:15:48,086 INFO  L188       IsEmptyHeuristic]: Finished isEmptyHeuristic. No accepting run.
[2026-06-06 15:15:48,086 INFO  L182       IsEmptyHeuristic]: Start isEmptyHeuristic. Operand  has 5 states, 3 states have (on average 1.6666666666666667) internal successors, (5), 4 states have internal predecessors, (5), 0 states have call successors, (0), 0 states have call predecessors, (0), 0 states have return successors, (0), 0 states have call predecessors, (0), 0 states have call successors, (0)
[2026-06-06 15:15:48,086 INFO  L188       IsEmptyHeuristic]: Finished isEmptyHeuristic. No accepting run.
[2026-06-06 15:15:48,086 INFO  L182       IsEmptyHeuristic]: Start isEmptyHeuristic. Operand  has 5 states, 3 states have (on average 1.6666666666666667) internal successors, (5), 4 states have internal predecessors, (5), 0 states have call successors, (0), 0 states have call predecessors, (0), 0 states have return successors, (0), 0 states have call predecessors, (0), 0 states have call successors, (0)
[2026-06-06 15:15:48,086 INFO  L188       IsEmptyHeuristic]: Finished isEmptyHeuristic. No accepting run.
[2026-06-06 15:15:48,086 INFO  L182       IsEmptyHeuristic]: Start isEmptyHeuristic. Operand  has 5 states, 3 states have (on average 1.6666666666666667) internal successors, (5), 4 states have internal predecessors, (5), 0 states have call successors, (0), 0 states have call predecessors, (0), 0 states have return successors, (0), 0 states have call predecessors, (0), 0 states have call successors, (0)
[2026-06-06 15:15:48,086 INFO  L188       IsEmptyHeuristic]: Finished isEmptyHeuristic. No accepting run.
[2026-06-06 15:15:48,086 INFO  L182       IsEmptyHeuristic]: Start isEmptyHeuristic. Operand  has 5 states, 3 states have (on average 1.6666666666666667) internal successors, (5), 4 states have internal predecessors, (5), 0 states have call successors, (0), 0 states have call predecessors, (0), 0 states have return successors, (0), 0 states have call predecessors, (0), 0 states have call successors, (0)
[2026-06-06 15:15:48,086 INFO  L188       IsEmptyHeuristic]: Finished isEmptyHeuristic. No accepting run.
[2026-06-06 15:15:48,086 INFO  L182       IsEmptyHeuristic]: Start isEmptyHeuristic. Operand  has 5 states, 3 states have (on average 1.6666666666666667) internal successors, (5), 4 states have internal predecessors, (5), 0 states have call successors, (0), 0 states have call predecessors, (0), 0 states have return successors, (0), 0 states have call predecessors, (0), 0 states have call successors, (0)
[2026-06-06 15:15:48,086 INFO  L188       IsEmptyHeuristic]: Finished isEmptyHeuristic. No accepting run.
[2026-06-06 15:15:48,086 INFO  L182       IsEmptyHeuristic]: Start isEmptyHeuristic. Operand  has 5 states, 3 states have (on average 1.6666666666666667) internal successors, (5), 4 states have internal predecessors, (5), 0 states have call successors, (0), 0 states have call predecessors, (0), 0 states have return successors, (0), 0 states have call predecessors, (0), 0 states have call successors, (0)
[2026-06-06 15:15:48,087 INFO  L188       IsEmptyHeuristic]: Finished isEmptyHeuristic. Found accepting run of length 23
[2026-06-06 15:15:48,087 INFO  L163        IsEmptyParallel]: Finished isEmptyParallel. Found accepting run of length 23
[2026-06-06 15:15:48,087 WARN  L753                IsEmpty]: Correctness of emptinessCheck not tested.
[2026-06-06 15:15:48,087 INFO  L79                 Accepts]: Start accepts. Automaton has  has 5 states, 3 states have (on average 1.6666666666666667) internal successors, (5), 4 states have internal predecessors, (5), 0 states have call successors, (0), 0 states have call predecessors, (0), 0 states have return successors, (0), 0 states have call predecessors, (0), 0 states have call successors, (0) Word has length 22
[2026-06-06 15:15:48,087 INFO  L85                 Accepts]: Finished accepts. word is accepted.
[2026-06-06 15:15:48,087 INFO  L757                IsEmpty]: Finished testing correctness of emptinessCheck
[2026-06-06 15:15:48,087 INFO  L290                IsEmpty]: Start isEmptyParallel. Operand  has 5 states, 3 states have (on average 1.6666666666666667) internal successors, (5), 4 states have internal predecessors, (5), 0 states have call successors, (0), 0 states have call predecessors, (0), 0 states have return successors, (0), 0 states have call predecessors, (0), 0 states have call successors, (0)
[2026-06-06 15:15:48,087 INFO  L300                IsEmpty]: Finished isEmptyParallel. No accepting run.
[2026-06-06 15:15:48,087 INFO  L156        IsEmptyParallel]: Start isEmptyParallel. Operand  has 5 states, 3 states have (on average 1.6666666666666667) internal successors, (5), 4 states have internal predecessors, (5), 0 states have call successors, (0), 0 states have call predecessors, (0), 0 states have return successors, (0), 0 states have call predecessors, (0), 0 states have call successors, (0)
[2026-06-06 15:15:48,087 INFO  L182       IsEmptyHeuristic]: Start isEmptyHeuristic. Operand  has 5 states, 3 states have (on average 1.6666666666666667) internal successors, (5), 4 states have internal predecessors, (5), 0 states have call successors, (0), 0 states have call predecessors, (0), 0 states have return successors, (0), 0 states have call predecessors, (0), 0 states have call successors, (0)
[2026-06-06 15:15:48,087 INFO  L188       IsEmptyHeuristic]: Finished isEmptyHeuristic. No accepting run.
[2026-06-06 15:15:48,087 INFO  L182       IsEmptyHeuristic]: Start isEmptyHeuristic. Operand  has 5 states, 3 states have (on average 1.6666666666666667) internal successors, (5), 4 states have internal predecessors, (5), 0 states have call successors, (0), 0 states have call predecessors, (0), 0 states have return successors, (0), 0 states have call predecessors, (0), 0 states have call successors, (0)
[2026-06-06 15:15:48,087 INFO  L188       IsEmptyHeuristic]: Finished isEmptyHeuristic. No accepting run.
[2026-06-06 15:15:48,087 INFO  L182       IsEmptyHeuristic]: Start isEmptyHeuristic. Operand  has 5 states, 3 states have (on average 1.6666666666666667) internal successors, (5), 4 states have internal predecessors, (5), 0 states have call successors, (0), 0 states have call predecessors, (0), 0 states have return successors, (0), 0 states have call predecessors, (0), 0 states have call successors, (0)
[2026-06-06 15:15:48,087 INFO  L188       IsEmptyHeuristic]: Finished isEmptyHeuristic. No accepting run.
[2026-06-06 15:15:48,087 INFO  L182       IsEmptyHeuristic]: Start isEmptyHeuristic. Operand  has 5 states, 3 states have (on average 1.6666666666666667) internal successors, (5), 4 states have internal predecessors, (5), 0 states have call successors, (0), 0 states have call predecessors, (0), 0 states have return successors, (0), 0 states have call predecessors, (0), 0 states have call successors, (0)
[2026-06-06 15:15:48,087 INFO  L188       IsEmptyHeuristic]: Finished isEmptyHeuristic. No accepting run.
[2026-06-06 15:15:48,087 INFO  L182       IsEmptyHeuristic]: Start isEmptyHeuristic. Operand  has 5 states, 3 states have (on average 1.6666666666666667) internal successors, (5), 4 states have internal predecessors, (5), 0 states have call successors, (0), 0 states have call predecessors, (0), 0 states have return successors, (0), 0 states have call predecessors, (0), 0 states have call successors, (0)
[2026-06-06 15:15:48,087 INFO  L188       IsEmptyHeuristic]: Finished isEmptyHeuristic. No accepting run.
[2026-06-06 15:15:48,087 INFO  L182       IsEmptyHeuristic]: Start isEmptyHeuristic. Operand  has 5 states, 3 states have (on average 1.6666666666666667) internal successors, (5), 4 states have internal predecessors, (5), 0 states have call successors, (0), 0 states have call predecessors, (0), 0 states have return successors, (0), 0 states have call predecessors, (0), 0 states have call successors, (0)
[2026-06-06 15:15:48,087 INFO  L188       IsEmptyHeuristic]: Finished isEmptyHeuristic. No accepting run.
[2026-06-06 15:15:48,088 INFO  L182       IsEmptyHeuristic]: Start isEmptyHeuristic. Operand  has 5 states, 3 states have (on average 1.6666666666666667) internal successors, (5), 4 states have internal predecessors, (5), 0 states have call successors, (0), 0 states have call predecessors, (0), 0 states have return successors, (0), 0 states have call predecessors, (0), 0 states have call successors, (0)
[2026-06-06 15:15:48,088 INFO  L188       IsEmptyHeuristic]: Finished isEmptyHeuristic. No accepting run.
[2026-06-06 15:15:48,088 INFO  L182       IsEmptyHeuristic]: Start isEmptyHeuristic. Operand  has 5 states, 3 states have (on average 1.6666666666666667) internal successors, (5), 4 states have internal predecessors, (5), 0 states have call successors, (0), 0 states have call predecessors, (0), 0 states have return successors, (0), 0 states have call predecessors, (0), 0 states have call successors, (0)
[2026-06-06 15:15:48,088 INFO  L188       IsEmptyHeuristic]: Finished isEmptyHeuristic. No accepting run.
[2026-06-06 15:15:48,088 INFO  L182       IsEmptyHeuristic]: Start isEmptyHeuristic. Operand  has 5 states, 3 states have (on average 1.6666666666666667) internal successors, (5), 4 states have internal predecessors, (5), 0 states have call successors, (0), 0 states have call predecessors, (0), 0 states have return successors, (0), 0 states have call predecessors, (0), 0 states have call successors, (0)
[2026-06-06 15:15:48,088 INFO  L188       IsEmptyHeuristic]: Finished isEmptyHeuristic. No accepting run.
[2026-06-06 15:15:48,088 INFO  L182       IsEmptyHeuristic]: Start isEmptyHeuristic. Operand  has 5 states, 3 states have (on average 1.6666666666666667) internal successors, (5), 4 states have internal predecessors, (5), 0 states have call successors, (0), 0 states have call predecessors, (0), 0 states have return successors, (0), 0 states have call predecessors, (0), 0 states have call successors, (0)
[2026-06-06 15:15:48,088 INFO  L188       IsEmptyHeuristic]: Finished isEmptyHeuristic. No accepting run.
[2026-06-06 15:15:48,088 INFO  L182       IsEmptyHeuristic]: Start isEmptyHeuristic. Operand  has 5 states, 3 states have (on average 1.6666666666666667) internal successors, (5), 4 states have internal predecessors, (5), 0 states have call successors, (0), 0 states have call predecessors, (0), 0 states have return successors, (0), 0 states have call predecessors, (0), 0 states have call successors, (0)
[2026-06-06 15:15:48,088 INFO  L188       IsEmptyHeuristic]: Finished isEmptyHeuristic. No accepting run.
[2026-06-06 15:15:48,088 INFO  L182       IsEmptyHeuristic]: Start isEmptyHeuristic. Operand  has 5 states, 3 states have (on average 1.6666666666666667) internal successors, (5), 4 states have internal predecessors, (5), 0 states have call successors, (0), 0 states have call predecessors, (0), 0 states have return successors, (0), 0 states have call predecessors, (0), 0 states have call successors, (0)
[2026-06-06 15:15:48,088 INFO  L188       IsEmptyHeuristic]: Finished isEmptyHeuristic. No accepting run.
[2026-06-06 15:15:48,088 INFO  L182       IsEmptyHeuristic]: Start isEmptyHeuristic. Operand  has 5 states, 3 states have (on average 1.6666666666666667) internal successors, (5), 4 states have internal predecessors, (5), 0 states have call successors, (0), 0 states have call predecessors, (0), 0 states have return successors, (0), 0 states have call predecessors, (0), 0 states have call successors, (0)
[2026-06-06 15:15:48,088 INFO  L188       IsEmptyHeuristic]: Finished isEmptyHeuristic. No accepting run.
[2026-06-06 15:15:48,088 INFO  L182       IsEmptyHeuristic]: Start isEmptyHeuristic. Operand  has 5 states, 3 states have (on average 1.6666666666666667) internal successors, (5), 4 states have internal predecessors, (5), 0 states have call successors, (0), 0 states have call predecessors, (0), 0 states have return successors, (0), 0 states have call predecessors, (0), 0 states have call successors, (0)
[2026-06-06 15:15:48,088 INFO  L188       IsEmptyHeuristic]: Finished isEmptyHeuristic. No accepting run.
[2026-06-06 15:15:48,088 INFO  L182       IsEmptyHeuristic]: Start isEmptyHeuristic. Operand  has 5 states, 3 states have (on average 1.6666666666666667) internal successors, (5), 4 states have internal predecessors, (5), 0 states have call successors, (0), 0 states have call predecessors, (0), 0 states have return successors, (0), 0 states have call predecessors, (0), 0 states have call successors, (0)
[2026-06-06 15:15:48,088 INFO  L188       IsEmptyHeuristic]: Finished isEmptyHeuristic. No accepting run.
[2026-06-06 15:15:48,088 INFO  L182       IsEmptyHeuristic]: Start isEmptyHeuristic. Operand  has 5 states, 3 states have (on average 1.6666666666666667) internal successors, (5), 4 states have internal predecessors, (5), 0 states have call successors, (0), 0 states have call predecessors, (0), 0 states have return successors, (0), 0 states have call predecessors, (0), 0 states have call successors, (0)
[2026-06-06 15:15:48,088 INFO  L188       IsEmptyHeuristic]: Finished isEmptyHeuristic. No accepting run.
[2026-06-06 15:15:48,089 INFO  L182       IsEmptyHeuristic]: Start isEmptyHeuristic. Operand  has 5 states, 3 states have (on average 1.6666666666666667) internal successors, (5), 4 states have internal predecessors, (5), 0 states have call successors, (0), 0 states have call predecessors, (0), 0 states have return successors, (0), 0 states have call predecessors, (0), 0 states have call successors, (0)
[2026-06-06 15:15:48,089 INFO  L188       IsEmptyHeuristic]: Finished isEmptyHeuristic. No accepting run.
[2026-06-06 15:15:48,089 INFO  L182       IsEmptyHeuristic]: Start isEmptyHeuristic. Operand  has 5 states, 3 states have (on average 1.6666666666666667) internal successors, (5), 4 states have internal predecessors, (5), 0 states have call successors, (0), 0 states have call predecessors, (0), 0 states have return successors, (0), 0 states have call predecessors, (0), 0 states have call successors, (0)
[2026-06-06 15:15:48,089 INFO  L188       IsEmptyHeuristic]: Finished isEmptyHeuristic. No accepting run.
[2026-06-06 15:15:48,089 INFO  L182       IsEmptyHeuristic]: Start isEmptyHeuristic. Operand  has 5 states, 3 states have (on average 1.6666666666666667) internal successors, (5), 4 states have internal predecessors, (5), 0 states have call successors, (0), 0 states have call predecessors, (0), 0 states have return successors, (0), 0 states have call predecessors, (0), 0 states have call successors, (0)
[2026-06-06 15:15:48,089 INFO  L188       IsEmptyHeuristic]: Finished isEmptyHeuristic. No accepting run.
[2026-06-06 15:15:48,089 INFO  L182       IsEmptyHeuristic]: Start isEmptyHeuristic. Operand  has 5 states, 3 states have (on average 1.6666666666666667) internal successors, (5), 4 states have internal predecessors, (5), 0 states have call successors, (0), 0 states have call predecessors, (0), 0 states have return successors, (0), 0 states have call predecessors, (0), 0 states have call successors, (0)
[2026-06-06 15:15:48,089 INFO  L188       IsEmptyHeuristic]: Finished isEmptyHeuristic. No accepting run.
[2026-06-06 15:15:48,089 INFO  L182       IsEmptyHeuristic]: Start isEmptyHeuristic. Operand  has 5 states, 3 states have (on average 1.6666666666666667) internal successors, (5), 4 states have internal predecessors, (5), 0 states have call successors, (0), 0 states have call predecessors, (0), 0 states have return successors, (0), 0 states have call predecessors, (0), 0 states have call successors, (0)
[2026-06-06 15:15:48,089 INFO  L188       IsEmptyHeuristic]: Finished isEmptyHeuristic. Found accepting run of length 26
[2026-06-06 15:15:48,089 INFO  L163        IsEmptyParallel]: Finished isEmptyParallel. Found accepting run of length 26
[2026-06-06 15:15:48,089 WARN  L753                IsEmpty]: Correctness of emptinessCheck not tested.
[2026-06-06 15:15:48,089 INFO  L79                 Accepts]: Start accepts. Automaton has  has 5 states, 3 states have (on average 1.6666666666666667) internal successors, (5), 4 states have internal predecessors, (5), 0 states have call successors, (0), 0 states have call predecessors, (0), 0 states have return successors, (0), 0 states have call predecessors, (0), 0 states have call successors, (0) Word has length 25
[2026-06-06 15:15:48,089 INFO  L85                 Accepts]: Finished accepts. word is accepted.
[2026-06-06 15:15:48,089 INFO  L757                IsEmpty]: Finished testing correctness of emptinessCheck
[2026-06-06 15:15:48,089 INFO  L290                IsEmpty]: Start isEmptyParallel. Operand  has 5 states, 3 states have (on average 1.6666666666666667) internal successors, (5), 4 states have internal predecessors, (5), 0 states have call successors, (0), 0 states have call predecessors, (0), 0 states have return successors, (0), 0 states have call predecessors, (0), 0 states have call successors, (0)
[2026-06-06 15:15:48,089 INFO  L300                IsEmpty]: Finished isEmptyParallel. No accepting run.
[2026-06-06 15:15:48,089 INFO  L156        IsEmptyParallel]: Start isEmptyParallel. Operand  has 5 states, 3 states have (on average 1.6666666666666667) internal successors, (5), 4 states have internal predecessors, (5), 0 states have call successors, (0), 0 states have call predecessors, (0), 0 states have return successors, (0), 0 states have call predecessors, (0), 0 states have call successors, (0)
[2026-06-06 15:15:48,089 INFO  L182       IsEmptyHeuristic]: Start isEmptyHeuristic. Operand  has 5 states, 3 states have (on average 1.6666666666666667) internal successors, (5), 4 states have internal predecessors, (5), 0 states have call successors, (0), 0 states have call predecessors, (0), 0 states have return successors, (0), 0 states have call predecessors, (0), 0 states have call successors, (0)
[2026-06-06 15:15:48,089 INFO  L188       IsEmptyHeuristic]: Finished isEmptyHeuristic. No accepting run.
[2026-06-06 15:15:48,089 INFO  L182       IsEmptyHeuristic]: Start isEmptyHeuristic. Operand  has 5 states, 3 states have (on average 1.6666666666666667) internal successors, (5), 4 states have internal predecessors, (5), 0 states have call successors, (0), 0 states have call predecessors, (0), 0 states have return successors, (0), 0 states have call predecessors, (0), 0 states have call successors, (0)
[2026-06-06 15:15:48,089 INFO  L188       IsEmptyHeuristic]: Finished isEmptyHeuristic. No accepting run.
[2026-06-06 15:15:48,089 INFO  L182       IsEmptyHeuristic]: Start isEmptyHeuristic. Operand  has 5 states, 3 states have (on average 1.6666666666666667) internal successors, (5), 4 states have internal predecessors, (5), 0 states have call successors, (0), 0 states have call predecessors, (0), 0 states have return successors, (0), 0 states have call predecessors, (0), 0 states have call successors, (0)
[2026-06-06 15:15:48,090 INFO  L188       IsEmptyHeuristic]: Finished isEmptyHeuristic. No accepting run.
[2026-06-06 15:15:48,090 INFO  L182       IsEmptyHeuristic]: Start isEmptyHeuristic. Operand  has 5 states, 3 states have (on average 1.6666666666666667) internal successors, (5), 4 states have internal predecessors, (5), 0 states have call successors, (0), 0 states have call predecessors, (0), 0 states have return successors, (0), 0 states have call predecessors, (0), 0 states have call successors, (0)
[2026-06-06 15:15:48,090 INFO  L188       IsEmptyHeuristic]: Finished isEmptyHeuristic. No accepting run.
[2026-06-06 15:15:48,090 INFO  L182       IsEmptyHeuristic]: Start isEmptyHeuristic. Operand  has 5 states, 3 states have (on average 1.6666666666666667) internal successors, (5), 4 states have internal predecessors, (5), 0 states have call successors, (0), 0 states have call predecessors, (0), 0 states have return successors, (0), 0 states have call predecessors, (0), 0 states have call successors, (0)
[2026-06-06 15:15:48,090 INFO  L188       IsEmptyHeuristic]: Finished isEmptyHeuristic. No accepting run.
[2026-06-06 15:15:48,090 INFO  L182       IsEmptyHeuristic]: Start isEmptyHeuristic. Operand  has 5 states, 3 states have (on average 1.6666666666666667) internal successors, (5), 4 states have internal predecessors, (5), 0 states have call successors, (0), 0 states have call predecessors, (0), 0 states have return successors, (0), 0 states have call predecessors, (0), 0 states have call successors, (0)
[2026-06-06 15:15:48,090 INFO  L188       IsEmptyHeuristic]: Finished isEmptyHeuristic. No accepting run.
[2026-06-06 15:15:48,090 INFO  L182       IsEmptyHeuristic]: Start isEmptyHeuristic. Operand  has 5 states, 3 states have (on average 1.6666666666666667) internal successors, (5), 4 states have internal predecessors, (5), 0 states have call successors, (0), 0 states have call predecessors, (0), 0 states have return successors, (0), 0 states have call predecessors, (0), 0 states have call successors, (0)
[2026-06-06 15:15:48,090 INFO  L188       IsEmptyHeuristic]: Finished isEmptyHeuristic. No accepting run.
[2026-06-06 15:15:48,090 INFO  L182       IsEmptyHeuristic]: Start isEmptyHeuristic. Operand  has 5 states, 3 states have (on average 1.6666666666666667) internal successors, (5), 4 states have internal predecessors, (5), 0 states have call successors, (0), 0 states have call predecessors, (0), 0 states have return successors, (0), 0 states have call predecessors, (0), 0 states have call successors, (0)
[2026-06-06 15:15:48,090 INFO  L188       IsEmptyHeuristic]: Finished isEmptyHeuristic. No accepting run.
[2026-06-06 15:15:48,090 INFO  L182       IsEmptyHeuristic]: Start isEmptyHeuristic. Operand  has 5 states, 3 states have (on average 1.6666666666666667) internal successors, (5), 4 states have internal predecessors, (5), 0 states have call successors, (0), 0 states have call predecessors, (0), 0 states have return successors, (0), 0 states have call predecessors, (0), 0 states have call successors, (0)
[2026-06-06 15:15:48,090 INFO  L188       IsEmptyHeuristic]: Finished isEmptyHeuristic. No accepting run.
[2026-06-06 15:15:48,090 INFO  L182       IsEmptyHeuristic]: Start isEmptyHeuristic. Operand  has 5 states, 3 states have (on average 1.6666666666666667) internal successors, (5), 4 states have internal predecessors, (5), 0 states have call successors, (0), 0 states have call predecessors, (0), 0 states have return successors, (0), 0 states have call predecessors, (0), 0 states have call successors, (0)
[2026-06-06 15:15:48,090 INFO  L188       IsEmptyHeuristic]: Finished isEmptyHeuristic. No accepting run.
[2026-06-06 15:15:48,090 INFO  L182       IsEmptyHeuristic]: Start isEmptyHeuristic. Operand  has 5 states, 3 states have (on average 1.6666666666666667) internal successors, (5), 4 states have internal predecessors, (5), 0 states have call successors, (0), 0 states have call predecessors, (0), 0 states have return successors, (0), 0 states have call predecessors, (0), 0 states have call successors, (0)
[2026-06-06 15:15:48,090 INFO  L188       IsEmptyHeuristic]: Finished isEmptyHeuristic. No accepting run.
[2026-06-06 15:15:48,090 INFO  L182       IsEmptyHeuristic]: Start isEmptyHeuristic. Operand  has 5 states, 3 states have (on average 1.6666666666666667) internal successors, (5), 4 states have internal predecessors, (5), 0 states have call successors, (0), 0 states have call predecessors, (0), 0 states have return successors, (0), 0 states have call predecessors, (0), 0 states have call successors, (0)
[2026-06-06 15:15:48,090 INFO  L111    AnnotateAndAsserter]: Assert order NOT_INCREMENTALLY issued 1 check-sat command(s) and asserted 3 of 3 statements.
[2026-06-06 15:15:48,090 INFO  L188       IsEmptyHeuristic]: Finished isEmptyHeuristic. No accepting run.
[2026-06-06 15:15:48,090 INFO  L182       IsEmptyHeuristic]: Start isEmptyHeuristic. Operand  has 5 states, 3 states have (on average 1.6666666666666667) internal successors, (5), 4 states have internal predecessors, (5), 0 states have call successors, (0), 0 states have call predecessors, (0), 0 states have return successors, (0), 0 states have call predecessors, (0), 0 states have call successors, (0)
[2026-06-06 15:15:48,090 INFO  L114    AnnotateAndAsserter]: Assert order NOT_INCREMENTALLY issued 1 check-sat command(s)
[2026-06-06 15:15:48,090 INFO  L115    AnnotateAndAsserter]: Conjunction of SSA is unsat
[2026-06-06 15:15:48,090 INFO  L188       IsEmptyHeuristic]: Finished isEmptyHeuristic. No accepting run.
[2026-06-06 15:15:48,090 INFO  L182       IsEmptyHeuristic]: Start isEmptyHeuristic. Operand  has 5 states, 3 states have (on average 1.6666666666666667) internal successors, (5), 4 states have internal predecessors, (5), 0 states have call successors, (0), 0 states have call predecessors, (0), 0 states have return successors, (0), 0 states have call predecessors, (0), 0 states have call successors, (0)
[2026-06-06 15:15:48,091 INFO  L188       IsEmptyHeuristic]: Finished isEmptyHeuristic. No accepting run.
[2026-06-06 15:15:48,091 INFO  L182       IsEmptyHeuristic]: Start isEmptyHeuristic. Operand  has 5 states, 3 states have (on average 1.6666666666666667) internal successors, (5), 4 states have internal predecessors, (5), 0 states have call successors, (0), 0 states have call predecessors, (0), 0 states have return successors, (0), 0 states have call predecessors, (0), 0 states have call successors, (0)
[2026-06-06 15:15:48,091 INFO  L188       IsEmptyHeuristic]: Finished isEmptyHeuristic. No accepting run.
[2026-06-06 15:15:48,091 INFO  L182       IsEmptyHeuristic]: Start isEmptyHeuristic. Operand  has 5 states, 3 states have (on average 1.6666666666666667) internal successors, (5), 4 states have internal predecessors, (5), 0 states have call successors, (0), 0 states have call predecessors, (0), 0 states have return successors, (0), 0 states have call predecessors, (0), 0 states have call successors, (0)
[2026-06-06 15:15:48,091 INFO  L188       IsEmptyHeuristic]: Finished isEmptyHeuristic. No accepting run.
[2026-06-06 15:15:48,091 INFO  L182       IsEmptyHeuristic]: Start isEmptyHeuristic. Operand  has 5 states, 3 states have (on average 1.6666666666666667) internal successors, (5), 4 states have internal predecessors, (5), 0 states have call successors, (0), 0 states have call predecessors, (0), 0 states have return successors, (0), 0 states have call predecessors, (0), 0 states have call successors, (0)
[2026-06-06 15:15:48,091 INFO  L188       IsEmptyHeuristic]: Finished isEmptyHeuristic. No accepting run.
[2026-06-06 15:15:48,091 INFO  L182       IsEmptyHeuristic]: Start isEmptyHeuristic. Operand  has 5 states, 3 states have (on average 1.6666666666666667) internal successors, (5), 4 states have internal predecessors, (5), 0 states have call successors, (0), 0 states have call predecessors, (0), 0 states have return successors, (0), 0 states have call predecessors, (0), 0 states have call successors, (0)
[2026-06-06 15:15:48,091 INFO  L188       IsEmptyHeuristic]: Finished isEmptyHeuristic. No accepting run.
[2026-06-06 15:15:48,091 INFO  L182       IsEmptyHeuristic]: Start isEmptyHeuristic. Operand  has 5 states, 3 states have (on average 1.6666666666666667) internal successors, (5), 4 states have internal predecessors, (5), 0 states have call successors, (0), 0 states have call predecessors, (0), 0 states have return successors, (0), 0 states have call predecessors, (0), 0 states have call successors, (0)
[2026-06-06 15:15:48,091 INFO  L188       IsEmptyHeuristic]: Finished isEmptyHeuristic. No accepting run.
[2026-06-06 15:15:48,091 INFO  L182       IsEmptyHeuristic]: Start isEmptyHeuristic. Operand  has 5 states, 3 states have (on average 1.6666666666666667) internal successors, (5), 4 states have internal predecessors, (5), 0 states have call successors, (0), 0 states have call predecessors, (0), 0 states have return successors, (0), 0 states have call predecessors, (0), 0 states have call successors, (0)
[2026-06-06 15:15:48,091 INFO  L188       IsEmptyHeuristic]: Finished isEmptyHeuristic. No accepting run.
[2026-06-06 15:15:48,091 INFO  L182       IsEmptyHeuristic]: Start isEmptyHeuristic. Operand  has 5 states, 3 states have (on average 1.6666666666666667) internal successors, (5), 4 states have internal predecessors, (5), 0 states have call successors, (0), 0 states have call predecessors, (0), 0 states have return successors, (0), 0 states have call predecessors, (0), 0 states have call successors, (0)
[2026-06-06 15:15:48,092 INFO  L188       IsEmptyHeuristic]: Finished isEmptyHeuristic. No accepting run.
[2026-06-06 15:15:48,092 INFO  L182       IsEmptyHeuristic]: Start isEmptyHeuristic. Operand  has 5 states, 3 states have (on average 1.6666666666666667) internal successors, (5), 4 states have internal predecessors, (5), 0 states have call successors, (0), 0 states have call predecessors, (0), 0 states have return successors, (0), 0 states have call predecessors, (0), 0 states have call successors, (0)
[2026-06-06 15:15:48,092 INFO  L188       IsEmptyHeuristic]: Finished isEmptyHeuristic. Found accepting run of length 25
[2026-06-06 15:15:48,092 INFO  L163        IsEmptyParallel]: Finished isEmptyParallel. Found accepting run of length 25
[2026-06-06 15:15:48,092 WARN  L753                IsEmpty]: Correctness of emptinessCheck not tested.
[2026-06-06 15:15:48,092 INFO  L79                 Accepts]: Start accepts. Automaton has  has 5 states, 3 states have (on average 1.6666666666666667) internal successors, (5), 4 states have internal predecessors, (5), 0 states have call successors, (0), 0 states have call predecessors, (0), 0 states have return successors, (0), 0 states have call predecessors, (0), 0 states have call successors, (0) Word has length 24
[2026-06-06 15:15:48,092 INFO  L85                 Accepts]: Finished accepts. word is accepted.
[2026-06-06 15:15:48,092 INFO  L757                IsEmpty]: Finished testing correctness of emptinessCheck
[2026-06-06 15:15:48,092 INFO  L290                IsEmpty]: Start isEmptyParallel. Operand  has 5 states, 3 states have (on average 1.6666666666666667) internal successors, (5), 4 states have internal predecessors, (5), 0 states have call successors, (0), 0 states have call predecessors, (0), 0 states have return successors, (0), 0 states have call predecessors, (0), 0 states have call successors, (0)
[2026-06-06 15:15:48,092 INFO  L300                IsEmpty]: Finished isEmptyParallel. No accepting run.
[2026-06-06 15:15:48,092 INFO  L156        IsEmptyParallel]: Start isEmptyParallel. Operand  has 5 states, 3 states have (on average 1.6666666666666667) internal successors, (5), 4 states have internal predecessors, (5), 0 states have call successors, (0), 0 states have call predecessors, (0), 0 states have return successors, (0), 0 states have call predecessors, (0), 0 states have call successors, (0)
[2026-06-06 15:15:48,092 INFO  L182       IsEmptyHeuristic]: Start isEmptyHeuristic. Operand  has 5 states, 3 states have (on average 1.6666666666666667) internal successors, (5), 4 states have internal predecessors, (5), 0 states have call successors, (0), 0 states have call predecessors, (0), 0 states have return successors, (0), 0 states have call predecessors, (0), 0 states have call successors, (0)
[2026-06-06 15:15:48,092 INFO  L188       IsEmptyHeuristic]: Finished isEmptyHeuristic. No accepting run.
[2026-06-06 15:15:48,092 INFO  L182       IsEmptyHeuristic]: Start isEmptyHeuristic. Operand  has 5 states, 3 states have (on average 1.6666666666666667) internal successors, (5), 4 states have internal predecessors, (5), 0 states have call successors, (0), 0 states have call predecessors, (0), 0 states have return successors, (0), 0 states have call predecessors, (0), 0 states have call successors, (0)
[2026-06-06 15:15:48,092 INFO  L188       IsEmptyHeuristic]: Finished isEmptyHeuristic. No accepting run.
[2026-06-06 15:15:48,092 INFO  L182       IsEmptyHeuristic]: Start isEmptyHeuristic. Operand  has 5 states, 3 states have (on average 1.6666666666666667) internal successors, (5), 4 states have internal predecessors, (5), 0 states have call successors, (0), 0 states have call predecessors, (0), 0 states have return successors, (0), 0 states have call predecessors, (0), 0 states have call successors, (0)
[2026-06-06 15:15:48,092 INFO  L188       IsEmptyHeuristic]: Finished isEmptyHeuristic. No accepting run.
[2026-06-06 15:15:48,092 INFO  L182       IsEmptyHeuristic]: Start isEmptyHeuristic. Operand  has 5 states, 3 states have (on average 1.6666666666666667) internal successors, (5), 4 states have internal predecessors, (5), 0 states have call successors, (0), 0 states have call predecessors, (0), 0 states have return successors, (0), 0 states have call predecessors, (0), 0 states have call successors, (0)
[2026-06-06 15:15:48,092 INFO  L188       IsEmptyHeuristic]: Finished isEmptyHeuristic. No accepting run.
[2026-06-06 15:15:48,093 INFO  L182       IsEmptyHeuristic]: Start isEmptyHeuristic. Operand  has 5 states, 3 states have (on average 1.6666666666666667) internal successors, (5), 4 states have internal predecessors, (5), 0 states have call successors, (0), 0 states have call predecessors, (0), 0 states have return successors, (0), 0 states have call predecessors, (0), 0 states have call successors, (0)
[2026-06-06 15:15:48,093 INFO  L188       IsEmptyHeuristic]: Finished isEmptyHeuristic. No accepting run.
[2026-06-06 15:15:48,093 INFO  L182       IsEmptyHeuristic]: Start isEmptyHeuristic. Operand  has 5 states, 3 states have (on average 1.6666666666666667) internal successors, (5), 4 states have internal predecessors, (5), 0 states have call successors, (0), 0 states have call predecessors, (0), 0 states have return successors, (0), 0 states have call predecessors, (0), 0 states have call successors, (0)
[2026-06-06 15:15:48,093 INFO  L188       IsEmptyHeuristic]: Finished isEmptyHeuristic. No accepting run.
[2026-06-06 15:15:48,093 INFO  L182       IsEmptyHeuristic]: Start isEmptyHeuristic. Operand  has 5 states, 3 states have (on average 1.6666666666666667) internal successors, (5), 4 states have internal predecessors, (5), 0 states have call successors, (0), 0 states have call predecessors, (0), 0 states have return successors, (0), 0 states have call predecessors, (0), 0 states have call successors, (0)
[2026-06-06 15:15:48,093 INFO  L188       IsEmptyHeuristic]: Finished isEmptyHeuristic. No accepting run.
[2026-06-06 15:15:48,093 INFO  L182       IsEmptyHeuristic]: Start isEmptyHeuristic. Operand  has 5 states, 3 states have (on average 1.6666666666666667) internal successors, (5), 4 states have internal predecessors, (5), 0 states have call successors, (0), 0 states have call predecessors, (0), 0 states have return successors, (0), 0 states have call predecessors, (0), 0 states have call successors, (0)
[2026-06-06 15:15:48,093 INFO  L188       IsEmptyHeuristic]: Finished isEmptyHeuristic. No accepting run.
[2026-06-06 15:15:48,093 INFO  L182       IsEmptyHeuristic]: Start isEmptyHeuristic. Operand  has 5 states, 3 states have (on average 1.6666666666666667) internal successors, (5), 4 states have internal predecessors, (5), 0 states have call successors, (0), 0 states have call predecessors, (0), 0 states have return successors, (0), 0 states have call predecessors, (0), 0 states have call successors, (0)
[2026-06-06 15:15:48,093 INFO  L188       IsEmptyHeuristic]: Finished isEmptyHeuristic. No accepting run.
[2026-06-06 15:15:48,093 INFO  L182       IsEmptyHeuristic]: Start isEmptyHeuristic. Operand  has 5 states, 3 states have (on average 1.6666666666666667) internal successors, (5), 4 states have internal predecessors, (5), 0 states have call successors, (0), 0 states have call predecessors, (0), 0 states have return successors, (0), 0 states have call predecessors, (0), 0 states have call successors, (0)
[2026-06-06 15:15:48,093 INFO  L188       IsEmptyHeuristic]: Finished isEmptyHeuristic. No accepting run.
[2026-06-06 15:15:48,093 INFO  L182       IsEmptyHeuristic]: Start isEmptyHeuristic. Operand  has 5 states, 3 states have (on average 1.6666666666666667) internal successors, (5), 4 states have internal predecessors, (5), 0 states have call successors, (0), 0 states have call predecessors, (0), 0 states have return successors, (0), 0 states have call predecessors, (0), 0 states have call successors, (0)
[2026-06-06 15:15:48,093 INFO  L188       IsEmptyHeuristic]: Finished isEmptyHeuristic. No accepting run.
[2026-06-06 15:15:48,093 INFO  L182       IsEmptyHeuristic]: Start isEmptyHeuristic. Operand  has 5 states, 3 states have (on average 1.6666666666666667) internal successors, (5), 4 states have internal predecessors, (5), 0 states have call successors, (0), 0 states have call predecessors, (0), 0 states have return successors, (0), 0 states have call predecessors, (0), 0 states have call successors, (0)
[2026-06-06 15:15:48,093 INFO  L188       IsEmptyHeuristic]: Finished isEmptyHeuristic. No accepting run.
[2026-06-06 15:15:48,093 INFO  L182       IsEmptyHeuristic]: Start isEmptyHeuristic. Operand  has 5 states, 3 states have (on average 1.6666666666666667) internal successors, (5), 4 states have internal predecessors, (5), 0 states have call successors, (0), 0 states have call predecessors, (0), 0 states have return successors, (0), 0 states have call predecessors, (0), 0 states have call successors, (0)
[2026-06-06 15:15:48,093 INFO  L188       IsEmptyHeuristic]: Finished isEmptyHeuristic. No accepting run.
[2026-06-06 15:15:48,093 INFO  L182       IsEmptyHeuristic]: Start isEmptyHeuristic. Operand  has 5 states, 3 states have (on average 1.6666666666666667) internal successors, (5), 4 states have internal predecessors, (5), 0 states have call successors, (0), 0 states have call predecessors, (0), 0 states have return successors, (0), 0 states have call predecessors, (0), 0 states have call successors, (0)
[2026-06-06 15:15:48,093 INFO  L188       IsEmptyHeuristic]: Finished isEmptyHeuristic. No accepting run.
[2026-06-06 15:15:48,094 INFO  L182       IsEmptyHeuristic]: Start isEmptyHeuristic. Operand  has 5 states, 3 states have (on average 1.6666666666666667) internal successors, (5), 4 states have internal predecessors, (5), 0 states have call successors, (0), 0 states have call predecessors, (0), 0 states have return successors, (0), 0 states have call predecessors, (0), 0 states have call successors, (0)
[2026-06-06 15:15:48,094 INFO  L188       IsEmptyHeuristic]: Finished isEmptyHeuristic. No accepting run.
[2026-06-06 15:15:48,094 INFO  L182       IsEmptyHeuristic]: Start isEmptyHeuristic. Operand  has 5 states, 3 states have (on average 1.6666666666666667) internal successors, (5), 4 states have internal predecessors, (5), 0 states have call successors, (0), 0 states have call predecessors, (0), 0 states have return successors, (0), 0 states have call predecessors, (0), 0 states have call successors, (0)
[2026-06-06 15:15:48,094 INFO  L188       IsEmptyHeuristic]: Finished isEmptyHeuristic. No accepting run.
[2026-06-06 15:15:48,094 INFO  L182       IsEmptyHeuristic]: Start isEmptyHeuristic. Operand  has 5 states, 3 states have (on average 1.6666666666666667) internal successors, (5), 4 states have internal predecessors, (5), 0 states have call successors, (0), 0 states have call predecessors, (0), 0 states have return successors, (0), 0 states have call predecessors, (0), 0 states have call successors, (0)
[2026-06-06 15:15:48,094 INFO  L188       IsEmptyHeuristic]: Finished isEmptyHeuristic. No accepting run.
[2026-06-06 15:15:48,094 INFO  L182       IsEmptyHeuristic]: Start isEmptyHeuristic. Operand  has 5 states, 3 states have (on average 1.6666666666666667) internal successors, (5), 4 states have internal predecessors, (5), 0 states have call successors, (0), 0 states have call predecessors, (0), 0 states have return successors, (0), 0 states have call predecessors, (0), 0 states have call successors, (0)
[2026-06-06 15:15:48,094 INFO  L188       IsEmptyHeuristic]: Finished isEmptyHeuristic. No accepting run.
[2026-06-06 15:15:48,094 INFO  L182       IsEmptyHeuristic]: Start isEmptyHeuristic. Operand  has 5 states, 3 states have (on average 1.6666666666666667) internal successors, (5), 4 states have internal predecessors, (5), 0 states have call successors, (0), 0 states have call predecessors, (0), 0 states have return successors, (0), 0 states have call predecessors, (0), 0 states have call successors, (0)
[2026-06-06 15:15:48,094 INFO  L188       IsEmptyHeuristic]: Finished isEmptyHeuristic. No accepting run.
[2026-06-06 15:15:48,094 INFO  L182       IsEmptyHeuristic]: Start isEmptyHeuristic. Operand  has 5 states, 3 states have (on average 1.6666666666666667) internal successors, (5), 4 states have internal predecessors, (5), 0 states have call successors, (0), 0 states have call predecessors, (0), 0 states have return successors, (0), 0 states have call predecessors, (0), 0 states have call successors, (0)
[2026-06-06 15:15:48,094 INFO  L188       IsEmptyHeuristic]: Finished isEmptyHeuristic. No accepting run.
[2026-06-06 15:15:48,094 INFO  L182       IsEmptyHeuristic]: Start isEmptyHeuristic. Operand  has 5 states, 3 states have (on average 1.6666666666666667) internal successors, (5), 4 states have internal predecessors, (5), 0 states have call successors, (0), 0 states have call predecessors, (0), 0 states have return successors, (0), 0 states have call predecessors, (0), 0 states have call successors, (0)
[2026-06-06 15:15:48,094 INFO  L188       IsEmptyHeuristic]: Finished isEmptyHeuristic. No accepting run.
[2026-06-06 15:15:48,094 INFO  L182       IsEmptyHeuristic]: Start isEmptyHeuristic. Operand  has 5 states, 3 states have (on average 1.6666666666666667) internal successors, (5), 4 states have internal predecessors, (5), 0 states have call successors, (0), 0 states have call predecessors, (0), 0 states have return successors, (0), 0 states have call predecessors, (0), 0 states have call successors, (0)
[2026-06-06 15:15:48,095 INFO  L188       IsEmptyHeuristic]: Finished isEmptyHeuristic. No accepting run.
[2026-06-06 15:15:48,095 INFO  L182       IsEmptyHeuristic]: Start isEmptyHeuristic. Operand  has 5 states, 3 states have (on average 1.6666666666666667) internal successors, (5), 4 states have internal predecessors, (5), 0 states have call successors, (0), 0 states have call predecessors, (0), 0 states have return successors, (0), 0 states have call predecessors, (0), 0 states have call successors, (0)
[2026-06-06 15:15:48,095 INFO  L188       IsEmptyHeuristic]: Finished isEmptyHeuristic. Found accepting run of length 28
[2026-06-06 15:15:48,095 INFO  L163        IsEmptyParallel]: Finished isEmptyParallel. Found accepting run of length 28
[2026-06-06 15:15:48,095 WARN  L753                IsEmpty]: Correctness of emptinessCheck not tested.
[2026-06-06 15:15:48,095 INFO  L79                 Accepts]: Start accepts. Automaton has  has 5 states, 3 states have (on average 1.6666666666666667) internal successors, (5), 4 states have internal predecessors, (5), 0 states have call successors, (0), 0 states have call predecessors, (0), 0 states have return successors, (0), 0 states have call predecessors, (0), 0 states have call successors, (0) Word has length 27
[2026-06-06 15:15:48,095 INFO  L85                 Accepts]: Finished accepts. word is accepted.
[2026-06-06 15:15:48,095 INFO  L757                IsEmpty]: Finished testing correctness of emptinessCheck
[2026-06-06 15:15:48,095 INFO  L290                IsEmpty]: Start isEmptyParallel. Operand  has 5 states, 3 states have (on average 1.6666666666666667) internal successors, (5), 4 states have internal predecessors, (5), 0 states have call successors, (0), 0 states have call predecessors, (0), 0 states have return successors, (0), 0 states have call predecessors, (0), 0 states have call successors, (0)
[2026-06-06 15:15:48,095 INFO  L300                IsEmpty]: Finished isEmptyParallel. No accepting run.
[2026-06-06 15:15:48,095 INFO  L156        IsEmptyParallel]: Start isEmptyParallel. Operand  has 5 states, 3 states have (on average 1.6666666666666667) internal successors, (5), 4 states have internal predecessors, (5), 0 states have call successors, (0), 0 states have call predecessors, (0), 0 states have return successors, (0), 0 states have call predecessors, (0), 0 states have call successors, (0)
[2026-06-06 15:15:48,095 INFO  L182       IsEmptyHeuristic]: Start isEmptyHeuristic. Operand  has 5 states, 3 states have (on average 1.6666666666666667) internal successors, (5), 4 states have internal predecessors, (5), 0 states have call successors, (0), 0 states have call predecessors, (0), 0 states have return successors, (0), 0 states have call predecessors, (0), 0 states have call successors, (0)
[2026-06-06 15:15:48,095 INFO  L188       IsEmptyHeuristic]: Finished isEmptyHeuristic. No accepting run.
[2026-06-06 15:15:48,095 INFO  L182       IsEmptyHeuristic]: Start isEmptyHeuristic. Operand  has 5 states, 3 states have (on average 1.6666666666666667) internal successors, (5), 4 states have internal predecessors, (5), 0 states have call successors, (0), 0 states have call predecessors, (0), 0 states have return successors, (0), 0 states have call predecessors, (0), 0 states have call successors, (0)
[2026-06-06 15:15:48,095 INFO  L188       IsEmptyHeuristic]: Finished isEmptyHeuristic. No accepting run.
[2026-06-06 15:15:48,095 INFO  L182       IsEmptyHeuristic]: Start isEmptyHeuristic. Operand  has 5 states, 3 states have (on average 1.6666666666666667) internal successors, (5), 4 states have internal predecessors, (5), 0 states have call successors, (0), 0 states have call predecessors, (0), 0 states have return successors, (0), 0 states have call predecessors, (0), 0 states have call successors, (0)
[2026-06-06 15:15:48,095 INFO  L188       IsEmptyHeuristic]: Finished isEmptyHeuristic. No accepting run.
[2026-06-06 15:15:48,095 INFO  L182       IsEmptyHeuristic]: Start isEmptyHeuristic. Operand  has 5 states, 3 states have (on average 1.6666666666666667) internal successors, (5), 4 states have internal predecessors, (5), 0 states have call successors, (0), 0 states have call predecessors, (0), 0 states have return successors, (0), 0 states have call predecessors, (0), 0 states have call successors, (0)
[2026-06-06 15:15:48,095 INFO  L188       IsEmptyHeuristic]: Finished isEmptyHeuristic. No accepting run.
[2026-06-06 15:15:48,095 INFO  L182       IsEmptyHeuristic]: Start isEmptyHeuristic. Operand  has 5 states, 3 states have (on average 1.6666666666666667) internal successors, (5), 4 states have internal predecessors, (5), 0 states have call successors, (0), 0 states have call predecessors, (0), 0 states have return successors, (0), 0 states have call predecessors, (0), 0 states have call successors, (0)
[2026-06-06 15:15:48,096 INFO  L188       IsEmptyHeuristic]: Finished isEmptyHeuristic. No accepting run.
[2026-06-06 15:15:48,096 INFO  L182       IsEmptyHeuristic]: Start isEmptyHeuristic. Operand  has 5 states, 3 states have (on average 1.6666666666666667) internal successors, (5), 4 states have internal predecessors, (5), 0 states have call successors, (0), 0 states have call predecessors, (0), 0 states have return successors, (0), 0 states have call predecessors, (0), 0 states have call successors, (0)
[2026-06-06 15:15:48,096 INFO  L188       IsEmptyHeuristic]: Finished isEmptyHeuristic. No accepting run.
[2026-06-06 15:15:48,096 INFO  L182       IsEmptyHeuristic]: Start isEmptyHeuristic. Operand  has 5 states, 3 states have (on average 1.6666666666666667) internal successors, (5), 4 states have internal predecessors, (5), 0 states have call successors, (0), 0 states have call predecessors, (0), 0 states have return successors, (0), 0 states have call predecessors, (0), 0 states have call successors, (0)
[2026-06-06 15:15:48,096 INFO  L188       IsEmptyHeuristic]: Finished isEmptyHeuristic. No accepting run.
[2026-06-06 15:15:48,096 INFO  L182       IsEmptyHeuristic]: Start isEmptyHeuristic. Operand  has 5 states, 3 states have (on average 1.6666666666666667) internal successors, (5), 4 states have internal predecessors, (5), 0 states have call successors, (0), 0 states have call predecessors, (0), 0 states have return successors, (0), 0 states have call predecessors, (0), 0 states have call successors, (0)
[2026-06-06 15:15:48,096 INFO  L188       IsEmptyHeuristic]: Finished isEmptyHeuristic. No accepting run.
[2026-06-06 15:15:48,096 INFO  L182       IsEmptyHeuristic]: Start isEmptyHeuristic. Operand  has 5 states, 3 states have (on average 1.6666666666666667) internal successors, (5), 4 states have internal predecessors, (5), 0 states have call successors, (0), 0 states have call predecessors, (0), 0 states have return successors, (0), 0 states have call predecessors, (0), 0 states have call successors, (0)
[2026-06-06 15:15:48,096 INFO  L188       IsEmptyHeuristic]: Finished isEmptyHeuristic. No accepting run.
[2026-06-06 15:15:48,096 INFO  L182       IsEmptyHeuristic]: Start isEmptyHeuristic. Operand  has 5 states, 3 states have (on average 1.6666666666666667) internal successors, (5), 4 states have internal predecessors, (5), 0 states have call successors, (0), 0 states have call predecessors, (0), 0 states have return successors, (0), 0 states have call predecessors, (0), 0 states have call successors, (0)
[2026-06-06 15:15:48,096 INFO  L188       IsEmptyHeuristic]: Finished isEmptyHeuristic. No accepting run.
[2026-06-06 15:15:48,096 INFO  L182       IsEmptyHeuristic]: Start isEmptyHeuristic. Operand  has 5 states, 3 states have (on average 1.6666666666666667) internal successors, (5), 4 states have internal predecessors, (5), 0 states have call successors, (0), 0 states have call predecessors, (0), 0 states have return successors, (0), 0 states have call predecessors, (0), 0 states have call successors, (0)
[2026-06-06 15:15:48,096 INFO  L188       IsEmptyHeuristic]: Finished isEmptyHeuristic. No accepting run.
[2026-06-06 15:15:48,096 INFO  L182       IsEmptyHeuristic]: Start isEmptyHeuristic. Operand  has 5 states, 3 states have (on average 1.6666666666666667) internal successors, (5), 4 states have internal predecessors, (5), 0 states have call successors, (0), 0 states have call predecessors, (0), 0 states have return successors, (0), 0 states have call predecessors, (0), 0 states have call successors, (0)
[2026-06-06 15:15:48,097 INFO  L188       IsEmptyHeuristic]: Finished isEmptyHeuristic. No accepting run.
[2026-06-06 15:15:48,097 INFO  L182       IsEmptyHeuristic]: Start isEmptyHeuristic. Operand  has 5 states, 3 states have (on average 1.6666666666666667) internal successors, (5), 4 states have internal predecessors, (5), 0 states have call successors, (0), 0 states have call predecessors, (0), 0 states have return successors, (0), 0 states have call predecessors, (0), 0 states have call successors, (0)
[2026-06-06 15:15:48,097 INFO  L188       IsEmptyHeuristic]: Finished isEmptyHeuristic. No accepting run.
[2026-06-06 15:15:48,097 INFO  L182       IsEmptyHeuristic]: Start isEmptyHeuristic. Operand  has 5 states, 3 states have (on average 1.6666666666666667) internal successors, (5), 4 states have internal predecessors, (5), 0 states have call successors, (0), 0 states have call predecessors, (0), 0 states have return successors, (0), 0 states have call predecessors, (0), 0 states have call successors, (0)
[2026-06-06 15:15:48,097 INFO  L188       IsEmptyHeuristic]: Finished isEmptyHeuristic. No accepting run.
[2026-06-06 15:15:48,097 INFO  L182       IsEmptyHeuristic]: Start isEmptyHeuristic. Operand  has 5 states, 3 states have (on average 1.6666666666666667) internal successors, (5), 4 states have internal predecessors, (5), 0 states have call successors, (0), 0 states have call predecessors, (0), 0 states have return successors, (0), 0 states have call predecessors, (0), 0 states have call successors, (0)
[2026-06-06 15:15:48,097 INFO  L188       IsEmptyHeuristic]: Finished isEmptyHeuristic. No accepting run.
[2026-06-06 15:15:48,097 INFO  L182       IsEmptyHeuristic]: Start isEmptyHeuristic. Operand  has 5 states, 3 states have (on average 1.6666666666666667) internal successors, (5), 4 states have internal predecessors, (5), 0 states have call successors, (0), 0 states have call predecessors, (0), 0 states have return successors, (0), 0 states have call predecessors, (0), 0 states have call successors, (0)
[2026-06-06 15:15:48,097 INFO  L188       IsEmptyHeuristic]: Finished isEmptyHeuristic. No accepting run.
[2026-06-06 15:15:48,097 INFO  L182       IsEmptyHeuristic]: Start isEmptyHeuristic. Operand  has 5 states, 3 states have (on average 1.6666666666666667) internal successors, (5), 4 states have internal predecessors, (5), 0 states have call successors, (0), 0 states have call predecessors, (0), 0 states have return successors, (0), 0 states have call predecessors, (0), 0 states have call successors, (0)
[2026-06-06 15:15:48,097 INFO  L188       IsEmptyHeuristic]: Finished isEmptyHeuristic. No accepting run.
[2026-06-06 15:15:48,097 INFO  L182       IsEmptyHeuristic]: Start isEmptyHeuristic. Operand  has 5 states, 3 states have (on average 1.6666666666666667) internal successors, (5), 4 states have internal predecessors, (5), 0 states have call successors, (0), 0 states have call predecessors, (0), 0 states have return successors, (0), 0 states have call predecessors, (0), 0 states have call successors, (0)
[2026-06-06 15:15:48,097 INFO  L188       IsEmptyHeuristic]: Finished isEmptyHeuristic. No accepting run.
[2026-06-06 15:15:48,097 INFO  L182       IsEmptyHeuristic]: Start isEmptyHeuristic. Operand  has 5 states, 3 states have (on average 1.6666666666666667) internal successors, (5), 4 states have internal predecessors, (5), 0 states have call successors, (0), 0 states have call predecessors, (0), 0 states have return successors, (0), 0 states have call predecessors, (0), 0 states have call successors, (0)
[2026-06-06 15:15:48,097 INFO  L188       IsEmptyHeuristic]: Finished isEmptyHeuristic. No accepting run.
[2026-06-06 15:15:48,097 INFO  L182       IsEmptyHeuristic]: Start isEmptyHeuristic. Operand  has 5 states, 3 states have (on average 1.6666666666666667) internal successors, (5), 4 states have internal predecessors, (5), 0 states have call successors, (0), 0 states have call predecessors, (0), 0 states have return successors, (0), 0 states have call predecessors, (0), 0 states have call successors, (0)
[2026-06-06 15:15:48,097 INFO  L188       IsEmptyHeuristic]: Finished isEmptyHeuristic. No accepting run.
[2026-06-06 15:15:48,097 INFO  L182       IsEmptyHeuristic]: Start isEmptyHeuristic. Operand  has 5 states, 3 states have (on average 1.6666666666666667) internal successors, (5), 4 states have internal predecessors, (5), 0 states have call successors, (0), 0 states have call predecessors, (0), 0 states have return successors, (0), 0 states have call predecessors, (0), 0 states have call successors, (0)
[2026-06-06 15:15:48,097 INFO  L188       IsEmptyHeuristic]: Finished isEmptyHeuristic. No accepting run.
[2026-06-06 15:15:48,098 INFO  L182       IsEmptyHeuristic]: Start isEmptyHeuristic. Operand  has 5 states, 3 states have (on average 1.6666666666666667) internal successors, (5), 4 states have internal predecessors, (5), 0 states have call successors, (0), 0 states have call predecessors, (0), 0 states have return successors, (0), 0 states have call predecessors, (0), 0 states have call successors, (0)
[2026-06-06 15:15:48,098 INFO  L188       IsEmptyHeuristic]: Finished isEmptyHeuristic. No accepting run.
[2026-06-06 15:15:48,098 INFO  L182       IsEmptyHeuristic]: Start isEmptyHeuristic. Operand  has 5 states, 3 states have (on average 1.6666666666666667) internal successors, (5), 4 states have internal predecessors, (5), 0 states have call successors, (0), 0 states have call predecessors, (0), 0 states have return successors, (0), 0 states have call predecessors, (0), 0 states have call successors, (0)
[2026-06-06 15:15:48,098 INFO  L188       IsEmptyHeuristic]: Finished isEmptyHeuristic. No accepting run.
[2026-06-06 15:15:48,098 INFO  L182       IsEmptyHeuristic]: Start isEmptyHeuristic. Operand  has 5 states, 3 states have (on average 1.6666666666666667) internal successors, (5), 4 states have internal predecessors, (5), 0 states have call successors, (0), 0 states have call predecessors, (0), 0 states have return successors, (0), 0 states have call predecessors, (0), 0 states have call successors, (0)
[2026-06-06 15:15:48,098 INFO  L188       IsEmptyHeuristic]: Finished isEmptyHeuristic. Found accepting run of length 27
[2026-06-06 15:15:48,098 INFO  L163        IsEmptyParallel]: Finished isEmptyParallel. Found accepting run of length 27
[2026-06-06 15:15:48,098 WARN  L753                IsEmpty]: Correctness of emptinessCheck not tested.
[2026-06-06 15:15:48,098 INFO  L79                 Accepts]: Start accepts. Automaton has  has 5 states, 3 states have (on average 1.6666666666666667) internal successors, (5), 4 states have internal predecessors, (5), 0 states have call successors, (0), 0 states have call predecessors, (0), 0 states have return successors, (0), 0 states have call predecessors, (0), 0 states have call successors, (0) Word has length 26
[2026-06-06 15:15:48,098 INFO  L85                 Accepts]: Finished accepts. word is accepted.
[2026-06-06 15:15:48,098 INFO  L757                IsEmpty]: Finished testing correctness of emptinessCheck
[2026-06-06 15:15:48,098 INFO  L290                IsEmpty]: Start isEmptyParallel. Operand  has 5 states, 3 states have (on average 1.6666666666666667) internal successors, (5), 4 states have internal predecessors, (5), 0 states have call successors, (0), 0 states have call predecessors, (0), 0 states have return successors, (0), 0 states have call predecessors, (0), 0 states have call successors, (0)
[2026-06-06 15:15:48,098 INFO  L300                IsEmpty]: Finished isEmptyParallel. No accepting run.
[2026-06-06 15:15:48,098 INFO  L156        IsEmptyParallel]: Start isEmptyParallel. Operand  has 5 states, 3 states have (on average 1.6666666666666667) internal successors, (5), 4 states have internal predecessors, (5), 0 states have call successors, (0), 0 states have call predecessors, (0), 0 states have return successors, (0), 0 states have call predecessors, (0), 0 states have call successors, (0)
[2026-06-06 15:15:48,098 INFO  L182       IsEmptyHeuristic]: Start isEmptyHeuristic. Operand  has 5 states, 3 states have (on average 1.6666666666666667) internal successors, (5), 4 states have internal predecessors, (5), 0 states have call successors, (0), 0 states have call predecessors, (0), 0 states have return successors, (0), 0 states have call predecessors, (0), 0 states have call successors, (0)
[2026-06-06 15:15:48,098 INFO  L188       IsEmptyHeuristic]: Finished isEmptyHeuristic. No accepting run.
[2026-06-06 15:15:48,098 INFO  L182       IsEmptyHeuristic]: Start isEmptyHeuristic. Operand  has 5 states, 3 states have (on average 1.6666666666666667) internal successors, (5), 4 states have internal predecessors, (5), 0 states have call successors, (0), 0 states have call predecessors, (0), 0 states have return successors, (0), 0 states have call predecessors, (0), 0 states have call successors, (0)
[2026-06-06 15:15:48,098 INFO  L188       IsEmptyHeuristic]: Finished isEmptyHeuristic. No accepting run.
[2026-06-06 15:15:48,098 INFO  L182       IsEmptyHeuristic]: Start isEmptyHeuristic. Operand  has 5 states, 3 states have (on average 1.6666666666666667) internal successors, (5), 4 states have internal predecessors, (5), 0 states have call successors, (0), 0 states have call predecessors, (0), 0 states have return successors, (0), 0 states have call predecessors, (0), 0 states have call successors, (0)
[2026-06-06 15:15:48,098 INFO  L188       IsEmptyHeuristic]: Finished isEmptyHeuristic. No accepting run.
[2026-06-06 15:15:48,098 INFO  L182       IsEmptyHeuristic]: Start isEmptyHeuristic. Operand  has 5 states, 3 states have (on average 1.6666666666666667) internal successors, (5), 4 states have internal predecessors, (5), 0 states have call successors, (0), 0 states have call predecessors, (0), 0 states have return successors, (0), 0 states have call predecessors, (0), 0 states have call successors, (0)
[2026-06-06 15:15:48,098 INFO  L188       IsEmptyHeuristic]: Finished isEmptyHeuristic. No accepting run.
[2026-06-06 15:15:48,098 INFO  L182       IsEmptyHeuristic]: Start isEmptyHeuristic. Operand  has 5 states, 3 states have (on average 1.6666666666666667) internal successors, (5), 4 states have internal predecessors, (5), 0 states have call successors, (0), 0 states have call predecessors, (0), 0 states have return successors, (0), 0 states have call predecessors, (0), 0 states have call successors, (0)
[2026-06-06 15:15:48,098 INFO  L188       IsEmptyHeuristic]: Finished isEmptyHeuristic. No accepting run.
[2026-06-06 15:15:48,098 INFO  L182       IsEmptyHeuristic]: Start isEmptyHeuristic. Operand  has 5 states, 3 states have (on average 1.6666666666666667) internal successors, (5), 4 states have internal predecessors, (5), 0 states have call successors, (0), 0 states have call predecessors, (0), 0 states have return successors, (0), 0 states have call predecessors, (0), 0 states have call successors, (0)
[2026-06-06 15:15:48,098 INFO  L188       IsEmptyHeuristic]: Finished isEmptyHeuristic. No accepting run.
[2026-06-06 15:15:48,098 INFO  L182       IsEmptyHeuristic]: Start isEmptyHeuristic. Operand  has 5 states, 3 states have (on average 1.6666666666666667) internal successors, (5), 4 states have internal predecessors, (5), 0 states have call successors, (0), 0 states have call predecessors, (0), 0 states have return successors, (0), 0 states have call predecessors, (0), 0 states have call successors, (0)
[2026-06-06 15:15:48,098 INFO  L188       IsEmptyHeuristic]: Finished isEmptyHeuristic. No accepting run.
[2026-06-06 15:15:48,098 INFO  L182       IsEmptyHeuristic]: Start isEmptyHeuristic. Operand  has 5 states, 3 states have (on average 1.6666666666666667) internal successors, (5), 4 states have internal predecessors, (5), 0 states have call successors, (0), 0 states have call predecessors, (0), 0 states have return successors, (0), 0 states have call predecessors, (0), 0 states have call successors, (0)
[2026-06-06 15:15:48,099 INFO  L188       IsEmptyHeuristic]: Finished isEmptyHeuristic. No accepting run.
[2026-06-06 15:15:48,099 INFO  L182       IsEmptyHeuristic]: Start isEmptyHeuristic. Operand  has 5 states, 3 states have (on average 1.6666666666666667) internal successors, (5), 4 states have internal predecessors, (5), 0 states have call successors, (0), 0 states have call predecessors, (0), 0 states have return successors, (0), 0 states have call predecessors, (0), 0 states have call successors, (0)
[2026-06-06 15:15:48,099 INFO  L188       IsEmptyHeuristic]: Finished isEmptyHeuristic. No accepting run.
[2026-06-06 15:15:48,099 INFO  L182       IsEmptyHeuristic]: Start isEmptyHeuristic. Operand  has 5 states, 3 states have (on average 1.6666666666666667) internal successors, (5), 4 states have internal predecessors, (5), 0 states have call successors, (0), 0 states have call predecessors, (0), 0 states have return successors, (0), 0 states have call predecessors, (0), 0 states have call successors, (0)
[2026-06-06 15:15:48,099 INFO  L188       IsEmptyHeuristic]: Finished isEmptyHeuristic. No accepting run.
[2026-06-06 15:15:48,099 INFO  L182       IsEmptyHeuristic]: Start isEmptyHeuristic. Operand  has 5 states, 3 states have (on average 1.6666666666666667) internal successors, (5), 4 states have internal predecessors, (5), 0 states have call successors, (0), 0 states have call predecessors, (0), 0 states have return successors, (0), 0 states have call predecessors, (0), 0 states have call successors, (0)
[2026-06-06 15:15:48,099 INFO  L188       IsEmptyHeuristic]: Finished isEmptyHeuristic. No accepting run.
[2026-06-06 15:15:48,099 INFO  L182       IsEmptyHeuristic]: Start isEmptyHeuristic. Operand  has 5 states, 3 states have (on average 1.6666666666666667) internal successors, (5), 4 states have internal predecessors, (5), 0 states have call successors, (0), 0 states have call predecessors, (0), 0 states have return successors, (0), 0 states have call predecessors, (0), 0 states have call successors, (0)
[2026-06-06 15:15:48,099 INFO  L188       IsEmptyHeuristic]: Finished isEmptyHeuristic. No accepting run.
[2026-06-06 15:15:48,099 INFO  L182       IsEmptyHeuristic]: Start isEmptyHeuristic. Operand  has 5 states, 3 states have (on average 1.6666666666666667) internal successors, (5), 4 states have internal predecessors, (5), 0 states have call successors, (0), 0 states have call predecessors, (0), 0 states have return successors, (0), 0 states have call predecessors, (0), 0 states have call successors, (0)
[2026-06-06 15:15:48,099 INFO  L188       IsEmptyHeuristic]: Finished isEmptyHeuristic. No accepting run.
[2026-06-06 15:15:48,099 INFO  L182       IsEmptyHeuristic]: Start isEmptyHeuristic. Operand  has 5 states, 3 states have (on average 1.6666666666666667) internal successors, (5), 4 states have internal predecessors, (5), 0 states have call successors, (0), 0 states have call predecessors, (0), 0 states have return successors, (0), 0 states have call predecessors, (0), 0 states have call successors, (0)
[2026-06-06 15:15:48,099 INFO  L188       IsEmptyHeuristic]: Finished isEmptyHeuristic. No accepting run.
[2026-06-06 15:15:48,099 INFO  L182       IsEmptyHeuristic]: Start isEmptyHeuristic. Operand  has 5 states, 3 states have (on average 1.6666666666666667) internal successors, (5), 4 states have internal predecessors, (5), 0 states have call successors, (0), 0 states have call predecessors, (0), 0 states have return successors, (0), 0 states have call predecessors, (0), 0 states have call successors, (0)
[2026-06-06 15:15:48,099 INFO  L188       IsEmptyHeuristic]: Finished isEmptyHeuristic. No accepting run.
[2026-06-06 15:15:48,099 INFO  L182       IsEmptyHeuristic]: Start isEmptyHeuristic. Operand  has 5 states, 3 states have (on average 1.6666666666666667) internal successors, (5), 4 states have internal predecessors, (5), 0 states have call successors, (0), 0 states have call predecessors, (0), 0 states have return successors, (0), 0 states have call predecessors, (0), 0 states have call successors, (0)
[2026-06-06 15:15:48,099 INFO  L188       IsEmptyHeuristic]: Finished isEmptyHeuristic. No accepting run.
[2026-06-06 15:15:48,099 INFO  L182       IsEmptyHeuristic]: Start isEmptyHeuristic. Operand  has 5 states, 3 states have (on average 1.6666666666666667) internal successors, (5), 4 states have internal predecessors, (5), 0 states have call successors, (0), 0 states have call predecessors, (0), 0 states have return successors, (0), 0 states have call predecessors, (0), 0 states have call successors, (0)
[2026-06-06 15:15:48,100 INFO  L188       IsEmptyHeuristic]: Finished isEmptyHeuristic. No accepting run.
[2026-06-06 15:15:48,100 INFO  L182       IsEmptyHeuristic]: Start isEmptyHeuristic. Operand  has 5 states, 3 states have (on average 1.6666666666666667) internal successors, (5), 4 states have internal predecessors, (5), 0 states have call successors, (0), 0 states have call predecessors, (0), 0 states have return successors, (0), 0 states have call predecessors, (0), 0 states have call successors, (0)
[2026-06-06 15:15:48,100 INFO  L188       IsEmptyHeuristic]: Finished isEmptyHeuristic. No accepting run.
[2026-06-06 15:15:48,100 INFO  L182       IsEmptyHeuristic]: Start isEmptyHeuristic. Operand  has 5 states, 3 states have (on average 1.6666666666666667) internal successors, (5), 4 states have internal predecessors, (5), 0 states have call successors, (0), 0 states have call predecessors, (0), 0 states have return successors, (0), 0 states have call predecessors, (0), 0 states have call successors, (0)
[2026-06-06 15:15:48,100 INFO  L188       IsEmptyHeuristic]: Finished isEmptyHeuristic. No accepting run.
[2026-06-06 15:15:48,100 INFO  L182       IsEmptyHeuristic]: Start isEmptyHeuristic. Operand  has 5 states, 3 states have (on average 1.6666666666666667) internal successors, (5), 4 states have internal predecessors, (5), 0 states have call successors, (0), 0 states have call predecessors, (0), 0 states have return successors, (0), 0 states have call predecessors, (0), 0 states have call successors, (0)
[2026-06-06 15:15:48,100 INFO  L188       IsEmptyHeuristic]: Finished isEmptyHeuristic. No accepting run.
[2026-06-06 15:15:48,100 INFO  L182       IsEmptyHeuristic]: Start isEmptyHeuristic. Operand  has 5 states, 3 states have (on average 1.6666666666666667) internal successors, (5), 4 states have internal predecessors, (5), 0 states have call successors, (0), 0 states have call predecessors, (0), 0 states have return successors, (0), 0 states have call predecessors, (0), 0 states have call successors, (0)
[2026-06-06 15:15:48,100 INFO  L188       IsEmptyHeuristic]: Finished isEmptyHeuristic. No accepting run.
[2026-06-06 15:15:48,100 INFO  L182       IsEmptyHeuristic]: Start isEmptyHeuristic. Operand  has 5 states, 3 states have (on average 1.6666666666666667) internal successors, (5), 4 states have internal predecessors, (5), 0 states have call successors, (0), 0 states have call predecessors, (0), 0 states have return successors, (0), 0 states have call predecessors, (0), 0 states have call successors, (0)
[2026-06-06 15:15:48,100 INFO  L188       IsEmptyHeuristic]: Finished isEmptyHeuristic. No accepting run.
[2026-06-06 15:15:48,100 INFO  L182       IsEmptyHeuristic]: Start isEmptyHeuristic. Operand  has 5 states, 3 states have (on average 1.6666666666666667) internal successors, (5), 4 states have internal predecessors, (5), 0 states have call successors, (0), 0 states have call predecessors, (0), 0 states have return successors, (0), 0 states have call predecessors, (0), 0 states have call successors, (0)
[2026-06-06 15:15:48,100 INFO  L188       IsEmptyHeuristic]: Finished isEmptyHeuristic. No accepting run.
[2026-06-06 15:15:48,100 INFO  L182       IsEmptyHeuristic]: Start isEmptyHeuristic. Operand  has 5 states, 3 states have (on average 1.6666666666666667) internal successors, (5), 4 states have internal predecessors, (5), 0 states have call successors, (0), 0 states have call predecessors, (0), 0 states have return successors, (0), 0 states have call predecessors, (0), 0 states have call successors, (0)
[2026-06-06 15:15:48,100 INFO  L188       IsEmptyHeuristic]: Finished isEmptyHeuristic. No accepting run.
[2026-06-06 15:15:48,101 INFO  L182       IsEmptyHeuristic]: Start isEmptyHeuristic. Operand  has 5 states, 3 states have (on average 1.6666666666666667) internal successors, (5), 4 states have internal predecessors, (5), 0 states have call successors, (0), 0 states have call predecessors, (0), 0 states have return successors, (0), 0 states have call predecessors, (0), 0 states have call successors, (0)
[2026-06-06 15:15:48,101 INFO  L188       IsEmptyHeuristic]: Finished isEmptyHeuristic. Found accepting run of length 30
[2026-06-06 15:15:48,101 INFO  L163        IsEmptyParallel]: Finished isEmptyParallel. Found accepting run of length 30
[2026-06-06 15:15:48,101 WARN  L753                IsEmpty]: Correctness of emptinessCheck not tested.
[2026-06-06 15:15:48,101 INFO  L79                 Accepts]: Start accepts. Automaton has  has 5 states, 3 states have (on average 1.6666666666666667) internal successors, (5), 4 states have internal predecessors, (5), 0 states have call successors, (0), 0 states have call predecessors, (0), 0 states have return successors, (0), 0 states have call predecessors, (0), 0 states have call successors, (0) Word has length 29
[2026-06-06 15:15:48,101 INFO  L85                 Accepts]: Finished accepts. word is accepted.
[2026-06-06 15:15:48,101 INFO  L757                IsEmpty]: Finished testing correctness of emptinessCheck
[2026-06-06 15:15:48,101 INFO  L290                IsEmpty]: Start isEmptyParallel. Operand  has 5 states, 3 states have (on average 1.6666666666666667) internal successors, (5), 4 states have internal predecessors, (5), 0 states have call successors, (0), 0 states have call predecessors, (0), 0 states have return successors, (0), 0 states have call predecessors, (0), 0 states have call successors, (0)
[2026-06-06 15:15:48,101 INFO  L300                IsEmpty]: Finished isEmptyParallel. No accepting run.
[2026-06-06 15:15:48,101 INFO  L156        IsEmptyParallel]: Start isEmptyParallel. Operand  has 5 states, 3 states have (on average 1.6666666666666667) internal successors, (5), 4 states have internal predecessors, (5), 0 states have call successors, (0), 0 states have call predecessors, (0), 0 states have return successors, (0), 0 states have call predecessors, (0), 0 states have call successors, (0)
[2026-06-06 15:15:48,101 INFO  L182       IsEmptyHeuristic]: Start isEmptyHeuristic. Operand  has 5 states, 3 states have (on average 1.6666666666666667) internal successors, (5), 4 states have internal predecessors, (5), 0 states have call successors, (0), 0 states have call predecessors, (0), 0 states have return successors, (0), 0 states have call predecessors, (0), 0 states have call successors, (0)
[2026-06-06 15:15:48,101 INFO  L188       IsEmptyHeuristic]: Finished isEmptyHeuristic. No accepting run.
[2026-06-06 15:15:48,101 INFO  L182       IsEmptyHeuristic]: Start isEmptyHeuristic. Operand  has 5 states, 3 states have (on average 1.6666666666666667) internal successors, (5), 4 states have internal predecessors, (5), 0 states have call successors, (0), 0 states have call predecessors, (0), 0 states have return successors, (0), 0 states have call predecessors, (0), 0 states have call successors, (0)
[2026-06-06 15:15:48,101 INFO  L188       IsEmptyHeuristic]: Finished isEmptyHeuristic. No accepting run.
[2026-06-06 15:15:48,101 INFO  L182       IsEmptyHeuristic]: Start isEmptyHeuristic. Operand  has 5 states, 3 states have (on average 1.6666666666666667) internal successors, (5), 4 states have internal predecessors, (5), 0 states have call successors, (0), 0 states have call predecessors, (0), 0 states have return successors, (0), 0 states have call predecessors, (0), 0 states have call successors, (0)
[2026-06-06 15:15:48,101 INFO  L188       IsEmptyHeuristic]: Finished isEmptyHeuristic. No accepting run.
[2026-06-06 15:15:48,101 INFO  L182       IsEmptyHeuristic]: Start isEmptyHeuristic. Operand  has 5 states, 3 states have (on average 1.6666666666666667) internal successors, (5), 4 states have internal predecessors, (5), 0 states have call successors, (0), 0 states have call predecessors, (0), 0 states have return successors, (0), 0 states have call predecessors, (0), 0 states have call successors, (0)
[2026-06-06 15:15:48,101 INFO  L188       IsEmptyHeuristic]: Finished isEmptyHeuristic. No accepting run.
[2026-06-06 15:15:48,101 INFO  L182       IsEmptyHeuristic]: Start isEmptyHeuristic. Operand  has 5 states, 3 states have (on average 1.6666666666666667) internal successors, (5), 4 states have internal predecessors, (5), 0 states have call successors, (0), 0 states have call predecessors, (0), 0 states have return successors, (0), 0 states have call predecessors, (0), 0 states have call successors, (0)
[2026-06-06 15:15:48,101 INFO  L188       IsEmptyHeuristic]: Finished isEmptyHeuristic. No accepting run.
[2026-06-06 15:15:48,101 INFO  L182       IsEmptyHeuristic]: Start isEmptyHeuristic. Operand  has 5 states, 3 states have (on average 1.6666666666666667) internal successors, (5), 4 states have internal predecessors, (5), 0 states have call successors, (0), 0 states have call predecessors, (0), 0 states have return successors, (0), 0 states have call predecessors, (0), 0 states have call successors, (0)
[2026-06-06 15:15:48,101 INFO  L188       IsEmptyHeuristic]: Finished isEmptyHeuristic. No accepting run.
[2026-06-06 15:15:48,101 INFO  L182       IsEmptyHeuristic]: Start isEmptyHeuristic. Operand  has 5 states, 3 states have (on average 1.6666666666666667) internal successors, (5), 4 states have internal predecessors, (5), 0 states have call successors, (0), 0 states have call predecessors, (0), 0 states have return successors, (0), 0 states have call predecessors, (0), 0 states have call successors, (0)
[2026-06-06 15:15:48,102 INFO  L188       IsEmptyHeuristic]: Finished isEmptyHeuristic. No accepting run.
[2026-06-06 15:15:48,102 INFO  L182       IsEmptyHeuristic]: Start isEmptyHeuristic. Operand  has 5 states, 3 states have (on average 1.6666666666666667) internal successors, (5), 4 states have internal predecessors, (5), 0 states have call successors, (0), 0 states have call predecessors, (0), 0 states have return successors, (0), 0 states have call predecessors, (0), 0 states have call successors, (0)
[2026-06-06 15:15:48,102 INFO  L188       IsEmptyHeuristic]: Finished isEmptyHeuristic. No accepting run.
[2026-06-06 15:15:48,102 INFO  L182       IsEmptyHeuristic]: Start isEmptyHeuristic. Operand  has 5 states, 3 states have (on average 1.6666666666666667) internal successors, (5), 4 states have internal predecessors, (5), 0 states have call successors, (0), 0 states have call predecessors, (0), 0 states have return successors, (0), 0 states have call predecessors, (0), 0 states have call successors, (0)
[2026-06-06 15:15:48,102 INFO  L188       IsEmptyHeuristic]: Finished isEmptyHeuristic. No accepting run.
[2026-06-06 15:15:48,102 INFO  L182       IsEmptyHeuristic]: Start isEmptyHeuristic. Operand  has 5 states, 3 states have (on average 1.6666666666666667) internal successors, (5), 4 states have internal predecessors, (5), 0 states have call successors, (0), 0 states have call predecessors, (0), 0 states have return successors, (0), 0 states have call predecessors, (0), 0 states have call successors, (0)
[2026-06-06 15:15:48,102 INFO  L188       IsEmptyHeuristic]: Finished isEmptyHeuristic. No accepting run.
[2026-06-06 15:15:48,102 INFO  L182       IsEmptyHeuristic]: Start isEmptyHeuristic. Operand  has 5 states, 3 states have (on average 1.6666666666666667) internal successors, (5), 4 states have internal predecessors, (5), 0 states have call successors, (0), 0 states have call predecessors, (0), 0 states have return successors, (0), 0 states have call predecessors, (0), 0 states have call successors, (0)
[2026-06-06 15:15:48,102 INFO  L188       IsEmptyHeuristic]: Finished isEmptyHeuristic. No accepting run.
[2026-06-06 15:15:48,102 INFO  L182       IsEmptyHeuristic]: Start isEmptyHeuristic. Operand  has 5 states, 3 states have (on average 1.6666666666666667) internal successors, (5), 4 states have internal predecessors, (5), 0 states have call successors, (0), 0 states have call predecessors, (0), 0 states have return successors, (0), 0 states have call predecessors, (0), 0 states have call successors, (0)
[2026-06-06 15:15:48,102 INFO  L188       IsEmptyHeuristic]: Finished isEmptyHeuristic. No accepting run.
[2026-06-06 15:15:48,102 INFO  L182       IsEmptyHeuristic]: Start isEmptyHeuristic. Operand  has 5 states, 3 states have (on average 1.6666666666666667) internal successors, (5), 4 states have internal predecessors, (5), 0 states have call successors, (0), 0 states have call predecessors, (0), 0 states have return successors, (0), 0 states have call predecessors, (0), 0 states have call successors, (0)
[2026-06-06 15:15:48,102 INFO  L188       IsEmptyHeuristic]: Finished isEmptyHeuristic. No accepting run.
[2026-06-06 15:15:48,102 INFO  L182       IsEmptyHeuristic]: Start isEmptyHeuristic. Operand  has 5 states, 3 states have (on average 1.6666666666666667) internal successors, (5), 4 states have internal predecessors, (5), 0 states have call successors, (0), 0 states have call predecessors, (0), 0 states have return successors, (0), 0 states have call predecessors, (0), 0 states have call successors, (0)
[2026-06-06 15:15:48,102 INFO  L188       IsEmptyHeuristic]: Finished isEmptyHeuristic. No accepting run.
[2026-06-06 15:15:48,102 INFO  L182       IsEmptyHeuristic]: Start isEmptyHeuristic. Operand  has 5 states, 3 states have (on average 1.6666666666666667) internal successors, (5), 4 states have internal predecessors, (5), 0 states have call successors, (0), 0 states have call predecessors, (0), 0 states have return successors, (0), 0 states have call predecessors, (0), 0 states have call successors, (0)
[2026-06-06 15:15:48,102 INFO  L188       IsEmptyHeuristic]: Finished isEmptyHeuristic. No accepting run.
[2026-06-06 15:15:48,102 INFO  L182       IsEmptyHeuristic]: Start isEmptyHeuristic. Operand  has 5 states, 3 states have (on average 1.6666666666666667) internal successors, (5), 4 states have internal predecessors, (5), 0 states have call successors, (0), 0 states have call predecessors, (0), 0 states have return successors, (0), 0 states have call predecessors, (0), 0 states have call successors, (0)
[2026-06-06 15:15:48,102 INFO  L188       IsEmptyHeuristic]: Finished isEmptyHeuristic. No accepting run.
[2026-06-06 15:15:48,102 INFO  L182       IsEmptyHeuristic]: Start isEmptyHeuristic. Operand  has 5 states, 3 states have (on average 1.6666666666666667) internal successors, (5), 4 states have internal predecessors, (5), 0 states have call successors, (0), 0 states have call predecessors, (0), 0 states have return successors, (0), 0 states have call predecessors, (0), 0 states have call successors, (0)
[2026-06-06 15:15:48,102 INFO  L188       IsEmptyHeuristic]: Finished isEmptyHeuristic. No accepting run.
[2026-06-06 15:15:48,102 INFO  L182       IsEmptyHeuristic]: Start isEmptyHeuristic. Operand  has 5 states, 3 states have (on average 1.6666666666666667) internal successors, (5), 4 states have internal predecessors, (5), 0 states have call successors, (0), 0 states have call predecessors, (0), 0 states have return successors, (0), 0 states have call predecessors, (0), 0 states have call successors, (0)
[2026-06-06 15:15:48,103 INFO  L188       IsEmptyHeuristic]: Finished isEmptyHeuristic. No accepting run.
[2026-06-06 15:15:48,103 INFO  L182       IsEmptyHeuristic]: Start isEmptyHeuristic. Operand  has 5 states, 3 states have (on average 1.6666666666666667) internal successors, (5), 4 states have internal predecessors, (5), 0 states have call successors, (0), 0 states have call predecessors, (0), 0 states have return successors, (0), 0 states have call predecessors, (0), 0 states have call successors, (0)
[2026-06-06 15:15:48,103 INFO  L188       IsEmptyHeuristic]: Finished isEmptyHeuristic. No accepting run.
[2026-06-06 15:15:48,103 INFO  L182       IsEmptyHeuristic]: Start isEmptyHeuristic. Operand  has 5 states, 3 states have (on average 1.6666666666666667) internal successors, (5), 4 states have internal predecessors, (5), 0 states have call successors, (0), 0 states have call predecessors, (0), 0 states have return successors, (0), 0 states have call predecessors, (0), 0 states have call successors, (0)
[2026-06-06 15:15:48,103 INFO  L188       IsEmptyHeuristic]: Finished isEmptyHeuristic. No accepting run.
[2026-06-06 15:15:48,103 INFO  L182       IsEmptyHeuristic]: Start isEmptyHeuristic. Operand  has 5 states, 3 states have (on average 1.6666666666666667) internal successors, (5), 4 states have internal predecessors, (5), 0 states have call successors, (0), 0 states have call predecessors, (0), 0 states have return successors, (0), 0 states have call predecessors, (0), 0 states have call successors, (0)
[2026-06-06 15:15:48,103 INFO  L188       IsEmptyHeuristic]: Finished isEmptyHeuristic. No accepting run.
[2026-06-06 15:15:48,104 INFO  L182       IsEmptyHeuristic]: Start isEmptyHeuristic. Operand  has 5 states, 3 states have (on average 1.6666666666666667) internal successors, (5), 4 states have internal predecessors, (5), 0 states have call successors, (0), 0 states have call predecessors, (0), 0 states have return successors, (0), 0 states have call predecessors, (0), 0 states have call successors, (0)
[2026-06-06 15:15:48,104 INFO  L188       IsEmptyHeuristic]: Finished isEmptyHeuristic. No accepting run.
[2026-06-06 15:15:48,104 INFO  L182       IsEmptyHeuristic]: Start isEmptyHeuristic. Operand  has 5 states, 3 states have (on average 1.6666666666666667) internal successors, (5), 4 states have internal predecessors, (5), 0 states have call successors, (0), 0 states have call predecessors, (0), 0 states have return successors, (0), 0 states have call predecessors, (0), 0 states have call successors, (0)
[2026-06-06 15:15:48,104 INFO  L188       IsEmptyHeuristic]: Finished isEmptyHeuristic. No accepting run.
[2026-06-06 15:15:48,104 INFO  L182       IsEmptyHeuristic]: Start isEmptyHeuristic. Operand  has 5 states, 3 states have (on average 1.6666666666666667) internal successors, (5), 4 states have internal predecessors, (5), 0 states have call successors, (0), 0 states have call predecessors, (0), 0 states have return successors, (0), 0 states have call predecessors, (0), 0 states have call successors, (0)
[2026-06-06 15:15:48,104 INFO  L188       IsEmptyHeuristic]: Finished isEmptyHeuristic. No accepting run.
[2026-06-06 15:15:48,104 INFO  L182       IsEmptyHeuristic]: Start isEmptyHeuristic. Operand  has 5 states, 3 states have (on average 1.6666666666666667) internal successors, (5), 4 states have internal predecessors, (5), 0 states have call successors, (0), 0 states have call predecessors, (0), 0 states have return successors, (0), 0 states have call predecessors, (0), 0 states have call successors, (0)
[2026-06-06 15:15:48,105 INFO  L188       IsEmptyHeuristic]: Finished isEmptyHeuristic. No accepting run.
[2026-06-06 15:15:48,105 INFO  L182       IsEmptyHeuristic]: Start isEmptyHeuristic. Operand  has 5 states, 3 states have (on average 1.6666666666666667) internal successors, (5), 4 states have internal predecessors, (5), 0 states have call successors, (0), 0 states have call predecessors, (0), 0 states have return successors, (0), 0 states have call predecessors, (0), 0 states have call successors, (0)
[2026-06-06 15:15:48,105 INFO  L188       IsEmptyHeuristic]: Finished isEmptyHeuristic. Found accepting run of length 29
[2026-06-06 15:15:48,105 INFO  L163        IsEmptyParallel]: Finished isEmptyParallel. Found accepting run of length 29
[2026-06-06 15:15:48,105 WARN  L753                IsEmpty]: Correctness of emptinessCheck not tested.
[2026-06-06 15:15:48,105 INFO  L79                 Accepts]: Start accepts. Automaton has  has 5 states, 3 states have (on average 1.6666666666666667) internal successors, (5), 4 states have internal predecessors, (5), 0 states have call successors, (0), 0 states have call predecessors, (0), 0 states have return successors, (0), 0 states have call predecessors, (0), 0 states have call successors, (0) Word has length 28
[2026-06-06 15:15:48,105 INFO  L85                 Accepts]: Finished accepts. word is accepted.
[2026-06-06 15:15:48,105 INFO  L757                IsEmpty]: Finished testing correctness of emptinessCheck
[2026-06-06 15:15:48,105 INFO  L290                IsEmpty]: Start isEmptyParallel. Operand  has 5 states, 3 states have (on average 1.6666666666666667) internal successors, (5), 4 states have internal predecessors, (5), 0 states have call successors, (0), 0 states have call predecessors, (0), 0 states have return successors, (0), 0 states have call predecessors, (0), 0 states have call successors, (0)
[2026-06-06 15:15:48,105 INFO  L300                IsEmpty]: Finished isEmptyParallel. No accepting run.
[2026-06-06 15:15:48,105 INFO  L156        IsEmptyParallel]: Start isEmptyParallel. Operand  has 5 states, 3 states have (on average 1.6666666666666667) internal successors, (5), 4 states have internal predecessors, (5), 0 states have call successors, (0), 0 states have call predecessors, (0), 0 states have return successors, (0), 0 states have call predecessors, (0), 0 states have call successors, (0)
[2026-06-06 15:15:48,105 INFO  L182       IsEmptyHeuristic]: Start isEmptyHeuristic. Operand  has 5 states, 3 states have (on average 1.6666666666666667) internal successors, (5), 4 states have internal predecessors, (5), 0 states have call successors, (0), 0 states have call predecessors, (0), 0 states have return successors, (0), 0 states have call predecessors, (0), 0 states have call successors, (0)
[2026-06-06 15:15:48,105 INFO  L188       IsEmptyHeuristic]: Finished isEmptyHeuristic. No accepting run.
[2026-06-06 15:15:48,105 INFO  L182       IsEmptyHeuristic]: Start isEmptyHeuristic. Operand  has 5 states, 3 states have (on average 1.6666666666666667) internal successors, (5), 4 states have internal predecessors, (5), 0 states have call successors, (0), 0 states have call predecessors, (0), 0 states have return successors, (0), 0 states have call predecessors, (0), 0 states have call successors, (0)
[2026-06-06 15:15:48,105 INFO  L188       IsEmptyHeuristic]: Finished isEmptyHeuristic. No accepting run.
[2026-06-06 15:15:48,105 INFO  L182       IsEmptyHeuristic]: Start isEmptyHeuristic. Operand  has 5 states, 3 states have (on average 1.6666666666666667) internal successors, (5), 4 states have internal predecessors, (5), 0 states have call successors, (0), 0 states have call predecessors, (0), 0 states have return successors, (0), 0 states have call predecessors, (0), 0 states have call successors, (0)
[2026-06-06 15:15:48,105 INFO  L188       IsEmptyHeuristic]: Finished isEmptyHeuristic. No accepting run.
[2026-06-06 15:15:48,105 INFO  L182       IsEmptyHeuristic]: Start isEmptyHeuristic. Operand  has 5 states, 3 states have (on average 1.6666666666666667) internal successors, (5), 4 states have internal predecessors, (5), 0 states have call successors, (0), 0 states have call predecessors, (0), 0 states have return successors, (0), 0 states have call predecessors, (0), 0 states have call successors, (0)
[2026-06-06 15:15:48,105 INFO  L188       IsEmptyHeuristic]: Finished isEmptyHeuristic. No accepting run.
[2026-06-06 15:15:48,105 INFO  L182       IsEmptyHeuristic]: Start isEmptyHeuristic. Operand  has 5 states, 3 states have (on average 1.6666666666666667) internal successors, (5), 4 states have internal predecessors, (5), 0 states have call successors, (0), 0 states have call predecessors, (0), 0 states have return successors, (0), 0 states have call predecessors, (0), 0 states have call successors, (0)
[2026-06-06 15:15:48,105 INFO  L188       IsEmptyHeuristic]: Finished isEmptyHeuristic. No accepting run.
[2026-06-06 15:15:48,105 INFO  L182       IsEmptyHeuristic]: Start isEmptyHeuristic. Operand  has 5 states, 3 states have (on average 1.6666666666666667) internal successors, (5), 4 states have internal predecessors, (5), 0 states have call successors, (0), 0 states have call predecessors, (0), 0 states have return successors, (0), 0 states have call predecessors, (0), 0 states have call successors, (0)
[2026-06-06 15:15:48,105 INFO  L188       IsEmptyHeuristic]: Finished isEmptyHeuristic. No accepting run.
[2026-06-06 15:15:48,105 INFO  L182       IsEmptyHeuristic]: Start isEmptyHeuristic. Operand  has 5 states, 3 states have (on average 1.6666666666666667) internal successors, (5), 4 states have internal predecessors, (5), 0 states have call successors, (0), 0 states have call predecessors, (0), 0 states have return successors, (0), 0 states have call predecessors, (0), 0 states have call successors, (0)
[2026-06-06 15:15:48,105 INFO  L188       IsEmptyHeuristic]: Finished isEmptyHeuristic. No accepting run.
[2026-06-06 15:15:48,105 INFO  L182       IsEmptyHeuristic]: Start isEmptyHeuristic. Operand  has 5 states, 3 states have (on average 1.6666666666666667) internal successors, (5), 4 states have internal predecessors, (5), 0 states have call successors, (0), 0 states have call predecessors, (0), 0 states have return successors, (0), 0 states have call predecessors, (0), 0 states have call successors, (0)
[2026-06-06 15:15:48,105 INFO  L188       IsEmptyHeuristic]: Finished isEmptyHeuristic. No accepting run.
[2026-06-06 15:15:48,105 INFO  L182       IsEmptyHeuristic]: Start isEmptyHeuristic. Operand  has 5 states, 3 states have (on average 1.6666666666666667) internal successors, (5), 4 states have internal predecessors, (5), 0 states have call successors, (0), 0 states have call predecessors, (0), 0 states have return successors, (0), 0 states have call predecessors, (0), 0 states have call successors, (0)
[2026-06-06 15:15:48,106 INFO  L188       IsEmptyHeuristic]: Finished isEmptyHeuristic. No accepting run.
[2026-06-06 15:15:48,106 INFO  L182       IsEmptyHeuristic]: Start isEmptyHeuristic. Operand  has 5 states, 3 states have (on average 1.6666666666666667) internal successors, (5), 4 states have internal predecessors, (5), 0 states have call successors, (0), 0 states have call predecessors, (0), 0 states have return successors, (0), 0 states have call predecessors, (0), 0 states have call successors, (0)
[2026-06-06 15:15:48,106 INFO  L188       IsEmptyHeuristic]: Finished isEmptyHeuristic. No accepting run.
[2026-06-06 15:15:48,106 INFO  L182       IsEmptyHeuristic]: Start isEmptyHeuristic. Operand  has 5 states, 3 states have (on average 1.6666666666666667) internal successors, (5), 4 states have internal predecessors, (5), 0 states have call successors, (0), 0 states have call predecessors, (0), 0 states have return successors, (0), 0 states have call predecessors, (0), 0 states have call successors, (0)
[2026-06-06 15:15:48,106 INFO  L188       IsEmptyHeuristic]: Finished isEmptyHeuristic. No accepting run.
[2026-06-06 15:15:48,106 INFO  L182       IsEmptyHeuristic]: Start isEmptyHeuristic. Operand  has 5 states, 3 states have (on average 1.6666666666666667) internal successors, (5), 4 states have internal predecessors, (5), 0 states have call successors, (0), 0 states have call predecessors, (0), 0 states have return successors, (0), 0 states have call predecessors, (0), 0 states have call successors, (0)
[2026-06-06 15:15:48,106 INFO  L188       IsEmptyHeuristic]: Finished isEmptyHeuristic. No accepting run.
[2026-06-06 15:15:48,106 INFO  L182       IsEmptyHeuristic]: Start isEmptyHeuristic. Operand  has 5 states, 3 states have (on average 1.6666666666666667) internal successors, (5), 4 states have internal predecessors, (5), 0 states have call successors, (0), 0 states have call predecessors, (0), 0 states have return successors, (0), 0 states have call predecessors, (0), 0 states have call successors, (0)
[2026-06-06 15:15:48,106 INFO  L188       IsEmptyHeuristic]: Finished isEmptyHeuristic. No accepting run.
[2026-06-06 15:15:48,106 INFO  L182       IsEmptyHeuristic]: Start isEmptyHeuristic. Operand  has 5 states, 3 states have (on average 1.6666666666666667) internal successors, (5), 4 states have internal predecessors, (5), 0 states have call successors, (0), 0 states have call predecessors, (0), 0 states have return successors, (0), 0 states have call predecessors, (0), 0 states have call successors, (0)
[2026-06-06 15:15:48,106 INFO  L188       IsEmptyHeuristic]: Finished isEmptyHeuristic. No accepting run.
[2026-06-06 15:15:48,106 INFO  L182       IsEmptyHeuristic]: Start isEmptyHeuristic. Operand  has 5 states, 3 states have (on average 1.6666666666666667) internal successors, (5), 4 states have internal predecessors, (5), 0 states have call successors, (0), 0 states have call predecessors, (0), 0 states have return successors, (0), 0 states have call predecessors, (0), 0 states have call successors, (0)
[2026-06-06 15:15:48,106 INFO  L188       IsEmptyHeuristic]: Finished isEmptyHeuristic. No accepting run.
[2026-06-06 15:15:48,106 INFO  L182       IsEmptyHeuristic]: Start isEmptyHeuristic. Operand  has 5 states, 3 states have (on average 1.6666666666666667) internal successors, (5), 4 states have internal predecessors, (5), 0 states have call successors, (0), 0 states have call predecessors, (0), 0 states have return successors, (0), 0 states have call predecessors, (0), 0 states have call successors, (0)
[2026-06-06 15:15:48,106 INFO  L188       IsEmptyHeuristic]: Finished isEmptyHeuristic. No accepting run.
[2026-06-06 15:15:48,106 INFO  L182       IsEmptyHeuristic]: Start isEmptyHeuristic. Operand  has 5 states, 3 states have (on average 1.6666666666666667) internal successors, (5), 4 states have internal predecessors, (5), 0 states have call successors, (0), 0 states have call predecessors, (0), 0 states have return successors, (0), 0 states have call predecessors, (0), 0 states have call successors, (0)
[2026-06-06 15:15:48,106 INFO  L188       IsEmptyHeuristic]: Finished isEmptyHeuristic. No accepting run.
[2026-06-06 15:15:48,106 INFO  L182       IsEmptyHeuristic]: Start isEmptyHeuristic. Operand  has 5 states, 3 states have (on average 1.6666666666666667) internal successors, (5), 4 states have internal predecessors, (5), 0 states have call successors, (0), 0 states have call predecessors, (0), 0 states have return successors, (0), 0 states have call predecessors, (0), 0 states have call successors, (0)
[2026-06-06 15:15:48,106 INFO  L188       IsEmptyHeuristic]: Finished isEmptyHeuristic. No accepting run.
[2026-06-06 15:15:48,106 INFO  L182       IsEmptyHeuristic]: Start isEmptyHeuristic. Operand  has 5 states, 3 states have (on average 1.6666666666666667) internal successors, (5), 4 states have internal predecessors, (5), 0 states have call successors, (0), 0 states have call predecessors, (0), 0 states have return successors, (0), 0 states have call predecessors, (0), 0 states have call successors, (0)
[2026-06-06 15:15:48,106 INFO  L188       IsEmptyHeuristic]: Finished isEmptyHeuristic. No accepting run.
[2026-06-06 15:15:48,106 INFO  L182       IsEmptyHeuristic]: Start isEmptyHeuristic. Operand  has 5 states, 3 states have (on average 1.6666666666666667) internal successors, (5), 4 states have internal predecessors, (5), 0 states have call successors, (0), 0 states have call predecessors, (0), 0 states have return successors, (0), 0 states have call predecessors, (0), 0 states have call successors, (0)
[2026-06-06 15:15:48,106 INFO  L188       IsEmptyHeuristic]: Finished isEmptyHeuristic. No accepting run.
[2026-06-06 15:15:48,106 INFO  L182       IsEmptyHeuristic]: Start isEmptyHeuristic. Operand  has 5 states, 3 states have (on average 1.6666666666666667) internal successors, (5), 4 states have internal predecessors, (5), 0 states have call successors, (0), 0 states have call predecessors, (0), 0 states have return successors, (0), 0 states have call predecessors, (0), 0 states have call successors, (0)
[2026-06-06 15:15:48,106 INFO  L188       IsEmptyHeuristic]: Finished isEmptyHeuristic. No accepting run.
[2026-06-06 15:15:48,106 INFO  L182       IsEmptyHeuristic]: Start isEmptyHeuristic. Operand  has 5 states, 3 states have (on average 1.6666666666666667) internal successors, (5), 4 states have internal predecessors, (5), 0 states have call successors, (0), 0 states have call predecessors, (0), 0 states have return successors, (0), 0 states have call predecessors, (0), 0 states have call successors, (0)
[2026-06-06 15:15:48,106 INFO  L188       IsEmptyHeuristic]: Finished isEmptyHeuristic. No accepting run.
[2026-06-06 15:15:48,106 INFO  L182       IsEmptyHeuristic]: Start isEmptyHeuristic. Operand  has 5 states, 3 states have (on average 1.6666666666666667) internal successors, (5), 4 states have internal predecessors, (5), 0 states have call successors, (0), 0 states have call predecessors, (0), 0 states have return successors, (0), 0 states have call predecessors, (0), 0 states have call successors, (0)
[2026-06-06 15:15:48,107 INFO  L188       IsEmptyHeuristic]: Finished isEmptyHeuristic. No accepting run.
[2026-06-06 15:15:48,107 INFO  L182       IsEmptyHeuristic]: Start isEmptyHeuristic. Operand  has 5 states, 3 states have (on average 1.6666666666666667) internal successors, (5), 4 states have internal predecessors, (5), 0 states have call successors, (0), 0 states have call predecessors, (0), 0 states have return successors, (0), 0 states have call predecessors, (0), 0 states have call successors, (0)
[2026-06-06 15:15:48,107 INFO  L188       IsEmptyHeuristic]: Finished isEmptyHeuristic. No accepting run.
[2026-06-06 15:15:48,107 INFO  L182       IsEmptyHeuristic]: Start isEmptyHeuristic. Operand  has 5 states, 3 states have (on average 1.6666666666666667) internal successors, (5), 4 states have internal predecessors, (5), 0 states have call successors, (0), 0 states have call predecessors, (0), 0 states have return successors, (0), 0 states have call predecessors, (0), 0 states have call successors, (0)
[2026-06-06 15:15:48,107 INFO  L188       IsEmptyHeuristic]: Finished isEmptyHeuristic. No accepting run.
[2026-06-06 15:15:48,107 INFO  L182       IsEmptyHeuristic]: Start isEmptyHeuristic. Operand  has 5 states, 3 states have (on average 1.6666666666666667) internal successors, (5), 4 states have internal predecessors, (5), 0 states have call successors, (0), 0 states have call predecessors, (0), 0 states have return successors, (0), 0 states have call predecessors, (0), 0 states have call successors, (0)
[2026-06-06 15:15:48,107 INFO  L188       IsEmptyHeuristic]: Finished isEmptyHeuristic. No accepting run.
[2026-06-06 15:15:48,107 INFO  L182       IsEmptyHeuristic]: Start isEmptyHeuristic. Operand  has 5 states, 3 states have (on average 1.6666666666666667) internal successors, (5), 4 states have internal predecessors, (5), 0 states have call successors, (0), 0 states have call predecessors, (0), 0 states have return successors, (0), 0 states have call predecessors, (0), 0 states have call successors, (0)
[2026-06-06 15:15:48,107 INFO  L188       IsEmptyHeuristic]: Finished isEmptyHeuristic. Found accepting run of length 32
[2026-06-06 15:15:48,107 INFO  L163        IsEmptyParallel]: Finished isEmptyParallel. Found accepting run of length 32
[2026-06-06 15:15:48,107 WARN  L753                IsEmpty]: Correctness of emptinessCheck not tested.
[2026-06-06 15:15:48,107 INFO  L79                 Accepts]: Start accepts. Automaton has  has 5 states, 3 states have (on average 1.6666666666666667) internal successors, (5), 4 states have internal predecessors, (5), 0 states have call successors, (0), 0 states have call predecessors, (0), 0 states have return successors, (0), 0 states have call predecessors, (0), 0 states have call successors, (0) Word has length 31
[2026-06-06 15:15:48,107 INFO  L85                 Accepts]: Finished accepts. word is accepted.
[2026-06-06 15:15:48,107 INFO  L757                IsEmpty]: Finished testing correctness of emptinessCheck
[2026-06-06 15:15:48,107 INFO  L290                IsEmpty]: Start isEmptyParallel. Operand  has 5 states, 3 states have (on average 1.6666666666666667) internal successors, (5), 4 states have internal predecessors, (5), 0 states have call successors, (0), 0 states have call predecessors, (0), 0 states have return successors, (0), 0 states have call predecessors, (0), 0 states have call successors, (0)
[2026-06-06 15:15:48,107 INFO  L300                IsEmpty]: Finished isEmptyParallel. No accepting run.
[2026-06-06 15:15:48,107 INFO  L156        IsEmptyParallel]: Start isEmptyParallel. Operand  has 5 states, 3 states have (on average 1.6666666666666667) internal successors, (5), 4 states have internal predecessors, (5), 0 states have call successors, (0), 0 states have call predecessors, (0), 0 states have return successors, (0), 0 states have call predecessors, (0), 0 states have call successors, (0)
[2026-06-06 15:15:48,107 INFO  L182       IsEmptyHeuristic]: Start isEmptyHeuristic. Operand  has 5 states, 3 states have (on average 1.6666666666666667) internal successors, (5), 4 states have internal predecessors, (5), 0 states have call successors, (0), 0 states have call predecessors, (0), 0 states have return successors, (0), 0 states have call predecessors, (0), 0 states have call successors, (0)
[2026-06-06 15:15:48,107 INFO  L188       IsEmptyHeuristic]: Finished isEmptyHeuristic. No accepting run.
[2026-06-06 15:15:48,107 INFO  L182       IsEmptyHeuristic]: Start isEmptyHeuristic. Operand  has 5 states, 3 states have (on average 1.6666666666666667) internal successors, (5), 4 states have internal predecessors, (5), 0 states have call successors, (0), 0 states have call predecessors, (0), 0 states have return successors, (0), 0 states have call predecessors, (0), 0 states have call successors, (0)
[2026-06-06 15:15:48,107 INFO  L188       IsEmptyHeuristic]: Finished isEmptyHeuristic. No accepting run.
[2026-06-06 15:15:48,107 INFO  L182       IsEmptyHeuristic]: Start isEmptyHeuristic. Operand  has 5 states, 3 states have (on average 1.6666666666666667) internal successors, (5), 4 states have internal predecessors, (5), 0 states have call successors, (0), 0 states have call predecessors, (0), 0 states have return successors, (0), 0 states have call predecessors, (0), 0 states have call successors, (0)
[2026-06-06 15:15:48,107 INFO  L188       IsEmptyHeuristic]: Finished isEmptyHeuristic. No accepting run.
[2026-06-06 15:15:48,107 INFO  L182       IsEmptyHeuristic]: Start isEmptyHeuristic. Operand  has 5 states, 3 states have (on average 1.6666666666666667) internal successors, (5), 4 states have internal predecessors, (5), 0 states have call successors, (0), 0 states have call predecessors, (0), 0 states have return successors, (0), 0 states have call predecessors, (0), 0 states have call successors, (0)
[2026-06-06 15:15:48,108 INFO  L188       IsEmptyHeuristic]: Finished isEmptyHeuristic. No accepting run.
[2026-06-06 15:15:48,108 INFO  L182       IsEmptyHeuristic]: Start isEmptyHeuristic. Operand  has 5 states, 3 states have (on average 1.6666666666666667) internal successors, (5), 4 states have internal predecessors, (5), 0 states have call successors, (0), 0 states have call predecessors, (0), 0 states have return successors, (0), 0 states have call predecessors, (0), 0 states have call successors, (0)
[2026-06-06 15:15:48,108 INFO  L188       IsEmptyHeuristic]: Finished isEmptyHeuristic. No accepting run.
[2026-06-06 15:15:48,108 INFO  L182       IsEmptyHeuristic]: Start isEmptyHeuristic. Operand  has 5 states, 3 states have (on average 1.6666666666666667) internal successors, (5), 4 states have internal predecessors, (5), 0 states have call successors, (0), 0 states have call predecessors, (0), 0 states have return successors, (0), 0 states have call predecessors, (0), 0 states have call successors, (0)
[2026-06-06 15:15:48,108 INFO  L188       IsEmptyHeuristic]: Finished isEmptyHeuristic. No accepting run.
[2026-06-06 15:15:48,108 INFO  L182       IsEmptyHeuristic]: Start isEmptyHeuristic. Operand  has 5 states, 3 states have (on average 1.6666666666666667) internal successors, (5), 4 states have internal predecessors, (5), 0 states have call successors, (0), 0 states have call predecessors, (0), 0 states have return successors, (0), 0 states have call predecessors, (0), 0 states have call successors, (0)
[2026-06-06 15:15:48,108 INFO  L188       IsEmptyHeuristic]: Finished isEmptyHeuristic. No accepting run.
[2026-06-06 15:15:48,108 INFO  L182       IsEmptyHeuristic]: Start isEmptyHeuristic. Operand  has 5 states, 3 states have (on average 1.6666666666666667) internal successors, (5), 4 states have internal predecessors, (5), 0 states have call successors, (0), 0 states have call predecessors, (0), 0 states have return successors, (0), 0 states have call predecessors, (0), 0 states have call successors, (0)
[2026-06-06 15:15:48,108 INFO  L188       IsEmptyHeuristic]: Finished isEmptyHeuristic. No accepting run.
[2026-06-06 15:15:48,108 INFO  L182       IsEmptyHeuristic]: Start isEmptyHeuristic. Operand  has 5 states, 3 states have (on average 1.6666666666666667) internal successors, (5), 4 states have internal predecessors, (5), 0 states have call successors, (0), 0 states have call predecessors, (0), 0 states have return successors, (0), 0 states have call predecessors, (0), 0 states have call successors, (0)
[2026-06-06 15:15:48,108 INFO  L188       IsEmptyHeuristic]: Finished isEmptyHeuristic. No accepting run.
[2026-06-06 15:15:48,108 INFO  L182       IsEmptyHeuristic]: Start isEmptyHeuristic. Operand  has 5 states, 3 states have (on average 1.6666666666666667) internal successors, (5), 4 states have internal predecessors, (5), 0 states have call successors, (0), 0 states have call predecessors, (0), 0 states have return successors, (0), 0 states have call predecessors, (0), 0 states have call successors, (0)
[2026-06-06 15:15:48,108 INFO  L188       IsEmptyHeuristic]: Finished isEmptyHeuristic. No accepting run.
[2026-06-06 15:15:48,108 INFO  L182       IsEmptyHeuristic]: Start isEmptyHeuristic. Operand  has 5 states, 3 states have (on average 1.6666666666666667) internal successors, (5), 4 states have internal predecessors, (5), 0 states have call successors, (0), 0 states have call predecessors, (0), 0 states have return successors, (0), 0 states have call predecessors, (0), 0 states have call successors, (0)
[2026-06-06 15:15:48,108 INFO  L188       IsEmptyHeuristic]: Finished isEmptyHeuristic. No accepting run.
[2026-06-06 15:15:48,108 INFO  L182       IsEmptyHeuristic]: Start isEmptyHeuristic. Operand  has 5 states, 3 states have (on average 1.6666666666666667) internal successors, (5), 4 states have internal predecessors, (5), 0 states have call successors, (0), 0 states have call predecessors, (0), 0 states have return successors, (0), 0 states have call predecessors, (0), 0 states have call successors, (0)
[2026-06-06 15:15:48,108 INFO  L188       IsEmptyHeuristic]: Finished isEmptyHeuristic. No accepting run.
[2026-06-06 15:15:48,108 INFO  L182       IsEmptyHeuristic]: Start isEmptyHeuristic. Operand  has 5 states, 3 states have (on average 1.6666666666666667) internal successors, (5), 4 states have internal predecessors, (5), 0 states have call successors, (0), 0 states have call predecessors, (0), 0 states have return successors, (0), 0 states have call predecessors, (0), 0 states have call successors, (0)
[2026-06-06 15:15:48,108 INFO  L188       IsEmptyHeuristic]: Finished isEmptyHeuristic. No accepting run.
[2026-06-06 15:15:48,108 INFO  L182       IsEmptyHeuristic]: Start isEmptyHeuristic. Operand  has 5 states, 3 states have (on average 1.6666666666666667) internal successors, (5), 4 states have internal predecessors, (5), 0 states have call successors, (0), 0 states have call predecessors, (0), 0 states have return successors, (0), 0 states have call predecessors, (0), 0 states have call successors, (0)
[2026-06-06 15:15:48,108 INFO  L188       IsEmptyHeuristic]: Finished isEmptyHeuristic. No accepting run.
[2026-06-06 15:15:48,108 INFO  L182       IsEmptyHeuristic]: Start isEmptyHeuristic. Operand  has 5 states, 3 states have (on average 1.6666666666666667) internal successors, (5), 4 states have internal predecessors, (5), 0 states have call successors, (0), 0 states have call predecessors, (0), 0 states have return successors, (0), 0 states have call predecessors, (0), 0 states have call successors, (0)
[2026-06-06 15:15:48,109 INFO  L188       IsEmptyHeuristic]: Finished isEmptyHeuristic. No accepting run.
[2026-06-06 15:15:48,109 INFO  L182       IsEmptyHeuristic]: Start isEmptyHeuristic. Operand  has 5 states, 3 states have (on average 1.6666666666666667) internal successors, (5), 4 states have internal predecessors, (5), 0 states have call successors, (0), 0 states have call predecessors, (0), 0 states have return successors, (0), 0 states have call predecessors, (0), 0 states have call successors, (0)
[2026-06-06 15:15:48,109 INFO  L188       IsEmptyHeuristic]: Finished isEmptyHeuristic. No accepting run.
[2026-06-06 15:15:48,109 INFO  L182       IsEmptyHeuristic]: Start isEmptyHeuristic. Operand  has 5 states, 3 states have (on average 1.6666666666666667) internal successors, (5), 4 states have internal predecessors, (5), 0 states have call successors, (0), 0 states have call predecessors, (0), 0 states have return successors, (0), 0 states have call predecessors, (0), 0 states have call successors, (0)
[2026-06-06 15:15:48,109 INFO  L188       IsEmptyHeuristic]: Finished isEmptyHeuristic. No accepting run.
[2026-06-06 15:15:48,109 INFO  L182       IsEmptyHeuristic]: Start isEmptyHeuristic. Operand  has 5 states, 3 states have (on average 1.6666666666666667) internal successors, (5), 4 states have internal predecessors, (5), 0 states have call successors, (0), 0 states have call predecessors, (0), 0 states have return successors, (0), 0 states have call predecessors, (0), 0 states have call successors, (0)
[2026-06-06 15:15:48,109 INFO  L188       IsEmptyHeuristic]: Finished isEmptyHeuristic. No accepting run.
[2026-06-06 15:15:48,109 INFO  L182       IsEmptyHeuristic]: Start isEmptyHeuristic. Operand  has 5 states, 3 states have (on average 1.6666666666666667) internal successors, (5), 4 states have internal predecessors, (5), 0 states have call successors, (0), 0 states have call predecessors, (0), 0 states have return successors, (0), 0 states have call predecessors, (0), 0 states have call successors, (0)
[2026-06-06 15:15:48,109 INFO  L188       IsEmptyHeuristic]: Finished isEmptyHeuristic. No accepting run.
[2026-06-06 15:15:48,109 INFO  L182       IsEmptyHeuristic]: Start isEmptyHeuristic. Operand  has 5 states, 3 states have (on average 1.6666666666666667) internal successors, (5), 4 states have internal predecessors, (5), 0 states have call successors, (0), 0 states have call predecessors, (0), 0 states have return successors, (0), 0 states have call predecessors, (0), 0 states have call successors, (0)
[2026-06-06 15:15:48,109 INFO  L188       IsEmptyHeuristic]: Finished isEmptyHeuristic. No accepting run.
[2026-06-06 15:15:48,109 INFO  L182       IsEmptyHeuristic]: Start isEmptyHeuristic. Operand  has 5 states, 3 states have (on average 1.6666666666666667) internal successors, (5), 4 states have internal predecessors, (5), 0 states have call successors, (0), 0 states have call predecessors, (0), 0 states have return successors, (0), 0 states have call predecessors, (0), 0 states have call successors, (0)
[2026-06-06 15:15:48,109 INFO  L188       IsEmptyHeuristic]: Finished isEmptyHeuristic. No accepting run.
[2026-06-06 15:15:48,109 INFO  L182       IsEmptyHeuristic]: Start isEmptyHeuristic. Operand  has 5 states, 3 states have (on average 1.6666666666666667) internal successors, (5), 4 states have internal predecessors, (5), 0 states have call successors, (0), 0 states have call predecessors, (0), 0 states have return successors, (0), 0 states have call predecessors, (0), 0 states have call successors, (0)
[2026-06-06 15:15:48,109 INFO  L188       IsEmptyHeuristic]: Finished isEmptyHeuristic. No accepting run.
[2026-06-06 15:15:48,109 INFO  L182       IsEmptyHeuristic]: Start isEmptyHeuristic. Operand  has 5 states, 3 states have (on average 1.6666666666666667) internal successors, (5), 4 states have internal predecessors, (5), 0 states have call successors, (0), 0 states have call predecessors, (0), 0 states have return successors, (0), 0 states have call predecessors, (0), 0 states have call successors, (0)
[2026-06-06 15:15:48,109 INFO  L188       IsEmptyHeuristic]: Finished isEmptyHeuristic. No accepting run.
[2026-06-06 15:15:48,109 INFO  L182       IsEmptyHeuristic]: Start isEmptyHeuristic. Operand  has 5 states, 3 states have (on average 1.6666666666666667) internal successors, (5), 4 states have internal predecessors, (5), 0 states have call successors, (0), 0 states have call predecessors, (0), 0 states have return successors, (0), 0 states have call predecessors, (0), 0 states have call successors, (0)
[2026-06-06 15:15:48,110 INFO  L188       IsEmptyHeuristic]: Finished isEmptyHeuristic. No accepting run.
[2026-06-06 15:15:48,110 INFO  L182       IsEmptyHeuristic]: Start isEmptyHeuristic. Operand  has 5 states, 3 states have (on average 1.6666666666666667) internal successors, (5), 4 states have internal predecessors, (5), 0 states have call successors, (0), 0 states have call predecessors, (0), 0 states have return successors, (0), 0 states have call predecessors, (0), 0 states have call successors, (0)
[2026-06-06 15:15:48,110 INFO  L188       IsEmptyHeuristic]: Finished isEmptyHeuristic. No accepting run.
[2026-06-06 15:15:48,110 INFO  L182       IsEmptyHeuristic]: Start isEmptyHeuristic. Operand  has 5 states, 3 states have (on average 1.6666666666666667) internal successors, (5), 4 states have internal predecessors, (5), 0 states have call successors, (0), 0 states have call predecessors, (0), 0 states have return successors, (0), 0 states have call predecessors, (0), 0 states have call successors, (0)
[2026-06-06 15:15:48,110 INFO  L188       IsEmptyHeuristic]: Finished isEmptyHeuristic. No accepting run.
[2026-06-06 15:15:48,110 INFO  L182       IsEmptyHeuristic]: Start isEmptyHeuristic. Operand  has 5 states, 3 states have (on average 1.6666666666666667) internal successors, (5), 4 states have internal predecessors, (5), 0 states have call successors, (0), 0 states have call predecessors, (0), 0 states have return successors, (0), 0 states have call predecessors, (0), 0 states have call successors, (0)
[2026-06-06 15:15:48,110 INFO  L188       IsEmptyHeuristic]: Finished isEmptyHeuristic. No accepting run.
[2026-06-06 15:15:48,110 INFO  L182       IsEmptyHeuristic]: Start isEmptyHeuristic. Operand  has 5 states, 3 states have (on average 1.6666666666666667) internal successors, (5), 4 states have internal predecessors, (5), 0 states have call successors, (0), 0 states have call predecessors, (0), 0 states have return successors, (0), 0 states have call predecessors, (0), 0 states have call successors, (0)
[2026-06-06 15:15:48,110 INFO  L188       IsEmptyHeuristic]: Finished isEmptyHeuristic. Found accepting run of length 31
[2026-06-06 15:15:48,110 INFO  L163        IsEmptyParallel]: Finished isEmptyParallel. Found accepting run of length 31
[2026-06-06 15:15:48,110 WARN  L753                IsEmpty]: Correctness of emptinessCheck not tested.
[2026-06-06 15:15:48,110 INFO  L79                 Accepts]: Start accepts. Automaton has  has 5 states, 3 states have (on average 1.6666666666666667) internal successors, (5), 4 states have internal predecessors, (5), 0 states have call successors, (0), 0 states have call predecessors, (0), 0 states have return successors, (0), 0 states have call predecessors, (0), 0 states have call successors, (0) Word has length 30
[2026-06-06 15:15:48,110 INFO  L85                 Accepts]: Finished accepts. word is accepted.
[2026-06-06 15:15:48,110 INFO  L757                IsEmpty]: Finished testing correctness of emptinessCheck
[2026-06-06 15:15:48,110 INFO  L290                IsEmpty]: Start isEmptyParallel. Operand  has 5 states, 3 states have (on average 1.6666666666666667) internal successors, (5), 4 states have internal predecessors, (5), 0 states have call successors, (0), 0 states have call predecessors, (0), 0 states have return successors, (0), 0 states have call predecessors, (0), 0 states have call successors, (0)
[2026-06-06 15:15:48,110 INFO  L300                IsEmpty]: Finished isEmptyParallel. No accepting run.
[2026-06-06 15:15:48,110 INFO  L156        IsEmptyParallel]: Start isEmptyParallel. Operand  has 5 states, 3 states have (on average 1.6666666666666667) internal successors, (5), 4 states have internal predecessors, (5), 0 states have call successors, (0), 0 states have call predecessors, (0), 0 states have return successors, (0), 0 states have call predecessors, (0), 0 states have call successors, (0)
[2026-06-06 15:15:48,110 INFO  L182       IsEmptyHeuristic]: Start isEmptyHeuristic. Operand  has 5 states, 3 states have (on average 1.6666666666666667) internal successors, (5), 4 states have internal predecessors, (5), 0 states have call successors, (0), 0 states have call predecessors, (0), 0 states have return successors, (0), 0 states have call predecessors, (0), 0 states have call successors, (0)
[2026-06-06 15:15:48,110 INFO  L188       IsEmptyHeuristic]: Finished isEmptyHeuristic. No accepting run.
[2026-06-06 15:15:48,110 INFO  L182       IsEmptyHeuristic]: Start isEmptyHeuristic. Operand  has 5 states, 3 states have (on average 1.6666666666666667) internal successors, (5), 4 states have internal predecessors, (5), 0 states have call successors, (0), 0 states have call predecessors, (0), 0 states have return successors, (0), 0 states have call predecessors, (0), 0 states have call successors, (0)
[2026-06-06 15:15:48,111 INFO  L188       IsEmptyHeuristic]: Finished isEmptyHeuristic. No accepting run.
[2026-06-06 15:15:48,111 INFO  L182       IsEmptyHeuristic]: Start isEmptyHeuristic. Operand  has 5 states, 3 states have (on average 1.6666666666666667) internal successors, (5), 4 states have internal predecessors, (5), 0 states have call successors, (0), 0 states have call predecessors, (0), 0 states have return successors, (0), 0 states have call predecessors, (0), 0 states have call successors, (0)
[2026-06-06 15:15:48,111 INFO  L188       IsEmptyHeuristic]: Finished isEmptyHeuristic. No accepting run.
[2026-06-06 15:15:48,111 INFO  L182       IsEmptyHeuristic]: Start isEmptyHeuristic. Operand  has 5 states, 3 states have (on average 1.6666666666666667) internal successors, (5), 4 states have internal predecessors, (5), 0 states have call successors, (0), 0 states have call predecessors, (0), 0 states have return successors, (0), 0 states have call predecessors, (0), 0 states have call successors, (0)
[2026-06-06 15:15:48,111 INFO  L188       IsEmptyHeuristic]: Finished isEmptyHeuristic. No accepting run.
[2026-06-06 15:15:48,111 INFO  L182       IsEmptyHeuristic]: Start isEmptyHeuristic. Operand  has 5 states, 3 states have (on average 1.6666666666666667) internal successors, (5), 4 states have internal predecessors, (5), 0 states have call successors, (0), 0 states have call predecessors, (0), 0 states have return successors, (0), 0 states have call predecessors, (0), 0 states have call successors, (0)
[2026-06-06 15:15:48,111 INFO  L188       IsEmptyHeuristic]: Finished isEmptyHeuristic. No accepting run.
[2026-06-06 15:15:48,111 INFO  L182       IsEmptyHeuristic]: Start isEmptyHeuristic. Operand  has 5 states, 3 states have (on average 1.6666666666666667) internal successors, (5), 4 states have internal predecessors, (5), 0 states have call successors, (0), 0 states have call predecessors, (0), 0 states have return successors, (0), 0 states have call predecessors, (0), 0 states have call successors, (0)
[2026-06-06 15:15:48,111 INFO  L188       IsEmptyHeuristic]: Finished isEmptyHeuristic. No accepting run.
[2026-06-06 15:15:48,111 INFO  L182       IsEmptyHeuristic]: Start isEmptyHeuristic. Operand  has 5 states, 3 states have (on average 1.6666666666666667) internal successors, (5), 4 states have internal predecessors, (5), 0 states have call successors, (0), 0 states have call predecessors, (0), 0 states have return successors, (0), 0 states have call predecessors, (0), 0 states have call successors, (0)
[2026-06-06 15:15:48,111 INFO  L188       IsEmptyHeuristic]: Finished isEmptyHeuristic. No accepting run.
[2026-06-06 15:15:48,111 INFO  L182       IsEmptyHeuristic]: Start isEmptyHeuristic. Operand  has 5 states, 3 states have (on average 1.6666666666666667) internal successors, (5), 4 states have internal predecessors, (5), 0 states have call successors, (0), 0 states have call predecessors, (0), 0 states have return successors, (0), 0 states have call predecessors, (0), 0 states have call successors, (0)
[2026-06-06 15:15:48,111 INFO  L188       IsEmptyHeuristic]: Finished isEmptyHeuristic. No accepting run.
[2026-06-06 15:15:48,111 INFO  L182       IsEmptyHeuristic]: Start isEmptyHeuristic. Operand  has 5 states, 3 states have (on average 1.6666666666666667) internal successors, (5), 4 states have internal predecessors, (5), 0 states have call successors, (0), 0 states have call predecessors, (0), 0 states have return successors, (0), 0 states have call predecessors, (0), 0 states have call successors, (0)
[2026-06-06 15:15:48,111 INFO  L188       IsEmptyHeuristic]: Finished isEmptyHeuristic. No accepting run.
[2026-06-06 15:15:48,111 INFO  L182       IsEmptyHeuristic]: Start isEmptyHeuristic. Operand  has 5 states, 3 states have (on average 1.6666666666666667) internal successors, (5), 4 states have internal predecessors, (5), 0 states have call successors, (0), 0 states have call predecessors, (0), 0 states have return successors, (0), 0 states have call predecessors, (0), 0 states have call successors, (0)
[2026-06-06 15:15:48,111 INFO  L188       IsEmptyHeuristic]: Finished isEmptyHeuristic. No accepting run.
[2026-06-06 15:15:48,111 INFO  L182       IsEmptyHeuristic]: Start isEmptyHeuristic. Operand  has 5 states, 3 states have (on average 1.6666666666666667) internal successors, (5), 4 states have internal predecessors, (5), 0 states have call successors, (0), 0 states have call predecessors, (0), 0 states have return successors, (0), 0 states have call predecessors, (0), 0 states have call successors, (0)
[2026-06-06 15:15:48,111 INFO  L188       IsEmptyHeuristic]: Finished isEmptyHeuristic. No accepting run.
[2026-06-06 15:15:48,111 INFO  L182       IsEmptyHeuristic]: Start isEmptyHeuristic. Operand  has 5 states, 3 states have (on average 1.6666666666666667) internal successors, (5), 4 states have internal predecessors, (5), 0 states have call successors, (0), 0 states have call predecessors, (0), 0 states have return successors, (0), 0 states have call predecessors, (0), 0 states have call successors, (0)
[2026-06-06 15:15:48,111 INFO  L188       IsEmptyHeuristic]: Finished isEmptyHeuristic. No accepting run.
[2026-06-06 15:15:48,111 INFO  L182       IsEmptyHeuristic]: Start isEmptyHeuristic. Operand  has 5 states, 3 states have (on average 1.6666666666666667) internal successors, (5), 4 states have internal predecessors, (5), 0 states have call successors, (0), 0 states have call predecessors, (0), 0 states have return successors, (0), 0 states have call predecessors, (0), 0 states have call successors, (0)
[2026-06-06 15:15:48,111 INFO  L188       IsEmptyHeuristic]: Finished isEmptyHeuristic. No accepting run.
[2026-06-06 15:15:48,111 INFO  L182       IsEmptyHeuristic]: Start isEmptyHeuristic. Operand  has 5 states, 3 states have (on average 1.6666666666666667) internal successors, (5), 4 states have internal predecessors, (5), 0 states have call successors, (0), 0 states have call predecessors, (0), 0 states have return successors, (0), 0 states have call predecessors, (0), 0 states have call successors, (0)
[2026-06-06 15:15:48,111 INFO  L188       IsEmptyHeuristic]: Finished isEmptyHeuristic. No accepting run.
[2026-06-06 15:15:48,112 INFO  L182       IsEmptyHeuristic]: Start isEmptyHeuristic. Operand  has 5 states, 3 states have (on average 1.6666666666666667) internal successors, (5), 4 states have internal predecessors, (5), 0 states have call successors, (0), 0 states have call predecessors, (0), 0 states have return successors, (0), 0 states have call predecessors, (0), 0 states have call successors, (0)
[2026-06-06 15:15:48,112 INFO  L188       IsEmptyHeuristic]: Finished isEmptyHeuristic. No accepting run.
[2026-06-06 15:15:48,112 INFO  L182       IsEmptyHeuristic]: Start isEmptyHeuristic. Operand  has 5 states, 3 states have (on average 1.6666666666666667) internal successors, (5), 4 states have internal predecessors, (5), 0 states have call successors, (0), 0 states have call predecessors, (0), 0 states have return successors, (0), 0 states have call predecessors, (0), 0 states have call successors, (0)
[2026-06-06 15:15:48,112 INFO  L188       IsEmptyHeuristic]: Finished isEmptyHeuristic. No accepting run.
[2026-06-06 15:15:48,112 INFO  L182       IsEmptyHeuristic]: Start isEmptyHeuristic. Operand  has 5 states, 3 states have (on average 1.6666666666666667) internal successors, (5), 4 states have internal predecessors, (5), 0 states have call successors, (0), 0 states have call predecessors, (0), 0 states have return successors, (0), 0 states have call predecessors, (0), 0 states have call successors, (0)
[2026-06-06 15:15:48,112 INFO  L188       IsEmptyHeuristic]: Finished isEmptyHeuristic. No accepting run.
[2026-06-06 15:15:48,112 INFO  L182       IsEmptyHeuristic]: Start isEmptyHeuristic. Operand  has 5 states, 3 states have (on average 1.6666666666666667) internal successors, (5), 4 states have internal predecessors, (5), 0 states have call successors, (0), 0 states have call predecessors, (0), 0 states have return successors, (0), 0 states have call predecessors, (0), 0 states have call successors, (0)
[2026-06-06 15:15:48,112 INFO  L188       IsEmptyHeuristic]: Finished isEmptyHeuristic. No accepting run.
[2026-06-06 15:15:48,112 INFO  L182       IsEmptyHeuristic]: Start isEmptyHeuristic. Operand  has 5 states, 3 states have (on average 1.6666666666666667) internal successors, (5), 4 states have internal predecessors, (5), 0 states have call successors, (0), 0 states have call predecessors, (0), 0 states have return successors, (0), 0 states have call predecessors, (0), 0 states have call successors, (0)
[2026-06-06 15:15:48,112 INFO  L188       IsEmptyHeuristic]: Finished isEmptyHeuristic. No accepting run.
[2026-06-06 15:15:48,112 INFO  L182       IsEmptyHeuristic]: Start isEmptyHeuristic. Operand  has 5 states, 3 states have (on average 1.6666666666666667) internal successors, (5), 4 states have internal predecessors, (5), 0 states have call successors, (0), 0 states have call predecessors, (0), 0 states have return successors, (0), 0 states have call predecessors, (0), 0 states have call successors, (0)
[2026-06-06 15:15:48,112 INFO  L188       IsEmptyHeuristic]: Finished isEmptyHeuristic. No accepting run.
[2026-06-06 15:15:48,112 INFO  L182       IsEmptyHeuristic]: Start isEmptyHeuristic. Operand  has 5 states, 3 states have (on average 1.6666666666666667) internal successors, (5), 4 states have internal predecessors, (5), 0 states have call successors, (0), 0 states have call predecessors, (0), 0 states have return successors, (0), 0 states have call predecessors, (0), 0 states have call successors, (0)
[2026-06-06 15:15:48,112 INFO  L188       IsEmptyHeuristic]: Finished isEmptyHeuristic. No accepting run.
[2026-06-06 15:15:48,112 INFO  L182       IsEmptyHeuristic]: Start isEmptyHeuristic. Operand  has 5 states, 3 states have (on average 1.6666666666666667) internal successors, (5), 4 states have internal predecessors, (5), 0 states have call successors, (0), 0 states have call predecessors, (0), 0 states have return successors, (0), 0 states have call predecessors, (0), 0 states have call successors, (0)
[2026-06-06 15:15:48,112 INFO  L188       IsEmptyHeuristic]: Finished isEmptyHeuristic. No accepting run.
[2026-06-06 15:15:48,112 INFO  L182       IsEmptyHeuristic]: Start isEmptyHeuristic. Operand  has 5 states, 3 states have (on average 1.6666666666666667) internal successors, (5), 4 states have internal predecessors, (5), 0 states have call successors, (0), 0 states have call predecessors, (0), 0 states have return successors, (0), 0 states have call predecessors, (0), 0 states have call successors, (0)
[2026-06-06 15:15:48,112 INFO  L188       IsEmptyHeuristic]: Finished isEmptyHeuristic. No accepting run.
[2026-06-06 15:15:48,112 INFO  L182       IsEmptyHeuristic]: Start isEmptyHeuristic. Operand  has 5 states, 3 states have (on average 1.6666666666666667) internal successors, (5), 4 states have internal predecessors, (5), 0 states have call successors, (0), 0 states have call predecessors, (0), 0 states have return successors, (0), 0 states have call predecessors, (0), 0 states have call successors, (0)
[2026-06-06 15:15:48,113 INFO  L188       IsEmptyHeuristic]: Finished isEmptyHeuristic. No accepting run.
[2026-06-06 15:15:48,113 INFO  L182       IsEmptyHeuristic]: Start isEmptyHeuristic. Operand  has 5 states, 3 states have (on average 1.6666666666666667) internal successors, (5), 4 states have internal predecessors, (5), 0 states have call successors, (0), 0 states have call predecessors, (0), 0 states have return successors, (0), 0 states have call predecessors, (0), 0 states have call successors, (0)
[2026-06-06 15:15:48,113 INFO  L188       IsEmptyHeuristic]: Finished isEmptyHeuristic. No accepting run.
[2026-06-06 15:15:48,113 INFO  L182       IsEmptyHeuristic]: Start isEmptyHeuristic. Operand  has 5 states, 3 states have (on average 1.6666666666666667) internal successors, (5), 4 states have internal predecessors, (5), 0 states have call successors, (0), 0 states have call predecessors, (0), 0 states have return successors, (0), 0 states have call predecessors, (0), 0 states have call successors, (0)
[2026-06-06 15:15:48,113 INFO  L188       IsEmptyHeuristic]: Finished isEmptyHeuristic. No accepting run.
[2026-06-06 15:15:48,113 INFO  L182       IsEmptyHeuristic]: Start isEmptyHeuristic. Operand  has 5 states, 3 states have (on average 1.6666666666666667) internal successors, (5), 4 states have internal predecessors, (5), 0 states have call successors, (0), 0 states have call predecessors, (0), 0 states have return successors, (0), 0 states have call predecessors, (0), 0 states have call successors, (0)
[2026-06-06 15:15:48,113 INFO  L188       IsEmptyHeuristic]: Finished isEmptyHeuristic. No accepting run.
[2026-06-06 15:15:48,113 INFO  L182       IsEmptyHeuristic]: Start isEmptyHeuristic. Operand  has 5 states, 3 states have (on average 1.6666666666666667) internal successors, (5), 4 states have internal predecessors, (5), 0 states have call successors, (0), 0 states have call predecessors, (0), 0 states have return successors, (0), 0 states have call predecessors, (0), 0 states have call successors, (0)
[2026-06-06 15:15:48,113 INFO  L188       IsEmptyHeuristic]: Finished isEmptyHeuristic. No accepting run.
[2026-06-06 15:15:48,113 INFO  L182       IsEmptyHeuristic]: Start isEmptyHeuristic. Operand  has 5 states, 3 states have (on average 1.6666666666666667) internal successors, (5), 4 states have internal predecessors, (5), 0 states have call successors, (0), 0 states have call predecessors, (0), 0 states have return successors, (0), 0 states have call predecessors, (0), 0 states have call successors, (0)
[2026-06-06 15:15:48,113 INFO  L188       IsEmptyHeuristic]: Finished isEmptyHeuristic. Found accepting run of length 34
[2026-06-06 15:15:48,113 INFO  L163        IsEmptyParallel]: Finished isEmptyParallel. Found accepting run of length 34
[2026-06-06 15:15:48,113 WARN  L753                IsEmpty]: Correctness of emptinessCheck not tested.
[2026-06-06 15:15:48,113 INFO  L79                 Accepts]: Start accepts. Automaton has  has 5 states, 3 states have (on average 1.6666666666666667) internal successors, (5), 4 states have internal predecessors, (5), 0 states have call successors, (0), 0 states have call predecessors, (0), 0 states have return successors, (0), 0 states have call predecessors, (0), 0 states have call successors, (0) Word has length 33
[2026-06-06 15:15:48,114 INFO  L85                 Accepts]: Finished accepts. word is accepted.
[2026-06-06 15:15:48,114 INFO  L757                IsEmpty]: Finished testing correctness of emptinessCheck
[2026-06-06 15:15:48,114 INFO  L290                IsEmpty]: Start isEmptyParallel. Operand  has 5 states, 3 states have (on average 1.6666666666666667) internal successors, (5), 4 states have internal predecessors, (5), 0 states have call successors, (0), 0 states have call predecessors, (0), 0 states have return successors, (0), 0 states have call predecessors, (0), 0 states have call successors, (0)
[2026-06-06 15:15:48,114 INFO  L300                IsEmpty]: Finished isEmptyParallel. No accepting run.
[2026-06-06 15:15:48,114 INFO  L156        IsEmptyParallel]: Start isEmptyParallel. Operand  has 5 states, 3 states have (on average 1.6666666666666667) internal successors, (5), 4 states have internal predecessors, (5), 0 states have call successors, (0), 0 states have call predecessors, (0), 0 states have return successors, (0), 0 states have call predecessors, (0), 0 states have call successors, (0)
[2026-06-06 15:15:48,114 INFO  L182       IsEmptyHeuristic]: Start isEmptyHeuristic. Operand  has 5 states, 3 states have (on average 1.6666666666666667) internal successors, (5), 4 states have internal predecessors, (5), 0 states have call successors, (0), 0 states have call predecessors, (0), 0 states have return successors, (0), 0 states have call predecessors, (0), 0 states have call successors, (0)
[2026-06-06 15:15:48,114 INFO  L188       IsEmptyHeuristic]: Finished isEmptyHeuristic. No accepting run.
[2026-06-06 15:15:48,114 INFO  L182       IsEmptyHeuristic]: Start isEmptyHeuristic. Operand  has 5 states, 3 states have (on average 1.6666666666666667) internal successors, (5), 4 states have internal predecessors, (5), 0 states have call successors, (0), 0 states have call predecessors, (0), 0 states have return successors, (0), 0 states have call predecessors, (0), 0 states have call successors, (0)
[2026-06-06 15:15:48,114 INFO  L188       IsEmptyHeuristic]: Finished isEmptyHeuristic. No accepting run.
[2026-06-06 15:15:48,114 INFO  L182       IsEmptyHeuristic]: Start isEmptyHeuristic. Operand  has 5 states, 3 states have (on average 1.6666666666666667) internal successors, (5), 4 states have internal predecessors, (5), 0 states have call successors, (0), 0 states have call predecessors, (0), 0 states have return successors, (0), 0 states have call predecessors, (0), 0 states have call successors, (0)
[2026-06-06 15:15:48,114 INFO  L188       IsEmptyHeuristic]: Finished isEmptyHeuristic. No accepting run.
[2026-06-06 15:15:48,114 INFO  L182       IsEmptyHeuristic]: Start isEmptyHeuristic. Operand  has 5 states, 3 states have (on average 1.6666666666666667) internal successors, (5), 4 states have internal predecessors, (5), 0 states have call successors, (0), 0 states have call predecessors, (0), 0 states have return successors, (0), 0 states have call predecessors, (0), 0 states have call successors, (0)
[2026-06-06 15:15:48,114 INFO  L188       IsEmptyHeuristic]: Finished isEmptyHeuristic. No accepting run.
[2026-06-06 15:15:48,114 INFO  L182       IsEmptyHeuristic]: Start isEmptyHeuristic. Operand  has 5 states, 3 states have (on average 1.6666666666666667) internal successors, (5), 4 states have internal predecessors, (5), 0 states have call successors, (0), 0 states have call predecessors, (0), 0 states have return successors, (0), 0 states have call predecessors, (0), 0 states have call successors, (0)
[2026-06-06 15:15:48,114 INFO  L188       IsEmptyHeuristic]: Finished isEmptyHeuristic. No accepting run.
[2026-06-06 15:15:48,114 INFO  L182       IsEmptyHeuristic]: Start isEmptyHeuristic. Operand  has 5 states, 3 states have (on average 1.6666666666666667) internal successors, (5), 4 states have internal predecessors, (5), 0 states have call successors, (0), 0 states have call predecessors, (0), 0 states have return successors, (0), 0 states have call predecessors, (0), 0 states have call successors, (0)
[2026-06-06 15:15:48,114 INFO  L188       IsEmptyHeuristic]: Finished isEmptyHeuristic. No accepting run.
[2026-06-06 15:15:48,114 INFO  L182       IsEmptyHeuristic]: Start isEmptyHeuristic. Operand  has 5 states, 3 states have (on average 1.6666666666666667) internal successors, (5), 4 states have internal predecessors, (5), 0 states have call successors, (0), 0 states have call predecessors, (0), 0 states have return successors, (0), 0 states have call predecessors, (0), 0 states have call successors, (0)
[2026-06-06 15:15:48,114 INFO  L188       IsEmptyHeuristic]: Finished isEmptyHeuristic. No accepting run.
[2026-06-06 15:15:48,114 INFO  L182       IsEmptyHeuristic]: Start isEmptyHeuristic. Operand  has 5 states, 3 states have (on average 1.6666666666666667) internal successors, (5), 4 states have internal predecessors, (5), 0 states have call successors, (0), 0 states have call predecessors, (0), 0 states have return successors, (0), 0 states have call predecessors, (0), 0 states have call successors, (0)
[2026-06-06 15:15:48,114 INFO  L188       IsEmptyHeuristic]: Finished isEmptyHeuristic. No accepting run.
[2026-06-06 15:15:48,114 INFO  L182       IsEmptyHeuristic]: Start isEmptyHeuristic. Operand  has 5 states, 3 states have (on average 1.6666666666666667) internal successors, (5), 4 states have internal predecessors, (5), 0 states have call successors, (0), 0 states have call predecessors, (0), 0 states have return successors, (0), 0 states have call predecessors, (0), 0 states have call successors, (0)
[2026-06-06 15:15:48,114 INFO  L188       IsEmptyHeuristic]: Finished isEmptyHeuristic. No accepting run.
[2026-06-06 15:15:48,114 INFO  L182       IsEmptyHeuristic]: Start isEmptyHeuristic. Operand  has 5 states, 3 states have (on average 1.6666666666666667) internal successors, (5), 4 states have internal predecessors, (5), 0 states have call successors, (0), 0 states have call predecessors, (0), 0 states have return successors, (0), 0 states have call predecessors, (0), 0 states have call successors, (0)
[2026-06-06 15:15:48,114 INFO  L188       IsEmptyHeuristic]: Finished isEmptyHeuristic. No accepting run.
[2026-06-06 15:15:48,114 INFO  L182       IsEmptyHeuristic]: Start isEmptyHeuristic. Operand  has 5 states, 3 states have (on average 1.6666666666666667) internal successors, (5), 4 states have internal predecessors, (5), 0 states have call successors, (0), 0 states have call predecessors, (0), 0 states have return successors, (0), 0 states have call predecessors, (0), 0 states have call successors, (0)
[2026-06-06 15:15:48,115 INFO  L188       IsEmptyHeuristic]: Finished isEmptyHeuristic. No accepting run.
[2026-06-06 15:15:48,115 INFO  L182       IsEmptyHeuristic]: Start isEmptyHeuristic. Operand  has 5 states, 3 states have (on average 1.6666666666666667) internal successors, (5), 4 states have internal predecessors, (5), 0 states have call successors, (0), 0 states have call predecessors, (0), 0 states have return successors, (0), 0 states have call predecessors, (0), 0 states have call successors, (0)
[2026-06-06 15:15:48,115 INFO  L188       IsEmptyHeuristic]: Finished isEmptyHeuristic. No accepting run.
[2026-06-06 15:15:48,115 INFO  L182       IsEmptyHeuristic]: Start isEmptyHeuristic. Operand  has 5 states, 3 states have (on average 1.6666666666666667) internal successors, (5), 4 states have internal predecessors, (5), 0 states have call successors, (0), 0 states have call predecessors, (0), 0 states have return successors, (0), 0 states have call predecessors, (0), 0 states have call successors, (0)
[2026-06-06 15:15:48,115 INFO  L188       IsEmptyHeuristic]: Finished isEmptyHeuristic. No accepting run.
[2026-06-06 15:15:48,115 INFO  L182       IsEmptyHeuristic]: Start isEmptyHeuristic. Operand  has 5 states, 3 states have (on average 1.6666666666666667) internal successors, (5), 4 states have internal predecessors, (5), 0 states have call successors, (0), 0 states have call predecessors, (0), 0 states have return successors, (0), 0 states have call predecessors, (0), 0 states have call successors, (0)
[2026-06-06 15:15:48,115 INFO  L188       IsEmptyHeuristic]: Finished isEmptyHeuristic. No accepting run.
[2026-06-06 15:15:48,115 INFO  L182       IsEmptyHeuristic]: Start isEmptyHeuristic. Operand  has 5 states, 3 states have (on average 1.6666666666666667) internal successors, (5), 4 states have internal predecessors, (5), 0 states have call successors, (0), 0 states have call predecessors, (0), 0 states have return successors, (0), 0 states have call predecessors, (0), 0 states have call successors, (0)
[2026-06-06 15:15:48,115 INFO  L188       IsEmptyHeuristic]: Finished isEmptyHeuristic. No accepting run.
[2026-06-06 15:15:48,115 INFO  L182       IsEmptyHeuristic]: Start isEmptyHeuristic. Operand  has 5 states, 3 states have (on average 1.6666666666666667) internal successors, (5), 4 states have internal predecessors, (5), 0 states have call successors, (0), 0 states have call predecessors, (0), 0 states have return successors, (0), 0 states have call predecessors, (0), 0 states have call successors, (0)
[2026-06-06 15:15:48,115 INFO  L188       IsEmptyHeuristic]: Finished isEmptyHeuristic. No accepting run.
[2026-06-06 15:15:48,115 INFO  L182       IsEmptyHeuristic]: Start isEmptyHeuristic. Operand  has 5 states, 3 states have (on average 1.6666666666666667) internal successors, (5), 4 states have internal predecessors, (5), 0 states have call successors, (0), 0 states have call predecessors, (0), 0 states have return successors, (0), 0 states have call predecessors, (0), 0 states have call successors, (0)
[2026-06-06 15:15:48,115 INFO  L188       IsEmptyHeuristic]: Finished isEmptyHeuristic. No accepting run.
[2026-06-06 15:15:48,115 INFO  L182       IsEmptyHeuristic]: Start isEmptyHeuristic. Operand  has 5 states, 3 states have (on average 1.6666666666666667) internal successors, (5), 4 states have internal predecessors, (5), 0 states have call successors, (0), 0 states have call predecessors, (0), 0 states have return successors, (0), 0 states have call predecessors, (0), 0 states have call successors, (0)
[2026-06-06 15:15:48,115 INFO  L188       IsEmptyHeuristic]: Finished isEmptyHeuristic. No accepting run.
[2026-06-06 15:15:48,115 INFO  L182       IsEmptyHeuristic]: Start isEmptyHeuristic. Operand  has 5 states, 3 states have (on average 1.6666666666666667) internal successors, (5), 4 states have internal predecessors, (5), 0 states have call successors, (0), 0 states have call predecessors, (0), 0 states have return successors, (0), 0 states have call predecessors, (0), 0 states have call successors, (0)
[2026-06-06 15:15:48,115 INFO  L188       IsEmptyHeuristic]: Finished isEmptyHeuristic. No accepting run.
[2026-06-06 15:15:48,115 INFO  L182       IsEmptyHeuristic]: Start isEmptyHeuristic. Operand  has 5 states, 3 states have (on average 1.6666666666666667) internal successors, (5), 4 states have internal predecessors, (5), 0 states have call successors, (0), 0 states have call predecessors, (0), 0 states have return successors, (0), 0 states have call predecessors, (0), 0 states have call successors, (0)
[2026-06-06 15:15:48,115 INFO  L188       IsEmptyHeuristic]: Finished isEmptyHeuristic. No accepting run.
[2026-06-06 15:15:48,115 INFO  L182       IsEmptyHeuristic]: Start isEmptyHeuristic. Operand  has 5 states, 3 states have (on average 1.6666666666666667) internal successors, (5), 4 states have internal predecessors, (5), 0 states have call successors, (0), 0 states have call predecessors, (0), 0 states have return successors, (0), 0 states have call predecessors, (0), 0 states have call successors, (0)
[2026-06-06 15:15:48,116 INFO  L188       IsEmptyHeuristic]: Finished isEmptyHeuristic. No accepting run.
[2026-06-06 15:15:48,116 INFO  L182       IsEmptyHeuristic]: Start isEmptyHeuristic. Operand  has 5 states, 3 states have (on average 1.6666666666666667) internal successors, (5), 4 states have internal predecessors, (5), 0 states have call successors, (0), 0 states have call predecessors, (0), 0 states have return successors, (0), 0 states have call predecessors, (0), 0 states have call successors, (0)
[2026-06-06 15:15:48,116 INFO  L188       IsEmptyHeuristic]: Finished isEmptyHeuristic. No accepting run.
[2026-06-06 15:15:48,116 INFO  L182       IsEmptyHeuristic]: Start isEmptyHeuristic. Operand  has 5 states, 3 states have (on average 1.6666666666666667) internal successors, (5), 4 states have internal predecessors, (5), 0 states have call successors, (0), 0 states have call predecessors, (0), 0 states have return successors, (0), 0 states have call predecessors, (0), 0 states have call successors, (0)
[2026-06-06 15:15:48,116 INFO  L188       IsEmptyHeuristic]: Finished isEmptyHeuristic. No accepting run.
[2026-06-06 15:15:48,116 INFO  L182       IsEmptyHeuristic]: Start isEmptyHeuristic. Operand  has 5 states, 3 states have (on average 1.6666666666666667) internal successors, (5), 4 states have internal predecessors, (5), 0 states have call successors, (0), 0 states have call predecessors, (0), 0 states have return successors, (0), 0 states have call predecessors, (0), 0 states have call successors, (0)
[2026-06-06 15:15:48,116 INFO  L188       IsEmptyHeuristic]: Finished isEmptyHeuristic. No accepting run.
[2026-06-06 15:15:48,116 INFO  L182       IsEmptyHeuristic]: Start isEmptyHeuristic. Operand  has 5 states, 3 states have (on average 1.6666666666666667) internal successors, (5), 4 states have internal predecessors, (5), 0 states have call successors, (0), 0 states have call predecessors, (0), 0 states have return successors, (0), 0 states have call predecessors, (0), 0 states have call successors, (0)
[2026-06-06 15:15:48,116 INFO  L188       IsEmptyHeuristic]: Finished isEmptyHeuristic. No accepting run.
[2026-06-06 15:15:48,116 INFO  L182       IsEmptyHeuristic]: Start isEmptyHeuristic. Operand  has 5 states, 3 states have (on average 1.6666666666666667) internal successors, (5), 4 states have internal predecessors, (5), 0 states have call successors, (0), 0 states have call predecessors, (0), 0 states have return successors, (0), 0 states have call predecessors, (0), 0 states have call successors, (0)
[2026-06-06 15:15:48,116 INFO  L188       IsEmptyHeuristic]: Finished isEmptyHeuristic. No accepting run.
[2026-06-06 15:15:48,116 INFO  L182       IsEmptyHeuristic]: Start isEmptyHeuristic. Operand  has 5 states, 3 states have (on average 1.6666666666666667) internal successors, (5), 4 states have internal predecessors, (5), 0 states have call successors, (0), 0 states have call predecessors, (0), 0 states have return successors, (0), 0 states have call predecessors, (0), 0 states have call successors, (0)
[2026-06-06 15:15:48,116 INFO  L188       IsEmptyHeuristic]: Finished isEmptyHeuristic. No accepting run.
[2026-06-06 15:15:48,116 INFO  L182       IsEmptyHeuristic]: Start isEmptyHeuristic. Operand  has 5 states, 3 states have (on average 1.6666666666666667) internal successors, (5), 4 states have internal predecessors, (5), 0 states have call successors, (0), 0 states have call predecessors, (0), 0 states have return successors, (0), 0 states have call predecessors, (0), 0 states have call successors, (0)
[2026-06-06 15:15:48,116 INFO  L188       IsEmptyHeuristic]: Finished isEmptyHeuristic. No accepting run.
[2026-06-06 15:15:48,117 INFO  L182       IsEmptyHeuristic]: Start isEmptyHeuristic. Operand  has 5 states, 3 states have (on average 1.6666666666666667) internal successors, (5), 4 states have internal predecessors, (5), 0 states have call successors, (0), 0 states have call predecessors, (0), 0 states have return successors, (0), 0 states have call predecessors, (0), 0 states have call successors, (0)
[2026-06-06 15:15:48,117 INFO  L188       IsEmptyHeuristic]: Finished isEmptyHeuristic. No accepting run.
[2026-06-06 15:15:48,117 INFO  L182       IsEmptyHeuristic]: Start isEmptyHeuristic. Operand  has 5 states, 3 states have (on average 1.6666666666666667) internal successors, (5), 4 states have internal predecessors, (5), 0 states have call successors, (0), 0 states have call predecessors, (0), 0 states have return successors, (0), 0 states have call predecessors, (0), 0 states have call successors, (0)
[2026-06-06 15:15:48,117 INFO  L188       IsEmptyHeuristic]: Finished isEmptyHeuristic. Found accepting run of length 33
[2026-06-06 15:15:48,117 INFO  L163        IsEmptyParallel]: Finished isEmptyParallel. Found accepting run of length 33
[2026-06-06 15:15:48,117 WARN  L753                IsEmpty]: Correctness of emptinessCheck not tested.
[2026-06-06 15:15:48,117 INFO  L79                 Accepts]: Start accepts. Automaton has  has 5 states, 3 states have (on average 1.6666666666666667) internal successors, (5), 4 states have internal predecessors, (5), 0 states have call successors, (0), 0 states have call predecessors, (0), 0 states have return successors, (0), 0 states have call predecessors, (0), 0 states have call successors, (0) Word has length 32
[2026-06-06 15:15:48,117 INFO  L85                 Accepts]: Finished accepts. word is accepted.
[2026-06-06 15:15:48,117 INFO  L757                IsEmpty]: Finished testing correctness of emptinessCheck
[2026-06-06 15:15:48,117 INFO  L290                IsEmpty]: Start isEmptyParallel. Operand  has 5 states, 3 states have (on average 1.6666666666666667) internal successors, (5), 4 states have internal predecessors, (5), 0 states have call successors, (0), 0 states have call predecessors, (0), 0 states have return successors, (0), 0 states have call predecessors, (0), 0 states have call successors, (0)
[2026-06-06 15:15:48,117 INFO  L300                IsEmpty]: Finished isEmptyParallel. No accepting run.
[2026-06-06 15:15:48,117 INFO  L156        IsEmptyParallel]: Start isEmptyParallel. Operand  has 5 states, 3 states have (on average 1.6666666666666667) internal successors, (5), 4 states have internal predecessors, (5), 0 states have call successors, (0), 0 states have call predecessors, (0), 0 states have return successors, (0), 0 states have call predecessors, (0), 0 states have call successors, (0)
[2026-06-06 15:15:48,117 INFO  L182       IsEmptyHeuristic]: Start isEmptyHeuristic. Operand  has 5 states, 3 states have (on average 1.6666666666666667) internal successors, (5), 4 states have internal predecessors, (5), 0 states have call successors, (0), 0 states have call predecessors, (0), 0 states have return successors, (0), 0 states have call predecessors, (0), 0 states have call successors, (0)
[2026-06-06 15:15:48,117 INFO  L188       IsEmptyHeuristic]: Finished isEmptyHeuristic. No accepting run.
[2026-06-06 15:15:48,117 INFO  L182       IsEmptyHeuristic]: Start isEmptyHeuristic. Operand  has 5 states, 3 states have (on average 1.6666666666666667) internal successors, (5), 4 states have internal predecessors, (5), 0 states have call successors, (0), 0 states have call predecessors, (0), 0 states have return successors, (0), 0 states have call predecessors, (0), 0 states have call successors, (0)
[2026-06-06 15:15:48,117 INFO  L188       IsEmptyHeuristic]: Finished isEmptyHeuristic. No accepting run.
[2026-06-06 15:15:48,117 INFO  L182       IsEmptyHeuristic]: Start isEmptyHeuristic. Operand  has 5 states, 3 states have (on average 1.6666666666666667) internal successors, (5), 4 states have internal predecessors, (5), 0 states have call successors, (0), 0 states have call predecessors, (0), 0 states have return successors, (0), 0 states have call predecessors, (0), 0 states have call successors, (0)
[2026-06-06 15:15:48,117 INFO  L188       IsEmptyHeuristic]: Finished isEmptyHeuristic. No accepting run.
[2026-06-06 15:15:48,117 INFO  L182       IsEmptyHeuristic]: Start isEmptyHeuristic. Operand  has 5 states, 3 states have (on average 1.6666666666666667) internal successors, (5), 4 states have internal predecessors, (5), 0 states have call successors, (0), 0 states have call predecessors, (0), 0 states have return successors, (0), 0 states have call predecessors, (0), 0 states have call successors, (0)
[2026-06-06 15:15:48,117 INFO  L188       IsEmptyHeuristic]: Finished isEmptyHeuristic. No accepting run.
[2026-06-06 15:15:48,117 INFO  L182       IsEmptyHeuristic]: Start isEmptyHeuristic. Operand  has 5 states, 3 states have (on average 1.6666666666666667) internal successors, (5), 4 states have internal predecessors, (5), 0 states have call successors, (0), 0 states have call predecessors, (0), 0 states have return successors, (0), 0 states have call predecessors, (0), 0 states have call successors, (0)
[2026-06-06 15:15:48,117 INFO  L188       IsEmptyHeuristic]: Finished isEmptyHeuristic. No accepting run.
[2026-06-06 15:15:48,117 INFO  L182       IsEmptyHeuristic]: Start isEmptyHeuristic. Operand  has 5 states, 3 states have (on average 1.6666666666666667) internal successors, (5), 4 states have internal predecessors, (5), 0 states have call successors, (0), 0 states have call predecessors, (0), 0 states have return successors, (0), 0 states have call predecessors, (0), 0 states have call successors, (0)
[2026-06-06 15:15:48,117 INFO  L188       IsEmptyHeuristic]: Finished isEmptyHeuristic. No accepting run.
[2026-06-06 15:15:48,117 INFO  L182       IsEmptyHeuristic]: Start isEmptyHeuristic. Operand  has 5 states, 3 states have (on average 1.6666666666666667) internal successors, (5), 4 states have internal predecessors, (5), 0 states have call successors, (0), 0 states have call predecessors, (0), 0 states have return successors, (0), 0 states have call predecessors, (0), 0 states have call successors, (0)
[2026-06-06 15:15:48,117 INFO  L188       IsEmptyHeuristic]: Finished isEmptyHeuristic. No accepting run.
[2026-06-06 15:15:48,117 INFO  L182       IsEmptyHeuristic]: Start isEmptyHeuristic. Operand  has 5 states, 3 states have (on average 1.6666666666666667) internal successors, (5), 4 states have internal predecessors, (5), 0 states have call successors, (0), 0 states have call predecessors, (0), 0 states have return successors, (0), 0 states have call predecessors, (0), 0 states have call successors, (0)
[2026-06-06 15:15:48,117 INFO  L188       IsEmptyHeuristic]: Finished isEmptyHeuristic. No accepting run.
[2026-06-06 15:15:48,117 INFO  L182       IsEmptyHeuristic]: Start isEmptyHeuristic. Operand  has 5 states, 3 states have (on average 1.6666666666666667) internal successors, (5), 4 states have internal predecessors, (5), 0 states have call successors, (0), 0 states have call predecessors, (0), 0 states have return successors, (0), 0 states have call predecessors, (0), 0 states have call successors, (0)
[2026-06-06 15:15:48,117 INFO  L188       IsEmptyHeuristic]: Finished isEmptyHeuristic. No accepting run.
[2026-06-06 15:15:48,117 INFO  L182       IsEmptyHeuristic]: Start isEmptyHeuristic. Operand  has 5 states, 3 states have (on average 1.6666666666666667) internal successors, (5), 4 states have internal predecessors, (5), 0 states have call successors, (0), 0 states have call predecessors, (0), 0 states have return successors, (0), 0 states have call predecessors, (0), 0 states have call successors, (0)
[2026-06-06 15:15:48,117 INFO  L188       IsEmptyHeuristic]: Finished isEmptyHeuristic. No accepting run.
[2026-06-06 15:15:48,118 INFO  L182       IsEmptyHeuristic]: Start isEmptyHeuristic. Operand  has 5 states, 3 states have (on average 1.6666666666666667) internal successors, (5), 4 states have internal predecessors, (5), 0 states have call successors, (0), 0 states have call predecessors, (0), 0 states have return successors, (0), 0 states have call predecessors, (0), 0 states have call successors, (0)
[2026-06-06 15:15:48,118 INFO  L188       IsEmptyHeuristic]: Finished isEmptyHeuristic. No accepting run.
[2026-06-06 15:15:48,118 INFO  L182       IsEmptyHeuristic]: Start isEmptyHeuristic. Operand  has 5 states, 3 states have (on average 1.6666666666666667) internal successors, (5), 4 states have internal predecessors, (5), 0 states have call successors, (0), 0 states have call predecessors, (0), 0 states have return successors, (0), 0 states have call predecessors, (0), 0 states have call successors, (0)
[2026-06-06 15:15:48,118 INFO  L188       IsEmptyHeuristic]: Finished isEmptyHeuristic. No accepting run.
[2026-06-06 15:15:48,118 INFO  L182       IsEmptyHeuristic]: Start isEmptyHeuristic. Operand  has 5 states, 3 states have (on average 1.6666666666666667) internal successors, (5), 4 states have internal predecessors, (5), 0 states have call successors, (0), 0 states have call predecessors, (0), 0 states have return successors, (0), 0 states have call predecessors, (0), 0 states have call successors, (0)
[2026-06-06 15:15:48,118 INFO  L188       IsEmptyHeuristic]: Finished isEmptyHeuristic. No accepting run.
[2026-06-06 15:15:48,118 INFO  L182       IsEmptyHeuristic]: Start isEmptyHeuristic. Operand  has 5 states, 3 states have (on average 1.6666666666666667) internal successors, (5), 4 states have internal predecessors, (5), 0 states have call successors, (0), 0 states have call predecessors, (0), 0 states have return successors, (0), 0 states have call predecessors, (0), 0 states have call successors, (0)
[2026-06-06 15:15:48,118 INFO  L188       IsEmptyHeuristic]: Finished isEmptyHeuristic. No accepting run.
[2026-06-06 15:15:48,118 INFO  L182       IsEmptyHeuristic]: Start isEmptyHeuristic. Operand  has 5 states, 3 states have (on average 1.6666666666666667) internal successors, (5), 4 states have internal predecessors, (5), 0 states have call successors, (0), 0 states have call predecessors, (0), 0 states have return successors, (0), 0 states have call predecessors, (0), 0 states have call successors, (0)
[2026-06-06 15:15:48,118 INFO  L188       IsEmptyHeuristic]: Finished isEmptyHeuristic. No accepting run.
[2026-06-06 15:15:48,118 INFO  L182       IsEmptyHeuristic]: Start isEmptyHeuristic. Operand  has 5 states, 3 states have (on average 1.6666666666666667) internal successors, (5), 4 states have internal predecessors, (5), 0 states have call successors, (0), 0 states have call predecessors, (0), 0 states have return successors, (0), 0 states have call predecessors, (0), 0 states have call successors, (0)
[2026-06-06 15:15:48,118 INFO  L188       IsEmptyHeuristic]: Finished isEmptyHeuristic. No accepting run.
[2026-06-06 15:15:48,118 INFO  L182       IsEmptyHeuristic]: Start isEmptyHeuristic. Operand  has 5 states, 3 states have (on average 1.6666666666666667) internal successors, (5), 4 states have internal predecessors, (5), 0 states have call successors, (0), 0 states have call predecessors, (0), 0 states have return successors, (0), 0 states have call predecessors, (0), 0 states have call successors, (0)
[2026-06-06 15:15:48,118 INFO  L188       IsEmptyHeuristic]: Finished isEmptyHeuristic. No accepting run.
[2026-06-06 15:15:48,118 INFO  L182       IsEmptyHeuristic]: Start isEmptyHeuristic. Operand  has 5 states, 3 states have (on average 1.6666666666666667) internal successors, (5), 4 states have internal predecessors, (5), 0 states have call successors, (0), 0 states have call predecessors, (0), 0 states have return successors, (0), 0 states have call predecessors, (0), 0 states have call successors, (0)
[2026-06-06 15:15:48,118 INFO  L188       IsEmptyHeuristic]: Finished isEmptyHeuristic. No accepting run.
[2026-06-06 15:15:48,118 INFO  L182       IsEmptyHeuristic]: Start isEmptyHeuristic. Operand  has 5 states, 3 states have (on average 1.6666666666666667) internal successors, (5), 4 states have internal predecessors, (5), 0 states have call successors, (0), 0 states have call predecessors, (0), 0 states have return successors, (0), 0 states have call predecessors, (0), 0 states have call successors, (0)
[2026-06-06 15:15:48,118 INFO  L188       IsEmptyHeuristic]: Finished isEmptyHeuristic. No accepting run.
[2026-06-06 15:15:48,118 INFO  L182       IsEmptyHeuristic]: Start isEmptyHeuristic. Operand  has 5 states, 3 states have (on average 1.6666666666666667) internal successors, (5), 4 states have internal predecessors, (5), 0 states have call successors, (0), 0 states have call predecessors, (0), 0 states have return successors, (0), 0 states have call predecessors, (0), 0 states have call successors, (0)
[2026-06-06 15:15:48,118 INFO  L188       IsEmptyHeuristic]: Finished isEmptyHeuristic. No accepting run.
[2026-06-06 15:15:48,118 INFO  L182       IsEmptyHeuristic]: Start isEmptyHeuristic. Operand  has 5 states, 3 states have (on average 1.6666666666666667) internal successors, (5), 4 states have internal predecessors, (5), 0 states have call successors, (0), 0 states have call predecessors, (0), 0 states have return successors, (0), 0 states have call predecessors, (0), 0 states have call successors, (0)
[2026-06-06 15:15:48,118 INFO  L188       IsEmptyHeuristic]: Finished isEmptyHeuristic. No accepting run.
[2026-06-06 15:15:48,118 INFO  L182       IsEmptyHeuristic]: Start isEmptyHeuristic. Operand  has 5 states, 3 states have (on average 1.6666666666666667) internal successors, (5), 4 states have internal predecessors, (5), 0 states have call successors, (0), 0 states have call predecessors, (0), 0 states have return successors, (0), 0 states have call predecessors, (0), 0 states have call successors, (0)
[2026-06-06 15:15:48,118 INFO  L188       IsEmptyHeuristic]: Finished isEmptyHeuristic. No accepting run.
[2026-06-06 15:15:48,118 INFO  L182       IsEmptyHeuristic]: Start isEmptyHeuristic. Operand  has 5 states, 3 states have (on average 1.6666666666666667) internal successors, (5), 4 states have internal predecessors, (5), 0 states have call successors, (0), 0 states have call predecessors, (0), 0 states have return successors, (0), 0 states have call predecessors, (0), 0 states have call successors, (0)
[2026-06-06 15:15:48,118 INFO  L188       IsEmptyHeuristic]: Finished isEmptyHeuristic. No accepting run.
[2026-06-06 15:15:48,118 INFO  L182       IsEmptyHeuristic]: Start isEmptyHeuristic. Operand  has 5 states, 3 states have (on average 1.6666666666666667) internal successors, (5), 4 states have internal predecessors, (5), 0 states have call successors, (0), 0 states have call predecessors, (0), 0 states have return successors, (0), 0 states have call predecessors, (0), 0 states have call successors, (0)
[2026-06-06 15:15:48,118 INFO  L188       IsEmptyHeuristic]: Finished isEmptyHeuristic. No accepting run.
[2026-06-06 15:15:48,118 INFO  L182       IsEmptyHeuristic]: Start isEmptyHeuristic. Operand  has 5 states, 3 states have (on average 1.6666666666666667) internal successors, (5), 4 states have internal predecessors, (5), 0 states have call successors, (0), 0 states have call predecessors, (0), 0 states have return successors, (0), 0 states have call predecessors, (0), 0 states have call successors, (0)
[2026-06-06 15:15:48,118 INFO  L188       IsEmptyHeuristic]: Finished isEmptyHeuristic. No accepting run.
[2026-06-06 15:15:48,118 INFO  L182       IsEmptyHeuristic]: Start isEmptyHeuristic. Operand  has 5 states, 3 states have (on average 1.6666666666666667) internal successors, (5), 4 states have internal predecessors, (5), 0 states have call successors, (0), 0 states have call predecessors, (0), 0 states have return successors, (0), 0 states have call predecessors, (0), 0 states have call successors, (0)
[2026-06-06 15:15:48,118 INFO  L188       IsEmptyHeuristic]: Finished isEmptyHeuristic. No accepting run.
[2026-06-06 15:15:48,119 INFO  L182       IsEmptyHeuristic]: Start isEmptyHeuristic. Operand  has 5 states, 3 states have (on average 1.6666666666666667) internal successors, (5), 4 states have internal predecessors, (5), 0 states have call successors, (0), 0 states have call predecessors, (0), 0 states have return successors, (0), 0 states have call predecessors, (0), 0 states have call successors, (0)
[2026-06-06 15:15:48,119 INFO  L188       IsEmptyHeuristic]: Finished isEmptyHeuristic. No accepting run.
[2026-06-06 15:15:48,119 INFO  L182       IsEmptyHeuristic]: Start isEmptyHeuristic. Operand  has 5 states, 3 states have (on average 1.6666666666666667) internal successors, (5), 4 states have internal predecessors, (5), 0 states have call successors, (0), 0 states have call predecessors, (0), 0 states have return successors, (0), 0 states have call predecessors, (0), 0 states have call successors, (0)
[2026-06-06 15:15:48,119 INFO  L188       IsEmptyHeuristic]: Finished isEmptyHeuristic. No accepting run.
[2026-06-06 15:15:48,119 INFO  L182       IsEmptyHeuristic]: Start isEmptyHeuristic. Operand  has 5 states, 3 states have (on average 1.6666666666666667) internal successors, (5), 4 states have internal predecessors, (5), 0 states have call successors, (0), 0 states have call predecessors, (0), 0 states have return successors, (0), 0 states have call predecessors, (0), 0 states have call successors, (0)
[2026-06-06 15:15:48,119 INFO  L188       IsEmptyHeuristic]: Finished isEmptyHeuristic. No accepting run.
[2026-06-06 15:15:48,119 INFO  L182       IsEmptyHeuristic]: Start isEmptyHeuristic. Operand  has 5 states, 3 states have (on average 1.6666666666666667) internal successors, (5), 4 states have internal predecessors, (5), 0 states have call successors, (0), 0 states have call predecessors, (0), 0 states have return successors, (0), 0 states have call predecessors, (0), 0 states have call successors, (0)
[2026-06-06 15:15:48,119 INFO  L188       IsEmptyHeuristic]: Finished isEmptyHeuristic. No accepting run.
[2026-06-06 15:15:48,119 INFO  L182       IsEmptyHeuristic]: Start isEmptyHeuristic. Operand  has 5 states, 3 states have (on average 1.6666666666666667) internal successors, (5), 4 states have internal predecessors, (5), 0 states have call successors, (0), 0 states have call predecessors, (0), 0 states have return successors, (0), 0 states have call predecessors, (0), 0 states have call successors, (0)
[2026-06-06 15:15:48,119 INFO  L188       IsEmptyHeuristic]: Finished isEmptyHeuristic. Found accepting run of length 36
[2026-06-06 15:15:48,119 INFO  L163        IsEmptyParallel]: Finished isEmptyParallel. Found accepting run of length 36
[2026-06-06 15:15:48,119 WARN  L753                IsEmpty]: Correctness of emptinessCheck not tested.
[2026-06-06 15:15:48,119 INFO  L79                 Accepts]: Start accepts. Automaton has  has 5 states, 3 states have (on average 1.6666666666666667) internal successors, (5), 4 states have internal predecessors, (5), 0 states have call successors, (0), 0 states have call predecessors, (0), 0 states have return successors, (0), 0 states have call predecessors, (0), 0 states have call successors, (0) Word has length 35
[2026-06-06 15:15:48,119 INFO  L85                 Accepts]: Finished accepts. word is accepted.
[2026-06-06 15:15:48,119 INFO  L757                IsEmpty]: Finished testing correctness of emptinessCheck
[2026-06-06 15:15:48,119 INFO  L290                IsEmpty]: Start isEmptyParallel. Operand  has 5 states, 3 states have (on average 1.6666666666666667) internal successors, (5), 4 states have internal predecessors, (5), 0 states have call successors, (0), 0 states have call predecessors, (0), 0 states have return successors, (0), 0 states have call predecessors, (0), 0 states have call successors, (0)
[2026-06-06 15:15:48,119 INFO  L300                IsEmpty]: Finished isEmptyParallel. No accepting run.
[2026-06-06 15:15:48,119 INFO  L156        IsEmptyParallel]: Start isEmptyParallel. Operand  has 5 states, 3 states have (on average 1.6666666666666667) internal successors, (5), 4 states have internal predecessors, (5), 0 states have call successors, (0), 0 states have call predecessors, (0), 0 states have return successors, (0), 0 states have call predecessors, (0), 0 states have call successors, (0)
[2026-06-06 15:15:48,119 INFO  L182       IsEmptyHeuristic]: Start isEmptyHeuristic. Operand  has 5 states, 3 states have (on average 1.6666666666666667) internal successors, (5), 4 states have internal predecessors, (5), 0 states have call successors, (0), 0 states have call predecessors, (0), 0 states have return successors, (0), 0 states have call predecessors, (0), 0 states have call successors, (0)
[2026-06-06 15:15:48,119 INFO  L188       IsEmptyHeuristic]: Finished isEmptyHeuristic. No accepting run.
[2026-06-06 15:15:48,119 INFO  L182       IsEmptyHeuristic]: Start isEmptyHeuristic. Operand  has 5 states, 3 states have (on average 1.6666666666666667) internal successors, (5), 4 states have internal predecessors, (5), 0 states have call successors, (0), 0 states have call predecessors, (0), 0 states have return successors, (0), 0 states have call predecessors, (0), 0 states have call successors, (0)
[2026-06-06 15:15:48,119 INFO  L188       IsEmptyHeuristic]: Finished isEmptyHeuristic. No accepting run.
[2026-06-06 15:15:48,119 INFO  L182       IsEmptyHeuristic]: Start isEmptyHeuristic. Operand  has 5 states, 3 states have (on average 1.6666666666666667) internal successors, (5), 4 states have internal predecessors, (5), 0 states have call successors, (0), 0 states have call predecessors, (0), 0 states have return successors, (0), 0 states have call predecessors, (0), 0 states have call successors, (0)
[2026-06-06 15:15:48,119 INFO  L188       IsEmptyHeuristic]: Finished isEmptyHeuristic. No accepting run.
[2026-06-06 15:15:48,119 INFO  L182       IsEmptyHeuristic]: Start isEmptyHeuristic. Operand  has 5 states, 3 states have (on average 1.6666666666666667) internal successors, (5), 4 states have internal predecessors, (5), 0 states have call successors, (0), 0 states have call predecessors, (0), 0 states have return successors, (0), 0 states have call predecessors, (0), 0 states have call successors, (0)
[2026-06-06 15:15:48,119 INFO  L188       IsEmptyHeuristic]: Finished isEmptyHeuristic. No accepting run.
[2026-06-06 15:15:48,119 INFO  L182       IsEmptyHeuristic]: Start isEmptyHeuristic. Operand  has 5 states, 3 states have (on average 1.6666666666666667) internal successors, (5), 4 states have internal predecessors, (5), 0 states have call successors, (0), 0 states have call predecessors, (0), 0 states have return successors, (0), 0 states have call predecessors, (0), 0 states have call successors, (0)
[2026-06-06 15:15:48,119 INFO  L188       IsEmptyHeuristic]: Finished isEmptyHeuristic. No accepting run.
[2026-06-06 15:15:48,119 INFO  L182       IsEmptyHeuristic]: Start isEmptyHeuristic. Operand  has 5 states, 3 states have (on average 1.6666666666666667) internal successors, (5), 4 states have internal predecessors, (5), 0 states have call successors, (0), 0 states have call predecessors, (0), 0 states have return successors, (0), 0 states have call predecessors, (0), 0 states have call successors, (0)
[2026-06-06 15:15:48,119 INFO  L188       IsEmptyHeuristic]: Finished isEmptyHeuristic. No accepting run.
[2026-06-06 15:15:48,120 INFO  L182       IsEmptyHeuristic]: Start isEmptyHeuristic. Operand  has 5 states, 3 states have (on average 1.6666666666666667) internal successors, (5), 4 states have internal predecessors, (5), 0 states have call successors, (0), 0 states have call predecessors, (0), 0 states have return successors, (0), 0 states have call predecessors, (0), 0 states have call successors, (0)
[2026-06-06 15:15:48,120 INFO  L188       IsEmptyHeuristic]: Finished isEmptyHeuristic. No accepting run.
[2026-06-06 15:15:48,120 INFO  L182       IsEmptyHeuristic]: Start isEmptyHeuristic. Operand  has 5 states, 3 states have (on average 1.6666666666666667) internal successors, (5), 4 states have internal predecessors, (5), 0 states have call successors, (0), 0 states have call predecessors, (0), 0 states have return successors, (0), 0 states have call predecessors, (0), 0 states have call successors, (0)
[2026-06-06 15:15:48,120 INFO  L188       IsEmptyHeuristic]: Finished isEmptyHeuristic. No accepting run.
[2026-06-06 15:15:48,120 INFO  L182       IsEmptyHeuristic]: Start isEmptyHeuristic. Operand  has 5 states, 3 states have (on average 1.6666666666666667) internal successors, (5), 4 states have internal predecessors, (5), 0 states have call successors, (0), 0 states have call predecessors, (0), 0 states have return successors, (0), 0 states have call predecessors, (0), 0 states have call successors, (0)
[2026-06-06 15:15:48,120 INFO  L188       IsEmptyHeuristic]: Finished isEmptyHeuristic. No accepting run.
[2026-06-06 15:15:48,120 INFO  L182       IsEmptyHeuristic]: Start isEmptyHeuristic. Operand  has 5 states, 3 states have (on average 1.6666666666666667) internal successors, (5), 4 states have internal predecessors, (5), 0 states have call successors, (0), 0 states have call predecessors, (0), 0 states have return successors, (0), 0 states have call predecessors, (0), 0 states have call successors, (0)
[2026-06-06 15:15:48,120 INFO  L188       IsEmptyHeuristic]: Finished isEmptyHeuristic. No accepting run.
[2026-06-06 15:15:48,120 INFO  L182       IsEmptyHeuristic]: Start isEmptyHeuristic. Operand  has 5 states, 3 states have (on average 1.6666666666666667) internal successors, (5), 4 states have internal predecessors, (5), 0 states have call successors, (0), 0 states have call predecessors, (0), 0 states have return successors, (0), 0 states have call predecessors, (0), 0 states have call successors, (0)
[2026-06-06 15:15:48,120 INFO  L188       IsEmptyHeuristic]: Finished isEmptyHeuristic. No accepting run.
[2026-06-06 15:15:48,120 INFO  L182       IsEmptyHeuristic]: Start isEmptyHeuristic. Operand  has 5 states, 3 states have (on average 1.6666666666666667) internal successors, (5), 4 states have internal predecessors, (5), 0 states have call successors, (0), 0 states have call predecessors, (0), 0 states have return successors, (0), 0 states have call predecessors, (0), 0 states have call successors, (0)
[2026-06-06 15:15:48,120 INFO  L188       IsEmptyHeuristic]: Finished isEmptyHeuristic. No accepting run.
[2026-06-06 15:15:48,120 INFO  L182       IsEmptyHeuristic]: Start isEmptyHeuristic. Operand  has 5 states, 3 states have (on average 1.6666666666666667) internal successors, (5), 4 states have internal predecessors, (5), 0 states have call successors, (0), 0 states have call predecessors, (0), 0 states have return successors, (0), 0 states have call predecessors, (0), 0 states have call successors, (0)
[2026-06-06 15:15:48,120 INFO  L188       IsEmptyHeuristic]: Finished isEmptyHeuristic. No accepting run.
[2026-06-06 15:15:48,120 INFO  L182       IsEmptyHeuristic]: Start isEmptyHeuristic. Operand  has 5 states, 3 states have (on average 1.6666666666666667) internal successors, (5), 4 states have internal predecessors, (5), 0 states have call successors, (0), 0 states have call predecessors, (0), 0 states have return successors, (0), 0 states have call predecessors, (0), 0 states have call successors, (0)
[2026-06-06 15:15:48,120 INFO  L188       IsEmptyHeuristic]: Finished isEmptyHeuristic. No accepting run.
[2026-06-06 15:15:48,120 INFO  L182       IsEmptyHeuristic]: Start isEmptyHeuristic. Operand  has 5 states, 3 states have (on average 1.6666666666666667) internal successors, (5), 4 states have internal predecessors, (5), 0 states have call successors, (0), 0 states have call predecessors, (0), 0 states have return successors, (0), 0 states have call predecessors, (0), 0 states have call successors, (0)
[2026-06-06 15:15:48,120 INFO  L188       IsEmptyHeuristic]: Finished isEmptyHeuristic. No accepting run.
[2026-06-06 15:15:48,120 INFO  L182       IsEmptyHeuristic]: Start isEmptyHeuristic. Operand  has 5 states, 3 states have (on average 1.6666666666666667) internal successors, (5), 4 states have internal predecessors, (5), 0 states have call successors, (0), 0 states have call predecessors, (0), 0 states have return successors, (0), 0 states have call predecessors, (0), 0 states have call successors, (0)
[2026-06-06 15:15:48,120 INFO  L188       IsEmptyHeuristic]: Finished isEmptyHeuristic. No accepting run.
[2026-06-06 15:15:48,120 INFO  L182       IsEmptyHeuristic]: Start isEmptyHeuristic. Operand  has 5 states, 3 states have (on average 1.6666666666666667) internal successors, (5), 4 states have internal predecessors, (5), 0 states have call successors, (0), 0 states have call predecessors, (0), 0 states have return successors, (0), 0 states have call predecessors, (0), 0 states have call successors, (0)
[2026-06-06 15:15:48,120 INFO  L188       IsEmptyHeuristic]: Finished isEmptyHeuristic. No accepting run.
[2026-06-06 15:15:48,120 INFO  L182       IsEmptyHeuristic]: Start isEmptyHeuristic. Operand  has 5 states, 3 states have (on average 1.6666666666666667) internal successors, (5), 4 states have internal predecessors, (5), 0 states have call successors, (0), 0 states have call predecessors, (0), 0 states have return successors, (0), 0 states have call predecessors, (0), 0 states have call successors, (0)
[2026-06-06 15:15:48,120 INFO  L188       IsEmptyHeuristic]: Finished isEmptyHeuristic. No accepting run.
[2026-06-06 15:15:48,120 INFO  L182       IsEmptyHeuristic]: Start isEmptyHeuristic. Operand  has 5 states, 3 states have (on average 1.6666666666666667) internal successors, (5), 4 states have internal predecessors, (5), 0 states have call successors, (0), 0 states have call predecessors, (0), 0 states have return successors, (0), 0 states have call predecessors, (0), 0 states have call successors, (0)
[2026-06-06 15:15:48,120 INFO  L188       IsEmptyHeuristic]: Finished isEmptyHeuristic. No accepting run.
[2026-06-06 15:15:48,120 INFO  L182       IsEmptyHeuristic]: Start isEmptyHeuristic. Operand  has 5 states, 3 states have (on average 1.6666666666666667) internal successors, (5), 4 states have internal predecessors, (5), 0 states have call successors, (0), 0 states have call predecessors, (0), 0 states have return successors, (0), 0 states have call predecessors, (0), 0 states have call successors, (0)
[2026-06-06 15:15:48,120 INFO  L188       IsEmptyHeuristic]: Finished isEmptyHeuristic. No accepting run.
[2026-06-06 15:15:48,120 INFO  L182       IsEmptyHeuristic]: Start isEmptyHeuristic. Operand  has 5 states, 3 states have (on average 1.6666666666666667) internal successors, (5), 4 states have internal predecessors, (5), 0 states have call successors, (0), 0 states have call predecessors, (0), 0 states have return successors, (0), 0 states have call predecessors, (0), 0 states have call successors, (0)
[2026-06-06 15:15:48,120 INFO  L188       IsEmptyHeuristic]: Finished isEmptyHeuristic. No accepting run.
[2026-06-06 15:15:48,120 INFO  L182       IsEmptyHeuristic]: Start isEmptyHeuristic. Operand  has 5 states, 3 states have (on average 1.6666666666666667) internal successors, (5), 4 states have internal predecessors, (5), 0 states have call successors, (0), 0 states have call predecessors, (0), 0 states have return successors, (0), 0 states have call predecessors, (0), 0 states have call successors, (0)
[2026-06-06 15:15:48,120 INFO  L188       IsEmptyHeuristic]: Finished isEmptyHeuristic. No accepting run.
[2026-06-06 15:15:48,121 INFO  L182       IsEmptyHeuristic]: Start isEmptyHeuristic. Operand  has 5 states, 3 states have (on average 1.6666666666666667) internal successors, (5), 4 states have internal predecessors, (5), 0 states have call successors, (0), 0 states have call predecessors, (0), 0 states have return successors, (0), 0 states have call predecessors, (0), 0 states have call successors, (0)
[2026-06-06 15:15:48,121 INFO  L188       IsEmptyHeuristic]: Finished isEmptyHeuristic. No accepting run.
[2026-06-06 15:15:48,121 INFO  L182       IsEmptyHeuristic]: Start isEmptyHeuristic. Operand  has 5 states, 3 states have (on average 1.6666666666666667) internal successors, (5), 4 states have internal predecessors, (5), 0 states have call successors, (0), 0 states have call predecessors, (0), 0 states have return successors, (0), 0 states have call predecessors, (0), 0 states have call successors, (0)
[2026-06-06 15:15:48,121 INFO  L188       IsEmptyHeuristic]: Finished isEmptyHeuristic. No accepting run.
[2026-06-06 15:15:48,121 INFO  L182       IsEmptyHeuristic]: Start isEmptyHeuristic. Operand  has 5 states, 3 states have (on average 1.6666666666666667) internal successors, (5), 4 states have internal predecessors, (5), 0 states have call successors, (0), 0 states have call predecessors, (0), 0 states have return successors, (0), 0 states have call predecessors, (0), 0 states have call successors, (0)
[2026-06-06 15:15:48,121 INFO  L188       IsEmptyHeuristic]: Finished isEmptyHeuristic. No accepting run.
[2026-06-06 15:15:48,121 INFO  L182       IsEmptyHeuristic]: Start isEmptyHeuristic. Operand  has 5 states, 3 states have (on average 1.6666666666666667) internal successors, (5), 4 states have internal predecessors, (5), 0 states have call successors, (0), 0 states have call predecessors, (0), 0 states have return successors, (0), 0 states have call predecessors, (0), 0 states have call successors, (0)
[2026-06-06 15:15:48,121 INFO  L188       IsEmptyHeuristic]: Finished isEmptyHeuristic. No accepting run.
[2026-06-06 15:15:48,121 INFO  L182       IsEmptyHeuristic]: Start isEmptyHeuristic. Operand  has 5 states, 3 states have (on average 1.6666666666666667) internal successors, (5), 4 states have internal predecessors, (5), 0 states have call successors, (0), 0 states have call predecessors, (0), 0 states have return successors, (0), 0 states have call predecessors, (0), 0 states have call successors, (0)
[2026-06-06 15:15:48,121 INFO  L188       IsEmptyHeuristic]: Finished isEmptyHeuristic. No accepting run.
[2026-06-06 15:15:48,121 INFO  L182       IsEmptyHeuristic]: Start isEmptyHeuristic. Operand  has 5 states, 3 states have (on average 1.6666666666666667) internal successors, (5), 4 states have internal predecessors, (5), 0 states have call successors, (0), 0 states have call predecessors, (0), 0 states have return successors, (0), 0 states have call predecessors, (0), 0 states have call successors, (0)
[2026-06-06 15:15:48,121 INFO  L188       IsEmptyHeuristic]: Finished isEmptyHeuristic. No accepting run.
[2026-06-06 15:15:48,121 INFO  L182       IsEmptyHeuristic]: Start isEmptyHeuristic. Operand  has 5 states, 3 states have (on average 1.6666666666666667) internal successors, (5), 4 states have internal predecessors, (5), 0 states have call successors, (0), 0 states have call predecessors, (0), 0 states have return successors, (0), 0 states have call predecessors, (0), 0 states have call successors, (0)
[2026-06-06 15:15:48,121 INFO  L188       IsEmptyHeuristic]: Finished isEmptyHeuristic. No accepting run.
[2026-06-06 15:15:48,121 INFO  L182       IsEmptyHeuristic]: Start isEmptyHeuristic. Operand  has 5 states, 3 states have (on average 1.6666666666666667) internal successors, (5), 4 states have internal predecessors, (5), 0 states have call successors, (0), 0 states have call predecessors, (0), 0 states have return successors, (0), 0 states have call predecessors, (0), 0 states have call successors, (0)
[2026-06-06 15:15:48,121 INFO  L188       IsEmptyHeuristic]: Finished isEmptyHeuristic. No accepting run.
[2026-06-06 15:15:48,121 INFO  L182       IsEmptyHeuristic]: Start isEmptyHeuristic. Operand  has 5 states, 3 states have (on average 1.6666666666666667) internal successors, (5), 4 states have internal predecessors, (5), 0 states have call successors, (0), 0 states have call predecessors, (0), 0 states have return successors, (0), 0 states have call predecessors, (0), 0 states have call successors, (0)
[2026-06-06 15:15:48,121 INFO  L188       IsEmptyHeuristic]: Finished isEmptyHeuristic. No accepting run.
[2026-06-06 15:15:48,121 INFO  L182       IsEmptyHeuristic]: Start isEmptyHeuristic. Operand  has 5 states, 3 states have (on average 1.6666666666666667) internal successors, (5), 4 states have internal predecessors, (5), 0 states have call successors, (0), 0 states have call predecessors, (0), 0 states have return successors, (0), 0 states have call predecessors, (0), 0 states have call successors, (0)
[2026-06-06 15:15:48,121 INFO  L188       IsEmptyHeuristic]: Finished isEmptyHeuristic. Found accepting run of length 35
[2026-06-06 15:15:48,121 INFO  L163        IsEmptyParallel]: Finished isEmptyParallel. Found accepting run of length 35
[2026-06-06 15:15:48,121 WARN  L753                IsEmpty]: Correctness of emptinessCheck not tested.
[2026-06-06 15:15:48,121 INFO  L79                 Accepts]: Start accepts. Automaton has  has 5 states, 3 states have (on average 1.6666666666666667) internal successors, (5), 4 states have internal predecessors, (5), 0 states have call successors, (0), 0 states have call predecessors, (0), 0 states have return successors, (0), 0 states have call predecessors, (0), 0 states have call successors, (0) Word has length 34
[2026-06-06 15:15:48,122 INFO  L85                 Accepts]: Finished accepts. word is accepted.
[2026-06-06 15:15:48,122 INFO  L757                IsEmpty]: Finished testing correctness of emptinessCheck
[2026-06-06 15:15:48,126 INFO  L86        PathProgramCache]: Analyzing trace with hash 930412, now seen corresponding path program 1 times
[2026-06-06 15:15:48,126 INFO  L637   ParallelNwaCegarLoop]: Main: Starting Thread
[2026-06-06 15:15:48,126 INFO  L86        PathProgramCache]: Analyzing trace with hash 28844579, now seen corresponding path program 2 times
[2026-06-06 15:15:48,126 INFO  L637   ParallelNwaCegarLoop]: Main: Starting Thread
[2026-06-06 15:15:48,126 INFO  L209   CegarNwaWorkerThread]: Starting Thread: 89# for Trace Check: 930412
[2026-06-06 15:15:48,126 INFO  L209   CegarNwaWorkerThread]: Starting Thread: 95# for Trace Check: 28844579
[2026-06-06 15:15:48,126 INFO  L86        PathProgramCache]: Analyzing trace with hash 894183756, now seen corresponding path program 3 times
[2026-06-06 15:15:48,126 INFO  L637   ParallelNwaCegarLoop]: Main: Starting Thread
[2026-06-06 15:15:48,126 INFO  L209   CegarNwaWorkerThread]: Starting Thread: 101# for Trace Check: 894183756
[2026-06-06 15:15:48,127 INFO  L86        PathProgramCache]: Analyzing trace with hash 1949894467, now seen corresponding path program 4 times
[2026-06-06 15:15:48,127 INFO  L637   ParallelNwaCegarLoop]: Main: Starting Thread
[2026-06-06 15:15:48,127 INFO  L209   CegarNwaWorkerThread]: Starting Thread: 107# for Trace Check: 1949894467
[2026-06-06 15:15:48,127 INFO  L86        PathProgramCache]: Analyzing trace with hash 317188140, now seen corresponding path program 5 times
[2026-06-06 15:15:48,127 INFO  L637   ParallelNwaCegarLoop]: Main: Starting Thread
[2026-06-06 15:15:48,127 INFO  L86        PathProgramCache]: Analyzing trace with hash 1242899555, now seen corresponding path program 6 times
[2026-06-06 15:15:48,127 INFO  L637   ParallelNwaCegarLoop]: Main: Starting Thread
[2026-06-06 15:15:48,127 INFO  L156       PredicateUnifier]: Initialized classic predicate unifier
[2026-06-06 15:15:48,127 INFO  L156       PredicateUnifier]: Initialized classic predicate unifier
[2026-06-06 15:15:48,127 INFO  L156       PredicateUnifier]: Initialized classic predicate unifier
[2026-06-06 15:15:48,127 INFO  L209   CegarNwaWorkerThread]: Starting Thread: 113# for Trace Check: 317188140
[2026-06-06 15:15:48,127 INFO  L86        PathProgramCache]: Analyzing trace with hash 894183756, now seen corresponding path program 3 times
[2026-06-06 15:15:48,127 INFO  L86        PathProgramCache]: Analyzing trace with hash 28844579, now seen corresponding path program 2 times
[2026-06-06 15:15:48,127 INFO  L209   CegarNwaWorkerThread]: Starting Thread: 125# for Trace Check: -124817652
[2026-06-06 15:15:48,127 INFO  L86        PathProgramCache]: Analyzing trace with hash 930412, now seen corresponding path program 2 times
[2026-06-06 15:15:48,127 INFO  L209   CegarNwaWorkerThread]: Starting Thread: 119# for Trace Check: 1242899555
[2026-06-06 15:15:48,127 INFO  L156       PredicateUnifier]: Initialized classic predicate unifier
[2026-06-06 15:15:48,127 INFO  L86        PathProgramCache]: Analyzing trace with hash -124817652, now seen corresponding path program 7 times
[2026-06-06 15:15:48,127 INFO  L637   ParallelNwaCegarLoop]: Main: Starting Thread
[2026-06-06 15:15:48,127 INFO  L156       PredicateUnifier]: Initialized classic predicate unifier
[2026-06-06 15:15:48,127 INFO  L118   FreeRefinementEngine]: Executing refinement strategy CAMEL
[2026-06-06 15:15:48,127 INFO  L118   FreeRefinementEngine]: Executing refinement strategy CAMEL
[2026-06-06 15:15:48,127 INFO  L86        PathProgramCache]: Analyzing trace with hash 1949894467, now seen corresponding path program 4 times
[2026-06-06 15:15:48,127 INFO  L118   FreeRefinementEngine]: Executing refinement strategy CAMEL
[2026-06-06 15:15:48,127 INFO  L156       PredicateUnifier]: Initialized classic predicate unifier
[2026-06-06 15:15:48,127 INFO  L324   FreeRefinementEngine]: Using trace check IpTcStrategyModuleSmtInterpolCraig [1853740256]
[2026-06-06 15:15:48,127 INFO  L118   FreeRefinementEngine]: Executing refinement strategy CAMEL
[2026-06-06 15:15:48,127 INFO  L324   FreeRefinementEngine]: Using trace check IpTcStrategyModuleSmtInterpolCraig [939299872]
[2026-06-06 15:15:48,127 INFO  L324   FreeRefinementEngine]: Using trace check IpTcStrategyModuleSmtInterpolCraig [2031980531]
[2026-06-06 15:15:48,127 INFO  L209   CegarNwaWorkerThread]: Starting Thread: 131# for Trace Check: 425621891
[2026-06-06 15:15:48,127 INFO  L86        PathProgramCache]: Analyzing trace with hash -124817652, now seen corresponding path program 7 times
[2026-06-06 15:15:48,127 INFO  L86        PathProgramCache]: Analyzing trace with hash 425621891, now seen corresponding path program 8 times
[2026-06-06 15:15:48,127 INFO  L637   ParallelNwaCegarLoop]: Main: Starting Thread
[2026-06-06 15:15:48,127 INFO  L156       PredicateUnifier]: Initialized classic predicate unifier
[2026-06-06 15:15:48,127 INFO  L86        PathProgramCache]: Analyzing trace with hash 309378540, now seen corresponding path program 9 times
[2026-06-06 15:15:48,127 INFO  L637   ParallelNwaCegarLoop]: Main: Starting Thread
[2026-06-06 15:15:48,127 INFO  L156       PredicateUnifier]: Initialized classic predicate unifier
[2026-06-06 15:15:48,127 INFO  L118   FreeRefinementEngine]: Executing refinement strategy CAMEL
[2026-06-06 15:15:48,127 INFO  L95    rtionOrderModulation]: Changing assertion order to OUTSIDE_LOOP_FIRST1
[2026-06-06 15:15:48,127 INFO  L95    rtionOrderModulation]: Changing assertion order to OUTSIDE_LOOP_FIRST1
[2026-06-06 15:15:48,127 INFO  L95    rtionOrderModulation]: Changing assertion order to OUTSIDE_LOOP_FIRST2
[2026-06-06 15:15:48,127 INFO  L324   FreeRefinementEngine]: Using trace check IpTcStrategyModuleSmtInterpolCraig [1677496913]
[2026-06-06 15:15:48,128 INFO  L127          SolverBuilder]: Constructing new instance of SMTInterpol with explicit timeout -1 ms and remaining time -1 ms
[2026-06-06 15:15:48,128 INFO  L95    rtionOrderModulation]: Changing assertion order to TERMS_WITH_SMALL_CONSTANTS_FIRST
[2026-06-06 15:15:48,127 INFO  L86        PathProgramCache]: Analyzing trace with hash 317188140, now seen corresponding path program 5 times
[2026-06-06 15:15:48,128 INFO  L209   CegarNwaWorkerThread]: Starting Thread: 143# for Trace Check: 1000801955
[2026-06-06 15:15:48,127 INFO  L127          SolverBuilder]: Constructing new instance of SMTInterpol with explicit timeout -1 ms and remaining time -1 ms
[2026-06-06 15:15:48,127 INFO  L127          SolverBuilder]: Constructing new instance of SMTInterpol with explicit timeout -1 ms and remaining time -1 ms
[2026-06-06 15:15:48,127 INFO  L209   CegarNwaWorkerThread]: Starting Thread: 137# for Trace Check: 309378540
[2026-06-06 15:15:48,127 INFO  L324   FreeRefinementEngine]: Using trace check IpTcStrategyModuleSmtInterpolCraig [1493512962]
[2026-06-06 15:15:48,127 INFO  L86        PathProgramCache]: Analyzing trace with hash 425621891, now seen corresponding path program 8 times
[2026-06-06 15:15:48,127 INFO  L86        PathProgramCache]: Analyzing trace with hash 1000801955, now seen corresponding path program 10 times
[2026-06-06 15:15:48,128 INFO  L637   ParallelNwaCegarLoop]: Main: Starting Thread
[2026-06-06 15:15:48,127 INFO  L86        PathProgramCache]: Analyzing trace with hash 1242899555, now seen corresponding path program 7 times
[2026-06-06 15:15:48,128 INFO  L95    rtionOrderModulation]: Changing assertion order to NOT_INCREMENTALLY
[2026-06-06 15:15:48,128 INFO  L118   FreeRefinementEngine]: Executing refinement strategy CAMEL
[2026-06-06 15:15:48,128 INFO  L156       PredicateUnifier]: Initialized classic predicate unifier
[2026-06-06 15:15:48,128 INFO  L118   FreeRefinementEngine]: Executing refinement strategy CAMEL
[2026-06-06 15:15:48,128 INFO  L127          SolverBuilder]: Constructing new instance of SMTInterpol with explicit timeout -1 ms and remaining time -1 ms
[2026-06-06 15:15:48,128 INFO  L324   FreeRefinementEngine]: Using trace check IpTcStrategyModuleSmtInterpolCraig [961702893]
[2026-06-06 15:15:48,128 INFO  L86        PathProgramCache]: Analyzing trace with hash 1000801955, now seen corresponding path program 10 times
[2026-06-06 15:15:48,128 INFO  L209   CegarNwaWorkerThread]: Starting Thread: 149# for Trace Check: 960091340
[2026-06-06 15:15:48,128 INFO  L118   FreeRefinementEngine]: Executing refinement strategy CAMEL
[2026-06-06 15:15:48,128 INFO  L324   FreeRefinementEngine]: Using trace check IpTcStrategyModuleSmtInterpolCraig [1926967876]
[2026-06-06 15:15:48,128 INFO  L127          SolverBuilder]: Constructing new instance of SMTInterpol with explicit timeout -1 ms and remaining time -1 ms
[2026-06-06 15:15:48,128 INFO  L118   FreeRefinementEngine]: Executing refinement strategy CAMEL
[2026-06-06 15:15:48,128 INFO  L86        PathProgramCache]: Analyzing trace with hash 960091340, now seen corresponding path program 11 times
[2026-06-06 15:15:48,129 INFO  L637   ParallelNwaCegarLoop]: Main: Starting Thread
[2026-06-06 15:15:48,128 INFO  L324   FreeRefinementEngine]: Using trace check IpTcStrategyModuleSmtInterpolCraig [1024865475]
[2026-06-06 15:15:48,128 INFO  L95    rtionOrderModulation]: Changing assertion order to OUTSIDE_LOOP_FIRST1
[2026-06-06 15:15:48,128 INFO  L324   FreeRefinementEngine]: Using trace check IpTcStrategyModuleSmtInterpolCraig [272178824]
[2026-06-06 15:15:48,128 INFO  L95    rtionOrderModulation]: Changing assertion order to INSIDE_LOOP_FIRST1
[2026-06-06 15:15:48,128 INFO  L156       PredicateUnifier]: Initialized classic predicate unifier
[2026-06-06 15:15:48,129 INFO  L95    rtionOrderModulation]: Changing assertion order to NOT_INCREMENTALLY
[2026-06-06 15:15:48,129 INFO  L127          SolverBuilder]: Constructing new instance of SMTInterpol with explicit timeout -1 ms and remaining time -1 ms
[2026-06-06 15:15:48,129 INFO  L95    rtionOrderModulation]: Changing assertion order to TERMS_WITH_SMALL_CONSTANTS_FIRST
[2026-06-06 15:15:48,129 INFO  L127          SolverBuilder]: Constructing new instance of SMTInterpol with explicit timeout -1 ms and remaining time -1 ms
[2026-06-06 15:15:48,129 INFO  L156       PredicateUnifier]: Initialized classic predicate unifier
[2026-06-06 15:15:48,129 INFO  L127          SolverBuilder]: Constructing new instance of SMTInterpol with explicit timeout -1 ms and remaining time -1 ms
[2026-06-06 15:15:48,129 INFO  L86        PathProgramCache]: Analyzing trace with hash 309378540, now seen corresponding path program 10 times
[2026-06-06 15:15:48,129 INFO  L209   CegarNwaWorkerThread]: Starting Thread: 155# for Trace Check: -301937725
[2026-06-06 15:15:48,129 INFO  L127          SolverBuilder]: Constructing new instance of SMTInterpol with explicit timeout -1 ms and remaining time -1 ms
[2026-06-06 15:15:48,130 INFO  L118   FreeRefinementEngine]: Executing refinement strategy CAMEL
[2026-06-06 15:15:48,130 INFO  L324   FreeRefinementEngine]: Using trace check IpTcStrategyModuleSmtInterpolCraig [1726828125]
[2026-06-06 15:15:48,130 INFO  L95    rtionOrderModulation]: Changing assertion order to TERMS_WITH_SMALL_CONSTANTS_FIRST
[2026-06-06 15:15:48,130 INFO  L156       PredicateUnifier]: Initialized classic predicate unifier
[2026-06-06 15:15:48,129 INFO  L86        PathProgramCache]: Analyzing trace with hash -301937725, now seen corresponding path program 12 times
[2026-06-06 15:15:48,131 INFO  L637   ParallelNwaCegarLoop]: Main: Starting Thread
[2026-06-06 15:15:48,131 INFO  L86        PathProgramCache]: Analyzing trace with hash -301937725, now seen corresponding path program 11 times
[2026-06-06 15:15:48,131 INFO  L86        PathProgramCache]: Analyzing trace with hash -770133076, now seen corresponding path program 13 times
[2026-06-06 15:15:48,131 INFO  L118   FreeRefinementEngine]: Executing refinement strategy CAMEL
[2026-06-06 15:15:48,130 INFO  L127          SolverBuilder]: Constructing new instance of SMTInterpol with explicit timeout -1 ms and remaining time -1 ms
[2026-06-06 15:15:48,129 INFO  L86        PathProgramCache]: Analyzing trace with hash 960091340, now seen corresponding path program 11 times
[2026-06-06 15:15:48,131 INFO  L209   CegarNwaWorkerThread]: Starting Thread: 161# for Trace Check: -770133076
[2026-06-06 15:15:48,131 INFO  L324   FreeRefinementEngine]: Using trace check IpTcStrategyModuleSmtInterpolCraig [1894325180]
[2026-06-06 15:15:48,131 INFO  L637   ParallelNwaCegarLoop]: Main: Starting Thread
[2026-06-06 15:15:48,131 INFO  L95    rtionOrderModulation]: Changing assertion order to INSIDE_LOOP_FIRST1
[2026-06-06 15:15:48,131 INFO  L127          SolverBuilder]: Constructing new instance of SMTInterpol with explicit timeout -1 ms and remaining time -1 ms
[2026-06-06 15:15:48,131 INFO  L209   CegarNwaWorkerThread]: Starting Thread: 167# for Trace Check: 1895680227
[2026-06-06 15:15:48,131 INFO  L156       PredicateUnifier]: Initialized classic predicate unifier
[2026-06-06 15:15:48,131 INFO  L86        PathProgramCache]: Analyzing trace with hash 1895680227, now seen corresponding path program 14 times
[2026-06-06 15:15:48,131 INFO  L118   FreeRefinementEngine]: Executing refinement strategy CAMEL
[2026-06-06 15:15:48,131 INFO  L324   FreeRefinementEngine]: Using trace check IpTcStrategyModuleSmtInterpolCraig [2036051573]
[2026-06-06 15:15:48,132 INFO  L95    rtionOrderModulation]: Changing assertion order to OUTSIDE_LOOP_FIRST1
[2026-06-06 15:15:48,132 INFO  L127          SolverBuilder]: Constructing new instance of SMTInterpol with explicit timeout -1 ms and remaining time -1 ms
[2026-06-06 15:15:48,131 INFO  L118   FreeRefinementEngine]: Executing refinement strategy CAMEL
[2026-06-06 15:15:48,131 INFO  L156       PredicateUnifier]: Initialized classic predicate unifier
[2026-06-06 15:15:48,132 INFO  L86        PathProgramCache]: Analyzing trace with hash -770133076, now seen corresponding path program 13 times
[2026-06-06 15:15:48,131 INFO  L86        PathProgramCache]: Analyzing trace with hash 1895680227, now seen corresponding path program 14 times
[2026-06-06 15:15:48,132 INFO  L637   ParallelNwaCegarLoop]: Main: Starting Thread
[2026-06-06 15:15:48,132 INFO  L118   FreeRefinementEngine]: Executing refinement strategy CAMEL
[2026-06-06 15:15:48,132 INFO  L86        PathProgramCache]: Analyzing trace with hash -1363453300, now seen corresponding path program 15 times
[2026-06-06 15:15:48,132 INFO  L637   ParallelNwaCegarLoop]: Main: Starting Thread
[2026-06-06 15:15:48,132 INFO  L324   FreeRefinementEngine]: Using trace check IpTcStrategyModuleSmtInterpolCraig [1021024783]
[2026-06-06 15:15:48,133 INFO  L209   CegarNwaWorkerThread]: Starting Thread: 173# for Trace Check: -1363453300
[2026-06-06 15:15:48,133 INFO  L287   ParallelNwaCegarLoop]: === Iteration 2 ===
[2026-06-06 15:15:48,133 INFO  L654   ParallelNwaCegarLoop]: All threads busy, going to sleep.
[2026-06-06 15:15:48,132 INFO  L324   FreeRefinementEngine]: Using trace check IpTcStrategyModuleSmtInterpolCraig [1508150100]
[2026-06-06 15:15:48,133 INFO  L95    rtionOrderModulation]: Changing assertion order to NOT_INCREMENTALLY
[2026-06-06 15:15:48,133 INFO  L95    rtionOrderModulation]: Changing assertion order to INSIDE_LOOP_FIRST1
[2026-06-06 15:15:48,133 INFO  L127          SolverBuilder]: Constructing new instance of SMTInterpol with explicit timeout -1 ms and remaining time -1 ms
[2026-06-06 15:15:48,133 INFO  L127          SolverBuilder]: Constructing new instance of SMTInterpol with explicit timeout -1 ms and remaining time -1 ms
[2026-06-06 15:15:48,133 INFO  L156       PredicateUnifier]: Initialized classic predicate unifier
[2026-06-06 15:15:48,133 INFO  L86        PathProgramCache]: Analyzing trace with hash -1363453300, now seen corresponding path program 15 times
[2026-06-06 15:15:48,133 INFO  L118   FreeRefinementEngine]: Executing refinement strategy CAMEL
[2026-06-06 15:15:48,133 INFO  L324   FreeRefinementEngine]: Using trace check IpTcStrategyModuleSmtInterpolCraig [1720835940]
[2026-06-06 15:15:48,133 INFO  L95    rtionOrderModulation]: Changing assertion order to OUTSIDE_LOOP_FIRST2
[2026-06-06 15:15:48,133 INFO  L127          SolverBuilder]: Constructing new instance of SMTInterpol with explicit timeout -1 ms and remaining time -1 ms
[2026-06-06 15:15:48,137 INFO  L108    AnnotateAndAsserter]: Assert order OUTSIDE_LOOP_FIRST1 partitioned 4 statements into 2 equivalence classes.
[2026-06-06 15:15:48,137 INFO  L108    AnnotateAndAsserter]: Assert order OUTSIDE_LOOP_FIRST1 partitioned 5 statements into 2 equivalence classes.
[2026-06-06 15:15:48,138 INFO  L108    AnnotateAndAsserter]: Assert order TERMS_WITH_SMALL_CONSTANTS_FIRST partitioned 7 statements into 2 equivalence classes.
[2026-06-06 15:15:48,139 INFO  L108    AnnotateAndAsserter]: Assert order OUTSIDE_LOOP_FIRST2 partitioned 6 statements into 3 equivalence classes.
[2026-06-06 15:15:48,139 INFO  L108    AnnotateAndAsserter]: Assert order INSIDE_LOOP_FIRST1 partitioned 8 statements into 4 equivalence classes.
[2026-06-06 15:15:48,141 INFO  L108    AnnotateAndAsserter]: Assert order NOT_INCREMENTALLY partitioned 10 statements into 1 equivalence classes.
[2026-06-06 15:15:48,141 INFO  L108    AnnotateAndAsserter]: Assert order NOT_INCREMENTALLY partitioned 9 statements into 1 equivalence classes.
[2026-06-06 15:15:48,142 INFO  L108    AnnotateAndAsserter]: Assert order OUTSIDE_LOOP_FIRST1 partitioned 11 statements into 2 equivalence classes.
[2026-06-06 15:15:48,143 INFO  L108    AnnotateAndAsserter]: Assert order TERMS_WITH_SMALL_CONSTANTS_FIRST partitioned 12 statements into 2 equivalence classes.
[2026-06-06 15:15:48,144 INFO  L108    AnnotateAndAsserter]: Assert order TERMS_WITH_SMALL_CONSTANTS_FIRST partitioned 13 statements into 2 equivalence classes.
[2026-06-06 15:15:48,145 INFO  L108    AnnotateAndAsserter]: Assert order INSIDE_LOOP_FIRST1 partitioned 15 statements into 7 equivalence classes.
[2026-06-06 15:15:48,146 INFO  L108    AnnotateAndAsserter]: Assert order INSIDE_LOOP_FIRST1 partitioned 14 statements into 7 equivalence classes.
[2026-06-06 15:15:48,147 INFO  L108    AnnotateAndAsserter]: Assert order NOT_INCREMENTALLY partitioned 16 statements into 1 equivalence classes.
[2026-06-06 15:15:48,147 INFO  L108    AnnotateAndAsserter]: Assert order OUTSIDE_LOOP_FIRST1 partitioned 17 statements into 2 equivalence classes.
[2026-06-06 15:15:48,149 INFO  L111    AnnotateAndAsserter]: Assert order TERMS_WITH_SMALL_CONSTANTS_FIRST issued 2 check-sat command(s) and asserted 7 of 7 statements.
[2026-06-06 15:15:48,149 INFO  L114    AnnotateAndAsserter]: Assert order TERMS_WITH_SMALL_CONSTANTS_FIRST issued 2 check-sat command(s)
[2026-06-06 15:15:48,149 INFO  L115    AnnotateAndAsserter]: Conjunction of SSA is unsat
[2026-06-06 15:15:48,149 INFO  L108    AnnotateAndAsserter]: Assert order OUTSIDE_LOOP_FIRST2 partitioned 18 statements into 9 equivalence classes.
[2026-06-06 15:15:48,149 INFO  L111    AnnotateAndAsserter]: Assert order OUTSIDE_LOOP_FIRST1 issued 2 check-sat command(s) and asserted 4 of 4 statements.
[2026-06-06 15:15:48,149 INFO  L114    AnnotateAndAsserter]: Assert order OUTSIDE_LOOP_FIRST1 issued 2 check-sat command(s)
[2026-06-06 15:15:48,149 INFO  L115    AnnotateAndAsserter]: Conjunction of SSA is unsat
[2026-06-06 15:15:48,150 INFO  L111    AnnotateAndAsserter]: Assert order OUTSIDE_LOOP_FIRST1 issued 2 check-sat command(s) and asserted 5 of 5 statements.
[2026-06-06 15:15:48,150 INFO  L114    AnnotateAndAsserter]: Assert order OUTSIDE_LOOP_FIRST1 issued 2 check-sat command(s)
[2026-06-06 15:15:48,150 INFO  L115    AnnotateAndAsserter]: Conjunction of SSA is unsat
[2026-06-06 15:15:48,152 INFO  L111    AnnotateAndAsserter]: Assert order INSIDE_LOOP_FIRST1 issued 4 check-sat command(s) and asserted 8 of 8 statements.
[2026-06-06 15:15:48,152 INFO  L114    AnnotateAndAsserter]: Assert order INSIDE_LOOP_FIRST1 issued 4 check-sat command(s)
[2026-06-06 15:15:48,152 INFO  L115    AnnotateAndAsserter]: Conjunction of SSA is unsat
[2026-06-06 15:15:48,152 INFO  L134       CoverageAnalysis]: Checked inductivity of 0 backedges. 0 proven. 0 refuted. 0 times theorem prover too weak. 0 trivial. 0 not checked.
[2026-06-06 15:15:48,152 INFO  L136   FreeRefinementEngine]: Strategy CAMEL found an infeasible trace
[2026-06-06 15:15:48,153 INFO  L324   FreeRefinementEngine]: Using interpolant generator IpTcStrategyModuleSmtInterpolCraig [238861395]
[2026-06-06 15:15:48,155 INFO  L158   FreeRefinementEngine]: IpTcStrategyModuleSmtInterpolCraig [238861395] provided 1 perfect and 0 imperfect interpolant sequences
[2026-06-06 15:15:48,155 INFO  L185   FreeRefinementEngine]: Found 1 perfect and 0 imperfect interpolant sequences.
[2026-06-06 15:15:48,156 INFO  L198   FreeRefinementEngine]: Number of different interpolants: perfect sequences [2] imperfect sequences [] total 2
[2026-06-06 15:15:48,156 INFO  L111    AnnotateAndAsserter]: Assert order OUTSIDE_LOOP_FIRST2 issued 3 check-sat command(s) and asserted 6 of 6 statements.
[2026-06-06 15:15:48,156 INFO  L114    AnnotateAndAsserter]: Assert order OUTSIDE_LOOP_FIRST2 issued 3 check-sat command(s)
[2026-06-06 15:15:48,156 INFO  L115    AnnotateAndAsserter]: Conjunction of SSA is unsat
[2026-06-06 15:15:48,156 INFO  L111    AnnotateAndAsserter]: Assert order NOT_INCREMENTALLY issued 1 check-sat command(s) and asserted 10 of 10 statements.
[2026-06-06 15:15:48,156 INFO  L114    AnnotateAndAsserter]: Assert order NOT_INCREMENTALLY issued 1 check-sat command(s)
[2026-06-06 15:15:48,156 INFO  L115    AnnotateAndAsserter]: Conjunction of SSA is unsat
[2026-06-06 15:15:48,157 INFO  L122   tionRefinementEngine]: Using interpolant automaton builder IpAbStrategyModuleStraightlineAll [138352874]
[2026-06-06 15:15:48,157 INFO  L85    oduleStraightlineAll]: Using 1 perfect interpolants to construct interpolant automaton
[2026-06-06 15:15:48,159 INFO  L100   FreeRefinementEngine]: Using predicate unifier PredicateUnifier provided by strategy CAMEL
[2026-06-06 15:15:48,159 INFO  L111    AnnotateAndAsserter]: Assert order NOT_INCREMENTALLY issued 1 check-sat command(s) and asserted 9 of 9 statements.
[2026-06-06 15:15:48,159 INFO  L114    AnnotateAndAsserter]: Assert order NOT_INCREMENTALLY issued 1 check-sat command(s)
[2026-06-06 15:15:48,159 INFO  L115    AnnotateAndAsserter]: Conjunction of SSA is unsat
[2026-06-06 15:15:48,165 INFO  L111    AnnotateAndAsserter]: Assert order TERMS_WITH_SMALL_CONSTANTS_FIRST issued 2 check-sat command(s) and asserted 12 of 12 statements.
[2026-06-06 15:15:48,165 INFO  L114    AnnotateAndAsserter]: Assert order TERMS_WITH_SMALL_CONSTANTS_FIRST issued 2 check-sat command(s)
[2026-06-06 15:15:48,165 INFO  L115    AnnotateAndAsserter]: Conjunction of SSA is unsat
[2026-06-06 15:15:48,166 INFO  L111    AnnotateAndAsserter]: Assert order OUTSIDE_LOOP_FIRST1 issued 2 check-sat command(s) and asserted 11 of 11 statements.
[2026-06-06 15:15:48,166 INFO  L114    AnnotateAndAsserter]: Assert order OUTSIDE_LOOP_FIRST1 issued 2 check-sat command(s)
[2026-06-06 15:15:48,166 INFO  L115    AnnotateAndAsserter]: Conjunction of SSA is unsat
[2026-06-06 15:15:48,169 INFO  L111    AnnotateAndAsserter]: Assert order TERMS_WITH_SMALL_CONSTANTS_FIRST issued 2 check-sat command(s) and asserted 13 of 13 statements.
[2026-06-06 15:15:48,169 INFO  L114    AnnotateAndAsserter]: Assert order TERMS_WITH_SMALL_CONSTANTS_FIRST issued 2 check-sat command(s)
[2026-06-06 15:15:48,169 INFO  L115    AnnotateAndAsserter]: Conjunction of SSA is unsat
[2026-06-06 15:15:48,177 INFO  L144   InterpolantAutomaton]: Constructing interpolant automaton starting with 3 interpolants.
[2026-06-06 15:15:48,177 INFO  L146   InterpolantAutomaton]: CoverageRelationStatistics Valid=3, Invalid=3, Unknown=0, NotChecked=0, Total=6
[2026-06-06 15:15:48,177 INFO  L419   CegarNwaWorkerThread]: Difference in Worker for Generalization
[2026-06-06 15:15:48,178 INFO  L87              Difference]: Start difference. First operand  has 5 states, 3 states have (on average 1.6666666666666667) internal successors, (5), 4 states have internal predecessors, (5), 0 states have call successors, (0), 0 states have call predecessors, (0), 0 states have return successors, (0), 0 states have call predecessors, (0), 0 states have call successors, (0) Second operand  has 3 states, 3 states have (on average 1.0) internal successors, (3), 2 states have internal predecessors, (3), 0 states have call successors, (0), 0 states have call predecessors, (0), 0 states have return successors, (0), 0 states have call predecessors, (0), 0 states have call successors, (0)
[2026-06-06 15:15:48,179 INFO  L111    AnnotateAndAsserter]: Assert order NOT_INCREMENTALLY issued 1 check-sat command(s) and asserted 16 of 16 statements.
[2026-06-06 15:15:48,179 INFO  L114    AnnotateAndAsserter]: Assert order NOT_INCREMENTALLY issued 1 check-sat command(s)
[2026-06-06 15:15:48,179 INFO  L115    AnnotateAndAsserter]: Conjunction of SSA is unsat
[2026-06-06 15:15:48,179 INFO  L111    AnnotateAndAsserter]: Assert order INSIDE_LOOP_FIRST1 issued 4 check-sat command(s) and asserted 7 of 14 statements.
[2026-06-06 15:15:48,179 INFO  L114    AnnotateAndAsserter]: Assert order INSIDE_LOOP_FIRST1 issued 4 check-sat command(s)
[2026-06-06 15:15:48,179 INFO  L115    AnnotateAndAsserter]: Conjunction of SSA is unsat
[2026-06-06 15:15:48,183 INFO  L111    AnnotateAndAsserter]: Assert order INSIDE_LOOP_FIRST1 issued 4 check-sat command(s) and asserted 8 of 15 statements.
[2026-06-06 15:15:48,183 INFO  L114    AnnotateAndAsserter]: Assert order INSIDE_LOOP_FIRST1 issued 4 check-sat command(s)
[2026-06-06 15:15:48,183 INFO  L115    AnnotateAndAsserter]: Conjunction of SSA is unsat
[2026-06-06 15:15:48,183 INFO  L111    AnnotateAndAsserter]: Assert order OUTSIDE_LOOP_FIRST1 issued 2 check-sat command(s) and asserted 17 of 17 statements.
[2026-06-06 15:15:48,184 INFO  L114    AnnotateAndAsserter]: Assert order OUTSIDE_LOOP_FIRST1 issued 2 check-sat command(s)
[2026-06-06 15:15:48,184 INFO  L115    AnnotateAndAsserter]: Conjunction of SSA is unsat
[2026-06-06 15:15:48,199 INFO  L144             Difference]: Subtrahend was deterministic. Have not used determinization.
[2026-06-06 15:15:48,199 INFO  L93              Difference]: Finished difference Result 5 states and 5 transitions.
[2026-06-06 15:15:48,200 INFO  L140   InterpolantAutomaton]: Switched to read-only mode: deterministic interpolant automaton has 3 states. 
[2026-06-06 15:15:48,201 INFO  L111    AnnotateAndAsserter]: Assert order OUTSIDE_LOOP_FIRST2 issued 8 check-sat command(s) and asserted 17 of 18 statements.
[2026-06-06 15:15:48,201 INFO  L114    AnnotateAndAsserter]: Assert order OUTSIDE_LOOP_FIRST2 issued 8 check-sat command(s)
[2026-06-06 15:15:48,201 INFO  L115    AnnotateAndAsserter]: Conjunction of SSA is unsat
[2026-06-06 15:15:48,203 INFO  L225             Difference]: With dead ends: 5
[2026-06-06 15:15:48,203 INFO  L226             Difference]: Without dead ends: 5
[2026-06-06 15:15:48,204 INFO  L487   CegarNwaWorkerThread]: 0 DeclaredPredicates, 2 GetRequests, 1 SyntacticMatches, 0 SemanticMatches, 1 ConstructedPredicates, 0 IntricatePredicates, 0 DeprecatedPredicates, 0 ImplicationChecksByTransitivity, 0.0s TimeCoverageRelationStatistics Valid=3, Invalid=3, Unknown=0, NotChecked=0, Total=6
[2026-06-06 15:15:48,207 INFO  L488   CegarNwaWorkerThread]: 3 mSDtfsCounter, 0 mSDsluCounter, 1 mSDsCounter, 0 mSdLazyCounter, 3 mSolverCounterSat, 0 mSolverCounterUnsat, 0 mSolverCounterUnknown, 0 mSolverCounterNotChecked, 0.0s Time, 0 mProtectedPredicate, 0 mProtectedAction, 0 SdHoareTripleChecker+Valid, 4 SdHoareTripleChecker+Invalid, 3 SdHoareTripleChecker+Unknown, 0 SdHoareTripleChecker+Unchecked, 0.0s SdHoareTripleChecker+Time, 0 IncrementalHoareTripleChecker+Valid, 3 IncrementalHoareTripleChecker+Invalid, 0 IncrementalHoareTripleChecker+Unknown, 0 IncrementalHoareTripleChecker+Unchecked, 0.0s IncrementalHoareTripleChecker+Time
[2026-06-06 15:15:48,208 INFO  L489   CegarNwaWorkerThread]: SdHoareTripleChecker [0 Valid, 4 Invalid, 3 Unknown, 0 Unchecked, 0.0s Time], IncrementalHoareTripleChecker [0 Valid, 3 Invalid, 0 Unknown, 0 Unchecked, 0.0s Time]
[2026-06-06 15:15:48,209 INFO  L224   CegarNwaWorkerThread]: Done with Thread: 80#
[2026-06-06 15:15:48,209 INFO  L196   CegarNwaWorkerThread]: WorkerThread: Thread[#80,Worker for 29955,5,main] is Waiting for a Task
[2026-06-06 15:15:48,209 INFO  L657   ParallelNwaCegarLoop]: Waking up, a worker is done.
[2026-06-06 15:15:48,209 INFO  L297   ParallelNwaCegarLoop]: Main: A Thread is Done
[2026-06-06 15:15:48,209 INFO  L315   ParallelNwaCegarLoop]: Worker Automaton Type: FLOYD_HOARE
[2026-06-06 15:15:48,209 INFO  L79                 Accepts]: Start accepts. Automaton has  has 5 states, 3 states have (on average 1.6666666666666667) internal successors, (5), 4 states have internal predecessors, (5), 0 states have call successors, (0), 0 states have call predecessors, (0), 0 states have return successors, (0), 0 states have call predecessors, (0), 0 states have call successors, (0) Word has length 3
[2026-06-06 15:15:48,209 INFO  L85                 Accepts]: Finished accepts. word is accepted.
[2026-06-06 15:15:48,209 INFO  L317   ParallelNwaCegarLoop]: Refining Abstraction
[2026-06-06 15:15:48,209 INFO  L721   ParallelNwaCegarLoop]: Subtrahend traceHash: 29955
[2026-06-06 15:15:48,210 INFO  L687   ParallelNwaCegarLoop]: Difference in Main
[2026-06-06 15:15:48,210 INFO  L87              Difference]: Start difference. First operand  has 5 states, 3 states have (on average 1.6666666666666667) internal successors, (5), 4 states have internal predecessors, (5), 0 states have call successors, (0), 0 states have call predecessors, (0), 0 states have return successors, (0), 0 states have call predecessors, (0), 0 states have call successors, (0) Second operand  has 3 states, 2 states have (on average 3.5) internal successors, (7), 3 states have internal predecessors, (7), 0 states have call successors, (0), 0 states have call predecessors, (0), 0 states have return successors, (0), 0 states have call predecessors, (0), 0 states have call successors, (0)
[2026-06-06 15:15:48,210 INFO  L144             Difference]: Subtrahend was deterministic. Have not used determinization.
[2026-06-06 15:15:48,210 INFO  L93              Difference]: Finished difference Result 5 states and 5 transitions.
[2026-06-06 15:15:48,210 INFO  L225             Difference]: With dead ends: 5
[2026-06-06 15:15:48,210 INFO  L226             Difference]: Without dead ends: 5
[2026-06-06 15:15:48,219 INFO  L82        GeneralOperation]: Start minimizeSevpa. Operand 5 states.
[2026-06-06 15:15:48,225 INFO  L88        GeneralOperation]: Finished minimizeSevpa. Reduced states from 5 to 5.
[2026-06-06 15:15:48,226 INFO  L82        GeneralOperation]: Start removeUnreachable. Operand  has 5 states, 4 states have (on average 1.25) internal successors, (5), 4 states have internal predecessors, (5), 0 states have call successors, (0), 0 states have call predecessors, (0), 0 states have return successors, (0), 0 states have call predecessors, (0), 0 states have call successors, (0)
[2026-06-06 15:15:48,229 INFO  L88        GeneralOperation]: Finished removeUnreachable. Reduced from 5 states to 5 states and 5 transitions.
[2026-06-06 15:15:48,229 INFO  L699   ParallelNwaCegarLoop]: Main: Refinement done.
[2026-06-06 15:15:48,229 INFO  L617   ParallelNwaCegarLoop]: Checking if program is safe
[2026-06-06 15:15:48,229 INFO  L290                IsEmpty]: Start isEmpty. Operand 5 states and 5 transitions.
[2026-06-06 15:15:48,229 INFO  L300                IsEmpty]: Finished isEmpty. Found accepting run of length 5
[2026-06-06 15:15:48,229 INFO  L199           NwaCegarLoop]: Found error trace
[2026-06-06 15:15:48,229 INFO  L207           NwaCegarLoop]: trace histogram [1, 1, 1, 1]
[2026-06-06 15:15:48,230 INFO  L340   ParallelNwaCegarLoop]: No more worker results to process
[2026-06-06 15:15:48,230 INFO  L290                IsEmpty]: Start isEmpty. Operand 5 states and 5 transitions.
[2026-06-06 15:15:48,230 INFO  L300                IsEmpty]: Finished isEmpty. Found accepting run of length 5
[2026-06-06 15:15:48,230 WARN  L753                IsEmpty]: Correctness of emptinessCheck not tested.
[2026-06-06 15:15:48,230 INFO  L79                 Accepts]: Start accepts. Automaton has 5 states and 5 transitions. Word has length 4
[2026-06-06 15:15:48,230 INFO  L85                 Accepts]: Finished accepts. word is accepted.
[2026-06-06 15:15:48,230 INFO  L757                IsEmpty]: Finished testing correctness of emptinessCheck
[2026-06-06 15:15:48,230 INFO  L1057  ParallelNwaCegarLoop]: BFS found an active duplicate counterexample.
[2026-06-06 15:15:48,230 INFO  L290                IsEmpty]: Start isEmptyParallel. Operand 5 states and 5 transitions.
[2026-06-06 15:15:48,230 INFO  L300                IsEmpty]: Finished isEmptyParallel. No accepting run.
[2026-06-06 15:15:48,230 INFO  L156        IsEmptyParallel]: Start isEmptyParallel. Operand 5 states and 5 transitions.
[2026-06-06 15:15:48,231 INFO  L182       IsEmptyHeuristic]: Start isEmptyHeuristic. Operand 5 states and 5 transitions.
[2026-06-06 15:15:48,232 INFO  L188       IsEmptyHeuristic]: Finished isEmptyHeuristic. Found accepting run of length 21
[2026-06-06 15:15:48,232 INFO  L163        IsEmptyParallel]: Finished isEmptyParallel. Found accepting run of length 21
[2026-06-06 15:15:48,232 WARN  L753                IsEmpty]: Correctness of emptinessCheck not tested.
[2026-06-06 15:15:48,232 INFO  L79                 Accepts]: Start accepts. Automaton has 5 states and 5 transitions. Word has length 20
[2026-06-06 15:15:48,233 INFO  L85                 Accepts]: Finished accepts. word is accepted.
[2026-06-06 15:15:48,233 INFO  L757                IsEmpty]: Finished testing correctness of emptinessCheck
[2026-06-06 15:15:48,233 INFO  L1052  ParallelNwaCegarLoop]: Found new Counterexample via IsEmptyParallel PAPER!
[2026-06-06 15:15:48,233 INFO  L86        PathProgramCache]: Analyzing trace with hash -313538196, now seen corresponding path program 16 times
[2026-06-06 15:15:48,233 INFO  L637   ParallelNwaCegarLoop]: Main: Starting Thread
[2026-06-06 15:15:48,233 INFO  L287   ParallelNwaCegarLoop]: === Iteration 3 ===
[2026-06-06 15:15:48,233 INFO  L654   ParallelNwaCegarLoop]: All threads busy, going to sleep.
[2026-06-06 15:15:48,233 INFO  L209   CegarNwaWorkerThread]: Starting Thread: 80# for Trace Check: -313538196
[2026-06-06 15:15:48,233 INFO  L156       PredicateUnifier]: Initialized classic predicate unifier
[2026-06-06 15:15:48,233 INFO  L86        PathProgramCache]: Analyzing trace with hash -313538196, now seen corresponding path program 16 times
[2026-06-06 15:15:48,234 INFO  L118   FreeRefinementEngine]: Executing refinement strategy CAMEL
[2026-06-06 15:15:48,235 INFO  L324   FreeRefinementEngine]: Using trace check IpTcStrategyModuleSmtInterpolCraig [1117566536]
[2026-06-06 15:15:48,235 INFO  L95    rtionOrderModulation]: Changing assertion order to TERMS_WITH_SMALL_CONSTANTS_FIRST
[2026-06-06 15:15:48,235 INFO  L127          SolverBuilder]: Constructing new instance of SMTInterpol with explicit timeout -1 ms and remaining time -1 ms
[2026-06-06 15:15:48,246 INFO  L108    AnnotateAndAsserter]: Assert order TERMS_WITH_SMALL_CONSTANTS_FIRST partitioned 20 statements into 2 equivalence classes.
[2026-06-06 15:15:48,247 INFO  L134       CoverageAnalysis]: Checked inductivity of 1 backedges. 0 proven. 1 refuted. 0 times theorem prover too weak. 0 trivial. 0 not checked.
[2026-06-06 15:15:48,247 INFO  L136   FreeRefinementEngine]: Strategy CAMEL found an infeasible trace
[2026-06-06 15:15:48,247 INFO  L324   FreeRefinementEngine]: Using interpolant generator IpTcStrategyModuleSmtInterpolCraig [939299872]
[2026-06-06 15:15:48,247 INFO  L158   FreeRefinementEngine]: IpTcStrategyModuleSmtInterpolCraig [939299872] provided 0 perfect and 1 imperfect interpolant sequences
[2026-06-06 15:15:48,247 INFO  L324   FreeRefinementEngine]: Using interpolant generator IpTcStrategyModuleZ3 [1644123501]
[2026-06-06 15:15:48,247 INFO  L95    rtionOrderModulation]: Changing assertion order to OUTSIDE_LOOP_FIRST1
[2026-06-06 15:15:48,247 INFO  L173          SolverBuilder]: Constructing external solver with command: z3 -smt2 -in SMTLIB2_COMPLIANT=true
[2026-06-06 15:15:48,250 INFO  L189       MonitoredProcess]: No working directory specified, using /usr/bin/z3
[2026-06-06 15:15:48,252 INFO  L229       MonitoredProcess]: Starting monitored process 18 with /usr/bin/z3 -smt2 -in SMTLIB2_COMPLIANT=true (exit command is (exit), workingDir is null)
[2026-06-06 15:15:48,253 INFO  L327       MonitoredProcess]: [MP /usr/bin/z3 -smt2 -in SMTLIB2_COMPLIANT=true (18)] Waiting until timeout for monitored process
[2026-06-06 15:15:48,266 INFO  L111    AnnotateAndAsserter]: Assert order TERMS_WITH_SMALL_CONSTANTS_FIRST issued 2 check-sat command(s) and asserted 20 of 20 statements.
[2026-06-06 15:15:48,266 INFO  L114    AnnotateAndAsserter]: Assert order TERMS_WITH_SMALL_CONSTANTS_FIRST issued 2 check-sat command(s)
[2026-06-06 15:15:48,266 INFO  L115    AnnotateAndAsserter]: Conjunction of SSA is unsat
[2026-06-06 15:15:48,270 INFO  L134       CoverageAnalysis]: Checked inductivity of 6 backedges. 0 proven. 6 refuted. 0 times theorem prover too weak. 0 trivial. 0 not checked.
[2026-06-06 15:15:48,270 INFO  L136   FreeRefinementEngine]: Strategy CAMEL found an infeasible trace
[2026-06-06 15:15:48,270 INFO  L324   FreeRefinementEngine]: Using interpolant generator IpTcStrategyModuleSmtInterpolCraig [1853740256]
[2026-06-06 15:15:48,270 INFO  L158   FreeRefinementEngine]: IpTcStrategyModuleSmtInterpolCraig [1853740256] provided 0 perfect and 1 imperfect interpolant sequences
[2026-06-06 15:15:48,270 INFO  L324   FreeRefinementEngine]: Using interpolant generator IpTcStrategyModuleZ3 [1335061843]
[2026-06-06 15:15:48,270 INFO  L95    rtionOrderModulation]: Changing assertion order to OUTSIDE_LOOP_FIRST2
[2026-06-06 15:15:48,270 INFO  L173          SolverBuilder]: Constructing external solver with command: z3 -smt2 -in SMTLIB2_COMPLIANT=true
[2026-06-06 15:15:48,270 INFO  L108    AnnotateAndAsserter]: Assert order OUTSIDE_LOOP_FIRST1 partitioned 4 statements into 2 equivalence classes.
[2026-06-06 15:15:48,270 INFO  L134       CoverageAnalysis]: Checked inductivity of 3 backedges. 0 proven. 3 refuted. 0 times theorem prover too weak. 0 trivial. 0 not checked.
[2026-06-06 15:15:48,270 INFO  L136   FreeRefinementEngine]: Strategy CAMEL found an infeasible trace
[2026-06-06 15:15:48,270 INFO  L324   FreeRefinementEngine]: Using interpolant generator IpTcStrategyModuleSmtInterpolCraig [2031980531]
[2026-06-06 15:15:48,270 INFO  L158   FreeRefinementEngine]: IpTcStrategyModuleSmtInterpolCraig [2031980531] provided 0 perfect and 1 imperfect interpolant sequences
[2026-06-06 15:15:48,270 INFO  L324   FreeRefinementEngine]: Using interpolant generator IpTcStrategyModuleZ3 [2086506005]
[2026-06-06 15:15:48,270 INFO  L95    rtionOrderModulation]: Changing assertion order to OUTSIDE_LOOP_FIRST1
[2026-06-06 15:15:48,271 INFO  L173          SolverBuilder]: Constructing external solver with command: z3 -smt2 -in SMTLIB2_COMPLIANT=true
[2026-06-06 15:15:48,272 INFO  L189       MonitoredProcess]: No working directory specified, using /usr/bin/z3
[2026-06-06 15:15:48,273 INFO  L189       MonitoredProcess]: No working directory specified, using /usr/bin/z3
[2026-06-06 15:15:48,275 INFO  L229       MonitoredProcess]: Starting monitored process 19 with /usr/bin/z3 -smt2 -in SMTLIB2_COMPLIANT=true (exit command is (exit), workingDir is null)
[2026-06-06 15:15:48,275 INFO  L111    AnnotateAndAsserter]: Assert order OUTSIDE_LOOP_FIRST1 issued 2 check-sat command(s) and asserted 4 of 4 statements.
[2026-06-06 15:15:48,275 INFO  L114    AnnotateAndAsserter]: Assert order OUTSIDE_LOOP_FIRST1 issued 2 check-sat command(s)
[2026-06-06 15:15:48,275 INFO  L115    AnnotateAndAsserter]: Conjunction of SSA is unsat
[2026-06-06 15:15:48,275 INFO  L327       MonitoredProcess]: [MP /usr/bin/z3 -smt2 -in SMTLIB2_COMPLIANT=true (19)] Waiting until timeout for monitored process
[2026-06-06 15:15:48,276 INFO  L256         TraceCheckSpWp]: Trace formula consists of 17 conjuncts, 5 conjuncts are in the unsatisfiable core
[2026-06-06 15:15:48,276 INFO  L229       MonitoredProcess]: Starting monitored process 20 with /usr/bin/z3 -smt2 -in SMTLIB2_COMPLIANT=true (exit command is (exit), workingDir is null)
[2026-06-06 15:15:48,277 INFO  L327       MonitoredProcess]: [MP /usr/bin/z3 -smt2 -in SMTLIB2_COMPLIANT=true (20)] Waiting until timeout for monitored process
[2026-06-06 15:15:48,278 INFO  L279         TraceCheckSpWp]: Computing forward predicates...
[2026-06-06 15:15:48,295 INFO  L108    AnnotateAndAsserter]: Assert order OUTSIDE_LOOP_FIRST1 partitioned 5 statements into 2 equivalence classes.
[2026-06-06 15:15:48,295 INFO  L108    AnnotateAndAsserter]: Assert order OUTSIDE_LOOP_FIRST2 partitioned 6 statements into 3 equivalence classes.
[2026-06-06 15:15:48,299 INFO  L134       CoverageAnalysis]: Checked inductivity of 10 backedges. 0 proven. 10 refuted. 0 times theorem prover too weak. 0 trivial. 0 not checked.
[2026-06-06 15:15:48,299 INFO  L136   FreeRefinementEngine]: Strategy CAMEL found an infeasible trace
[2026-06-06 15:15:48,299 INFO  L324   FreeRefinementEngine]: Using interpolant generator IpTcStrategyModuleSmtInterpolCraig [1677496913]
[2026-06-06 15:15:48,299 INFO  L158   FreeRefinementEngine]: IpTcStrategyModuleSmtInterpolCraig [1677496913] provided 0 perfect and 1 imperfect interpolant sequences
[2026-06-06 15:15:48,299 INFO  L324   FreeRefinementEngine]: Using interpolant generator IpTcStrategyModuleZ3 [633503095]
[2026-06-06 15:15:48,299 INFO  L95    rtionOrderModulation]: Changing assertion order to TERMS_WITH_SMALL_CONSTANTS_FIRST
[2026-06-06 15:15:48,299 INFO  L173          SolverBuilder]: Constructing external solver with command: z3 -smt2 -in SMTLIB2_COMPLIANT=true
[2026-06-06 15:15:48,300 INFO  L111    AnnotateAndAsserter]: Assert order OUTSIDE_LOOP_FIRST1 issued 2 check-sat command(s) and asserted 5 of 5 statements.
[2026-06-06 15:15:48,300 INFO  L114    AnnotateAndAsserter]: Assert order OUTSIDE_LOOP_FIRST1 issued 2 check-sat command(s)
[2026-06-06 15:15:48,300 INFO  L115    AnnotateAndAsserter]: Conjunction of SSA is unsat
[2026-06-06 15:15:48,301 INFO  L256         TraceCheckSpWp]: Trace formula consists of 22 conjuncts, 7 conjuncts are in the unsatisfiable core
[2026-06-06 15:15:48,302 INFO  L189       MonitoredProcess]: No working directory specified, using /usr/bin/z3
[2026-06-06 15:15:48,302 INFO  L279         TraceCheckSpWp]: Computing forward predicates...
[2026-06-06 15:15:48,303 INFO  L134       CoverageAnalysis]: Checked inductivity of 1 backedges. 0 proven. 1 refuted. 0 times theorem prover too weak. 0 trivial. 0 not checked.
[2026-06-06 15:15:48,303 INFO  L312         TraceCheckSpWp]: Computing backward predicates...
[2026-06-06 15:15:48,303 INFO  L229       MonitoredProcess]: Starting monitored process 21 with /usr/bin/z3 -smt2 -in SMTLIB2_COMPLIANT=true (exit command is (exit), workingDir is null)
[2026-06-06 15:15:48,305 INFO  L327       MonitoredProcess]: [MP /usr/bin/z3 -smt2 -in SMTLIB2_COMPLIANT=true (21)] Waiting until timeout for monitored process
[2026-06-06 15:15:48,307 INFO  L111    AnnotateAndAsserter]: Assert order OUTSIDE_LOOP_FIRST2 issued 3 check-sat command(s) and asserted 6 of 6 statements.
[2026-06-06 15:15:48,307 INFO  L114    AnnotateAndAsserter]: Assert order OUTSIDE_LOOP_FIRST2 issued 3 check-sat command(s)
[2026-06-06 15:15:48,307 INFO  L115    AnnotateAndAsserter]: Conjunction of SSA is unsat
[2026-06-06 15:15:48,307 INFO  L256         TraceCheckSpWp]: Trace formula consists of 27 conjuncts, 9 conjuncts are in the unsatisfiable core
[2026-06-06 15:15:48,308 INFO  L279         TraceCheckSpWp]: Computing forward predicates...
[2026-06-06 15:15:48,316 INFO  L134       CoverageAnalysis]: Checked inductivity of 3 backedges. 0 proven. 3 refuted. 0 times theorem prover too weak. 0 trivial. 0 not checked.
[2026-06-06 15:15:48,316 INFO  L312         TraceCheckSpWp]: Computing backward predicates...
[2026-06-06 15:15:48,318 INFO  L134       CoverageAnalysis]: Checked inductivity of 15 backedges. 0 proven. 15 refuted. 0 times theorem prover too weak. 0 trivial. 0 not checked.
[2026-06-06 15:15:48,318 INFO  L136   FreeRefinementEngine]: Strategy CAMEL found an infeasible trace
[2026-06-06 15:15:48,318 INFO  L324   FreeRefinementEngine]: Using interpolant generator IpTcStrategyModuleSmtInterpolCraig [961702893]
[2026-06-06 15:15:48,318 INFO  L158   FreeRefinementEngine]: IpTcStrategyModuleSmtInterpolCraig [961702893] provided 0 perfect and 1 imperfect interpolant sequences
[2026-06-06 15:15:48,318 INFO  L324   FreeRefinementEngine]: Using interpolant generator IpTcStrategyModuleZ3 [2135229554]
[2026-06-06 15:15:48,318 INFO  L95    rtionOrderModulation]: Changing assertion order to INSIDE_LOOP_FIRST1
[2026-06-06 15:15:48,318 INFO  L173          SolverBuilder]: Constructing external solver with command: z3 -smt2 -in SMTLIB2_COMPLIANT=true
[2026-06-06 15:15:48,322 INFO  L189       MonitoredProcess]: No working directory specified, using /usr/bin/z3
[2026-06-06 15:15:48,324 INFO  L108    AnnotateAndAsserter]: Assert order TERMS_WITH_SMALL_CONSTANTS_FIRST partitioned 7 statements into 2 equivalence classes.
[2026-06-06 15:15:48,324 INFO  L229       MonitoredProcess]: Starting monitored process 22 with /usr/bin/z3 -smt2 -in SMTLIB2_COMPLIANT=true (exit command is (exit), workingDir is null)
[2026-06-06 15:15:48,325 INFO  L327       MonitoredProcess]: [MP /usr/bin/z3 -smt2 -in SMTLIB2_COMPLIANT=true (22)] Waiting until timeout for monitored process
[2026-06-06 15:15:48,329 INFO  L134       CoverageAnalysis]: Checked inductivity of 6 backedges. 0 proven. 6 refuted. 0 times theorem prover too weak. 0 trivial. 0 not checked.
[2026-06-06 15:15:48,329 INFO  L312         TraceCheckSpWp]: Computing backward predicates...
[2026-06-06 15:15:48,331 INFO  L111    AnnotateAndAsserter]: Assert order TERMS_WITH_SMALL_CONSTANTS_FIRST issued 2 check-sat command(s) and asserted 7 of 7 statements.
[2026-06-06 15:15:48,331 INFO  L114    AnnotateAndAsserter]: Assert order TERMS_WITH_SMALL_CONSTANTS_FIRST issued 2 check-sat command(s)
[2026-06-06 15:15:48,331 INFO  L115    AnnotateAndAsserter]: Conjunction of SSA is unsat
[2026-06-06 15:15:48,332 INFO  L256         TraceCheckSpWp]: Trace formula consists of 32 conjuncts, 11 conjuncts are in the unsatisfiable core
[2026-06-06 15:15:48,332 INFO  L134       CoverageAnalysis]: Checked inductivity of 28 backedges. 7 proven. 21 refuted. 0 times theorem prover too weak. 0 trivial. 0 not checked.
[2026-06-06 15:15:48,332 INFO  L136   FreeRefinementEngine]: Strategy CAMEL found an infeasible trace
[2026-06-06 15:15:48,332 INFO  L324   FreeRefinementEngine]: Using interpolant generator IpTcStrategyModuleSmtInterpolCraig [1493512962]
[2026-06-06 15:15:48,332 INFO  L158   FreeRefinementEngine]: IpTcStrategyModuleSmtInterpolCraig [1493512962] provided 0 perfect and 1 imperfect interpolant sequences
[2026-06-06 15:15:48,332 INFO  L324   FreeRefinementEngine]: Using interpolant generator IpTcStrategyModuleZ3 [1196607929]
[2026-06-06 15:15:48,332 INFO  L95    rtionOrderModulation]: Changing assertion order to NOT_INCREMENTALLY
[2026-06-06 15:15:48,332 INFO  L173          SolverBuilder]: Constructing external solver with command: z3 -smt2 -in SMTLIB2_COMPLIANT=true
[2026-06-06 15:15:48,333 INFO  L279         TraceCheckSpWp]: Computing forward predicates...
[2026-06-06 15:15:48,334 INFO  L189       MonitoredProcess]: No working directory specified, using /usr/bin/z3
[2026-06-06 15:15:48,336 INFO  L134       CoverageAnalysis]: Checked inductivity of 1 backedges. 0 proven. 1 refuted. 0 times theorem prover too weak. 0 trivial. 0 not checked.
[2026-06-06 15:15:48,336 INFO  L229       MonitoredProcess]: Starting monitored process 23 with /usr/bin/z3 -smt2 -in SMTLIB2_COMPLIANT=true (exit command is (exit), workingDir is null)
[2026-06-06 15:15:48,336 INFO  L158   FreeRefinementEngine]: IpTcStrategyModuleZ3 [1644123501] provided 0 perfect and 2 imperfect interpolant sequences
[2026-06-06 15:15:48,336 INFO  L185   FreeRefinementEngine]: Found 0 perfect and 3 imperfect interpolant sequences.
[2026-06-06 15:15:48,336 INFO  L198   FreeRefinementEngine]: Number of different interpolants: perfect sequences [] imperfect sequences [3, 3, 3] total 6
[2026-06-06 15:15:48,337 INFO  L122   tionRefinementEngine]: Using interpolant automaton builder IpAbStrategyModuleStraightlineAll [1069443567]
[2026-06-06 15:15:48,337 INFO  L85    oduleStraightlineAll]: Using 3 imperfect interpolants to construct interpolant automaton
[2026-06-06 15:15:48,337 INFO  L100   FreeRefinementEngine]: Using predicate unifier PredicateUnifier provided by strategy CAMEL
[2026-06-06 15:15:48,337 INFO  L144   InterpolantAutomaton]: Constructing interpolant automaton starting with 7 interpolants.
[2026-06-06 15:15:48,337 INFO  L327       MonitoredProcess]: [MP /usr/bin/z3 -smt2 -in SMTLIB2_COMPLIANT=true (23)] Waiting until timeout for monitored process
[2026-06-06 15:15:48,337 INFO  L146   InterpolantAutomaton]: CoverageRelationStatistics Valid=19, Invalid=23, Unknown=0, NotChecked=0, Total=42
[2026-06-06 15:15:48,338 INFO  L419   CegarNwaWorkerThread]: Difference in Worker for Generalization
[2026-06-06 15:15:48,338 INFO  L87              Difference]: Start difference. First operand  has 5 states, 3 states have (on average 1.6666666666666667) internal successors, (5), 4 states have internal predecessors, (5), 0 states have call successors, (0), 0 states have call predecessors, (0), 0 states have return successors, (0), 0 states have call predecessors, (0), 0 states have call successors, (0) Second operand  has 7 states, 7 states have (on average 1.2857142857142858) internal successors, (9), 6 states have internal predecessors, (9), 0 states have call successors, (0), 0 states have call predecessors, (0), 0 states have return successors, (0), 0 states have call predecessors, (0), 0 states have call successors, (0)
[2026-06-06 15:15:48,340 INFO  L134       CoverageAnalysis]: Checked inductivity of 45 backedges. 21 proven. 21 refuted. 0 times theorem prover too weak. 3 trivial. 0 not checked.
[2026-06-06 15:15:48,341 INFO  L136   FreeRefinementEngine]: Strategy CAMEL found an infeasible trace
[2026-06-06 15:15:48,341 INFO  L324   FreeRefinementEngine]: Using interpolant generator IpTcStrategyModuleSmtInterpolCraig [1726828125]
[2026-06-06 15:15:48,341 INFO  L158   FreeRefinementEngine]: IpTcStrategyModuleSmtInterpolCraig [1726828125] provided 0 perfect and 1 imperfect interpolant sequences
[2026-06-06 15:15:48,341 INFO  L324   FreeRefinementEngine]: Using interpolant generator IpTcStrategyModuleZ3 [1529380221]
[2026-06-06 15:15:48,341 INFO  L95    rtionOrderModulation]: Changing assertion order to TERMS_WITH_SMALL_CONSTANTS_FIRST
[2026-06-06 15:15:48,341 INFO  L173          SolverBuilder]: Constructing external solver with command: z3 -smt2 -in SMTLIB2_COMPLIANT=true
[2026-06-06 15:15:48,344 INFO  L189       MonitoredProcess]: No working directory specified, using /usr/bin/z3
[2026-06-06 15:15:48,345 INFO  L108    AnnotateAndAsserter]: Assert order INSIDE_LOOP_FIRST1 partitioned 8 statements into 4 equivalence classes.
[2026-06-06 15:15:48,346 INFO  L229       MonitoredProcess]: Starting monitored process 24 with /usr/bin/z3 -smt2 -in SMTLIB2_COMPLIANT=true (exit command is (exit), workingDir is null)
[2026-06-06 15:15:48,349 INFO  L327       MonitoredProcess]: [MP /usr/bin/z3 -smt2 -in SMTLIB2_COMPLIANT=true (24)] Waiting until timeout for monitored process
[2026-06-06 15:15:48,351 INFO  L134       CoverageAnalysis]: Checked inductivity of 55 backedges. 28 proven. 21 refuted. 0 times theorem prover too weak. 6 trivial. 0 not checked.
[2026-06-06 15:15:48,351 INFO  L136   FreeRefinementEngine]: Strategy CAMEL found an infeasible trace
[2026-06-06 15:15:48,351 INFO  L324   FreeRefinementEngine]: Using interpolant generator IpTcStrategyModuleSmtInterpolCraig [272178824]
[2026-06-06 15:15:48,351 INFO  L158   FreeRefinementEngine]: IpTcStrategyModuleSmtInterpolCraig [272178824] provided 0 perfect and 1 imperfect interpolant sequences
[2026-06-06 15:15:48,351 INFO  L324   FreeRefinementEngine]: Using interpolant generator IpTcStrategyModuleZ3 [1245164904]
[2026-06-06 15:15:48,351 INFO  L95    rtionOrderModulation]: Changing assertion order to TERMS_WITH_SMALL_CONSTANTS_FIRST
[2026-06-06 15:15:48,351 INFO  L173          SolverBuilder]: Constructing external solver with command: z3 -smt2 -in SMTLIB2_COMPLIANT=true
[2026-06-06 15:15:48,352 INFO  L108    AnnotateAndAsserter]: Assert order NOT_INCREMENTALLY partitioned 10 statements into 1 equivalence classes.
[2026-06-06 15:15:48,353 INFO  L134       CoverageAnalysis]: Checked inductivity of 36 backedges. 14 proven. 21 refuted. 0 times theorem prover too weak. 1 trivial. 0 not checked.
[2026-06-06 15:15:48,353 INFO  L136   FreeRefinementEngine]: Strategy CAMEL found an infeasible trace
[2026-06-06 15:15:48,353 INFO  L324   FreeRefinementEngine]: Using interpolant generator IpTcStrategyModuleSmtInterpolCraig [1926967876]
[2026-06-06 15:15:48,353 INFO  L158   FreeRefinementEngine]: IpTcStrategyModuleSmtInterpolCraig [1926967876] provided 0 perfect and 1 imperfect interpolant sequences
[2026-06-06 15:15:48,353 INFO  L324   FreeRefinementEngine]: Using interpolant generator IpTcStrategyModuleZ3 [414518760]
[2026-06-06 15:15:48,353 INFO  L95    rtionOrderModulation]: Changing assertion order to OUTSIDE_LOOP_FIRST1
[2026-06-06 15:15:48,353 INFO  L173          SolverBuilder]: Constructing external solver with command: z3 -smt2 -in SMTLIB2_COMPLIANT=true
[2026-06-06 15:15:48,354 INFO  L189       MonitoredProcess]: No working directory specified, using /usr/bin/z3
[2026-06-06 15:15:48,354 INFO  L111    AnnotateAndAsserter]: Assert order INSIDE_LOOP_FIRST1 issued 4 check-sat command(s) and asserted 8 of 8 statements.
[2026-06-06 15:15:48,354 INFO  L114    AnnotateAndAsserter]: Assert order INSIDE_LOOP_FIRST1 issued 4 check-sat command(s)
[2026-06-06 15:15:48,355 INFO  L115    AnnotateAndAsserter]: Conjunction of SSA is unsat
[2026-06-06 15:15:48,355 INFO  L256         TraceCheckSpWp]: Trace formula consists of 37 conjuncts, 13 conjuncts are in the unsatisfiable core
[2026-06-06 15:15:48,355 INFO  L134       CoverageAnalysis]: Checked inductivity of 10 backedges. 0 proven. 10 refuted. 0 times theorem prover too weak. 0 trivial. 0 not checked.
[2026-06-06 15:15:48,355 INFO  L312         TraceCheckSpWp]: Computing backward predicates...
[2026-06-06 15:15:48,355 INFO  L189       MonitoredProcess]: No working directory specified, using /usr/bin/z3
[2026-06-06 15:15:48,356 INFO  L279         TraceCheckSpWp]: Computing forward predicates...
[2026-06-06 15:15:48,356 INFO  L229       MonitoredProcess]: Starting monitored process 25 with /usr/bin/z3 -smt2 -in SMTLIB2_COMPLIANT=true (exit command is (exit), workingDir is null)
[2026-06-06 15:15:48,357 INFO  L327       MonitoredProcess]: [MP /usr/bin/z3 -smt2 -in SMTLIB2_COMPLIANT=true (25)] Waiting until timeout for monitored process
[2026-06-06 15:15:48,358 INFO  L229       MonitoredProcess]: Starting monitored process 26 with /usr/bin/z3 -smt2 -in SMTLIB2_COMPLIANT=true (exit command is (exit), workingDir is null)
[2026-06-06 15:15:48,359 INFO  L111    AnnotateAndAsserter]: Assert order NOT_INCREMENTALLY issued 1 check-sat command(s) and asserted 10 of 10 statements.
[2026-06-06 15:15:48,359 INFO  L114    AnnotateAndAsserter]: Assert order NOT_INCREMENTALLY issued 1 check-sat command(s)
[2026-06-06 15:15:48,359 INFO  L115    AnnotateAndAsserter]: Conjunction of SSA is unsat
[2026-06-06 15:15:48,360 INFO  L256         TraceCheckSpWp]: Trace formula consists of 47 conjuncts, 15 conjuncts are in the unsatisfiable core
[2026-06-06 15:15:48,360 INFO  L327       MonitoredProcess]: [MP /usr/bin/z3 -smt2 -in SMTLIB2_COMPLIANT=true (26)] Waiting until timeout for monitored process
[2026-06-06 15:15:48,360 INFO  L279         TraceCheckSpWp]: Computing forward predicates...
[2026-06-06 15:15:48,364 INFO  L134       CoverageAnalysis]: Checked inductivity of 3 backedges. 0 proven. 3 refuted. 0 times theorem prover too weak. 0 trivial. 0 not checked.
[2026-06-06 15:15:48,364 INFO  L158   FreeRefinementEngine]: IpTcStrategyModuleZ3 [2086506005] provided 0 perfect and 2 imperfect interpolant sequences
[2026-06-06 15:15:48,364 INFO  L185   FreeRefinementEngine]: Found 0 perfect and 3 imperfect interpolant sequences.
[2026-06-06 15:15:48,364 INFO  L198   FreeRefinementEngine]: Number of different interpolants: perfect sequences [] imperfect sequences [4, 4, 4] total 8
[2026-06-06 15:15:48,364 INFO  L122   tionRefinementEngine]: Using interpolant automaton builder IpAbStrategyModuleStraightlineAll [1329608196]
[2026-06-06 15:15:48,364 INFO  L85    oduleStraightlineAll]: Using 3 imperfect interpolants to construct interpolant automaton
[2026-06-06 15:15:48,364 INFO  L100   FreeRefinementEngine]: Using predicate unifier PredicateUnifier provided by strategy CAMEL
[2026-06-06 15:15:48,365 INFO  L144   InterpolantAutomaton]: Constructing interpolant automaton starting with 9 interpolants.
[2026-06-06 15:15:48,365 INFO  L146   InterpolantAutomaton]: CoverageRelationStatistics Valid=30, Invalid=42, Unknown=0, NotChecked=0, Total=72
[2026-06-06 15:15:48,365 INFO  L419   CegarNwaWorkerThread]: Difference in Worker for Generalization
[2026-06-06 15:15:48,365 INFO  L87              Difference]: Start difference. First operand  has 5 states, 3 states have (on average 1.6666666666666667) internal successors, (5), 4 states have internal predecessors, (5), 0 states have call successors, (0), 0 states have call predecessors, (0), 0 states have return successors, (0), 0 states have call predecessors, (0), 0 states have call successors, (0) Second operand  has 9 states, 9 states have (on average 1.2222222222222223) internal successors, (11), 8 states have internal predecessors, (11), 0 states have call successors, (0), 0 states have call predecessors, (0), 0 states have return successors, (0), 0 states have call predecessors, (0), 0 states have call successors, (0)
[2026-06-06 15:15:48,365 INFO  L108    AnnotateAndAsserter]: Assert order TERMS_WITH_SMALL_CONSTANTS_FIRST partitioned 12 statements into 2 equivalence classes.
[2026-06-06 15:15:48,367 INFO  L144             Difference]: Subtrahend was deterministic. Have not used determinization.
[2026-06-06 15:15:48,368 INFO  L93              Difference]: Finished difference Result 8 states and 8 transitions.
[2026-06-06 15:15:48,368 INFO  L140   InterpolantAutomaton]: Switched to read-only mode: deterministic interpolant automaton has 6 states. 
[2026-06-06 15:15:48,368 INFO  L225             Difference]: With dead ends: 8
[2026-06-06 15:15:48,368 INFO  L226             Difference]: Without dead ends: 8
[2026-06-06 15:15:48,368 INFO  L487   CegarNwaWorkerThread]: 0 DeclaredPredicates, 10 GetRequests, 4 SyntacticMatches, 0 SemanticMatches, 6 ConstructedPredicates, 0 IntricatePredicates, 0 DeprecatedPredicates, 7 ImplicationChecksByTransitivity, 0.0s TimeCoverageRelationStatistics Valid=26, Invalid=30, Unknown=0, NotChecked=0, Total=56
[2026-06-06 15:15:48,369 INFO  L488   CegarNwaWorkerThread]: 3 mSDtfsCounter, 0 mSDsluCounter, 3 mSDsCounter, 0 mSdLazyCounter, 11 mSolverCounterSat, 1 mSolverCounterUnsat, 0 mSolverCounterUnknown, 0 mSolverCounterNotChecked, 0.0s Time, 0 mProtectedPredicate, 0 mProtectedAction, 0 SdHoareTripleChecker+Valid, 6 SdHoareTripleChecker+Invalid, 12 SdHoareTripleChecker+Unknown, 0 SdHoareTripleChecker+Unchecked, 0.0s SdHoareTripleChecker+Time, 1 IncrementalHoareTripleChecker+Valid, 11 IncrementalHoareTripleChecker+Invalid, 0 IncrementalHoareTripleChecker+Unknown, 0 IncrementalHoareTripleChecker+Unchecked, 0.0s IncrementalHoareTripleChecker+Time
[2026-06-06 15:15:48,370 INFO  L489   CegarNwaWorkerThread]: SdHoareTripleChecker [0 Valid, 6 Invalid, 12 Unknown, 0 Unchecked, 0.0s Time], IncrementalHoareTripleChecker [1 Valid, 11 Invalid, 0 Unknown, 0 Unchecked, 0.0s Time]
[2026-06-06 15:15:48,370 INFO  L224   CegarNwaWorkerThread]: Done with Thread: 89#
[2026-06-06 15:15:48,370 INFO  L196   CegarNwaWorkerThread]: WorkerThread: Thread[#89,Worker for 930412,5,main] is Waiting for a Task
[2026-06-06 15:15:48,370 INFO  L657   ParallelNwaCegarLoop]: Waking up, a worker is done.
[2026-06-06 15:15:48,370 INFO  L297   ParallelNwaCegarLoop]: Main: A Thread is Done
[2026-06-06 15:15:48,370 INFO  L315   ParallelNwaCegarLoop]: Worker Automaton Type: FLOYD_HOARE
[2026-06-06 15:15:48,370 INFO  L79                 Accepts]: Start accepts. Automaton has 5 states and 5 transitions. Word has length 4
[2026-06-06 15:15:48,370 INFO  L85                 Accepts]: Finished accepts. word is accepted.
[2026-06-06 15:15:48,370 INFO  L317   ParallelNwaCegarLoop]: Refining Abstraction
[2026-06-06 15:15:48,370 INFO  L721   ParallelNwaCegarLoop]: Subtrahend traceHash: 930412
[2026-06-06 15:15:48,370 INFO  L687   ParallelNwaCegarLoop]: Difference in Main
[2026-06-06 15:15:48,370 INFO  L87              Difference]: Start difference. First operand 5 states and 5 transitions. Second operand  has 6 states, 5 states have (on average 2.6) internal successors, (13), 6 states have internal predecessors, (13), 0 states have call successors, (0), 0 states have call predecessors, (0), 0 states have return successors, (0), 0 states have call predecessors, (0), 0 states have call successors, (0)
[2026-06-06 15:15:48,371 INFO  L144             Difference]: Subtrahend was deterministic. Have not used determinization.
[2026-06-06 15:15:48,371 INFO  L93              Difference]: Finished difference Result 8 states and 8 transitions.
[2026-06-06 15:15:48,371 INFO  L225             Difference]: With dead ends: 8
[2026-06-06 15:15:48,371 INFO  L226             Difference]: Without dead ends: 8
[2026-06-06 15:15:48,371 INFO  L82        GeneralOperation]: Start minimizeSevpa. Operand 8 states.
[2026-06-06 15:15:48,371 INFO  L88        GeneralOperation]: Finished minimizeSevpa. Reduced states from 8 to 8.
[2026-06-06 15:15:48,371 INFO  L82        GeneralOperation]: Start removeUnreachable. Operand  has 8 states, 7 states have (on average 1.1428571428571428) internal successors, (8), 7 states have internal predecessors, (8), 0 states have call successors, (0), 0 states have call predecessors, (0), 0 states have return successors, (0), 0 states have call predecessors, (0), 0 states have call successors, (0)
[2026-06-06 15:15:48,371 INFO  L88        GeneralOperation]: Finished removeUnreachable. Reduced from 8 states to 8 states and 8 transitions.
[2026-06-06 15:15:48,372 INFO  L699   ParallelNwaCegarLoop]: Main: Refinement done.
[2026-06-06 15:15:48,372 INFO  L617   ParallelNwaCegarLoop]: Checking if program is safe
[2026-06-06 15:15:48,372 INFO  L290                IsEmpty]: Start isEmpty. Operand 8 states and 8 transitions.
[2026-06-06 15:15:48,372 INFO  L300                IsEmpty]: Finished isEmpty. Found accepting run of length 8
[2026-06-06 15:15:48,372 INFO  L199           NwaCegarLoop]: Found error trace
[2026-06-06 15:15:48,372 INFO  L207           NwaCegarLoop]: trace histogram [4, 1, 1, 1]
[2026-06-06 15:15:48,372 INFO  L340   ParallelNwaCegarLoop]: No more worker results to process
[2026-06-06 15:15:48,372 INFO  L290                IsEmpty]: Start isEmpty. Operand 8 states and 8 transitions.
[2026-06-06 15:15:48,372 INFO  L300                IsEmpty]: Finished isEmpty. Found accepting run of length 8
[2026-06-06 15:15:48,372 WARN  L753                IsEmpty]: Correctness of emptinessCheck not tested.
[2026-06-06 15:15:48,372 INFO  L79                 Accepts]: Start accepts. Automaton has 8 states and 8 transitions. Word has length 7
[2026-06-06 15:15:48,372 INFO  L85                 Accepts]: Finished accepts. word is accepted.
[2026-06-06 15:15:48,372 INFO  L757                IsEmpty]: Finished testing correctness of emptinessCheck
[2026-06-06 15:15:48,372 INFO  L1057  ParallelNwaCegarLoop]: BFS found an active duplicate counterexample.
[2026-06-06 15:15:48,372 INFO  L290                IsEmpty]: Start isEmptyParallel. Operand 8 states and 8 transitions.
[2026-06-06 15:15:48,372 INFO  L300                IsEmpty]: Finished isEmptyParallel. No accepting run.
[2026-06-06 15:15:48,372 INFO  L156        IsEmptyParallel]: Start isEmptyParallel. Operand 8 states and 8 transitions.
[2026-06-06 15:15:48,372 INFO  L182       IsEmptyHeuristic]: Start isEmptyHeuristic. Operand 8 states and 8 transitions.
[2026-06-06 15:15:48,373 INFO  L188       IsEmptyHeuristic]: Finished isEmptyHeuristic. Found accepting run of length 20
[2026-06-06 15:15:48,373 INFO  L163        IsEmptyParallel]: Finished isEmptyParallel. Found accepting run of length 20
[2026-06-06 15:15:48,373 WARN  L753                IsEmpty]: Correctness of emptinessCheck not tested.
[2026-06-06 15:15:48,373 INFO  L79                 Accepts]: Start accepts. Automaton has 8 states and 8 transitions. Word has length 19
[2026-06-06 15:15:48,373 INFO  L85                 Accepts]: Finished accepts. word is accepted.
[2026-06-06 15:15:48,373 INFO  L757                IsEmpty]: Finished testing correctness of emptinessCheck
[2026-06-06 15:15:48,373 INFO  L1052  ParallelNwaCegarLoop]: Found new Counterexample via IsEmptyParallel PAPER!
[2026-06-06 15:15:48,373 INFO  L86        PathProgramCache]: Analyzing trace with hash 682622467, now seen corresponding path program 17 times
[2026-06-06 15:15:48,373 INFO  L637   ParallelNwaCegarLoop]: Main: Starting Thread
[2026-06-06 15:15:48,373 INFO  L287   ParallelNwaCegarLoop]: === Iteration 4 ===
[2026-06-06 15:15:48,373 INFO  L654   ParallelNwaCegarLoop]: All threads busy, going to sleep.
[2026-06-06 15:15:48,373 INFO  L111    AnnotateAndAsserter]: Assert order TERMS_WITH_SMALL_CONSTANTS_FIRST issued 2 check-sat command(s) and asserted 12 of 12 statements.
[2026-06-06 15:15:48,373 INFO  L209   CegarNwaWorkerThread]: Starting Thread: 89# for Trace Check: 682622467
[2026-06-06 15:15:48,373 INFO  L114    AnnotateAndAsserter]: Assert order TERMS_WITH_SMALL_CONSTANTS_FIRST issued 2 check-sat command(s)
[2026-06-06 15:15:48,373 INFO  L115    AnnotateAndAsserter]: Conjunction of SSA is unsat
[2026-06-06 15:15:48,373 INFO  L156       PredicateUnifier]: Initialized classic predicate unifier
[2026-06-06 15:15:48,373 INFO  L86        PathProgramCache]: Analyzing trace with hash 682622467, now seen corresponding path program 17 times
[2026-06-06 15:15:48,373 INFO  L118   FreeRefinementEngine]: Executing refinement strategy CAMEL
[2026-06-06 15:15:48,373 INFO  L324   FreeRefinementEngine]: Using trace check IpTcStrategyModuleSmtInterpolCraig [112577618]
[2026-06-06 15:15:48,373 INFO  L95    rtionOrderModulation]: Changing assertion order to INSIDE_LOOP_FIRST1
[2026-06-06 15:15:48,373 INFO  L127          SolverBuilder]: Constructing new instance of SMTInterpol with explicit timeout -1 ms and remaining time -1 ms
[2026-06-06 15:15:48,374 INFO  L256         TraceCheckSpWp]: Trace formula consists of 57 conjuncts, 15 conjuncts are in the unsatisfiable core
[2026-06-06 15:15:48,375 INFO  L279         TraceCheckSpWp]: Computing forward predicates...
[2026-06-06 15:15:48,375 INFO  L108    AnnotateAndAsserter]: Assert order TERMS_WITH_SMALL_CONSTANTS_FIRST partitioned 13 statements into 2 equivalence classes.
[2026-06-06 15:15:48,377 INFO  L134       CoverageAnalysis]: Checked inductivity of 91 backedges. 49 proven. 21 refuted. 0 times theorem prover too weak. 21 trivial. 0 not checked.
[2026-06-06 15:15:48,377 INFO  L136   FreeRefinementEngine]: Strategy CAMEL found an infeasible trace
[2026-06-06 15:15:48,377 INFO  L324   FreeRefinementEngine]: Using interpolant generator IpTcStrategyModuleSmtInterpolCraig [1508150100]
[2026-06-06 15:15:48,377 INFO  L158   FreeRefinementEngine]: IpTcStrategyModuleSmtInterpolCraig [1508150100] provided 0 perfect and 1 imperfect interpolant sequences
[2026-06-06 15:15:48,377 INFO  L324   FreeRefinementEngine]: Using interpolant generator IpTcStrategyModuleZ3 [1349091188]
[2026-06-06 15:15:48,377 INFO  L95    rtionOrderModulation]: Changing assertion order to NOT_INCREMENTALLY
[2026-06-06 15:15:48,377 INFO  L173          SolverBuilder]: Constructing external solver with command: z3 -smt2 -in SMTLIB2_COMPLIANT=true
[2026-06-06 15:15:48,378 INFO  L108    AnnotateAndAsserter]: Assert order OUTSIDE_LOOP_FIRST1 partitioned 11 statements into 2 equivalence classes.
[2026-06-06 15:15:48,379 INFO  L134       CoverageAnalysis]: Checked inductivity of 15 backedges. 0 proven. 15 refuted. 0 times theorem prover too weak. 0 trivial. 0 not checked.
[2026-06-06 15:15:48,379 INFO  L108    AnnotateAndAsserter]: Assert order INSIDE_LOOP_FIRST1 partitioned 19 statements into 9 equivalence classes.
[2026-06-06 15:15:48,380 INFO  L312         TraceCheckSpWp]: Computing backward predicates...
[2026-06-06 15:15:48,381 INFO  L189       MonitoredProcess]: No working directory specified, using /usr/bin/z3
[2026-06-06 15:15:48,381 INFO  L134       CoverageAnalysis]: Checked inductivity of 66 backedges. 57 proven. 3 refuted. 0 times theorem prover too weak. 6 trivial. 0 not checked.
[2026-06-06 15:15:48,381 INFO  L136   FreeRefinementEngine]: Strategy CAMEL found an infeasible trace
[2026-06-06 15:15:48,381 INFO  L324   FreeRefinementEngine]: Using interpolant generator IpTcStrategyModuleSmtInterpolCraig [1021024783]
[2026-06-06 15:15:48,381 INFO  L158   FreeRefinementEngine]: IpTcStrategyModuleSmtInterpolCraig [1021024783] provided 0 perfect and 1 imperfect interpolant sequences
[2026-06-06 15:15:48,381 INFO  L324   FreeRefinementEngine]: Using interpolant generator IpTcStrategyModuleZ3 [376176222]
[2026-06-06 15:15:48,381 INFO  L95    rtionOrderModulation]: Changing assertion order to INSIDE_LOOP_FIRST1
[2026-06-06 15:15:48,381 INFO  L173          SolverBuilder]: Constructing external solver with command: z3 -smt2 -in SMTLIB2_COMPLIANT=true
[2026-06-06 15:15:48,381 INFO  L134       CoverageAnalysis]: Checked inductivity of 105 backedges. 56 proven. 21 refuted. 0 times theorem prover too weak. 28 trivial. 0 not checked.
[2026-06-06 15:15:48,381 INFO  L136   FreeRefinementEngine]: Strategy CAMEL found an infeasible trace
[2026-06-06 15:15:48,381 INFO  L324   FreeRefinementEngine]: Using interpolant generator IpTcStrategyModuleSmtInterpolCraig [2036051573]
[2026-06-06 15:15:48,382 INFO  L158   FreeRefinementEngine]: IpTcStrategyModuleSmtInterpolCraig [2036051573] provided 0 perfect and 1 imperfect interpolant sequences
[2026-06-06 15:15:48,382 INFO  L324   FreeRefinementEngine]: Using interpolant generator IpTcStrategyModuleZ3 [1264448031]
[2026-06-06 15:15:48,382 INFO  L95    rtionOrderModulation]: Changing assertion order to OUTSIDE_LOOP_FIRST1
[2026-06-06 15:15:48,382 INFO  L173          SolverBuilder]: Constructing external solver with command: z3 -smt2 -in SMTLIB2_COMPLIANT=true
[2026-06-06 15:15:48,383 INFO  L229       MonitoredProcess]: Starting monitored process 27 with /usr/bin/z3 -smt2 -in SMTLIB2_COMPLIANT=true (exit command is (exit), workingDir is null)
[2026-06-06 15:15:48,383 INFO  L189       MonitoredProcess]: No working directory specified, using /usr/bin/z3
[2026-06-06 15:15:48,383 INFO  L134       CoverageAnalysis]: Checked inductivity of 28 backedges. 7 proven. 21 refuted. 0 times theorem prover too weak. 0 trivial. 0 not checked.
[2026-06-06 15:15:48,383 INFO  L312         TraceCheckSpWp]: Computing backward predicates...
[2026-06-06 15:15:48,384 INFO  L134       CoverageAnalysis]: Checked inductivity of 120 backedges. 63 proven. 21 refuted. 0 times theorem prover too weak. 36 trivial. 0 not checked.
[2026-06-06 15:15:48,384 INFO  L136   FreeRefinementEngine]: Strategy CAMEL found an infeasible trace
[2026-06-06 15:15:48,384 INFO  L324   FreeRefinementEngine]: Using interpolant generator IpTcStrategyModuleSmtInterpolCraig [1720835940]
[2026-06-06 15:15:48,384 INFO  L158   FreeRefinementEngine]: IpTcStrategyModuleSmtInterpolCraig [1720835940] provided 0 perfect and 1 imperfect interpolant sequences
[2026-06-06 15:15:48,384 INFO  L324   FreeRefinementEngine]: Using interpolant generator IpTcStrategyModuleZ3 [289163379]
[2026-06-06 15:15:48,384 INFO  L95    rtionOrderModulation]: Changing assertion order to OUTSIDE_LOOP_FIRST2
[2026-06-06 15:15:48,384 INFO  L173          SolverBuilder]: Constructing external solver with command: z3 -smt2 -in SMTLIB2_COMPLIANT=true
[2026-06-06 15:15:48,384 INFO  L189       MonitoredProcess]: No working directory specified, using /usr/bin/z3
[2026-06-06 15:15:48,384 INFO  L327       MonitoredProcess]: [MP /usr/bin/z3 -smt2 -in SMTLIB2_COMPLIANT=true (27)] Waiting until timeout for monitored process
[2026-06-06 15:15:48,385 INFO  L134       CoverageAnalysis]: Checked inductivity of 6 backedges. 0 proven. 6 refuted. 0 times theorem prover too weak. 0 trivial. 0 not checked.
[2026-06-06 15:15:48,385 INFO  L158   FreeRefinementEngine]: IpTcStrategyModuleZ3 [1335061843] provided 0 perfect and 2 imperfect interpolant sequences
[2026-06-06 15:15:48,385 INFO  L185   FreeRefinementEngine]: Found 0 perfect and 3 imperfect interpolant sequences.
[2026-06-06 15:15:48,385 INFO  L198   FreeRefinementEngine]: Number of different interpolants: perfect sequences [] imperfect sequences [5, 5, 5] total 10
[2026-06-06 15:15:48,385 INFO  L111    AnnotateAndAsserter]: Assert order TERMS_WITH_SMALL_CONSTANTS_FIRST issued 2 check-sat command(s) and asserted 13 of 13 statements.
[2026-06-06 15:15:48,385 INFO  L114    AnnotateAndAsserter]: Assert order TERMS_WITH_SMALL_CONSTANTS_FIRST issued 2 check-sat command(s)
[2026-06-06 15:15:48,385 INFO  L122   tionRefinementEngine]: Using interpolant automaton builder IpAbStrategyModuleStraightlineAll [2026508739]
[2026-06-06 15:15:48,385 INFO  L229       MonitoredProcess]: Starting monitored process 28 with /usr/bin/z3 -smt2 -in SMTLIB2_COMPLIANT=true (exit command is (exit), workingDir is null)
[2026-06-06 15:15:48,385 INFO  L115    AnnotateAndAsserter]: Conjunction of SSA is unsat
[2026-06-06 15:15:48,385 INFO  L85    oduleStraightlineAll]: Using 3 imperfect interpolants to construct interpolant automaton
[2026-06-06 15:15:48,386 INFO  L100   FreeRefinementEngine]: Using predicate unifier PredicateUnifier provided by strategy CAMEL
[2026-06-06 15:15:48,386 INFO  L256         TraceCheckSpWp]: Trace formula consists of 62 conjuncts, 19 conjuncts are in the unsatisfiable core
[2026-06-06 15:15:48,386 INFO  L144   InterpolantAutomaton]: Constructing interpolant automaton starting with 11 interpolants.
[2026-06-06 15:15:48,386 INFO  L146   InterpolantAutomaton]: CoverageRelationStatistics Valid=41, Invalid=69, Unknown=0, NotChecked=0, Total=110
[2026-06-06 15:15:48,386 INFO  L419   CegarNwaWorkerThread]: Difference in Worker for Generalization
[2026-06-06 15:15:48,386 INFO  L327       MonitoredProcess]: [MP /usr/bin/z3 -smt2 -in SMTLIB2_COMPLIANT=true (28)] Waiting until timeout for monitored process
[2026-06-06 15:15:48,386 INFO  L87              Difference]: Start difference. First operand  has 5 states, 3 states have (on average 1.6666666666666667) internal successors, (5), 4 states have internal predecessors, (5), 0 states have call successors, (0), 0 states have call predecessors, (0), 0 states have return successors, (0), 0 states have call predecessors, (0), 0 states have call successors, (0) Second operand  has 11 states, 11 states have (on average 1.1818181818181819) internal successors, (13), 10 states have internal predecessors, (13), 0 states have call successors, (0), 0 states have call predecessors, (0), 0 states have return successors, (0), 0 states have call predecessors, (0), 0 states have call successors, (0)
[2026-06-06 15:15:48,386 INFO  L111    AnnotateAndAsserter]: Assert order OUTSIDE_LOOP_FIRST1 issued 2 check-sat command(s) and asserted 11 of 11 statements.
[2026-06-06 15:15:48,386 INFO  L114    AnnotateAndAsserter]: Assert order OUTSIDE_LOOP_FIRST1 issued 2 check-sat command(s)
[2026-06-06 15:15:48,386 INFO  L115    AnnotateAndAsserter]: Conjunction of SSA is unsat
[2026-06-06 15:15:48,386 INFO  L229       MonitoredProcess]: Starting monitored process 29 with /usr/bin/z3 -smt2 -in SMTLIB2_COMPLIANT=true (exit command is (exit), workingDir is null)
[2026-06-06 15:15:48,387 INFO  L189       MonitoredProcess]: No working directory specified, using /usr/bin/z3
[2026-06-06 15:15:48,387 INFO  L256         TraceCheckSpWp]: Trace formula consists of 52 conjuncts, 22 conjuncts are in the unsatisfiable core
[2026-06-06 15:15:48,387 INFO  L111    AnnotateAndAsserter]: Assert order INSIDE_LOOP_FIRST1 issued 4 check-sat command(s) and asserted 8 of 19 statements.
[2026-06-06 15:15:48,387 INFO  L114    AnnotateAndAsserter]: Assert order INSIDE_LOOP_FIRST1 issued 4 check-sat command(s)
[2026-06-06 15:15:48,387 INFO  L115    AnnotateAndAsserter]: Conjunction of SSA is unsat
[2026-06-06 15:15:48,387 INFO  L279         TraceCheckSpWp]: Computing forward predicates...
[2026-06-06 15:15:48,387 INFO  L327       MonitoredProcess]: [MP /usr/bin/z3 -smt2 -in SMTLIB2_COMPLIANT=true (29)] Waiting until timeout for monitored process
[2026-06-06 15:15:48,388 INFO  L279         TraceCheckSpWp]: Computing forward predicates...
[2026-06-06 15:15:48,388 INFO  L229       MonitoredProcess]: Starting monitored process 30 with /usr/bin/z3 -smt2 -in SMTLIB2_COMPLIANT=true (exit command is (exit), workingDir is null)
[2026-06-06 15:15:48,389 INFO  L327       MonitoredProcess]: [MP /usr/bin/z3 -smt2 -in SMTLIB2_COMPLIANT=true (30)] Waiting until timeout for monitored process
[2026-06-06 15:15:48,397 INFO  L134       CoverageAnalysis]: Checked inductivity of 45 backedges. 21 proven. 21 refuted. 0 times theorem prover too weak. 3 trivial. 0 not checked.
[2026-06-06 15:15:48,397 INFO  L312         TraceCheckSpWp]: Computing backward predicates...
[2026-06-06 15:15:48,399 INFO  L134       CoverageAnalysis]: Checked inductivity of 78 backedges. 57 proven. 15 refuted. 0 times theorem prover too weak. 6 trivial. 0 not checked.
[2026-06-06 15:15:48,399 INFO  L136   FreeRefinementEngine]: Strategy CAMEL found an infeasible trace
[2026-06-06 15:15:48,399 INFO  L324   FreeRefinementEngine]: Using interpolant generator IpTcStrategyModuleSmtInterpolCraig [1894325180]
[2026-06-06 15:15:48,399 INFO  L158   FreeRefinementEngine]: IpTcStrategyModuleSmtInterpolCraig [1894325180] provided 0 perfect and 1 imperfect interpolant sequences
[2026-06-06 15:15:48,399 INFO  L324   FreeRefinementEngine]: Using interpolant generator IpTcStrategyModuleZ3 [52314248]
[2026-06-06 15:15:48,399 INFO  L95    rtionOrderModulation]: Changing assertion order to INSIDE_LOOP_FIRST1
[2026-06-06 15:15:48,399 INFO  L173          SolverBuilder]: Constructing external solver with command: z3 -smt2 -in SMTLIB2_COMPLIANT=true
[2026-06-06 15:15:48,400 INFO  L108    AnnotateAndAsserter]: Assert order NOT_INCREMENTALLY partitioned 16 statements into 1 equivalence classes.
[2026-06-06 15:15:48,402 INFO  L189       MonitoredProcess]: No working directory specified, using /usr/bin/z3
[2026-06-06 15:15:48,404 INFO  L229       MonitoredProcess]: Starting monitored process 31 with /usr/bin/z3 -smt2 -in SMTLIB2_COMPLIANT=true (exit command is (exit), workingDir is null)
[2026-06-06 15:15:48,404 INFO  L108    AnnotateAndAsserter]: Assert order INSIDE_LOOP_FIRST1 partitioned 14 statements into 7 equivalence classes.
[2026-06-06 15:15:48,405 INFO  L327       MonitoredProcess]: [MP /usr/bin/z3 -smt2 -in SMTLIB2_COMPLIANT=true (31)] Waiting until timeout for monitored process
[2026-06-06 15:15:48,406 INFO  L134       CoverageAnalysis]: Checked inductivity of 153 backedges. 77 proven. 21 refuted. 0 times theorem prover too weak. 55 trivial. 0 not checked.
[2026-06-06 15:15:48,406 INFO  L136   FreeRefinementEngine]: Strategy CAMEL found an infeasible trace
[2026-06-06 15:15:48,406 INFO  L324   FreeRefinementEngine]: Using interpolant generator IpTcStrategyModuleSmtInterpolCraig [1117566536]
[2026-06-06 15:15:48,406 INFO  L158   FreeRefinementEngine]: IpTcStrategyModuleSmtInterpolCraig [1117566536] provided 0 perfect and 1 imperfect interpolant sequences
[2026-06-06 15:15:48,406 INFO  L324   FreeRefinementEngine]: Using interpolant generator IpTcStrategyModuleZ3 [708011470]
[2026-06-06 15:15:48,406 INFO  L95    rtionOrderModulation]: Changing assertion order to TERMS_WITH_SMALL_CONSTANTS_FIRST
[2026-06-06 15:15:48,406 INFO  L173          SolverBuilder]: Constructing external solver with command: z3 -smt2 -in SMTLIB2_COMPLIANT=true
[2026-06-06 15:15:48,407 INFO  L108    AnnotateAndAsserter]: Assert order OUTSIDE_LOOP_FIRST1 partitioned 17 statements into 2 equivalence classes.
[2026-06-06 15:15:48,407 INFO  L108    AnnotateAndAsserter]: Assert order OUTSIDE_LOOP_FIRST2 partitioned 18 statements into 9 equivalence classes.
[2026-06-06 15:15:48,408 INFO  L189       MonitoredProcess]: No working directory specified, using /usr/bin/z3
[2026-06-06 15:15:48,410 INFO  L111    AnnotateAndAsserter]: Assert order NOT_INCREMENTALLY issued 1 check-sat command(s) and asserted 16 of 16 statements.
[2026-06-06 15:15:48,410 INFO  L114    AnnotateAndAsserter]: Assert order NOT_INCREMENTALLY issued 1 check-sat command(s)
[2026-06-06 15:15:48,410 INFO  L115    AnnotateAndAsserter]: Conjunction of SSA is unsat
[2026-06-06 15:15:48,410 INFO  L256         TraceCheckSpWp]: Trace formula consists of 77 conjuncts, 27 conjuncts are in the unsatisfiable core
[2026-06-06 15:15:48,411 INFO  L229       MonitoredProcess]: Starting monitored process 32 with /usr/bin/z3 -smt2 -in SMTLIB2_COMPLIANT=true (exit command is (exit), workingDir is null)
[2026-06-06 15:15:48,412 INFO  L327       MonitoredProcess]: [MP /usr/bin/z3 -smt2 -in SMTLIB2_COMPLIANT=true (32)] Waiting until timeout for monitored process
[2026-06-06 15:15:48,412 INFO  L279         TraceCheckSpWp]: Computing forward predicates...
[2026-06-06 15:15:48,414 INFO  L144             Difference]: Subtrahend was deterministic. Have not used determinization.
[2026-06-06 15:15:48,414 INFO  L93              Difference]: Finished difference Result 10 states and 10 transitions.
[2026-06-06 15:15:48,414 INFO  L140   InterpolantAutomaton]: Switched to read-only mode: deterministic interpolant automaton has 8 states. 
[2026-06-06 15:15:48,415 INFO  L225             Difference]: With dead ends: 10
[2026-06-06 15:15:48,415 INFO  L226             Difference]: Without dead ends: 10
[2026-06-06 15:15:48,415 INFO  L487   CegarNwaWorkerThread]: 0 DeclaredPredicates, 14 GetRequests, 5 SyntacticMatches, 0 SemanticMatches, 9 ConstructedPredicates, 0 IntricatePredicates, 0 DeprecatedPredicates, 12 ImplicationChecksByTransitivity, 0.1s TimeCoverageRelationStatistics Valid=48, Invalid=62, Unknown=0, NotChecked=0, Total=110
[2026-06-06 15:15:48,416 INFO  L488   CegarNwaWorkerThread]: 3 mSDtfsCounter, 0 mSDsluCounter, 5 mSDsCounter, 0 mSdLazyCounter, 21 mSolverCounterSat, 1 mSolverCounterUnsat, 0 mSolverCounterUnknown, 0 mSolverCounterNotChecked, 0.0s Time, 0 mProtectedPredicate, 0 mProtectedAction, 0 SdHoareTripleChecker+Valid, 8 SdHoareTripleChecker+Invalid, 22 SdHoareTripleChecker+Unknown, 0 SdHoareTripleChecker+Unchecked, 0.0s SdHoareTripleChecker+Time, 1 IncrementalHoareTripleChecker+Valid, 21 IncrementalHoareTripleChecker+Invalid, 0 IncrementalHoareTripleChecker+Unknown, 0 IncrementalHoareTripleChecker+Unchecked, 0.0s IncrementalHoareTripleChecker+Time
[2026-06-06 15:15:48,416 INFO  L489   CegarNwaWorkerThread]: SdHoareTripleChecker [0 Valid, 8 Invalid, 22 Unknown, 0 Unchecked, 0.0s Time], IncrementalHoareTripleChecker [1 Valid, 21 Invalid, 0 Unknown, 0 Unchecked, 0.0s Time]
[2026-06-06 15:15:48,416 INFO  L144             Difference]: Subtrahend was deterministic. Have not used determinization.
[2026-06-06 15:15:48,416 INFO  L93              Difference]: Finished difference Result 10 states and 10 transitions.
[2026-06-06 15:15:48,416 INFO  L140   InterpolantAutomaton]: Switched to read-only mode: deterministic interpolant automaton has 8 states. 
[2026-06-06 15:15:48,416 INFO  L224   CegarNwaWorkerThread]: Done with Thread: 95#
[2026-06-06 15:15:48,416 INFO  L196   CegarNwaWorkerThread]: WorkerThread: Thread[#95,Worker for 28844579,5,main] is Waiting for a Task
[2026-06-06 15:15:48,416 INFO  L225             Difference]: With dead ends: 10
[2026-06-06 15:15:48,416 INFO  L226             Difference]: Without dead ends: 10
[2026-06-06 15:15:48,416 INFO  L487   CegarNwaWorkerThread]: 0 DeclaredPredicates, 16 GetRequests, 6 SyntacticMatches, 0 SemanticMatches, 10 ConstructedPredicates, 0 IntricatePredicates, 0 DeprecatedPredicates, 13 ImplicationChecksByTransitivity, 0.1s TimeCoverageRelationStatistics Valid=50, Invalid=82, Unknown=0, NotChecked=0, Total=132
[2026-06-06 15:15:48,417 INFO  L488   CegarNwaWorkerThread]: 3 mSDtfsCounter, 0 mSDsluCounter, 6 mSDsCounter, 0 mSdLazyCounter, 29 mSolverCounterSat, 0 mSolverCounterUnsat, 0 mSolverCounterUnknown, 0 mSolverCounterNotChecked, 0.0s Time, 0 mProtectedPredicate, 0 mProtectedAction, 0 SdHoareTripleChecker+Valid, 9 SdHoareTripleChecker+Invalid, 29 SdHoareTripleChecker+Unknown, 0 SdHoareTripleChecker+Unchecked, 0.0s SdHoareTripleChecker+Time, 0 IncrementalHoareTripleChecker+Valid, 29 IncrementalHoareTripleChecker+Invalid, 0 IncrementalHoareTripleChecker+Unknown, 0 IncrementalHoareTripleChecker+Unchecked, 0.0s IncrementalHoareTripleChecker+Time
[2026-06-06 15:15:48,417 INFO  L489   CegarNwaWorkerThread]: SdHoareTripleChecker [0 Valid, 9 Invalid, 29 Unknown, 0 Unchecked, 0.0s Time], IncrementalHoareTripleChecker [0 Valid, 29 Invalid, 0 Unknown, 0 Unchecked, 0.0s Time]
[2026-06-06 15:15:48,417 INFO  L224   CegarNwaWorkerThread]: Done with Thread: 101#
[2026-06-06 15:15:48,417 INFO  L196   CegarNwaWorkerThread]: WorkerThread: Thread[#101,Worker for 894183756,5,main] is Waiting for a Task
[2026-06-06 15:15:48,417 INFO  L657   ParallelNwaCegarLoop]: Waking up, a worker is done.
[2026-06-06 15:15:48,417 INFO  L297   ParallelNwaCegarLoop]: Main: A Thread is Done
[2026-06-06 15:15:48,418 INFO  L315   ParallelNwaCegarLoop]: Worker Automaton Type: FLOYD_HOARE
[2026-06-06 15:15:48,418 INFO  L79                 Accepts]: Start accepts. Automaton has 8 states and 8 transitions. Word has length 5
[2026-06-06 15:15:48,418 INFO  L85                 Accepts]: Finished accepts. word is rejected.
[2026-06-06 15:15:48,418 INFO  L771   ParallelNwaCegarLoop]: Recorded stale counterexample prefix coverage.
[2026-06-06 15:15:48,418 INFO  L317   ParallelNwaCegarLoop]: Refining Abstraction
[2026-06-06 15:15:48,418 INFO  L721   ParallelNwaCegarLoop]: Subtrahend traceHash: 28844579
[2026-06-06 15:15:48,418 INFO  L687   ParallelNwaCegarLoop]: Difference in Main
[2026-06-06 15:15:48,418 INFO  L87              Difference]: Start difference. First operand 8 states and 8 transitions. Second operand  has 8 states, 7 states have (on average 2.4285714285714284) internal successors, (17), 8 states have internal predecessors, (17), 0 states have call successors, (0), 0 states have call predecessors, (0), 0 states have return successors, (0), 0 states have call predecessors, (0), 0 states have call successors, (0)
[2026-06-06 15:15:48,418 INFO  L111    AnnotateAndAsserter]: Assert order OUTSIDE_LOOP_FIRST1 issued 2 check-sat command(s) and asserted 17 of 17 statements.
[2026-06-06 15:15:48,418 INFO  L144             Difference]: Subtrahend was deterministic. Have not used determinization.
[2026-06-06 15:15:48,418 INFO  L114    AnnotateAndAsserter]: Assert order OUTSIDE_LOOP_FIRST1 issued 2 check-sat command(s)
[2026-06-06 15:15:48,418 INFO  L115    AnnotateAndAsserter]: Conjunction of SSA is unsat
[2026-06-06 15:15:48,418 INFO  L93              Difference]: Finished difference Result 10 states and 10 transitions.
[2026-06-06 15:15:48,418 INFO  L225             Difference]: With dead ends: 10
[2026-06-06 15:15:48,418 INFO  L226             Difference]: Without dead ends: 10
[2026-06-06 15:15:48,418 INFO  L82        GeneralOperation]: Start minimizeSevpa. Operand 10 states.
[2026-06-06 15:15:48,419 INFO  L88        GeneralOperation]: Finished minimizeSevpa. Reduced states from 10 to 10.
[2026-06-06 15:15:48,419 INFO  L256         TraceCheckSpWp]: Trace formula consists of 82 conjuncts, 34 conjuncts are in the unsatisfiable core
[2026-06-06 15:15:48,419 INFO  L111    AnnotateAndAsserter]: Assert order INSIDE_LOOP_FIRST1 issued 4 check-sat command(s) and asserted 7 of 14 statements.
[2026-06-06 15:15:48,419 INFO  L114    AnnotateAndAsserter]: Assert order INSIDE_LOOP_FIRST1 issued 4 check-sat command(s)
[2026-06-06 15:15:48,419 INFO  L115    AnnotateAndAsserter]: Conjunction of SSA is unsat
[2026-06-06 15:15:48,419 INFO  L82        GeneralOperation]: Start removeUnreachable. Operand  has 10 states, 9 states have (on average 1.1111111111111112) internal successors, (10), 9 states have internal predecessors, (10), 0 states have call successors, (0), 0 states have call predecessors, (0), 0 states have return successors, (0), 0 states have call predecessors, (0), 0 states have call successors, (0)
[2026-06-06 15:15:48,420 INFO  L88        GeneralOperation]: Finished removeUnreachable. Reduced from 10 states to 10 states and 10 transitions.
[2026-06-06 15:15:48,420 INFO  L699   ParallelNwaCegarLoop]: Main: Refinement done.
[2026-06-06 15:15:48,420 INFO  L617   ParallelNwaCegarLoop]: Checking if program is safe
[2026-06-06 15:15:48,420 INFO  L290                IsEmpty]: Start isEmpty. Operand 10 states and 10 transitions.
[2026-06-06 15:15:48,420 INFO  L300                IsEmpty]: Finished isEmpty. Found accepting run of length 10
[2026-06-06 15:15:48,422 INFO  L199           NwaCegarLoop]: Found error trace
[2026-06-06 15:15:48,422 INFO  L207           NwaCegarLoop]: trace histogram [6, 1, 1, 1]
[2026-06-06 15:15:48,422 INFO  L297   ParallelNwaCegarLoop]: Main: A Thread is Done
[2026-06-06 15:15:48,422 INFO  L315   ParallelNwaCegarLoop]: Worker Automaton Type: FLOYD_HOARE
[2026-06-06 15:15:48,422 INFO  L79                 Accepts]: Start accepts. Automaton has 10 states and 10 transitions. Word has length 6
[2026-06-06 15:15:48,422 INFO  L85                 Accepts]: Finished accepts. word is rejected.
[2026-06-06 15:15:48,422 INFO  L771   ParallelNwaCegarLoop]: Recorded stale counterexample prefix coverage.
[2026-06-06 15:15:48,422 INFO  L317   ParallelNwaCegarLoop]: Refining Abstraction
[2026-06-06 15:15:48,422 INFO  L721   ParallelNwaCegarLoop]: Subtrahend traceHash: 894183756
[2026-06-06 15:15:48,422 INFO  L687   ParallelNwaCegarLoop]: Difference in Main
[2026-06-06 15:15:48,422 INFO  L87              Difference]: Start difference. First operand 10 states and 10 transitions. Second operand  has 8 states, 7 states have (on average 2.4285714285714284) internal successors, (17), 8 states have internal predecessors, (17), 0 states have call successors, (0), 0 states have call predecessors, (0), 0 states have return successors, (0), 0 states have call predecessors, (0), 0 states have call successors, (0)
[2026-06-06 15:15:48,422 INFO  L144             Difference]: Subtrahend was deterministic. Have not used determinization.
[2026-06-06 15:15:48,422 INFO  L93              Difference]: Finished difference Result 10 states and 10 transitions.
[2026-06-06 15:15:48,422 INFO  L225             Difference]: With dead ends: 10
[2026-06-06 15:15:48,422 INFO  L226             Difference]: Without dead ends: 10
[2026-06-06 15:15:48,422 INFO  L82        GeneralOperation]: Start minimizeSevpa. Operand 10 states.
[2026-06-06 15:15:48,421 INFO  L108    AnnotateAndAsserter]: Assert order INSIDE_LOOP_FIRST1 partitioned 15 statements into 7 equivalence classes.
[2026-06-06 15:15:48,421 INFO  L256         TraceCheckSpWp]: Trace formula consists of 37 conjuncts, 15 conjuncts are in the unsatisfiable core
[2026-06-06 15:15:48,420 INFO  L279         TraceCheckSpWp]: Computing forward predicates...
[2026-06-06 15:15:48,424 INFO  L279         TraceCheckSpWp]: Computing forward predicates...
[2026-06-06 15:15:48,424 INFO  L88        GeneralOperation]: Finished minimizeSevpa. Reduced states from 10 to 10.
[2026-06-06 15:15:48,424 INFO  L82        GeneralOperation]: Start removeUnreachable. Operand  has 10 states, 9 states have (on average 1.1111111111111112) internal successors, (10), 9 states have internal predecessors, (10), 0 states have call successors, (0), 0 states have call predecessors, (0), 0 states have return successors, (0), 0 states have call predecessors, (0), 0 states have call successors, (0)
[2026-06-06 15:15:48,424 INFO  L88        GeneralOperation]: Finished removeUnreachable. Reduced from 10 states to 10 states and 10 transitions.
[2026-06-06 15:15:48,424 INFO  L699   ParallelNwaCegarLoop]: Main: Refinement done.
[2026-06-06 15:15:48,424 INFO  L617   ParallelNwaCegarLoop]: Checking if program is safe
[2026-06-06 15:15:48,425 INFO  L290                IsEmpty]: Start isEmpty. Operand 10 states and 10 transitions.
[2026-06-06 15:15:48,425 INFO  L300                IsEmpty]: Finished isEmpty. Found accepting run of length 10
[2026-06-06 15:15:48,425 INFO  L199           NwaCegarLoop]: Found error trace
[2026-06-06 15:15:48,425 INFO  L207           NwaCegarLoop]: trace histogram [6, 1, 1, 1]
[2026-06-06 15:15:48,425 INFO  L340   ParallelNwaCegarLoop]: No more worker results to process
[2026-06-06 15:15:48,425 INFO  L290                IsEmpty]: Start isEmptyParallel. Operand 10 states and 10 transitions.
[2026-06-06 15:15:48,425 INFO  L300                IsEmpty]: Finished isEmptyParallel. No accepting run.
[2026-06-06 15:15:48,425 INFO  L156        IsEmptyParallel]: Start isEmptyParallel. Operand 10 states and 10 transitions.
[2026-06-06 15:15:48,427 INFO  L182       IsEmptyHeuristic]: Start isEmptyHeuristic. Operand 10 states and 10 transitions.
[2026-06-06 15:15:48,428 INFO  L188       IsEmptyHeuristic]: Finished isEmptyHeuristic. Found accepting run of length 23
[2026-06-06 15:15:48,428 INFO  L163        IsEmptyParallel]: Finished isEmptyParallel. Found accepting run of length 23
[2026-06-06 15:15:48,428 WARN  L753                IsEmpty]: Correctness of emptinessCheck not tested.
[2026-06-06 15:15:48,428 INFO  L79                 Accepts]: Start accepts. Automaton has 10 states and 10 transitions. Word has length 22
[2026-06-06 15:15:48,428 INFO  L85                 Accepts]: Finished accepts. word is accepted.
[2026-06-06 15:15:48,428 INFO  L757                IsEmpty]: Finished testing correctness of emptinessCheck
[2026-06-06 15:15:48,429 INFO  L290                IsEmpty]: Start isEmptyParallel. Operand 10 states and 10 transitions.
[2026-06-06 15:15:48,429 INFO  L300                IsEmpty]: Finished isEmptyParallel. No accepting run.
[2026-06-06 15:15:48,429 INFO  L156        IsEmptyParallel]: Start isEmptyParallel. Operand 10 states and 10 transitions.
[2026-06-06 15:15:48,429 INFO  L182       IsEmptyHeuristic]: Start isEmptyHeuristic. Operand 10 states and 10 transitions.
[2026-06-06 15:15:48,429 INFO  L188       IsEmptyHeuristic]: Finished isEmptyHeuristic. Found accepting run of length 22
[2026-06-06 15:15:48,429 INFO  L163        IsEmptyParallel]: Finished isEmptyParallel. Found accepting run of length 22
[2026-06-06 15:15:48,429 WARN  L753                IsEmpty]: Correctness of emptinessCheck not tested.
[2026-06-06 15:15:48,429 INFO  L79                 Accepts]: Start accepts. Automaton has 10 states and 10 transitions. Word has length 21
[2026-06-06 15:15:48,429 INFO  L85                 Accepts]: Finished accepts. word is accepted.
[2026-06-06 15:15:48,429 INFO  L757                IsEmpty]: Finished testing correctness of emptinessCheck
[2026-06-06 15:15:48,429 INFO  L290                IsEmpty]: Start isEmptyParallel. Operand 10 states and 10 transitions.
[2026-06-06 15:15:48,429 INFO  L300                IsEmpty]: Finished isEmptyParallel. No accepting run.
[2026-06-06 15:15:48,429 INFO  L156        IsEmptyParallel]: Start isEmptyParallel. Operand 10 states and 10 transitions.
[2026-06-06 15:15:48,429 INFO  L182       IsEmptyHeuristic]: Start isEmptyHeuristic. Operand 10 states and 10 transitions.
[2026-06-06 15:15:48,430 INFO  L188       IsEmptyHeuristic]: Finished isEmptyHeuristic. Found accepting run of length 25
[2026-06-06 15:15:48,430 INFO  L163        IsEmptyParallel]: Finished isEmptyParallel. Found accepting run of length 25
[2026-06-06 15:15:48,430 WARN  L753                IsEmpty]: Correctness of emptinessCheck not tested.
[2026-06-06 15:15:48,430 INFO  L79                 Accepts]: Start accepts. Automaton has 10 states and 10 transitions. Word has length 24
[2026-06-06 15:15:48,430 INFO  L85                 Accepts]: Finished accepts. word is accepted.
[2026-06-06 15:15:48,430 INFO  L757                IsEmpty]: Finished testing correctness of emptinessCheck
[2026-06-06 15:15:48,430 INFO  L290                IsEmpty]: Start isEmptyParallel. Operand 10 states and 10 transitions.
[2026-06-06 15:15:48,430 INFO  L300                IsEmpty]: Finished isEmptyParallel. No accepting run.
[2026-06-06 15:15:48,430 INFO  L156        IsEmptyParallel]: Start isEmptyParallel. Operand 10 states and 10 transitions.
[2026-06-06 15:15:48,431 INFO  L182       IsEmptyHeuristic]: Start isEmptyHeuristic. Operand 10 states and 10 transitions.
[2026-06-06 15:15:48,431 INFO  L188       IsEmptyHeuristic]: Finished isEmptyHeuristic. Found accepting run of length 24
[2026-06-06 15:15:48,432 INFO  L163        IsEmptyParallel]: Finished isEmptyParallel. Found accepting run of length 24
[2026-06-06 15:15:48,432 WARN  L753                IsEmpty]: Correctness of emptinessCheck not tested.
[2026-06-06 15:15:48,432 INFO  L79                 Accepts]: Start accepts. Automaton has 10 states and 10 transitions. Word has length 23
[2026-06-06 15:15:48,432 INFO  L85                 Accepts]: Finished accepts. word is accepted.
[2026-06-06 15:15:48,432 INFO  L757                IsEmpty]: Finished testing correctness of emptinessCheck
[2026-06-06 15:15:48,432 INFO  L290                IsEmpty]: Start isEmptyParallel. Operand 10 states and 10 transitions.
[2026-06-06 15:15:48,432 INFO  L300                IsEmpty]: Finished isEmptyParallel. No accepting run.
[2026-06-06 15:15:48,432 INFO  L156        IsEmptyParallel]: Start isEmptyParallel. Operand 10 states and 10 transitions.
[2026-06-06 15:15:48,432 INFO  L182       IsEmptyHeuristic]: Start isEmptyHeuristic. Operand 10 states and 10 transitions.
[2026-06-06 15:15:48,432 INFO  L188       IsEmptyHeuristic]: Finished isEmptyHeuristic. Found accepting run of length 27
[2026-06-06 15:15:48,432 INFO  L163        IsEmptyParallel]: Finished isEmptyParallel. Found accepting run of length 27
[2026-06-06 15:15:48,432 WARN  L753                IsEmpty]: Correctness of emptinessCheck not tested.
[2026-06-06 15:15:48,432 INFO  L79                 Accepts]: Start accepts. Automaton has 10 states and 10 transitions. Word has length 26
[2026-06-06 15:15:48,432 INFO  L85                 Accepts]: Finished accepts. word is accepted.
[2026-06-06 15:15:48,432 INFO  L757                IsEmpty]: Finished testing correctness of emptinessCheck
[2026-06-06 15:15:48,432 INFO  L290                IsEmpty]: Start isEmptyParallel. Operand 10 states and 10 transitions.
[2026-06-06 15:15:48,432 INFO  L300                IsEmpty]: Finished isEmptyParallel. No accepting run.
[2026-06-06 15:15:48,432 INFO  L156        IsEmptyParallel]: Start isEmptyParallel. Operand 10 states and 10 transitions.
[2026-06-06 15:15:48,433 INFO  L182       IsEmptyHeuristic]: Start isEmptyHeuristic. Operand 10 states and 10 transitions.
[2026-06-06 15:15:48,434 INFO  L188       IsEmptyHeuristic]: Finished isEmptyHeuristic. Found accepting run of length 26
[2026-06-06 15:15:48,434 INFO  L163        IsEmptyParallel]: Finished isEmptyParallel. Found accepting run of length 26
[2026-06-06 15:15:48,434 WARN  L753                IsEmpty]: Correctness of emptinessCheck not tested.
[2026-06-06 15:15:48,434 INFO  L79                 Accepts]: Start accepts. Automaton has 10 states and 10 transitions. Word has length 25
[2026-06-06 15:15:48,434 INFO  L85                 Accepts]: Finished accepts. word is accepted.
[2026-06-06 15:15:48,434 INFO  L757                IsEmpty]: Finished testing correctness of emptinessCheck
[2026-06-06 15:15:48,434 INFO  L108    AnnotateAndAsserter]: Assert order TERMS_WITH_SMALL_CONSTANTS_FIRST partitioned 20 statements into 2 equivalence classes.
[2026-06-06 15:15:48,434 INFO  L290                IsEmpty]: Start isEmptyParallel. Operand 10 states and 10 transitions.
[2026-06-06 15:15:48,434 INFO  L300                IsEmpty]: Finished isEmptyParallel. No accepting run.
[2026-06-06 15:15:48,434 INFO  L156        IsEmptyParallel]: Start isEmptyParallel. Operand 10 states and 10 transitions.
[2026-06-06 15:15:48,434 INFO  L134       CoverageAnalysis]: Checked inductivity of 10 backedges. 0 proven. 10 refuted. 0 times theorem prover too weak. 0 trivial. 0 not checked.
[2026-06-06 15:15:48,434 INFO  L158   FreeRefinementEngine]: IpTcStrategyModuleZ3 [633503095] provided 0 perfect and 2 imperfect interpolant sequences
[2026-06-06 15:15:48,434 INFO  L185   FreeRefinementEngine]: Found 0 perfect and 3 imperfect interpolant sequences.
[2026-06-06 15:15:48,434 INFO  L198   FreeRefinementEngine]: Number of different interpolants: perfect sequences [] imperfect sequences [6, 6, 6] total 12
[2026-06-06 15:15:48,434 INFO  L122   tionRefinementEngine]: Using interpolant automaton builder IpAbStrategyModuleStraightlineAll [476298675]
[2026-06-06 15:15:48,434 INFO  L182       IsEmptyHeuristic]: Start isEmptyHeuristic. Operand 10 states and 10 transitions.
[2026-06-06 15:15:48,434 INFO  L85    oduleStraightlineAll]: Using 3 imperfect interpolants to construct interpolant automaton
[2026-06-06 15:15:48,435 INFO  L188       IsEmptyHeuristic]: Finished isEmptyHeuristic. Found accepting run of length 29
[2026-06-06 15:15:48,435 INFO  L163        IsEmptyParallel]: Finished isEmptyParallel. Found accepting run of length 29
[2026-06-06 15:15:48,435 WARN  L753                IsEmpty]: Correctness of emptinessCheck not tested.
[2026-06-06 15:15:48,435 INFO  L79                 Accepts]: Start accepts. Automaton has 10 states and 10 transitions. Word has length 28
[2026-06-06 15:15:48,435 INFO  L85                 Accepts]: Finished accepts. word is accepted.
[2026-06-06 15:15:48,435 INFO  L757                IsEmpty]: Finished testing correctness of emptinessCheck
[2026-06-06 15:15:48,435 INFO  L290                IsEmpty]: Start isEmptyParallel. Operand 10 states and 10 transitions.
[2026-06-06 15:15:48,435 INFO  L300                IsEmpty]: Finished isEmptyParallel. No accepting run.
[2026-06-06 15:15:48,435 INFO  L156        IsEmptyParallel]: Start isEmptyParallel. Operand 10 states and 10 transitions.
[2026-06-06 15:15:48,435 INFO  L100   FreeRefinementEngine]: Using predicate unifier PredicateUnifier provided by strategy CAMEL
[2026-06-06 15:15:48,435 INFO  L182       IsEmptyHeuristic]: Start isEmptyHeuristic. Operand 10 states and 10 transitions.
[2026-06-06 15:15:48,435 INFO  L188       IsEmptyHeuristic]: Finished isEmptyHeuristic. Found accepting run of length 28
[2026-06-06 15:15:48,435 INFO  L144   InterpolantAutomaton]: Constructing interpolant automaton starting with 13 interpolants.
[2026-06-06 15:15:48,435 INFO  L163        IsEmptyParallel]: Finished isEmptyParallel. Found accepting run of length 28
[2026-06-06 15:15:48,435 WARN  L753                IsEmpty]: Correctness of emptinessCheck not tested.
[2026-06-06 15:15:48,435 INFO  L146   InterpolantAutomaton]: CoverageRelationStatistics Valid=49, Invalid=107, Unknown=0, NotChecked=0, Total=156
[2026-06-06 15:15:48,435 INFO  L419   CegarNwaWorkerThread]: Difference in Worker for Generalization
[2026-06-06 15:15:48,435 INFO  L79                 Accepts]: Start accepts. Automaton has 10 states and 10 transitions. Word has length 27
[2026-06-06 15:15:48,436 INFO  L87              Difference]: Start difference. First operand  has 5 states, 3 states have (on average 1.6666666666666667) internal successors, (5), 4 states have internal predecessors, (5), 0 states have call successors, (0), 0 states have call predecessors, (0), 0 states have return successors, (0), 0 states have call predecessors, (0), 0 states have call successors, (0) Second operand  has 13 states, 13 states have (on average 1.1538461538461537) internal successors, (15), 12 states have internal predecessors, (15), 0 states have call successors, (0), 0 states have call predecessors, (0), 0 states have return successors, (0), 0 states have call predecessors, (0), 0 states have call successors, (0)
[2026-06-06 15:15:48,436 INFO  L85                 Accepts]: Finished accepts. word is accepted.
[2026-06-06 15:15:48,436 INFO  L757                IsEmpty]: Finished testing correctness of emptinessCheck
[2026-06-06 15:15:48,437 INFO  L86        PathProgramCache]: Analyzing trace with hash -1129747677, now seen corresponding path program 18 times
[2026-06-06 15:15:48,437 INFO  L637   ParallelNwaCegarLoop]: Main: Starting Thread
[2026-06-06 15:15:48,437 INFO  L86        PathProgramCache]: Analyzing trace with hash -662437812, now seen corresponding path program 19 times
[2026-06-06 15:15:48,437 INFO  L637   ParallelNwaCegarLoop]: Main: Starting Thread
[2026-06-06 15:15:48,437 INFO  L287   ParallelNwaCegarLoop]: === Iteration 5 ===
[2026-06-06 15:15:48,437 INFO  L654   ParallelNwaCegarLoop]: All threads busy, going to sleep.
[2026-06-06 15:15:48,437 INFO  L209   CegarNwaWorkerThread]: Starting Thread: 101# for Trace Check: -662437812
[2026-06-06 15:15:48,437 INFO  L209   CegarNwaWorkerThread]: Starting Thread: 95# for Trace Check: -1129747677
[2026-06-06 15:15:48,437 INFO  L156       PredicateUnifier]: Initialized classic predicate unifier
[2026-06-06 15:15:48,437 INFO  L156       PredicateUnifier]: Initialized classic predicate unifier
[2026-06-06 15:15:48,437 INFO  L86        PathProgramCache]: Analyzing trace with hash -1129747677, now seen corresponding path program 19 times
[2026-06-06 15:15:48,438 INFO  L118   FreeRefinementEngine]: Executing refinement strategy CAMEL
[2026-06-06 15:15:48,438 INFO  L324   FreeRefinementEngine]: Using trace check IpTcStrategyModuleSmtInterpolCraig [1610429663]
[2026-06-06 15:15:48,438 INFO  L86        PathProgramCache]: Analyzing trace with hash -662437812, now seen corresponding path program 19 times
[2026-06-06 15:15:48,438 INFO  L95    rtionOrderModulation]: Changing assertion order to NOT_INCREMENTALLY
[2026-06-06 15:15:48,438 INFO  L118   FreeRefinementEngine]: Executing refinement strategy CAMEL
[2026-06-06 15:15:48,438 INFO  L324   FreeRefinementEngine]: Using trace check IpTcStrategyModuleSmtInterpolCraig [744948348]
[2026-06-06 15:15:48,438 INFO  L127          SolverBuilder]: Constructing new instance of SMTInterpol with explicit timeout -1 ms and remaining time -1 ms
[2026-06-06 15:15:48,438 INFO  L95    rtionOrderModulation]: Changing assertion order to NOT_INCREMENTALLY
[2026-06-06 15:15:48,438 INFO  L127          SolverBuilder]: Constructing new instance of SMTInterpol with explicit timeout -1 ms and remaining time -1 ms
[2026-06-06 15:15:48,439 INFO  L134       CoverageAnalysis]: Checked inductivity of 55 backedges. 18 proven. 36 refuted. 0 times theorem prover too weak. 1 trivial. 0 not checked.
[2026-06-06 15:15:48,439 INFO  L312         TraceCheckSpWp]: Computing backward predicates...
[2026-06-06 15:15:48,442 INFO  L108    AnnotateAndAsserter]: Assert order NOT_INCREMENTALLY partitioned 22 statements into 1 equivalence classes.
[2026-06-06 15:15:48,442 INFO  L108    AnnotateAndAsserter]: Assert order NOT_INCREMENTALLY partitioned 21 statements into 1 equivalence classes.
[2026-06-06 15:15:48,443 INFO  L111    AnnotateAndAsserter]: Assert order INSIDE_LOOP_FIRST1 issued 4 check-sat command(s) and asserted 8 of 15 statements.
[2026-06-06 15:15:48,443 INFO  L114    AnnotateAndAsserter]: Assert order INSIDE_LOOP_FIRST1 issued 4 check-sat command(s)
[2026-06-06 15:15:48,443 INFO  L115    AnnotateAndAsserter]: Conjunction of SSA is unsat
[2026-06-06 15:15:48,444 INFO  L256         TraceCheckSpWp]: Trace formula consists of 42 conjuncts, 19 conjuncts are in the unsatisfiable core
[2026-06-06 15:15:48,445 INFO  L279         TraceCheckSpWp]: Computing forward predicates...
[2026-06-06 15:15:48,447 INFO  L111    AnnotateAndAsserter]: Assert order TERMS_WITH_SMALL_CONSTANTS_FIRST issued 2 check-sat command(s) and asserted 20 of 20 statements.
[2026-06-06 15:15:48,447 INFO  L114    AnnotateAndAsserter]: Assert order TERMS_WITH_SMALL_CONSTANTS_FIRST issued 2 check-sat command(s)
[2026-06-06 15:15:48,447 INFO  L115    AnnotateAndAsserter]: Conjunction of SSA is unsat
[2026-06-06 15:15:48,448 INFO  L256         TraceCheckSpWp]: Trace formula consists of 97 conjuncts, 35 conjuncts are in the unsatisfiable core
[2026-06-06 15:15:48,449 INFO  L279         TraceCheckSpWp]: Computing forward predicates...
[2026-06-06 15:15:48,450 INFO  L111    AnnotateAndAsserter]: Assert order NOT_INCREMENTALLY issued 1 check-sat command(s) and asserted 22 of 22 statements.
[2026-06-06 15:15:48,450 INFO  L114    AnnotateAndAsserter]: Assert order NOT_INCREMENTALLY issued 1 check-sat command(s)
[2026-06-06 15:15:48,450 INFO  L115    AnnotateAndAsserter]: Conjunction of SSA is unsat
[2026-06-06 15:15:48,450 INFO  L111    AnnotateAndAsserter]: Assert order NOT_INCREMENTALLY issued 1 check-sat command(s) and asserted 21 of 21 statements.
[2026-06-06 15:15:48,450 INFO  L114    AnnotateAndAsserter]: Assert order NOT_INCREMENTALLY issued 1 check-sat command(s)
[2026-06-06 15:15:48,450 INFO  L115    AnnotateAndAsserter]: Conjunction of SSA is unsat
[2026-06-06 15:15:48,464 INFO  L134       CoverageAnalysis]: Checked inductivity of 15 backedges. 0 proven. 15 refuted. 0 times theorem prover too weak. 0 trivial. 0 not checked.
[2026-06-06 15:15:48,464 INFO  L158   FreeRefinementEngine]: IpTcStrategyModuleZ3 [2135229554] provided 0 perfect and 2 imperfect interpolant sequences
[2026-06-06 15:15:48,464 INFO  L185   FreeRefinementEngine]: Found 0 perfect and 3 imperfect interpolant sequences.
[2026-06-06 15:15:48,464 INFO  L198   FreeRefinementEngine]: Number of different interpolants: perfect sequences [] imperfect sequences [7, 7, 7] total 14
[2026-06-06 15:15:48,464 INFO  L122   tionRefinementEngine]: Using interpolant automaton builder IpAbStrategyModuleStraightlineAll [1015332753]
[2026-06-06 15:15:48,464 INFO  L85    oduleStraightlineAll]: Using 3 imperfect interpolants to construct interpolant automaton
[2026-06-06 15:15:48,464 INFO  L100   FreeRefinementEngine]: Using predicate unifier PredicateUnifier provided by strategy CAMEL
[2026-06-06 15:15:48,465 INFO  L144   InterpolantAutomaton]: Constructing interpolant automaton starting with 15 interpolants.
[2026-06-06 15:15:48,465 INFO  L146   InterpolantAutomaton]: CoverageRelationStatistics Valid=55, Invalid=155, Unknown=0, NotChecked=0, Total=210
[2026-06-06 15:15:48,465 INFO  L419   CegarNwaWorkerThread]: Difference in Worker for Generalization
[2026-06-06 15:15:48,465 INFO  L87              Difference]: Start difference. First operand  has 5 states, 3 states have (on average 1.6666666666666667) internal successors, (5), 4 states have internal predecessors, (5), 0 states have call successors, (0), 0 states have call predecessors, (0), 0 states have return successors, (0), 0 states have call predecessors, (0), 0 states have call successors, (0) Second operand  has 15 states, 15 states have (on average 1.1333333333333333) internal successors, (17), 14 states have internal predecessors, (17), 0 states have call successors, (0), 0 states have call predecessors, (0), 0 states have return successors, (0), 0 states have call predecessors, (0), 0 states have call successors, (0)
[2026-06-06 15:15:48,466 INFO  L144             Difference]: Subtrahend was deterministic. Have not used determinization.
[2026-06-06 15:15:48,466 INFO  L93              Difference]: Finished difference Result 10 states and 10 transitions.
[2026-06-06 15:15:48,466 INFO  L140   InterpolantAutomaton]: Switched to read-only mode: deterministic interpolant automaton has 8 states. 
[2026-06-06 15:15:48,466 INFO  L225             Difference]: With dead ends: 10
[2026-06-06 15:15:48,466 INFO  L226             Difference]: Without dead ends: 10
[2026-06-06 15:15:48,467 INFO  L487   CegarNwaWorkerThread]: 0 DeclaredPredicates, 18 GetRequests, 7 SyntacticMatches, 0 SemanticMatches, 11 ConstructedPredicates, 0 IntricatePredicates, 0 DeprecatedPredicates, 19 ImplicationChecksByTransitivity, 0.1s TimeCoverageRelationStatistics Valid=49, Invalid=107, Unknown=0, NotChecked=0, Total=156
[2026-06-06 15:15:48,467 INFO  L111    AnnotateAndAsserter]: Assert order OUTSIDE_LOOP_FIRST2 issued 8 check-sat command(s) and asserted 17 of 18 statements.
[2026-06-06 15:15:48,468 INFO  L114    AnnotateAndAsserter]: Assert order OUTSIDE_LOOP_FIRST2 issued 8 check-sat command(s)
[2026-06-06 15:15:48,468 INFO  L115    AnnotateAndAsserter]: Conjunction of SSA is unsat
[2026-06-06 15:15:48,468 INFO  L488   CegarNwaWorkerThread]: 3 mSDtfsCounter, 0 mSDsluCounter, 8 mSDsCounter, 0 mSdLazyCounter, 42 mSolverCounterSat, 0 mSolverCounterUnsat, 0 mSolverCounterUnknown, 0 mSolverCounterNotChecked, 0.0s Time, 0 mProtectedPredicate, 0 mProtectedAction, 0 SdHoareTripleChecker+Valid, 11 SdHoareTripleChecker+Invalid, 42 SdHoareTripleChecker+Unknown, 0 SdHoareTripleChecker+Unchecked, 0.0s SdHoareTripleChecker+Time, 0 IncrementalHoareTripleChecker+Valid, 42 IncrementalHoareTripleChecker+Invalid, 0 IncrementalHoareTripleChecker+Unknown, 0 IncrementalHoareTripleChecker+Unchecked, 0.0s IncrementalHoareTripleChecker+Time
[2026-06-06 15:15:48,468 INFO  L489   CegarNwaWorkerThread]: SdHoareTripleChecker [0 Valid, 11 Invalid, 42 Unknown, 0 Unchecked, 0.0s Time], IncrementalHoareTripleChecker [0 Valid, 42 Invalid, 0 Unknown, 0 Unchecked, 0.0s Time]
[2026-06-06 15:15:48,468 INFO  L256         TraceCheckSpWp]: Trace formula consists of 82 conjuncts, 15 conjuncts are in the unsatisfiable core
[2026-06-06 15:15:48,468 INFO  L224   CegarNwaWorkerThread]: Done with Thread: 107#
[2026-06-06 15:15:48,468 INFO  L196   CegarNwaWorkerThread]: WorkerThread: Thread[#107,Worker for 1949894467,5,main] is Waiting for a Task
[2026-06-06 15:15:48,469 INFO  L279         TraceCheckSpWp]: Computing forward predicates...
[2026-06-06 15:15:48,470 INFO  L657   ParallelNwaCegarLoop]: Waking up, a worker is done.
[2026-06-06 15:15:48,470 INFO  L297   ParallelNwaCegarLoop]: Main: A Thread is Done
[2026-06-06 15:15:48,470 INFO  L315   ParallelNwaCegarLoop]: Worker Automaton Type: FLOYD_HOARE
[2026-06-06 15:15:48,470 INFO  L79                 Accepts]: Start accepts. Automaton has 10 states and 10 transitions. Word has length 7
[2026-06-06 15:15:48,470 INFO  L85                 Accepts]: Finished accepts. word is rejected.
[2026-06-06 15:15:48,470 INFO  L771   ParallelNwaCegarLoop]: Recorded stale counterexample prefix coverage.
[2026-06-06 15:15:48,470 INFO  L317   ParallelNwaCegarLoop]: Refining Abstraction
[2026-06-06 15:15:48,470 INFO  L721   ParallelNwaCegarLoop]: Subtrahend traceHash: 1949894467
[2026-06-06 15:15:48,470 INFO  L687   ParallelNwaCegarLoop]: Difference in Main
[2026-06-06 15:15:48,470 INFO  L87              Difference]: Start difference. First operand 10 states and 10 transitions. Second operand  has 8 states, 7 states have (on average 2.4285714285714284) internal successors, (17), 8 states have internal predecessors, (17), 0 states have call successors, (0), 0 states have call predecessors, (0), 0 states have return successors, (0), 0 states have call predecessors, (0), 0 states have call successors, (0)
[2026-06-06 15:15:48,470 INFO  L144             Difference]: Subtrahend was deterministic. Have not used determinization.
[2026-06-06 15:15:48,470 INFO  L93              Difference]: Finished difference Result 10 states and 10 transitions.
[2026-06-06 15:15:48,471 INFO  L225             Difference]: With dead ends: 10
[2026-06-06 15:15:48,471 INFO  L226             Difference]: Without dead ends: 10
[2026-06-06 15:15:48,471 INFO  L82        GeneralOperation]: Start minimizeSevpa. Operand 10 states.
[2026-06-06 15:15:48,471 INFO  L88        GeneralOperation]: Finished minimizeSevpa. Reduced states from 10 to 10.
[2026-06-06 15:15:48,471 INFO  L82        GeneralOperation]: Start removeUnreachable. Operand  has 10 states, 9 states have (on average 1.1111111111111112) internal successors, (10), 9 states have internal predecessors, (10), 0 states have call successors, (0), 0 states have call predecessors, (0), 0 states have return successors, (0), 0 states have call predecessors, (0), 0 states have call successors, (0)
[2026-06-06 15:15:48,471 INFO  L88        GeneralOperation]: Finished removeUnreachable. Reduced from 10 states to 10 states and 10 transitions.
[2026-06-06 15:15:48,472 INFO  L699   ParallelNwaCegarLoop]: Main: Refinement done.
[2026-06-06 15:15:48,472 INFO  L617   ParallelNwaCegarLoop]: Checking if program is safe
[2026-06-06 15:15:48,472 INFO  L134       CoverageAnalysis]: Checked inductivity of 21 backedges. 0 proven. 21 refuted. 0 times theorem prover too weak. 0 trivial. 0 not checked.
[2026-06-06 15:15:48,472 INFO  L290                IsEmpty]: Start isEmpty. Operand 10 states and 10 transitions.
[2026-06-06 15:15:48,472 INFO  L136   FreeRefinementEngine]: Strategy CAMEL found an infeasible trace
[2026-06-06 15:15:48,472 INFO  L300                IsEmpty]: Finished isEmpty. Found accepting run of length 10
[2026-06-06 15:15:48,472 INFO  L199           NwaCegarLoop]: Found error trace
[2026-06-06 15:15:48,472 INFO  L207           NwaCegarLoop]: trace histogram [6, 1, 1, 1]
[2026-06-06 15:15:48,472 INFO  L340   ParallelNwaCegarLoop]: No more worker results to process
[2026-06-06 15:15:48,472 INFO  L290                IsEmpty]: Start isEmpty. Operand 10 states and 10 transitions.
[2026-06-06 15:15:48,472 INFO  L324   FreeRefinementEngine]: Using interpolant generator IpTcStrategyModuleSmtInterpolCraig [1024865475]
[2026-06-06 15:15:48,472 INFO  L300                IsEmpty]: Finished isEmpty. Found accepting run of length 10
[2026-06-06 15:15:48,472 WARN  L753                IsEmpty]: Correctness of emptinessCheck not tested.
[2026-06-06 15:15:48,472 INFO  L79                 Accepts]: Start accepts. Automaton has 10 states and 10 transitions. Word has length 9
[2026-06-06 15:15:48,472 INFO  L85                 Accepts]: Finished accepts. word is accepted.
[2026-06-06 15:15:48,472 INFO  L757                IsEmpty]: Finished testing correctness of emptinessCheck
[2026-06-06 15:15:48,472 INFO  L1057  ParallelNwaCegarLoop]: BFS found an active duplicate counterexample.
[2026-06-06 15:15:48,472 INFO  L290                IsEmpty]: Start isEmptyParallel. Operand 10 states and 10 transitions.
[2026-06-06 15:15:48,472 INFO  L300                IsEmpty]: Finished isEmptyParallel. No accepting run.
[2026-06-06 15:15:48,472 INFO  L156        IsEmptyParallel]: Start isEmptyParallel. Operand 10 states and 10 transitions.
[2026-06-06 15:15:48,472 INFO  L158   FreeRefinementEngine]: IpTcStrategyModuleSmtInterpolCraig [1024865475] provided 0 perfect and 1 imperfect interpolant sequences
[2026-06-06 15:15:48,472 INFO  L324   FreeRefinementEngine]: Using interpolant generator IpTcStrategyModuleZ3 [504080211]
[2026-06-06 15:15:48,472 INFO  L95    rtionOrderModulation]: Changing assertion order to NOT_INCREMENTALLY
[2026-06-06 15:15:48,472 INFO  L173          SolverBuilder]: Constructing external solver with command: z3 -smt2 -in SMTLIB2_COMPLIANT=true
[2026-06-06 15:15:48,473 INFO  L182       IsEmptyHeuristic]: Start isEmptyHeuristic. Operand 10 states and 10 transitions.
[2026-06-06 15:15:48,473 INFO  L188       IsEmptyHeuristic]: Finished isEmptyHeuristic. Found accepting run of length 25
[2026-06-06 15:15:48,473 INFO  L163        IsEmptyParallel]: Finished isEmptyParallel. Found accepting run of length 25
[2026-06-06 15:15:48,473 WARN  L753                IsEmpty]: Correctness of emptinessCheck not tested.
[2026-06-06 15:15:48,473 INFO  L79                 Accepts]: Start accepts. Automaton has 10 states and 10 transitions. Word has length 24
[2026-06-06 15:15:48,474 INFO  L85                 Accepts]: Finished accepts. word is accepted.
[2026-06-06 15:15:48,474 INFO  L757                IsEmpty]: Finished testing correctness of emptinessCheck
[2026-06-06 15:15:48,474 INFO  L1052  ParallelNwaCegarLoop]: Found new Counterexample via IsEmptyParallel PAPER!
[2026-06-06 15:15:48,474 INFO  L86        PathProgramCache]: Analyzing trace with hash -947519700, now seen corresponding path program 20 times
[2026-06-06 15:15:48,474 INFO  L637   ParallelNwaCegarLoop]: Main: Starting Thread
[2026-06-06 15:15:48,474 INFO  L287   ParallelNwaCegarLoop]: === Iteration 6 ===
[2026-06-06 15:15:48,474 INFO  L654   ParallelNwaCegarLoop]: All threads busy, going to sleep.
[2026-06-06 15:15:48,474 INFO  L209   CegarNwaWorkerThread]: Starting Thread: 107# for Trace Check: -947519700
[2026-06-06 15:15:48,474 INFO  L156       PredicateUnifier]: Initialized classic predicate unifier
[2026-06-06 15:15:48,474 INFO  L86        PathProgramCache]: Analyzing trace with hash -947519700, now seen corresponding path program 20 times
[2026-06-06 15:15:48,474 INFO  L118   FreeRefinementEngine]: Executing refinement strategy CAMEL
[2026-06-06 15:15:48,474 INFO  L324   FreeRefinementEngine]: Using trace check IpTcStrategyModuleSmtInterpolCraig [721179277]
[2026-06-06 15:15:48,474 INFO  L95    rtionOrderModulation]: Changing assertion order to OUTSIDE_LOOP_FIRST1
[2026-06-06 15:15:48,475 INFO  L127          SolverBuilder]: Constructing new instance of SMTInterpol with explicit timeout -1 ms and remaining time -1 ms
[2026-06-06 15:15:48,475 INFO  L189       MonitoredProcess]: No working directory specified, using /usr/bin/z3
[2026-06-06 15:15:48,477 INFO  L229       MonitoredProcess]: Starting monitored process 33 with /usr/bin/z3 -smt2 -in SMTLIB2_COMPLIANT=true (exit command is (exit), workingDir is null)
[2026-06-06 15:15:48,478 INFO  L108    AnnotateAndAsserter]: Assert order OUTSIDE_LOOP_FIRST1 partitioned 24 statements into 2 equivalence classes.
[2026-06-06 15:15:48,479 INFO  L327       MonitoredProcess]: [MP /usr/bin/z3 -smt2 -in SMTLIB2_COMPLIANT=true (33)] Waiting until timeout for monitored process
[2026-06-06 15:15:48,483 INFO  L134       CoverageAnalysis]: Checked inductivity of 120 backedges. 63 proven. 21 refuted. 0 times theorem prover too weak. 36 trivial. 0 not checked.
[2026-06-06 15:15:48,483 INFO  L312         TraceCheckSpWp]: Computing backward predicates...
[2026-06-06 15:15:48,485 INFO  L134       CoverageAnalysis]: Checked inductivity of 91 backedges. 13 proven. 78 refuted. 0 times theorem prover too weak. 0 trivial. 0 not checked.
[2026-06-06 15:15:48,485 INFO  L312         TraceCheckSpWp]: Computing backward predicates...
[2026-06-06 15:15:48,485 INFO  L134       CoverageAnalysis]: Checked inductivity of 136 backedges. 101 proven. 15 refuted. 0 times theorem prover too weak. 20 trivial. 0 not checked.
[2026-06-06 15:15:48,485 INFO  L136   FreeRefinementEngine]: Strategy CAMEL found an infeasible trace
[2026-06-06 15:15:48,486 INFO  L324   FreeRefinementEngine]: Using interpolant generator IpTcStrategyModuleSmtInterpolCraig [112577618]
[2026-06-06 15:15:48,486 INFO  L158   FreeRefinementEngine]: IpTcStrategyModuleSmtInterpolCraig [112577618] provided 0 perfect and 1 imperfect interpolant sequences
[2026-06-06 15:15:48,486 INFO  L324   FreeRefinementEngine]: Using interpolant generator IpTcStrategyModuleZ3 [1719798777]
[2026-06-06 15:15:48,486 INFO  L95    rtionOrderModulation]: Changing assertion order to INSIDE_LOOP_FIRST1
[2026-06-06 15:15:48,486 INFO  L173          SolverBuilder]: Constructing external solver with command: z3 -smt2 -in SMTLIB2_COMPLIANT=true
[2026-06-06 15:15:48,488 INFO  L189       MonitoredProcess]: No working directory specified, using /usr/bin/z3
[2026-06-06 15:15:48,488 INFO  L111    AnnotateAndAsserter]: Assert order OUTSIDE_LOOP_FIRST1 issued 2 check-sat command(s) and asserted 24 of 24 statements.
[2026-06-06 15:15:48,489 INFO  L114    AnnotateAndAsserter]: Assert order OUTSIDE_LOOP_FIRST1 issued 2 check-sat command(s)
[2026-06-06 15:15:48,489 INFO  L115    AnnotateAndAsserter]: Conjunction of SSA is unsat
[2026-06-06 15:15:48,490 INFO  L229       MonitoredProcess]: Starting monitored process 34 with /usr/bin/z3 -smt2 -in SMTLIB2_COMPLIANT=true (exit command is (exit), workingDir is null)
[2026-06-06 15:15:48,491 INFO  L327       MonitoredProcess]: [MP /usr/bin/z3 -smt2 -in SMTLIB2_COMPLIANT=true (34)] Waiting until timeout for monitored process
[2026-06-06 15:15:48,496 INFO  L108    AnnotateAndAsserter]: Assert order NOT_INCREMENTALLY partitioned 9 statements into 1 equivalence classes.
[2026-06-06 15:15:48,501 INFO  L134       CoverageAnalysis]: Checked inductivity of 28 backedges. 7 proven. 21 refuted. 0 times theorem prover too weak. 0 trivial. 0 not checked.
[2026-06-06 15:15:48,501 INFO  L158   FreeRefinementEngine]: IpTcStrategyModuleZ3 [1196607929] provided 0 perfect and 2 imperfect interpolant sequences
[2026-06-06 15:15:48,501 INFO  L185   FreeRefinementEngine]: Found 0 perfect and 3 imperfect interpolant sequences.
[2026-06-06 15:15:48,501 INFO  L198   FreeRefinementEngine]: Number of different interpolants: perfect sequences [] imperfect sequences [8, 8, 8] total 16
[2026-06-06 15:15:48,502 INFO  L122   tionRefinementEngine]: Using interpolant automaton builder IpAbStrategyModuleStraightlineAll [1647396280]
[2026-06-06 15:15:48,502 INFO  L85    oduleStraightlineAll]: Using 3 imperfect interpolants to construct interpolant automaton
[2026-06-06 15:15:48,502 INFO  L100   FreeRefinementEngine]: Using predicate unifier PredicateUnifier provided by strategy CAMEL
[2026-06-06 15:15:48,502 INFO  L144   InterpolantAutomaton]: Constructing interpolant automaton starting with 17 interpolants.
[2026-06-06 15:15:48,502 INFO  L146   InterpolantAutomaton]: CoverageRelationStatistics Valid=61, Invalid=211, Unknown=0, NotChecked=0, Total=272
[2026-06-06 15:15:48,502 INFO  L419   CegarNwaWorkerThread]: Difference in Worker for Generalization
[2026-06-06 15:15:48,502 INFO  L87              Difference]: Start difference. First operand  has 5 states, 3 states have (on average 1.6666666666666667) internal successors, (5), 4 states have internal predecessors, (5), 0 states have call successors, (0), 0 states have call predecessors, (0), 0 states have return successors, (0), 0 states have call predecessors, (0), 0 states have call successors, (0) Second operand  has 17 states, 17 states have (on average 1.1764705882352942) internal successors, (20), 16 states have internal predecessors, (20), 0 states have call successors, (0), 0 states have call predecessors, (0), 0 states have return successors, (0), 0 states have call predecessors, (0), 0 states have call successors, (0)
[2026-06-06 15:15:48,503 INFO  L111    AnnotateAndAsserter]: Assert order NOT_INCREMENTALLY issued 1 check-sat command(s) and asserted 9 of 9 statements.
[2026-06-06 15:15:48,503 INFO  L114    AnnotateAndAsserter]: Assert order NOT_INCREMENTALLY issued 1 check-sat command(s)
[2026-06-06 15:15:48,503 INFO  L115    AnnotateAndAsserter]: Conjunction of SSA is unsat
[2026-06-06 15:15:48,503 INFO  L256         TraceCheckSpWp]: Trace formula consists of 42 conjuncts, 18 conjuncts are in the unsatisfiable core
[2026-06-06 15:15:48,504 INFO  L279         TraceCheckSpWp]: Computing forward predicates...
[2026-06-06 15:15:48,508 INFO  L108    AnnotateAndAsserter]: Assert order INSIDE_LOOP_FIRST1 partitioned 19 statements into 9 equivalence classes.
[2026-06-06 15:15:48,510 INFO  L144             Difference]: Subtrahend was deterministic. Have not used determinization.
[2026-06-06 15:15:48,510 INFO  L93              Difference]: Finished difference Result 10 states and 10 transitions.
[2026-06-06 15:15:48,511 INFO  L140   InterpolantAutomaton]: Switched to read-only mode: deterministic interpolant automaton has 8 states. 
[2026-06-06 15:15:48,511 INFO  L225             Difference]: With dead ends: 10
[2026-06-06 15:15:48,511 INFO  L226             Difference]: Without dead ends: 10
[2026-06-06 15:15:48,511 INFO  L487   CegarNwaWorkerThread]: 0 DeclaredPredicates, 21 GetRequests, 8 SyntacticMatches, 0 SemanticMatches, 13 ConstructedPredicates, 0 IntricatePredicates, 0 DeprecatedPredicates, 27 ImplicationChecksByTransitivity, 0.1s TimeCoverageRelationStatistics Valid=55, Invalid=155, Unknown=0, NotChecked=0, Total=210
[2026-06-06 15:15:48,511 INFO  L488   CegarNwaWorkerThread]: 3 mSDtfsCounter, 0 mSDsluCounter, 11 mSDsCounter, 0 mSdLazyCounter, 65 mSolverCounterSat, 0 mSolverCounterUnsat, 0 mSolverCounterUnknown, 0 mSolverCounterNotChecked, 0.0s Time, 0 mProtectedPredicate, 0 mProtectedAction, 0 SdHoareTripleChecker+Valid, 14 SdHoareTripleChecker+Invalid, 65 SdHoareTripleChecker+Unknown, 0 SdHoareTripleChecker+Unchecked, 0.0s SdHoareTripleChecker+Time, 0 IncrementalHoareTripleChecker+Valid, 65 IncrementalHoareTripleChecker+Invalid, 0 IncrementalHoareTripleChecker+Unknown, 0 IncrementalHoareTripleChecker+Unchecked, 0.0s IncrementalHoareTripleChecker+Time
[2026-06-06 15:15:48,512 INFO  L489   CegarNwaWorkerThread]: SdHoareTripleChecker [0 Valid, 14 Invalid, 65 Unknown, 0 Unchecked, 0.0s Time], IncrementalHoareTripleChecker [0 Valid, 65 Invalid, 0 Unknown, 0 Unchecked, 0.0s Time]
[2026-06-06 15:15:48,512 INFO  L224   CegarNwaWorkerThread]: Done with Thread: 113#
[2026-06-06 15:15:48,512 INFO  L196   CegarNwaWorkerThread]: WorkerThread: Thread[#113,Worker for 317188140,5,main] is Waiting for a Task
[2026-06-06 15:15:48,512 INFO  L657   ParallelNwaCegarLoop]: Waking up, a worker is done.
[2026-06-06 15:15:48,512 INFO  L297   ParallelNwaCegarLoop]: Main: A Thread is Done
[2026-06-06 15:15:48,512 INFO  L315   ParallelNwaCegarLoop]: Worker Automaton Type: FLOYD_HOARE
[2026-06-06 15:15:48,512 INFO  L79                 Accepts]: Start accepts. Automaton has 10 states and 10 transitions. Word has length 8
[2026-06-06 15:15:48,512 INFO  L85                 Accepts]: Finished accepts. word is rejected.
[2026-06-06 15:15:48,512 INFO  L771   ParallelNwaCegarLoop]: Recorded stale counterexample prefix coverage.
[2026-06-06 15:15:48,512 INFO  L317   ParallelNwaCegarLoop]: Refining Abstraction
[2026-06-06 15:15:48,512 INFO  L721   ParallelNwaCegarLoop]: Subtrahend traceHash: 317188140
[2026-06-06 15:15:48,512 INFO  L687   ParallelNwaCegarLoop]: Difference in Main
[2026-06-06 15:15:48,512 INFO  L87              Difference]: Start difference. First operand 10 states and 10 transitions. Second operand  has 8 states, 7 states have (on average 2.4285714285714284) internal successors, (17), 8 states have internal predecessors, (17), 0 states have call successors, (0), 0 states have call predecessors, (0), 0 states have return successors, (0), 0 states have call predecessors, (0), 0 states have call successors, (0)
[2026-06-06 15:15:48,513 INFO  L144             Difference]: Subtrahend was deterministic. Have not used determinization.
[2026-06-06 15:15:48,513 INFO  L93              Difference]: Finished difference Result 10 states and 10 transitions.
[2026-06-06 15:15:48,513 INFO  L225             Difference]: With dead ends: 10
[2026-06-06 15:15:48,513 INFO  L226             Difference]: Without dead ends: 10
[2026-06-06 15:15:48,513 INFO  L82        GeneralOperation]: Start minimizeSevpa. Operand 10 states.
[2026-06-06 15:15:48,513 INFO  L88        GeneralOperation]: Finished minimizeSevpa. Reduced states from 10 to 10.
[2026-06-06 15:15:48,513 INFO  L82        GeneralOperation]: Start removeUnreachable. Operand  has 10 states, 9 states have (on average 1.1111111111111112) internal successors, (10), 9 states have internal predecessors, (10), 0 states have call successors, (0), 0 states have call predecessors, (0), 0 states have return successors, (0), 0 states have call predecessors, (0), 0 states have call successors, (0)
[2026-06-06 15:15:48,513 INFO  L88        GeneralOperation]: Finished removeUnreachable. Reduced from 10 states to 10 states and 10 transitions.
[2026-06-06 15:15:48,513 INFO  L699   ParallelNwaCegarLoop]: Main: Refinement done.
[2026-06-06 15:15:48,513 INFO  L617   ParallelNwaCegarLoop]: Checking if program is safe
[2026-06-06 15:15:48,514 INFO  L290                IsEmpty]: Start isEmpty. Operand 10 states and 10 transitions.
[2026-06-06 15:15:48,514 INFO  L300                IsEmpty]: Finished isEmpty. Found accepting run of length 10
[2026-06-06 15:15:48,514 INFO  L199           NwaCegarLoop]: Found error trace
[2026-06-06 15:15:48,514 INFO  L207           NwaCegarLoop]: trace histogram [6, 1, 1, 1]
[2026-06-06 15:15:48,514 INFO  L340   ParallelNwaCegarLoop]: No more worker results to process
[2026-06-06 15:15:48,514 INFO  L290                IsEmpty]: Start isEmpty. Operand 10 states and 10 transitions.
[2026-06-06 15:15:48,514 INFO  L300                IsEmpty]: Finished isEmpty. Found accepting run of length 10
[2026-06-06 15:15:48,514 WARN  L753                IsEmpty]: Correctness of emptinessCheck not tested.
[2026-06-06 15:15:48,514 INFO  L79                 Accepts]: Start accepts. Automaton has 10 states and 10 transitions. Word has length 9
[2026-06-06 15:15:48,514 INFO  L85                 Accepts]: Finished accepts. word is accepted.
[2026-06-06 15:15:48,514 INFO  L757                IsEmpty]: Finished testing correctness of emptinessCheck
[2026-06-06 15:15:48,514 INFO  L1057  ParallelNwaCegarLoop]: BFS found an active duplicate counterexample.
[2026-06-06 15:15:48,514 INFO  L290                IsEmpty]: Start isEmptyParallel. Operand 10 states and 10 transitions.
[2026-06-06 15:15:48,514 INFO  L300                IsEmpty]: Finished isEmptyParallel. No accepting run.
[2026-06-06 15:15:48,514 INFO  L156        IsEmptyParallel]: Start isEmptyParallel. Operand 10 states and 10 transitions.
[2026-06-06 15:15:48,514 INFO  L182       IsEmptyHeuristic]: Start isEmptyHeuristic. Operand 10 states and 10 transitions.
[2026-06-06 15:15:48,515 INFO  L188       IsEmptyHeuristic]: Finished isEmptyHeuristic. Found accepting run of length 24
[2026-06-06 15:15:48,515 INFO  L163        IsEmptyParallel]: Finished isEmptyParallel. Found accepting run of length 24
[2026-06-06 15:15:48,515 WARN  L753                IsEmpty]: Correctness of emptinessCheck not tested.
[2026-06-06 15:15:48,515 INFO  L79                 Accepts]: Start accepts. Automaton has 10 states and 10 transitions. Word has length 23
[2026-06-06 15:15:48,515 INFO  L85                 Accepts]: Finished accepts. word is accepted.
[2026-06-06 15:15:48,515 INFO  L757                IsEmpty]: Finished testing correctness of emptinessCheck
[2026-06-06 15:15:48,515 INFO  L1052  ParallelNwaCegarLoop]: Found new Counterexample via IsEmptyParallel PAPER!
[2026-06-06 15:15:48,515 INFO  L86        PathProgramCache]: Analyzing trace with hash 939266115, now seen corresponding path program 21 times
[2026-06-06 15:15:48,515 INFO  L637   ParallelNwaCegarLoop]: Main: Starting Thread
[2026-06-06 15:15:48,515 INFO  L287   ParallelNwaCegarLoop]: === Iteration 7 ===
[2026-06-06 15:15:48,515 INFO  L654   ParallelNwaCegarLoop]: All threads busy, going to sleep.
[2026-06-06 15:15:48,515 INFO  L209   CegarNwaWorkerThread]: Starting Thread: 113# for Trace Check: 939266115
[2026-06-06 15:15:48,515 INFO  L156       PredicateUnifier]: Initialized classic predicate unifier
[2026-06-06 15:15:48,516 INFO  L86        PathProgramCache]: Analyzing trace with hash 939266115, now seen corresponding path program 21 times
[2026-06-06 15:15:48,516 INFO  L118   FreeRefinementEngine]: Executing refinement strategy CAMEL
[2026-06-06 15:15:48,516 INFO  L324   FreeRefinementEngine]: Using trace check IpTcStrategyModuleSmtInterpolCraig [1798658791]
[2026-06-06 15:15:48,516 INFO  L95    rtionOrderModulation]: Changing assertion order to OUTSIDE_LOOP_FIRST2
[2026-06-06 15:15:48,516 INFO  L127          SolverBuilder]: Constructing new instance of SMTInterpol with explicit timeout -1 ms and remaining time -1 ms
[2026-06-06 15:15:48,517 INFO  L134       CoverageAnalysis]: Checked inductivity of 45 backedges. 21 proven. 21 refuted. 0 times theorem prover too weak. 3 trivial. 0 not checked.
[2026-06-06 15:15:48,517 INFO  L158   FreeRefinementEngine]: IpTcStrategyModuleZ3 [1529380221] provided 0 perfect and 2 imperfect interpolant sequences
[2026-06-06 15:15:48,517 INFO  L185   FreeRefinementEngine]: Found 0 perfect and 3 imperfect interpolant sequences.
[2026-06-06 15:15:48,517 INFO  L198   FreeRefinementEngine]: Number of different interpolants: perfect sequences [] imperfect sequences [8, 8, 8] total 16
[2026-06-06 15:15:48,517 INFO  L122   tionRefinementEngine]: Using interpolant automaton builder IpAbStrategyModuleStraightlineAll [434169762]
[2026-06-06 15:15:48,517 INFO  L85    oduleStraightlineAll]: Using 3 imperfect interpolants to construct interpolant automaton
[2026-06-06 15:15:48,517 INFO  L100   FreeRefinementEngine]: Using predicate unifier PredicateUnifier provided by strategy CAMEL
[2026-06-06 15:15:48,518 INFO  L144   InterpolantAutomaton]: Constructing interpolant automaton starting with 17 interpolants.
[2026-06-06 15:15:48,518 INFO  L146   InterpolantAutomaton]: CoverageRelationStatistics Valid=61, Invalid=211, Unknown=0, NotChecked=0, Total=272
[2026-06-06 15:15:48,518 INFO  L419   CegarNwaWorkerThread]: Difference in Worker for Generalization
[2026-06-06 15:15:48,518 INFO  L87              Difference]: Start difference. First operand  has 5 states, 3 states have (on average 1.6666666666666667) internal successors, (5), 4 states have internal predecessors, (5), 0 states have call successors, (0), 0 states have call predecessors, (0), 0 states have return successors, (0), 0 states have call predecessors, (0), 0 states have call successors, (0) Second operand  has 17 states, 17 states have (on average 1.2352941176470589) internal successors, (21), 16 states have internal predecessors, (21), 0 states have call successors, (0), 0 states have call predecessors, (0), 0 states have return successors, (0), 0 states have call predecessors, (0), 0 states have call successors, (0)
[2026-06-06 15:15:48,521 INFO  L108    AnnotateAndAsserter]: Assert order OUTSIDE_LOOP_FIRST2 partitioned 23 statements into 11 equivalence classes.
[2026-06-06 15:15:48,527 INFO  L111    AnnotateAndAsserter]: Assert order INSIDE_LOOP_FIRST1 issued 4 check-sat command(s) and asserted 8 of 19 statements.
[2026-06-06 15:15:48,527 INFO  L114    AnnotateAndAsserter]: Assert order INSIDE_LOOP_FIRST1 issued 4 check-sat command(s)
[2026-06-06 15:15:48,527 INFO  L115    AnnotateAndAsserter]: Conjunction of SSA is unsat
[2026-06-06 15:15:48,528 INFO  L256         TraceCheckSpWp]: Trace formula consists of 42 conjuncts, 19 conjuncts are in the unsatisfiable core
[2026-06-06 15:15:48,529 INFO  L279         TraceCheckSpWp]: Computing forward predicates...
[2026-06-06 15:15:48,532 INFO  L111    AnnotateAndAsserter]: Assert order OUTSIDE_LOOP_FIRST2 issued 8 check-sat command(s) and asserted 17 of 23 statements.
[2026-06-06 15:15:48,532 INFO  L114    AnnotateAndAsserter]: Assert order OUTSIDE_LOOP_FIRST2 issued 8 check-sat command(s)
[2026-06-06 15:15:48,532 INFO  L115    AnnotateAndAsserter]: Conjunction of SSA is unsat
[2026-06-06 15:15:48,534 INFO  L134       CoverageAnalysis]: Checked inductivity of 171 backedges. 84 proven. 21 refuted. 0 times theorem prover too weak. 66 trivial. 0 not checked.
[2026-06-06 15:15:48,535 INFO  L136   FreeRefinementEngine]: Strategy CAMEL found an infeasible trace
[2026-06-06 15:15:48,535 INFO  L324   FreeRefinementEngine]: Using interpolant generator IpTcStrategyModuleSmtInterpolCraig [1610429663]
[2026-06-06 15:15:48,535 INFO  L158   FreeRefinementEngine]: IpTcStrategyModuleSmtInterpolCraig [1610429663] provided 0 perfect and 1 imperfect interpolant sequences
[2026-06-06 15:15:48,535 INFO  L324   FreeRefinementEngine]: Using interpolant generator IpTcStrategyModuleZ3 [609159763]
[2026-06-06 15:15:48,535 INFO  L95    rtionOrderModulation]: Changing assertion order to NOT_INCREMENTALLY
[2026-06-06 15:15:48,535 INFO  L173          SolverBuilder]: Constructing external solver with command: z3 -smt2 -in SMTLIB2_COMPLIANT=true
[2026-06-06 15:15:48,537 INFO  L189       MonitoredProcess]: No working directory specified, using /usr/bin/z3
[2026-06-06 15:15:48,542 INFO  L229       MonitoredProcess]: Starting monitored process 35 with /usr/bin/z3 -smt2 -in SMTLIB2_COMPLIANT=true (exit command is (exit), workingDir is null)
[2026-06-06 15:15:48,543 INFO  L327       MonitoredProcess]: [MP /usr/bin/z3 -smt2 -in SMTLIB2_COMPLIANT=true (35)] Waiting until timeout for monitored process
[2026-06-06 15:15:48,545 INFO  L134       CoverageAnalysis]: Checked inductivity of 66 backedges. 52 proven. 8 refuted. 0 times theorem prover too weak. 6 trivial. 0 not checked.
[2026-06-06 15:15:48,545 INFO  L312         TraceCheckSpWp]: Computing backward predicates...
[2026-06-06 15:15:48,546 INFO  L134       CoverageAnalysis]: Checked inductivity of 36 backedges. 0 proven. 36 refuted. 0 times theorem prover too weak. 0 trivial. 0 not checked.
[2026-06-06 15:15:48,546 INFO  L312         TraceCheckSpWp]: Computing backward predicates...
[2026-06-06 15:15:48,548 INFO  L134       CoverageAnalysis]: Checked inductivity of 190 backedges. 91 proven. 21 refuted. 0 times theorem prover too weak. 78 trivial. 0 not checked.
[2026-06-06 15:15:48,548 INFO  L136   FreeRefinementEngine]: Strategy CAMEL found an infeasible trace
[2026-06-06 15:15:48,548 INFO  L324   FreeRefinementEngine]: Using interpolant generator IpTcStrategyModuleSmtInterpolCraig [744948348]
[2026-06-06 15:15:48,548 INFO  L158   FreeRefinementEngine]: IpTcStrategyModuleSmtInterpolCraig [744948348] provided 0 perfect and 1 imperfect interpolant sequences
[2026-06-06 15:15:48,548 INFO  L324   FreeRefinementEngine]: Using interpolant generator IpTcStrategyModuleZ3 [1039592516]
[2026-06-06 15:15:48,548 INFO  L95    rtionOrderModulation]: Changing assertion order to NOT_INCREMENTALLY
[2026-06-06 15:15:48,548 INFO  L173          SolverBuilder]: Constructing external solver with command: z3 -smt2 -in SMTLIB2_COMPLIANT=true
[2026-06-06 15:15:48,550 INFO  L189       MonitoredProcess]: No working directory specified, using /usr/bin/z3
[2026-06-06 15:15:48,552 INFO  L229       MonitoredProcess]: Starting monitored process 36 with /usr/bin/z3 -smt2 -in SMTLIB2_COMPLIANT=true (exit command is (exit), workingDir is null)
[2026-06-06 15:15:48,553 INFO  L327       MonitoredProcess]: [MP /usr/bin/z3 -smt2 -in SMTLIB2_COMPLIANT=true (36)] Waiting until timeout for monitored process
[2026-06-06 15:15:48,554 INFO  L144             Difference]: Subtrahend was deterministic. Have not used determinization.
[2026-06-06 15:15:48,554 INFO  L93              Difference]: Finished difference Result 10 states and 9 transitions.
[2026-06-06 15:15:48,554 INFO  L140   InterpolantAutomaton]: Switched to read-only mode: deterministic interpolant automaton has 9 states. 
[2026-06-06 15:15:48,554 INFO  L225             Difference]: With dead ends: 10
[2026-06-06 15:15:48,554 INFO  L226             Difference]: Without dead ends: 10
[2026-06-06 15:15:48,555 INFO  L487   CegarNwaWorkerThread]: 0 DeclaredPredicates, 26 GetRequests, 11 SyntacticMatches, 0 SemanticMatches, 15 ConstructedPredicates, 0 IntricatePredicates, 0 DeprecatedPredicates, 14 ImplicationChecksByTransitivity, 0.1s TimeCoverageRelationStatistics Valid=61, Invalid=211, Unknown=0, NotChecked=0, Total=272
[2026-06-06 15:15:48,555 INFO  L488   CegarNwaWorkerThread]: 2 mSDtfsCounter, 0 mSDsluCounter, 10 mSDsCounter, 0 mSdLazyCounter, 73 mSolverCounterSat, 6 mSolverCounterUnsat, 0 mSolverCounterUnknown, 0 mSolverCounterNotChecked, 0.0s Time, 0 mProtectedPredicate, 0 mProtectedAction, 0 SdHoareTripleChecker+Valid, 12 SdHoareTripleChecker+Invalid, 79 SdHoareTripleChecker+Unknown, 0 SdHoareTripleChecker+Unchecked, 0.0s SdHoareTripleChecker+Time, 6 IncrementalHoareTripleChecker+Valid, 73 IncrementalHoareTripleChecker+Invalid, 0 IncrementalHoareTripleChecker+Unknown, 0 IncrementalHoareTripleChecker+Unchecked, 0.0s IncrementalHoareTripleChecker+Time
[2026-06-06 15:15:48,556 INFO  L489   CegarNwaWorkerThread]: SdHoareTripleChecker [0 Valid, 12 Invalid, 79 Unknown, 0 Unchecked, 0.0s Time], IncrementalHoareTripleChecker [6 Valid, 73 Invalid, 0 Unknown, 0 Unchecked, 0.0s Time]
[2026-06-06 15:15:48,556 INFO  L224   CegarNwaWorkerThread]: Done with Thread: 125#
[2026-06-06 15:15:48,556 INFO  L196   CegarNwaWorkerThread]: WorkerThread: Thread[#125,Worker for -124817652,5,main] is Waiting for a Task
[2026-06-06 15:15:48,556 INFO  L657   ParallelNwaCegarLoop]: Waking up, a worker is done.
[2026-06-06 15:15:48,556 INFO  L297   ParallelNwaCegarLoop]: Main: A Thread is Done
[2026-06-06 15:15:48,556 INFO  L315   ParallelNwaCegarLoop]: Worker Automaton Type: FLOYD_HOARE
[2026-06-06 15:15:48,556 INFO  L79                 Accepts]: Start accepts. Automaton has 10 states and 10 transitions. Word has length 10
[2026-06-06 15:15:48,556 INFO  L85                 Accepts]: Finished accepts. word is accepted.
[2026-06-06 15:15:48,556 INFO  L317   ParallelNwaCegarLoop]: Refining Abstraction
[2026-06-06 15:15:48,556 INFO  L721   ParallelNwaCegarLoop]: Subtrahend traceHash: -124817652
[2026-06-06 15:15:48,556 INFO  L687   ParallelNwaCegarLoop]: Difference in Main
[2026-06-06 15:15:48,556 INFO  L87              Difference]: Start difference. First operand 10 states and 10 transitions. Second operand  has 9 states, 8 states have (on average 2.125) internal successors, (17), 9 states have internal predecessors, (17), 0 states have call successors, (0), 0 states have call predecessors, (0), 0 states have return successors, (0), 0 states have call predecessors, (0), 0 states have call successors, (0)
[2026-06-06 15:15:48,557 INFO  L144             Difference]: Subtrahend was deterministic. Have not used determinization.
[2026-06-06 15:15:48,557 INFO  L93              Difference]: Finished difference Result 10 states and 9 transitions.
[2026-06-06 15:15:48,557 INFO  L225             Difference]: With dead ends: 10
[2026-06-06 15:15:48,557 INFO  L226             Difference]: Without dead ends: 10
[2026-06-06 15:15:48,557 INFO  L82        GeneralOperation]: Start minimizeSevpa. Operand 10 states.
[2026-06-06 15:15:48,558 INFO  L88        GeneralOperation]: Finished minimizeSevpa. Reduced states from 10 to 10.
[2026-06-06 15:15:48,558 INFO  L82        GeneralOperation]: Start removeUnreachable. Operand  has 10 states, 9 states have (on average 1.0) internal successors, (9), 9 states have internal predecessors, (9), 0 states have call successors, (0), 0 states have call predecessors, (0), 0 states have return successors, (0), 0 states have call predecessors, (0), 0 states have call successors, (0)
[2026-06-06 15:15:48,558 INFO  L88        GeneralOperation]: Finished removeUnreachable. Reduced from 10 states to 10 states and 9 transitions.
[2026-06-06 15:15:48,558 INFO  L699   ParallelNwaCegarLoop]: Main: Refinement done.
[2026-06-06 15:15:48,558 INFO  L617   ParallelNwaCegarLoop]: Checking if program is safe
[2026-06-06 15:15:48,558 INFO  L290                IsEmpty]: Start isEmpty. Operand 10 states and 9 transitions.
[2026-06-06 15:15:48,558 INFO  L300                IsEmpty]: Finished isEmpty. Found accepting run of length 10
[2026-06-06 15:15:48,558 INFO  L199           NwaCegarLoop]: Found error trace
[2026-06-06 15:15:48,558 INFO  L207           NwaCegarLoop]: trace histogram [6, 1, 1, 1]
[2026-06-06 15:15:48,558 INFO  L340   ParallelNwaCegarLoop]: No more worker results to process
[2026-06-06 15:15:48,558 INFO  L290                IsEmpty]: Start isEmpty. Operand 10 states and 9 transitions.
[2026-06-06 15:15:48,558 INFO  L300                IsEmpty]: Finished isEmpty. Found accepting run of length 10
[2026-06-06 15:15:48,558 WARN  L753                IsEmpty]: Correctness of emptinessCheck not tested.
[2026-06-06 15:15:48,558 INFO  L79                 Accepts]: Start accepts. Automaton has 10 states and 9 transitions. Word has length 9
[2026-06-06 15:15:48,558 INFO  L85                 Accepts]: Finished accepts. word is accepted.
[2026-06-06 15:15:48,558 INFO  L757                IsEmpty]: Finished testing correctness of emptinessCheck
[2026-06-06 15:15:48,558 INFO  L1057  ParallelNwaCegarLoop]: BFS found an active duplicate counterexample.
[2026-06-06 15:15:48,558 INFO  L290                IsEmpty]: Start isEmptyParallel. Operand 10 states and 9 transitions.
[2026-06-06 15:15:48,558 INFO  L300                IsEmpty]: Finished isEmptyParallel. No accepting run.
[2026-06-06 15:15:48,558 INFO  L156        IsEmptyParallel]: Start isEmptyParallel. Operand 10 states and 9 transitions.
[2026-06-06 15:15:48,558 INFO  L163        IsEmptyParallel]: Finished isEmptyParallel. No accepting run.
[2026-06-06 15:15:48,558 WARN  L749                IsEmpty]: Emptiness not double checked 
[2026-06-06 15:15:48,559 INFO  L1001  ParallelNwaCegarLoop]: Did not Find a Counterexample!
[2026-06-06 15:15:48,559 INFO  L287   ParallelNwaCegarLoop]: === Iteration 8 ===
[2026-06-06 15:15:48,559 INFO  L654   ParallelNwaCegarLoop]: All threads busy, going to sleep.
[2026-06-06 15:15:48,559 INFO  L108    AnnotateAndAsserter]: Assert order NOT_INCREMENTALLY partitioned 21 statements into 1 equivalence classes.
[2026-06-06 15:15:48,568 INFO  L144             Difference]: Subtrahend was deterministic. Have not used determinization.
[2026-06-06 15:15:48,568 INFO  L93              Difference]: Finished difference Result 10 states and 9 transitions.
[2026-06-06 15:15:48,568 INFO  L108    AnnotateAndAsserter]: Assert order NOT_INCREMENTALLY partitioned 22 statements into 1 equivalence classes.
[2026-06-06 15:15:48,568 INFO  L140   InterpolantAutomaton]: Switched to read-only mode: deterministic interpolant automaton has 9 states. 
[2026-06-06 15:15:48,569 INFO  L225             Difference]: With dead ends: 10
[2026-06-06 15:15:48,569 INFO  L226             Difference]: Without dead ends: 10
[2026-06-06 15:15:48,569 INFO  L487   CegarNwaWorkerThread]: 0 DeclaredPredicates, 30 GetRequests, 15 SyntacticMatches, 0 SemanticMatches, 15 ConstructedPredicates, 0 IntricatePredicates, 0 DeprecatedPredicates, 14 ImplicationChecksByTransitivity, 0.1s TimeCoverageRelationStatistics Valid=61, Invalid=211, Unknown=0, NotChecked=0, Total=272
[2026-06-06 15:15:48,570 INFO  L488   CegarNwaWorkerThread]: 2 mSDtfsCounter, 0 mSDsluCounter, 12 mSDsCounter, 0 mSdLazyCounter, 77 mSolverCounterSat, 6 mSolverCounterUnsat, 0 mSolverCounterUnknown, 0 mSolverCounterNotChecked, 0.0s Time, 0 mProtectedPredicate, 0 mProtectedAction, 0 SdHoareTripleChecker+Valid, 14 SdHoareTripleChecker+Invalid, 83 SdHoareTripleChecker+Unknown, 0 SdHoareTripleChecker+Unchecked, 0.0s SdHoareTripleChecker+Time, 6 IncrementalHoareTripleChecker+Valid, 77 IncrementalHoareTripleChecker+Invalid, 0 IncrementalHoareTripleChecker+Unknown, 0 IncrementalHoareTripleChecker+Unchecked, 0.0s IncrementalHoareTripleChecker+Time
[2026-06-06 15:15:48,570 INFO  L489   CegarNwaWorkerThread]: SdHoareTripleChecker [0 Valid, 14 Invalid, 83 Unknown, 0 Unchecked, 0.0s Time], IncrementalHoareTripleChecker [6 Valid, 77 Invalid, 0 Unknown, 0 Unchecked, 0.0s Time]
[2026-06-06 15:15:48,571 INFO  L111    AnnotateAndAsserter]: Assert order NOT_INCREMENTALLY issued 1 check-sat command(s) and asserted 21 of 21 statements.
[2026-06-06 15:15:48,571 INFO  L114    AnnotateAndAsserter]: Assert order NOT_INCREMENTALLY issued 1 check-sat command(s)
[2026-06-06 15:15:48,571 INFO  L115    AnnotateAndAsserter]: Conjunction of SSA is unsat
[2026-06-06 15:15:48,571 INFO  L256         TraceCheckSpWp]: Trace formula consists of 102 conjuncts, 29 conjuncts are in the unsatisfiable core
[2026-06-06 15:15:48,571 INFO  L224   CegarNwaWorkerThread]: Done with Thread: 137#
[2026-06-06 15:15:48,572 INFO  L196   CegarNwaWorkerThread]: WorkerThread: Thread[#137,Worker for 309378540,5,main] is Waiting for a Task
[2026-06-06 15:15:48,572 INFO  L657   ParallelNwaCegarLoop]: Waking up, a worker is done.
[2026-06-06 15:15:48,572 INFO  L297   ParallelNwaCegarLoop]: Main: A Thread is Done
[2026-06-06 15:15:48,572 INFO  L315   ParallelNwaCegarLoop]: Worker Automaton Type: FLOYD_HOARE
[2026-06-06 15:15:48,572 INFO  L79                 Accepts]: Start accepts. Automaton has 10 states and 9 transitions. Word has length 12
[2026-06-06 15:15:48,572 INFO  L85                 Accepts]: Finished accepts. word is rejected.
[2026-06-06 15:15:48,572 INFO  L771   ParallelNwaCegarLoop]: Recorded stale counterexample prefix coverage.
[2026-06-06 15:15:48,572 INFO  L317   ParallelNwaCegarLoop]: Refining Abstraction
[2026-06-06 15:15:48,572 INFO  L721   ParallelNwaCegarLoop]: Subtrahend traceHash: 309378540
[2026-06-06 15:15:48,572 INFO  L687   ParallelNwaCegarLoop]: Difference in Main
[2026-06-06 15:15:48,572 INFO  L87              Difference]: Start difference. First operand 10 states and 9 transitions. Second operand  has 9 states, 8 states have (on average 2.125) internal successors, (17), 9 states have internal predecessors, (17), 0 states have call successors, (0), 0 states have call predecessors, (0), 0 states have return successors, (0), 0 states have call predecessors, (0), 0 states have call successors, (0)
[2026-06-06 15:15:48,572 INFO  L144             Difference]: Subtrahend was deterministic. Have not used determinization.
[2026-06-06 15:15:48,572 INFO  L93              Difference]: Finished difference Result 10 states and 9 transitions.
[2026-06-06 15:15:48,572 INFO  L279         TraceCheckSpWp]: Computing forward predicates...
[2026-06-06 15:15:48,572 INFO  L225             Difference]: With dead ends: 10
[2026-06-06 15:15:48,572 INFO  L226             Difference]: Without dead ends: 10
[2026-06-06 15:15:48,572 INFO  L82        GeneralOperation]: Start minimizeSevpa. Operand 10 states.
[2026-06-06 15:15:48,573 INFO  L88        GeneralOperation]: Finished minimizeSevpa. Reduced states from 10 to 10.
[2026-06-06 15:15:48,573 INFO  L82        GeneralOperation]: Start removeUnreachable. Operand  has 10 states, 9 states have (on average 1.0) internal successors, (9), 9 states have internal predecessors, (9), 0 states have call successors, (0), 0 states have call predecessors, (0), 0 states have return successors, (0), 0 states have call predecessors, (0), 0 states have call successors, (0)
[2026-06-06 15:15:48,573 INFO  L88        GeneralOperation]: Finished removeUnreachable. Reduced from 10 states to 10 states and 9 transitions.
[2026-06-06 15:15:48,573 INFO  L699   ParallelNwaCegarLoop]: Main: Refinement done.
[2026-06-06 15:15:48,573 INFO  L617   ParallelNwaCegarLoop]: Checking if program is safe
[2026-06-06 15:15:48,573 INFO  L290                IsEmpty]: Start isEmpty. Operand 10 states and 9 transitions.
[2026-06-06 15:15:48,573 INFO  L300                IsEmpty]: Finished isEmpty. Found accepting run of length 10
[2026-06-06 15:15:48,573 INFO  L199           NwaCegarLoop]: Found error trace
[2026-06-06 15:15:48,573 INFO  L207           NwaCegarLoop]: trace histogram [6, 1, 1, 1]
[2026-06-06 15:15:48,573 INFO  L340   ParallelNwaCegarLoop]: No more worker results to process
[2026-06-06 15:15:48,573 INFO  L290                IsEmpty]: Start isEmptyParallel. Operand 10 states and 9 transitions.
[2026-06-06 15:15:48,573 INFO  L300                IsEmpty]: Finished isEmptyParallel. No accepting run.
[2026-06-06 15:15:48,573 INFO  L156        IsEmptyParallel]: Start isEmptyParallel. Operand 10 states and 9 transitions.
[2026-06-06 15:15:48,573 INFO  L163        IsEmptyParallel]: Finished isEmptyParallel. No accepting run.
[2026-06-06 15:15:48,573 WARN  L749                IsEmpty]: Emptiness not double checked 
[2026-06-06 15:15:48,573 INFO  L814   ParallelNwaCegarLoop]: BATCH_LCPS did not find a fresh counterexample batch.
[2026-06-06 15:15:48,573 INFO  L290                IsEmpty]: Start isEmpty. Operand 10 states and 9 transitions.
[2026-06-06 15:15:48,573 INFO  L300                IsEmpty]: Finished isEmpty. Found accepting run of length 10
[2026-06-06 15:15:48,573 WARN  L753                IsEmpty]: Correctness of emptinessCheck not tested.
[2026-06-06 15:15:48,573 INFO  L79                 Accepts]: Start accepts. Automaton has 10 states and 9 transitions. Word has length 9
[2026-06-06 15:15:48,573 INFO  L85                 Accepts]: Finished accepts. word is accepted.
[2026-06-06 15:15:48,573 INFO  L757                IsEmpty]: Finished testing correctness of emptinessCheck
[2026-06-06 15:15:48,573 INFO  L1057  ParallelNwaCegarLoop]: BFS found an active duplicate counterexample.
[2026-06-06 15:15:48,574 INFO  L290                IsEmpty]: Start isEmptyParallel. Operand 10 states and 9 transitions.
[2026-06-06 15:15:48,574 INFO  L300                IsEmpty]: Finished isEmptyParallel. No accepting run.
[2026-06-06 15:15:48,574 INFO  L156        IsEmptyParallel]: Start isEmptyParallel. Operand 10 states and 9 transitions.
[2026-06-06 15:15:48,574 INFO  L163        IsEmptyParallel]: Finished isEmptyParallel. No accepting run.
[2026-06-06 15:15:48,574 WARN  L749                IsEmpty]: Emptiness not double checked 
[2026-06-06 15:15:48,574 INFO  L1001  ParallelNwaCegarLoop]: Did not Find a Counterexample!
[2026-06-06 15:15:48,574 INFO  L287   ParallelNwaCegarLoop]: === Iteration 9 ===
[2026-06-06 15:15:48,574 INFO  L654   ParallelNwaCegarLoop]: All threads busy, going to sleep.
[2026-06-06 15:15:48,579 INFO  L134       CoverageAnalysis]: Checked inductivity of 153 backedges. 17 proven. 136 refuted. 0 times theorem prover too weak. 0 trivial. 0 not checked.
[2026-06-06 15:15:48,579 INFO  L312         TraceCheckSpWp]: Computing backward predicates...
[2026-06-06 15:15:48,579 INFO  L134       CoverageAnalysis]: Checked inductivity of 120 backedges. 63 proven. 21 refuted. 0 times theorem prover too weak. 36 trivial. 0 not checked.
[2026-06-06 15:15:48,579 INFO  L158   FreeRefinementEngine]: IpTcStrategyModuleZ3 [289163379] provided 0 perfect and 2 imperfect interpolant sequences
[2026-06-06 15:15:48,579 INFO  L185   FreeRefinementEngine]: Found 0 perfect and 3 imperfect interpolant sequences.
[2026-06-06 15:15:48,579 INFO  L198   FreeRefinementEngine]: Number of different interpolants: perfect sequences [] imperfect sequences [8, 8, 8] total 16
[2026-06-06 15:15:48,579 INFO  L122   tionRefinementEngine]: Using interpolant automaton builder IpAbStrategyModuleStraightlineAll [2147194503]
[2026-06-06 15:15:48,579 INFO  L85    oduleStraightlineAll]: Using 3 imperfect interpolants to construct interpolant automaton
[2026-06-06 15:15:48,579 INFO  L100   FreeRefinementEngine]: Using predicate unifier PredicateUnifier provided by strategy CAMEL
[2026-06-06 15:15:48,580 INFO  L144   InterpolantAutomaton]: Constructing interpolant automaton starting with 17 interpolants.
[2026-06-06 15:15:48,580 INFO  L146   InterpolantAutomaton]: CoverageRelationStatistics Valid=61, Invalid=211, Unknown=0, NotChecked=0, Total=272
[2026-06-06 15:15:48,580 INFO  L419   CegarNwaWorkerThread]: Difference in Worker for Generalization
[2026-06-06 15:15:48,580 INFO  L87              Difference]: Start difference. First operand  has 5 states, 3 states have (on average 1.6666666666666667) internal successors, (5), 4 states have internal predecessors, (5), 0 states have call successors, (0), 0 states have call predecessors, (0), 0 states have return successors, (0), 0 states have call predecessors, (0), 0 states have call successors, (0) Second operand  has 17 states, 17 states have (on average 1.2352941176470589) internal successors, (21), 16 states have internal predecessors, (21), 0 states have call successors, (0), 0 states have call predecessors, (0), 0 states have return successors, (0), 0 states have call predecessors, (0), 0 states have call successors, (0)
[2026-06-06 15:15:48,580 INFO  L111    AnnotateAndAsserter]: Assert order NOT_INCREMENTALLY issued 1 check-sat command(s) and asserted 22 of 22 statements.
[2026-06-06 15:15:48,580 INFO  L114    AnnotateAndAsserter]: Assert order NOT_INCREMENTALLY issued 1 check-sat command(s)
[2026-06-06 15:15:48,580 INFO  L115    AnnotateAndAsserter]: Conjunction of SSA is unsat
[2026-06-06 15:15:48,581 INFO  L256         TraceCheckSpWp]: Trace formula consists of 107 conjuncts, 25 conjuncts are in the unsatisfiable core
[2026-06-06 15:15:48,582 INFO  L279         TraceCheckSpWp]: Computing forward predicates...
[2026-06-06 15:15:48,583 INFO  L134       CoverageAnalysis]: Checked inductivity of 231 backedges. 105 proven. 21 refuted. 0 times theorem prover too weak. 105 trivial. 0 not checked.
[2026-06-06 15:15:48,583 INFO  L136   FreeRefinementEngine]: Strategy CAMEL found an infeasible trace
[2026-06-06 15:15:48,583 INFO  L324   FreeRefinementEngine]: Using interpolant generator IpTcStrategyModuleSmtInterpolCraig [721179277]
[2026-06-06 15:15:48,583 INFO  L158   FreeRefinementEngine]: IpTcStrategyModuleSmtInterpolCraig [721179277] provided 0 perfect and 1 imperfect interpolant sequences
[2026-06-06 15:15:48,583 INFO  L324   FreeRefinementEngine]: Using interpolant generator IpTcStrategyModuleZ3 [259437453]
[2026-06-06 15:15:48,583 INFO  L95    rtionOrderModulation]: Changing assertion order to OUTSIDE_LOOP_FIRST1
[2026-06-06 15:15:48,583 INFO  L173          SolverBuilder]: Constructing external solver with command: z3 -smt2 -in SMTLIB2_COMPLIANT=true
[2026-06-06 15:15:48,586 INFO  L134       CoverageAnalysis]: Checked inductivity of 21 backedges. 0 proven. 21 refuted. 0 times theorem prover too weak. 0 trivial. 0 not checked.
[2026-06-06 15:15:48,586 INFO  L312         TraceCheckSpWp]: Computing backward predicates...
[2026-06-06 15:15:48,587 INFO  L189       MonitoredProcess]: No working directory specified, using /usr/bin/z3
[2026-06-06 15:15:48,589 INFO  L229       MonitoredProcess]: Starting monitored process 37 with /usr/bin/z3 -smt2 -in SMTLIB2_COMPLIANT=true (exit command is (exit), workingDir is null)
[2026-06-06 15:15:48,590 INFO  L327       MonitoredProcess]: [MP /usr/bin/z3 -smt2 -in SMTLIB2_COMPLIANT=true (37)] Waiting until timeout for monitored process
[2026-06-06 15:15:48,598 INFO  L134       CoverageAnalysis]: Checked inductivity of 55 backedges. 18 proven. 36 refuted. 0 times theorem prover too weak. 1 trivial. 0 not checked.
[2026-06-06 15:15:48,598 INFO  L158   FreeRefinementEngine]: IpTcStrategyModuleZ3 [1245164904] provided 0 perfect and 2 imperfect interpolant sequences
[2026-06-06 15:15:48,598 INFO  L185   FreeRefinementEngine]: Found 0 perfect and 3 imperfect interpolant sequences.
[2026-06-06 15:15:48,598 INFO  L198   FreeRefinementEngine]: Number of different interpolants: perfect sequences [] imperfect sequences [8, 10, 10] total 20
[2026-06-06 15:15:48,598 INFO  L122   tionRefinementEngine]: Using interpolant automaton builder IpAbStrategyModuleStraightlineAll [77233022]
[2026-06-06 15:15:48,599 INFO  L85    oduleStraightlineAll]: Using 3 imperfect interpolants to construct interpolant automaton
[2026-06-06 15:15:48,599 INFO  L100   FreeRefinementEngine]: Using predicate unifier PredicateUnifier provided by strategy CAMEL
[2026-06-06 15:15:48,599 INFO  L144   InterpolantAutomaton]: Constructing interpolant automaton starting with 21 interpolants.
[2026-06-06 15:15:48,599 INFO  L146   InterpolantAutomaton]: CoverageRelationStatistics Valid=103, Invalid=317, Unknown=0, NotChecked=0, Total=420
[2026-06-06 15:15:48,599 INFO  L419   CegarNwaWorkerThread]: Difference in Worker for Generalization
[2026-06-06 15:15:48,599 INFO  L87              Difference]: Start difference. First operand  has 5 states, 3 states have (on average 1.6666666666666667) internal successors, (5), 4 states have internal predecessors, (5), 0 states have call successors, (0), 0 states have call predecessors, (0), 0 states have return successors, (0), 0 states have call predecessors, (0), 0 states have call successors, (0) Second operand  has 21 states, 21 states have (on average 1.1904761904761905) internal successors, (25), 20 states have internal predecessors, (25), 0 states have call successors, (0), 0 states have call predecessors, (0), 0 states have return successors, (0), 0 states have call predecessors, (0), 0 states have call successors, (0)
[2026-06-06 15:15:48,606 INFO  L108    AnnotateAndAsserter]: Assert order OUTSIDE_LOOP_FIRST1 partitioned 24 statements into 2 equivalence classes.
[2026-06-06 15:15:48,607 INFO  L134       CoverageAnalysis]: Checked inductivity of 210 backedges. 98 proven. 21 refuted. 0 times theorem prover too weak. 91 trivial. 0 not checked.
[2026-06-06 15:15:48,607 INFO  L136   FreeRefinementEngine]: Strategy CAMEL found an infeasible trace
[2026-06-06 15:15:48,607 INFO  L324   FreeRefinementEngine]: Using interpolant generator IpTcStrategyModuleSmtInterpolCraig [1798658791]
[2026-06-06 15:15:48,607 INFO  L158   FreeRefinementEngine]: IpTcStrategyModuleSmtInterpolCraig [1798658791] provided 0 perfect and 1 imperfect interpolant sequences
[2026-06-06 15:15:48,607 INFO  L324   FreeRefinementEngine]: Using interpolant generator IpTcStrategyModuleZ3 [355609416]
[2026-06-06 15:15:48,607 INFO  L95    rtionOrderModulation]: Changing assertion order to OUTSIDE_LOOP_FIRST2
[2026-06-06 15:15:48,607 INFO  L173          SolverBuilder]: Constructing external solver with command: z3 -smt2 -in SMTLIB2_COMPLIANT=true
[2026-06-06 15:15:48,610 INFO  L189       MonitoredProcess]: No working directory specified, using /usr/bin/z3
[2026-06-06 15:15:48,612 INFO  L144             Difference]: Subtrahend was deterministic. Have not used determinization.
[2026-06-06 15:15:48,612 INFO  L93              Difference]: Finished difference Result 10 states and 9 transitions.
[2026-06-06 15:15:48,612 INFO  L229       MonitoredProcess]: Starting monitored process 38 with /usr/bin/z3 -smt2 -in SMTLIB2_COMPLIANT=true (exit command is (exit), workingDir is null)
[2026-06-06 15:15:48,612 INFO  L140   InterpolantAutomaton]: Switched to read-only mode: deterministic interpolant automaton has 9 states. 
[2026-06-06 15:15:48,612 INFO  L225             Difference]: With dead ends: 10
[2026-06-06 15:15:48,612 INFO  L226             Difference]: Without dead ends: 10
[2026-06-06 15:15:48,612 INFO  L487   CegarNwaWorkerThread]: 0 DeclaredPredicates, 42 GetRequests, 27 SyntacticMatches, 0 SemanticMatches, 15 ConstructedPredicates, 0 IntricatePredicates, 0 DeprecatedPredicates, 14 ImplicationChecksByTransitivity, 0.1s TimeCoverageRelationStatistics Valid=61, Invalid=211, Unknown=0, NotChecked=0, Total=272
[2026-06-06 15:15:48,613 INFO  L327       MonitoredProcess]: [MP /usr/bin/z3 -smt2 -in SMTLIB2_COMPLIANT=true (38)] Waiting until timeout for monitored process
[2026-06-06 15:15:48,613 INFO  L488   CegarNwaWorkerThread]: 2 mSDtfsCounter, 0 mSDsluCounter, 9 mSDsCounter, 0 mSdLazyCounter, 67 mSolverCounterSat, 6 mSolverCounterUnsat, 0 mSolverCounterUnknown, 0 mSolverCounterNotChecked, 0.0s Time, 0 mProtectedPredicate, 0 mProtectedAction, 0 SdHoareTripleChecker+Valid, 11 SdHoareTripleChecker+Invalid, 73 SdHoareTripleChecker+Unknown, 0 SdHoareTripleChecker+Unchecked, 0.0s SdHoareTripleChecker+Time, 6 IncrementalHoareTripleChecker+Valid, 67 IncrementalHoareTripleChecker+Invalid, 0 IncrementalHoareTripleChecker+Unknown, 0 IncrementalHoareTripleChecker+Unchecked, 0.0s IncrementalHoareTripleChecker+Time
[2026-06-06 15:15:48,613 INFO  L489   CegarNwaWorkerThread]: SdHoareTripleChecker [0 Valid, 11 Invalid, 73 Unknown, 0 Unchecked, 0.0s Time], IncrementalHoareTripleChecker [6 Valid, 67 Invalid, 0 Unknown, 0 Unchecked, 0.0s Time]
[2026-06-06 15:15:48,614 INFO  L224   CegarNwaWorkerThread]: Done with Thread: 173#
[2026-06-06 15:15:48,614 INFO  L196   CegarNwaWorkerThread]: WorkerThread: Thread[#173,Worker for -1363453300,5,main] is Waiting for a Task
[2026-06-06 15:15:48,614 INFO  L657   ParallelNwaCegarLoop]: Waking up, a worker is done.
[2026-06-06 15:15:48,614 INFO  L297   ParallelNwaCegarLoop]: Main: A Thread is Done
[2026-06-06 15:15:48,614 INFO  L315   ParallelNwaCegarLoop]: Worker Automaton Type: FLOYD_HOARE
[2026-06-06 15:15:48,614 INFO  L79                 Accepts]: Start accepts. Automaton has 10 states and 9 transitions. Word has length 18
[2026-06-06 15:15:48,614 INFO  L85                 Accepts]: Finished accepts. word is rejected.
[2026-06-06 15:15:48,614 INFO  L771   ParallelNwaCegarLoop]: Recorded stale counterexample prefix coverage.
[2026-06-06 15:15:48,614 INFO  L317   ParallelNwaCegarLoop]: Refining Abstraction
[2026-06-06 15:15:48,614 INFO  L721   ParallelNwaCegarLoop]: Subtrahend traceHash: -1363453300
[2026-06-06 15:15:48,614 INFO  L687   ParallelNwaCegarLoop]: Difference in Main
[2026-06-06 15:15:48,614 INFO  L87              Difference]: Start difference. First operand 10 states and 9 transitions. Second operand  has 9 states, 8 states have (on average 2.125) internal successors, (17), 9 states have internal predecessors, (17), 0 states have call successors, (0), 0 states have call predecessors, (0), 0 states have return successors, (0), 0 states have call predecessors, (0), 0 states have call successors, (0)
[2026-06-06 15:15:48,614 INFO  L144             Difference]: Subtrahend was deterministic. Have not used determinization.
[2026-06-06 15:15:48,614 INFO  L93              Difference]: Finished difference Result 10 states and 9 transitions.
[2026-06-06 15:15:48,614 INFO  L134       CoverageAnalysis]: Checked inductivity of 36 backedges. 0 proven. 24 refuted. 0 times theorem prover too weak. 12 trivial. 0 not checked.
[2026-06-06 15:15:48,614 INFO  L158   FreeRefinementEngine]: IpTcStrategyModuleZ3 [414518760] provided 0 perfect and 2 imperfect interpolant sequences
[2026-06-06 15:15:48,614 INFO  L185   FreeRefinementEngine]: Found 0 perfect and 3 imperfect interpolant sequences.
[2026-06-06 15:15:48,614 INFO  L198   FreeRefinementEngine]: Number of different interpolants: perfect sequences [] imperfect sequences [8, 10, 4] total 19
[2026-06-06 15:15:48,614 INFO  L122   tionRefinementEngine]: Using interpolant automaton builder IpAbStrategyModuleStraightlineAll [2085439227]
[2026-06-06 15:15:48,614 INFO  L85    oduleStraightlineAll]: Using 3 imperfect interpolants to construct interpolant automaton
[2026-06-06 15:15:48,614 INFO  L225             Difference]: With dead ends: 10
[2026-06-06 15:15:48,614 INFO  L226             Difference]: Without dead ends: 10
[2026-06-06 15:15:48,615 INFO  L100   FreeRefinementEngine]: Using predicate unifier PredicateUnifier provided by strategy CAMEL
[2026-06-06 15:15:48,615 INFO  L82        GeneralOperation]: Start minimizeSevpa. Operand 10 states.
[2026-06-06 15:15:48,615 INFO  L144   InterpolantAutomaton]: Constructing interpolant automaton starting with 20 interpolants.
[2026-06-06 15:15:48,615 INFO  L146   InterpolantAutomaton]: CoverageRelationStatistics Valid=60, Invalid=320, Unknown=0, NotChecked=0, Total=380
[2026-06-06 15:15:48,615 INFO  L419   CegarNwaWorkerThread]: Difference in Worker for Generalization
[2026-06-06 15:15:48,615 INFO  L87              Difference]: Start difference. First operand  has 5 states, 3 states have (on average 1.6666666666666667) internal successors, (5), 4 states have internal predecessors, (5), 0 states have call successors, (0), 0 states have call predecessors, (0), 0 states have return successors, (0), 0 states have call predecessors, (0), 0 states have call successors, (0) Second operand  has 20 states, 20 states have (on average 1.25) internal successors, (25), 19 states have internal predecessors, (25), 0 states have call successors, (0), 0 states have call predecessors, (0), 0 states have return successors, (0), 0 states have call predecessors, (0), 0 states have call successors, (0)
[2026-06-06 15:15:48,615 INFO  L88        GeneralOperation]: Finished minimizeSevpa. Reduced states from 10 to 10.
[2026-06-06 15:15:48,615 INFO  L82        GeneralOperation]: Start removeUnreachable. Operand  has 10 states, 9 states have (on average 1.0) internal successors, (9), 9 states have internal predecessors, (9), 0 states have call successors, (0), 0 states have call predecessors, (0), 0 states have return successors, (0), 0 states have call predecessors, (0), 0 states have call successors, (0)
[2026-06-06 15:15:48,615 INFO  L88        GeneralOperation]: Finished removeUnreachable. Reduced from 10 states to 10 states and 9 transitions.
[2026-06-06 15:15:48,615 INFO  L699   ParallelNwaCegarLoop]: Main: Refinement done.
[2026-06-06 15:15:48,615 INFO  L617   ParallelNwaCegarLoop]: Checking if program is safe
[2026-06-06 15:15:48,615 INFO  L290                IsEmpty]: Start isEmpty. Operand 10 states and 9 transitions.
[2026-06-06 15:15:48,615 INFO  L300                IsEmpty]: Finished isEmpty. Found accepting run of length 10
[2026-06-06 15:15:48,615 INFO  L199           NwaCegarLoop]: Found error trace
[2026-06-06 15:15:48,615 INFO  L207           NwaCegarLoop]: trace histogram [6, 1, 1, 1]
[2026-06-06 15:15:48,615 INFO  L340   ParallelNwaCegarLoop]: No more worker results to process
[2026-06-06 15:15:48,615 INFO  L290                IsEmpty]: Start isEmptyParallel. Operand 10 states and 9 transitions.
[2026-06-06 15:15:48,616 INFO  L300                IsEmpty]: Finished isEmptyParallel. No accepting run.
[2026-06-06 15:15:48,616 INFO  L156        IsEmptyParallel]: Start isEmptyParallel. Operand 10 states and 9 transitions.
[2026-06-06 15:15:48,616 INFO  L163        IsEmptyParallel]: Finished isEmptyParallel. No accepting run.
[2026-06-06 15:15:48,616 WARN  L749                IsEmpty]: Emptiness not double checked 
[2026-06-06 15:15:48,616 INFO  L814   ParallelNwaCegarLoop]: BATCH_LCPS did not find a fresh counterexample batch.
[2026-06-06 15:15:48,616 INFO  L290                IsEmpty]: Start isEmpty. Operand 10 states and 9 transitions.
[2026-06-06 15:15:48,616 INFO  L300                IsEmpty]: Finished isEmpty. Found accepting run of length 10
[2026-06-06 15:15:48,616 WARN  L753                IsEmpty]: Correctness of emptinessCheck not tested.
[2026-06-06 15:15:48,616 INFO  L79                 Accepts]: Start accepts. Automaton has 10 states and 9 transitions. Word has length 9
[2026-06-06 15:15:48,616 INFO  L85                 Accepts]: Finished accepts. word is accepted.
[2026-06-06 15:15:48,616 INFO  L757                IsEmpty]: Finished testing correctness of emptinessCheck
[2026-06-06 15:15:48,616 INFO  L1057  ParallelNwaCegarLoop]: BFS found an active duplicate counterexample.
[2026-06-06 15:15:48,616 INFO  L290                IsEmpty]: Start isEmptyParallel. Operand 10 states and 9 transitions.
[2026-06-06 15:15:48,616 INFO  L300                IsEmpty]: Finished isEmptyParallel. No accepting run.
[2026-06-06 15:15:48,616 INFO  L156        IsEmptyParallel]: Start isEmptyParallel. Operand 10 states and 9 transitions.
[2026-06-06 15:15:48,616 INFO  L163        IsEmptyParallel]: Finished isEmptyParallel. No accepting run.
[2026-06-06 15:15:48,616 WARN  L749                IsEmpty]: Emptiness not double checked 
[2026-06-06 15:15:48,616 INFO  L1001  ParallelNwaCegarLoop]: Did not Find a Counterexample!
[2026-06-06 15:15:48,616 INFO  L287   ParallelNwaCegarLoop]: === Iteration 10 ===
[2026-06-06 15:15:48,616 INFO  L654   ParallelNwaCegarLoop]: All threads busy, going to sleep.
[2026-06-06 15:15:48,617 INFO  L134       CoverageAnalysis]: Checked inductivity of 78 backedges. 59 proven. 13 refuted. 0 times theorem prover too weak. 6 trivial. 0 not checked.
[2026-06-06 15:15:48,617 INFO  L312         TraceCheckSpWp]: Computing backward predicates...
[2026-06-06 15:15:48,622 INFO  L111    AnnotateAndAsserter]: Assert order OUTSIDE_LOOP_FIRST1 issued 2 check-sat command(s) and asserted 24 of 24 statements.
[2026-06-06 15:15:48,622 INFO  L114    AnnotateAndAsserter]: Assert order OUTSIDE_LOOP_FIRST1 issued 2 check-sat command(s)
[2026-06-06 15:15:48,622 INFO  L115    AnnotateAndAsserter]: Conjunction of SSA is unsat
[2026-06-06 15:15:48,623 INFO  L256         TraceCheckSpWp]: Trace formula consists of 117 conjuncts, 35 conjuncts are in the unsatisfiable core
[2026-06-06 15:15:48,624 INFO  L279         TraceCheckSpWp]: Computing forward predicates...
[2026-06-06 15:15:48,629 INFO  L108    AnnotateAndAsserter]: Assert order OUTSIDE_LOOP_FIRST2 partitioned 23 statements into 11 equivalence classes.
[2026-06-06 15:15:48,632 INFO  L134       CoverageAnalysis]: Checked inductivity of 190 backedges. 96 proven. 66 refuted. 0 times theorem prover too weak. 28 trivial. 0 not checked.
[2026-06-06 15:15:48,633 INFO  L312         TraceCheckSpWp]: Computing backward predicates...
[2026-06-06 15:15:48,636 INFO  L144             Difference]: Subtrahend was deterministic. Have not used determinization.
[2026-06-06 15:15:48,636 INFO  L93              Difference]: Finished difference Result 10 states and 9 transitions.
[2026-06-06 15:15:48,636 INFO  L140   InterpolantAutomaton]: Switched to read-only mode: deterministic interpolant automaton has 9 states. 
[2026-06-06 15:15:48,636 INFO  L225             Difference]: With dead ends: 10
[2026-06-06 15:15:48,636 INFO  L226             Difference]: Without dead ends: 10
[2026-06-06 15:15:48,637 INFO  L487   CegarNwaWorkerThread]: 0 DeclaredPredicates, 32 GetRequests, 13 SyntacticMatches, 0 SemanticMatches, 19 ConstructedPredicates, 0 IntricatePredicates, 0 DeprecatedPredicates, 38 ImplicationChecksByTransitivity, 0.2s TimeCoverageRelationStatistics Valid=103, Invalid=317, Unknown=0, NotChecked=0, Total=420
[2026-06-06 15:15:48,637 INFO  L488   CegarNwaWorkerThread]: 2 mSDtfsCounter, 0 mSDsluCounter, 9 mSDsCounter, 0 mSdLazyCounter, 71 mSolverCounterSat, 6 mSolverCounterUnsat, 0 mSolverCounterUnknown, 0 mSolverCounterNotChecked, 0.0s Time, 0 mProtectedPredicate, 0 mProtectedAction, 0 SdHoareTripleChecker+Valid, 11 SdHoareTripleChecker+Invalid, 77 SdHoareTripleChecker+Unknown, 0 SdHoareTripleChecker+Unchecked, 0.0s SdHoareTripleChecker+Time, 6 IncrementalHoareTripleChecker+Valid, 71 IncrementalHoareTripleChecker+Invalid, 0 IncrementalHoareTripleChecker+Unknown, 0 IncrementalHoareTripleChecker+Unchecked, 0.0s IncrementalHoareTripleChecker+Time
[2026-06-06 15:15:48,637 INFO  L489   CegarNwaWorkerThread]: SdHoareTripleChecker [0 Valid, 11 Invalid, 77 Unknown, 0 Unchecked, 0.0s Time], IncrementalHoareTripleChecker [6 Valid, 71 Invalid, 0 Unknown, 0 Unchecked, 0.0s Time]
[2026-06-06 15:15:48,637 INFO  L224   CegarNwaWorkerThread]: Done with Thread: 143#
[2026-06-06 15:15:48,637 INFO  L196   CegarNwaWorkerThread]: WorkerThread: Thread[#143,Worker for 1000801955,5,main] is Waiting for a Task
[2026-06-06 15:15:48,638 INFO  L657   ParallelNwaCegarLoop]: Waking up, a worker is done.
[2026-06-06 15:15:48,638 INFO  L297   ParallelNwaCegarLoop]: Main: A Thread is Done
[2026-06-06 15:15:48,638 INFO  L315   ParallelNwaCegarLoop]: Worker Automaton Type: FLOYD_HOARE
[2026-06-06 15:15:48,638 INFO  L79                 Accepts]: Start accepts. Automaton has 10 states and 9 transitions. Word has length 13
[2026-06-06 15:15:48,638 INFO  L85                 Accepts]: Finished accepts. word is rejected.
[2026-06-06 15:15:48,638 INFO  L771   ParallelNwaCegarLoop]: Recorded stale counterexample prefix coverage.
[2026-06-06 15:15:48,638 INFO  L317   ParallelNwaCegarLoop]: Refining Abstraction
[2026-06-06 15:15:48,638 INFO  L721   ParallelNwaCegarLoop]: Subtrahend traceHash: 1000801955
[2026-06-06 15:15:48,638 INFO  L687   ParallelNwaCegarLoop]: Difference in Main
[2026-06-06 15:15:48,638 INFO  L87              Difference]: Start difference. First operand 10 states and 9 transitions. Second operand  has 9 states, 8 states have (on average 2.125) internal successors, (17), 9 states have internal predecessors, (17), 0 states have call successors, (0), 0 states have call predecessors, (0), 0 states have return successors, (0), 0 states have call predecessors, (0), 0 states have call successors, (0)
[2026-06-06 15:15:48,638 INFO  L144             Difference]: Subtrahend was deterministic. Have not used determinization.
[2026-06-06 15:15:48,638 INFO  L93              Difference]: Finished difference Result 10 states and 9 transitions.
[2026-06-06 15:15:48,638 INFO  L225             Difference]: With dead ends: 10
[2026-06-06 15:15:48,638 INFO  L226             Difference]: Without dead ends: 10
[2026-06-06 15:15:48,638 INFO  L82        GeneralOperation]: Start minimizeSevpa. Operand 10 states.
[2026-06-06 15:15:48,639 INFO  L88        GeneralOperation]: Finished minimizeSevpa. Reduced states from 10 to 10.
[2026-06-06 15:15:48,639 INFO  L82        GeneralOperation]: Start removeUnreachable. Operand  has 10 states, 9 states have (on average 1.0) internal successors, (9), 9 states have internal predecessors, (9), 0 states have call successors, (0), 0 states have call predecessors, (0), 0 states have return successors, (0), 0 states have call predecessors, (0), 0 states have call successors, (0)
[2026-06-06 15:15:48,639 INFO  L88        GeneralOperation]: Finished removeUnreachable. Reduced from 10 states to 10 states and 9 transitions.
[2026-06-06 15:15:48,639 INFO  L699   ParallelNwaCegarLoop]: Main: Refinement done.
[2026-06-06 15:15:48,639 INFO  L617   ParallelNwaCegarLoop]: Checking if program is safe
[2026-06-06 15:15:48,639 INFO  L290                IsEmpty]: Start isEmpty. Operand 10 states and 9 transitions.
[2026-06-06 15:15:48,639 INFO  L300                IsEmpty]: Finished isEmpty. Found accepting run of length 10
[2026-06-06 15:15:48,639 INFO  L199           NwaCegarLoop]: Found error trace
[2026-06-06 15:15:48,639 INFO  L207           NwaCegarLoop]: trace histogram [6, 1, 1, 1]
[2026-06-06 15:15:48,639 INFO  L340   ParallelNwaCegarLoop]: No more worker results to process
[2026-06-06 15:15:48,639 INFO  L290                IsEmpty]: Start isEmptyParallel. Operand 10 states and 9 transitions.
[2026-06-06 15:15:48,639 INFO  L300                IsEmpty]: Finished isEmptyParallel. No accepting run.
[2026-06-06 15:15:48,639 INFO  L156        IsEmptyParallel]: Start isEmptyParallel. Operand 10 states and 9 transitions.
[2026-06-06 15:15:48,639 INFO  L163        IsEmptyParallel]: Finished isEmptyParallel. No accepting run.
[2026-06-06 15:15:48,639 WARN  L749                IsEmpty]: Emptiness not double checked 
[2026-06-06 15:15:48,639 INFO  L814   ParallelNwaCegarLoop]: BATCH_LCPS did not find a fresh counterexample batch.
[2026-06-06 15:15:48,639 INFO  L290                IsEmpty]: Start isEmpty. Operand 10 states and 9 transitions.
[2026-06-06 15:15:48,639 INFO  L300                IsEmpty]: Finished isEmpty. Found accepting run of length 10
[2026-06-06 15:15:48,639 WARN  L753                IsEmpty]: Correctness of emptinessCheck not tested.
[2026-06-06 15:15:48,639 INFO  L79                 Accepts]: Start accepts. Automaton has 10 states and 9 transitions. Word has length 9
[2026-06-06 15:15:48,639 INFO  L85                 Accepts]: Finished accepts. word is accepted.
[2026-06-06 15:15:48,639 INFO  L757                IsEmpty]: Finished testing correctness of emptinessCheck
[2026-06-06 15:15:48,639 INFO  L1057  ParallelNwaCegarLoop]: BFS found an active duplicate counterexample.
[2026-06-06 15:15:48,639 INFO  L290                IsEmpty]: Start isEmptyParallel. Operand 10 states and 9 transitions.
[2026-06-06 15:15:48,639 INFO  L300                IsEmpty]: Finished isEmptyParallel. No accepting run.
[2026-06-06 15:15:48,639 INFO  L156        IsEmptyParallel]: Start isEmptyParallel. Operand 10 states and 9 transitions.
[2026-06-06 15:15:48,639 INFO  L163        IsEmptyParallel]: Finished isEmptyParallel. No accepting run.
[2026-06-06 15:15:48,640 WARN  L749                IsEmpty]: Emptiness not double checked 
[2026-06-06 15:15:48,640 INFO  L1001  ParallelNwaCegarLoop]: Did not Find a Counterexample!
[2026-06-06 15:15:48,640 INFO  L134       CoverageAnalysis]: Checked inductivity of 21 backedges. 0 proven. 15 refuted. 0 times theorem prover too weak. 6 trivial. 0 not checked.
[2026-06-06 15:15:48,640 INFO  L287   ParallelNwaCegarLoop]: === Iteration 11 ===
[2026-06-06 15:15:48,640 INFO  L654   ParallelNwaCegarLoop]: All threads busy, going to sleep.
[2026-06-06 15:15:48,640 INFO  L158   FreeRefinementEngine]: IpTcStrategyModuleZ3 [504080211] provided 0 perfect and 2 imperfect interpolant sequences
[2026-06-06 15:15:48,640 INFO  L185   FreeRefinementEngine]: Found 0 perfect and 3 imperfect interpolant sequences.
[2026-06-06 15:15:48,640 INFO  L198   FreeRefinementEngine]: Number of different interpolants: perfect sequences [] imperfect sequences [8, 8, 4] total 12
[2026-06-06 15:15:48,640 INFO  L122   tionRefinementEngine]: Using interpolant automaton builder IpAbStrategyModuleStraightlineAll [1649865799]
[2026-06-06 15:15:48,640 INFO  L85    oduleStraightlineAll]: Using 3 imperfect interpolants to construct interpolant automaton
[2026-06-06 15:15:48,640 INFO  L100   FreeRefinementEngine]: Using predicate unifier PredicateUnifier provided by strategy CAMEL
[2026-06-06 15:15:48,640 INFO  L144   InterpolantAutomaton]: Constructing interpolant automaton starting with 13 interpolants.
[2026-06-06 15:15:48,640 INFO  L146   InterpolantAutomaton]: CoverageRelationStatistics Valid=35, Invalid=121, Unknown=0, NotChecked=0, Total=156
[2026-06-06 15:15:48,640 INFO  L419   CegarNwaWorkerThread]: Difference in Worker for Generalization
[2026-06-06 15:15:48,640 INFO  L87              Difference]: Start difference. First operand  has 5 states, 3 states have (on average 1.6666666666666667) internal successors, (5), 4 states have internal predecessors, (5), 0 states have call successors, (0), 0 states have call predecessors, (0), 0 states have return successors, (0), 0 states have call predecessors, (0), 0 states have call successors, (0) Second operand  has 13 states, 13 states have (on average 1.2307692307692308) internal successors, (16), 12 states have internal predecessors, (16), 0 states have call successors, (0), 0 states have call predecessors, (0), 0 states have return successors, (0), 0 states have call predecessors, (0), 0 states have call successors, (0)
[2026-06-06 15:15:48,646 INFO  L134       CoverageAnalysis]: Checked inductivity of 171 backedges. 70 proven. 91 refuted. 0 times theorem prover too weak. 10 trivial. 0 not checked.
[2026-06-06 15:15:48,646 INFO  L312         TraceCheckSpWp]: Computing backward predicates...
[2026-06-06 15:15:48,647 INFO  L144             Difference]: Subtrahend was deterministic. Have not used determinization.
[2026-06-06 15:15:48,647 INFO  L93              Difference]: Finished difference Result 8 states and 7 transitions.
[2026-06-06 15:15:48,647 INFO  L140   InterpolantAutomaton]: Switched to read-only mode: deterministic interpolant automaton has 9 states. 
[2026-06-06 15:15:48,647 INFO  L225             Difference]: With dead ends: 8
[2026-06-06 15:15:48,647 INFO  L226             Difference]: Without dead ends: 0
[2026-06-06 15:15:48,647 INFO  L487   CegarNwaWorkerThread]: 0 DeclaredPredicates, 28 GetRequests, 10 SyntacticMatches, 0 SemanticMatches, 18 ConstructedPredicates, 0 IntricatePredicates, 0 DeprecatedPredicates, 53 ImplicationChecksByTransitivity, 0.2s TimeCoverageRelationStatistics Valid=60, Invalid=320, Unknown=0, NotChecked=0, Total=380
[2026-06-06 15:15:48,648 INFO  L488   CegarNwaWorkerThread]: 1 mSDtfsCounter, 0 mSDsluCounter, 0 mSDsCounter, 0 mSdLazyCounter, 73 mSolverCounterSat, 4 mSolverCounterUnsat, 0 mSolverCounterUnknown, 0 mSolverCounterNotChecked, 0.0s Time, 0 mProtectedPredicate, 0 mProtectedAction, 0 SdHoareTripleChecker+Valid, 1 SdHoareTripleChecker+Invalid, 77 SdHoareTripleChecker+Unknown, 0 SdHoareTripleChecker+Unchecked, 0.0s SdHoareTripleChecker+Time, 4 IncrementalHoareTripleChecker+Valid, 73 IncrementalHoareTripleChecker+Invalid, 0 IncrementalHoareTripleChecker+Unknown, 0 IncrementalHoareTripleChecker+Unchecked, 0.0s IncrementalHoareTripleChecker+Time
[2026-06-06 15:15:48,648 INFO  L489   CegarNwaWorkerThread]: SdHoareTripleChecker [0 Valid, 1 Invalid, 77 Unknown, 0 Unchecked, 0.0s Time], IncrementalHoareTripleChecker [4 Valid, 73 Invalid, 0 Unknown, 0 Unchecked, 0.0s Time]
[2026-06-06 15:15:48,648 INFO  L224   CegarNwaWorkerThread]: Done with Thread: 131#
[2026-06-06 15:15:48,648 INFO  L196   CegarNwaWorkerThread]: WorkerThread: Thread[#131,Worker for 425621891,5,main] is Waiting for a Task
[2026-06-06 15:15:48,648 INFO  L657   ParallelNwaCegarLoop]: Waking up, a worker is done.
[2026-06-06 15:15:48,648 INFO  L297   ParallelNwaCegarLoop]: Main: A Thread is Done
[2026-06-06 15:15:48,648 INFO  L315   ParallelNwaCegarLoop]: Worker Automaton Type: FLOYD_HOARE
[2026-06-06 15:15:48,648 INFO  L79                 Accepts]: Start accepts. Automaton has 10 states and 9 transitions. Word has length 11
[2026-06-06 15:15:48,648 INFO  L85                 Accepts]: Finished accepts. word is rejected.
[2026-06-06 15:15:48,648 INFO  L771   ParallelNwaCegarLoop]: Recorded stale counterexample prefix coverage.
[2026-06-06 15:15:48,648 INFO  L317   ParallelNwaCegarLoop]: Refining Abstraction
[2026-06-06 15:15:48,648 INFO  L721   ParallelNwaCegarLoop]: Subtrahend traceHash: 425621891
[2026-06-06 15:15:48,648 INFO  L687   ParallelNwaCegarLoop]: Difference in Main
[2026-06-06 15:15:48,649 INFO  L87              Difference]: Start difference. First operand 10 states and 9 transitions. Second operand  has 9 states, 8 states have (on average 1.875) internal successors, (15), 8 states have internal predecessors, (15), 0 states have call successors, (0), 0 states have call predecessors, (0), 0 states have return successors, (0), 0 states have call predecessors, (0), 0 states have call successors, (0)
[2026-06-06 15:15:48,649 INFO  L144             Difference]: Subtrahend was deterministic. Have not used determinization.
[2026-06-06 15:15:48,649 INFO  L93              Difference]: Finished difference Result 8 states and 7 transitions.
[2026-06-06 15:15:48,649 INFO  L225             Difference]: With dead ends: 8
[2026-06-06 15:15:48,649 INFO  L226             Difference]: Without dead ends: 0
[2026-06-06 15:15:48,649 INFO  L82        GeneralOperation]: Start minimizeSevpa. Operand 0 states.
[2026-06-06 15:15:48,649 INFO  L88        GeneralOperation]: Finished minimizeSevpa. Reduced states from 0 to 0.
[2026-06-06 15:15:48,649 INFO  L82        GeneralOperation]: Start removeUnreachable. Operand  has 0 states, 0 states have (on average 0.0) internal successors, (0), 0 states have internal predecessors, (0), 0 states have call successors, (0), 0 states have call predecessors, (0), 0 states have return successors, (0), 0 states have call predecessors, (0), 0 states have call successors, (0)
[2026-06-06 15:15:48,649 INFO  L88        GeneralOperation]: Finished removeUnreachable. Reduced from 0 states to 0 states and 0 transitions.
[2026-06-06 15:15:48,649 INFO  L699   ParallelNwaCegarLoop]: Main: Refinement done.
[2026-06-06 15:15:48,649 INFO  L617   ParallelNwaCegarLoop]: Checking if program is safe
[2026-06-06 15:15:48,649 INFO  L290                IsEmpty]: Start isEmpty. Operand 0 states and 0 transitions.
[2026-06-06 15:15:48,649 INFO  L300                IsEmpty]: Finished isEmpty. No accepting run.
[2026-06-06 15:15:48,651 INFO  L796   garLoopResultBuilder]: Registering result SAFE for location ULTIMATE.startErr0ASSERT_VIOLATIONASSERT (0 of 1 remaining)
[2026-06-06 15:15:48,651 INFO  L620   ParallelNwaCegarLoop]: Result: SAFE
[2026-06-06 15:15:48,654 INFO  L546       MonitoredProcess]: [MP /usr/bin/z3 SMTLIB2_COMPLIANT=true -memory:1024 -smt2 -in -t:12000 (16)] Ended with exit code 0
[2026-06-06 15:15:48,852 WARN  L718   oredProcess$PipePump]: [MP /usr/bin/z3 -smt2 -in SMTLIB2_COMPLIANT=true (25)] The stream was forcibly closed: stdIn
[2026-06-06 15:15:48,854 INFO  L546       MonitoredProcess]: [MP /usr/bin/z3 -smt2 -in SMTLIB2_COMPLIANT=true (25)] Ended with exit code 0
[2026-06-06 15:15:49,054 INFO  L546       MonitoredProcess]: [MP /usr/bin/z3 SMTLIB2_COMPLIANT=true -memory:1024 -smt2 -in -t:12000 (5)] Ended with exit code 0
[2026-06-06 15:15:49,255 INFO  L546       MonitoredProcess]: [MP /usr/bin/z3 -smt2 -in SMTLIB2_COMPLIANT=true (28)] Ended with exit code 0
[2026-06-06 15:15:49,455 INFO  L546       MonitoredProcess]: [MP /usr/bin/z3 -smt2 -in SMTLIB2_COMPLIANT=true (33)] Ended with exit code 0
[2026-06-06 15:15:49,653 WARN  L718   oredProcess$PipePump]: [MP /usr/bin/z3 -smt2 -in SMTLIB2_COMPLIANT=true (30)] The stream was forcibly closed: stdIn
[2026-06-06 15:15:49,656 INFO  L534       MonitoredProcess]: [MP /usr/bin/z3 -smt2 -in SMTLIB2_COMPLIANT=true (30)] Forceful destruction successful, exit code 0
[2026-06-06 15:15:49,853 WARN  L718   oredProcess$PipePump]: [MP /usr/bin/z3 SMTLIB2_COMPLIANT=true -memory:1024 -smt2 -in -t:12000 (17)] The stream was forcibly closed: stdIn
[2026-06-06 15:15:49,855 INFO  L546       MonitoredProcess]: [MP /usr/bin/z3 SMTLIB2_COMPLIANT=true -memory:1024 -smt2 -in -t:12000 (17)] Ended with exit code 0
[2026-06-06 15:15:50,056 INFO  L546       MonitoredProcess]: [MP /usr/bin/z3 SMTLIB2_COMPLIANT=true -memory:1024 -smt2 -in -t:12000 (15)] Ended with exit code 0
[2026-06-06 15:15:50,257 INFO  L546       MonitoredProcess]: [MP /usr/bin/z3 -smt2 -in SMTLIB2_COMPLIANT=true (36)] Ended with exit code 0
[2026-06-06 15:15:50,457 INFO  L546       MonitoredProcess]: [MP /usr/bin/z3 -smt2 -in SMTLIB2_COMPLIANT=true (29)] Ended with exit code 0
[2026-06-06 15:15:50,658 INFO  L546       MonitoredProcess]: [MP /usr/bin/z3 -smt2 -in SMTLIB2_COMPLIANT=true (34)] Ended with exit code 0
[2026-06-06 15:15:50,858 INFO  L546       MonitoredProcess]: [MP /usr/bin/z3 -smt2 -in SMTLIB2_COMPLIANT=true (21)] Ended with exit code 0
[2026-06-06 15:15:51,057 INFO  L546       MonitoredProcess]: [MP /usr/bin/z3 SMTLIB2_COMPLIANT=true -memory:1024 -smt2 -in -t:12000 (14)] Ended with exit code 0
[2026-06-06 15:15:51,258 INFO  L534       MonitoredProcess]: [MP /usr/bin/z3 SMTLIB2_COMPLIANT=true -memory:1024 -smt2 -in -t:12000 (3)] Forceful destruction successful, exit code 0
[2026-06-06 15:15:51,459 INFO  L546       MonitoredProcess]: [MP /usr/bin/z3 -smt2 -in SMTLIB2_COMPLIANT=true (27)] Ended with exit code 0
[2026-06-06 15:15:51,660 INFO  L534       MonitoredProcess]: [MP /usr/bin/z3 -smt2 -in SMTLIB2_COMPLIANT=true (35)] Forceful destruction successful, exit code 0
[2026-06-06 15:15:51,860 INFO  L546       MonitoredProcess]: [MP /usr/bin/z3 -smt2 -in SMTLIB2_COMPLIANT=true (22)] Ended with exit code 0
[2026-06-06 15:15:52,057 WARN  L718   oredProcess$PipePump]: [MP /usr/bin/z3 SMTLIB2_COMPLIANT=true -memory:1024 -smt2 -in -t:12000 (9)] The stream was forcibly closed: stdIn
[2026-06-06 15:15:52,060 INFO  L534       MonitoredProcess]: [MP /usr/bin/z3 SMTLIB2_COMPLIANT=true -memory:1024 -smt2 -in -t:12000 (9)] Forceful destruction successful, exit code 0
[2026-06-06 15:15:52,261 INFO  L546       MonitoredProcess]: [MP /usr/bin/z3 -smt2 -in SMTLIB2_COMPLIANT=true (38)] Ended with exit code 0
[2026-06-06 15:15:52,461 INFO  L546       MonitoredProcess]: [MP /usr/bin/z3 -smt2 -in SMTLIB2_COMPLIANT=true (20)] Ended with exit code 0
[2026-06-06 15:15:52,659 WARN  L718   oredProcess$PipePump]: [MP /usr/bin/z3 SMTLIB2_COMPLIANT=true -memory:1024 -smt2 -in -t:12000 (12)] The stream was forcibly closed: stdIn
[2026-06-06 15:15:52,661 INFO  L546       MonitoredProcess]: [MP /usr/bin/z3 SMTLIB2_COMPLIANT=true -memory:1024 -smt2 -in -t:12000 (12)] Ended with exit code 0
[2026-06-06 15:15:52,862 INFO  L546       MonitoredProcess]: [MP /usr/bin/z3 SMTLIB2_COMPLIANT=true -memory:1024 -smt2 -in -t:12000 (8)] Ended with exit code 0
[2026-06-06 15:15:53,060 WARN  L718   oredProcess$PipePump]: [MP /usr/bin/z3 -smt2 -in SMTLIB2_COMPLIANT=true (23)] The stream was forcibly closed: stdIn
[2026-06-06 15:15:53,063 INFO  L534       MonitoredProcess]: [MP /usr/bin/z3 -smt2 -in SMTLIB2_COMPLIANT=true (23)] Forceful destruction successful, exit code 0
[2026-06-06 15:15:53,263 INFO  L546       MonitoredProcess]: [MP /usr/bin/z3 -smt2 -in SMTLIB2_COMPLIANT=true (31)] Ended with exit code 0
[2026-06-06 15:15:53,463 INFO  L546       MonitoredProcess]: [MP /usr/bin/z3 -smt2 -in SMTLIB2_COMPLIANT=true (19)] Ended with exit code 0
[2026-06-06 15:15:53,660 WARN  L718   oredProcess$PipePump]: [MP /usr/bin/z3 -smt2 -in SMTLIB2_COMPLIANT=true (26)] The stream was forcibly closed: stdIn
[2026-06-06 15:15:53,663 INFO  L546       MonitoredProcess]: [MP /usr/bin/z3 -smt2 -in SMTLIB2_COMPLIANT=true (26)] Ended with exit code 0
[2026-06-06 15:15:53,863 INFO  L546       MonitoredProcess]: [MP /usr/bin/z3 SMTLIB2_COMPLIANT=true -memory:1024 -smt2 -in -t:12000 (7)] Ended with exit code 0
[2026-06-06 15:15:54,063 INFO  L546       MonitoredProcess]: [MP /usr/bin/z3 SMTLIB2_COMPLIANT=true -memory:1024 -smt2 -in -t:12000 (2)] Ended with exit code 0
[2026-06-06 15:15:54,261 WARN  L718   oredProcess$PipePump]: [MP /usr/bin/z3 SMTLIB2_COMPLIANT=true -memory:1024 -smt2 -in -t:12000 (11)] The stream was forcibly closed: stdIn
[2026-06-06 15:15:54,263 INFO  L546       MonitoredProcess]: [MP /usr/bin/z3 SMTLIB2_COMPLIANT=true -memory:1024 -smt2 -in -t:12000 (11)] Ended with exit code 0
[2026-06-06 15:15:54,461 WARN  L718   oredProcess$PipePump]: [MP /usr/bin/z3 SMTLIB2_COMPLIANT=true -memory:1024 -smt2 -in -t:12000 (10)] The stream was forcibly closed: stdIn
[2026-06-06 15:15:54,463 INFO  L546       MonitoredProcess]: [MP /usr/bin/z3 SMTLIB2_COMPLIANT=true -memory:1024 -smt2 -in -t:12000 (10)] Ended with exit code 0
[2026-06-06 15:15:54,664 INFO  L546       MonitoredProcess]: [MP /usr/bin/z3 SMTLIB2_COMPLIANT=true -memory:1024 -smt2 -in -t:12000 (6)] Ended with exit code 0
[2026-06-06 15:15:54,865 INFO  L546       MonitoredProcess]: [MP /usr/bin/z3 -smt2 -in SMTLIB2_COMPLIANT=true (37)] Ended with exit code 0
[2026-06-06 15:15:55,062 WARN  L718   oredProcess$PipePump]: [MP /usr/bin/z3 -smt2 -in SMTLIB2_COMPLIANT=true (24)] The stream was forcibly closed: stdIn
[2026-06-06 15:15:55,066 INFO  L546       MonitoredProcess]: [MP /usr/bin/z3 -smt2 -in SMTLIB2_COMPLIANT=true (24)] Ended with exit code 0
[2026-06-06 15:15:55,265 INFO  L546       MonitoredProcess]: [MP /usr/bin/z3 -smt2 -in SMTLIB2_COMPLIANT=true (18)] Ended with exit code 0
[2026-06-06 15:15:55,466 INFO  L546       MonitoredProcess]: [MP /usr/bin/z3 -smt2 -in SMTLIB2_COMPLIANT=true (32)] Ended with exit code 0
[2026-06-06 15:15:55,666 INFO  L534       MonitoredProcess]: [MP /usr/bin/z3 SMTLIB2_COMPLIANT=true -memory:1024 -smt2 -in -t:12000 (13)] Forceful destruction successful, exit code 0
[2026-06-06 15:15:55,866 INFO  L546       MonitoredProcess]: [MP /usr/bin/z3 SMTLIB2_COMPLIANT=true -memory:1024 -smt2 -in -t:12000 (4)] Ended with exit code 0
[2026-06-06 15:15:56,064 WARN  L668   ParallelNwaCegarLoop]: Destroyed unattended storables created during the last iteration: 16 /usr/bin/z3 SMTLIB2_COMPLIANT=true -memory:1024 -smt2 -in -t:12000,25 /usr/bin/z3 -smt2 -in SMTLIB2_COMPLIANT=true,5 /usr/bin/z3 SMTLIB2_COMPLIANT=true -memory:1024 -smt2 -in -t:12000,28 /usr/bin/z3 -smt2 -in SMTLIB2_COMPLIANT=true,33 /usr/bin/z3 -smt2 -in SMTLIB2_COMPLIANT=true,30 /usr/bin/z3 -smt2 -in SMTLIB2_COMPLIANT=true,SelfDestructingSolverStorable4,17 /usr/bin/z3 SMTLIB2_COMPLIANT=true -memory:1024 -smt2 -in -t:12000,SelfDestructingSolverStorable3,SelfDestructingSolverStorable2,15 /usr/bin/z3 SMTLIB2_COMPLIANT=true -memory:1024 -smt2 -in -t:12000,SelfDestructingSolverStorable1,SelfDestructingSolverStorable8,SelfDestructingSolverStorable7,SelfDestructingSolverStorable6,SelfDestructingSolverStorable5,36 /usr/bin/z3 -smt2 -in SMTLIB2_COMPLIANT=true,SelfDestructingSolverStorable9,29 /usr/bin/z3 -smt2 -in SMTLIB2_COMPLIANT=true,34 /usr/bin/z3 -smt2 -in SMTLIB2_COMPLIANT=true,21 /usr/bin/z3 -smt2 -in SMTLIB2_COMPLIANT=true,14 /usr/bin/z3 SMTLIB2_COMPLIANT=true -memory:1024 -smt2 -in -t:12000,3 /usr/bin/z3 SMTLIB2_COMPLIANT=true -memory:1024 -smt2 -in -t:12000,SelfDestructingSolverStorable0,27 /usr/bin/z3 -smt2 -in SMTLIB2_COMPLIANT=true,35 /usr/bin/z3 -smt2 -in SMTLIB2_COMPLIANT=true,22 /usr/bin/z3 -smt2 -in SMTLIB2_COMPLIANT=true,9 /usr/bin/z3 SMTLIB2_COMPLIANT=true -memory:1024 -smt2 -in -t:12000,38 /usr/bin/z3 -smt2 -in SMTLIB2_COMPLIANT=true,20 /usr/bin/z3 -smt2 -in SMTLIB2_COMPLIANT=true,12 /usr/bin/z3 SMTLIB2_COMPLIANT=true -memory:1024 -smt2 -in -t:12000,SelfDestructingSolverStorable18,SelfDestructingSolverStorable19,8 /usr/bin/z3 SMTLIB2_COMPLIANT=true -memory:1024 -smt2 -in -t:12000,23 /usr/bin/z3 -smt2 -in SMTLIB2_COMPLIANT=true,31 /usr/bin/z3 -smt2 -in SMTLIB2_COMPLIANT=true,SelfDestructingSolverStorable10,19 /usr/bin/z3 -smt2 -in SMTLIB2_COMPLIANT=true,26 /usr/bin/z3 -smt2 -in SMTLIB2_COMPLIANT=true,SelfDestructingSolverStorable11,SelfDestructingSolverStorable12,SelfDestructingSolverStorable13,7 /usr/bin/z3 SMTLIB2_COMPLIANT=true -memory:1024 -smt2 -in -t:12000,SelfDestructingSolverStorable14,SelfDestructingSolverStorable15,SelfDestructingSolverStorable16,2 /usr/bin/z3 SMTLIB2_COMPLIANT=true -memory:1024 -smt2 -in -t:12000,11 /usr/bin/z3 SMTLIB2_COMPLIANT=true -memory:1024 -smt2 -in -t:12000,SelfDestructingSolverStorable17,SelfDestructingSolverStorable20,10 /usr/bin/z3 SMTLIB2_COMPLIANT=true -memory:1024 -smt2 -in -t:12000,6 /usr/bin/z3 SMTLIB2_COMPLIANT=true -memory:1024 -smt2 -in -t:12000,37 /usr/bin/z3 -smt2 -in SMTLIB2_COMPLIANT=true,24 /usr/bin/z3 -smt2 -in SMTLIB2_COMPLIANT=true,18 /usr/bin/z3 -smt2 -in SMTLIB2_COMPLIANT=true,32 /usr/bin/z3 -smt2 -in SMTLIB2_COMPLIANT=true,13 /usr/bin/z3 SMTLIB2_COMPLIANT=true -memory:1024 -smt2 -in -t:12000,SelfDestructingSolverStorable21,4 /usr/bin/z3 SMTLIB2_COMPLIANT=true -memory:1024 -smt2 -in -t:12000
[2026-06-06 15:15:56,065 INFO  L525   ParallelNwaCegarLoop]: Iteration 11
[2026-06-06 15:15:56,065 INFO  L526   ParallelNwaCegarLoop]: SearchMode: ADAPTIVE_BATCH_LCPS
[2026-06-06 15:15:56,065 INFO  L527   ParallelNwaCegarLoop]: Refinements: 11
[2026-06-06 15:15:56,065 INFO  L528   ParallelNwaCegarLoop]: Counterexamples: 22
[2026-06-06 15:15:56,065 INFO  L529   ParallelNwaCegarLoop]: SearchTimeout: 0
[2026-06-06 15:15:56,065 INFO  L530   ParallelNwaCegarLoop]: RunConstructionFailed: 0
[2026-06-06 15:15:56,065 INFO  L531   ParallelNwaCegarLoop]: SearchFailed: 7
[2026-06-06 15:15:56,065 INFO  L532   ParallelNwaCegarLoop]: Duplicate freshness failures: 8
[2026-06-06 15:15:56,065 INFO  L533   ParallelNwaCegarLoop]: DuplicateFreshnessFailures: 8
[2026-06-06 15:15:56,065 INFO  L534   ParallelNwaCegarLoop]: BFS: 1
[2026-06-06 15:15:56,065 INFO  L535   ParallelNwaCegarLoop]: IsEmptyParallel: 4
[2026-06-06 15:15:56,065 INFO  L536   ParallelNwaCegarLoop]: ActiveThreads: 16
[2026-06-06 15:15:56,065 INFO  L537   ParallelNwaCegarLoop]: ActiveExecutorsForPathPrograms: 0
[2026-06-06 15:15:56,065 INFO  L538   ParallelNwaCegarLoop]: IterationsWithMaxThreads: 6
[2026-06-06 15:15:56,065 INFO  L539   ParallelNwaCegarLoop]: IterationsWithONEThread: 0
[2026-06-06 15:15:56,065 INFO  L540   ParallelNwaCegarLoop]: SearchTime: 0 s
[2026-06-06 15:15:56,065 INFO  L541   ParallelNwaCegarLoop]: WorkerSetUpTime: 0 s
[2026-06-06 15:15:56,065 INFO  L542   ParallelNwaCegarLoop]: ExceptionInWorker: 0
[2026-06-06 15:15:56,065 INFO  L543   ParallelNwaCegarLoop]: mRefinementTime: 0
[2026-06-06 15:15:56,065 INFO  L544   ParallelNwaCegarLoop]: Prefix cache checked paths: 22
[2026-06-06 15:15:56,065 INFO  L545   ParallelNwaCegarLoop]: Prefix cache stale paths: 8
[2026-06-06 15:15:56,065 INFO  L546   ParallelNwaCegarLoop]: Stale paths: 8
[2026-06-06 15:15:56,065 INFO  L547   ParallelNwaCegarLoop]: LcpsCheckedPrefixQueries: 0
[2026-06-06 15:15:56,065 INFO  L548   ParallelNwaCegarLoop]: LcpsStalePrefixQueries: 0
[2026-06-06 15:15:56,065 INFO  L549   ParallelNwaCegarLoop]: LcpsCheckedPrefixHits: 0
[2026-06-06 15:15:56,065 INFO  L550   ParallelNwaCegarLoop]: LcpsStalePrefixHits: 0
[2026-06-06 15:15:56,065 INFO  L551   ParallelNwaCegarLoop]: LcpsSearchInvocations: 0
[2026-06-06 15:15:56,066 INFO  L552   ParallelNwaCegarLoop]: LcpsFullCacheSuffixInvocations: 0
[2026-06-06 15:15:56,066 INFO  L553   ParallelNwaCegarLoop]: LcpsFullCacheSuffixFallbacks: 0
[2026-06-06 15:15:56,066 INFO  L554   ParallelNwaCegarLoop]: LcpsEffectivePriorityDecisions: 0
[2026-06-06 15:15:56,066 INFO  L555   ParallelNwaCegarLoop]: BatchLcpsInvocations: 5
[2026-06-06 15:15:56,066 INFO  L556   ParallelNwaCegarLoop]: BatchLcpsAvailableSlotsTotal: 26
[2026-06-06 15:15:56,066 INFO  L557   ParallelNwaCegarLoop]: BatchLcpsCandidatesGenerated: 40
[2026-06-06 15:15:56,066 INFO  L558   ParallelNwaCegarLoop]: BatchLcpsCandidatesSelected: 17
[2026-06-06 15:15:56,066 INFO  L559   ParallelNwaCegarLoop]: BatchLcpsCandidateGenerationFailures: 3
[2026-06-06 15:15:56,066 INFO  L560   ParallelNwaCegarLoop]: BatchLcpsAvgCandidatePoolSize: 8.0
[2026-06-06 15:15:56,066 WARN  L310   FreeRefinementEngine]: Global settings require throwing the following exception
[2026-06-06 15:15:56,066 INFO  L561   ParallelNwaCegarLoop]: BatchLcpsAvgSelectedBatchSize: 3.4
[2026-06-06 15:15:56,066 WARN  L310   FreeRefinementEngine]: Global settings require throwing the following exception
[2026-06-06 15:15:56,066 WARN  L310   FreeRefinementEngine]: Global settings require throwing the following exception
[2026-06-06 15:15:56,066 WARN  L310   FreeRefinementEngine]: Global settings require throwing the following exception
[2026-06-06 15:15:56,066 WARN  L310   FreeRefinementEngine]: Global settings require throwing the following exception
[2026-06-06 15:15:56,066 WARN  L310   FreeRefinementEngine]: Global settings require throwing the following exception
[2026-06-06 15:15:56,066 WARN  L310   FreeRefinementEngine]: Global settings require throwing the following exception
[2026-06-06 15:15:56,066 WARN  L310   FreeRefinementEngine]: Global settings require throwing the following exception
[2026-06-06 15:15:56,066 WARN  L310   FreeRefinementEngine]: Global settings require throwing the following exception
[2026-06-06 15:15:56,066 INFO  L487   CegarNwaWorkerThread]: 0 DeclaredPredicates, 24 GetRequests, 12 SyntacticMatches, 1 SemanticMatches, 11 ConstructedPredicates, 0 IntricatePredicates, 0 DeprecatedPredicates, 7 ImplicationChecksByTransitivity, 0.1s TimeCoverageRelationStatistics Valid=35, Invalid=121, Unknown=0, NotChecked=0, Total=156
[2026-06-06 15:15:56,066 INFO  L562   ParallelNwaCegarLoop]: BatchLcpsEffectiveBatchDecisions: 1
[2026-06-06 15:15:56,066 INFO  L563   ParallelNwaCegarLoop]: BatchLcpsCandidateGenerationTimeMs: 82
[2026-06-06 15:15:56,066 INFO  L564   ParallelNwaCegarLoop]: BatchLcpsSelectionTimeMs: 5
[2026-06-06 15:15:56,066 INFO  L565   ParallelNwaCegarLoop]: AdaptiveBatchTriggerMode: THREADS_GE_4_FIRST_FILL
[2026-06-06 15:15:56,066 INFO  L566   ParallelNwaCegarLoop]: AdaptiveBatchInvocations: 5
[2026-06-06 15:15:56,066 INFO  L567   ParallelNwaCegarLoop]: AdaptiveBatchFallbacks: 8
[2026-06-06 15:15:56,066 INFO  L568   ParallelNwaCegarLoop]: AdaptiveTriggeredByDuplicate: 0
[2026-06-06 15:15:56,066 INFO  L569   ParallelNwaCegarLoop]: AdaptiveTriggeredByStale: 0
[2026-06-06 15:15:56,066 INFO  L570   ParallelNwaCegarLoop]: AdaptiveTriggeredBySearchFailed: 0
[2026-06-06 15:15:56,066 INFO  L571   ParallelNwaCegarLoop]: AdaptiveTriggeredByIdleSlot: 0
[2026-06-06 15:15:56,066 INFO  L572   ParallelNwaCegarLoop]: AdaptiveTriggeredByFirstFill: 0
[2026-06-06 15:15:56,066 INFO  L488   CegarNwaWorkerThread]: 1 mSDtfsCounter, 0 mSDsluCounter, 0 mSDsCounter, 0 mSdLazyCounter, 17 mSolverCounterSat, 2 mSolverCounterUnsat, 0 mSolverCounterUnknown, 0 mSolverCounterNotChecked, 0.0s Time, 0 mProtectedPredicate, 0 mProtectedAction, 0 SdHoareTripleChecker+Valid, 1 SdHoareTripleChecker+Invalid, 20 SdHoareTripleChecker+Unknown, 0 SdHoareTripleChecker+Unchecked, 0.0s SdHoareTripleChecker+Time, 2 IncrementalHoareTripleChecker+Valid, 17 IncrementalHoareTripleChecker+Invalid, 0 IncrementalHoareTripleChecker+Unknown, 0 IncrementalHoareTripleChecker+Unchecked, 0.0s IncrementalHoareTripleChecker+Time
[2026-06-06 15:15:56,066 INFO  L573   ParallelNwaCegarLoop]: AdaptiveTriggeredByFirstFillOrStale: 0
[2026-06-06 15:15:56,066 INFO  L574   ParallelNwaCegarLoop]: AdaptiveTriggeredByThreadsGe4FirstFill: 5
[2026-06-06 15:15:56,066 INFO  L489   CegarNwaWorkerThread]: SdHoareTripleChecker [0 Valid, 1 Invalid, 20 Unknown, 0 Unchecked, 0.0s Time], IncrementalHoareTripleChecker [2 Valid, 17 Invalid, 0 Unknown, 0 Unchecked, 0.0s Time]
[2026-06-06 15:15:56,066 INFO  L576   ParallelNwaCegarLoop]: FirstDispatchInCurrentAbstraction: true
[2026-06-06 15:15:56,066 INFO  L577   ParallelNwaCegarLoop]: AdaptiveMinAvailableSlots: 2
[2026-06-06 15:15:56,067 INFO  L580   ParallelNwaCegarLoop]: Checked paths: 22
[2026-06-06 15:15:56,067 INFO  L581   ParallelNwaCegarLoop]: Total pairwise prefix-LCA divergence: 149.91912891030537
[2026-06-06 15:15:56,067 INFO  L583   ParallelNwaCegarLoop]: Avg pairwise prefix-LCA divergence: 0.6490005580532701
[2026-06-06 15:15:56,068 INFO  L424         BasicCegarLoop]: Path program histogram: []
[2026-06-06 15:15:56,068 INFO  L429         BasicCegarLoop]: Checked paths: 22
[2026-06-06 15:15:56,068 INFO  L430         BasicCegarLoop]: Total pairwise prefix-LCA divergence: 149.91912891030537
[2026-06-06 15:15:56,068 INFO  L432         BasicCegarLoop]: Avg pairwise prefix-LCA divergence: 0.6490005580532701
[2026-06-06 15:15:56,069 INFO  L171   ceAbstractionStarter]: Computing trace abstraction results
[2026-06-06 15:15:56,070 INFO  L201        PluginConnector]: Adding new model diamond2.i_4.bpl de.uni_freiburg.informatik.ultimate.plugins.generator.traceabstraction CFG 06.06 03:15:56 BoogieIcfgContainer
[2026-06-06 15:15:56,071 INFO  L131        PluginConnector]: ------------------------ END TraceAbstraction----------------------------
[2026-06-06 15:15:56,071 INFO  L158              Benchmark]: Toolchain (without parser) took 8358.17ms. Allocated memory was 48.2MB in the beginning and 174.1MB in the end (delta: 125.8MB). Free memory was 22.1MB in the beginning and 116.8MB in the end (delta: -94.8MB). Peak memory consumption was 32.5MB. Max. memory is 4.3GB.
[2026-06-06 15:15:56,071 INFO  L158              Benchmark]: Boogie PL CUP Parser took 0.07ms. Allocated memory is still 48.2MB. Free memory was 23.2MB in the beginning and 23.2MB in the end (delta: 12.9kB). There was no memory consumed. Max. memory is 4.3GB.
[2026-06-06 15:15:56,071 INFO  L158              Benchmark]: Boogie Preprocessor took 18.93ms. Allocated memory is still 48.2MB. Free memory was 22.0MB in the beginning and 19.4MB in the end (delta: 2.7MB). Peak memory consumption was 2.1MB. Max. memory is 4.3GB.
[2026-06-06 15:15:56,071 INFO  L158              Benchmark]: RCFGBuilder took 76.52ms. Allocated memory is still 48.2MB. Free memory was 19.3MB in the beginning and 21.3MB in the end (delta: -1.9MB). Peak memory consumption was 10.4MB. Max. memory is 4.3GB.
[2026-06-06 15:15:56,071 INFO  L158              Benchmark]: TraceAbstraction took 8260.80ms. Allocated memory was 48.2MB in the beginning and 174.1MB in the end (delta: 125.8MB). Free memory was 20.0MB in the beginning and 116.8MB in the end (delta: -96.8MB). Peak memory consumption was 28.5MB. Max. memory is 4.3GB.
[2026-06-06 15:15:56,071 INFO  L338   ainManager$Toolchain]: #######################  End [Toolchain 1] #######################
 --- Results ---
 * Results from de.uni_freiburg.informatik.ultimate.core:
  - StatisticsResult: Toolchain Benchmarks
    Benchmark results are:
 * Boogie PL CUP Parser took 0.07ms. Allocated memory is still 48.2MB. Free memory was 23.2MB in the beginning and 23.2MB in the end (delta: 12.9kB). There was no memory consumed. Max. memory is 4.3GB.
 * Boogie Preprocessor took 18.93ms. Allocated memory is still 48.2MB. Free memory was 22.0MB in the beginning and 19.4MB in the end (delta: 2.7MB). Peak memory consumption was 2.1MB. Max. memory is 4.3GB.
 * RCFGBuilder took 76.52ms. Allocated memory is still 48.2MB. Free memory was 19.3MB in the beginning and 21.3MB in the end (delta: -1.9MB). Peak memory consumption was 10.4MB. Max. memory is 4.3GB.
 * TraceAbstraction took 8260.80ms. Allocated memory was 48.2MB in the beginning and 174.1MB in the end (delta: 125.8MB). Free memory was 20.0MB in the beginning and 116.8MB in the end (delta: -96.8MB). Peak memory consumption was 28.5MB. Max. memory is 4.3GB.
 * Results from de.uni_freiburg.informatik.ultimate.plugins.generator.traceabstraction:
  - StatisticsResult: ErrorAutomatonStatistics
    NumberErrorTraces: 0, NumberStatementsAllTraces: 0, NumberRelevantStatements: 0, 0.0s ErrorAutomatonConstructionTimeTotal, 0.0s FaulLocalizationTime, NumberStatementsFirstTrace: -1, TraceLengthAvg: 0, 0.0s ErrorAutomatonConstructionTimeAvg, 0.0s ErrorAutomatonDifferenceTimeAvg, 0.0s ErrorAutomatonDifferenceTimeTotal, NumberOfNoEnhancement: 0, NumberOfFiniteEnhancement: 0, NumberOfInfiniteEnhancement: 0
  - PositiveResult [Line: 57]: assertion always holds
    For all program executions holds that assertion always holds at this location
  - StatisticsResult: Ultimate Automizer benchmark data
    CFG has 1 procedures, 5 locations, 5 edges, 1 error locations. Started 1 CEGAR loops. OverallTime: 8.2s, OverallIterations: 11, TraceHistogramMax: 6, PathProgramHistogramMax: 0, CheckedPaths: 22, TotalPairwisePrefixLcaDivergence: 149.91912891030537, AvgPairwisePrefixLcaDivergence: 0.6490005580532701, SearchMode: ADAPTIVE_BATCH_LCPS, DuplicateFreshnessFailures: 8, FailedToFindCounterexamples: 7, StalePaths: 8, LcpsCheckedPrefixQueries: 0, LcpsStalePrefixQueries: 0, LcpsCheckedPrefixHits: 0, LcpsStalePrefixHits: 0, LcpsSearchInvocations: 0, LcpsFullCacheSuffixInvocations: 0, LcpsFullCacheSuffixFallbacks: 0, LcpsEffectivePriorityDecisions: 0, BatchLcpsInvocations: 5, BatchLcpsAvailableSlotsTotal: 26, BatchLcpsCandidatesGenerated: 40, BatchLcpsCandidatesSelected: 17, BatchLcpsCandidateGenerationFailures: 3, BatchLcpsAvgCandidatePoolSize: 8.0, BatchLcpsAvgSelectedBatchSize: 3.4, BatchLcpsEffectiveBatchDecisions: 1, BatchLcpsCandidateGenerationTimeMs: 82, BatchLcpsSelectionTimeMs: 5, AdaptiveBatchTriggerMode: THREADS_GE_4_FIRST_FILL, AdaptiveBatchInvocations: 5, AdaptiveBatchFallbacks: 8, AdaptiveTriggeredByDuplicate: 0, AdaptiveTriggeredByStale: 0, AdaptiveTriggeredBySearchFailed: 0, AdaptiveTriggeredByIdleSlot: 0, AdaptiveTriggeredByFirstFill: 0, AdaptiveTriggeredByFirstFillOrStale: 0, AdaptiveTriggeredByThreadsGe4FirstFill: 5, AdaptiveMinAvailableSlots: 2, EmptinessCheckTime: 0.0s, AutomataDifference: 0.0s, DeadEndRemovalTime: 0.0s, HoareAnnotationTime: 0.0s, InitialAbstractionConstructionTime: 0.0s, HoareTripleCheckerStatistics: , PredicateUnifierStatistics: No data available, 0.0s BasicInterpolantAutomatonTime, BiggestAbstraction: size=5occurred in iteration=0, InterpolantAutomatonStates: 86, traceCheckStatistics: No data available, InterpolantConsolidationStatistics: No data available, PathInvariantsStatistics: No data available, 0/0 InterpolantCoveringCapability, TotalInterpolationStatistics: No data available, 0.0s DumpTime, AutomataMinimizationStatistics: 0.0s AutomataMinimizationTime, 11 MinimizatonAttempts, 0 StatesRemovedByMinimization, 0 NontrivialMinimizations, HoareAnnotationStatistics: No data available, RefinementEngineStatistics: No data available, ReuseStatistics: No data available, ConComCheckerStatistics: No data available
  - AllSpecificationsHoldResult: All specifications hold
    1 specifications checked. All of them hold
RESULT: Ultimate proved your program to be correct!
[2026-06-06 15:15:56,076 INFO  L546       MonitoredProcess]: [MP /usr/bin/z3 SMTLIB2_COMPLIANT=true -memory:1024 -smt2 -in -t:12000 (1)] Ended with exit code 0
Received shutdown request...

