This is Ultimate 0.3.1-cache-f5c6788a5b-m
[2026-06-06 12:07:33,212 INFO  L188        SettingsManager]: Resetting all preferences to default values...
[2026-06-06 12:07:33,239 INFO  L114        SettingsManager]: Loading settings from /home/hschi1106/ultimate/trunk/examples/Interactive/settings/ResetSettingsCamel.epf
[2026-06-06 12:07:33,241 WARN  L101        SettingsManager]: Preference file contains the following unknown settings:
[2026-06-06 12:07:33,241 WARN  L103        SettingsManager]:   * de.uni_freiburg.informatik.ultimate.plugins.blockencoding.Rewrite not-equals during SBE
[2026-06-06 12:07:33,241 WARN  L103        SettingsManager]:   * de.uni_freiburg.informatik.ultimate.plugins.blockencoding.Simplify codeblocks
[2026-06-06 12:07:33,241 WARN  L103        SettingsManager]:   * de.uni_freiburg.informatik.ultimate.plugins.blockencoding.Simplify assume statements
[2026-06-06 12:07:33,241 WARN  L103        SettingsManager]:   * de.uni_freiburg.informatik.ultimate.plugins.blockencoding.Use SBE during assume simplification
[2026-06-06 12:07:33,241 WARN  L103        SettingsManager]:   * de.uni_freiburg.informatik.ultimate.plugins.blockencoding.Use SBE for initial RCFG
[2026-06-06 12:07:33,241 WARN  L103        SettingsManager]:   * de.uni_freiburg.informatik.ultimate.plugins.blockencoding.Rewrite not equals when simplifying assume statements with SBE
[2026-06-06 12:07:33,241 WARN  L103        SettingsManager]:   * de.uni_freiburg.informatik.ultimate.core.Debug log message color
[2026-06-06 12:07:33,242 WARN  L103        SettingsManager]:   * de.uni_freiburg.informatik.ultimate.core.Drop models when Ultimate exits
[2026-06-06 12:07:33,242 WARN  L103        SettingsManager]:   * de.uni_freiburg.informatik.ultimate.core.Generate benchmark results
[2026-06-06 12:07:33,242 WARN  L103        SettingsManager]:   * de.uni_freiburg.informatik.ultimate.core.Log level for controller plugin
[2026-06-06 12:07:33,242 WARN  L103        SettingsManager]:   * de.uni_freiburg.informatik.ultimate.core.Warning log message color
[2026-06-06 12:07:33,242 WARN  L103        SettingsManager]:   * de.uni_freiburg.informatik.ultimate.core.Root log level
[2026-06-06 12:07:33,242 WARN  L103        SettingsManager]:   * de.uni_freiburg.informatik.ultimate.core.UI logger pattern
[2026-06-06 12:07:33,242 WARN  L103        SettingsManager]:   * de.uni_freiburg.informatik.ultimate.core.Log level for external tools
[2026-06-06 12:07:33,242 WARN  L103        SettingsManager]:   * de.uni_freiburg.informatik.ultimate.core.ultimate.logging.details
[2026-06-06 12:07:33,242 WARN  L103        SettingsManager]:   * de.uni_freiburg.informatik.ultimate.core.Toolchain timeout in seconds
[2026-06-06 12:07:33,242 WARN  L103        SettingsManager]:   * de.uni_freiburg.informatik.ultimate.core.Name of the log file
[2026-06-06 12:07:33,242 WARN  L103        SettingsManager]:   * de.uni_freiburg.informatik.ultimate.core.Info log message color
[2026-06-06 12:07:33,242 WARN  L103        SettingsManager]:   * de.uni_freiburg.informatik.ultimate.core.Create a Logfile
[2026-06-06 12:07:33,242 WARN  L103        SettingsManager]:   * de.uni_freiburg.informatik.ultimate.core.Logger pattern
[2026-06-06 12:07:33,242 WARN  L103        SettingsManager]:   * de.uni_freiburg.informatik.ultimate.core.Log level for core plugin
[2026-06-06 12:07:33,242 WARN  L103        SettingsManager]:   * de.uni_freiburg.informatik.ultimate.core.Show usable parsers
[2026-06-06 12:07:33,242 WARN  L103        SettingsManager]:   * de.uni_freiburg.informatik.ultimate.core.Log level for plugins
[2026-06-06 12:07:33,242 WARN  L103        SettingsManager]:   * de.uni_freiburg.informatik.ultimate.core.Fatal log message color
[2026-06-06 12:07:33,242 WARN  L103        SettingsManager]:   * de.uni_freiburg.informatik.ultimate.core.Show long description of results
[2026-06-06 12:07:33,242 WARN  L103        SettingsManager]:   * de.uni_freiburg.informatik.ultimate.core.Error log message color
[2026-06-06 12:07:33,242 WARN  L103        SettingsManager]:   * de.uni_freiburg.informatik.ultimate.core.Show result in pop-up window after toolchain execution
[2026-06-06 12:07:33,242 WARN  L103        SettingsManager]:   * de.uni_freiburg.informatik.ultimate.core.Directory (default: instance location)
[2026-06-06 12:07:33,242 WARN  L103        SettingsManager]:   * de.uni_freiburg.informatik.ultimate.core.Append to exisiting log file
[2026-06-06 12:07:33,242 WARN  L103        SettingsManager]:   * CDTParser.Please specify include paths that will be parsed with the given C-File
[2026-06-06 12:07:33,242 WARN  L103        SettingsManager]:   * de.uni_freiburg.informatik.ultimate.plugins.generator.rcfgbuilder.Translate Boogie integers to SMT bitvectors
[2026-06-06 12:07:33,242 WARN  L103        SettingsManager]:   * de.uni_freiburg.informatik.ultimate.plugins.generator.cacsl2boogietranslator.How to treat unsigned ints differently from normal ones
[2026-06-06 12:07:33,242 WARN  L103        SettingsManager]:   * de.uni_freiburg.informatik.ultimate.witnessprinter.Generate witnesses
[2026-06-06 12:07:33,242 WARN  L103        SettingsManager]:   * de.uni_freiburg.informatik.ultimate.witnessprinter.Write witness to working directory
[2026-06-06 12:07:33,242 WARN  L103        SettingsManager]:   * de.uni_freiburg.informatik.ultimate.plugins.analysis.irsdependencies.Mode
[2026-06-06 12:07:33,242 WARN  L103        SettingsManager]:   * de.uni_freiburg.informatik.ultimate.plugins.analysis.abstractinterpretationv2.Number type
[2026-06-06 12:07:33,242 WARN  L103        SettingsManager]:   * de.uni_freiburg.informatik.ultimate.plugins.analysis.abstractinterpretationv2.Congruence Widening operator
[2026-06-06 12:07:33,242 WARN  L103        SettingsManager]:   * de.uni_freiburg.informatik.ultimate.plugins.output.jungvisualization.Annotate edges
[2026-06-06 12:07:33,242 WARN  L103        SettingsManager]:   * de.uni_freiburg.informatik.ultimate.plugins.output.jungvisualization.Background color:
[2026-06-06 12:07:33,242 WARN  L103        SettingsManager]:   * de.uni_freiburg.informatik.ultimate.plugins.output.jungvisualization.Which models should be visualized?
[2026-06-06 12:07:33,242 WARN  L103        SettingsManager]:   * de.uni_freiburg.informatik.ultimate.plugins.output.jungvisualization.Choose node shape:
[2026-06-06 12:07:33,242 WARN  L103        SettingsManager]:   * de.uni_freiburg.informatik.ultimate.plugins.output.jungvisualization.Node color:
[2026-06-06 12:07:33,242 WARN  L103        SettingsManager]:   * de.uni_freiburg.informatik.ultimate.plugins.output.jungvisualization.Picked node color:
[2026-06-06 12:07:33,242 WARN  L103        SettingsManager]:   * de.uni_freiburg.informatik.ultimate.plugins.output.jungvisualization.Annotate nodes
[2026-06-06 12:07:33,242 WARN  L103        SettingsManager]:   * de.uni_freiburg.informatik.ultimate.plugins.output.jungvisualization.SVG Export directory:
[2026-06-06 12:07:33,242 WARN  L103        SettingsManager]:   * de.uni_freiburg.informatik.ultimate.plugins.output.jungvisualization.Default graph layout:
[2026-06-06 12:07:33,242 WARN  L103        SettingsManager]:   * de.uni_freiburg.informatik.ultimate.boogie.procedureinliner.to and inside polymorphic procedures
[2026-06-06 12:07:33,242 WARN  L103        SettingsManager]:   * de.uni_freiburg.informatik.ultimate.boogie.procedureinliner.to procedures with 'free requires' specifications
[2026-06-06 12:07:33,242 WARN  L103        SettingsManager]:   * de.uni_freiburg.informatik.ultimate.boogie.procedureinliner.calls to unimplemented procedures
[2026-06-06 12:07:33,242 WARN  L103        SettingsManager]:   * de.uni_freiburg.informatik.ultimate.boogie.procedureinliner.to recursive procedures
[2026-06-06 12:07:33,242 WARN  L103        SettingsManager]:   * de.uni_freiburg.informatik.ultimate.boogie.procedureinliner.with 'forall' modifier
[2026-06-06 12:07:33,242 WARN  L103        SettingsManager]:   * de.uni_freiburg.informatik.ultimate.boogie.procedureinliner.calls to implemented procedures
[2026-06-06 12:07:33,242 WARN  L103        SettingsManager]:   * de.uni_freiburg.informatik.ultimate.boogie.procedureinliner.to procedures, called more than once
[2026-06-06 12:07:33,242 WARN  L103        SettingsManager]:   * de.uni_freiburg.informatik.ultimate.plugins.generator.traceabstraction.Non-flow-sensitive error trace relevance analysis
[2026-06-06 12:07:33,242 WARN  L103        SettingsManager]:   * de.uni_freiburg.informatik.ultimate.plugins.generator.traceabstraction.use unfolding as abstraction
[2026-06-06 12:07:33,242 WARN  L103        SettingsManager]:   * de.uni_freiburg.informatik.ultimate.plugins.generator.traceabstraction.Iterations until the model checker surrenders
[2026-06-06 12:07:33,242 WARN  L103        SettingsManager]:   * de.uni_freiburg.informatik.ultimate.plugins.generator.traceabstraction.Enable interactive Verification?
[2026-06-06 12:07:33,242 WARN  L103        SettingsManager]:   * de.uni_freiburg.informatik.ultimate.plugins.generator.traceabstraction.Flow-sensitive error trace relevance analysis
[2026-06-06 12:07:33,242 WARN  L103        SettingsManager]:   * de.uni_freiburg.informatik.ultimate.gui.LASTTOOLCHAINPATH
[2026-06-06 12:07:33,243 WARN  L103        SettingsManager]:   * de.uni_freiburg.informatik.ultimate.gui.LASTPATH
[2026-06-06 12:07:33,262 INFO  L130        SettingsManager]: Preferences different from defaults after loading the file:
[2026-06-06 12:07:33,262 INFO  L151        SettingsManager]: Preferences of UltimateCore differ from their defaults:
[2026-06-06 12:07:33,262 INFO  L153        SettingsManager]:  * Directory (default: instance location)=/home/iari/src/ultimate/trunk/runtime-Debug-E4.product/
[2026-06-06 12:07:33,262 INFO  L151        SettingsManager]: Preferences of Abstract Interpretation differ from their defaults:
[2026-06-06 12:07:33,262 INFO  L153        SettingsManager]:  * Log string format=HALF_MATRIX
[2026-06-06 12:07:33,262 INFO  L151        SettingsManager]: Preferences of BuchiAutomizer differ from their defaults:
[2026-06-06 12:07:33,262 INFO  L153        SettingsManager]:  * Buchi interpolant automaton=Staged
[2026-06-06 12:07:33,262 INFO  L153        SettingsManager]:  * Buchi complementation construction=Ncsb
[2026-06-06 12:07:33,262 INFO  L151        SettingsManager]: Preferences of CACSL2BoogieTranslator differ from their defaults:
[2026-06-06 12:07:33,262 INFO  L153        SettingsManager]:  * Report unsoundness warnings=false
[2026-06-06 12:07:33,262 INFO  L151        SettingsManager]: Preferences of RCFGBuilder differ from their defaults:
[2026-06-06 12:07:33,263 INFO  L153        SettingsManager]:  * Logic for external solver=AUFNIRA
[2026-06-06 12:07:33,263 INFO  L153        SettingsManager]:  * Convert code blocks to CNF=true
[2026-06-06 12:07:33,263 INFO  L151        SettingsManager]: Preferences of TraceAbstraction differ from their defaults:
[2026-06-06 12:07:33,263 INFO  L153        SettingsManager]:  * cut-off requires same transition=true
[2026-06-06 12:07:33,263 INFO  L153        SettingsManager]:  * Trace refinement strategy=CAMEL
Applying setting for plugin de.uni_freiburg.informatik.ultimate.plugins.generator.traceabstraction: Use CEGAR loop for Parallel Trace Abstraction -> true
Applying setting for plugin de.uni_freiburg.informatik.ultimate.plugins.generator.traceabstraction: Threadlimit for Parallel CEGAR -> 4
Applying setting for plugin de.uni_freiburg.informatik.ultimate.plugins.generator.traceabstraction: Parallel trace search selection mode -> ADAPTIVE_BATCH_LCPS
Applying setting for plugin de.uni_freiburg.informatik.ultimate.plugins.generator.traceabstraction: Track stale prefixes in parallel search -> true
Applying setting for plugin de.uni_freiburg.informatik.ultimate.plugins.generator.traceabstraction: Use initial BFS in PAPER/LCPS parallel search -> true
Applying setting for plugin de.uni_freiburg.informatik.ultimate.plugins.generator.traceabstraction: Batch LCPS candidate multiplier -> 4
Applying setting for plugin de.uni_freiburg.informatik.ultimate.plugins.generator.traceabstraction: Batch LCPS candidate cap -> 32
Applying setting for plugin de.uni_freiburg.informatik.ultimate.plugins.generator.traceabstraction: Adaptive batch trigger mode -> STALE_ONLY
Applying setting for plugin de.uni_freiburg.informatik.ultimate.plugins.generator.traceabstraction: Adaptive batch min available slots -> 2
[2026-06-06 12:07:33,376 INFO  L75    nceAwareModelManager]: Repository-Root is: /tmp
[2026-06-06 12:07:33,381 INFO  L261   ainManager$Toolchain]: [Toolchain 1]: Applicable parser(s) successfully (re)initialized
[2026-06-06 12:07:33,382 INFO  L217   ainManager$Toolchain]: [Toolchain 1]: Toolchain selected.
[2026-06-06 12:07:33,382 INFO  L270        PluginConnector]: Initializing Boogie PL CUP Parser...
[2026-06-06 12:07:33,382 INFO  L274        PluginConnector]: Boogie PL CUP Parser initialized
[2026-06-06 12:07:33,383 INFO  L431   ainManager$Toolchain]: [Toolchain 1]: Parsing single file: /home/hschi1106/ultimate/trunk/examples/programs/20170304-DifficultPathPrograms/resultKnown/count_up_down.i_3.bpl
[2026-06-06 12:07:33,383 INFO  L110           BoogieParser]: Parsing: '/home/hschi1106/ultimate/trunk/examples/programs/20170304-DifficultPathPrograms/resultKnown/count_up_down.i_3.bpl'
[2026-06-06 12:07:33,390 INFO  L299   ainManager$Toolchain]: ####################### [Toolchain 1] #######################
[2026-06-06 12:07:33,391 INFO  L133        ToolchainWalker]: Walking toolchain with 3 elements.
[2026-06-06 12:07:33,391 INFO  L112        PluginConnector]: ------------------------Boogie Preprocessor----------------------------
[2026-06-06 12:07:33,391 INFO  L270        PluginConnector]: Initializing Boogie Preprocessor...
[2026-06-06 12:07:33,391 INFO  L274        PluginConnector]: Boogie Preprocessor initialized
[2026-06-06 12:07:33,396 INFO  L184        PluginConnector]: Executing the observer EnsureBoogieModelObserver from plugin Boogie Preprocessor for "count_up_down.i_3.bpl de.uni_freiburg.informatik.ultimate.boogie.parser AST 06.06 12:07:33" (1/1) ...
[2026-06-06 12:07:33,397 INFO  L184        PluginConnector]: Executing the observer TypeChecker from plugin Boogie Preprocessor for "count_up_down.i_3.bpl de.uni_freiburg.informatik.ultimate.boogie.parser AST 06.06 12:07:33" (1/1) ...
[2026-06-06 12:07:33,405 INFO  L184        PluginConnector]: Executing the observer ConstExpander from plugin Boogie Preprocessor for "count_up_down.i_3.bpl de.uni_freiburg.informatik.ultimate.boogie.parser AST 06.06 12:07:33" (1/1) ...
[2026-06-06 12:07:33,405 INFO  L184        PluginConnector]: Executing the observer StructExpander from plugin Boogie Preprocessor for "count_up_down.i_3.bpl de.uni_freiburg.informatik.ultimate.boogie.parser AST 06.06 12:07:33" (1/1) ...
[2026-06-06 12:07:33,408 INFO  L184        PluginConnector]: Executing the observer ReplaceArrayAssignments from plugin Boogie Preprocessor for "count_up_down.i_3.bpl de.uni_freiburg.informatik.ultimate.boogie.parser AST 06.06 12:07:33" (1/1) ...
[2026-06-06 12:07:33,408 INFO  L184        PluginConnector]: Executing the observer UnstructureCode from plugin Boogie Preprocessor for "count_up_down.i_3.bpl de.uni_freiburg.informatik.ultimate.boogie.parser AST 06.06 12:07:33" (1/1) ...
[2026-06-06 12:07:33,408 INFO  L184        PluginConnector]: Executing the observer FunctionInliner from plugin Boogie Preprocessor for "count_up_down.i_3.bpl de.uni_freiburg.informatik.ultimate.boogie.parser AST 06.06 12:07:33" (1/1) ...
[2026-06-06 12:07:33,409 INFO  L184        PluginConnector]: Executing the observer LTLStepAnnotator from plugin Boogie Preprocessor for "count_up_down.i_3.bpl de.uni_freiburg.informatik.ultimate.boogie.parser AST 06.06 12:07:33" (1/1) ...
[2026-06-06 12:07:33,409 INFO  L184        PluginConnector]: Executing the observer BoogieSymbolTableConstructor from plugin Boogie Preprocessor for "count_up_down.i_3.bpl de.uni_freiburg.informatik.ultimate.boogie.parser AST 06.06 12:07:33" (1/1) ...
[2026-06-06 12:07:33,410 INFO  L131        PluginConnector]: ------------------------ END Boogie Preprocessor----------------------------
[2026-06-06 12:07:33,411 INFO  L112        PluginConnector]: ------------------------RCFGBuilder----------------------------
[2026-06-06 12:07:33,411 INFO  L270        PluginConnector]: Initializing RCFGBuilder...
[2026-06-06 12:07:33,411 INFO  L274        PluginConnector]: RCFGBuilder initialized
[2026-06-06 12:07:33,411 INFO  L184        PluginConnector]: Executing the observer RCFGBuilderObserver from plugin RCFGBuilder for "count_up_down.i_3.bpl de.uni_freiburg.informatik.ultimate.boogie.parser AST 06.06 12:07:33" (1/1) ...
[2026-06-06 12:07:33,413 INFO  L173          SolverBuilder]: Constructing external solver with command: z3 SMTLIB2_COMPLIANT=true -memory:1024 -smt2 -in -t:12000
[2026-06-06 12:07:33,419 INFO  L189       MonitoredProcess]: No working directory specified, using /usr/bin/z3
[2026-06-06 12:07:33,424 INFO  L229       MonitoredProcess]: Starting monitored process 1 with /usr/bin/z3 SMTLIB2_COMPLIANT=true -memory:1024 -smt2 -in -t:12000 (exit command is (exit), workingDir is null)
[2026-06-06 12:07:33,425 INFO  L327       MonitoredProcess]: [MP /usr/bin/z3 SMTLIB2_COMPLIANT=true -memory:1024 -smt2 -in -t:12000 (1)] Waiting until timeout for monitored process
[2026-06-06 12:07:33,433 INFO  L138     BoogieDeclarations]: Found implementation of procedure ULTIMATE.start
[2026-06-06 12:07:33,433 INFO  L130     BoogieDeclarations]: Found specification of procedure ULTIMATE.start
[2026-06-06 12:07:33,451 INFO  L234             CfgBuilder]: Building ICFG
[2026-06-06 12:07:33,451 INFO  L260             CfgBuilder]: Building CFG for each procedure with an implementation
[2026-06-06 12:07:33,475 INFO  L?                        ?]: Removed 5 outVars from TransFormulas that were not future-live.
[2026-06-06 12:07:33,475 INFO  L283             CfgBuilder]: Performing block encoding
[2026-06-06 12:07:33,477 INFO  L89      LargeBlockEncoding]: Applying CFG Large Block Encoding to ICFG that has 1 procedures, 6 locations, 6 edges, 0 initial locations, 0 loop locations, and 1 error locations.
[2026-06-06 12:07:33,480 INFO  L139     LargeBlockEncoding]: LargeBlockEncoding completed in 4 ms, with 1 straightline sequential compositions, 0 parallel compositions, 0 1:n/n:1 sequential compositions and 0 complex sequential compositions.
[2026-06-06 12:07:33,481 INFO  L307             CfgBuilder]: Using the 1 location(s) as analysis (start of procedure ULTIMATE.start)
[2026-06-06 12:07:33,481 INFO  L312             CfgBuilder]: Removed 1 assume(true) statements.
[2026-06-06 12:07:33,481 INFO  L314             CfgBuilder]: Constructed ICFG has 1 procedures, 5 locations, 5 edges, 1 initial locations, 0 loop locations, and 1 error locations.
[2026-06-06 12:07:33,481 INFO  L201        PluginConnector]: Adding new model count_up_down.i_3.bpl de.uni_freiburg.informatik.ultimate.plugins.generator.rcfgbuilder CFG 06.06 12:07:33 BoogieIcfgContainer
[2026-06-06 12:07:33,481 INFO  L131        PluginConnector]: ------------------------ END RCFGBuilder----------------------------
[2026-06-06 12:07:33,482 INFO  L112        PluginConnector]: ------------------------TraceAbstraction----------------------------
[2026-06-06 12:07:33,482 INFO  L270        PluginConnector]: Initializing TraceAbstraction...
[2026-06-06 12:07:33,484 INFO  L274        PluginConnector]: TraceAbstraction initialized
[2026-06-06 12:07:33,484 INFO  L184        PluginConnector]: Executing the observer TraceAbstractionObserver from plugin TraceAbstraction for "count_up_down.i_3.bpl de.uni_freiburg.informatik.ultimate.boogie.parser AST 06.06 12:07:33" (1/2) ...
[2026-06-06 12:07:33,484 INFO  L204        PluginConnector]: Invalid model from TraceAbstraction for observer de.uni_freiburg.informatik.ultimate.plugins.generator.traceabstraction.TraceAbstractionObserver@1f3ebe8f and model type count_up_down.i_3.bpl de.uni_freiburg.informatik.ultimate.plugins.generator.traceabstraction AST 06.06 12:07:33, skipping insertion in model container
[2026-06-06 12:07:33,484 INFO  L184        PluginConnector]: Executing the observer TraceAbstractionObserver from plugin TraceAbstraction for "count_up_down.i_3.bpl de.uni_freiburg.informatik.ultimate.plugins.generator.rcfgbuilder CFG 06.06 12:07:33" (2/2) ...
[2026-06-06 12:07:33,484 INFO  L128   eAbstractionObserver]: Analyzing ICFG count_up_down.i_3.bpl
[2026-06-06 12:07:33,490 INFO  L217   ceAbstractionStarter]: Automizer settings: Hoare:None NWA Interpolation:ForwardPredicates Determinization: PREDICATE_ABSTRACTION
[2026-06-06 12:07:33,490 INFO  L151   ceAbstractionStarter]: Applying trace abstraction to ICFG count_up_down.i_3.bpl that has 1 procedures, 5 locations, 5 edges, 1 initial locations, 0 loop locations, and 1 error locations.
[2026-06-06 12:07:33,507 INFO  L344      AbstractCegarLoop]: ======== Iteration 0 == of CEGAR loop == AllErrorsAtOnce ========
[2026-06-06 12:07:33,511 INFO  L345      AbstractCegarLoop]: Settings: SEPARATE_VIOLATION_CHECK=true, mInterprocedural=true, mMaxIterations=1000000, mWatchIteration=1000000, mArtifact=RCFG, mInterpolation=ForwardPredicates, mInterpolantAutomaton=STRAIGHT_LINE, mDumpAutomata=false, mAutomataFormat=ATS_NUMERATE, mDumpPath=., mDeterminiation=PREDICATE_ABSTRACTION, mMinimize=MINIMIZE_SEVPA, mAutomataTypeConcurrency=FINITE_AUTOMATA, mHoareTripleChecks=INCREMENTAL, mHoareAnnotationPositions=None, mDumpOnlyReuseAutomata=false, mLimitTraceHistogram=0, mErrorLocTimeLimit=0, mLimitPathProgramCount=0, mCollectInterpolantStatistics=true, mHeuristicEmptinessCheck=false, mHeuristicEmptinessCheckAStarHeuristic=ZERO, mHeuristicEmptinessCheckAStarHeuristicRandomSeed=1337, mHeuristicEmptinessCheckSmtFeatureScoringMethod=DAGSIZE, mSMTFeatureExtraction=false, mSMTFeatureExtractionDumpPath=., mOverrideInterpolantAutomaton=false, mMcrInterpolantMethod=WP, mPorIndependenceSettings=[Lde.uni_freiburg.informatik.ultimate.lib.tracecheckerutils.partialorder.independence.IndependenceSettings;@7c8769d9, mLbeIndependenceSettings=[IndependenceType=SEMANTIC, AbstractionType=NONE, UseConditional=false, UseSemiCommutativity=true, Solver=Z3, SolverTimeout=1000ms], mThreadLimit=4, mParallelCegarLoop=true, mConsiderOnlyActiveCounterexamplesInIsEmptyParallel=true, mMinimizeAbstractionPerWorker=true, mSearchLoopBound=-1, mParallelTraceSearchSelectionMode=ADAPTIVE_BATCH_LCPS, mParallelTraceSearchUseInitialBfs=true, mParallelTraceSearchTrackStalePrefixes=true, mBatchLcpsCandidateMultiplier=4, mBatchLcpsCandidateCap=32, mAdaptiveBatchTriggerMode=STALE_ONLY, mAdaptiveBatchMinAvailableSlots=2
[2026-06-06 12:07:33,511 INFO  L346      AbstractCegarLoop]: Starting to check reachability of 1 error locations.
[2026-06-06 12:07:33,512 INFO  L290                IsEmpty]: Start isEmpty. Operand  has 5 states, 3 states have (on average 1.6666666666666667) internal successors, (5), 4 states have internal predecessors, (5), 0 states have call successors, (0), 0 states have call predecessors, (0), 0 states have return successors, (0), 0 states have call predecessors, (0), 0 states have call successors, (0)
[2026-06-06 12:07:33,514 INFO  L300                IsEmpty]: Finished isEmpty. Found accepting run of length 4
[2026-06-06 12:07:33,514 INFO  L199           NwaCegarLoop]: Found error trace
[2026-06-06 12:07:33,514 INFO  L207           NwaCegarLoop]: trace histogram [1, 1, 1]
[2026-06-06 12:07:33,515 INFO  L173          SolverBuilder]: Constructing external solver with command: z3 SMTLIB2_COMPLIANT=true -memory:1024 -smt2 -in -t:12000
[2026-06-06 12:07:33,517 INFO  L189       MonitoredProcess]: No working directory specified, using /usr/bin/z3
[2026-06-06 12:07:33,518 INFO  L229       MonitoredProcess]: Starting monitored process 2 with /usr/bin/z3 SMTLIB2_COMPLIANT=true -memory:1024 -smt2 -in -t:12000 (exit command is (exit), workingDir is null)
[2026-06-06 12:07:33,519 INFO  L327       MonitoredProcess]: [MP /usr/bin/z3 SMTLIB2_COMPLIANT=true -memory:1024 -smt2 -in -t:12000 (2)] Waiting until timeout for monitored process
[2026-06-06 12:07:33,530 WARN  L330   ript$VariableManager]: TermVariable v_ULTIMATE.start___VERIFIER_assert_~cond_3 not constructed by VariableManager. Cannot ensure absence of name clashes.
[2026-06-06 12:07:33,530 WARN  L330   ript$VariableManager]: TermVariable |v_ULTIMATE.start___VERIFIER_assert_#in~cond_2| not constructed by VariableManager. Cannot ensure absence of name clashes.
[2026-06-06 12:07:33,532 INFO  L173          SolverBuilder]: Constructing external solver with command: z3 SMTLIB2_COMPLIANT=true -memory:1024 -smt2 -in -t:12000
[2026-06-06 12:07:33,532 INFO  L196   CegarNwaWorkerThread]: WorkerThread: Thread[#80,pool-1-thread-1,5,main] is Waiting for a Task
[2026-06-06 12:07:33,534 INFO  L189       MonitoredProcess]: No working directory specified, using /usr/bin/z3
[2026-06-06 12:07:33,535 INFO  L229       MonitoredProcess]: Starting monitored process 3 with /usr/bin/z3 SMTLIB2_COMPLIANT=true -memory:1024 -smt2 -in -t:12000 (exit command is (exit), workingDir is null)
[2026-06-06 12:07:33,536 INFO  L327       MonitoredProcess]: [MP /usr/bin/z3 SMTLIB2_COMPLIANT=true -memory:1024 -smt2 -in -t:12000 (3)] Waiting until timeout for monitored process
[2026-06-06 12:07:33,544 WARN  L330   ript$VariableManager]: TermVariable v_ULTIMATE.start___VERIFIER_assert_~cond_3 not constructed by VariableManager. Cannot ensure absence of name clashes.
[2026-06-06 12:07:33,544 WARN  L330   ript$VariableManager]: TermVariable |v_ULTIMATE.start___VERIFIER_assert_#in~cond_2| not constructed by VariableManager. Cannot ensure absence of name clashes.
[2026-06-06 12:07:33,546 INFO  L173          SolverBuilder]: Constructing external solver with command: z3 SMTLIB2_COMPLIANT=true -memory:1024 -smt2 -in -t:12000
[2026-06-06 12:07:33,546 INFO  L196   CegarNwaWorkerThread]: WorkerThread: Thread[#86,pool-1-thread-2,5,main] is Waiting for a Task
[2026-06-06 12:07:33,547 INFO  L189       MonitoredProcess]: No working directory specified, using /usr/bin/z3
[2026-06-06 12:07:33,548 INFO  L229       MonitoredProcess]: Starting monitored process 4 with /usr/bin/z3 SMTLIB2_COMPLIANT=true -memory:1024 -smt2 -in -t:12000 (exit command is (exit), workingDir is null)
[2026-06-06 12:07:33,549 INFO  L327       MonitoredProcess]: [MP /usr/bin/z3 SMTLIB2_COMPLIANT=true -memory:1024 -smt2 -in -t:12000 (4)] Waiting until timeout for monitored process
[2026-06-06 12:07:33,557 WARN  L330   ript$VariableManager]: TermVariable v_ULTIMATE.start___VERIFIER_assert_~cond_3 not constructed by VariableManager. Cannot ensure absence of name clashes.
[2026-06-06 12:07:33,557 WARN  L330   ript$VariableManager]: TermVariable |v_ULTIMATE.start___VERIFIER_assert_#in~cond_2| not constructed by VariableManager. Cannot ensure absence of name clashes.
[2026-06-06 12:07:33,559 INFO  L173          SolverBuilder]: Constructing external solver with command: z3 SMTLIB2_COMPLIANT=true -memory:1024 -smt2 -in -t:12000
[2026-06-06 12:07:33,559 INFO  L196   CegarNwaWorkerThread]: WorkerThread: Thread[#92,pool-1-thread-3,5,main] is Waiting for a Task
[2026-06-06 12:07:33,561 INFO  L189       MonitoredProcess]: No working directory specified, using /usr/bin/z3
[2026-06-06 12:07:33,562 INFO  L229       MonitoredProcess]: Starting monitored process 5 with /usr/bin/z3 SMTLIB2_COMPLIANT=true -memory:1024 -smt2 -in -t:12000 (exit command is (exit), workingDir is null)
[2026-06-06 12:07:33,562 INFO  L327       MonitoredProcess]: [MP /usr/bin/z3 SMTLIB2_COMPLIANT=true -memory:1024 -smt2 -in -t:12000 (5)] Waiting until timeout for monitored process
[2026-06-06 12:07:33,570 WARN  L330   ript$VariableManager]: TermVariable v_ULTIMATE.start___VERIFIER_assert_~cond_3 not constructed by VariableManager. Cannot ensure absence of name clashes.
[2026-06-06 12:07:33,570 WARN  L330   ript$VariableManager]: TermVariable |v_ULTIMATE.start___VERIFIER_assert_#in~cond_2| not constructed by VariableManager. Cannot ensure absence of name clashes.
[2026-06-06 12:07:33,572 INFO  L196   CegarNwaWorkerThread]: WorkerThread: Thread[#98,pool-1-thread-4,5,main] is Waiting for a Task
[2026-06-06 12:07:33,572 INFO  L86        PathProgramCache]: Analyzing trace with hash 29955, now seen corresponding path program 1 times
[2026-06-06 12:07:33,572 INFO  L614   ParallelNwaCegarLoop]: Main: Starting Thread
[2026-06-06 12:07:33,572 INFO  L283   ParallelNwaCegarLoop]: === Iteration 1 ===
[2026-06-06 12:07:33,572 INFO  L336   ParallelNwaCegarLoop]: No more worker results to process
[2026-06-06 12:07:33,572 INFO  L290                IsEmpty]: Start isEmpty. Operand  has 5 states, 3 states have (on average 1.6666666666666667) internal successors, (5), 4 states have internal predecessors, (5), 0 states have call successors, (0), 0 states have call predecessors, (0), 0 states have return successors, (0), 0 states have call predecessors, (0), 0 states have call successors, (0)
[2026-06-06 12:07:33,572 INFO  L300                IsEmpty]: Finished isEmpty. Found accepting run of length 4
[2026-06-06 12:07:33,572 WARN  L753                IsEmpty]: Correctness of emptinessCheck not tested.
[2026-06-06 12:07:33,573 INFO  L209   CegarNwaWorkerThread]: Starting Thread: 80# for Trace Check: 29955
[2026-06-06 12:07:33,574 INFO  L79                 Accepts]: Start accepts. Automaton has  has 5 states, 3 states have (on average 1.6666666666666667) internal successors, (5), 4 states have internal predecessors, (5), 0 states have call successors, (0), 0 states have call predecessors, (0), 0 states have return successors, (0), 0 states have call predecessors, (0), 0 states have call successors, (0) Word has length 3
[2026-06-06 12:07:33,574 INFO  L85                 Accepts]: Finished accepts. word is accepted.
[2026-06-06 12:07:33,574 INFO  L757                IsEmpty]: Finished testing correctness of emptinessCheck
[2026-06-06 12:07:33,575 INFO  L1033  ParallelNwaCegarLoop]: BFS found an active duplicate counterexample.
[2026-06-06 12:07:33,575 INFO  L290                IsEmpty]: Start isEmptyParallel. Operand  has 5 states, 3 states have (on average 1.6666666666666667) internal successors, (5), 4 states have internal predecessors, (5), 0 states have call successors, (0), 0 states have call predecessors, (0), 0 states have return successors, (0), 0 states have call predecessors, (0), 0 states have call successors, (0)
[2026-06-06 12:07:33,575 INFO  L300                IsEmpty]: Finished isEmptyParallel. No accepting run.
[2026-06-06 12:07:33,575 INFO  L156        IsEmptyParallel]: Start isEmptyParallel. Operand  has 5 states, 3 states have (on average 1.6666666666666667) internal successors, (5), 4 states have internal predecessors, (5), 0 states have call successors, (0), 0 states have call predecessors, (0), 0 states have return successors, (0), 0 states have call predecessors, (0), 0 states have call successors, (0)
[2026-06-06 12:07:33,575 INFO  L156       PredicateUnifier]: Initialized classic predicate unifier
[2026-06-06 12:07:33,575 INFO  L86        PathProgramCache]: Analyzing trace with hash 29955, now seen corresponding path program 1 times
[2026-06-06 12:07:33,577 INFO  L182       IsEmptyHeuristic]: Start isEmptyHeuristic. Operand  has 5 states, 3 states have (on average 1.6666666666666667) internal successors, (5), 4 states have internal predecessors, (5), 0 states have call successors, (0), 0 states have call predecessors, (0), 0 states have return successors, (0), 0 states have call predecessors, (0), 0 states have call successors, (0)
[2026-06-06 12:07:33,578 INFO  L118   FreeRefinementEngine]: Executing refinement strategy CAMEL
[2026-06-06 12:07:33,578 INFO  L188       IsEmptyHeuristic]: Finished isEmptyHeuristic. Found accepting run of length 6
[2026-06-06 12:07:33,578 INFO  L163        IsEmptyParallel]: Finished isEmptyParallel. Found accepting run of length 6
[2026-06-06 12:07:33,578 WARN  L753                IsEmpty]: Correctness of emptinessCheck not tested.
[2026-06-06 12:07:33,578 INFO  L324   FreeRefinementEngine]: Using trace check IpTcStrategyModuleSmtInterpolCraig [1831894516]
[2026-06-06 12:07:33,579 INFO  L79                 Accepts]: Start accepts. Automaton has  has 5 states, 3 states have (on average 1.6666666666666667) internal successors, (5), 4 states have internal predecessors, (5), 0 states have call successors, (0), 0 states have call predecessors, (0), 0 states have return successors, (0), 0 states have call predecessors, (0), 0 states have call successors, (0) Word has length 5
[2026-06-06 12:07:33,579 INFO  L97    rtionOrderModulation]: Keeping assertion order NOT_INCREMENTALLY
[2026-06-06 12:07:33,579 INFO  L85                 Accepts]: Finished accepts. word is accepted.
[2026-06-06 12:07:33,579 INFO  L757                IsEmpty]: Finished testing correctness of emptinessCheck
[2026-06-06 12:07:33,579 INFO  L1028  ParallelNwaCegarLoop]: Found new Counterexample via IsEmptyParallel PAPER!
[2026-06-06 12:07:33,579 INFO  L127          SolverBuilder]: Constructing new instance of SMTInterpol with explicit timeout -1 ms and remaining time -1 ms
[2026-06-06 12:07:33,579 INFO  L86        PathProgramCache]: Analyzing trace with hash 28844579, now seen corresponding path program 1 times
[2026-06-06 12:07:33,579 INFO  L614   ParallelNwaCegarLoop]: Main: Starting Thread
[2026-06-06 12:07:33,579 INFO  L209   CegarNwaWorkerThread]: Starting Thread: 86# for Trace Check: 28844579
[2026-06-06 12:07:33,579 INFO  L290                IsEmpty]: Start isEmptyParallel. Operand  has 5 states, 3 states have (on average 1.6666666666666667) internal successors, (5), 4 states have internal predecessors, (5), 0 states have call successors, (0), 0 states have call predecessors, (0), 0 states have return successors, (0), 0 states have call predecessors, (0), 0 states have call successors, (0)
[2026-06-06 12:07:33,579 INFO  L300                IsEmpty]: Finished isEmptyParallel. No accepting run.
[2026-06-06 12:07:33,579 INFO  L156        IsEmptyParallel]: Start isEmptyParallel. Operand  has 5 states, 3 states have (on average 1.6666666666666667) internal successors, (5), 4 states have internal predecessors, (5), 0 states have call successors, (0), 0 states have call predecessors, (0), 0 states have return successors, (0), 0 states have call predecessors, (0), 0 states have call successors, (0)
[2026-06-06 12:07:33,579 INFO  L156       PredicateUnifier]: Initialized classic predicate unifier
[2026-06-06 12:07:33,579 INFO  L86        PathProgramCache]: Analyzing trace with hash 28844579, now seen corresponding path program 1 times
[2026-06-06 12:07:33,579 INFO  L182       IsEmptyHeuristic]: Start isEmptyHeuristic. Operand  has 5 states, 3 states have (on average 1.6666666666666667) internal successors, (5), 4 states have internal predecessors, (5), 0 states have call successors, (0), 0 states have call predecessors, (0), 0 states have return successors, (0), 0 states have call predecessors, (0), 0 states have call successors, (0)
[2026-06-06 12:07:33,579 INFO  L118   FreeRefinementEngine]: Executing refinement strategy CAMEL
[2026-06-06 12:07:33,579 INFO  L324   FreeRefinementEngine]: Using trace check IpTcStrategyModuleSmtInterpolCraig [420227659]
[2026-06-06 12:07:33,579 INFO  L188       IsEmptyHeuristic]: Finished isEmptyHeuristic. No accepting run.
[2026-06-06 12:07:33,579 INFO  L97    rtionOrderModulation]: Keeping assertion order NOT_INCREMENTALLY
[2026-06-06 12:07:33,579 INFO  L127          SolverBuilder]: Constructing new instance of SMTInterpol with explicit timeout -1 ms and remaining time -1 ms
[2026-06-06 12:07:33,579 INFO  L182       IsEmptyHeuristic]: Start isEmptyHeuristic. Operand  has 5 states, 3 states have (on average 1.6666666666666667) internal successors, (5), 4 states have internal predecessors, (5), 0 states have call successors, (0), 0 states have call predecessors, (0), 0 states have return successors, (0), 0 states have call predecessors, (0), 0 states have call successors, (0)
[2026-06-06 12:07:33,579 INFO  L188       IsEmptyHeuristic]: Finished isEmptyHeuristic. Found accepting run of length 5
[2026-06-06 12:07:33,579 INFO  L163        IsEmptyParallel]: Finished isEmptyParallel. Found accepting run of length 5
[2026-06-06 12:07:33,579 WARN  L753                IsEmpty]: Correctness of emptinessCheck not tested.
[2026-06-06 12:07:33,579 INFO  L79                 Accepts]: Start accepts. Automaton has  has 5 states, 3 states have (on average 1.6666666666666667) internal successors, (5), 4 states have internal predecessors, (5), 0 states have call successors, (0), 0 states have call predecessors, (0), 0 states have return successors, (0), 0 states have call predecessors, (0), 0 states have call successors, (0) Word has length 4
[2026-06-06 12:07:33,579 INFO  L85                 Accepts]: Finished accepts. word is accepted.
[2026-06-06 12:07:33,579 INFO  L757                IsEmpty]: Finished testing correctness of emptinessCheck
[2026-06-06 12:07:33,579 INFO  L1028  ParallelNwaCegarLoop]: Found new Counterexample via IsEmptyParallel PAPER!
[2026-06-06 12:07:33,580 INFO  L86        PathProgramCache]: Analyzing trace with hash 930412, now seen corresponding path program 2 times
[2026-06-06 12:07:33,580 INFO  L614   ParallelNwaCegarLoop]: Main: Starting Thread
[2026-06-06 12:07:33,580 INFO  L209   CegarNwaWorkerThread]: Starting Thread: 92# for Trace Check: 930412
[2026-06-06 12:07:33,580 INFO  L290                IsEmpty]: Start isEmptyParallel. Operand  has 5 states, 3 states have (on average 1.6666666666666667) internal successors, (5), 4 states have internal predecessors, (5), 0 states have call successors, (0), 0 states have call predecessors, (0), 0 states have return successors, (0), 0 states have call predecessors, (0), 0 states have call successors, (0)
[2026-06-06 12:07:33,580 INFO  L300                IsEmpty]: Finished isEmptyParallel. No accepting run.
[2026-06-06 12:07:33,580 INFO  L156        IsEmptyParallel]: Start isEmptyParallel. Operand  has 5 states, 3 states have (on average 1.6666666666666667) internal successors, (5), 4 states have internal predecessors, (5), 0 states have call successors, (0), 0 states have call predecessors, (0), 0 states have return successors, (0), 0 states have call predecessors, (0), 0 states have call successors, (0)
[2026-06-06 12:07:33,580 INFO  L156       PredicateUnifier]: Initialized classic predicate unifier
[2026-06-06 12:07:33,580 INFO  L86        PathProgramCache]: Analyzing trace with hash 930412, now seen corresponding path program 2 times
[2026-06-06 12:07:33,580 INFO  L182       IsEmptyHeuristic]: Start isEmptyHeuristic. Operand  has 5 states, 3 states have (on average 1.6666666666666667) internal successors, (5), 4 states have internal predecessors, (5), 0 states have call successors, (0), 0 states have call predecessors, (0), 0 states have return successors, (0), 0 states have call predecessors, (0), 0 states have call successors, (0)
[2026-06-06 12:07:33,580 INFO  L118   FreeRefinementEngine]: Executing refinement strategy CAMEL
[2026-06-06 12:07:33,580 INFO  L188       IsEmptyHeuristic]: Finished isEmptyHeuristic. No accepting run.
[2026-06-06 12:07:33,580 INFO  L324   FreeRefinementEngine]: Using trace check IpTcStrategyModuleSmtInterpolCraig [1998939321]
[2026-06-06 12:07:33,580 INFO  L95    rtionOrderModulation]: Changing assertion order to OUTSIDE_LOOP_FIRST1
[2026-06-06 12:07:33,580 INFO  L127          SolverBuilder]: Constructing new instance of SMTInterpol with explicit timeout -1 ms and remaining time -1 ms
[2026-06-06 12:07:33,580 INFO  L182       IsEmptyHeuristic]: Start isEmptyHeuristic. Operand  has 5 states, 3 states have (on average 1.6666666666666667) internal successors, (5), 4 states have internal predecessors, (5), 0 states have call successors, (0), 0 states have call predecessors, (0), 0 states have return successors, (0), 0 states have call predecessors, (0), 0 states have call successors, (0)
[2026-06-06 12:07:33,580 INFO  L188       IsEmptyHeuristic]: Finished isEmptyHeuristic. No accepting run.
[2026-06-06 12:07:33,580 INFO  L182       IsEmptyHeuristic]: Start isEmptyHeuristic. Operand  has 5 states, 3 states have (on average 1.6666666666666667) internal successors, (5), 4 states have internal predecessors, (5), 0 states have call successors, (0), 0 states have call predecessors, (0), 0 states have return successors, (0), 0 states have call predecessors, (0), 0 states have call successors, (0)
[2026-06-06 12:07:33,580 INFO  L188       IsEmptyHeuristic]: Finished isEmptyHeuristic. Found accepting run of length 8
[2026-06-06 12:07:33,580 INFO  L163        IsEmptyParallel]: Finished isEmptyParallel. Found accepting run of length 8
[2026-06-06 12:07:33,580 WARN  L753                IsEmpty]: Correctness of emptinessCheck not tested.
[2026-06-06 12:07:33,580 INFO  L79                 Accepts]: Start accepts. Automaton has  has 5 states, 3 states have (on average 1.6666666666666667) internal successors, (5), 4 states have internal predecessors, (5), 0 states have call successors, (0), 0 states have call predecessors, (0), 0 states have return successors, (0), 0 states have call predecessors, (0), 0 states have call successors, (0) Word has length 7
[2026-06-06 12:07:33,580 INFO  L85                 Accepts]: Finished accepts. word is accepted.
[2026-06-06 12:07:33,580 INFO  L757                IsEmpty]: Finished testing correctness of emptinessCheck
[2026-06-06 12:07:33,580 INFO  L1028  ParallelNwaCegarLoop]: Found new Counterexample via IsEmptyParallel PAPER!
[2026-06-06 12:07:33,580 INFO  L86        PathProgramCache]: Analyzing trace with hash 1949894467, now seen corresponding path program 3 times
[2026-06-06 12:07:33,580 INFO  L614   ParallelNwaCegarLoop]: Main: Starting Thread
[2026-06-06 12:07:33,580 INFO  L283   ParallelNwaCegarLoop]: === Iteration 2 ===
[2026-06-06 12:07:33,580 INFO  L209   CegarNwaWorkerThread]: Starting Thread: 98# for Trace Check: 1949894467
[2026-06-06 12:07:33,581 INFO  L631   ParallelNwaCegarLoop]: All threads busy, going to sleep.
[2026-06-06 12:07:33,581 INFO  L156       PredicateUnifier]: Initialized classic predicate unifier
[2026-06-06 12:07:33,581 INFO  L86        PathProgramCache]: Analyzing trace with hash 1949894467, now seen corresponding path program 3 times
[2026-06-06 12:07:33,581 INFO  L118   FreeRefinementEngine]: Executing refinement strategy CAMEL
[2026-06-06 12:07:33,581 INFO  L324   FreeRefinementEngine]: Using trace check IpTcStrategyModuleSmtInterpolCraig [1019881401]
[2026-06-06 12:07:33,581 INFO  L95    rtionOrderModulation]: Changing assertion order to OUTSIDE_LOOP_FIRST2
[2026-06-06 12:07:33,581 INFO  L127          SolverBuilder]: Constructing new instance of SMTInterpol with explicit timeout -1 ms and remaining time -1 ms
[2026-06-06 12:07:33,609 INFO  L108    AnnotateAndAsserter]: Assert order OUTSIDE_LOOP_FIRST2 partitioned 7 statements into 3 equivalence classes.
[2026-06-06 12:07:33,609 INFO  L108    AnnotateAndAsserter]: Assert order OUTSIDE_LOOP_FIRST1 partitioned 4 statements into 2 equivalence classes.
[2026-06-06 12:07:33,609 INFO  L108    AnnotateAndAsserter]: Assert order NOT_INCREMENTALLY partitioned 5 statements into 1 equivalence classes.
[2026-06-06 12:07:33,609 INFO  L108    AnnotateAndAsserter]: Assert order NOT_INCREMENTALLY partitioned 3 statements into 1 equivalence classes.
[2026-06-06 12:07:33,622 INFO  L111    AnnotateAndAsserter]: Assert order NOT_INCREMENTALLY issued 1 check-sat command(s) and asserted 3 of 3 statements.
[2026-06-06 12:07:33,622 INFO  L114    AnnotateAndAsserter]: Assert order NOT_INCREMENTALLY issued 1 check-sat command(s)
[2026-06-06 12:07:33,622 INFO  L115    AnnotateAndAsserter]: Conjunction of SSA is unsat
[2026-06-06 12:07:33,625 INFO  L111    AnnotateAndAsserter]: Assert order OUTSIDE_LOOP_FIRST1 issued 2 check-sat command(s) and asserted 4 of 4 statements.
[2026-06-06 12:07:33,625 INFO  L114    AnnotateAndAsserter]: Assert order OUTSIDE_LOOP_FIRST1 issued 2 check-sat command(s)
[2026-06-06 12:07:33,625 INFO  L115    AnnotateAndAsserter]: Conjunction of SSA is unsat
[2026-06-06 12:07:33,633 INFO  L111    AnnotateAndAsserter]: Assert order OUTSIDE_LOOP_FIRST2 issued 3 check-sat command(s) and asserted 7 of 7 statements.
[2026-06-06 12:07:33,633 INFO  L114    AnnotateAndAsserter]: Assert order OUTSIDE_LOOP_FIRST2 issued 3 check-sat command(s)
[2026-06-06 12:07:33,633 INFO  L115    AnnotateAndAsserter]: Conjunction of SSA is unsat
[2026-06-06 12:07:33,634 INFO  L111    AnnotateAndAsserter]: Assert order NOT_INCREMENTALLY issued 1 check-sat command(s) and asserted 5 of 5 statements.
[2026-06-06 12:07:33,634 INFO  L114    AnnotateAndAsserter]: Assert order NOT_INCREMENTALLY issued 1 check-sat command(s)
[2026-06-06 12:07:33,634 INFO  L115    AnnotateAndAsserter]: Conjunction of SSA is unsat
[2026-06-06 12:07:33,749 INFO  L134       CoverageAnalysis]: Checked inductivity of 0 backedges. 0 proven. 0 refuted. 0 times theorem prover too weak. 0 trivial. 0 not checked.
[2026-06-06 12:07:33,750 INFO  L136   FreeRefinementEngine]: Strategy CAMEL found an infeasible trace
[2026-06-06 12:07:33,750 INFO  L324   FreeRefinementEngine]: Using interpolant generator IpTcStrategyModuleSmtInterpolCraig [1831894516]
[2026-06-06 12:07:33,750 INFO  L158   FreeRefinementEngine]: IpTcStrategyModuleSmtInterpolCraig [1831894516] provided 1 perfect and 0 imperfect interpolant sequences
[2026-06-06 12:07:33,750 INFO  L185   FreeRefinementEngine]: Found 1 perfect and 0 imperfect interpolant sequences.
[2026-06-06 12:07:33,750 INFO  L198   FreeRefinementEngine]: Number of different interpolants: perfect sequences [2] imperfect sequences [] total 2
[2026-06-06 12:07:33,751 INFO  L122   tionRefinementEngine]: Using interpolant automaton builder IpAbStrategyModuleStraightlineAll [1837105150]
[2026-06-06 12:07:33,751 INFO  L85    oduleStraightlineAll]: Using 1 perfect interpolants to construct interpolant automaton
[2026-06-06 12:07:33,753 INFO  L100   FreeRefinementEngine]: Using predicate unifier PredicateUnifier provided by strategy CAMEL
[2026-06-06 12:07:33,765 INFO  L134       CoverageAnalysis]: Checked inductivity of 1 backedges. 0 proven. 1 refuted. 0 times theorem prover too weak. 0 trivial. 0 not checked.
[2026-06-06 12:07:33,765 INFO  L136   FreeRefinementEngine]: Strategy CAMEL found an infeasible trace
[2026-06-06 12:07:33,765 INFO  L324   FreeRefinementEngine]: Using interpolant generator IpTcStrategyModuleSmtInterpolCraig [1998939321]
[2026-06-06 12:07:33,765 INFO  L158   FreeRefinementEngine]: IpTcStrategyModuleSmtInterpolCraig [1998939321] provided 0 perfect and 1 imperfect interpolant sequences
[2026-06-06 12:07:33,765 INFO  L324   FreeRefinementEngine]: Using interpolant generator IpTcStrategyModuleZ3 [80251646]
[2026-06-06 12:07:33,765 INFO  L95    rtionOrderModulation]: Changing assertion order to OUTSIDE_LOOP_FIRST1
[2026-06-06 12:07:33,765 INFO  L144   InterpolantAutomaton]: Constructing interpolant automaton starting with 3 interpolants.
[2026-06-06 12:07:33,765 INFO  L173          SolverBuilder]: Constructing external solver with command: z3 -smt2 -in SMTLIB2_COMPLIANT=true
[2026-06-06 12:07:33,766 INFO  L146   InterpolantAutomaton]: CoverageRelationStatistics Valid=3, Invalid=3, Unknown=0, NotChecked=0, Total=6
[2026-06-06 12:07:33,766 INFO  L419   CegarNwaWorkerThread]: Difference in Worker for Generalization
[2026-06-06 12:07:33,767 INFO  L87              Difference]: Start difference. First operand  has 5 states, 3 states have (on average 1.6666666666666667) internal successors, (5), 4 states have internal predecessors, (5), 0 states have call successors, (0), 0 states have call predecessors, (0), 0 states have return successors, (0), 0 states have call predecessors, (0), 0 states have call successors, (0) Second operand  has 3 states, 3 states have (on average 1.0) internal successors, (3), 2 states have internal predecessors, (3), 0 states have call successors, (0), 0 states have call predecessors, (0), 0 states have return successors, (0), 0 states have call predecessors, (0), 0 states have call successors, (0)
[2026-06-06 12:07:33,768 INFO  L189       MonitoredProcess]: No working directory specified, using /usr/bin/z3
[2026-06-06 12:07:33,770 INFO  L229       MonitoredProcess]: Starting monitored process 6 with /usr/bin/z3 -smt2 -in SMTLIB2_COMPLIANT=true (exit command is (exit), workingDir is null)
[2026-06-06 12:07:33,770 INFO  L327       MonitoredProcess]: [MP /usr/bin/z3 -smt2 -in SMTLIB2_COMPLIANT=true (6)] Waiting until timeout for monitored process
[2026-06-06 12:07:33,778 INFO  L144             Difference]: Subtrahend was deterministic. Have not used determinization.
[2026-06-06 12:07:33,778 INFO  L93              Difference]: Finished difference Result 5 states and 5 transitions.
[2026-06-06 12:07:33,778 INFO  L140   InterpolantAutomaton]: Switched to read-only mode: deterministic interpolant automaton has 3 states. 
[2026-06-06 12:07:33,782 INFO  L225             Difference]: With dead ends: 5
[2026-06-06 12:07:33,782 INFO  L226             Difference]: Without dead ends: 5
[2026-06-06 12:07:33,783 INFO  L487   CegarNwaWorkerThread]: 0 DeclaredPredicates, 2 GetRequests, 1 SyntacticMatches, 0 SemanticMatches, 1 ConstructedPredicates, 0 IntricatePredicates, 0 DeprecatedPredicates, 0 ImplicationChecksByTransitivity, 0.0s TimeCoverageRelationStatistics Valid=3, Invalid=3, Unknown=0, NotChecked=0, Total=6
[2026-06-06 12:07:33,784 INFO  L488   CegarNwaWorkerThread]: 3 mSDtfsCounter, 0 mSDsluCounter, 1 mSDsCounter, 0 mSdLazyCounter, 3 mSolverCounterSat, 0 mSolverCounterUnsat, 0 mSolverCounterUnknown, 0 mSolverCounterNotChecked, 0.0s Time, 0 mProtectedPredicate, 0 mProtectedAction, 0 SdHoareTripleChecker+Valid, 4 SdHoareTripleChecker+Invalid, 3 SdHoareTripleChecker+Unknown, 0 SdHoareTripleChecker+Unchecked, 0.0s SdHoareTripleChecker+Time, 0 IncrementalHoareTripleChecker+Valid, 3 IncrementalHoareTripleChecker+Invalid, 0 IncrementalHoareTripleChecker+Unknown, 0 IncrementalHoareTripleChecker+Unchecked, 0.0s IncrementalHoareTripleChecker+Time
[2026-06-06 12:07:33,785 INFO  L108    AnnotateAndAsserter]: Assert order OUTSIDE_LOOP_FIRST1 partitioned 4 statements into 2 equivalence classes.
[2026-06-06 12:07:33,785 INFO  L489   CegarNwaWorkerThread]: SdHoareTripleChecker [0 Valid, 4 Invalid, 3 Unknown, 0 Unchecked, 0.0s Time], IncrementalHoareTripleChecker [0 Valid, 3 Invalid, 0 Unknown, 0 Unchecked, 0.0s Time]
[2026-06-06 12:07:33,785 INFO  L224   CegarNwaWorkerThread]: Done with Thread: 80#
[2026-06-06 12:07:33,785 INFO  L196   CegarNwaWorkerThread]: WorkerThread: Thread[#80,Worker for 29955,5,main] is Waiting for a Task
[2026-06-06 12:07:33,785 INFO  L634   ParallelNwaCegarLoop]: Waking up, a worker is done.
[2026-06-06 12:07:33,785 INFO  L293   ParallelNwaCegarLoop]: Main: A Thread is Done
[2026-06-06 12:07:33,785 INFO  L311   ParallelNwaCegarLoop]: Worker Automaton Type: FLOYD_HOARE
[2026-06-06 12:07:33,786 INFO  L79                 Accepts]: Start accepts. Automaton has  has 5 states, 3 states have (on average 1.6666666666666667) internal successors, (5), 4 states have internal predecessors, (5), 0 states have call successors, (0), 0 states have call predecessors, (0), 0 states have return successors, (0), 0 states have call predecessors, (0), 0 states have call successors, (0) Word has length 3
[2026-06-06 12:07:33,786 INFO  L85                 Accepts]: Finished accepts. word is accepted.
[2026-06-06 12:07:33,786 INFO  L313   ParallelNwaCegarLoop]: Refining Abstraction
[2026-06-06 12:07:33,786 INFO  L697   ParallelNwaCegarLoop]: Subtrahend traceHash: 29955
[2026-06-06 12:07:33,786 INFO  L664   ParallelNwaCegarLoop]: Difference in Main
[2026-06-06 12:07:33,786 INFO  L87              Difference]: Start difference. First operand  has 5 states, 3 states have (on average 1.6666666666666667) internal successors, (5), 4 states have internal predecessors, (5), 0 states have call successors, (0), 0 states have call predecessors, (0), 0 states have return successors, (0), 0 states have call predecessors, (0), 0 states have call successors, (0) Second operand  has 3 states, 2 states have (on average 3.5) internal successors, (7), 3 states have internal predecessors, (7), 0 states have call successors, (0), 0 states have call predecessors, (0), 0 states have return successors, (0), 0 states have call predecessors, (0), 0 states have call successors, (0)
[2026-06-06 12:07:33,786 INFO  L144             Difference]: Subtrahend was deterministic. Have not used determinization.
[2026-06-06 12:07:33,786 INFO  L93              Difference]: Finished difference Result 5 states and 5 transitions.
[2026-06-06 12:07:33,786 INFO  L225             Difference]: With dead ends: 5
[2026-06-06 12:07:33,786 INFO  L226             Difference]: Without dead ends: 5
[2026-06-06 12:07:33,787 INFO  L111    AnnotateAndAsserter]: Assert order OUTSIDE_LOOP_FIRST1 issued 2 check-sat command(s) and asserted 4 of 4 statements.
[2026-06-06 12:07:33,787 INFO  L114    AnnotateAndAsserter]: Assert order OUTSIDE_LOOP_FIRST1 issued 2 check-sat command(s)
[2026-06-06 12:07:33,787 INFO  L115    AnnotateAndAsserter]: Conjunction of SSA is unsat
[2026-06-06 12:07:33,788 WARN  L254         TraceCheckSpWp]: Trace formula consists of 19 conjuncts, 13 conjuncts are in the unsatisfiable core
[2026-06-06 12:07:33,789 INFO  L279         TraceCheckSpWp]: Computing forward predicates...
[2026-06-06 12:07:33,791 INFO  L82        GeneralOperation]: Start minimizeSevpa. Operand 5 states.
[2026-06-06 12:07:33,796 INFO  L88        GeneralOperation]: Finished minimizeSevpa. Reduced states from 5 to 5.
[2026-06-06 12:07:33,796 INFO  L82        GeneralOperation]: Start removeUnreachable. Operand  has 5 states, 4 states have (on average 1.25) internal successors, (5), 4 states have internal predecessors, (5), 0 states have call successors, (0), 0 states have call predecessors, (0), 0 states have return successors, (0), 0 states have call predecessors, (0), 0 states have call successors, (0)
[2026-06-06 12:07:33,797 INFO  L88        GeneralOperation]: Finished removeUnreachable. Reduced from 5 states to 5 states and 5 transitions.
[2026-06-06 12:07:33,797 INFO  L675   ParallelNwaCegarLoop]: Main: Refinement done.
[2026-06-06 12:07:33,798 INFO  L594   ParallelNwaCegarLoop]: Checking if program is safe
[2026-06-06 12:07:33,798 INFO  L290                IsEmpty]: Start isEmpty. Operand 5 states and 5 transitions.
[2026-06-06 12:07:33,798 INFO  L300                IsEmpty]: Finished isEmpty. Found accepting run of length 5
[2026-06-06 12:07:33,798 INFO  L199           NwaCegarLoop]: Found error trace
[2026-06-06 12:07:33,798 INFO  L207           NwaCegarLoop]: trace histogram [1, 1, 1, 1]
[2026-06-06 12:07:33,798 INFO  L336   ParallelNwaCegarLoop]: No more worker results to process
[2026-06-06 12:07:33,798 INFO  L290                IsEmpty]: Start isEmpty. Operand 5 states and 5 transitions.
[2026-06-06 12:07:33,798 INFO  L300                IsEmpty]: Finished isEmpty. Found accepting run of length 5
[2026-06-06 12:07:33,798 WARN  L753                IsEmpty]: Correctness of emptinessCheck not tested.
[2026-06-06 12:07:33,798 INFO  L79                 Accepts]: Start accepts. Automaton has 5 states and 5 transitions. Word has length 4
[2026-06-06 12:07:33,798 INFO  L85                 Accepts]: Finished accepts. word is accepted.
[2026-06-06 12:07:33,798 INFO  L757                IsEmpty]: Finished testing correctness of emptinessCheck
[2026-06-06 12:07:33,798 INFO  L1033  ParallelNwaCegarLoop]: BFS found an active duplicate counterexample.
[2026-06-06 12:07:33,798 INFO  L290                IsEmpty]: Start isEmptyParallel. Operand 5 states and 5 transitions.
[2026-06-06 12:07:33,798 INFO  L300                IsEmpty]: Finished isEmptyParallel. No accepting run.
[2026-06-06 12:07:33,798 INFO  L156        IsEmptyParallel]: Start isEmptyParallel. Operand 5 states and 5 transitions.
[2026-06-06 12:07:33,798 INFO  L182       IsEmptyHeuristic]: Start isEmptyHeuristic. Operand 5 states and 5 transitions.
[2026-06-06 12:07:33,798 INFO  L188       IsEmptyHeuristic]: Finished isEmptyHeuristic. Found accepting run of length 7
[2026-06-06 12:07:33,798 INFO  L163        IsEmptyParallel]: Finished isEmptyParallel. Found accepting run of length 7
[2026-06-06 12:07:33,798 WARN  L753                IsEmpty]: Correctness of emptinessCheck not tested.
[2026-06-06 12:07:33,798 INFO  L79                 Accepts]: Start accepts. Automaton has 5 states and 5 transitions. Word has length 6
[2026-06-06 12:07:33,798 INFO  L85                 Accepts]: Finished accepts. word is accepted.
[2026-06-06 12:07:33,798 INFO  L757                IsEmpty]: Finished testing correctness of emptinessCheck
[2026-06-06 12:07:33,798 INFO  L1028  ParallelNwaCegarLoop]: Found new Counterexample via IsEmptyParallel PAPER!
[2026-06-06 12:07:33,798 INFO  L86        PathProgramCache]: Analyzing trace with hash 894183756, now seen corresponding path program 4 times
[2026-06-06 12:07:33,798 INFO  L614   ParallelNwaCegarLoop]: Main: Starting Thread
[2026-06-06 12:07:33,798 INFO  L283   ParallelNwaCegarLoop]: === Iteration 3 ===
[2026-06-06 12:07:33,798 INFO  L631   ParallelNwaCegarLoop]: All threads busy, going to sleep.
[2026-06-06 12:07:33,798 INFO  L209   CegarNwaWorkerThread]: Starting Thread: 80# for Trace Check: 894183756
[2026-06-06 12:07:33,799 INFO  L156       PredicateUnifier]: Initialized classic predicate unifier
[2026-06-06 12:07:33,799 INFO  L86        PathProgramCache]: Analyzing trace with hash 894183756, now seen corresponding path program 4 times
[2026-06-06 12:07:33,799 INFO  L118   FreeRefinementEngine]: Executing refinement strategy CAMEL
[2026-06-06 12:07:33,799 INFO  L324   FreeRefinementEngine]: Using trace check IpTcStrategyModuleSmtInterpolCraig [409974103]
[2026-06-06 12:07:33,799 INFO  L95    rtionOrderModulation]: Changing assertion order to TERMS_WITH_SMALL_CONSTANTS_FIRST
[2026-06-06 12:07:33,799 INFO  L127          SolverBuilder]: Constructing new instance of SMTInterpol with explicit timeout -1 ms and remaining time -1 ms
[2026-06-06 12:07:33,801 INFO  L108    AnnotateAndAsserter]: Assert order TERMS_WITH_SMALL_CONSTANTS_FIRST partitioned 6 statements into 2 equivalence classes.
[2026-06-06 12:07:33,805 INFO  L134       CoverageAnalysis]: Checked inductivity of 3 backedges. 0 proven. 3 refuted. 0 times theorem prover too weak. 0 trivial. 0 not checked.
[2026-06-06 12:07:33,805 INFO  L136   FreeRefinementEngine]: Strategy CAMEL found an infeasible trace
[2026-06-06 12:07:33,805 INFO  L324   FreeRefinementEngine]: Using interpolant generator IpTcStrategyModuleSmtInterpolCraig [420227659]
[2026-06-06 12:07:33,805 INFO  L158   FreeRefinementEngine]: IpTcStrategyModuleSmtInterpolCraig [420227659] provided 0 perfect and 1 imperfect interpolant sequences
[2026-06-06 12:07:33,805 INFO  L324   FreeRefinementEngine]: Using interpolant generator IpTcStrategyModuleZ3 [954871143]
[2026-06-06 12:07:33,805 INFO  L97    rtionOrderModulation]: Keeping assertion order NOT_INCREMENTALLY
[2026-06-06 12:07:33,805 INFO  L173          SolverBuilder]: Constructing external solver with command: z3 -smt2 -in SMTLIB2_COMPLIANT=true
[2026-06-06 12:07:33,807 INFO  L111    AnnotateAndAsserter]: Assert order TERMS_WITH_SMALL_CONSTANTS_FIRST issued 2 check-sat command(s) and asserted 6 of 6 statements.
[2026-06-06 12:07:33,807 INFO  L114    AnnotateAndAsserter]: Assert order TERMS_WITH_SMALL_CONSTANTS_FIRST issued 2 check-sat command(s)
[2026-06-06 12:07:33,807 INFO  L115    AnnotateAndAsserter]: Conjunction of SSA is unsat
[2026-06-06 12:07:33,809 INFO  L189       MonitoredProcess]: No working directory specified, using /usr/bin/z3
[2026-06-06 12:07:33,811 INFO  L229       MonitoredProcess]: Starting monitored process 7 with /usr/bin/z3 -smt2 -in SMTLIB2_COMPLIANT=true (exit command is (exit), workingDir is null)
[2026-06-06 12:07:33,812 INFO  L327       MonitoredProcess]: [MP /usr/bin/z3 -smt2 -in SMTLIB2_COMPLIANT=true (7)] Waiting until timeout for monitored process
[2026-06-06 12:07:33,821 INFO  L134       CoverageAnalysis]: Checked inductivity of 1 backedges. 0 proven. 1 refuted. 0 times theorem prover too weak. 0 trivial. 0 not checked.
[2026-06-06 12:07:33,821 INFO  L312         TraceCheckSpWp]: Computing backward predicates...
[2026-06-06 12:07:33,826 INFO  L108    AnnotateAndAsserter]: Assert order NOT_INCREMENTALLY partitioned 5 statements into 1 equivalence classes.
[2026-06-06 12:07:33,832 INFO  L111    AnnotateAndAsserter]: Assert order NOT_INCREMENTALLY issued 1 check-sat command(s) and asserted 5 of 5 statements.
[2026-06-06 12:07:33,832 INFO  L114    AnnotateAndAsserter]: Assert order NOT_INCREMENTALLY issued 1 check-sat command(s)
[2026-06-06 12:07:33,832 INFO  L115    AnnotateAndAsserter]: Conjunction of SSA is unsat
[2026-06-06 12:07:33,832 WARN  L254         TraceCheckSpWp]: Trace formula consists of 24 conjuncts, 17 conjuncts are in the unsatisfiable core
[2026-06-06 12:07:33,833 INFO  L279         TraceCheckSpWp]: Computing forward predicates...
[2026-06-06 12:07:33,847 INFO  L134       CoverageAnalysis]: Checked inductivity of 10 backedges. 0 proven. 10 refuted. 0 times theorem prover too weak. 0 trivial. 0 not checked.
[2026-06-06 12:07:33,847 INFO  L136   FreeRefinementEngine]: Strategy CAMEL found an infeasible trace
[2026-06-06 12:07:33,847 INFO  L324   FreeRefinementEngine]: Using interpolant generator IpTcStrategyModuleSmtInterpolCraig [1019881401]
[2026-06-06 12:07:33,847 INFO  L158   FreeRefinementEngine]: IpTcStrategyModuleSmtInterpolCraig [1019881401] provided 0 perfect and 1 imperfect interpolant sequences
[2026-06-06 12:07:33,847 INFO  L324   FreeRefinementEngine]: Using interpolant generator IpTcStrategyModuleZ3 [99026830]
[2026-06-06 12:07:33,847 INFO  L95    rtionOrderModulation]: Changing assertion order to OUTSIDE_LOOP_FIRST2
[2026-06-06 12:07:33,848 INFO  L173          SolverBuilder]: Constructing external solver with command: z3 -smt2 -in SMTLIB2_COMPLIANT=true
[2026-06-06 12:07:33,849 INFO  L189       MonitoredProcess]: No working directory specified, using /usr/bin/z3
[2026-06-06 12:07:33,851 INFO  L229       MonitoredProcess]: Starting monitored process 8 with /usr/bin/z3 -smt2 -in SMTLIB2_COMPLIANT=true (exit command is (exit), workingDir is null)
[2026-06-06 12:07:33,851 INFO  L327       MonitoredProcess]: [MP /usr/bin/z3 -smt2 -in SMTLIB2_COMPLIANT=true (8)] Waiting until timeout for monitored process
[2026-06-06 12:07:33,857 INFO  L134       CoverageAnalysis]: Checked inductivity of 1 backedges. 0 proven. 1 refuted. 0 times theorem prover too weak. 0 trivial. 0 not checked.
[2026-06-06 12:07:33,858 INFO  L158   FreeRefinementEngine]: IpTcStrategyModuleZ3 [80251646] provided 0 perfect and 2 imperfect interpolant sequences
[2026-06-06 12:07:33,858 INFO  L185   FreeRefinementEngine]: Found 0 perfect and 3 imperfect interpolant sequences.
[2026-06-06 12:07:33,858 INFO  L198   FreeRefinementEngine]: Number of different interpolants: perfect sequences [] imperfect sequences [3, 3, 3] total 6
[2026-06-06 12:07:33,858 INFO  L122   tionRefinementEngine]: Using interpolant automaton builder IpAbStrategyModuleStraightlineAll [409538279]
[2026-06-06 12:07:33,858 INFO  L85    oduleStraightlineAll]: Using 3 imperfect interpolants to construct interpolant automaton
[2026-06-06 12:07:33,858 INFO  L100   FreeRefinementEngine]: Using predicate unifier PredicateUnifier provided by strategy CAMEL
[2026-06-06 12:07:33,858 INFO  L144   InterpolantAutomaton]: Constructing interpolant automaton starting with 7 interpolants.
[2026-06-06 12:07:33,858 INFO  L146   InterpolantAutomaton]: CoverageRelationStatistics Valid=18, Invalid=24, Unknown=0, NotChecked=0, Total=42
[2026-06-06 12:07:33,858 INFO  L419   CegarNwaWorkerThread]: Difference in Worker for Generalization
[2026-06-06 12:07:33,858 INFO  L87              Difference]: Start difference. First operand  has 5 states, 3 states have (on average 1.6666666666666667) internal successors, (5), 4 states have internal predecessors, (5), 0 states have call successors, (0), 0 states have call predecessors, (0), 0 states have return successors, (0), 0 states have call predecessors, (0), 0 states have call successors, (0) Second operand  has 7 states, 7 states have (on average 1.2857142857142858) internal successors, (9), 6 states have internal predecessors, (9), 0 states have call successors, (0), 0 states have call predecessors, (0), 0 states have return successors, (0), 0 states have call predecessors, (0), 0 states have call successors, (0)
[2026-06-06 12:07:33,864 INFO  L108    AnnotateAndAsserter]: Assert order OUTSIDE_LOOP_FIRST2 partitioned 7 statements into 3 equivalence classes.
[2026-06-06 12:07:33,871 INFO  L111    AnnotateAndAsserter]: Assert order OUTSIDE_LOOP_FIRST2 issued 3 check-sat command(s) and asserted 7 of 7 statements.
[2026-06-06 12:07:33,871 INFO  L114    AnnotateAndAsserter]: Assert order OUTSIDE_LOOP_FIRST2 issued 3 check-sat command(s)
[2026-06-06 12:07:33,871 INFO  L115    AnnotateAndAsserter]: Conjunction of SSA is unsat
[2026-06-06 12:07:33,872 WARN  L254         TraceCheckSpWp]: Trace formula consists of 34 conjuncts, 25 conjuncts are in the unsatisfiable core
[2026-06-06 12:07:33,873 INFO  L279         TraceCheckSpWp]: Computing forward predicates...
[2026-06-06 12:07:33,889 INFO  L134       CoverageAnalysis]: Checked inductivity of 3 backedges. 0 proven. 3 refuted. 0 times theorem prover too weak. 0 trivial. 0 not checked.
[2026-06-06 12:07:33,889 INFO  L312         TraceCheckSpWp]: Computing backward predicates...
[2026-06-06 12:07:33,899 INFO  L144             Difference]: Subtrahend was deterministic. Have not used determinization.
[2026-06-06 12:07:33,899 INFO  L93              Difference]: Finished difference Result 8 states and 8 transitions.
[2026-06-06 12:07:33,899 INFO  L140   InterpolantAutomaton]: Switched to read-only mode: deterministic interpolant automaton has 6 states. 
[2026-06-06 12:07:33,899 INFO  L225             Difference]: With dead ends: 8
[2026-06-06 12:07:33,899 INFO  L226             Difference]: Without dead ends: 8
[2026-06-06 12:07:33,899 INFO  L487   CegarNwaWorkerThread]: 0 DeclaredPredicates, 10 GetRequests, 4 SyntacticMatches, 0 SemanticMatches, 6 ConstructedPredicates, 0 IntricatePredicates, 0 DeprecatedPredicates, 5 ImplicationChecksByTransitivity, 0.1s TimeCoverageRelationStatistics Valid=25, Invalid=31, Unknown=0, NotChecked=0, Total=56
[2026-06-06 12:07:33,900 INFO  L488   CegarNwaWorkerThread]: 3 mSDtfsCounter, 0 mSDsluCounter, 4 mSDsCounter, 0 mSdLazyCounter, 13 mSolverCounterSat, 2 mSolverCounterUnsat, 0 mSolverCounterUnknown, 0 mSolverCounterNotChecked, 0.0s Time, 0 mProtectedPredicate, 0 mProtectedAction, 0 SdHoareTripleChecker+Valid, 7 SdHoareTripleChecker+Invalid, 15 SdHoareTripleChecker+Unknown, 0 SdHoareTripleChecker+Unchecked, 0.0s SdHoareTripleChecker+Time, 2 IncrementalHoareTripleChecker+Valid, 13 IncrementalHoareTripleChecker+Invalid, 0 IncrementalHoareTripleChecker+Unknown, 0 IncrementalHoareTripleChecker+Unchecked, 0.0s IncrementalHoareTripleChecker+Time
[2026-06-06 12:07:33,900 INFO  L489   CegarNwaWorkerThread]: SdHoareTripleChecker [0 Valid, 7 Invalid, 15 Unknown, 0 Unchecked, 0.0s Time], IncrementalHoareTripleChecker [2 Valid, 13 Invalid, 0 Unknown, 0 Unchecked, 0.0s Time]
[2026-06-06 12:07:33,900 INFO  L224   CegarNwaWorkerThread]: Done with Thread: 92#
[2026-06-06 12:07:33,900 INFO  L196   CegarNwaWorkerThread]: WorkerThread: Thread[#92,Worker for 930412,5,main] is Waiting for a Task
[2026-06-06 12:07:33,900 INFO  L634   ParallelNwaCegarLoop]: Waking up, a worker is done.
[2026-06-06 12:07:33,900 INFO  L293   ParallelNwaCegarLoop]: Main: A Thread is Done
[2026-06-06 12:07:33,900 INFO  L311   ParallelNwaCegarLoop]: Worker Automaton Type: FLOYD_HOARE
[2026-06-06 12:07:33,900 INFO  L79                 Accepts]: Start accepts. Automaton has 5 states and 5 transitions. Word has length 4
[2026-06-06 12:07:33,900 INFO  L85                 Accepts]: Finished accepts. word is accepted.
[2026-06-06 12:07:33,900 INFO  L313   ParallelNwaCegarLoop]: Refining Abstraction
[2026-06-06 12:07:33,900 INFO  L697   ParallelNwaCegarLoop]: Subtrahend traceHash: 930412
[2026-06-06 12:07:33,900 INFO  L664   ParallelNwaCegarLoop]: Difference in Main
[2026-06-06 12:07:33,900 INFO  L87              Difference]: Start difference. First operand 5 states and 5 transitions. Second operand  has 6 states, 5 states have (on average 2.6) internal successors, (13), 6 states have internal predecessors, (13), 0 states have call successors, (0), 0 states have call predecessors, (0), 0 states have return successors, (0), 0 states have call predecessors, (0), 0 states have call successors, (0)
[2026-06-06 12:07:33,900 INFO  L144             Difference]: Subtrahend was deterministic. Have not used determinization.
[2026-06-06 12:07:33,900 INFO  L93              Difference]: Finished difference Result 8 states and 8 transitions.
[2026-06-06 12:07:33,901 INFO  L225             Difference]: With dead ends: 8
[2026-06-06 12:07:33,901 INFO  L226             Difference]: Without dead ends: 8
[2026-06-06 12:07:33,901 INFO  L82        GeneralOperation]: Start minimizeSevpa. Operand 8 states.
[2026-06-06 12:07:33,901 INFO  L88        GeneralOperation]: Finished minimizeSevpa. Reduced states from 8 to 8.
[2026-06-06 12:07:33,901 INFO  L82        GeneralOperation]: Start removeUnreachable. Operand  has 8 states, 7 states have (on average 1.1428571428571428) internal successors, (8), 7 states have internal predecessors, (8), 0 states have call successors, (0), 0 states have call predecessors, (0), 0 states have return successors, (0), 0 states have call predecessors, (0), 0 states have call successors, (0)
[2026-06-06 12:07:33,901 INFO  L88        GeneralOperation]: Finished removeUnreachable. Reduced from 8 states to 8 states and 8 transitions.
[2026-06-06 12:07:33,901 INFO  L675   ParallelNwaCegarLoop]: Main: Refinement done.
[2026-06-06 12:07:33,901 INFO  L594   ParallelNwaCegarLoop]: Checking if program is safe
[2026-06-06 12:07:33,901 INFO  L290                IsEmpty]: Start isEmpty. Operand 8 states and 8 transitions.
[2026-06-06 12:07:33,901 INFO  L300                IsEmpty]: Finished isEmpty. Found accepting run of length 8
[2026-06-06 12:07:33,901 INFO  L199           NwaCegarLoop]: Found error trace
[2026-06-06 12:07:33,901 INFO  L207           NwaCegarLoop]: trace histogram [4, 1, 1, 1]
[2026-06-06 12:07:33,901 INFO  L336   ParallelNwaCegarLoop]: No more worker results to process
[2026-06-06 12:07:33,901 INFO  L290                IsEmpty]: Start isEmpty. Operand 8 states and 8 transitions.
[2026-06-06 12:07:33,901 INFO  L300                IsEmpty]: Finished isEmpty. Found accepting run of length 8
[2026-06-06 12:07:33,901 WARN  L753                IsEmpty]: Correctness of emptinessCheck not tested.
[2026-06-06 12:07:33,901 INFO  L79                 Accepts]: Start accepts. Automaton has 8 states and 8 transitions. Word has length 7
[2026-06-06 12:07:33,901 INFO  L85                 Accepts]: Finished accepts. word is accepted.
[2026-06-06 12:07:33,901 INFO  L757                IsEmpty]: Finished testing correctness of emptinessCheck
[2026-06-06 12:07:33,901 INFO  L1033  ParallelNwaCegarLoop]: BFS found an active duplicate counterexample.
[2026-06-06 12:07:33,901 INFO  L290                IsEmpty]: Start isEmptyParallel. Operand 8 states and 8 transitions.
[2026-06-06 12:07:33,901 INFO  L300                IsEmpty]: Finished isEmptyParallel. No accepting run.
[2026-06-06 12:07:33,901 INFO  L156        IsEmptyParallel]: Start isEmptyParallel. Operand 8 states and 8 transitions.
[2026-06-06 12:07:33,901 INFO  L182       IsEmptyHeuristic]: Start isEmptyHeuristic. Operand 8 states and 8 transitions.
[2026-06-06 12:07:33,902 INFO  L188       IsEmptyHeuristic]: Finished isEmptyHeuristic. Found accepting run of length 10
[2026-06-06 12:07:33,902 INFO  L163        IsEmptyParallel]: Finished isEmptyParallel. Found accepting run of length 10
[2026-06-06 12:07:33,902 WARN  L753                IsEmpty]: Correctness of emptinessCheck not tested.
[2026-06-06 12:07:33,902 INFO  L79                 Accepts]: Start accepts. Automaton has 8 states and 8 transitions. Word has length 9
[2026-06-06 12:07:33,902 INFO  L85                 Accepts]: Finished accepts. word is accepted.
[2026-06-06 12:07:33,902 INFO  L757                IsEmpty]: Finished testing correctness of emptinessCheck
[2026-06-06 12:07:33,902 INFO  L1028  ParallelNwaCegarLoop]: Found new Counterexample via IsEmptyParallel PAPER!
[2026-06-06 12:07:33,902 INFO  L86        PathProgramCache]: Analyzing trace with hash 1242899555, now seen corresponding path program 5 times
[2026-06-06 12:07:33,902 INFO  L614   ParallelNwaCegarLoop]: Main: Starting Thread
[2026-06-06 12:07:33,902 INFO  L283   ParallelNwaCegarLoop]: === Iteration 4 ===
[2026-06-06 12:07:33,902 INFO  L631   ParallelNwaCegarLoop]: All threads busy, going to sleep.
[2026-06-06 12:07:33,902 INFO  L209   CegarNwaWorkerThread]: Starting Thread: 92# for Trace Check: 1242899555
[2026-06-06 12:07:33,902 INFO  L156       PredicateUnifier]: Initialized classic predicate unifier
[2026-06-06 12:07:33,902 INFO  L86        PathProgramCache]: Analyzing trace with hash 1242899555, now seen corresponding path program 5 times
[2026-06-06 12:07:33,902 INFO  L118   FreeRefinementEngine]: Executing refinement strategy CAMEL
[2026-06-06 12:07:33,902 INFO  L324   FreeRefinementEngine]: Using trace check IpTcStrategyModuleSmtInterpolCraig [2143242548]
[2026-06-06 12:07:33,902 INFO  L95    rtionOrderModulation]: Changing assertion order to INSIDE_LOOP_FIRST1
[2026-06-06 12:07:33,902 INFO  L127          SolverBuilder]: Constructing new instance of SMTInterpol with explicit timeout -1 ms and remaining time -1 ms
[2026-06-06 12:07:33,905 INFO  L108    AnnotateAndAsserter]: Assert order INSIDE_LOOP_FIRST1 partitioned 9 statements into 4 equivalence classes.
[2026-06-06 12:07:33,911 INFO  L134       CoverageAnalysis]: Checked inductivity of 10 backedges. 0 proven. 10 refuted. 0 times theorem prover too weak. 0 trivial. 0 not checked.
[2026-06-06 12:07:33,911 INFO  L312         TraceCheckSpWp]: Computing backward predicates...
[2026-06-06 12:07:33,911 INFO  L111    AnnotateAndAsserter]: Assert order INSIDE_LOOP_FIRST1 issued 4 check-sat command(s) and asserted 9 of 9 statements.
[2026-06-06 12:07:33,911 INFO  L114    AnnotateAndAsserter]: Assert order INSIDE_LOOP_FIRST1 issued 4 check-sat command(s)
[2026-06-06 12:07:33,911 INFO  L115    AnnotateAndAsserter]: Conjunction of SSA is unsat
[2026-06-06 12:07:33,923 INFO  L134       CoverageAnalysis]: Checked inductivity of 6 backedges. 0 proven. 6 refuted. 0 times theorem prover too weak. 0 trivial. 0 not checked.
[2026-06-06 12:07:33,923 INFO  L136   FreeRefinementEngine]: Strategy CAMEL found an infeasible trace
[2026-06-06 12:07:33,923 INFO  L324   FreeRefinementEngine]: Using interpolant generator IpTcStrategyModuleSmtInterpolCraig [409974103]
[2026-06-06 12:07:33,923 INFO  L158   FreeRefinementEngine]: IpTcStrategyModuleSmtInterpolCraig [409974103] provided 0 perfect and 1 imperfect interpolant sequences
[2026-06-06 12:07:33,923 INFO  L324   FreeRefinementEngine]: Using interpolant generator IpTcStrategyModuleZ3 [362615943]
[2026-06-06 12:07:33,923 INFO  L95    rtionOrderModulation]: Changing assertion order to TERMS_WITH_SMALL_CONSTANTS_FIRST
[2026-06-06 12:07:33,923 INFO  L173          SolverBuilder]: Constructing external solver with command: z3 -smt2 -in SMTLIB2_COMPLIANT=true
[2026-06-06 12:07:33,925 INFO  L189       MonitoredProcess]: No working directory specified, using /usr/bin/z3
[2026-06-06 12:07:33,926 INFO  L229       MonitoredProcess]: Starting monitored process 9 with /usr/bin/z3 -smt2 -in SMTLIB2_COMPLIANT=true (exit command is (exit), workingDir is null)
[2026-06-06 12:07:33,926 INFO  L327       MonitoredProcess]: [MP /usr/bin/z3 -smt2 -in SMTLIB2_COMPLIANT=true (9)] Waiting until timeout for monitored process
[2026-06-06 12:07:33,940 INFO  L108    AnnotateAndAsserter]: Assert order TERMS_WITH_SMALL_CONSTANTS_FIRST partitioned 6 statements into 2 equivalence classes.
[2026-06-06 12:07:33,946 INFO  L134       CoverageAnalysis]: Checked inductivity of 3 backedges. 0 proven. 3 refuted. 0 times theorem prover too weak. 0 trivial. 0 not checked.
[2026-06-06 12:07:33,946 INFO  L158   FreeRefinementEngine]: IpTcStrategyModuleZ3 [954871143] provided 0 perfect and 2 imperfect interpolant sequences
[2026-06-06 12:07:33,946 INFO  L185   FreeRefinementEngine]: Found 0 perfect and 3 imperfect interpolant sequences.
[2026-06-06 12:07:33,946 INFO  L198   FreeRefinementEngine]: Number of different interpolants: perfect sequences [] imperfect sequences [4, 4, 4] total 8
[2026-06-06 12:07:33,946 INFO  L122   tionRefinementEngine]: Using interpolant automaton builder IpAbStrategyModuleStraightlineAll [1856956530]
[2026-06-06 12:07:33,946 INFO  L85    oduleStraightlineAll]: Using 3 imperfect interpolants to construct interpolant automaton
[2026-06-06 12:07:33,947 INFO  L100   FreeRefinementEngine]: Using predicate unifier PredicateUnifier provided by strategy CAMEL
[2026-06-06 12:07:33,947 INFO  L144   InterpolantAutomaton]: Constructing interpolant automaton starting with 9 interpolants.
[2026-06-06 12:07:33,947 INFO  L146   InterpolantAutomaton]: CoverageRelationStatistics Valid=27, Invalid=45, Unknown=0, NotChecked=0, Total=72
[2026-06-06 12:07:33,947 INFO  L419   CegarNwaWorkerThread]: Difference in Worker for Generalization
[2026-06-06 12:07:33,947 INFO  L87              Difference]: Start difference. First operand  has 5 states, 3 states have (on average 1.6666666666666667) internal successors, (5), 4 states have internal predecessors, (5), 0 states have call successors, (0), 0 states have call predecessors, (0), 0 states have return successors, (0), 0 states have call predecessors, (0), 0 states have call successors, (0) Second operand  has 9 states, 9 states have (on average 1.2222222222222223) internal successors, (11), 8 states have internal predecessors, (11), 0 states have call successors, (0), 0 states have call predecessors, (0), 0 states have return successors, (0), 0 states have call predecessors, (0), 0 states have call successors, (0)
[2026-06-06 12:07:33,953 INFO  L111    AnnotateAndAsserter]: Assert order TERMS_WITH_SMALL_CONSTANTS_FIRST issued 2 check-sat command(s) and asserted 6 of 6 statements.
[2026-06-06 12:07:33,953 INFO  L114    AnnotateAndAsserter]: Assert order TERMS_WITH_SMALL_CONSTANTS_FIRST issued 2 check-sat command(s)
[2026-06-06 12:07:33,953 INFO  L115    AnnotateAndAsserter]: Conjunction of SSA is unsat
[2026-06-06 12:07:33,953 WARN  L254         TraceCheckSpWp]: Trace formula consists of 29 conjuncts, 22 conjuncts are in the unsatisfiable core
[2026-06-06 12:07:33,954 INFO  L279         TraceCheckSpWp]: Computing forward predicates...
[2026-06-06 12:07:33,989 INFO  L134       CoverageAnalysis]: Checked inductivity of 10 backedges. 0 proven. 10 refuted. 0 times theorem prover too weak. 0 trivial. 0 not checked.
[2026-06-06 12:07:33,989 INFO  L158   FreeRefinementEngine]: IpTcStrategyModuleZ3 [99026830] provided 0 perfect and 2 imperfect interpolant sequences
[2026-06-06 12:07:33,990 INFO  L185   FreeRefinementEngine]: Found 0 perfect and 3 imperfect interpolant sequences.
[2026-06-06 12:07:33,990 INFO  L198   FreeRefinementEngine]: Number of different interpolants: perfect sequences [] imperfect sequences [6, 6, 6] total 12
[2026-06-06 12:07:33,990 INFO  L122   tionRefinementEngine]: Using interpolant automaton builder IpAbStrategyModuleStraightlineAll [254555842]
[2026-06-06 12:07:33,990 INFO  L85    oduleStraightlineAll]: Using 3 imperfect interpolants to construct interpolant automaton
[2026-06-06 12:07:33,990 INFO  L100   FreeRefinementEngine]: Using predicate unifier PredicateUnifier provided by strategy CAMEL
[2026-06-06 12:07:33,990 INFO  L144   InterpolantAutomaton]: Constructing interpolant automaton starting with 13 interpolants.
[2026-06-06 12:07:33,990 INFO  L146   InterpolantAutomaton]: CoverageRelationStatistics Valid=54, Invalid=102, Unknown=0, NotChecked=0, Total=156
[2026-06-06 12:07:33,990 INFO  L419   CegarNwaWorkerThread]: Difference in Worker for Generalization
[2026-06-06 12:07:33,990 INFO  L87              Difference]: Start difference. First operand  has 5 states, 3 states have (on average 1.6666666666666667) internal successors, (5), 4 states have internal predecessors, (5), 0 states have call successors, (0), 0 states have call predecessors, (0), 0 states have return successors, (0), 0 states have call predecessors, (0), 0 states have call successors, (0) Second operand  has 13 states, 13 states have (on average 1.1538461538461537) internal successors, (15), 12 states have internal predecessors, (15), 0 states have call successors, (0), 0 states have call predecessors, (0), 0 states have return successors, (0), 0 states have call predecessors, (0), 0 states have call successors, (0)
[2026-06-06 12:07:34,007 INFO  L134       CoverageAnalysis]: Checked inductivity of 6 backedges. 0 proven. 6 refuted. 0 times theorem prover too weak. 0 trivial. 0 not checked.
[2026-06-06 12:07:34,007 INFO  L312         TraceCheckSpWp]: Computing backward predicates...
[2026-06-06 12:07:34,021 INFO  L144             Difference]: Subtrahend was deterministic. Have not used determinization.
[2026-06-06 12:07:34,021 INFO  L93              Difference]: Finished difference Result 10 states and 10 transitions.
[2026-06-06 12:07:34,021 INFO  L140   InterpolantAutomaton]: Switched to read-only mode: deterministic interpolant automaton has 8 states. 
[2026-06-06 12:07:34,021 INFO  L225             Difference]: With dead ends: 10
[2026-06-06 12:07:34,021 INFO  L226             Difference]: Without dead ends: 10
[2026-06-06 12:07:34,021 INFO  L487   CegarNwaWorkerThread]: 0 DeclaredPredicates, 15 GetRequests, 4 SyntacticMatches, 1 SemanticMatches, 10 ConstructedPredicates, 0 IntricatePredicates, 0 DeprecatedPredicates, 9 ImplicationChecksByTransitivity, 0.1s TimeCoverageRelationStatistics Valid=52, Invalid=80, Unknown=0, NotChecked=0, Total=132
[2026-06-06 12:07:34,021 INFO  L488   CegarNwaWorkerThread]: 3 mSDtfsCounter, 0 mSDsluCounter, 5 mSDsCounter, 0 mSdLazyCounter, 21 mSolverCounterSat, 2 mSolverCounterUnsat, 0 mSolverCounterUnknown, 0 mSolverCounterNotChecked, 0.0s Time, 0 mProtectedPredicate, 0 mProtectedAction, 0 SdHoareTripleChecker+Valid, 8 SdHoareTripleChecker+Invalid, 23 SdHoareTripleChecker+Unknown, 0 SdHoareTripleChecker+Unchecked, 0.0s SdHoareTripleChecker+Time, 2 IncrementalHoareTripleChecker+Valid, 21 IncrementalHoareTripleChecker+Invalid, 0 IncrementalHoareTripleChecker+Unknown, 0 IncrementalHoareTripleChecker+Unchecked, 0.0s IncrementalHoareTripleChecker+Time
[2026-06-06 12:07:34,022 INFO  L489   CegarNwaWorkerThread]: SdHoareTripleChecker [0 Valid, 8 Invalid, 23 Unknown, 0 Unchecked, 0.0s Time], IncrementalHoareTripleChecker [2 Valid, 21 Invalid, 0 Unknown, 0 Unchecked, 0.0s Time]
[2026-06-06 12:07:34,022 INFO  L224   CegarNwaWorkerThread]: Done with Thread: 86#
[2026-06-06 12:07:34,022 INFO  L196   CegarNwaWorkerThread]: WorkerThread: Thread[#86,Worker for 28844579,5,main] is Waiting for a Task
[2026-06-06 12:07:34,022 INFO  L634   ParallelNwaCegarLoop]: Waking up, a worker is done.
[2026-06-06 12:07:34,022 INFO  L293   ParallelNwaCegarLoop]: Main: A Thread is Done
[2026-06-06 12:07:34,022 INFO  L311   ParallelNwaCegarLoop]: Worker Automaton Type: FLOYD_HOARE
[2026-06-06 12:07:34,022 INFO  L79                 Accepts]: Start accepts. Automaton has 8 states and 8 transitions. Word has length 5
[2026-06-06 12:07:34,022 INFO  L85                 Accepts]: Finished accepts. word is rejected.
[2026-06-06 12:07:34,022 INFO  L747   ParallelNwaCegarLoop]: Recorded stale counterexample prefix coverage.
[2026-06-06 12:07:34,022 INFO  L313   ParallelNwaCegarLoop]: Refining Abstraction
[2026-06-06 12:07:34,022 INFO  L697   ParallelNwaCegarLoop]: Subtrahend traceHash: 28844579
[2026-06-06 12:07:34,022 INFO  L664   ParallelNwaCegarLoop]: Difference in Main
[2026-06-06 12:07:34,022 INFO  L87              Difference]: Start difference. First operand 8 states and 8 transitions. Second operand  has 8 states, 7 states have (on average 2.4285714285714284) internal successors, (17), 8 states have internal predecessors, (17), 0 states have call successors, (0), 0 states have call predecessors, (0), 0 states have return successors, (0), 0 states have call predecessors, (0), 0 states have call successors, (0)
[2026-06-06 12:07:34,023 INFO  L144             Difference]: Subtrahend was deterministic. Have not used determinization.
[2026-06-06 12:07:34,023 INFO  L93              Difference]: Finished difference Result 10 states and 10 transitions.
[2026-06-06 12:07:34,023 INFO  L225             Difference]: With dead ends: 10
[2026-06-06 12:07:34,023 INFO  L226             Difference]: Without dead ends: 10
[2026-06-06 12:07:34,023 INFO  L82        GeneralOperation]: Start minimizeSevpa. Operand 10 states.
[2026-06-06 12:07:34,023 INFO  L88        GeneralOperation]: Finished minimizeSevpa. Reduced states from 10 to 10.
[2026-06-06 12:07:34,023 INFO  L82        GeneralOperation]: Start removeUnreachable. Operand  has 10 states, 9 states have (on average 1.1111111111111112) internal successors, (10), 9 states have internal predecessors, (10), 0 states have call successors, (0), 0 states have call predecessors, (0), 0 states have return successors, (0), 0 states have call predecessors, (0), 0 states have call successors, (0)
[2026-06-06 12:07:34,023 INFO  L88        GeneralOperation]: Finished removeUnreachable. Reduced from 10 states to 10 states and 10 transitions.
[2026-06-06 12:07:34,023 INFO  L675   ParallelNwaCegarLoop]: Main: Refinement done.
[2026-06-06 12:07:34,023 INFO  L594   ParallelNwaCegarLoop]: Checking if program is safe
[2026-06-06 12:07:34,023 INFO  L290                IsEmpty]: Start isEmpty. Operand 10 states and 10 transitions.
[2026-06-06 12:07:34,024 INFO  L300                IsEmpty]: Finished isEmpty. Found accepting run of length 10
[2026-06-06 12:07:34,024 INFO  L199           NwaCegarLoop]: Found error trace
[2026-06-06 12:07:34,024 INFO  L207           NwaCegarLoop]: trace histogram [6, 1, 1, 1]
[2026-06-06 12:07:34,024 INFO  L336   ParallelNwaCegarLoop]: No more worker results to process
[2026-06-06 12:07:34,024 INFO  L290                IsEmpty]: Start isEmpty. Operand 10 states and 10 transitions.
[2026-06-06 12:07:34,024 INFO  L300                IsEmpty]: Finished isEmpty. Found accepting run of length 10
[2026-06-06 12:07:34,024 WARN  L753                IsEmpty]: Correctness of emptinessCheck not tested.
[2026-06-06 12:07:34,024 INFO  L79                 Accepts]: Start accepts. Automaton has 10 states and 10 transitions. Word has length 9
[2026-06-06 12:07:34,024 INFO  L85                 Accepts]: Finished accepts. word is accepted.
[2026-06-06 12:07:34,024 INFO  L757                IsEmpty]: Finished testing correctness of emptinessCheck
[2026-06-06 12:07:34,024 INFO  L1033  ParallelNwaCegarLoop]: BFS found an active duplicate counterexample.
[2026-06-06 12:07:34,024 INFO  L290                IsEmpty]: Start isEmptyParallel. Operand 10 states and 10 transitions.
[2026-06-06 12:07:34,024 INFO  L300                IsEmpty]: Finished isEmptyParallel. No accepting run.
[2026-06-06 12:07:34,024 INFO  L156        IsEmptyParallel]: Start isEmptyParallel. Operand 10 states and 10 transitions.
[2026-06-06 12:07:34,024 INFO  L182       IsEmptyHeuristic]: Start isEmptyHeuristic. Operand 10 states and 10 transitions.
[2026-06-06 12:07:34,024 INFO  L188       IsEmptyHeuristic]: Finished isEmptyHeuristic. Found accepting run of length 12
[2026-06-06 12:07:34,024 INFO  L163        IsEmptyParallel]: Finished isEmptyParallel. Found accepting run of length 12
[2026-06-06 12:07:34,024 WARN  L753                IsEmpty]: Correctness of emptinessCheck not tested.
[2026-06-06 12:07:34,024 INFO  L79                 Accepts]: Start accepts. Automaton has 10 states and 10 transitions. Word has length 11
[2026-06-06 12:07:34,024 INFO  L85                 Accepts]: Finished accepts. word is accepted.
[2026-06-06 12:07:34,024 INFO  L757                IsEmpty]: Finished testing correctness of emptinessCheck
[2026-06-06 12:07:34,024 INFO  L1028  ParallelNwaCegarLoop]: Found new Counterexample via IsEmptyParallel PAPER!
[2026-06-06 12:07:34,024 INFO  L86        PathProgramCache]: Analyzing trace with hash 425621891, now seen corresponding path program 6 times
[2026-06-06 12:07:34,024 INFO  L614   ParallelNwaCegarLoop]: Main: Starting Thread
[2026-06-06 12:07:34,024 INFO  L209   CegarNwaWorkerThread]: Starting Thread: 86# for Trace Check: 425621891
[2026-06-06 12:07:34,025 INFO  L283   ParallelNwaCegarLoop]: === Iteration 5 ===
[2026-06-06 12:07:34,025 INFO  L631   ParallelNwaCegarLoop]: All threads busy, going to sleep.
[2026-06-06 12:07:34,025 INFO  L156       PredicateUnifier]: Initialized classic predicate unifier
[2026-06-06 12:07:34,025 INFO  L86        PathProgramCache]: Analyzing trace with hash 425621891, now seen corresponding path program 6 times
[2026-06-06 12:07:34,025 INFO  L118   FreeRefinementEngine]: Executing refinement strategy CAMEL
[2026-06-06 12:07:34,025 INFO  L324   FreeRefinementEngine]: Using trace check IpTcStrategyModuleSmtInterpolCraig [122057173]
[2026-06-06 12:07:34,025 INFO  L95    rtionOrderModulation]: Changing assertion order to MIX_INSIDE_OUTSIDE
[2026-06-06 12:07:34,025 INFO  L127          SolverBuilder]: Constructing new instance of SMTInterpol with explicit timeout -1 ms and remaining time -1 ms
[2026-06-06 12:07:34,027 INFO  L108    AnnotateAndAsserter]: Assert order MIX_INSIDE_OUTSIDE partitioned 11 statements into 5 equivalence classes.
[2026-06-06 12:07:34,035 INFO  L111    AnnotateAndAsserter]: Assert order MIX_INSIDE_OUTSIDE issued 5 check-sat command(s) and asserted 11 of 11 statements.
[2026-06-06 12:07:34,035 INFO  L114    AnnotateAndAsserter]: Assert order MIX_INSIDE_OUTSIDE issued 5 check-sat command(s)
[2026-06-06 12:07:34,035 INFO  L115    AnnotateAndAsserter]: Conjunction of SSA is unsat
[2026-06-06 12:07:34,066 INFO  L134       CoverageAnalysis]: Checked inductivity of 21 backedges. 0 proven. 21 refuted. 0 times theorem prover too weak. 0 trivial. 0 not checked.
[2026-06-06 12:07:34,066 INFO  L136   FreeRefinementEngine]: Strategy CAMEL found an infeasible trace
[2026-06-06 12:07:34,066 INFO  L324   FreeRefinementEngine]: Using interpolant generator IpTcStrategyModuleSmtInterpolCraig [2143242548]
[2026-06-06 12:07:34,066 INFO  L158   FreeRefinementEngine]: IpTcStrategyModuleSmtInterpolCraig [2143242548] provided 0 perfect and 1 imperfect interpolant sequences
[2026-06-06 12:07:34,066 INFO  L324   FreeRefinementEngine]: Using interpolant generator IpTcStrategyModuleZ3 [1234790509]
[2026-06-06 12:07:34,066 INFO  L95    rtionOrderModulation]: Changing assertion order to INSIDE_LOOP_FIRST1
[2026-06-06 12:07:34,066 INFO  L173          SolverBuilder]: Constructing external solver with command: z3 -smt2 -in SMTLIB2_COMPLIANT=true
[2026-06-06 12:07:34,068 INFO  L189       MonitoredProcess]: No working directory specified, using /usr/bin/z3
[2026-06-06 12:07:34,070 INFO  L229       MonitoredProcess]: Starting monitored process 10 with /usr/bin/z3 -smt2 -in SMTLIB2_COMPLIANT=true (exit command is (exit), workingDir is null)
[2026-06-06 12:07:34,070 INFO  L327       MonitoredProcess]: [MP /usr/bin/z3 -smt2 -in SMTLIB2_COMPLIANT=true (10)] Waiting until timeout for monitored process
[2026-06-06 12:07:34,078 INFO  L134       CoverageAnalysis]: Checked inductivity of 6 backedges. 0 proven. 6 refuted. 0 times theorem prover too weak. 0 trivial. 0 not checked.
[2026-06-06 12:07:34,078 INFO  L158   FreeRefinementEngine]: IpTcStrategyModuleZ3 [362615943] provided 0 perfect and 2 imperfect interpolant sequences
[2026-06-06 12:07:34,078 INFO  L185   FreeRefinementEngine]: Found 0 perfect and 3 imperfect interpolant sequences.
[2026-06-06 12:07:34,078 INFO  L198   FreeRefinementEngine]: Number of different interpolants: perfect sequences [] imperfect sequences [5, 5, 5] total 11
[2026-06-06 12:07:34,078 INFO  L122   tionRefinementEngine]: Using interpolant automaton builder IpAbStrategyModuleStraightlineAll [1232378197]
[2026-06-06 12:07:34,078 INFO  L85    oduleStraightlineAll]: Using 3 imperfect interpolants to construct interpolant automaton
[2026-06-06 12:07:34,078 INFO  L100   FreeRefinementEngine]: Using predicate unifier PredicateUnifier provided by strategy CAMEL
[2026-06-06 12:07:34,078 INFO  L144   InterpolantAutomaton]: Constructing interpolant automaton starting with 12 interpolants.
[2026-06-06 12:07:34,078 INFO  L146   InterpolantAutomaton]: CoverageRelationStatistics Valid=46, Invalid=86, Unknown=0, NotChecked=0, Total=132
[2026-06-06 12:07:34,078 INFO  L419   CegarNwaWorkerThread]: Difference in Worker for Generalization
[2026-06-06 12:07:34,079 INFO  L87              Difference]: Start difference. First operand  has 5 states, 3 states have (on average 1.6666666666666667) internal successors, (5), 4 states have internal predecessors, (5), 0 states have call successors, (0), 0 states have call predecessors, (0), 0 states have return successors, (0), 0 states have call predecessors, (0), 0 states have call successors, (0) Second operand  has 12 states, 12 states have (on average 1.1666666666666667) internal successors, (14), 11 states have internal predecessors, (14), 0 states have call successors, (0), 0 states have call predecessors, (0), 0 states have return successors, (0), 0 states have call predecessors, (0), 0 states have call successors, (0)
[2026-06-06 12:07:34,082 INFO  L108    AnnotateAndAsserter]: Assert order INSIDE_LOOP_FIRST1 partitioned 9 statements into 4 equivalence classes.
[2026-06-06 12:07:34,123 INFO  L111    AnnotateAndAsserter]: Assert order INSIDE_LOOP_FIRST1 issued 4 check-sat command(s) and asserted 9 of 9 statements.
[2026-06-06 12:07:34,124 INFO  L114    AnnotateAndAsserter]: Assert order INSIDE_LOOP_FIRST1 issued 4 check-sat command(s)
[2026-06-06 12:07:34,124 INFO  L115    AnnotateAndAsserter]: Conjunction of SSA is unsat
[2026-06-06 12:07:34,124 WARN  L254         TraceCheckSpWp]: Trace formula consists of 44 conjuncts, 36 conjuncts are in the unsatisfiable core
[2026-06-06 12:07:34,125 INFO  L279         TraceCheckSpWp]: Computing forward predicates...
[2026-06-06 12:07:34,140 INFO  L134       CoverageAnalysis]: Checked inductivity of 36 backedges. 0 proven. 36 refuted. 0 times theorem prover too weak. 0 trivial. 0 not checked.
[2026-06-06 12:07:34,141 INFO  L136   FreeRefinementEngine]: Strategy CAMEL found an infeasible trace
[2026-06-06 12:07:34,141 INFO  L324   FreeRefinementEngine]: Using interpolant generator IpTcStrategyModuleSmtInterpolCraig [122057173]
[2026-06-06 12:07:34,141 INFO  L158   FreeRefinementEngine]: IpTcStrategyModuleSmtInterpolCraig [122057173] provided 0 perfect and 1 imperfect interpolant sequences
[2026-06-06 12:07:34,141 INFO  L324   FreeRefinementEngine]: Using interpolant generator IpTcStrategyModuleZ3 [1680801461]
[2026-06-06 12:07:34,141 INFO  L95    rtionOrderModulation]: Changing assertion order to MIX_INSIDE_OUTSIDE
[2026-06-06 12:07:34,141 INFO  L173          SolverBuilder]: Constructing external solver with command: z3 -smt2 -in SMTLIB2_COMPLIANT=true
[2026-06-06 12:07:34,143 INFO  L189       MonitoredProcess]: No working directory specified, using /usr/bin/z3
[2026-06-06 12:07:34,144 INFO  L229       MonitoredProcess]: Starting monitored process 11 with /usr/bin/z3 -smt2 -in SMTLIB2_COMPLIANT=true (exit command is (exit), workingDir is null)
[2026-06-06 12:07:34,145 INFO  L327       MonitoredProcess]: [MP /usr/bin/z3 -smt2 -in SMTLIB2_COMPLIANT=true (11)] Waiting until timeout for monitored process
[2026-06-06 12:07:34,157 INFO  L108    AnnotateAndAsserter]: Assert order MIX_INSIDE_OUTSIDE partitioned 11 statements into 5 equivalence classes.
[2026-06-06 12:07:34,202 INFO  L144             Difference]: Subtrahend was deterministic. Have not used determinization.
[2026-06-06 12:07:34,202 INFO  L93              Difference]: Finished difference Result 14 states and 14 transitions.
[2026-06-06 12:07:34,203 INFO  L140   InterpolantAutomaton]: Switched to read-only mode: deterministic interpolant automaton has 12 states. 
[2026-06-06 12:07:34,203 INFO  L225             Difference]: With dead ends: 14
[2026-06-06 12:07:34,203 INFO  L226             Difference]: Without dead ends: 14
[2026-06-06 12:07:34,203 INFO  L487   CegarNwaWorkerThread]: 0 DeclaredPredicates, 22 GetRequests, 7 SyntacticMatches, 0 SemanticMatches, 15 ConstructedPredicates, 0 IntricatePredicates, 0 DeprecatedPredicates, 21 ImplicationChecksByTransitivity, 0.3s TimeCoverageRelationStatistics Valid=102, Invalid=170, Unknown=0, NotChecked=0, Total=272
[2026-06-06 12:07:34,203 INFO  L488   CegarNwaWorkerThread]: 3 mSDtfsCounter, 0 mSDsluCounter, 7 mSDsCounter, 0 mSdLazyCounter, 40 mSolverCounterSat, 1 mSolverCounterUnsat, 0 mSolverCounterUnknown, 0 mSolverCounterNotChecked, 0.0s Time, 0 mProtectedPredicate, 0 mProtectedAction, 0 SdHoareTripleChecker+Valid, 10 SdHoareTripleChecker+Invalid, 41 SdHoareTripleChecker+Unknown, 0 SdHoareTripleChecker+Unchecked, 0.0s SdHoareTripleChecker+Time, 1 IncrementalHoareTripleChecker+Valid, 40 IncrementalHoareTripleChecker+Invalid, 0 IncrementalHoareTripleChecker+Unknown, 0 IncrementalHoareTripleChecker+Unchecked, 0.0s IncrementalHoareTripleChecker+Time
[2026-06-06 12:07:34,203 INFO  L489   CegarNwaWorkerThread]: SdHoareTripleChecker [0 Valid, 10 Invalid, 41 Unknown, 0 Unchecked, 0.0s Time], IncrementalHoareTripleChecker [1 Valid, 40 Invalid, 0 Unknown, 0 Unchecked, 0.0s Time]
[2026-06-06 12:07:34,204 INFO  L224   CegarNwaWorkerThread]: Done with Thread: 98#
[2026-06-06 12:07:34,204 INFO  L196   CegarNwaWorkerThread]: WorkerThread: Thread[#98,Worker for 1949894467,5,main] is Waiting for a Task
[2026-06-06 12:07:34,204 INFO  L634   ParallelNwaCegarLoop]: Waking up, a worker is done.
[2026-06-06 12:07:34,204 INFO  L293   ParallelNwaCegarLoop]: Main: A Thread is Done
[2026-06-06 12:07:34,204 INFO  L311   ParallelNwaCegarLoop]: Worker Automaton Type: FLOYD_HOARE
[2026-06-06 12:07:34,204 INFO  L79                 Accepts]: Start accepts. Automaton has 10 states and 10 transitions. Word has length 7
[2026-06-06 12:07:34,204 INFO  L85                 Accepts]: Finished accepts. word is rejected.
[2026-06-06 12:07:34,204 INFO  L747   ParallelNwaCegarLoop]: Recorded stale counterexample prefix coverage.
[2026-06-06 12:07:34,204 INFO  L313   ParallelNwaCegarLoop]: Refining Abstraction
[2026-06-06 12:07:34,204 INFO  L697   ParallelNwaCegarLoop]: Subtrahend traceHash: 1949894467
[2026-06-06 12:07:34,204 INFO  L664   ParallelNwaCegarLoop]: Difference in Main
[2026-06-06 12:07:34,204 INFO  L87              Difference]: Start difference. First operand 10 states and 10 transitions. Second operand  has 12 states, 11 states have (on average 2.272727272727273) internal successors, (25), 12 states have internal predecessors, (25), 0 states have call successors, (0), 0 states have call predecessors, (0), 0 states have return successors, (0), 0 states have call predecessors, (0), 0 states have call successors, (0)
[2026-06-06 12:07:34,204 INFO  L144             Difference]: Subtrahend was deterministic. Have not used determinization.
[2026-06-06 12:07:34,204 INFO  L93              Difference]: Finished difference Result 14 states and 14 transitions.
[2026-06-06 12:07:34,204 INFO  L225             Difference]: With dead ends: 14
[2026-06-06 12:07:34,204 INFO  L226             Difference]: Without dead ends: 14
[2026-06-06 12:07:34,204 INFO  L82        GeneralOperation]: Start minimizeSevpa. Operand 14 states.
[2026-06-06 12:07:34,205 INFO  L88        GeneralOperation]: Finished minimizeSevpa. Reduced states from 14 to 14.
[2026-06-06 12:07:34,205 INFO  L82        GeneralOperation]: Start removeUnreachable. Operand  has 14 states, 13 states have (on average 1.0769230769230769) internal successors, (14), 13 states have internal predecessors, (14), 0 states have call successors, (0), 0 states have call predecessors, (0), 0 states have return successors, (0), 0 states have call predecessors, (0), 0 states have call successors, (0)
[2026-06-06 12:07:34,205 INFO  L88        GeneralOperation]: Finished removeUnreachable. Reduced from 14 states to 14 states and 14 transitions.
[2026-06-06 12:07:34,205 INFO  L675   ParallelNwaCegarLoop]: Main: Refinement done.
[2026-06-06 12:07:34,205 INFO  L594   ParallelNwaCegarLoop]: Checking if program is safe
[2026-06-06 12:07:34,205 INFO  L290                IsEmpty]: Start isEmpty. Operand 14 states and 14 transitions.
[2026-06-06 12:07:34,205 INFO  L300                IsEmpty]: Finished isEmpty. Found accepting run of length 14
[2026-06-06 12:07:34,205 INFO  L199           NwaCegarLoop]: Found error trace
[2026-06-06 12:07:34,205 INFO  L207           NwaCegarLoop]: trace histogram [10, 1, 1, 1]
[2026-06-06 12:07:34,205 INFO  L336   ParallelNwaCegarLoop]: No more worker results to process
[2026-06-06 12:07:34,205 INFO  L290                IsEmpty]: Start isEmpty. Operand 14 states and 14 transitions.
[2026-06-06 12:07:34,205 INFO  L300                IsEmpty]: Finished isEmpty. Found accepting run of length 14
[2026-06-06 12:07:34,205 WARN  L753                IsEmpty]: Correctness of emptinessCheck not tested.
[2026-06-06 12:07:34,205 INFO  L79                 Accepts]: Start accepts. Automaton has 14 states and 14 transitions. Word has length 13
[2026-06-06 12:07:34,206 INFO  L85                 Accepts]: Finished accepts. word is accepted.
[2026-06-06 12:07:34,206 INFO  L757                IsEmpty]: Finished testing correctness of emptinessCheck
[2026-06-06 12:07:34,206 INFO  L1028  ParallelNwaCegarLoop]: Found new Counterexample via BFS!
[2026-06-06 12:07:34,206 INFO  L86        PathProgramCache]: Analyzing trace with hash 1000801955, now seen corresponding path program 7 times
[2026-06-06 12:07:34,206 INFO  L614   ParallelNwaCegarLoop]: Main: Starting Thread
[2026-06-06 12:07:34,206 INFO  L283   ParallelNwaCegarLoop]: === Iteration 6 ===
[2026-06-06 12:07:34,206 INFO  L631   ParallelNwaCegarLoop]: All threads busy, going to sleep.
[2026-06-06 12:07:34,206 INFO  L209   CegarNwaWorkerThread]: Starting Thread: 98# for Trace Check: 1000801955
[2026-06-06 12:07:34,206 INFO  L156       PredicateUnifier]: Initialized classic predicate unifier
[2026-06-06 12:07:34,206 INFO  L86        PathProgramCache]: Analyzing trace with hash 1000801955, now seen corresponding path program 7 times
[2026-06-06 12:07:34,206 INFO  L118   FreeRefinementEngine]: Executing refinement strategy CAMEL
[2026-06-06 12:07:34,206 INFO  L324   FreeRefinementEngine]: Using trace check IpTcStrategyModuleSmtInterpolCraig [843750366]
[2026-06-06 12:07:34,206 INFO  L95    rtionOrderModulation]: Changing assertion order to NOT_INCREMENTALLY
[2026-06-06 12:07:34,206 INFO  L127          SolverBuilder]: Constructing new instance of SMTInterpol with explicit timeout -1 ms and remaining time -1 ms
[2026-06-06 12:07:34,207 INFO  L108    AnnotateAndAsserter]: Assert order NOT_INCREMENTALLY partitioned 13 statements into 1 equivalence classes.
[2026-06-06 12:07:34,213 INFO  L111    AnnotateAndAsserter]: Assert order NOT_INCREMENTALLY issued 1 check-sat command(s) and asserted 13 of 13 statements.
[2026-06-06 12:07:34,213 INFO  L114    AnnotateAndAsserter]: Assert order NOT_INCREMENTALLY issued 1 check-sat command(s)
[2026-06-06 12:07:34,213 INFO  L115    AnnotateAndAsserter]: Conjunction of SSA is unsat
[2026-06-06 12:07:34,213 INFO  L111    AnnotateAndAsserter]: Assert order MIX_INSIDE_OUTSIDE issued 5 check-sat command(s) and asserted 11 of 11 statements.
[2026-06-06 12:07:34,213 INFO  L114    AnnotateAndAsserter]: Assert order MIX_INSIDE_OUTSIDE issued 5 check-sat command(s)
[2026-06-06 12:07:34,213 INFO  L115    AnnotateAndAsserter]: Conjunction of SSA is unsat
[2026-06-06 12:07:34,214 WARN  L254         TraceCheckSpWp]: Trace formula consists of 54 conjuncts, 44 conjuncts are in the unsatisfiable core
[2026-06-06 12:07:34,215 INFO  L279         TraceCheckSpWp]: Computing forward predicates...
[2026-06-06 12:07:34,241 INFO  L144             Difference]: Subtrahend was deterministic. Have not used determinization.
[2026-06-06 12:07:34,241 INFO  L93              Difference]: Finished difference Result 12 states and 12 transitions.
[2026-06-06 12:07:34,241 INFO  L140   InterpolantAutomaton]: Switched to read-only mode: deterministic interpolant automaton has 10 states. 
[2026-06-06 12:07:34,241 INFO  L225             Difference]: With dead ends: 12
[2026-06-06 12:07:34,241 INFO  L226             Difference]: Without dead ends: 12
[2026-06-06 12:07:34,242 INFO  L487   CegarNwaWorkerThread]: 0 DeclaredPredicates, 19 GetRequests, 4 SyntacticMatches, 1 SemanticMatches, 14 ConstructedPredicates, 0 IntricatePredicates, 0 DeprecatedPredicates, 16 ImplicationChecksByTransitivity, 0.2s TimeCoverageRelationStatistics Valid=89, Invalid=151, Unknown=0, NotChecked=0, Total=240
[2026-06-06 12:07:34,242 INFO  L488   CegarNwaWorkerThread]: 3 mSDtfsCounter, 0 mSDsluCounter, 4 mSDsCounter, 0 mSdLazyCounter, 33 mSolverCounterSat, 2 mSolverCounterUnsat, 0 mSolverCounterUnknown, 0 mSolverCounterNotChecked, 0.0s Time, 0 mProtectedPredicate, 0 mProtectedAction, 0 SdHoareTripleChecker+Valid, 7 SdHoareTripleChecker+Invalid, 35 SdHoareTripleChecker+Unknown, 0 SdHoareTripleChecker+Unchecked, 0.0s SdHoareTripleChecker+Time, 2 IncrementalHoareTripleChecker+Valid, 33 IncrementalHoareTripleChecker+Invalid, 0 IncrementalHoareTripleChecker+Unknown, 0 IncrementalHoareTripleChecker+Unchecked, 0.0s IncrementalHoareTripleChecker+Time
[2026-06-06 12:07:34,242 INFO  L489   CegarNwaWorkerThread]: SdHoareTripleChecker [0 Valid, 7 Invalid, 35 Unknown, 0 Unchecked, 0.0s Time], IncrementalHoareTripleChecker [2 Valid, 33 Invalid, 0 Unknown, 0 Unchecked, 0.0s Time]
[2026-06-06 12:07:34,242 INFO  L224   CegarNwaWorkerThread]: Done with Thread: 80#
[2026-06-06 12:07:34,242 INFO  L196   CegarNwaWorkerThread]: WorkerThread: Thread[#80,Worker for 894183756,5,main] is Waiting for a Task
[2026-06-06 12:07:34,242 INFO  L634   ParallelNwaCegarLoop]: Waking up, a worker is done.
[2026-06-06 12:07:34,242 INFO  L293   ParallelNwaCegarLoop]: Main: A Thread is Done
[2026-06-06 12:07:34,242 INFO  L311   ParallelNwaCegarLoop]: Worker Automaton Type: FLOYD_HOARE
[2026-06-06 12:07:34,243 INFO  L79                 Accepts]: Start accepts. Automaton has 14 states and 14 transitions. Word has length 6
[2026-06-06 12:07:34,243 INFO  L85                 Accepts]: Finished accepts. word is rejected.
[2026-06-06 12:07:34,243 INFO  L747   ParallelNwaCegarLoop]: Recorded stale counterexample prefix coverage.
[2026-06-06 12:07:34,243 INFO  L313   ParallelNwaCegarLoop]: Refining Abstraction
[2026-06-06 12:07:34,243 INFO  L697   ParallelNwaCegarLoop]: Subtrahend traceHash: 894183756
[2026-06-06 12:07:34,243 INFO  L664   ParallelNwaCegarLoop]: Difference in Main
[2026-06-06 12:07:34,243 INFO  L87              Difference]: Start difference. First operand 14 states and 14 transitions. Second operand  has 10 states, 9 states have (on average 2.3333333333333335) internal successors, (21), 10 states have internal predecessors, (21), 0 states have call successors, (0), 0 states have call predecessors, (0), 0 states have return successors, (0), 0 states have call predecessors, (0), 0 states have call successors, (0)
[2026-06-06 12:07:34,243 INFO  L144             Difference]: Subtrahend was deterministic. Have not used determinization.
[2026-06-06 12:07:34,243 INFO  L93              Difference]: Finished difference Result 14 states and 14 transitions.
[2026-06-06 12:07:34,243 INFO  L225             Difference]: With dead ends: 14
[2026-06-06 12:07:34,243 INFO  L226             Difference]: Without dead ends: 14
[2026-06-06 12:07:34,243 INFO  L82        GeneralOperation]: Start minimizeSevpa. Operand 14 states.
[2026-06-06 12:07:34,244 INFO  L88        GeneralOperation]: Finished minimizeSevpa. Reduced states from 14 to 14.
[2026-06-06 12:07:34,244 INFO  L82        GeneralOperation]: Start removeUnreachable. Operand  has 14 states, 13 states have (on average 1.0769230769230769) internal successors, (14), 13 states have internal predecessors, (14), 0 states have call successors, (0), 0 states have call predecessors, (0), 0 states have return successors, (0), 0 states have call predecessors, (0), 0 states have call successors, (0)
[2026-06-06 12:07:34,244 INFO  L88        GeneralOperation]: Finished removeUnreachable. Reduced from 14 states to 14 states and 14 transitions.
[2026-06-06 12:07:34,244 INFO  L675   ParallelNwaCegarLoop]: Main: Refinement done.
[2026-06-06 12:07:34,244 INFO  L594   ParallelNwaCegarLoop]: Checking if program is safe
[2026-06-06 12:07:34,244 INFO  L290                IsEmpty]: Start isEmpty. Operand 14 states and 14 transitions.
[2026-06-06 12:07:34,244 INFO  L300                IsEmpty]: Finished isEmpty. Found accepting run of length 14
[2026-06-06 12:07:34,244 INFO  L199           NwaCegarLoop]: Found error trace
[2026-06-06 12:07:34,244 INFO  L207           NwaCegarLoop]: trace histogram [10, 1, 1, 1]
[2026-06-06 12:07:34,244 INFO  L336   ParallelNwaCegarLoop]: No more worker results to process
[2026-06-06 12:07:34,244 INFO  L290                IsEmpty]: Start isEmpty. Operand 14 states and 14 transitions.
[2026-06-06 12:07:34,244 INFO  L300                IsEmpty]: Finished isEmpty. Found accepting run of length 14
[2026-06-06 12:07:34,244 WARN  L753                IsEmpty]: Correctness of emptinessCheck not tested.
[2026-06-06 12:07:34,244 INFO  L79                 Accepts]: Start accepts. Automaton has 14 states and 14 transitions. Word has length 13
[2026-06-06 12:07:34,244 INFO  L85                 Accepts]: Finished accepts. word is accepted.
[2026-06-06 12:07:34,244 INFO  L757                IsEmpty]: Finished testing correctness of emptinessCheck
[2026-06-06 12:07:34,244 INFO  L1033  ParallelNwaCegarLoop]: BFS found an active duplicate counterexample.
[2026-06-06 12:07:34,244 INFO  L290                IsEmpty]: Start isEmptyParallel. Operand 14 states and 14 transitions.
[2026-06-06 12:07:34,244 INFO  L300                IsEmpty]: Finished isEmptyParallel. No accepting run.
[2026-06-06 12:07:34,244 INFO  L156        IsEmptyParallel]: Start isEmptyParallel. Operand 14 states and 14 transitions.
[2026-06-06 12:07:34,245 INFO  L182       IsEmptyHeuristic]: Start isEmptyHeuristic. Operand 14 states and 14 transitions.
[2026-06-06 12:07:34,245 INFO  L188       IsEmptyHeuristic]: Finished isEmptyHeuristic. Found accepting run of length 16
[2026-06-06 12:07:34,245 INFO  L163        IsEmptyParallel]: Finished isEmptyParallel. Found accepting run of length 16
[2026-06-06 12:07:34,245 WARN  L753                IsEmpty]: Correctness of emptinessCheck not tested.
[2026-06-06 12:07:34,245 INFO  L79                 Accepts]: Start accepts. Automaton has 14 states and 14 transitions. Word has length 15
[2026-06-06 12:07:34,245 INFO  L85                 Accepts]: Finished accepts. word is accepted.
[2026-06-06 12:07:34,245 INFO  L757                IsEmpty]: Finished testing correctness of emptinessCheck
[2026-06-06 12:07:34,245 INFO  L1028  ParallelNwaCegarLoop]: Found new Counterexample via IsEmptyParallel PAPER!
[2026-06-06 12:07:34,245 INFO  L86        PathProgramCache]: Analyzing trace with hash -301937725, now seen corresponding path program 8 times
[2026-06-06 12:07:34,245 INFO  L614   ParallelNwaCegarLoop]: Main: Starting Thread
[2026-06-06 12:07:34,245 INFO  L283   ParallelNwaCegarLoop]: === Iteration 7 ===
[2026-06-06 12:07:34,245 INFO  L631   ParallelNwaCegarLoop]: All threads busy, going to sleep.
[2026-06-06 12:07:34,245 INFO  L209   CegarNwaWorkerThread]: Starting Thread: 80# for Trace Check: -301937725
[2026-06-06 12:07:34,245 INFO  L156       PredicateUnifier]: Initialized classic predicate unifier
[2026-06-06 12:07:34,245 INFO  L86        PathProgramCache]: Analyzing trace with hash -301937725, now seen corresponding path program 8 times
[2026-06-06 12:07:34,245 INFO  L118   FreeRefinementEngine]: Executing refinement strategy CAMEL
[2026-06-06 12:07:34,245 INFO  L324   FreeRefinementEngine]: Using trace check IpTcStrategyModuleSmtInterpolCraig [875595216]
[2026-06-06 12:07:34,246 INFO  L95    rtionOrderModulation]: Changing assertion order to OUTSIDE_LOOP_FIRST1
[2026-06-06 12:07:34,246 INFO  L127          SolverBuilder]: Constructing new instance of SMTInterpol with explicit timeout -1 ms and remaining time -1 ms
[2026-06-06 12:07:34,247 INFO  L108    AnnotateAndAsserter]: Assert order OUTSIDE_LOOP_FIRST1 partitioned 15 statements into 2 equivalence classes.
[2026-06-06 12:07:34,249 INFO  L134       CoverageAnalysis]: Checked inductivity of 21 backedges. 0 proven. 21 refuted. 0 times theorem prover too weak. 0 trivial. 0 not checked.
[2026-06-06 12:07:34,249 INFO  L312         TraceCheckSpWp]: Computing backward predicates...
[2026-06-06 12:07:34,257 INFO  L111    AnnotateAndAsserter]: Assert order OUTSIDE_LOOP_FIRST1 issued 2 check-sat command(s) and asserted 15 of 15 statements.
[2026-06-06 12:07:34,257 INFO  L114    AnnotateAndAsserter]: Assert order OUTSIDE_LOOP_FIRST1 issued 2 check-sat command(s)
[2026-06-06 12:07:34,257 INFO  L115    AnnotateAndAsserter]: Conjunction of SSA is unsat
[2026-06-06 12:07:34,417 INFO  L134       CoverageAnalysis]: Checked inductivity of 36 backedges. 0 proven. 36 refuted. 0 times theorem prover too weak. 0 trivial. 0 not checked.
[2026-06-06 12:07:34,418 INFO  L312         TraceCheckSpWp]: Computing backward predicates...
[2026-06-06 12:07:34,444 INFO  L134       CoverageAnalysis]: Checked inductivity of 55 backedges. 0 proven. 55 refuted. 0 times theorem prover too weak. 0 trivial. 0 not checked.
[2026-06-06 12:07:34,444 INFO  L136   FreeRefinementEngine]: Strategy CAMEL found an infeasible trace
[2026-06-06 12:07:34,444 INFO  L324   FreeRefinementEngine]: Using interpolant generator IpTcStrategyModuleSmtInterpolCraig [843750366]
[2026-06-06 12:07:34,444 INFO  L158   FreeRefinementEngine]: IpTcStrategyModuleSmtInterpolCraig [843750366] provided 0 perfect and 1 imperfect interpolant sequences
[2026-06-06 12:07:34,444 INFO  L324   FreeRefinementEngine]: Using interpolant generator IpTcStrategyModuleZ3 [694825215]
[2026-06-06 12:07:34,444 INFO  L95    rtionOrderModulation]: Changing assertion order to NOT_INCREMENTALLY
[2026-06-06 12:07:34,444 INFO  L173          SolverBuilder]: Constructing external solver with command: z3 -smt2 -in SMTLIB2_COMPLIANT=true
[2026-06-06 12:07:34,446 INFO  L189       MonitoredProcess]: No working directory specified, using /usr/bin/z3
[2026-06-06 12:07:34,447 INFO  L229       MonitoredProcess]: Starting monitored process 12 with /usr/bin/z3 -smt2 -in SMTLIB2_COMPLIANT=true (exit command is (exit), workingDir is null)
[2026-06-06 12:07:34,448 INFO  L327       MonitoredProcess]: [MP /usr/bin/z3 -smt2 -in SMTLIB2_COMPLIANT=true (12)] Waiting until timeout for monitored process
[2026-06-06 12:07:34,460 INFO  L108    AnnotateAndAsserter]: Assert order NOT_INCREMENTALLY partitioned 13 statements into 1 equivalence classes.
[2026-06-06 12:07:34,463 INFO  L134       CoverageAnalysis]: Checked inductivity of 21 backedges. 0 proven. 21 refuted. 0 times theorem prover too weak. 0 trivial. 0 not checked.
[2026-06-06 12:07:34,463 INFO  L158   FreeRefinementEngine]: IpTcStrategyModuleZ3 [1234790509] provided 0 perfect and 2 imperfect interpolant sequences
[2026-06-06 12:07:34,463 INFO  L185   FreeRefinementEngine]: Found 0 perfect and 3 imperfect interpolant sequences.
[2026-06-06 12:07:34,463 INFO  L198   FreeRefinementEngine]: Number of different interpolants: perfect sequences [] imperfect sequences [8, 8, 8] total 19
[2026-06-06 12:07:34,463 INFO  L122   tionRefinementEngine]: Using interpolant automaton builder IpAbStrategyModuleStraightlineAll [896901207]
[2026-06-06 12:07:34,463 INFO  L85    oduleStraightlineAll]: Using 3 imperfect interpolants to construct interpolant automaton
[2026-06-06 12:07:34,464 INFO  L100   FreeRefinementEngine]: Using predicate unifier PredicateUnifier provided by strategy CAMEL
[2026-06-06 12:07:34,464 INFO  L144   InterpolantAutomaton]: Constructing interpolant automaton starting with 20 interpolants.
[2026-06-06 12:07:34,464 INFO  L146   InterpolantAutomaton]: CoverageRelationStatistics Valid=117, Invalid=263, Unknown=0, NotChecked=0, Total=380
[2026-06-06 12:07:34,464 INFO  L419   CegarNwaWorkerThread]: Difference in Worker for Generalization
[2026-06-06 12:07:34,464 INFO  L87              Difference]: Start difference. First operand  has 5 states, 3 states have (on average 1.6666666666666667) internal successors, (5), 4 states have internal predecessors, (5), 0 states have call successors, (0), 0 states have call predecessors, (0), 0 states have return successors, (0), 0 states have call predecessors, (0), 0 states have call successors, (0) Second operand  has 20 states, 20 states have (on average 1.1) internal successors, (22), 19 states have internal predecessors, (22), 0 states have call successors, (0), 0 states have call predecessors, (0), 0 states have return successors, (0), 0 states have call predecessors, (0), 0 states have call successors, (0)
[2026-06-06 12:07:34,536 INFO  L111    AnnotateAndAsserter]: Assert order NOT_INCREMENTALLY issued 1 check-sat command(s) and asserted 13 of 13 statements.
[2026-06-06 12:07:34,536 INFO  L114    AnnotateAndAsserter]: Assert order NOT_INCREMENTALLY issued 1 check-sat command(s)
[2026-06-06 12:07:34,536 INFO  L115    AnnotateAndAsserter]: Conjunction of SSA is unsat
[2026-06-06 12:07:34,536 WARN  L254         TraceCheckSpWp]: Trace formula consists of 64 conjuncts, 50 conjuncts are in the unsatisfiable core
[2026-06-06 12:07:34,537 INFO  L279         TraceCheckSpWp]: Computing forward predicates...
[2026-06-06 12:07:34,564 INFO  L134       CoverageAnalysis]: Checked inductivity of 36 backedges. 0 proven. 36 refuted. 0 times theorem prover too weak. 0 trivial. 0 not checked.
[2026-06-06 12:07:34,564 INFO  L158   FreeRefinementEngine]: IpTcStrategyModuleZ3 [1680801461] provided 0 perfect and 2 imperfect interpolant sequences
[2026-06-06 12:07:34,564 INFO  L185   FreeRefinementEngine]: Found 0 perfect and 3 imperfect interpolant sequences.
[2026-06-06 12:07:34,564 INFO  L198   FreeRefinementEngine]: Number of different interpolants: perfect sequences [] imperfect sequences [10, 10, 10] total 26
[2026-06-06 12:07:34,564 INFO  L122   tionRefinementEngine]: Using interpolant automaton builder IpAbStrategyModuleStraightlineAll [1571657508]
[2026-06-06 12:07:34,564 INFO  L85    oduleStraightlineAll]: Using 3 imperfect interpolants to construct interpolant automaton
[2026-06-06 12:07:34,564 INFO  L100   FreeRefinementEngine]: Using predicate unifier PredicateUnifier provided by strategy CAMEL
[2026-06-06 12:07:34,564 INFO  L144   InterpolantAutomaton]: Constructing interpolant automaton starting with 27 interpolants.
[2026-06-06 12:07:34,564 INFO  L146   InterpolantAutomaton]: CoverageRelationStatistics Valid=208, Invalid=494, Unknown=0, NotChecked=0, Total=702
[2026-06-06 12:07:34,564 INFO  L419   CegarNwaWorkerThread]: Difference in Worker for Generalization
[2026-06-06 12:07:34,565 INFO  L87              Difference]: Start difference. First operand  has 5 states, 3 states have (on average 1.6666666666666667) internal successors, (5), 4 states have internal predecessors, (5), 0 states have call successors, (0), 0 states have call predecessors, (0), 0 states have return successors, (0), 0 states have call predecessors, (0), 0 states have call successors, (0) Second operand  has 27 states, 27 states have (on average 1.0740740740740742) internal successors, (29), 26 states have internal predecessors, (29), 0 states have call successors, (0), 0 states have call predecessors, (0), 0 states have return successors, (0), 0 states have call predecessors, (0), 0 states have call successors, (0)
[2026-06-06 12:07:34,570 INFO  L134       CoverageAnalysis]: Checked inductivity of 78 backedges. 0 proven. 78 refuted. 0 times theorem prover too weak. 0 trivial. 0 not checked.
[2026-06-06 12:07:34,570 INFO  L136   FreeRefinementEngine]: Strategy CAMEL found an infeasible trace
[2026-06-06 12:07:34,570 INFO  L324   FreeRefinementEngine]: Using interpolant generator IpTcStrategyModuleSmtInterpolCraig [875595216]
[2026-06-06 12:07:34,570 INFO  L158   FreeRefinementEngine]: IpTcStrategyModuleSmtInterpolCraig [875595216] provided 0 perfect and 1 imperfect interpolant sequences
[2026-06-06 12:07:34,570 INFO  L324   FreeRefinementEngine]: Using interpolant generator IpTcStrategyModuleZ3 [1782090225]
[2026-06-06 12:07:34,570 INFO  L95    rtionOrderModulation]: Changing assertion order to OUTSIDE_LOOP_FIRST1
[2026-06-06 12:07:34,570 INFO  L173          SolverBuilder]: Constructing external solver with command: z3 -smt2 -in SMTLIB2_COMPLIANT=true
[2026-06-06 12:07:34,572 INFO  L189       MonitoredProcess]: No working directory specified, using /usr/bin/z3
[2026-06-06 12:07:34,573 INFO  L229       MonitoredProcess]: Starting monitored process 13 with /usr/bin/z3 -smt2 -in SMTLIB2_COMPLIANT=true (exit command is (exit), workingDir is null)
[2026-06-06 12:07:34,574 INFO  L327       MonitoredProcess]: [MP /usr/bin/z3 -smt2 -in SMTLIB2_COMPLIANT=true (13)] Waiting until timeout for monitored process
[2026-06-06 12:07:34,585 INFO  L108    AnnotateAndAsserter]: Assert order OUTSIDE_LOOP_FIRST1 partitioned 15 statements into 2 equivalence classes.
[2026-06-06 12:07:34,640 INFO  L111    AnnotateAndAsserter]: Assert order OUTSIDE_LOOP_FIRST1 issued 2 check-sat command(s) and asserted 15 of 15 statements.
[2026-06-06 12:07:34,640 INFO  L114    AnnotateAndAsserter]: Assert order OUTSIDE_LOOP_FIRST1 issued 2 check-sat command(s)
[2026-06-06 12:07:34,640 INFO  L115    AnnotateAndAsserter]: Conjunction of SSA is unsat
[2026-06-06 12:07:34,641 WARN  L254         TraceCheckSpWp]: Trace formula consists of 74 conjuncts, 56 conjuncts are in the unsatisfiable core
[2026-06-06 12:07:34,641 INFO  L279         TraceCheckSpWp]: Computing forward predicates...
[2026-06-06 12:07:34,683 INFO  L134       CoverageAnalysis]: Checked inductivity of 55 backedges. 0 proven. 55 refuted. 0 times theorem prover too weak. 0 trivial. 0 not checked.
[2026-06-06 12:07:34,683 INFO  L312         TraceCheckSpWp]: Computing backward predicates...
[2026-06-06 12:07:34,761 INFO  L134       CoverageAnalysis]: Checked inductivity of 78 backedges. 0 proven. 78 refuted. 0 times theorem prover too weak. 0 trivial. 0 not checked.
[2026-06-06 12:07:34,761 INFO  L312         TraceCheckSpWp]: Computing backward predicates...
[2026-06-06 12:07:35,109 INFO  L134       CoverageAnalysis]: Checked inductivity of 55 backedges. 0 proven. 55 refuted. 0 times theorem prover too weak. 0 trivial. 0 not checked.
[2026-06-06 12:07:35,109 INFO  L158   FreeRefinementEngine]: IpTcStrategyModuleZ3 [694825215] provided 0 perfect and 2 imperfect interpolant sequences
[2026-06-06 12:07:35,109 INFO  L185   FreeRefinementEngine]: Found 0 perfect and 3 imperfect interpolant sequences.
[2026-06-06 12:07:35,109 INFO  L198   FreeRefinementEngine]: Number of different interpolants: perfect sequences [] imperfect sequences [12, 12, 12] total 32
[2026-06-06 12:07:35,110 INFO  L122   tionRefinementEngine]: Using interpolant automaton builder IpAbStrategyModuleStraightlineAll [1178441151]
[2026-06-06 12:07:35,110 INFO  L85    oduleStraightlineAll]: Using 3 imperfect interpolants to construct interpolant automaton
[2026-06-06 12:07:35,110 INFO  L100   FreeRefinementEngine]: Using predicate unifier PredicateUnifier provided by strategy CAMEL
[2026-06-06 12:07:35,110 INFO  L144   InterpolantAutomaton]: Constructing interpolant automaton starting with 33 interpolants.
[2026-06-06 12:07:35,110 INFO  L146   InterpolantAutomaton]: CoverageRelationStatistics Valid=291, Invalid=765, Unknown=0, NotChecked=0, Total=1056
[2026-06-06 12:07:35,110 INFO  L419   CegarNwaWorkerThread]: Difference in Worker for Generalization
[2026-06-06 12:07:35,110 INFO  L87              Difference]: Start difference. First operand  has 5 states, 3 states have (on average 1.6666666666666667) internal successors, (5), 4 states have internal predecessors, (5), 0 states have call successors, (0), 0 states have call predecessors, (0), 0 states have return successors, (0), 0 states have call predecessors, (0), 0 states have call successors, (0) Second operand  has 33 states, 33 states have (on average 1.0606060606060606) internal successors, (35), 32 states have internal predecessors, (35), 0 states have call successors, (0), 0 states have call predecessors, (0), 0 states have return successors, (0), 0 states have call predecessors, (0), 0 states have call successors, (0)
[2026-06-06 12:07:35,258 INFO  L134       CoverageAnalysis]: Checked inductivity of 78 backedges. 0 proven. 78 refuted. 0 times theorem prover too weak. 0 trivial. 0 not checked.
[2026-06-06 12:07:35,259 INFO  L158   FreeRefinementEngine]: IpTcStrategyModuleZ3 [1782090225] provided 0 perfect and 2 imperfect interpolant sequences
[2026-06-06 12:07:35,259 INFO  L185   FreeRefinementEngine]: Found 0 perfect and 3 imperfect interpolant sequences.
[2026-06-06 12:07:35,259 INFO  L198   FreeRefinementEngine]: Number of different interpolants: perfect sequences [] imperfect sequences [14, 14, 14] total 38
[2026-06-06 12:07:35,259 INFO  L122   tionRefinementEngine]: Using interpolant automaton builder IpAbStrategyModuleStraightlineAll [36351814]
[2026-06-06 12:07:35,259 INFO  L85    oduleStraightlineAll]: Using 3 imperfect interpolants to construct interpolant automaton
[2026-06-06 12:07:35,259 INFO  L100   FreeRefinementEngine]: Using predicate unifier PredicateUnifier provided by strategy CAMEL
[2026-06-06 12:07:35,259 INFO  L144   InterpolantAutomaton]: Constructing interpolant automaton starting with 39 interpolants.
[2026-06-06 12:07:35,259 INFO  L146   InterpolantAutomaton]: CoverageRelationStatistics Valid=408, Invalid=1074, Unknown=0, NotChecked=0, Total=1482
[2026-06-06 12:07:35,259 INFO  L419   CegarNwaWorkerThread]: Difference in Worker for Generalization
[2026-06-06 12:07:35,259 INFO  L87              Difference]: Start difference. First operand  has 5 states, 3 states have (on average 1.6666666666666667) internal successors, (5), 4 states have internal predecessors, (5), 0 states have call successors, (0), 0 states have call predecessors, (0), 0 states have return successors, (0), 0 states have call predecessors, (0), 0 states have call successors, (0) Second operand  has 39 states, 39 states have (on average 1.0512820512820513) internal successors, (41), 38 states have internal predecessors, (41), 0 states have call successors, (0), 0 states have call predecessors, (0), 0 states have return successors, (0), 0 states have call predecessors, (0), 0 states have call successors, (0)
[2026-06-06 12:07:35,656 INFO  L144             Difference]: Subtrahend was deterministic. Have not used determinization.
[2026-06-06 12:07:35,656 INFO  L93              Difference]: Finished difference Result 18 states and 18 transitions.
[2026-06-06 12:07:35,656 INFO  L140   InterpolantAutomaton]: Switched to read-only mode: deterministic interpolant automaton has 16 states. 
[2026-06-06 12:07:35,656 INFO  L225             Difference]: With dead ends: 18
[2026-06-06 12:07:35,656 INFO  L226             Difference]: Without dead ends: 18
[2026-06-06 12:07:35,656 INFO  L487   CegarNwaWorkerThread]: 0 DeclaredPredicates, 31 GetRequests, 4 SyntacticMatches, 2 SemanticMatches, 25 ConstructedPredicates, 0 IntricatePredicates, 0 DeprecatedPredicates, 46 ImplicationChecksByTransitivity, 1.4s TimeCoverageRelationStatistics Valid=245, Invalid=457, Unknown=0, NotChecked=0, Total=702
[2026-06-06 12:07:35,657 INFO  L488   CegarNwaWorkerThread]: 3 mSDtfsCounter, 0 mSDsluCounter, 9 mSDsCounter, 0 mSdLazyCounter, 87 mSolverCounterSat, 2 mSolverCounterUnsat, 0 mSolverCounterUnknown, 0 mSolverCounterNotChecked, 0.1s Time, 0 mProtectedPredicate, 0 mProtectedAction, 0 SdHoareTripleChecker+Valid, 12 SdHoareTripleChecker+Invalid, 89 SdHoareTripleChecker+Unknown, 0 SdHoareTripleChecker+Unchecked, 0.0s SdHoareTripleChecker+Time, 2 IncrementalHoareTripleChecker+Valid, 87 IncrementalHoareTripleChecker+Invalid, 0 IncrementalHoareTripleChecker+Unknown, 0 IncrementalHoareTripleChecker+Unchecked, 0.1s IncrementalHoareTripleChecker+Time
[2026-06-06 12:07:35,657 INFO  L489   CegarNwaWorkerThread]: SdHoareTripleChecker [0 Valid, 12 Invalid, 89 Unknown, 0 Unchecked, 0.0s Time], IncrementalHoareTripleChecker [2 Valid, 87 Invalid, 0 Unknown, 0 Unchecked, 0.1s Time]
[2026-06-06 12:07:35,657 INFO  L224   CegarNwaWorkerThread]: Done with Thread: 92#
[2026-06-06 12:07:35,657 INFO  L196   CegarNwaWorkerThread]: WorkerThread: Thread[#92,Worker for 1242899555,5,main] is Waiting for a Task
[2026-06-06 12:07:35,657 INFO  L634   ParallelNwaCegarLoop]: Waking up, a worker is done.
[2026-06-06 12:07:35,657 INFO  L293   ParallelNwaCegarLoop]: Main: A Thread is Done
[2026-06-06 12:07:35,657 INFO  L311   ParallelNwaCegarLoop]: Worker Automaton Type: FLOYD_HOARE
[2026-06-06 12:07:35,657 INFO  L79                 Accepts]: Start accepts. Automaton has 14 states and 14 transitions. Word has length 9
[2026-06-06 12:07:35,657 INFO  L85                 Accepts]: Finished accepts. word is rejected.
[2026-06-06 12:07:35,657 INFO  L747   ParallelNwaCegarLoop]: Recorded stale counterexample prefix coverage.
[2026-06-06 12:07:35,657 INFO  L313   ParallelNwaCegarLoop]: Refining Abstraction
[2026-06-06 12:07:35,657 INFO  L697   ParallelNwaCegarLoop]: Subtrahend traceHash: 1242899555
[2026-06-06 12:07:35,657 INFO  L664   ParallelNwaCegarLoop]: Difference in Main
[2026-06-06 12:07:35,658 INFO  L87              Difference]: Start difference. First operand 14 states and 14 transitions. Second operand  has 16 states, 15 states have (on average 2.2) internal successors, (33), 16 states have internal predecessors, (33), 0 states have call successors, (0), 0 states have call predecessors, (0), 0 states have return successors, (0), 0 states have call predecessors, (0), 0 states have call successors, (0)
[2026-06-06 12:07:35,658 INFO  L144             Difference]: Subtrahend was deterministic. Have not used determinization.
[2026-06-06 12:07:35,658 INFO  L93              Difference]: Finished difference Result 18 states and 18 transitions.
[2026-06-06 12:07:35,658 INFO  L225             Difference]: With dead ends: 18
[2026-06-06 12:07:35,658 INFO  L226             Difference]: Without dead ends: 18
[2026-06-06 12:07:35,658 INFO  L82        GeneralOperation]: Start minimizeSevpa. Operand 18 states.
[2026-06-06 12:07:35,658 INFO  L88        GeneralOperation]: Finished minimizeSevpa. Reduced states from 18 to 18.
[2026-06-06 12:07:35,658 INFO  L82        GeneralOperation]: Start removeUnreachable. Operand  has 18 states, 17 states have (on average 1.0588235294117647) internal successors, (18), 17 states have internal predecessors, (18), 0 states have call successors, (0), 0 states have call predecessors, (0), 0 states have return successors, (0), 0 states have call predecessors, (0), 0 states have call successors, (0)
[2026-06-06 12:07:35,659 INFO  L88        GeneralOperation]: Finished removeUnreachable. Reduced from 18 states to 18 states and 18 transitions.
[2026-06-06 12:07:35,659 INFO  L675   ParallelNwaCegarLoop]: Main: Refinement done.
[2026-06-06 12:07:35,659 INFO  L594   ParallelNwaCegarLoop]: Checking if program is safe
[2026-06-06 12:07:35,659 INFO  L290                IsEmpty]: Start isEmpty. Operand 18 states and 18 transitions.
[2026-06-06 12:07:35,659 INFO  L300                IsEmpty]: Finished isEmpty. Found accepting run of length 18
[2026-06-06 12:07:35,659 INFO  L199           NwaCegarLoop]: Found error trace
[2026-06-06 12:07:35,659 INFO  L207           NwaCegarLoop]: trace histogram [14, 1, 1, 1]
[2026-06-06 12:07:35,659 INFO  L336   ParallelNwaCegarLoop]: No more worker results to process
[2026-06-06 12:07:35,659 INFO  L290                IsEmpty]: Start isEmpty. Operand 18 states and 18 transitions.
[2026-06-06 12:07:35,659 INFO  L300                IsEmpty]: Finished isEmpty. Found accepting run of length 18
[2026-06-06 12:07:35,659 WARN  L753                IsEmpty]: Correctness of emptinessCheck not tested.
[2026-06-06 12:07:35,659 INFO  L79                 Accepts]: Start accepts. Automaton has 18 states and 18 transitions. Word has length 17
[2026-06-06 12:07:35,659 INFO  L85                 Accepts]: Finished accepts. word is accepted.
[2026-06-06 12:07:35,659 INFO  L757                IsEmpty]: Finished testing correctness of emptinessCheck
[2026-06-06 12:07:35,659 INFO  L1028  ParallelNwaCegarLoop]: Found new Counterexample via BFS!
[2026-06-06 12:07:35,659 INFO  L86        PathProgramCache]: Analyzing trace with hash 1895680227, now seen corresponding path program 9 times
[2026-06-06 12:07:35,659 INFO  L614   ParallelNwaCegarLoop]: Main: Starting Thread
[2026-06-06 12:07:35,659 INFO  L283   ParallelNwaCegarLoop]: === Iteration 8 ===
[2026-06-06 12:07:35,659 INFO  L631   ParallelNwaCegarLoop]: All threads busy, going to sleep.
[2026-06-06 12:07:35,659 INFO  L209   CegarNwaWorkerThread]: Starting Thread: 92# for Trace Check: 1895680227
[2026-06-06 12:07:35,659 INFO  L156       PredicateUnifier]: Initialized classic predicate unifier
[2026-06-06 12:07:35,659 INFO  L86        PathProgramCache]: Analyzing trace with hash 1895680227, now seen corresponding path program 9 times
[2026-06-06 12:07:35,659 INFO  L118   FreeRefinementEngine]: Executing refinement strategy CAMEL
[2026-06-06 12:07:35,659 INFO  L324   FreeRefinementEngine]: Using trace check IpTcStrategyModuleSmtInterpolCraig [925723796]
[2026-06-06 12:07:35,659 INFO  L95    rtionOrderModulation]: Changing assertion order to OUTSIDE_LOOP_FIRST2
[2026-06-06 12:07:35,659 INFO  L127          SolverBuilder]: Constructing new instance of SMTInterpol with explicit timeout -1 ms and remaining time -1 ms
[2026-06-06 12:07:35,661 INFO  L108    AnnotateAndAsserter]: Assert order OUTSIDE_LOOP_FIRST2 partitioned 17 statements into 8 equivalence classes.
[2026-06-06 12:07:35,671 INFO  L111    AnnotateAndAsserter]: Assert order OUTSIDE_LOOP_FIRST2 issued 8 check-sat command(s) and asserted 17 of 17 statements.
[2026-06-06 12:07:35,671 INFO  L114    AnnotateAndAsserter]: Assert order OUTSIDE_LOOP_FIRST2 issued 8 check-sat command(s)
[2026-06-06 12:07:35,671 INFO  L115    AnnotateAndAsserter]: Conjunction of SSA is unsat
[2026-06-06 12:07:35,966 INFO  L134       CoverageAnalysis]: Checked inductivity of 105 backedges. 0 proven. 105 refuted. 0 times theorem prover too weak. 0 trivial. 0 not checked.
[2026-06-06 12:07:35,966 INFO  L136   FreeRefinementEngine]: Strategy CAMEL found an infeasible trace
[2026-06-06 12:07:35,966 INFO  L324   FreeRefinementEngine]: Using interpolant generator IpTcStrategyModuleSmtInterpolCraig [925723796]
[2026-06-06 12:07:35,966 INFO  L158   FreeRefinementEngine]: IpTcStrategyModuleSmtInterpolCraig [925723796] provided 0 perfect and 1 imperfect interpolant sequences
[2026-06-06 12:07:35,966 INFO  L324   FreeRefinementEngine]: Using interpolant generator IpTcStrategyModuleZ3 [1459977169]
[2026-06-06 12:07:35,966 INFO  L95    rtionOrderModulation]: Changing assertion order to OUTSIDE_LOOP_FIRST2
[2026-06-06 12:07:35,966 INFO  L173          SolverBuilder]: Constructing external solver with command: z3 -smt2 -in SMTLIB2_COMPLIANT=true
[2026-06-06 12:07:35,968 INFO  L189       MonitoredProcess]: No working directory specified, using /usr/bin/z3
[2026-06-06 12:07:35,969 INFO  L229       MonitoredProcess]: Starting monitored process 14 with /usr/bin/z3 -smt2 -in SMTLIB2_COMPLIANT=true (exit command is (exit), workingDir is null)
[2026-06-06 12:07:35,970 INFO  L327       MonitoredProcess]: [MP /usr/bin/z3 -smt2 -in SMTLIB2_COMPLIANT=true (14)] Waiting until timeout for monitored process
[2026-06-06 12:07:35,981 INFO  L108    AnnotateAndAsserter]: Assert order OUTSIDE_LOOP_FIRST2 partitioned 17 statements into 8 equivalence classes.
[2026-06-06 12:07:36,576 INFO  L111    AnnotateAndAsserter]: Assert order OUTSIDE_LOOP_FIRST2 issued 8 check-sat command(s) and asserted 17 of 17 statements.
[2026-06-06 12:07:36,576 INFO  L114    AnnotateAndAsserter]: Assert order OUTSIDE_LOOP_FIRST2 issued 8 check-sat command(s)
[2026-06-06 12:07:36,577 INFO  L115    AnnotateAndAsserter]: Conjunction of SSA is unsat
[2026-06-06 12:07:36,578 WARN  L254         TraceCheckSpWp]: Trace formula consists of 84 conjuncts, 72 conjuncts are in the unsatisfiable core
[2026-06-06 12:07:36,579 INFO  L279         TraceCheckSpWp]: Computing forward predicates...
[2026-06-06 12:07:38,489 INFO  L144             Difference]: Subtrahend was deterministic. Have not used determinization.
[2026-06-06 12:07:38,489 INFO  L93              Difference]: Finished difference Result 22 states and 22 transitions.
[2026-06-06 12:07:38,489 INFO  L140   InterpolantAutomaton]: Switched to read-only mode: deterministic interpolant automaton has 20 states. 
[2026-06-06 12:07:38,489 INFO  L225             Difference]: With dead ends: 22
[2026-06-06 12:07:38,489 INFO  L226             Difference]: Without dead ends: 22
[2026-06-06 12:07:38,490 INFO  L487   CegarNwaWorkerThread]: 0 DeclaredPredicates, 38 GetRequests, 5 SyntacticMatches, 0 SemanticMatches, 33 ConstructedPredicates, 0 IntricatePredicates, 0 DeprecatedPredicates, 292 ImplicationChecksByTransitivity, 4.1s TimeCoverageRelationStatistics Valid=416, Invalid=774, Unknown=0, NotChecked=0, Total=1190
[2026-06-06 12:07:38,490 INFO  L488   CegarNwaWorkerThread]: 3 mSDtfsCounter, 0 mSDsluCounter, 11 mSDsCounter, 0 mSdLazyCounter, 141 mSolverCounterSat, 1 mSolverCounterUnsat, 0 mSolverCounterUnknown, 0 mSolverCounterNotChecked, 0.1s Time, 0 mProtectedPredicate, 0 mProtectedAction, 0 SdHoareTripleChecker+Valid, 14 SdHoareTripleChecker+Invalid, 142 SdHoareTripleChecker+Unknown, 0 SdHoareTripleChecker+Unchecked, 0.0s SdHoareTripleChecker+Time, 1 IncrementalHoareTripleChecker+Valid, 141 IncrementalHoareTripleChecker+Invalid, 0 IncrementalHoareTripleChecker+Unknown, 0 IncrementalHoareTripleChecker+Unchecked, 0.1s IncrementalHoareTripleChecker+Time
[2026-06-06 12:07:38,490 INFO  L489   CegarNwaWorkerThread]: SdHoareTripleChecker [0 Valid, 14 Invalid, 142 Unknown, 0 Unchecked, 0.0s Time], IncrementalHoareTripleChecker [1 Valid, 141 Invalid, 0 Unknown, 0 Unchecked, 0.1s Time]
[2026-06-06 12:07:38,490 INFO  L224   CegarNwaWorkerThread]: Done with Thread: 86#
[2026-06-06 12:07:38,490 INFO  L196   CegarNwaWorkerThread]: WorkerThread: Thread[#86,Worker for 425621891,5,main] is Waiting for a Task
[2026-06-06 12:07:38,490 INFO  L634   ParallelNwaCegarLoop]: Waking up, a worker is done.
[2026-06-06 12:07:38,490 INFO  L293   ParallelNwaCegarLoop]: Main: A Thread is Done
[2026-06-06 12:07:38,490 INFO  L311   ParallelNwaCegarLoop]: Worker Automaton Type: FLOYD_HOARE
[2026-06-06 12:07:38,490 INFO  L79                 Accepts]: Start accepts. Automaton has 18 states and 18 transitions. Word has length 11
[2026-06-06 12:07:38,490 INFO  L85                 Accepts]: Finished accepts. word is rejected.
[2026-06-06 12:07:38,490 INFO  L747   ParallelNwaCegarLoop]: Recorded stale counterexample prefix coverage.
[2026-06-06 12:07:38,490 INFO  L313   ParallelNwaCegarLoop]: Refining Abstraction
[2026-06-06 12:07:38,490 INFO  L697   ParallelNwaCegarLoop]: Subtrahend traceHash: 425621891
[2026-06-06 12:07:38,490 INFO  L664   ParallelNwaCegarLoop]: Difference in Main
[2026-06-06 12:07:38,491 INFO  L87              Difference]: Start difference. First operand 18 states and 18 transitions. Second operand  has 20 states, 19 states have (on average 2.1578947368421053) internal successors, (41), 20 states have internal predecessors, (41), 0 states have call successors, (0), 0 states have call predecessors, (0), 0 states have return successors, (0), 0 states have call predecessors, (0), 0 states have call successors, (0)
[2026-06-06 12:07:38,491 INFO  L144             Difference]: Subtrahend was deterministic. Have not used determinization.
[2026-06-06 12:07:38,491 INFO  L93              Difference]: Finished difference Result 22 states and 22 transitions.
[2026-06-06 12:07:38,491 INFO  L225             Difference]: With dead ends: 22
[2026-06-06 12:07:38,491 INFO  L226             Difference]: Without dead ends: 22
[2026-06-06 12:07:38,491 INFO  L82        GeneralOperation]: Start minimizeSevpa. Operand 22 states.
[2026-06-06 12:07:38,492 INFO  L88        GeneralOperation]: Finished minimizeSevpa. Reduced states from 22 to 22.
[2026-06-06 12:07:38,492 INFO  L82        GeneralOperation]: Start removeUnreachable. Operand  has 22 states, 21 states have (on average 1.0476190476190477) internal successors, (22), 21 states have internal predecessors, (22), 0 states have call successors, (0), 0 states have call predecessors, (0), 0 states have return successors, (0), 0 states have call predecessors, (0), 0 states have call successors, (0)
[2026-06-06 12:07:38,492 INFO  L88        GeneralOperation]: Finished removeUnreachable. Reduced from 22 states to 22 states and 22 transitions.
[2026-06-06 12:07:38,492 INFO  L675   ParallelNwaCegarLoop]: Main: Refinement done.
[2026-06-06 12:07:38,492 INFO  L594   ParallelNwaCegarLoop]: Checking if program is safe
[2026-06-06 12:07:38,492 INFO  L290                IsEmpty]: Start isEmpty. Operand 22 states and 22 transitions.
[2026-06-06 12:07:38,492 INFO  L300                IsEmpty]: Finished isEmpty. Found accepting run of length 22
[2026-06-06 12:07:38,492 INFO  L199           NwaCegarLoop]: Found error trace
[2026-06-06 12:07:38,492 INFO  L207           NwaCegarLoop]: trace histogram [18, 1, 1, 1]
[2026-06-06 12:07:38,492 INFO  L336   ParallelNwaCegarLoop]: No more worker results to process
[2026-06-06 12:07:38,492 INFO  L290                IsEmpty]: Start isEmpty. Operand 22 states and 22 transitions.
[2026-06-06 12:07:38,492 INFO  L300                IsEmpty]: Finished isEmpty. Found accepting run of length 22
[2026-06-06 12:07:38,492 WARN  L753                IsEmpty]: Correctness of emptinessCheck not tested.
[2026-06-06 12:07:38,492 INFO  L79                 Accepts]: Start accepts. Automaton has 22 states and 22 transitions. Word has length 21
[2026-06-06 12:07:38,492 INFO  L85                 Accepts]: Finished accepts. word is accepted.
[2026-06-06 12:07:38,492 INFO  L757                IsEmpty]: Finished testing correctness of emptinessCheck
[2026-06-06 12:07:38,492 INFO  L1028  ParallelNwaCegarLoop]: Found new Counterexample via BFS!
[2026-06-06 12:07:38,492 INFO  L86        PathProgramCache]: Analyzing trace with hash -1129747677, now seen corresponding path program 10 times
[2026-06-06 12:07:38,492 INFO  L614   ParallelNwaCegarLoop]: Main: Starting Thread
[2026-06-06 12:07:38,492 INFO  L283   ParallelNwaCegarLoop]: === Iteration 9 ===
[2026-06-06 12:07:38,492 INFO  L631   ParallelNwaCegarLoop]: All threads busy, going to sleep.
[2026-06-06 12:07:38,492 INFO  L209   CegarNwaWorkerThread]: Starting Thread: 86# for Trace Check: -1129747677
[2026-06-06 12:07:38,493 INFO  L156       PredicateUnifier]: Initialized classic predicate unifier
[2026-06-06 12:07:38,493 INFO  L86        PathProgramCache]: Analyzing trace with hash -1129747677, now seen corresponding path program 10 times
[2026-06-06 12:07:38,493 INFO  L118   FreeRefinementEngine]: Executing refinement strategy CAMEL
[2026-06-06 12:07:38,493 INFO  L324   FreeRefinementEngine]: Using trace check IpTcStrategyModuleSmtInterpolCraig [44006172]
[2026-06-06 12:07:38,493 INFO  L95    rtionOrderModulation]: Changing assertion order to TERMS_WITH_SMALL_CONSTANTS_FIRST
[2026-06-06 12:07:38,493 INFO  L127          SolverBuilder]: Constructing new instance of SMTInterpol with explicit timeout -1 ms and remaining time -1 ms
[2026-06-06 12:07:38,494 INFO  L108    AnnotateAndAsserter]: Assert order TERMS_WITH_SMALL_CONSTANTS_FIRST partitioned 21 statements into 2 equivalence classes.
[2026-06-06 12:07:38,503 INFO  L111    AnnotateAndAsserter]: Assert order TERMS_WITH_SMALL_CONSTANTS_FIRST issued 2 check-sat command(s) and asserted 21 of 21 statements.
[2026-06-06 12:07:38,503 INFO  L114    AnnotateAndAsserter]: Assert order TERMS_WITH_SMALL_CONSTANTS_FIRST issued 2 check-sat command(s)
[2026-06-06 12:07:38,503 INFO  L115    AnnotateAndAsserter]: Conjunction of SSA is unsat
[2026-06-06 12:07:38,796 INFO  L134       CoverageAnalysis]: Checked inductivity of 171 backedges. 0 proven. 171 refuted. 0 times theorem prover too weak. 0 trivial. 0 not checked.
[2026-06-06 12:07:38,796 INFO  L136   FreeRefinementEngine]: Strategy CAMEL found an infeasible trace
[2026-06-06 12:07:38,797 INFO  L324   FreeRefinementEngine]: Using interpolant generator IpTcStrategyModuleSmtInterpolCraig [44006172]
[2026-06-06 12:07:38,797 INFO  L158   FreeRefinementEngine]: IpTcStrategyModuleSmtInterpolCraig [44006172] provided 0 perfect and 1 imperfect interpolant sequences
[2026-06-06 12:07:38,797 INFO  L324   FreeRefinementEngine]: Using interpolant generator IpTcStrategyModuleZ3 [1521236232]
[2026-06-06 12:07:38,797 INFO  L95    rtionOrderModulation]: Changing assertion order to TERMS_WITH_SMALL_CONSTANTS_FIRST
[2026-06-06 12:07:38,797 INFO  L173          SolverBuilder]: Constructing external solver with command: z3 -smt2 -in SMTLIB2_COMPLIANT=true
[2026-06-06 12:07:38,798 INFO  L189       MonitoredProcess]: No working directory specified, using /usr/bin/z3
[2026-06-06 12:07:38,800 INFO  L229       MonitoredProcess]: Starting monitored process 15 with /usr/bin/z3 -smt2 -in SMTLIB2_COMPLIANT=true (exit command is (exit), workingDir is null)
[2026-06-06 12:07:38,800 INFO  L327       MonitoredProcess]: [MP /usr/bin/z3 -smt2 -in SMTLIB2_COMPLIANT=true (15)] Waiting until timeout for monitored process
[2026-06-06 12:07:38,811 INFO  L108    AnnotateAndAsserter]: Assert order TERMS_WITH_SMALL_CONSTANTS_FIRST partitioned 21 statements into 2 equivalence classes.
[2026-06-06 12:07:38,902 INFO  L111    AnnotateAndAsserter]: Assert order TERMS_WITH_SMALL_CONSTANTS_FIRST issued 2 check-sat command(s) and asserted 21 of 21 statements.
[2026-06-06 12:07:38,902 INFO  L114    AnnotateAndAsserter]: Assert order TERMS_WITH_SMALL_CONSTANTS_FIRST issued 2 check-sat command(s)
[2026-06-06 12:07:38,902 INFO  L115    AnnotateAndAsserter]: Conjunction of SSA is unsat
[2026-06-06 12:07:38,903 WARN  L254         TraceCheckSpWp]: Trace formula consists of 104 conjuncts, 81 conjuncts are in the unsatisfiable core
[2026-06-06 12:07:38,904 INFO  L279         TraceCheckSpWp]: Computing forward predicates...
[2026-06-06 12:07:39,233 INFO  L134       CoverageAnalysis]: Checked inductivity of 171 backedges. 0 proven. 171 refuted. 0 times theorem prover too weak. 0 trivial. 0 not checked.
[2026-06-06 12:07:39,233 INFO  L312         TraceCheckSpWp]: Computing backward predicates...
[2026-06-06 12:07:40,492 INFO  L134       CoverageAnalysis]: Checked inductivity of 105 backedges. 0 proven. 105 refuted. 0 times theorem prover too weak. 0 trivial. 0 not checked.
[2026-06-06 12:07:40,492 INFO  L312         TraceCheckSpWp]: Computing backward predicates...
[2026-06-06 12:07:40,510 INFO  L134       CoverageAnalysis]: Checked inductivity of 171 backedges. 0 proven. 171 refuted. 0 times theorem prover too weak. 0 trivial. 0 not checked.
[2026-06-06 12:07:40,510 INFO  L158   FreeRefinementEngine]: IpTcStrategyModuleZ3 [1521236232] provided 0 perfect and 2 imperfect interpolant sequences
[2026-06-06 12:07:40,510 INFO  L185   FreeRefinementEngine]: Found 0 perfect and 3 imperfect interpolant sequences.
[2026-06-06 12:07:40,511 INFO  L198   FreeRefinementEngine]: Number of different interpolants: perfect sequences [] imperfect sequences [20, 20, 20] total 56
[2026-06-06 12:07:40,511 INFO  L122   tionRefinementEngine]: Using interpolant automaton builder IpAbStrategyModuleStraightlineAll [1536988868]
[2026-06-06 12:07:40,511 INFO  L85    oduleStraightlineAll]: Using 3 imperfect interpolants to construct interpolant automaton
[2026-06-06 12:07:40,511 INFO  L100   FreeRefinementEngine]: Using predicate unifier PredicateUnifier provided by strategy CAMEL
[2026-06-06 12:07:40,511 INFO  L144   InterpolantAutomaton]: Constructing interpolant automaton starting with 57 interpolants.
[2026-06-06 12:07:40,511 INFO  L146   InterpolantAutomaton]: CoverageRelationStatistics Valid=811, Invalid=2381, Unknown=0, NotChecked=0, Total=3192
[2026-06-06 12:07:40,511 INFO  L419   CegarNwaWorkerThread]: Difference in Worker for Generalization
[2026-06-06 12:07:40,511 INFO  L87              Difference]: Start difference. First operand  has 5 states, 3 states have (on average 1.6666666666666667) internal successors, (5), 4 states have internal predecessors, (5), 0 states have call successors, (0), 0 states have call predecessors, (0), 0 states have return successors, (0), 0 states have call predecessors, (0), 0 states have call successors, (0) Second operand  has 57 states, 57 states have (on average 1.0350877192982457) internal successors, (59), 56 states have internal predecessors, (59), 0 states have call successors, (0), 0 states have call predecessors, (0), 0 states have return successors, (0), 0 states have call predecessors, (0), 0 states have call successors, (0)
[2026-06-06 12:07:41,678 INFO  L134       CoverageAnalysis]: Checked inductivity of 105 backedges. 0 proven. 105 refuted. 0 times theorem prover too weak. 0 trivial. 0 not checked.
[2026-06-06 12:07:41,678 INFO  L158   FreeRefinementEngine]: IpTcStrategyModuleZ3 [1459977169] provided 0 perfect and 2 imperfect interpolant sequences
[2026-06-06 12:07:41,678 INFO  L185   FreeRefinementEngine]: Found 0 perfect and 3 imperfect interpolant sequences.
[2026-06-06 12:07:41,678 INFO  L198   FreeRefinementEngine]: Number of different interpolants: perfect sequences [] imperfect sequences [16, 16, 16] total 44
[2026-06-06 12:07:41,678 INFO  L122   tionRefinementEngine]: Using interpolant automaton builder IpAbStrategyModuleStraightlineAll [73929467]
[2026-06-06 12:07:41,678 INFO  L85    oduleStraightlineAll]: Using 3 imperfect interpolants to construct interpolant automaton
[2026-06-06 12:07:41,679 INFO  L100   FreeRefinementEngine]: Using predicate unifier PredicateUnifier provided by strategy CAMEL
[2026-06-06 12:07:41,679 INFO  L144   InterpolantAutomaton]: Constructing interpolant automaton starting with 45 interpolants.
[2026-06-06 12:07:41,679 INFO  L146   InterpolantAutomaton]: CoverageRelationStatistics Valid=552, Invalid=1428, Unknown=0, NotChecked=0, Total=1980
[2026-06-06 12:07:41,679 INFO  L419   CegarNwaWorkerThread]: Difference in Worker for Generalization
[2026-06-06 12:07:41,679 INFO  L87              Difference]: Start difference. First operand  has 5 states, 3 states have (on average 1.6666666666666667) internal successors, (5), 4 states have internal predecessors, (5), 0 states have call successors, (0), 0 states have call predecessors, (0), 0 states have return successors, (0), 0 states have call predecessors, (0), 0 states have call successors, (0) Second operand  has 45 states, 45 states have (on average 1.0444444444444445) internal successors, (47), 44 states have internal predecessors, (47), 0 states have call successors, (0), 0 states have call predecessors, (0), 0 states have return successors, (0), 0 states have call predecessors, (0), 0 states have call successors, (0)
[2026-06-06 12:07:52,727 WARN  L850   $PredicateComparison]: unable to prove that (let ((.cse0 (mod c_ULTIMATE.start_main_~n~5 4294967296)) (.cse1 (mod c_ULTIMATE.start_main_~y~5 4294967296))) (and (or (= (mod (+ c_ULTIMATE.start_main_~y~5 15) 4294967296) .cse0) (< 0 (mod (+ c_ULTIMATE.start_main_~x~5 4294967281) 4294967296))) (or (= (mod (+ c_ULTIMATE.start_main_~y~5 4) 4294967296) .cse0) (< 0 (mod (+ 4294967292 c_ULTIMATE.start_main_~x~5) 4294967296))) (or (= (mod (+ c_ULTIMATE.start_main_~y~5 1) 4294967296) .cse0) (< 0 (mod (+ c_ULTIMATE.start_main_~x~5 4294967295) 4294967296))) (or (= (mod (+ c_ULTIMATE.start_main_~y~5 8) 4294967296) .cse0) (< 0 (mod (+ 4294967288 c_ULTIMATE.start_main_~x~5) 4294967296))) (or (= (mod (+ c_ULTIMATE.start_main_~y~5 18) 4294967296) .cse0) (< 0 (mod (+ c_ULTIMATE.start_main_~x~5 4294967278) 4294967296))) (or (= (mod (+ c_ULTIMATE.start_main_~y~5 10) 4294967296) .cse0) (< 0 (mod (+ c_ULTIMATE.start_main_~x~5 4294967286) 4294967296))) (or (< 0 (mod (+ c_ULTIMATE.start_main_~x~5 4294967290) 4294967296)) (= (mod (+ c_ULTIMATE.start_main_~y~5 6) 4294967296) .cse0)) (or (< 0 (mod (+ 4294967283 c_ULTIMATE.start_main_~x~5) 4294967296)) (= (mod (+ c_ULTIMATE.start_main_~y~5 13) 4294967296) .cse0)) (or (= (mod (+ c_ULTIMATE.start_main_~y~5 11) 4294967296) .cse0) (< 0 (mod (+ c_ULTIMATE.start_main_~x~5 4294967285) 4294967296))) (or (< 0 (mod (+ c_ULTIMATE.start_main_~x~5 4294967293) 4294967296)) (= (mod (+ c_ULTIMATE.start_main_~y~5 3) 4294967296) .cse0)) (or (= (mod (+ c_ULTIMATE.start_main_~y~5 14) 4294967296) .cse0) (< 0 (mod (+ 4294967282 c_ULTIMATE.start_main_~x~5) 4294967296))) (or (= (mod (+ c_ULTIMATE.start_main_~y~5 2) 4294967296) .cse0) (< 0 (mod (+ c_ULTIMATE.start_main_~x~5 4294967294) 4294967296))) (or (= .cse0 (mod (+ 5 c_ULTIMATE.start_main_~y~5) 4294967296)) (< 0 (mod (+ c_ULTIMATE.start_main_~x~5 4294967291) 4294967296))) (or (< 0 (mod (+ c_ULTIMATE.start_main_~x~5 4294967284) 4294967296)) (= (mod (+ c_ULTIMATE.start_main_~y~5 12) 4294967296) .cse0)) (or (= (mod (+ 7 c_ULTIMATE.start_main_~y~5) 4294967296) .cse0) (< 0 (mod (+ c_ULTIMATE.start_main_~x~5 4294967289) 4294967296))) (<= .cse1 .cse0) (or (< 0 (mod (+ c_ULTIMATE.start_main_~x~5 4294967280) 4294967296)) (= .cse0 (mod (+ c_ULTIMATE.start_main_~y~5 16) 4294967296))) (or (= .cse0 (mod (+ c_ULTIMATE.start_main_~y~5 9) 4294967296)) (< 0 (mod (+ c_ULTIMATE.start_main_~x~5 4294967287) 4294967296))) (or (< 0 (mod (+ c_ULTIMATE.start_main_~x~5 4294967279) 4294967296)) (= (mod (+ c_ULTIMATE.start_main_~y~5 17) 4294967296) .cse0)) (<= .cse0 (+ (mod c_ULTIMATE.start_main_~x~5 4294967296) .cse1)))) is different from false
[2026-06-06 12:07:59,648 INFO  L144             Difference]: Subtrahend was deterministic. Have not used determinization.
[2026-06-06 12:07:59,648 INFO  L93              Difference]: Finished difference Result 26 states and 26 transitions.
[2026-06-06 12:07:59,648 INFO  L140   InterpolantAutomaton]: Switched to read-only mode: deterministic interpolant automaton has 24 states. 
[2026-06-06 12:07:59,648 INFO  L225             Difference]: With dead ends: 26
[2026-06-06 12:07:59,648 INFO  L226             Difference]: Without dead ends: 26
[2026-06-06 12:07:59,649 INFO  L487   CegarNwaWorkerThread]: 0 DeclaredPredicates, 47 GetRequests, 4 SyntacticMatches, 1 SemanticMatches, 42 ConstructedPredicates, 0 IntricatePredicates, 0 DeprecatedPredicates, 121 ImplicationChecksByTransitivity, 25.0s TimeCoverageRelationStatistics Valid=628, Invalid=1264, Unknown=0, NotChecked=0, Total=1892
[2026-06-06 12:07:59,649 INFO  L488   CegarNwaWorkerThread]: 3 mSDtfsCounter, 0 mSDsluCounter, 19 mSDsCounter, 0 mSdLazyCounter, 218 mSolverCounterSat, 2 mSolverCounterUnsat, 0 mSolverCounterUnknown, 0 mSolverCounterNotChecked, 0.1s Time, 0 mProtectedPredicate, 0 mProtectedAction, 0 SdHoareTripleChecker+Valid, 22 SdHoareTripleChecker+Invalid, 220 SdHoareTripleChecker+Unknown, 0 SdHoareTripleChecker+Unchecked, 0.0s SdHoareTripleChecker+Time, 2 IncrementalHoareTripleChecker+Valid, 218 IncrementalHoareTripleChecker+Invalid, 0 IncrementalHoareTripleChecker+Unknown, 0 IncrementalHoareTripleChecker+Unchecked, 0.1s IncrementalHoareTripleChecker+Time
[2026-06-06 12:07:59,649 INFO  L489   CegarNwaWorkerThread]: SdHoareTripleChecker [0 Valid, 22 Invalid, 220 Unknown, 0 Unchecked, 0.0s Time], IncrementalHoareTripleChecker [2 Valid, 218 Invalid, 0 Unknown, 0 Unchecked, 0.1s Time]
[2026-06-06 12:07:59,649 INFO  L224   CegarNwaWorkerThread]: Done with Thread: 98#
[2026-06-06 12:07:59,649 INFO  L196   CegarNwaWorkerThread]: WorkerThread: Thread[#98,Worker for 1000801955,5,main] is Waiting for a Task
[2026-06-06 12:07:59,649 INFO  L634   ParallelNwaCegarLoop]: Waking up, a worker is done.
[2026-06-06 12:07:59,649 INFO  L293   ParallelNwaCegarLoop]: Main: A Thread is Done
[2026-06-06 12:07:59,649 INFO  L311   ParallelNwaCegarLoop]: Worker Automaton Type: FLOYD_HOARE
[2026-06-06 12:07:59,649 INFO  L79                 Accepts]: Start accepts. Automaton has 22 states and 22 transitions. Word has length 13
[2026-06-06 12:07:59,650 INFO  L85                 Accepts]: Finished accepts. word is rejected.
[2026-06-06 12:07:59,650 INFO  L747   ParallelNwaCegarLoop]: Recorded stale counterexample prefix coverage.
[2026-06-06 12:07:59,650 INFO  L313   ParallelNwaCegarLoop]: Refining Abstraction
[2026-06-06 12:07:59,650 INFO  L697   ParallelNwaCegarLoop]: Subtrahend traceHash: 1000801955
[2026-06-06 12:07:59,650 INFO  L664   ParallelNwaCegarLoop]: Difference in Main
[2026-06-06 12:07:59,650 INFO  L87              Difference]: Start difference. First operand 22 states and 22 transitions. Second operand  has 24 states, 23 states have (on average 2.130434782608696) internal successors, (49), 24 states have internal predecessors, (49), 0 states have call successors, (0), 0 states have call predecessors, (0), 0 states have return successors, (0), 0 states have call predecessors, (0), 0 states have call successors, (0)
[2026-06-06 12:07:59,650 INFO  L144             Difference]: Subtrahend was deterministic. Have not used determinization.
[2026-06-06 12:07:59,650 INFO  L93              Difference]: Finished difference Result 26 states and 26 transitions.
[2026-06-06 12:07:59,650 INFO  L225             Difference]: With dead ends: 26
[2026-06-06 12:07:59,650 INFO  L226             Difference]: Without dead ends: 26
[2026-06-06 12:07:59,650 INFO  L82        GeneralOperation]: Start minimizeSevpa. Operand 26 states.
[2026-06-06 12:07:59,650 INFO  L88        GeneralOperation]: Finished minimizeSevpa. Reduced states from 26 to 26.
[2026-06-06 12:07:59,650 INFO  L82        GeneralOperation]: Start removeUnreachable. Operand  has 26 states, 25 states have (on average 1.04) internal successors, (26), 25 states have internal predecessors, (26), 0 states have call successors, (0), 0 states have call predecessors, (0), 0 states have return successors, (0), 0 states have call predecessors, (0), 0 states have call successors, (0)
[2026-06-06 12:07:59,651 INFO  L88        GeneralOperation]: Finished removeUnreachable. Reduced from 26 states to 26 states and 26 transitions.
[2026-06-06 12:07:59,651 INFO  L675   ParallelNwaCegarLoop]: Main: Refinement done.
[2026-06-06 12:07:59,651 INFO  L594   ParallelNwaCegarLoop]: Checking if program is safe
[2026-06-06 12:07:59,651 INFO  L290                IsEmpty]: Start isEmpty. Operand 26 states and 26 transitions.
[2026-06-06 12:07:59,651 INFO  L300                IsEmpty]: Finished isEmpty. Found accepting run of length 26
[2026-06-06 12:07:59,651 INFO  L199           NwaCegarLoop]: Found error trace
[2026-06-06 12:07:59,651 INFO  L207           NwaCegarLoop]: trace histogram [22, 1, 1, 1]
[2026-06-06 12:07:59,651 INFO  L336   ParallelNwaCegarLoop]: No more worker results to process
[2026-06-06 12:07:59,651 INFO  L290                IsEmpty]: Start isEmpty. Operand 26 states and 26 transitions.
[2026-06-06 12:07:59,651 INFO  L300                IsEmpty]: Finished isEmpty. Found accepting run of length 26
[2026-06-06 12:07:59,651 WARN  L753                IsEmpty]: Correctness of emptinessCheck not tested.
[2026-06-06 12:07:59,651 INFO  L79                 Accepts]: Start accepts. Automaton has 26 states and 26 transitions. Word has length 25
[2026-06-06 12:07:59,651 INFO  L85                 Accepts]: Finished accepts. word is accepted.
[2026-06-06 12:07:59,651 INFO  L757                IsEmpty]: Finished testing correctness of emptinessCheck
[2026-06-06 12:07:59,651 INFO  L1028  ParallelNwaCegarLoop]: Found new Counterexample via BFS!
[2026-06-06 12:07:59,651 INFO  L86        PathProgramCache]: Analyzing trace with hash 691662179, now seen corresponding path program 11 times
[2026-06-06 12:07:59,651 INFO  L614   ParallelNwaCegarLoop]: Main: Starting Thread
[2026-06-06 12:07:59,651 INFO  L283   ParallelNwaCegarLoop]: === Iteration 10 ===
[2026-06-06 12:07:59,651 INFO  L631   ParallelNwaCegarLoop]: All threads busy, going to sleep.
[2026-06-06 12:07:59,651 INFO  L209   CegarNwaWorkerThread]: Starting Thread: 98# for Trace Check: 691662179
[2026-06-06 12:07:59,651 INFO  L156       PredicateUnifier]: Initialized classic predicate unifier
[2026-06-06 12:07:59,651 INFO  L86        PathProgramCache]: Analyzing trace with hash 691662179, now seen corresponding path program 11 times
[2026-06-06 12:07:59,651 INFO  L118   FreeRefinementEngine]: Executing refinement strategy CAMEL
[2026-06-06 12:07:59,651 INFO  L324   FreeRefinementEngine]: Using trace check IpTcStrategyModuleSmtInterpolCraig [1051244623]
[2026-06-06 12:07:59,651 INFO  L95    rtionOrderModulation]: Changing assertion order to INSIDE_LOOP_FIRST1
[2026-06-06 12:07:59,651 INFO  L127          SolverBuilder]: Constructing new instance of SMTInterpol with explicit timeout -1 ms and remaining time -1 ms
[2026-06-06 12:07:59,653 INFO  L108    AnnotateAndAsserter]: Assert order INSIDE_LOOP_FIRST1 partitioned 25 statements into 12 equivalence classes.
[2026-06-06 12:07:59,663 INFO  L111    AnnotateAndAsserter]: Assert order INSIDE_LOOP_FIRST1 issued 12 check-sat command(s) and asserted 25 of 25 statements.
[2026-06-06 12:07:59,663 INFO  L114    AnnotateAndAsserter]: Assert order INSIDE_LOOP_FIRST1 issued 12 check-sat command(s)
[2026-06-06 12:07:59,663 INFO  L115    AnnotateAndAsserter]: Conjunction of SSA is unsat
[2026-06-06 12:08:00,101 INFO  L134       CoverageAnalysis]: Checked inductivity of 253 backedges. 0 proven. 253 refuted. 0 times theorem prover too weak. 0 trivial. 0 not checked.
[2026-06-06 12:08:00,101 INFO  L136   FreeRefinementEngine]: Strategy CAMEL found an infeasible trace
[2026-06-06 12:08:00,101 INFO  L324   FreeRefinementEngine]: Using interpolant generator IpTcStrategyModuleSmtInterpolCraig [1051244623]
[2026-06-06 12:08:00,101 INFO  L158   FreeRefinementEngine]: IpTcStrategyModuleSmtInterpolCraig [1051244623] provided 0 perfect and 1 imperfect interpolant sequences
[2026-06-06 12:08:00,101 INFO  L324   FreeRefinementEngine]: Using interpolant generator IpTcStrategyModuleZ3 [1469824739]
[2026-06-06 12:08:00,101 INFO  L95    rtionOrderModulation]: Changing assertion order to INSIDE_LOOP_FIRST1
[2026-06-06 12:08:00,102 INFO  L173          SolverBuilder]: Constructing external solver with command: z3 -smt2 -in SMTLIB2_COMPLIANT=true
[2026-06-06 12:08:00,103 INFO  L189       MonitoredProcess]: No working directory specified, using /usr/bin/z3
[2026-06-06 12:08:00,105 INFO  L229       MonitoredProcess]: Starting monitored process 16 with /usr/bin/z3 -smt2 -in SMTLIB2_COMPLIANT=true (exit command is (exit), workingDir is null)
[2026-06-06 12:08:00,105 INFO  L327       MonitoredProcess]: [MP /usr/bin/z3 -smt2 -in SMTLIB2_COMPLIANT=true (16)] Waiting until timeout for monitored process
[2026-06-06 12:08:00,117 INFO  L108    AnnotateAndAsserter]: Assert order INSIDE_LOOP_FIRST1 partitioned 25 statements into 12 equivalence classes.
[2026-06-06 12:08:03,431 INFO  L111    AnnotateAndAsserter]: Assert order INSIDE_LOOP_FIRST1 issued 12 check-sat command(s) and asserted 25 of 25 statements.
[2026-06-06 12:08:03,432 INFO  L114    AnnotateAndAsserter]: Assert order INSIDE_LOOP_FIRST1 issued 12 check-sat command(s)
[2026-06-06 12:08:03,432 INFO  L115    AnnotateAndAsserter]: Conjunction of SSA is unsat
[2026-06-06 12:08:03,435 WARN  L254         TraceCheckSpWp]: Trace formula consists of 124 conjuncts, 110 conjuncts are in the unsatisfiable core
[2026-06-06 12:08:03,436 INFO  L279         TraceCheckSpWp]: Computing forward predicates...
[2026-06-06 12:08:10,028 INFO  L134       CoverageAnalysis]: Checked inductivity of 253 backedges. 0 proven. 253 refuted. 0 times theorem prover too weak. 0 trivial. 0 not checked.
[2026-06-06 12:08:10,028 INFO  L312         TraceCheckSpWp]: Computing backward predicates...
[2026-06-06 12:08:16,716 INFO  L134       CoverageAnalysis]: Checked inductivity of 253 backedges. 0 proven. 253 refuted. 0 times theorem prover too weak. 0 trivial. 0 not checked.
[2026-06-06 12:08:16,716 INFO  L158   FreeRefinementEngine]: IpTcStrategyModuleZ3 [1469824739] provided 0 perfect and 2 imperfect interpolant sequences
[2026-06-06 12:08:16,716 INFO  L185   FreeRefinementEngine]: Found 0 perfect and 3 imperfect interpolant sequences.
[2026-06-06 12:08:16,716 INFO  L198   FreeRefinementEngine]: Number of different interpolants: perfect sequences [] imperfect sequences [24, 24, 24] total 65
[2026-06-06 12:08:16,716 INFO  L122   tionRefinementEngine]: Using interpolant automaton builder IpAbStrategyModuleStraightlineAll [945656632]
[2026-06-06 12:08:16,716 INFO  L85    oduleStraightlineAll]: Using 3 imperfect interpolants to construct interpolant automaton
[2026-06-06 12:08:16,716 INFO  L100   FreeRefinementEngine]: Using predicate unifier PredicateUnifier provided by strategy CAMEL
[2026-06-06 12:08:16,717 INFO  L144   InterpolantAutomaton]: Constructing interpolant automaton starting with 66 interpolants.
[2026-06-06 12:08:16,717 INFO  L146   InterpolantAutomaton]: CoverageRelationStatistics Valid=1089, Invalid=3201, Unknown=0, NotChecked=0, Total=4290
[2026-06-06 12:08:16,717 INFO  L419   CegarNwaWorkerThread]: Difference in Worker for Generalization
[2026-06-06 12:08:16,717 INFO  L87              Difference]: Start difference. First operand  has 5 states, 3 states have (on average 1.6666666666666667) internal successors, (5), 4 states have internal predecessors, (5), 0 states have call successors, (0), 0 states have call predecessors, (0), 0 states have return successors, (0), 0 states have call predecessors, (0), 0 states have call successors, (0) Second operand  has 66 states, 66 states have (on average 1.0303030303030303) internal successors, (68), 65 states have internal predecessors, (68), 0 states have call successors, (0), 0 states have call predecessors, (0), 0 states have return successors, (0), 0 states have call predecessors, (0), 0 states have call successors, (0)
[2026-06-06 12:08:29,560 WARN  L286               SmtUtils]: Spent 8.79s on a formula simplification that was a NOOP. DAG size: 120 (called from [L 387] de.uni_freiburg.informatik.ultimate.lib.modelcheckerutils.smt.predicates.PredicateUnifier.getOrConstructPredicate)
[2026-06-06 12:09:25,312 INFO  L144             Difference]: Subtrahend was deterministic. Have not used determinization.
[2026-06-06 12:09:25,312 INFO  L93              Difference]: Finished difference Result 30 states and 30 transitions.
[2026-06-06 12:09:25,312 INFO  L140   InterpolantAutomaton]: Switched to read-only mode: deterministic interpolant automaton has 28 states. 
[2026-06-06 12:09:25,312 INFO  L225             Difference]: With dead ends: 30
[2026-06-06 12:09:25,312 INFO  L226             Difference]: Without dead ends: 30
[2026-06-06 12:09:25,313 INFO  L487   CegarNwaWorkerThread]: 0 DeclaredPredicates, 54 GetRequests, 4 SyntacticMatches, 1 SemanticMatches, 49 ConstructedPredicates, 0 IntricatePredicates, 0 DeprecatedPredicates, 432 ImplicationChecksByTransitivity, 110.6s TimeCoverageRelationStatistics Valid=864, Invalid=1686, Unknown=0, NotChecked=0, Total=2550
[2026-06-06 12:09:25,313 INFO  L488   CegarNwaWorkerThread]: 3 mSDtfsCounter, 0 mSDsluCounter, 17 mSDsCounter, 0 mSdLazyCounter, 278 mSolverCounterSat, 1 mSolverCounterUnsat, 0 mSolverCounterUnknown, 0 mSolverCounterNotChecked, 0.1s Time, 0 mProtectedPredicate, 0 mProtectedAction, 0 SdHoareTripleChecker+Valid, 20 SdHoareTripleChecker+Invalid, 279 SdHoareTripleChecker+Unknown, 0 SdHoareTripleChecker+Unchecked, 0.0s SdHoareTripleChecker+Time, 1 IncrementalHoareTripleChecker+Valid, 278 IncrementalHoareTripleChecker+Invalid, 0 IncrementalHoareTripleChecker+Unknown, 0 IncrementalHoareTripleChecker+Unchecked, 0.2s IncrementalHoareTripleChecker+Time
[2026-06-06 12:09:25,313 INFO  L489   CegarNwaWorkerThread]: SdHoareTripleChecker [0 Valid, 20 Invalid, 279 Unknown, 0 Unchecked, 0.0s Time], IncrementalHoareTripleChecker [1 Valid, 278 Invalid, 0 Unknown, 0 Unchecked, 0.2s Time]
[2026-06-06 12:09:25,313 INFO  L224   CegarNwaWorkerThread]: Done with Thread: 80#
[2026-06-06 12:09:25,313 INFO  L196   CegarNwaWorkerThread]: WorkerThread: Thread[#80,Worker for -301937725,5,main] is Waiting for a Task
[2026-06-06 12:09:25,313 INFO  L634   ParallelNwaCegarLoop]: Waking up, a worker is done.
[2026-06-06 12:09:25,313 INFO  L293   ParallelNwaCegarLoop]: Main: A Thread is Done
[2026-06-06 12:09:25,313 INFO  L311   ParallelNwaCegarLoop]: Worker Automaton Type: FLOYD_HOARE
[2026-06-06 12:09:25,313 INFO  L79                 Accepts]: Start accepts. Automaton has 26 states and 26 transitions. Word has length 15
[2026-06-06 12:09:25,313 INFO  L85                 Accepts]: Finished accepts. word is rejected.
[2026-06-06 12:09:25,314 INFO  L747   ParallelNwaCegarLoop]: Recorded stale counterexample prefix coverage.
[2026-06-06 12:09:25,314 INFO  L313   ParallelNwaCegarLoop]: Refining Abstraction
[2026-06-06 12:09:25,314 INFO  L697   ParallelNwaCegarLoop]: Subtrahend traceHash: -301937725
[2026-06-06 12:09:25,314 INFO  L664   ParallelNwaCegarLoop]: Difference in Main
[2026-06-06 12:09:25,314 INFO  L87              Difference]: Start difference. First operand 26 states and 26 transitions. Second operand  has 28 states, 27 states have (on average 2.111111111111111) internal successors, (57), 28 states have internal predecessors, (57), 0 states have call successors, (0), 0 states have call predecessors, (0), 0 states have return successors, (0), 0 states have call predecessors, (0), 0 states have call successors, (0)
[2026-06-06 12:09:25,314 INFO  L144             Difference]: Subtrahend was deterministic. Have not used determinization.
[2026-06-06 12:09:25,314 INFO  L93              Difference]: Finished difference Result 30 states and 30 transitions.
[2026-06-06 12:09:25,314 INFO  L225             Difference]: With dead ends: 30
[2026-06-06 12:09:25,314 INFO  L226             Difference]: Without dead ends: 30
[2026-06-06 12:09:25,314 INFO  L82        GeneralOperation]: Start minimizeSevpa. Operand 30 states.
[2026-06-06 12:09:25,315 INFO  L88        GeneralOperation]: Finished minimizeSevpa. Reduced states from 30 to 30.
[2026-06-06 12:09:25,315 INFO  L82        GeneralOperation]: Start removeUnreachable. Operand  has 30 states, 29 states have (on average 1.0344827586206897) internal successors, (30), 29 states have internal predecessors, (30), 0 states have call successors, (0), 0 states have call predecessors, (0), 0 states have return successors, (0), 0 states have call predecessors, (0), 0 states have call successors, (0)
[2026-06-06 12:09:25,315 INFO  L88        GeneralOperation]: Finished removeUnreachable. Reduced from 30 states to 30 states and 30 transitions.
[2026-06-06 12:09:25,315 INFO  L675   ParallelNwaCegarLoop]: Main: Refinement done.
[2026-06-06 12:09:25,315 INFO  L594   ParallelNwaCegarLoop]: Checking if program is safe
[2026-06-06 12:09:25,315 INFO  L290                IsEmpty]: Start isEmpty. Operand 30 states and 30 transitions.
[2026-06-06 12:09:25,315 INFO  L300                IsEmpty]: Finished isEmpty. Found accepting run of length 30
[2026-06-06 12:09:25,315 INFO  L199           NwaCegarLoop]: Found error trace
[2026-06-06 12:09:25,315 INFO  L207           NwaCegarLoop]: trace histogram [26, 1, 1, 1]
[2026-06-06 12:09:25,315 INFO  L336   ParallelNwaCegarLoop]: No more worker results to process
[2026-06-06 12:09:25,315 INFO  L290                IsEmpty]: Start isEmpty. Operand 30 states and 30 transitions.
[2026-06-06 12:09:25,315 INFO  L300                IsEmpty]: Finished isEmpty. Found accepting run of length 30
[2026-06-06 12:09:25,315 WARN  L753                IsEmpty]: Correctness of emptinessCheck not tested.
[2026-06-06 12:09:25,315 INFO  L79                 Accepts]: Start accepts. Automaton has 30 states and 30 transitions. Word has length 29
[2026-06-06 12:09:25,315 INFO  L85                 Accepts]: Finished accepts. word is accepted.
[2026-06-06 12:09:25,315 INFO  L757                IsEmpty]: Finished testing correctness of emptinessCheck
[2026-06-06 12:09:25,315 INFO  L1028  ParallelNwaCegarLoop]: Found new Counterexample via BFS!
[2026-06-06 12:09:25,315 INFO  L86        PathProgramCache]: Analyzing trace with hash -113291357, now seen corresponding path program 12 times
[2026-06-06 12:09:25,315 INFO  L614   ParallelNwaCegarLoop]: Main: Starting Thread
[2026-06-06 12:09:25,315 INFO  L283   ParallelNwaCegarLoop]: === Iteration 11 ===
[2026-06-06 12:09:25,315 INFO  L631   ParallelNwaCegarLoop]: All threads busy, going to sleep.
[2026-06-06 12:09:25,315 INFO  L209   CegarNwaWorkerThread]: Starting Thread: 80# for Trace Check: -113291357
[2026-06-06 12:09:25,315 INFO  L156       PredicateUnifier]: Initialized classic predicate unifier
[2026-06-06 12:09:25,315 INFO  L86        PathProgramCache]: Analyzing trace with hash -113291357, now seen corresponding path program 12 times
[2026-06-06 12:09:25,316 INFO  L118   FreeRefinementEngine]: Executing refinement strategy CAMEL
[2026-06-06 12:09:25,316 INFO  L324   FreeRefinementEngine]: Using trace check IpTcStrategyModuleSmtInterpolCraig [1122625449]
[2026-06-06 12:09:25,316 INFO  L95    rtionOrderModulation]: Changing assertion order to MIX_INSIDE_OUTSIDE
[2026-06-06 12:09:25,316 INFO  L127          SolverBuilder]: Constructing new instance of SMTInterpol with explicit timeout -1 ms and remaining time -1 ms
[2026-06-06 12:09:25,317 INFO  L108    AnnotateAndAsserter]: Assert order MIX_INSIDE_OUTSIDE partitioned 29 statements into 14 equivalence classes.
[2026-06-06 12:09:25,330 INFO  L111    AnnotateAndAsserter]: Assert order MIX_INSIDE_OUTSIDE issued 14 check-sat command(s) and asserted 29 of 29 statements.
[2026-06-06 12:09:25,330 INFO  L114    AnnotateAndAsserter]: Assert order MIX_INSIDE_OUTSIDE issued 14 check-sat command(s)
[2026-06-06 12:09:25,330 INFO  L115    AnnotateAndAsserter]: Conjunction of SSA is unsat
[2026-06-06 12:09:25,422 INFO  L134       CoverageAnalysis]: Checked inductivity of 351 backedges. 0 proven. 51 refuted. 0 times theorem prover too weak. 300 trivial. 0 not checked.
[2026-06-06 12:09:25,422 INFO  L136   FreeRefinementEngine]: Strategy CAMEL found an infeasible trace
[2026-06-06 12:09:25,422 INFO  L324   FreeRefinementEngine]: Using interpolant generator IpTcStrategyModuleSmtInterpolCraig [1122625449]
[2026-06-06 12:09:25,422 INFO  L158   FreeRefinementEngine]: IpTcStrategyModuleSmtInterpolCraig [1122625449] provided 0 perfect and 1 imperfect interpolant sequences
[2026-06-06 12:09:25,422 INFO  L324   FreeRefinementEngine]: Using interpolant generator IpTcStrategyModuleZ3 [1030128638]
[2026-06-06 12:09:25,422 INFO  L95    rtionOrderModulation]: Changing assertion order to MIX_INSIDE_OUTSIDE
[2026-06-06 12:09:25,422 INFO  L173          SolverBuilder]: Constructing external solver with command: z3 -smt2 -in SMTLIB2_COMPLIANT=true
[2026-06-06 12:09:25,424 INFO  L189       MonitoredProcess]: No working directory specified, using /usr/bin/z3
[2026-06-06 12:09:25,425 INFO  L229       MonitoredProcess]: Starting monitored process 17 with /usr/bin/z3 -smt2 -in SMTLIB2_COMPLIANT=true (exit command is (exit), workingDir is null)
[2026-06-06 12:09:25,426 INFO  L327       MonitoredProcess]: [MP /usr/bin/z3 -smt2 -in SMTLIB2_COMPLIANT=true (17)] Waiting until timeout for monitored process
[2026-06-06 12:09:25,438 INFO  L108    AnnotateAndAsserter]: Assert order MIX_INSIDE_OUTSIDE partitioned 29 statements into 14 equivalence classes.
[2026-06-06 12:09:28,036 INFO  L111    AnnotateAndAsserter]: Assert order MIX_INSIDE_OUTSIDE issued 14 check-sat command(s) and asserted 29 of 29 statements.
[2026-06-06 12:09:28,036 INFO  L114    AnnotateAndAsserter]: Assert order MIX_INSIDE_OUTSIDE issued 14 check-sat command(s)
[2026-06-06 12:09:28,036 INFO  L115    AnnotateAndAsserter]: Conjunction of SSA is unsat
[2026-06-06 12:09:28,040 WARN  L254         TraceCheckSpWp]: Trace formula consists of 144 conjuncts, 118 conjuncts are in the unsatisfiable core
[2026-06-06 12:09:28,041 INFO  L279         TraceCheckSpWp]: Computing forward predicates...
[2026-06-06 12:09:29,358 INFO  L134       CoverageAnalysis]: Checked inductivity of 351 backedges. 0 proven. 351 refuted. 0 times theorem prover too weak. 0 trivial. 0 not checked.
[2026-06-06 12:09:29,359 INFO  L312         TraceCheckSpWp]: Computing backward predicates...
[2026-06-06 12:09:29,788 INFO  L134       CoverageAnalysis]: Checked inductivity of 351 backedges. 0 proven. 351 refuted. 0 times theorem prover too weak. 0 trivial. 0 not checked.
[2026-06-06 12:09:29,789 INFO  L158   FreeRefinementEngine]: IpTcStrategyModuleZ3 [1030128638] provided 0 perfect and 2 imperfect interpolant sequences
[2026-06-06 12:09:29,789 INFO  L185   FreeRefinementEngine]: Found 0 perfect and 3 imperfect interpolant sequences.
[2026-06-06 12:09:29,789 INFO  L198   FreeRefinementEngine]: Number of different interpolants: perfect sequences [] imperfect sequences [4, 28, 28] total 57
[2026-06-06 12:09:29,789 INFO  L122   tionRefinementEngine]: Using interpolant automaton builder IpAbStrategyModuleStraightlineAll [874846846]
[2026-06-06 12:09:29,789 INFO  L85    oduleStraightlineAll]: Using 3 imperfect interpolants to construct interpolant automaton
[2026-06-06 12:09:29,789 INFO  L100   FreeRefinementEngine]: Using predicate unifier PredicateUnifier provided by strategy CAMEL
[2026-06-06 12:09:29,789 INFO  L144   InterpolantAutomaton]: Constructing interpolant automaton starting with 58 interpolants.
[2026-06-06 12:09:29,789 INFO  L146   InterpolantAutomaton]: CoverageRelationStatistics Valid=925, Invalid=2381, Unknown=0, NotChecked=0, Total=3306
[2026-06-06 12:09:29,789 INFO  L419   CegarNwaWorkerThread]: Difference in Worker for Generalization
[2026-06-06 12:09:29,789 INFO  L87              Difference]: Start difference. First operand  has 5 states, 3 states have (on average 1.6666666666666667) internal successors, (5), 4 states have internal predecessors, (5), 0 states have call successors, (0), 0 states have call predecessors, (0), 0 states have return successors, (0), 0 states have call predecessors, (0), 0 states have call successors, (0) Second operand  has 58 states, 58 states have (on average 1.0517241379310345) internal successors, (61), 57 states have internal predecessors, (61), 0 states have call successors, (0), 0 states have call predecessors, (0), 0 states have return successors, (0), 0 states have call predecessors, (0), 0 states have call successors, (0)
[2026-06-06 12:09:30,798 INFO  L144             Difference]: Subtrahend was deterministic. Have not used determinization.
[2026-06-06 12:09:30,798 INFO  L93              Difference]: Finished difference Result 29 states and 29 transitions.
[2026-06-06 12:09:30,798 INFO  L140   InterpolantAutomaton]: Switched to read-only mode: deterministic interpolant automaton has 30 states. 
[2026-06-06 12:09:30,798 INFO  L225             Difference]: With dead ends: 29
[2026-06-06 12:09:30,798 INFO  L226             Difference]: Without dead ends: 0
[2026-06-06 12:09:30,799 INFO  L487   CegarNwaWorkerThread]: 0 DeclaredPredicates, 84 GetRequests, 28 SyntacticMatches, 0 SemanticMatches, 56 ConstructedPredicates, 0 IntricatePredicates, 0 DeprecatedPredicates, 1508 ImplicationChecksByTransitivity, 1.4s TimeCoverageRelationStatistics Valid=925, Invalid=2381, Unknown=0, NotChecked=0, Total=3306
[2026-06-06 12:09:30,799 INFO  L488   CegarNwaWorkerThread]: 1 mSDtfsCounter, 0 mSDsluCounter, 0 mSDsCounter, 0 mSdLazyCounter, 756 mSolverCounterSat, 0 mSolverCounterUnsat, 0 mSolverCounterUnknown, 0 mSolverCounterNotChecked, 0.9s Time, 0 mProtectedPredicate, 0 mProtectedAction, 0 SdHoareTripleChecker+Valid, 1 SdHoareTripleChecker+Invalid, 756 SdHoareTripleChecker+Unknown, 0 SdHoareTripleChecker+Unchecked, 0.0s SdHoareTripleChecker+Time, 0 IncrementalHoareTripleChecker+Valid, 756 IncrementalHoareTripleChecker+Invalid, 0 IncrementalHoareTripleChecker+Unknown, 0 IncrementalHoareTripleChecker+Unchecked, 1.0s IncrementalHoareTripleChecker+Time
[2026-06-06 12:09:30,799 INFO  L489   CegarNwaWorkerThread]: SdHoareTripleChecker [0 Valid, 1 Invalid, 756 Unknown, 0 Unchecked, 0.0s Time], IncrementalHoareTripleChecker [0 Valid, 756 Invalid, 0 Unknown, 0 Unchecked, 1.0s Time]
[2026-06-06 12:09:30,799 INFO  L224   CegarNwaWorkerThread]: Done with Thread: 80#
[2026-06-06 12:09:30,799 INFO  L196   CegarNwaWorkerThread]: WorkerThread: Thread[#80,Worker for -113291357,5,main] is Waiting for a Task
[2026-06-06 12:09:30,799 INFO  L634   ParallelNwaCegarLoop]: Waking up, a worker is done.
[2026-06-06 12:09:30,799 INFO  L293   ParallelNwaCegarLoop]: Main: A Thread is Done
[2026-06-06 12:09:30,799 INFO  L311   ParallelNwaCegarLoop]: Worker Automaton Type: FLOYD_HOARE
[2026-06-06 12:09:30,800 INFO  L79                 Accepts]: Start accepts. Automaton has 30 states and 30 transitions. Word has length 29
[2026-06-06 12:09:30,800 INFO  L85                 Accepts]: Finished accepts. word is accepted.
[2026-06-06 12:09:30,800 INFO  L313   ParallelNwaCegarLoop]: Refining Abstraction
[2026-06-06 12:09:30,800 INFO  L697   ParallelNwaCegarLoop]: Subtrahend traceHash: -113291357
[2026-06-06 12:09:30,800 INFO  L664   ParallelNwaCegarLoop]: Difference in Main
[2026-06-06 12:09:30,800 INFO  L87              Difference]: Start difference. First operand 30 states and 30 transitions. Second operand  has 30 states, 29 states have (on average 1.9655172413793103) internal successors, (57), 29 states have internal predecessors, (57), 0 states have call successors, (0), 0 states have call predecessors, (0), 0 states have return successors, (0), 0 states have call predecessors, (0), 0 states have call successors, (0)
[2026-06-06 12:09:30,800 INFO  L144             Difference]: Subtrahend was deterministic. Have not used determinization.
[2026-06-06 12:09:30,800 INFO  L93              Difference]: Finished difference Result 29 states and 29 transitions.
[2026-06-06 12:09:30,800 INFO  L225             Difference]: With dead ends: 29
[2026-06-06 12:09:30,800 INFO  L226             Difference]: Without dead ends: 0
[2026-06-06 12:09:30,800 INFO  L82        GeneralOperation]: Start minimizeSevpa. Operand 0 states.
[2026-06-06 12:09:30,800 INFO  L88        GeneralOperation]: Finished minimizeSevpa. Reduced states from 0 to 0.
[2026-06-06 12:09:30,800 INFO  L82        GeneralOperation]: Start removeUnreachable. Operand  has 0 states, 0 states have (on average 0.0) internal successors, (0), 0 states have internal predecessors, (0), 0 states have call successors, (0), 0 states have call predecessors, (0), 0 states have return successors, (0), 0 states have call predecessors, (0), 0 states have call successors, (0)
[2026-06-06 12:09:30,800 INFO  L88        GeneralOperation]: Finished removeUnreachable. Reduced from 0 states to 0 states and 0 transitions.
[2026-06-06 12:09:30,800 INFO  L675   ParallelNwaCegarLoop]: Main: Refinement done.
[2026-06-06 12:09:30,800 INFO  L594   ParallelNwaCegarLoop]: Checking if program is safe
[2026-06-06 12:09:30,800 INFO  L290                IsEmpty]: Start isEmpty. Operand 0 states and 0 transitions.
[2026-06-06 12:09:30,800 INFO  L300                IsEmpty]: Finished isEmpty. No accepting run.
[2026-06-06 12:09:30,801 INFO  L796   garLoopResultBuilder]: Registering result SAFE for location ULTIMATE.startErr0ASSERT_VIOLATIONASSERT (0 of 1 remaining)
[2026-06-06 12:09:30,802 INFO  L597   ParallelNwaCegarLoop]: Result: SAFE
[2026-06-06 12:09:31,002 WARN  L435       MonitoredProcess]: [MP /usr/bin/z3 SMTLIB2_COMPLIANT=true -memory:1024 -smt2 -in -t:12000 (5)] Forcibly destroying the process
[2026-06-06 12:09:31,007 INFO  L534       MonitoredProcess]: [MP /usr/bin/z3 SMTLIB2_COMPLIANT=true -memory:1024 -smt2 -in -t:12000 (5)] Forceful destruction successful, exit code 137
[2026-06-06 12:09:31,010 INFO  L546       MonitoredProcess]: [MP /usr/bin/z3 -smt2 -in SMTLIB2_COMPLIANT=true (12)] Ended with exit code 0
[2026-06-06 12:09:31,207 WARN  L718   oredProcess$PipePump]: [MP /usr/bin/z3 -smt2 -in SMTLIB2_COMPLIANT=true (9)] The stream was forcibly closed: stdIn
[2026-06-06 12:09:31,210 INFO  L546       MonitoredProcess]: [MP /usr/bin/z3 -smt2 -in SMTLIB2_COMPLIANT=true (9)] Ended with exit code 0
[2026-06-06 12:09:31,410 INFO  L546       MonitoredProcess]: [MP /usr/bin/z3 -smt2 -in SMTLIB2_COMPLIANT=true (15)] Ended with exit code 0
[2026-06-06 12:09:31,610 INFO  L546       MonitoredProcess]: [MP /usr/bin/z3 -smt2 -in SMTLIB2_COMPLIANT=true (10)] Ended with exit code 0
[2026-06-06 12:09:31,810 INFO  L546       MonitoredProcess]: [MP /usr/bin/z3 -smt2 -in SMTLIB2_COMPLIANT=true (7)] Ended with exit code 0
[2026-06-06 12:09:32,007 WARN  L718   oredProcess$PipePump]: [MP /usr/bin/z3 -smt2 -in SMTLIB2_COMPLIANT=true (13)] The stream was forcibly closed: stdIn
[2026-06-06 12:09:32,010 INFO  L546       MonitoredProcess]: [MP /usr/bin/z3 -smt2 -in SMTLIB2_COMPLIANT=true (13)] Ended with exit code 0
[2026-06-06 12:09:32,208 WARN  L718   oredProcess$PipePump]: [MP /usr/bin/z3 SMTLIB2_COMPLIANT=true -memory:1024 -smt2 -in -t:12000 (2)] The stream was forcibly closed: stdIn
[2026-06-06 12:09:32,212 INFO  L546       MonitoredProcess]: [MP /usr/bin/z3 SMTLIB2_COMPLIANT=true -memory:1024 -smt2 -in -t:12000 (2)] Ended with exit code 0
[2026-06-06 12:09:32,411 INFO  L546       MonitoredProcess]: [MP /usr/bin/z3 -smt2 -in SMTLIB2_COMPLIANT=true (8)] Ended with exit code 0
[2026-06-06 12:09:32,611 INFO  L546       MonitoredProcess]: [MP /usr/bin/z3 -smt2 -in SMTLIB2_COMPLIANT=true (16)] Ended with exit code 0
[2026-06-06 12:09:32,819 INFO  L546       MonitoredProcess]: [MP /usr/bin/z3 SMTLIB2_COMPLIANT=true -memory:1024 -smt2 -in -t:12000 (3)] Ended with exit code 0
[2026-06-06 12:09:33,011 INFO  L546       MonitoredProcess]: [MP /usr/bin/z3 -smt2 -in SMTLIB2_COMPLIANT=true (11)] Ended with exit code 0
[2026-06-06 12:09:33,211 INFO  L546       MonitoredProcess]: [MP /usr/bin/z3 -smt2 -in SMTLIB2_COMPLIANT=true (6)] Ended with exit code 0
[2026-06-06 12:09:33,411 INFO  L546       MonitoredProcess]: [MP /usr/bin/z3 -smt2 -in SMTLIB2_COMPLIANT=true (14)] Ended with exit code 0
[2026-06-06 12:09:33,608 WARN  L718   oredProcess$PipePump]: [MP /usr/bin/z3 -smt2 -in SMTLIB2_COMPLIANT=true (17)] The stream was forcibly closed: stdIn
[2026-06-06 12:09:33,612 INFO  L546       MonitoredProcess]: [MP /usr/bin/z3 -smt2 -in SMTLIB2_COMPLIANT=true (17)] Ended with exit code 0
[2026-06-06 12:09:33,878 INFO  L546       MonitoredProcess]: [MP /usr/bin/z3 SMTLIB2_COMPLIANT=true -memory:1024 -smt2 -in -t:12000 (4)] Ended with exit code 0
[2026-06-06 12:09:34,009 WARN  L645   ParallelNwaCegarLoop]: Destroyed unattended storables created during the last iteration: 5 /usr/bin/z3 SMTLIB2_COMPLIANT=true -memory:1024 -smt2 -in -t:12000,12 /usr/bin/z3 -smt2 -in SMTLIB2_COMPLIANT=true,9 /usr/bin/z3 -smt2 -in SMTLIB2_COMPLIANT=true,15 /usr/bin/z3 -smt2 -in SMTLIB2_COMPLIANT=true,SelfDestructingSolverStorable4,SelfDestructingSolverStorable3,SelfDestructingSolverStorable2,SelfDestructingSolverStorable1,SelfDestructingSolverStorable8,10 /usr/bin/z3 -smt2 -in SMTLIB2_COMPLIANT=true,SelfDestructingSolverStorable7,SelfDestructingSolverStorable6,SelfDestructingSolverStorable5,SelfDestructingSolverStorable10,7 /usr/bin/z3 -smt2 -in SMTLIB2_COMPLIANT=true,SelfDestructingSolverStorable11,SelfDestructingSolverStorable12,SelfDestructingSolverStorable9,13 /usr/bin/z3 -smt2 -in SMTLIB2_COMPLIANT=true,2 /usr/bin/z3 SMTLIB2_COMPLIANT=true -memory:1024 -smt2 -in -t:12000,8 /usr/bin/z3 -smt2 -in SMTLIB2_COMPLIANT=true,16 /usr/bin/z3 -smt2 -in SMTLIB2_COMPLIANT=true,3 /usr/bin/z3 SMTLIB2_COMPLIANT=true -memory:1024 -smt2 -in -t:12000,SelfDestructingSolverStorable0,11 /usr/bin/z3 -smt2 -in SMTLIB2_COMPLIANT=true,6 /usr/bin/z3 -smt2 -in SMTLIB2_COMPLIANT=true,14 /usr/bin/z3 -smt2 -in SMTLIB2_COMPLIANT=true,17 /usr/bin/z3 -smt2 -in SMTLIB2_COMPLIANT=true,4 /usr/bin/z3 SMTLIB2_COMPLIANT=true -memory:1024 -smt2 -in -t:12000
[2026-06-06 12:09:34,009 INFO  L509   ParallelNwaCegarLoop]: Iteration 11
[2026-06-06 12:09:34,009 INFO  L510   ParallelNwaCegarLoop]: SearchMode: ADAPTIVE_BATCH_LCPS
[2026-06-06 12:09:34,009 INFO  L511   ParallelNwaCegarLoop]: Refinements: 10
[2026-06-06 12:09:34,009 INFO  L512   ParallelNwaCegarLoop]: Counterexamples: 13
[2026-06-06 12:09:34,009 INFO  L513   ParallelNwaCegarLoop]: SearchTimeout: 0
[2026-06-06 12:09:34,009 INFO  L514   ParallelNwaCegarLoop]: RunConstructionFailed: 0
[2026-06-06 12:09:34,009 INFO  L515   ParallelNwaCegarLoop]: SearchFailed: 0
[2026-06-06 12:09:34,009 INFO  L516   ParallelNwaCegarLoop]: Duplicate freshness failures: 5
[2026-06-06 12:09:34,009 INFO  L517   ParallelNwaCegarLoop]: DuplicateFreshnessFailures: 5
[2026-06-06 12:09:34,009 INFO  L518   ParallelNwaCegarLoop]: BFS: 6
[2026-06-06 12:09:34,009 INFO  L519   ParallelNwaCegarLoop]: IsEmptyParallel: 7
[2026-06-06 12:09:34,009 INFO  L520   ParallelNwaCegarLoop]: ActiveThreads: 4
[2026-06-06 12:09:34,009 INFO  L521   ParallelNwaCegarLoop]: ActiveExecutorsForPathPrograms: 0
[2026-06-06 12:09:34,009 INFO  L522   ParallelNwaCegarLoop]: IterationsWithMaxThreads: 10
[2026-06-06 12:09:34,009 INFO  L523   ParallelNwaCegarLoop]: IterationsWithONEThread: 0
[2026-06-06 12:09:34,009 INFO  L524   ParallelNwaCegarLoop]: SearchTime: 0 s
[2026-06-06 12:09:34,009 INFO  L525   ParallelNwaCegarLoop]: WorkerSetUpTime: 0 s
[2026-06-06 12:09:34,009 INFO  L526   ParallelNwaCegarLoop]: ExceptionInWorker: 0
[2026-06-06 12:09:34,009 INFO  L527   ParallelNwaCegarLoop]: mRefinementTime: 0
[2026-06-06 12:09:34,009 INFO  L528   ParallelNwaCegarLoop]: Prefix cache checked paths: 13
[2026-06-06 12:09:34,009 INFO  L529   ParallelNwaCegarLoop]: Prefix cache stale paths: 7
[2026-06-06 12:09:34,009 INFO  L530   ParallelNwaCegarLoop]: Stale paths: 7
[2026-06-06 12:09:34,009 INFO  L531   ParallelNwaCegarLoop]: LcpsCheckedPrefixQueries: 0
[2026-06-06 12:09:34,009 INFO  L532   ParallelNwaCegarLoop]: LcpsStalePrefixQueries: 0
[2026-06-06 12:09:34,009 INFO  L533   ParallelNwaCegarLoop]: LcpsCheckedPrefixHits: 0
[2026-06-06 12:09:34,009 INFO  L534   ParallelNwaCegarLoop]: LcpsStalePrefixHits: 0
[2026-06-06 12:09:34,009 INFO  L535   ParallelNwaCegarLoop]: LcpsSearchInvocations: 0
[2026-06-06 12:09:34,009 INFO  L536   ParallelNwaCegarLoop]: LcpsFullCacheSuffixInvocations: 0
[2026-06-06 12:09:34,009 INFO  L537   ParallelNwaCegarLoop]: LcpsFullCacheSuffixFallbacks: 0
[2026-06-06 12:09:34,009 INFO  L538   ParallelNwaCegarLoop]: LcpsEffectivePriorityDecisions: 0
[2026-06-06 12:09:34,009 INFO  L539   ParallelNwaCegarLoop]: BatchLcpsInvocations: 0
[2026-06-06 12:09:34,009 INFO  L540   ParallelNwaCegarLoop]: BatchLcpsAvailableSlotsTotal: 0
[2026-06-06 12:09:34,009 INFO  L541   ParallelNwaCegarLoop]: BatchLcpsCandidatesGenerated: 0
[2026-06-06 12:09:34,009 INFO  L542   ParallelNwaCegarLoop]: BatchLcpsCandidatesSelected: 0
[2026-06-06 12:09:34,009 INFO  L543   ParallelNwaCegarLoop]: BatchLcpsCandidateGenerationFailures: 0
[2026-06-06 12:09:34,009 INFO  L544   ParallelNwaCegarLoop]: BatchLcpsAvgCandidatePoolSize: 0.0
[2026-06-06 12:09:34,009 INFO  L140   InterpolantAutomaton]: Switched to read-only mode: deterministic interpolant automaton has 22 states. 
[2026-06-06 12:09:34,009 INFO  L140   InterpolantAutomaton]: Switched to read-only mode: deterministic interpolant automaton has 18 states. 
[2026-06-06 12:09:34,009 INFO  L140   InterpolantAutomaton]: Switched to read-only mode: deterministic interpolant automaton has 25 states. 
[2026-06-06 12:09:34,009 INFO  L545   ParallelNwaCegarLoop]: BatchLcpsAvgSelectedBatchSize: 0.0
[2026-06-06 12:09:34,010 INFO  L546   ParallelNwaCegarLoop]: BatchLcpsEffectiveBatchDecisions: 0
[2026-06-06 12:09:34,010 INFO  L547   ParallelNwaCegarLoop]: BatchLcpsCandidateGenerationTimeMs: 0
[2026-06-06 12:09:34,010 INFO  L548   ParallelNwaCegarLoop]: BatchLcpsSelectionTimeMs: 0
[2026-06-06 12:09:34,010 INFO  L549   ParallelNwaCegarLoop]: AdaptiveBatchTriggerMode: STALE_ONLY
[2026-06-06 12:09:34,010 INFO  L550   ParallelNwaCegarLoop]: AdaptiveBatchInvocations: 0
[2026-06-06 12:09:34,010 INFO  L551   ParallelNwaCegarLoop]: AdaptiveBatchFallbacks: 10
[2026-06-06 12:09:34,010 INFO  L552   ParallelNwaCegarLoop]: AdaptiveTriggeredByDuplicate: 0
[2026-06-06 12:09:34,010 INFO  L553   ParallelNwaCegarLoop]: AdaptiveTriggeredByStale: 0
[2026-06-06 12:09:34,010 INFO  L554   ParallelNwaCegarLoop]: AdaptiveTriggeredBySearchFailed: 0
[2026-06-06 12:09:34,010 INFO  L555   ParallelNwaCegarLoop]: AdaptiveTriggeredByIdleSlot: 0
[2026-06-06 12:09:34,010 INFO  L556   ParallelNwaCegarLoop]: AdaptiveMinAvailableSlots: 2
[2026-06-06 12:09:34,010 INFO  L487   CegarNwaWorkerThread]: 0 DeclaredPredicates, 49 GetRequests, 4 SyntacticMatches, 1 SemanticMatches, 43 ConstructedPredicates, 0 IntricatePredicates, 0 DeprecatedPredicates, 529 ImplicationChecksByTransitivity, 4.4s TimeCoverageRelationStatistics Valid=552, Invalid=1428, Unknown=0, NotChecked=0, Total=1980
[2026-06-06 12:09:34,010 INFO  L559   ParallelNwaCegarLoop]: Checked paths: 13
[2026-06-06 12:09:34,010 INFO  L560   ParallelNwaCegarLoop]: Total pairwise prefix-LCA divergence: 75.4
[2026-06-06 12:09:34,010 INFO  L562   ParallelNwaCegarLoop]: Avg pairwise prefix-LCA divergence: 0.9666666666666668
[2026-06-06 12:09:34,010 INFO  L487   CegarNwaWorkerThread]: 0 DeclaredPredicates, 63 GetRequests, 4 SyntacticMatches, 1 SemanticMatches, 57 ConstructedPredicates, 1 IntricatePredicates, 0 DeprecatedPredicates, 173 ImplicationChecksByTransitivity, 13.7s TimeCoverageRelationStatistics Valid=836, Invalid=2473, Unknown=1, NotChecked=112, Total=3422
[2026-06-06 12:09:34,010 INFO  L488   CegarNwaWorkerThread]: 1 mSDtfsCounter, 0 mSDsluCounter, 0 mSDsCounter, 0 mSdLazyCounter, 317 mSolverCounterSat, 1 mSolverCounterUnsat, 0 mSolverCounterUnknown, 0 mSolverCounterNotChecked, 2.2s Time, 0 mProtectedPredicate, 0 mProtectedAction, 0 SdHoareTripleChecker+Valid, 1 SdHoareTripleChecker+Invalid, 318 SdHoareTripleChecker+Unknown, 0 SdHoareTripleChecker+Unchecked, 0.0s SdHoareTripleChecker+Time, 1 IncrementalHoareTripleChecker+Valid, 317 IncrementalHoareTripleChecker+Invalid, 0 IncrementalHoareTripleChecker+Unknown, 0 IncrementalHoareTripleChecker+Unchecked, 2.3s IncrementalHoareTripleChecker+Time
[2026-06-06 12:09:34,010 INFO  L489   CegarNwaWorkerThread]: SdHoareTripleChecker [0 Valid, 1 Invalid, 318 Unknown, 0 Unchecked, 0.0s Time], IncrementalHoareTripleChecker [1 Valid, 317 Invalid, 0 Unknown, 0 Unchecked, 2.3s Time]
[2026-06-06 12:09:34,010 INFO  L487   CegarNwaWorkerThread]: 0 DeclaredPredicates, 74 GetRequests, 4 SyntacticMatches, 4 SemanticMatches, 65 ConstructedPredicates, 0 IntricatePredicates, 0 DeprecatedPredicates, 201 ImplicationChecksByTransitivity, 14.4s TimeCoverageRelationStatistics Valid=1116, Invalid=3306, Unknown=0, NotChecked=0, Total=4422
[2026-06-06 12:09:34,010 INFO  L488   CegarNwaWorkerThread]: 1 mSDtfsCounter, 0 mSDsluCounter, 0 mSDsCounter, 0 mSdLazyCounter, 570 mSolverCounterSat, 2 mSolverCounterUnsat, 0 mSolverCounterUnknown, 0 mSolverCounterNotChecked, 0.1s Time, 0 mProtectedPredicate, 0 mProtectedAction, 0 SdHoareTripleChecker+Valid, 1 SdHoareTripleChecker+Invalid, 610 SdHoareTripleChecker+Unknown, 0 SdHoareTripleChecker+Unchecked, 0.0s SdHoareTripleChecker+Time, 2 IncrementalHoareTripleChecker+Valid, 570 IncrementalHoareTripleChecker+Invalid, 0 IncrementalHoareTripleChecker+Unknown, 38 IncrementalHoareTripleChecker+Unchecked, 0.2s IncrementalHoareTripleChecker+Time
[2026-06-06 12:09:34,010 INFO  L489   CegarNwaWorkerThread]: SdHoareTripleChecker [0 Valid, 1 Invalid, 610 Unknown, 0 Unchecked, 0.0s Time], IncrementalHoareTripleChecker [2 Valid, 570 Invalid, 0 Unknown, 38 Unchecked, 0.2s Time]
[2026-06-06 12:09:34,010 INFO  L488   CegarNwaWorkerThread]: 1 mSDtfsCounter, 0 mSDsluCounter, 0 mSDsCounter, 0 mSdLazyCounter, 805 mSolverCounterSat, 2 mSolverCounterUnsat, 0 mSolverCounterUnknown, 0 mSolverCounterNotChecked, 0.2s Time, 0 mProtectedPredicate, 0 mProtectedAction, 0 SdHoareTripleChecker+Valid, 1 SdHoareTripleChecker+Invalid, 807 SdHoareTripleChecker+Unknown, 0 SdHoareTripleChecker+Unchecked, 0.0s SdHoareTripleChecker+Time, 2 IncrementalHoareTripleChecker+Valid, 805 IncrementalHoareTripleChecker+Invalid, 0 IncrementalHoareTripleChecker+Unknown, 0 IncrementalHoareTripleChecker+Unchecked, 0.3s IncrementalHoareTripleChecker+Time
[2026-06-06 12:09:34,010 INFO  L489   CegarNwaWorkerThread]: SdHoareTripleChecker [0 Valid, 1 Invalid, 807 Unknown, 0 Unchecked, 0.0s Time], IncrementalHoareTripleChecker [2 Valid, 805 Invalid, 0 Unknown, 0 Unchecked, 0.3s Time]
[2026-06-06 12:09:34,011 INFO  L424         BasicCegarLoop]: Path program histogram: []
[2026-06-06 12:09:34,012 INFO  L429         BasicCegarLoop]: Checked paths: 13
[2026-06-06 12:09:34,012 INFO  L430         BasicCegarLoop]: Total pairwise prefix-LCA divergence: 75.4
[2026-06-06 12:09:34,012 INFO  L432         BasicCegarLoop]: Avg pairwise prefix-LCA divergence: 0.9666666666666668
[2026-06-06 12:09:34,012 INFO  L171   ceAbstractionStarter]: Computing trace abstraction results
[2026-06-06 12:09:34,014 INFO  L201        PluginConnector]: Adding new model count_up_down.i_3.bpl de.uni_freiburg.informatik.ultimate.plugins.generator.traceabstraction CFG 06.06 12:09:34 BoogieIcfgContainer
[2026-06-06 12:09:34,014 INFO  L131        PluginConnector]: ------------------------ END TraceAbstraction----------------------------
[2026-06-06 12:09:34,014 INFO  L158              Benchmark]: Toolchain (without parser) took 120623.49ms. Allocated memory was 48.2MB in the beginning and 247.5MB in the end (delta: 199.2MB). Free memory was 14.2MB in the beginning and 164.3MB in the end (delta: -150.1MB). Peak memory consumption was 51.7MB. Max. memory is 4.3GB.
[2026-06-06 12:09:34,014 INFO  L158              Benchmark]: Boogie PL CUP Parser took 0.08ms. Allocated memory is still 48.2MB. Free memory was 15.1MB in the beginning and 15.1MB in the end (delta: 19.7kB). There was no memory consumed. Max. memory is 4.3GB.
[2026-06-06 12:09:34,014 INFO  L158              Benchmark]: Boogie Preprocessor took 19.24ms. Allocated memory is still 48.2MB. Free memory was 14.1MB in the beginning and 26.2MB in the end (delta: -12.1MB). Peak memory consumption was 4.2MB. Max. memory is 4.3GB.
[2026-06-06 12:09:34,014 INFO  L158              Benchmark]: RCFGBuilder took 70.44ms. Allocated memory is still 48.2MB. Free memory was 26.1MB in the beginning and 16.4MB in the end (delta: 9.7MB). Peak memory consumption was 6.3MB. Max. memory is 4.3GB.
[2026-06-06 12:09:34,014 INFO  L158              Benchmark]: TraceAbstraction took 120531.89ms. Allocated memory was 48.2MB in the beginning and 247.5MB in the end (delta: 199.2MB). Free memory was 15.2MB in the beginning and 164.3MB in the end (delta: -149.0MB). Peak memory consumption was 51.8MB. Max. memory is 4.3GB.
[2026-06-06 12:09:34,014 INFO  L338   ainManager$Toolchain]: #######################  End [Toolchain 1] #######################
 --- Results ---
 * Results from de.uni_freiburg.informatik.ultimate.core:
  - StatisticsResult: Toolchain Benchmarks
    Benchmark results are:
 * Boogie PL CUP Parser took 0.08ms. Allocated memory is still 48.2MB. Free memory was 15.1MB in the beginning and 15.1MB in the end (delta: 19.7kB). There was no memory consumed. Max. memory is 4.3GB.
 * Boogie Preprocessor took 19.24ms. Allocated memory is still 48.2MB. Free memory was 14.1MB in the beginning and 26.2MB in the end (delta: -12.1MB). Peak memory consumption was 4.2MB. Max. memory is 4.3GB.
 * RCFGBuilder took 70.44ms. Allocated memory is still 48.2MB. Free memory was 26.1MB in the beginning and 16.4MB in the end (delta: 9.7MB). Peak memory consumption was 6.3MB. Max. memory is 4.3GB.
 * TraceAbstraction took 120531.89ms. Allocated memory was 48.2MB in the beginning and 247.5MB in the end (delta: 199.2MB). Free memory was 15.2MB in the beginning and 164.3MB in the end (delta: -149.0MB). Peak memory consumption was 51.8MB. Max. memory is 4.3GB.
 * Results from de.uni_freiburg.informatik.ultimate.plugins.generator.traceabstraction:
  - StatisticsResult: ErrorAutomatonStatistics
    NumberErrorTraces: 0, NumberStatementsAllTraces: 0, NumberRelevantStatements: 0, 0.0s ErrorAutomatonConstructionTimeTotal, 0.0s FaulLocalizationTime, NumberStatementsFirstTrace: -1, TraceLengthAvg: 0, 0.0s ErrorAutomatonConstructionTimeAvg, 0.0s ErrorAutomatonDifferenceTimeAvg, 0.0s ErrorAutomatonDifferenceTimeTotal, NumberOfNoEnhancement: 0, NumberOfFiniteEnhancement: 0, NumberOfInfiniteEnhancement: 0
  - PositiveResult [Line: 44]: assertion always holds
    For all program executions holds that assertion always holds at this location
  - StatisticsResult: Ultimate Automizer benchmark data
    CFG has 1 procedures, 5 locations, 5 edges, 1 error locations. Started 1 CEGAR loops. OverallTime: 120.5s, OverallIterations: 10, TraceHistogramMax: 26, PathProgramHistogramMax: 0, CheckedPaths: 13, TotalPairwisePrefixLcaDivergence: 75.4, AvgPairwisePrefixLcaDivergence: 0.9666666666666668, SearchMode: ADAPTIVE_BATCH_LCPS, DuplicateFreshnessFailures: 5, FailedToFindCounterexamples: 0, StalePaths: 7, LcpsCheckedPrefixQueries: 0, LcpsStalePrefixQueries: 0, LcpsCheckedPrefixHits: 0, LcpsStalePrefixHits: 0, LcpsSearchInvocations: 0, LcpsFullCacheSuffixInvocations: 0, LcpsFullCacheSuffixFallbacks: 0, LcpsEffectivePriorityDecisions: 0, BatchLcpsInvocations: 0, BatchLcpsAvailableSlotsTotal: 0, BatchLcpsCandidatesGenerated: 0, BatchLcpsCandidatesSelected: 0, BatchLcpsCandidateGenerationFailures: 0, BatchLcpsAvgCandidatePoolSize: 0.0, BatchLcpsAvgSelectedBatchSize: 0.0, BatchLcpsEffectiveBatchDecisions: 0, BatchLcpsCandidateGenerationTimeMs: 0, BatchLcpsSelectionTimeMs: 0, AdaptiveBatchTriggerMode: STALE_ONLY, AdaptiveBatchInvocations: 0, AdaptiveBatchFallbacks: 10, AdaptiveTriggeredByDuplicate: 0, AdaptiveTriggeredByStale: 0, AdaptiveTriggeredBySearchFailed: 0, AdaptiveTriggeredByIdleSlot: 0, AdaptiveMinAvailableSlots: 2, EmptinessCheckTime: 0.0s, AutomataDifference: 0.0s, DeadEndRemovalTime: 0.0s, HoareAnnotationTime: 0.0s, InitialAbstractionConstructionTime: 0.0s, HoareTripleCheckerStatistics: , PredicateUnifierStatistics: No data available, 0.0s BasicInterpolantAutomatonTime, BiggestAbstraction: size=5occurred in iteration=0, InterpolantAutomatonStates: 157, traceCheckStatistics: No data available, InterpolantConsolidationStatistics: No data available, PathInvariantsStatistics: No data available, 0/0 InterpolantCoveringCapability, TotalInterpolationStatistics: No data available, 0.0s DumpTime, AutomataMinimizationStatistics: 0.0s AutomataMinimizationTime, 10 MinimizatonAttempts, 0 StatesRemovedByMinimization, 0 NontrivialMinimizations, HoareAnnotationStatistics: No data available, RefinementEngineStatistics: No data available, ReuseStatistics: No data available, ConComCheckerStatistics: No data available
  - AllSpecificationsHoldResult: All specifications hold
    1 specifications checked. All of them hold
RESULT: Ultimate proved your program to be correct!
[2026-06-06 12:09:34,019 INFO  L546       MonitoredProcess]: [MP /usr/bin/z3 SMTLIB2_COMPLIANT=true -memory:1024 -smt2 -in -t:12000 (1)] Ended with exit code 0
Received shutdown request...

