This is Ultimate 0.3.1-cache-f5c6788a5b-m
[2026-06-05 23:15:50,203 INFO  L188        SettingsManager]: Resetting all preferences to default values...
[2026-06-05 23:15:50,231 INFO  L114        SettingsManager]: Loading settings from /home/hschi1106/ultimate/trunk/examples/Interactive/settings/ResetSettingsCamel.epf
[2026-06-05 23:15:50,234 WARN  L101        SettingsManager]: Preference file contains the following unknown settings:
[2026-06-05 23:15:50,234 WARN  L103        SettingsManager]:   * de.uni_freiburg.informatik.ultimate.plugins.blockencoding.Rewrite not-equals during SBE
[2026-06-05 23:15:50,234 WARN  L103        SettingsManager]:   * de.uni_freiburg.informatik.ultimate.plugins.blockencoding.Simplify codeblocks
[2026-06-05 23:15:50,234 WARN  L103        SettingsManager]:   * de.uni_freiburg.informatik.ultimate.plugins.blockencoding.Simplify assume statements
[2026-06-05 23:15:50,234 WARN  L103        SettingsManager]:   * de.uni_freiburg.informatik.ultimate.plugins.blockencoding.Use SBE during assume simplification
[2026-06-05 23:15:50,234 WARN  L103        SettingsManager]:   * de.uni_freiburg.informatik.ultimate.plugins.blockencoding.Use SBE for initial RCFG
[2026-06-05 23:15:50,234 WARN  L103        SettingsManager]:   * de.uni_freiburg.informatik.ultimate.plugins.blockencoding.Rewrite not equals when simplifying assume statements with SBE
[2026-06-05 23:15:50,234 WARN  L103        SettingsManager]:   * de.uni_freiburg.informatik.ultimate.core.Debug log message color
[2026-06-05 23:15:50,234 WARN  L103        SettingsManager]:   * de.uni_freiburg.informatik.ultimate.core.Drop models when Ultimate exits
[2026-06-05 23:15:50,234 WARN  L103        SettingsManager]:   * de.uni_freiburg.informatik.ultimate.core.Generate benchmark results
[2026-06-05 23:15:50,234 WARN  L103        SettingsManager]:   * de.uni_freiburg.informatik.ultimate.core.Log level for controller plugin
[2026-06-05 23:15:50,234 WARN  L103        SettingsManager]:   * de.uni_freiburg.informatik.ultimate.core.Warning log message color
[2026-06-05 23:15:50,234 WARN  L103        SettingsManager]:   * de.uni_freiburg.informatik.ultimate.core.Root log level
[2026-06-05 23:15:50,234 WARN  L103        SettingsManager]:   * de.uni_freiburg.informatik.ultimate.core.UI logger pattern
[2026-06-05 23:15:50,234 WARN  L103        SettingsManager]:   * de.uni_freiburg.informatik.ultimate.core.Log level for external tools
[2026-06-05 23:15:50,234 WARN  L103        SettingsManager]:   * de.uni_freiburg.informatik.ultimate.core.ultimate.logging.details
[2026-06-05 23:15:50,235 WARN  L103        SettingsManager]:   * de.uni_freiburg.informatik.ultimate.core.Toolchain timeout in seconds
[2026-06-05 23:15:50,235 WARN  L103        SettingsManager]:   * de.uni_freiburg.informatik.ultimate.core.Name of the log file
[2026-06-05 23:15:50,235 WARN  L103        SettingsManager]:   * de.uni_freiburg.informatik.ultimate.core.Info log message color
[2026-06-05 23:15:50,235 WARN  L103        SettingsManager]:   * de.uni_freiburg.informatik.ultimate.core.Create a Logfile
[2026-06-05 23:15:50,235 WARN  L103        SettingsManager]:   * de.uni_freiburg.informatik.ultimate.core.Logger pattern
[2026-06-05 23:15:50,235 WARN  L103        SettingsManager]:   * de.uni_freiburg.informatik.ultimate.core.Log level for core plugin
[2026-06-05 23:15:50,235 WARN  L103        SettingsManager]:   * de.uni_freiburg.informatik.ultimate.core.Show usable parsers
[2026-06-05 23:15:50,235 WARN  L103        SettingsManager]:   * de.uni_freiburg.informatik.ultimate.core.Log level for plugins
[2026-06-05 23:15:50,235 WARN  L103        SettingsManager]:   * de.uni_freiburg.informatik.ultimate.core.Fatal log message color
[2026-06-05 23:15:50,235 WARN  L103        SettingsManager]:   * de.uni_freiburg.informatik.ultimate.core.Show long description of results
[2026-06-05 23:15:50,235 WARN  L103        SettingsManager]:   * de.uni_freiburg.informatik.ultimate.core.Error log message color
[2026-06-05 23:15:50,235 WARN  L103        SettingsManager]:   * de.uni_freiburg.informatik.ultimate.core.Show result in pop-up window after toolchain execution
[2026-06-05 23:15:50,235 WARN  L103        SettingsManager]:   * de.uni_freiburg.informatik.ultimate.core.Directory (default: instance location)
[2026-06-05 23:15:50,235 WARN  L103        SettingsManager]:   * de.uni_freiburg.informatik.ultimate.core.Append to exisiting log file
[2026-06-05 23:15:50,235 WARN  L103        SettingsManager]:   * CDTParser.Please specify include paths that will be parsed with the given C-File
[2026-06-05 23:15:50,235 WARN  L103        SettingsManager]:   * de.uni_freiburg.informatik.ultimate.plugins.generator.rcfgbuilder.Translate Boogie integers to SMT bitvectors
[2026-06-05 23:15:50,235 WARN  L103        SettingsManager]:   * de.uni_freiburg.informatik.ultimate.plugins.generator.cacsl2boogietranslator.How to treat unsigned ints differently from normal ones
[2026-06-05 23:15:50,235 WARN  L103        SettingsManager]:   * de.uni_freiburg.informatik.ultimate.witnessprinter.Generate witnesses
[2026-06-05 23:15:50,235 WARN  L103        SettingsManager]:   * de.uni_freiburg.informatik.ultimate.witnessprinter.Write witness to working directory
[2026-06-05 23:15:50,235 WARN  L103        SettingsManager]:   * de.uni_freiburg.informatik.ultimate.plugins.analysis.irsdependencies.Mode
[2026-06-05 23:15:50,235 WARN  L103        SettingsManager]:   * de.uni_freiburg.informatik.ultimate.plugins.analysis.abstractinterpretationv2.Number type
[2026-06-05 23:15:50,235 WARN  L103        SettingsManager]:   * de.uni_freiburg.informatik.ultimate.plugins.analysis.abstractinterpretationv2.Congruence Widening operator
[2026-06-05 23:15:50,235 WARN  L103        SettingsManager]:   * de.uni_freiburg.informatik.ultimate.plugins.output.jungvisualization.Annotate edges
[2026-06-05 23:15:50,235 WARN  L103        SettingsManager]:   * de.uni_freiburg.informatik.ultimate.plugins.output.jungvisualization.Background color:
[2026-06-05 23:15:50,235 WARN  L103        SettingsManager]:   * de.uni_freiburg.informatik.ultimate.plugins.output.jungvisualization.Which models should be visualized?
[2026-06-05 23:15:50,235 WARN  L103        SettingsManager]:   * de.uni_freiburg.informatik.ultimate.plugins.output.jungvisualization.Choose node shape:
[2026-06-05 23:15:50,235 WARN  L103        SettingsManager]:   * de.uni_freiburg.informatik.ultimate.plugins.output.jungvisualization.Node color:
[2026-06-05 23:15:50,235 WARN  L103        SettingsManager]:   * de.uni_freiburg.informatik.ultimate.plugins.output.jungvisualization.Picked node color:
[2026-06-05 23:15:50,235 WARN  L103        SettingsManager]:   * de.uni_freiburg.informatik.ultimate.plugins.output.jungvisualization.Annotate nodes
[2026-06-05 23:15:50,235 WARN  L103        SettingsManager]:   * de.uni_freiburg.informatik.ultimate.plugins.output.jungvisualization.SVG Export directory:
[2026-06-05 23:15:50,235 WARN  L103        SettingsManager]:   * de.uni_freiburg.informatik.ultimate.plugins.output.jungvisualization.Default graph layout:
[2026-06-05 23:15:50,235 WARN  L103        SettingsManager]:   * de.uni_freiburg.informatik.ultimate.boogie.procedureinliner.to and inside polymorphic procedures
[2026-06-05 23:15:50,235 WARN  L103        SettingsManager]:   * de.uni_freiburg.informatik.ultimate.boogie.procedureinliner.to procedures with 'free requires' specifications
[2026-06-05 23:15:50,235 WARN  L103        SettingsManager]:   * de.uni_freiburg.informatik.ultimate.boogie.procedureinliner.calls to unimplemented procedures
[2026-06-05 23:15:50,235 WARN  L103        SettingsManager]:   * de.uni_freiburg.informatik.ultimate.boogie.procedureinliner.to recursive procedures
[2026-06-05 23:15:50,235 WARN  L103        SettingsManager]:   * de.uni_freiburg.informatik.ultimate.boogie.procedureinliner.with 'forall' modifier
[2026-06-05 23:15:50,235 WARN  L103        SettingsManager]:   * de.uni_freiburg.informatik.ultimate.boogie.procedureinliner.calls to implemented procedures
[2026-06-05 23:15:50,235 WARN  L103        SettingsManager]:   * de.uni_freiburg.informatik.ultimate.boogie.procedureinliner.to procedures, called more than once
[2026-06-05 23:15:50,235 WARN  L103        SettingsManager]:   * de.uni_freiburg.informatik.ultimate.plugins.generator.traceabstraction.Non-flow-sensitive error trace relevance analysis
[2026-06-05 23:15:50,235 WARN  L103        SettingsManager]:   * de.uni_freiburg.informatik.ultimate.plugins.generator.traceabstraction.use unfolding as abstraction
[2026-06-05 23:15:50,235 WARN  L103        SettingsManager]:   * de.uni_freiburg.informatik.ultimate.plugins.generator.traceabstraction.Iterations until the model checker surrenders
[2026-06-05 23:15:50,235 WARN  L103        SettingsManager]:   * de.uni_freiburg.informatik.ultimate.plugins.generator.traceabstraction.Enable interactive Verification?
[2026-06-05 23:15:50,235 WARN  L103        SettingsManager]:   * de.uni_freiburg.informatik.ultimate.plugins.generator.traceabstraction.Flow-sensitive error trace relevance analysis
[2026-06-05 23:15:50,235 WARN  L103        SettingsManager]:   * de.uni_freiburg.informatik.ultimate.gui.LASTTOOLCHAINPATH
[2026-06-05 23:15:50,235 WARN  L103        SettingsManager]:   * de.uni_freiburg.informatik.ultimate.gui.LASTPATH
[2026-06-05 23:15:50,253 INFO  L130        SettingsManager]: Preferences different from defaults after loading the file:
[2026-06-05 23:15:50,253 INFO  L151        SettingsManager]: Preferences of UltimateCore differ from their defaults:
[2026-06-05 23:15:50,253 INFO  L153        SettingsManager]:  * Directory (default: instance location)=/home/iari/src/ultimate/trunk/runtime-Debug-E4.product/
[2026-06-05 23:15:50,253 INFO  L151        SettingsManager]: Preferences of Abstract Interpretation differ from their defaults:
[2026-06-05 23:15:50,253 INFO  L153        SettingsManager]:  * Log string format=HALF_MATRIX
[2026-06-05 23:15:50,253 INFO  L151        SettingsManager]: Preferences of BuchiAutomizer differ from their defaults:
[2026-06-05 23:15:50,253 INFO  L153        SettingsManager]:  * Buchi interpolant automaton=Staged
[2026-06-05 23:15:50,253 INFO  L153        SettingsManager]:  * Buchi complementation construction=Ncsb
[2026-06-05 23:15:50,253 INFO  L151        SettingsManager]: Preferences of CACSL2BoogieTranslator differ from their defaults:
[2026-06-05 23:15:50,254 INFO  L153        SettingsManager]:  * Report unsoundness warnings=false
[2026-06-05 23:15:50,254 INFO  L151        SettingsManager]: Preferences of RCFGBuilder differ from their defaults:
[2026-06-05 23:15:50,254 INFO  L153        SettingsManager]:  * Logic for external solver=AUFNIRA
[2026-06-05 23:15:50,254 INFO  L153        SettingsManager]:  * Convert code blocks to CNF=true
[2026-06-05 23:15:50,254 INFO  L151        SettingsManager]: Preferences of TraceAbstraction differ from their defaults:
[2026-06-05 23:15:50,254 INFO  L153        SettingsManager]:  * cut-off requires same transition=true
[2026-06-05 23:15:50,254 INFO  L153        SettingsManager]:  * Trace refinement strategy=CAMEL
Applying setting for plugin de.uni_freiburg.informatik.ultimate.plugins.generator.traceabstraction: Use CEGAR loop for Parallel Trace Abstraction -> true
Applying setting for plugin de.uni_freiburg.informatik.ultimate.plugins.generator.traceabstraction: Threadlimit for Parallel CEGAR -> 16
Applying setting for plugin de.uni_freiburg.informatik.ultimate.plugins.generator.traceabstraction: Parallel trace search selection mode -> LCPS_FULL
Applying setting for plugin de.uni_freiburg.informatik.ultimate.plugins.generator.traceabstraction: Track stale prefixes in parallel search -> true
Applying setting for plugin de.uni_freiburg.informatik.ultimate.plugins.generator.traceabstraction: Use initial BFS in PAPER/LCPS parallel search -> true
[2026-06-05 23:15:50,350 INFO  L75    nceAwareModelManager]: Repository-Root is: /tmp
[2026-06-05 23:15:50,355 INFO  L261   ainManager$Toolchain]: [Toolchain 1]: Applicable parser(s) successfully (re)initialized
[2026-06-05 23:15:50,356 INFO  L217   ainManager$Toolchain]: [Toolchain 1]: Toolchain selected.
[2026-06-05 23:15:50,356 INFO  L270        PluginConnector]: Initializing Boogie PL CUP Parser...
[2026-06-05 23:15:50,357 INFO  L274        PluginConnector]: Boogie PL CUP Parser initialized
[2026-06-05 23:15:50,357 INFO  L431   ainManager$Toolchain]: [Toolchain 1]: Parsing single file: /home/hschi1106/ultimate/trunk/examples/programs/20170304-DifficultPathPrograms/resultKnown/interleave_bits.i_3.bpl
[2026-06-05 23:15:50,357 INFO  L110           BoogieParser]: Parsing: '/home/hschi1106/ultimate/trunk/examples/programs/20170304-DifficultPathPrograms/resultKnown/interleave_bits.i_3.bpl'
[2026-06-05 23:15:50,365 INFO  L299   ainManager$Toolchain]: ####################### [Toolchain 1] #######################
[2026-06-05 23:15:50,366 INFO  L133        ToolchainWalker]: Walking toolchain with 3 elements.
[2026-06-05 23:15:50,366 INFO  L112        PluginConnector]: ------------------------Boogie Preprocessor----------------------------
[2026-06-05 23:15:50,366 INFO  L270        PluginConnector]: Initializing Boogie Preprocessor...
[2026-06-05 23:15:50,366 INFO  L274        PluginConnector]: Boogie Preprocessor initialized
[2026-06-05 23:15:50,371 INFO  L184        PluginConnector]: Executing the observer EnsureBoogieModelObserver from plugin Boogie Preprocessor for "interleave_bits.i_3.bpl de.uni_freiburg.informatik.ultimate.boogie.parser AST 05.06 11:15:50" (1/1) ...
[2026-06-05 23:15:50,371 INFO  L184        PluginConnector]: Executing the observer TypeChecker from plugin Boogie Preprocessor for "interleave_bits.i_3.bpl de.uni_freiburg.informatik.ultimate.boogie.parser AST 05.06 11:15:50" (1/1) ...
[2026-06-05 23:15:50,380 INFO  L184        PluginConnector]: Executing the observer ConstExpander from plugin Boogie Preprocessor for "interleave_bits.i_3.bpl de.uni_freiburg.informatik.ultimate.boogie.parser AST 05.06 11:15:50" (1/1) ...
[2026-06-05 23:15:50,380 INFO  L184        PluginConnector]: Executing the observer StructExpander from plugin Boogie Preprocessor for "interleave_bits.i_3.bpl de.uni_freiburg.informatik.ultimate.boogie.parser AST 05.06 11:15:50" (1/1) ...
[2026-06-05 23:15:50,381 INFO  L184        PluginConnector]: Executing the observer ReplaceArrayAssignments from plugin Boogie Preprocessor for "interleave_bits.i_3.bpl de.uni_freiburg.informatik.ultimate.boogie.parser AST 05.06 11:15:50" (1/1) ...
[2026-06-05 23:15:50,383 INFO  L184        PluginConnector]: Executing the observer UnstructureCode from plugin Boogie Preprocessor for "interleave_bits.i_3.bpl de.uni_freiburg.informatik.ultimate.boogie.parser AST 05.06 11:15:50" (1/1) ...
[2026-06-05 23:15:50,383 INFO  L184        PluginConnector]: Executing the observer FunctionInliner from plugin Boogie Preprocessor for "interleave_bits.i_3.bpl de.uni_freiburg.informatik.ultimate.boogie.parser AST 05.06 11:15:50" (1/1) ...
[2026-06-05 23:15:50,384 INFO  L184        PluginConnector]: Executing the observer LTLStepAnnotator from plugin Boogie Preprocessor for "interleave_bits.i_3.bpl de.uni_freiburg.informatik.ultimate.boogie.parser AST 05.06 11:15:50" (1/1) ...
[2026-06-05 23:15:50,384 INFO  L184        PluginConnector]: Executing the observer BoogieSymbolTableConstructor from plugin Boogie Preprocessor for "interleave_bits.i_3.bpl de.uni_freiburg.informatik.ultimate.boogie.parser AST 05.06 11:15:50" (1/1) ...
[2026-06-05 23:15:50,386 INFO  L131        PluginConnector]: ------------------------ END Boogie Preprocessor----------------------------
[2026-06-05 23:15:50,386 INFO  L112        PluginConnector]: ------------------------RCFGBuilder----------------------------
[2026-06-05 23:15:50,386 INFO  L270        PluginConnector]: Initializing RCFGBuilder...
[2026-06-05 23:15:50,386 INFO  L274        PluginConnector]: RCFGBuilder initialized
[2026-06-05 23:15:50,387 INFO  L184        PluginConnector]: Executing the observer RCFGBuilderObserver from plugin RCFGBuilder for "interleave_bits.i_3.bpl de.uni_freiburg.informatik.ultimate.boogie.parser AST 05.06 11:15:50" (1/1) ...
[2026-06-05 23:15:50,388 INFO  L173          SolverBuilder]: Constructing external solver with command: z3 SMTLIB2_COMPLIANT=true -memory:1024 -smt2 -in -t:12000
[2026-06-05 23:15:50,394 INFO  L189       MonitoredProcess]: No working directory specified, using /usr/bin/z3
[2026-06-05 23:15:50,398 INFO  L229       MonitoredProcess]: Starting monitored process 1 with /usr/bin/z3 SMTLIB2_COMPLIANT=true -memory:1024 -smt2 -in -t:12000 (exit command is (exit), workingDir is null)
[2026-06-05 23:15:50,400 INFO  L327       MonitoredProcess]: [MP /usr/bin/z3 SMTLIB2_COMPLIANT=true -memory:1024 -smt2 -in -t:12000 (1)] Waiting until timeout for monitored process
[2026-06-05 23:15:50,408 INFO  L138     BoogieDeclarations]: Found implementation of procedure ULTIMATE.start
[2026-06-05 23:15:50,408 INFO  L130     BoogieDeclarations]: Found specification of procedure ULTIMATE.start
[2026-06-05 23:15:50,426 INFO  L234             CfgBuilder]: Building ICFG
[2026-06-05 23:15:50,427 INFO  L260             CfgBuilder]: Building CFG for each procedure with an implementation
[2026-06-05 23:15:50,450 INFO  L?                        ?]: Removed 5 outVars from TransFormulas that were not future-live.
[2026-06-05 23:15:50,450 INFO  L283             CfgBuilder]: Performing block encoding
[2026-06-05 23:15:50,453 INFO  L89      LargeBlockEncoding]: Applying CFG Large Block Encoding to ICFG that has 1 procedures, 6 locations, 6 edges, 0 initial locations, 0 loop locations, and 1 error locations.
[2026-06-05 23:15:50,456 INFO  L139     LargeBlockEncoding]: LargeBlockEncoding completed in 4 ms, with 1 straightline sequential compositions, 0 parallel compositions, 0 1:n/n:1 sequential compositions and 0 complex sequential compositions.
[2026-06-05 23:15:50,456 INFO  L307             CfgBuilder]: Using the 1 location(s) as analysis (start of procedure ULTIMATE.start)
[2026-06-05 23:15:50,456 INFO  L312             CfgBuilder]: Removed 1 assume(true) statements.
[2026-06-05 23:15:50,456 INFO  L314             CfgBuilder]: Constructed ICFG has 1 procedures, 5 locations, 5 edges, 1 initial locations, 0 loop locations, and 1 error locations.
[2026-06-05 23:15:50,457 INFO  L201        PluginConnector]: Adding new model interleave_bits.i_3.bpl de.uni_freiburg.informatik.ultimate.plugins.generator.rcfgbuilder CFG 05.06 11:15:50 BoogieIcfgContainer
[2026-06-05 23:15:50,457 INFO  L131        PluginConnector]: ------------------------ END RCFGBuilder----------------------------
[2026-06-05 23:15:50,459 INFO  L112        PluginConnector]: ------------------------TraceAbstraction----------------------------
[2026-06-05 23:15:50,459 INFO  L270        PluginConnector]: Initializing TraceAbstraction...
[2026-06-05 23:15:50,461 INFO  L274        PluginConnector]: TraceAbstraction initialized
[2026-06-05 23:15:50,464 INFO  L184        PluginConnector]: Executing the observer TraceAbstractionObserver from plugin TraceAbstraction for "interleave_bits.i_3.bpl de.uni_freiburg.informatik.ultimate.boogie.parser AST 05.06 11:15:50" (1/2) ...
[2026-06-05 23:15:50,464 INFO  L204        PluginConnector]: Invalid model from TraceAbstraction for observer de.uni_freiburg.informatik.ultimate.plugins.generator.traceabstraction.TraceAbstractionObserver@41a177c5 and model type interleave_bits.i_3.bpl de.uni_freiburg.informatik.ultimate.plugins.generator.traceabstraction AST 05.06 11:15:50, skipping insertion in model container
[2026-06-05 23:15:50,464 INFO  L184        PluginConnector]: Executing the observer TraceAbstractionObserver from plugin TraceAbstraction for "interleave_bits.i_3.bpl de.uni_freiburg.informatik.ultimate.plugins.generator.rcfgbuilder CFG 05.06 11:15:50" (2/2) ...
[2026-06-05 23:15:50,465 INFO  L128   eAbstractionObserver]: Analyzing ICFG interleave_bits.i_3.bpl
[2026-06-05 23:15:50,471 INFO  L217   ceAbstractionStarter]: Automizer settings: Hoare:None NWA Interpolation:ForwardPredicates Determinization: PREDICATE_ABSTRACTION
[2026-06-05 23:15:50,471 INFO  L151   ceAbstractionStarter]: Applying trace abstraction to ICFG interleave_bits.i_3.bpl that has 1 procedures, 5 locations, 5 edges, 1 initial locations, 0 loop locations, and 1 error locations.
[2026-06-05 23:15:50,486 INFO  L344      AbstractCegarLoop]: ======== Iteration 0 == of CEGAR loop == AllErrorsAtOnce ========
[2026-06-05 23:15:50,490 INFO  L345      AbstractCegarLoop]: Settings: SEPARATE_VIOLATION_CHECK=true, mInterprocedural=true, mMaxIterations=1000000, mWatchIteration=1000000, mArtifact=RCFG, mInterpolation=ForwardPredicates, mInterpolantAutomaton=STRAIGHT_LINE, mDumpAutomata=false, mAutomataFormat=ATS_NUMERATE, mDumpPath=., mDeterminiation=PREDICATE_ABSTRACTION, mMinimize=MINIMIZE_SEVPA, mAutomataTypeConcurrency=FINITE_AUTOMATA, mHoareTripleChecks=INCREMENTAL, mHoareAnnotationPositions=None, mDumpOnlyReuseAutomata=false, mLimitTraceHistogram=0, mErrorLocTimeLimit=0, mLimitPathProgramCount=0, mCollectInterpolantStatistics=true, mHeuristicEmptinessCheck=false, mHeuristicEmptinessCheckAStarHeuristic=ZERO, mHeuristicEmptinessCheckAStarHeuristicRandomSeed=1337, mHeuristicEmptinessCheckSmtFeatureScoringMethod=DAGSIZE, mSMTFeatureExtraction=false, mSMTFeatureExtractionDumpPath=., mOverrideInterpolantAutomaton=false, mMcrInterpolantMethod=WP, mPorIndependenceSettings=[Lde.uni_freiburg.informatik.ultimate.lib.tracecheckerutils.partialorder.independence.IndependenceSettings;@15acfc87, mLbeIndependenceSettings=[IndependenceType=SEMANTIC, AbstractionType=NONE, UseConditional=false, UseSemiCommutativity=true, Solver=Z3, SolverTimeout=1000ms], mThreadLimit=16, mParallelCegarLoop=true, mConsiderOnlyActiveCounterexamplesInIsEmptyParallel=true, mMinimizeAbstractionPerWorker=true, mSearchLoopBound=-1, mParallelTraceSearchSelectionMode=LCPS_FULL, mParallelTraceSearchUseInitialBfs=true, mParallelTraceSearchTrackStalePrefixes=true
[2026-06-05 23:15:50,490 INFO  L346      AbstractCegarLoop]: Starting to check reachability of 1 error locations.
[2026-06-05 23:15:50,492 INFO  L290                IsEmpty]: Start isEmpty. Operand  has 5 states, 3 states have (on average 1.6666666666666667) internal successors, (5), 4 states have internal predecessors, (5), 0 states have call successors, (0), 0 states have call predecessors, (0), 0 states have return successors, (0), 0 states have call predecessors, (0), 0 states have call successors, (0)
[2026-06-05 23:15:50,493 INFO  L300                IsEmpty]: Finished isEmpty. Found accepting run of length 4
[2026-06-05 23:15:50,493 INFO  L199           NwaCegarLoop]: Found error trace
[2026-06-05 23:15:50,494 INFO  L207           NwaCegarLoop]: trace histogram [1, 1, 1]
[2026-06-05 23:15:50,494 INFO  L173          SolverBuilder]: Constructing external solver with command: z3 SMTLIB2_COMPLIANT=true -memory:1024 -smt2 -in -t:12000
[2026-06-05 23:15:50,497 INFO  L189       MonitoredProcess]: No working directory specified, using /usr/bin/z3
[2026-06-05 23:15:50,498 INFO  L229       MonitoredProcess]: Starting monitored process 2 with /usr/bin/z3 SMTLIB2_COMPLIANT=true -memory:1024 -smt2 -in -t:12000 (exit command is (exit), workingDir is null)
[2026-06-05 23:15:50,499 INFO  L327       MonitoredProcess]: [MP /usr/bin/z3 SMTLIB2_COMPLIANT=true -memory:1024 -smt2 -in -t:12000 (2)] Waiting until timeout for monitored process
[2026-06-05 23:15:50,510 WARN  L330   ript$VariableManager]: TermVariable v_ULTIMATE.start_main_~zz~5_4 not constructed by VariableManager. Cannot ensure absence of name clashes.
[2026-06-05 23:15:50,510 WARN  L330   ript$VariableManager]: TermVariable v_ULTIMATE.start___VERIFIER_assert_~cond_3 not constructed by VariableManager. Cannot ensure absence of name clashes.
[2026-06-05 23:15:50,510 WARN  L330   ript$VariableManager]: TermVariable |v_ULTIMATE.start___VERIFIER_assert_#in~cond_2| not constructed by VariableManager. Cannot ensure absence of name clashes.
[2026-06-05 23:15:50,512 INFO  L173          SolverBuilder]: Constructing external solver with command: z3 SMTLIB2_COMPLIANT=true -memory:1024 -smt2 -in -t:12000
[2026-06-05 23:15:50,512 INFO  L196   CegarNwaWorkerThread]: WorkerThread: Thread[#80,pool-1-thread-1,5,main] is Waiting for a Task
[2026-06-05 23:15:50,514 INFO  L189       MonitoredProcess]: No working directory specified, using /usr/bin/z3
[2026-06-05 23:15:50,515 INFO  L229       MonitoredProcess]: Starting monitored process 3 with /usr/bin/z3 SMTLIB2_COMPLIANT=true -memory:1024 -smt2 -in -t:12000 (exit command is (exit), workingDir is null)
[2026-06-05 23:15:50,516 INFO  L327       MonitoredProcess]: [MP /usr/bin/z3 SMTLIB2_COMPLIANT=true -memory:1024 -smt2 -in -t:12000 (3)] Waiting until timeout for monitored process
[2026-06-05 23:15:50,524 WARN  L330   ript$VariableManager]: TermVariable v_ULTIMATE.start_main_~zz~5_4 not constructed by VariableManager. Cannot ensure absence of name clashes.
[2026-06-05 23:15:50,525 WARN  L330   ript$VariableManager]: TermVariable v_ULTIMATE.start___VERIFIER_assert_~cond_3 not constructed by VariableManager. Cannot ensure absence of name clashes.
[2026-06-05 23:15:50,525 WARN  L330   ript$VariableManager]: TermVariable |v_ULTIMATE.start___VERIFIER_assert_#in~cond_2| not constructed by VariableManager. Cannot ensure absence of name clashes.
[2026-06-05 23:15:50,526 INFO  L173          SolverBuilder]: Constructing external solver with command: z3 SMTLIB2_COMPLIANT=true -memory:1024 -smt2 -in -t:12000
[2026-06-05 23:15:50,526 INFO  L196   CegarNwaWorkerThread]: WorkerThread: Thread[#86,pool-1-thread-2,5,main] is Waiting for a Task
[2026-06-05 23:15:50,529 INFO  L189       MonitoredProcess]: No working directory specified, using /usr/bin/z3
[2026-06-05 23:15:50,530 INFO  L229       MonitoredProcess]: Starting monitored process 4 with /usr/bin/z3 SMTLIB2_COMPLIANT=true -memory:1024 -smt2 -in -t:12000 (exit command is (exit), workingDir is null)
[2026-06-05 23:15:50,531 INFO  L327       MonitoredProcess]: [MP /usr/bin/z3 SMTLIB2_COMPLIANT=true -memory:1024 -smt2 -in -t:12000 (4)] Waiting until timeout for monitored process
[2026-06-05 23:15:50,539 WARN  L330   ript$VariableManager]: TermVariable v_ULTIMATE.start_main_~zz~5_4 not constructed by VariableManager. Cannot ensure absence of name clashes.
[2026-06-05 23:15:50,539 WARN  L330   ript$VariableManager]: TermVariable v_ULTIMATE.start___VERIFIER_assert_~cond_3 not constructed by VariableManager. Cannot ensure absence of name clashes.
[2026-06-05 23:15:50,539 WARN  L330   ript$VariableManager]: TermVariable |v_ULTIMATE.start___VERIFIER_assert_#in~cond_2| not constructed by VariableManager. Cannot ensure absence of name clashes.
[2026-06-05 23:15:50,541 INFO  L173          SolverBuilder]: Constructing external solver with command: z3 SMTLIB2_COMPLIANT=true -memory:1024 -smt2 -in -t:12000
[2026-06-05 23:15:50,541 INFO  L196   CegarNwaWorkerThread]: WorkerThread: Thread[#95,pool-1-thread-3,5,main] is Waiting for a Task
[2026-06-05 23:15:50,543 INFO  L189       MonitoredProcess]: No working directory specified, using /usr/bin/z3
[2026-06-05 23:15:50,544 INFO  L229       MonitoredProcess]: Starting monitored process 5 with /usr/bin/z3 SMTLIB2_COMPLIANT=true -memory:1024 -smt2 -in -t:12000 (exit command is (exit), workingDir is null)
[2026-06-05 23:15:50,545 INFO  L327       MonitoredProcess]: [MP /usr/bin/z3 SMTLIB2_COMPLIANT=true -memory:1024 -smt2 -in -t:12000 (5)] Waiting until timeout for monitored process
[2026-06-05 23:15:50,553 WARN  L330   ript$VariableManager]: TermVariable v_ULTIMATE.start_main_~zz~5_4 not constructed by VariableManager. Cannot ensure absence of name clashes.
[2026-06-05 23:15:50,553 WARN  L330   ript$VariableManager]: TermVariable v_ULTIMATE.start___VERIFIER_assert_~cond_3 not constructed by VariableManager. Cannot ensure absence of name clashes.
[2026-06-05 23:15:50,553 WARN  L330   ript$VariableManager]: TermVariable |v_ULTIMATE.start___VERIFIER_assert_#in~cond_2| not constructed by VariableManager. Cannot ensure absence of name clashes.
[2026-06-05 23:15:50,555 INFO  L173          SolverBuilder]: Constructing external solver with command: z3 SMTLIB2_COMPLIANT=true -memory:1024 -smt2 -in -t:12000
[2026-06-05 23:15:50,555 INFO  L196   CegarNwaWorkerThread]: WorkerThread: Thread[#101,pool-1-thread-4,5,main] is Waiting for a Task
[2026-06-05 23:15:50,557 INFO  L189       MonitoredProcess]: No working directory specified, using /usr/bin/z3
[2026-06-05 23:15:50,558 INFO  L229       MonitoredProcess]: Starting monitored process 6 with /usr/bin/z3 SMTLIB2_COMPLIANT=true -memory:1024 -smt2 -in -t:12000 (exit command is (exit), workingDir is null)
[2026-06-05 23:15:50,558 INFO  L327       MonitoredProcess]: [MP /usr/bin/z3 SMTLIB2_COMPLIANT=true -memory:1024 -smt2 -in -t:12000 (6)] Waiting until timeout for monitored process
[2026-06-05 23:15:50,566 WARN  L330   ript$VariableManager]: TermVariable v_ULTIMATE.start_main_~zz~5_4 not constructed by VariableManager. Cannot ensure absence of name clashes.
[2026-06-05 23:15:50,566 WARN  L330   ript$VariableManager]: TermVariable v_ULTIMATE.start___VERIFIER_assert_~cond_3 not constructed by VariableManager. Cannot ensure absence of name clashes.
[2026-06-05 23:15:50,566 WARN  L330   ript$VariableManager]: TermVariable |v_ULTIMATE.start___VERIFIER_assert_#in~cond_2| not constructed by VariableManager. Cannot ensure absence of name clashes.
[2026-06-05 23:15:50,567 INFO  L173          SolverBuilder]: Constructing external solver with command: z3 SMTLIB2_COMPLIANT=true -memory:1024 -smt2 -in -t:12000
[2026-06-05 23:15:50,567 INFO  L196   CegarNwaWorkerThread]: WorkerThread: Thread[#107,pool-1-thread-5,5,main] is Waiting for a Task
[2026-06-05 23:15:50,569 INFO  L189       MonitoredProcess]: No working directory specified, using /usr/bin/z3
[2026-06-05 23:15:50,571 INFO  L229       MonitoredProcess]: Starting monitored process 7 with /usr/bin/z3 SMTLIB2_COMPLIANT=true -memory:1024 -smt2 -in -t:12000 (exit command is (exit), workingDir is null)
[2026-06-05 23:15:50,571 INFO  L327       MonitoredProcess]: [MP /usr/bin/z3 SMTLIB2_COMPLIANT=true -memory:1024 -smt2 -in -t:12000 (7)] Waiting until timeout for monitored process
[2026-06-05 23:15:50,579 WARN  L330   ript$VariableManager]: TermVariable v_ULTIMATE.start_main_~zz~5_4 not constructed by VariableManager. Cannot ensure absence of name clashes.
[2026-06-05 23:15:50,579 WARN  L330   ript$VariableManager]: TermVariable v_ULTIMATE.start___VERIFIER_assert_~cond_3 not constructed by VariableManager. Cannot ensure absence of name clashes.
[2026-06-05 23:15:50,579 WARN  L330   ript$VariableManager]: TermVariable |v_ULTIMATE.start___VERIFIER_assert_#in~cond_2| not constructed by VariableManager. Cannot ensure absence of name clashes.
[2026-06-05 23:15:50,580 INFO  L173          SolverBuilder]: Constructing external solver with command: z3 SMTLIB2_COMPLIANT=true -memory:1024 -smt2 -in -t:12000
[2026-06-05 23:15:50,580 INFO  L196   CegarNwaWorkerThread]: WorkerThread: Thread[#113,pool-1-thread-6,5,main] is Waiting for a Task
[2026-06-05 23:15:50,582 INFO  L189       MonitoredProcess]: No working directory specified, using /usr/bin/z3
[2026-06-05 23:15:50,583 INFO  L229       MonitoredProcess]: Starting monitored process 8 with /usr/bin/z3 SMTLIB2_COMPLIANT=true -memory:1024 -smt2 -in -t:12000 (exit command is (exit), workingDir is null)
[2026-06-05 23:15:50,584 INFO  L327       MonitoredProcess]: [MP /usr/bin/z3 SMTLIB2_COMPLIANT=true -memory:1024 -smt2 -in -t:12000 (8)] Waiting until timeout for monitored process
[2026-06-05 23:15:50,592 WARN  L330   ript$VariableManager]: TermVariable v_ULTIMATE.start_main_~zz~5_4 not constructed by VariableManager. Cannot ensure absence of name clashes.
[2026-06-05 23:15:50,592 WARN  L330   ript$VariableManager]: TermVariable v_ULTIMATE.start___VERIFIER_assert_~cond_3 not constructed by VariableManager. Cannot ensure absence of name clashes.
[2026-06-05 23:15:50,592 WARN  L330   ript$VariableManager]: TermVariable |v_ULTIMATE.start___VERIFIER_assert_#in~cond_2| not constructed by VariableManager. Cannot ensure absence of name clashes.
[2026-06-05 23:15:50,593 INFO  L173          SolverBuilder]: Constructing external solver with command: z3 SMTLIB2_COMPLIANT=true -memory:1024 -smt2 -in -t:12000
[2026-06-05 23:15:50,593 INFO  L196   CegarNwaWorkerThread]: WorkerThread: Thread[#119,pool-1-thread-7,5,main] is Waiting for a Task
[2026-06-05 23:15:50,595 INFO  L189       MonitoredProcess]: No working directory specified, using /usr/bin/z3
[2026-06-05 23:15:50,596 INFO  L229       MonitoredProcess]: Starting monitored process 9 with /usr/bin/z3 SMTLIB2_COMPLIANT=true -memory:1024 -smt2 -in -t:12000 (exit command is (exit), workingDir is null)
[2026-06-05 23:15:50,596 INFO  L327       MonitoredProcess]: [MP /usr/bin/z3 SMTLIB2_COMPLIANT=true -memory:1024 -smt2 -in -t:12000 (9)] Waiting until timeout for monitored process
[2026-06-05 23:15:50,604 WARN  L330   ript$VariableManager]: TermVariable v_ULTIMATE.start_main_~zz~5_4 not constructed by VariableManager. Cannot ensure absence of name clashes.
[2026-06-05 23:15:50,604 WARN  L330   ript$VariableManager]: TermVariable v_ULTIMATE.start___VERIFIER_assert_~cond_3 not constructed by VariableManager. Cannot ensure absence of name clashes.
[2026-06-05 23:15:50,604 WARN  L330   ript$VariableManager]: TermVariable |v_ULTIMATE.start___VERIFIER_assert_#in~cond_2| not constructed by VariableManager. Cannot ensure absence of name clashes.
[2026-06-05 23:15:50,605 INFO  L173          SolverBuilder]: Constructing external solver with command: z3 SMTLIB2_COMPLIANT=true -memory:1024 -smt2 -in -t:12000
[2026-06-05 23:15:50,605 INFO  L196   CegarNwaWorkerThread]: WorkerThread: Thread[#125,pool-1-thread-8,5,main] is Waiting for a Task
[2026-06-05 23:15:50,607 INFO  L189       MonitoredProcess]: No working directory specified, using /usr/bin/z3
[2026-06-05 23:15:50,608 INFO  L229       MonitoredProcess]: Starting monitored process 10 with /usr/bin/z3 SMTLIB2_COMPLIANT=true -memory:1024 -smt2 -in -t:12000 (exit command is (exit), workingDir is null)
[2026-06-05 23:15:50,608 INFO  L327       MonitoredProcess]: [MP /usr/bin/z3 SMTLIB2_COMPLIANT=true -memory:1024 -smt2 -in -t:12000 (10)] Waiting until timeout for monitored process
[2026-06-05 23:15:50,616 WARN  L330   ript$VariableManager]: TermVariable v_ULTIMATE.start_main_~zz~5_4 not constructed by VariableManager. Cannot ensure absence of name clashes.
[2026-06-05 23:15:50,616 WARN  L330   ript$VariableManager]: TermVariable v_ULTIMATE.start___VERIFIER_assert_~cond_3 not constructed by VariableManager. Cannot ensure absence of name clashes.
[2026-06-05 23:15:50,616 WARN  L330   ript$VariableManager]: TermVariable |v_ULTIMATE.start___VERIFIER_assert_#in~cond_2| not constructed by VariableManager. Cannot ensure absence of name clashes.
[2026-06-05 23:15:50,617 INFO  L173          SolverBuilder]: Constructing external solver with command: z3 SMTLIB2_COMPLIANT=true -memory:1024 -smt2 -in -t:12000
[2026-06-05 23:15:50,617 INFO  L196   CegarNwaWorkerThread]: WorkerThread: Thread[#131,pool-1-thread-9,5,main] is Waiting for a Task
[2026-06-05 23:15:50,618 INFO  L189       MonitoredProcess]: No working directory specified, using /usr/bin/z3
[2026-06-05 23:15:50,620 INFO  L229       MonitoredProcess]: Starting monitored process 11 with /usr/bin/z3 SMTLIB2_COMPLIANT=true -memory:1024 -smt2 -in -t:12000 (exit command is (exit), workingDir is null)
[2026-06-05 23:15:50,620 INFO  L327       MonitoredProcess]: [MP /usr/bin/z3 SMTLIB2_COMPLIANT=true -memory:1024 -smt2 -in -t:12000 (11)] Waiting until timeout for monitored process
[2026-06-05 23:15:50,627 WARN  L330   ript$VariableManager]: TermVariable v_ULTIMATE.start_main_~zz~5_4 not constructed by VariableManager. Cannot ensure absence of name clashes.
[2026-06-05 23:15:50,627 WARN  L330   ript$VariableManager]: TermVariable v_ULTIMATE.start___VERIFIER_assert_~cond_3 not constructed by VariableManager. Cannot ensure absence of name clashes.
[2026-06-05 23:15:50,627 WARN  L330   ript$VariableManager]: TermVariable |v_ULTIMATE.start___VERIFIER_assert_#in~cond_2| not constructed by VariableManager. Cannot ensure absence of name clashes.
[2026-06-05 23:15:50,628 INFO  L173          SolverBuilder]: Constructing external solver with command: z3 SMTLIB2_COMPLIANT=true -memory:1024 -smt2 -in -t:12000
[2026-06-05 23:15:50,628 INFO  L196   CegarNwaWorkerThread]: WorkerThread: Thread[#137,pool-1-thread-10,5,main] is Waiting for a Task
[2026-06-05 23:15:50,630 INFO  L189       MonitoredProcess]: No working directory specified, using /usr/bin/z3
[2026-06-05 23:15:50,631 INFO  L229       MonitoredProcess]: Starting monitored process 12 with /usr/bin/z3 SMTLIB2_COMPLIANT=true -memory:1024 -smt2 -in -t:12000 (exit command is (exit), workingDir is null)
[2026-06-05 23:15:50,632 INFO  L327       MonitoredProcess]: [MP /usr/bin/z3 SMTLIB2_COMPLIANT=true -memory:1024 -smt2 -in -t:12000 (12)] Waiting until timeout for monitored process
[2026-06-05 23:15:50,639 WARN  L330   ript$VariableManager]: TermVariable v_ULTIMATE.start_main_~zz~5_4 not constructed by VariableManager. Cannot ensure absence of name clashes.
[2026-06-05 23:15:50,639 WARN  L330   ript$VariableManager]: TermVariable v_ULTIMATE.start___VERIFIER_assert_~cond_3 not constructed by VariableManager. Cannot ensure absence of name clashes.
[2026-06-05 23:15:50,639 WARN  L330   ript$VariableManager]: TermVariable |v_ULTIMATE.start___VERIFIER_assert_#in~cond_2| not constructed by VariableManager. Cannot ensure absence of name clashes.
[2026-06-05 23:15:50,640 INFO  L173          SolverBuilder]: Constructing external solver with command: z3 SMTLIB2_COMPLIANT=true -memory:1024 -smt2 -in -t:12000
[2026-06-05 23:15:50,640 INFO  L196   CegarNwaWorkerThread]: WorkerThread: Thread[#143,pool-1-thread-11,5,main] is Waiting for a Task
[2026-06-05 23:15:50,641 INFO  L189       MonitoredProcess]: No working directory specified, using /usr/bin/z3
[2026-06-05 23:15:50,642 INFO  L229       MonitoredProcess]: Starting monitored process 13 with /usr/bin/z3 SMTLIB2_COMPLIANT=true -memory:1024 -smt2 -in -t:12000 (exit command is (exit), workingDir is null)
[2026-06-05 23:15:50,643 INFO  L327       MonitoredProcess]: [MP /usr/bin/z3 SMTLIB2_COMPLIANT=true -memory:1024 -smt2 -in -t:12000 (13)] Waiting until timeout for monitored process
[2026-06-05 23:15:50,650 WARN  L330   ript$VariableManager]: TermVariable v_ULTIMATE.start_main_~zz~5_4 not constructed by VariableManager. Cannot ensure absence of name clashes.
[2026-06-05 23:15:50,651 WARN  L330   ript$VariableManager]: TermVariable v_ULTIMATE.start___VERIFIER_assert_~cond_3 not constructed by VariableManager. Cannot ensure absence of name clashes.
[2026-06-05 23:15:50,651 WARN  L330   ript$VariableManager]: TermVariable |v_ULTIMATE.start___VERIFIER_assert_#in~cond_2| not constructed by VariableManager. Cannot ensure absence of name clashes.
[2026-06-05 23:15:50,651 INFO  L173          SolverBuilder]: Constructing external solver with command: z3 SMTLIB2_COMPLIANT=true -memory:1024 -smt2 -in -t:12000
[2026-06-05 23:15:50,651 INFO  L196   CegarNwaWorkerThread]: WorkerThread: Thread[#149,pool-1-thread-12,5,main] is Waiting for a Task
[2026-06-05 23:15:50,653 INFO  L189       MonitoredProcess]: No working directory specified, using /usr/bin/z3
[2026-06-05 23:15:50,654 INFO  L229       MonitoredProcess]: Starting monitored process 14 with /usr/bin/z3 SMTLIB2_COMPLIANT=true -memory:1024 -smt2 -in -t:12000 (exit command is (exit), workingDir is null)
[2026-06-05 23:15:50,655 INFO  L327       MonitoredProcess]: [MP /usr/bin/z3 SMTLIB2_COMPLIANT=true -memory:1024 -smt2 -in -t:12000 (14)] Waiting until timeout for monitored process
[2026-06-05 23:15:50,661 WARN  L330   ript$VariableManager]: TermVariable v_ULTIMATE.start_main_~zz~5_4 not constructed by VariableManager. Cannot ensure absence of name clashes.
[2026-06-05 23:15:50,661 WARN  L330   ript$VariableManager]: TermVariable v_ULTIMATE.start___VERIFIER_assert_~cond_3 not constructed by VariableManager. Cannot ensure absence of name clashes.
[2026-06-05 23:15:50,661 WARN  L330   ript$VariableManager]: TermVariable |v_ULTIMATE.start___VERIFIER_assert_#in~cond_2| not constructed by VariableManager. Cannot ensure absence of name clashes.
[2026-06-05 23:15:50,662 INFO  L173          SolverBuilder]: Constructing external solver with command: z3 SMTLIB2_COMPLIANT=true -memory:1024 -smt2 -in -t:12000
[2026-06-05 23:15:50,662 INFO  L196   CegarNwaWorkerThread]: WorkerThread: Thread[#155,pool-1-thread-13,5,main] is Waiting for a Task
[2026-06-05 23:15:50,664 INFO  L189       MonitoredProcess]: No working directory specified, using /usr/bin/z3
[2026-06-05 23:15:50,665 INFO  L229       MonitoredProcess]: Starting monitored process 15 with /usr/bin/z3 SMTLIB2_COMPLIANT=true -memory:1024 -smt2 -in -t:12000 (exit command is (exit), workingDir is null)
[2026-06-05 23:15:50,665 INFO  L327       MonitoredProcess]: [MP /usr/bin/z3 SMTLIB2_COMPLIANT=true -memory:1024 -smt2 -in -t:12000 (15)] Waiting until timeout for monitored process
[2026-06-05 23:15:50,673 WARN  L330   ript$VariableManager]: TermVariable v_ULTIMATE.start_main_~zz~5_4 not constructed by VariableManager. Cannot ensure absence of name clashes.
[2026-06-05 23:15:50,673 WARN  L330   ript$VariableManager]: TermVariable v_ULTIMATE.start___VERIFIER_assert_~cond_3 not constructed by VariableManager. Cannot ensure absence of name clashes.
[2026-06-05 23:15:50,673 WARN  L330   ript$VariableManager]: TermVariable |v_ULTIMATE.start___VERIFIER_assert_#in~cond_2| not constructed by VariableManager. Cannot ensure absence of name clashes.
[2026-06-05 23:15:50,674 INFO  L173          SolverBuilder]: Constructing external solver with command: z3 SMTLIB2_COMPLIANT=true -memory:1024 -smt2 -in -t:12000
[2026-06-05 23:15:50,674 INFO  L196   CegarNwaWorkerThread]: WorkerThread: Thread[#161,pool-1-thread-14,5,main] is Waiting for a Task
[2026-06-05 23:15:50,676 INFO  L189       MonitoredProcess]: No working directory specified, using /usr/bin/z3
[2026-06-05 23:15:50,677 INFO  L229       MonitoredProcess]: Starting monitored process 16 with /usr/bin/z3 SMTLIB2_COMPLIANT=true -memory:1024 -smt2 -in -t:12000 (exit command is (exit), workingDir is null)
[2026-06-05 23:15:50,678 INFO  L327       MonitoredProcess]: [MP /usr/bin/z3 SMTLIB2_COMPLIANT=true -memory:1024 -smt2 -in -t:12000 (16)] Waiting until timeout for monitored process
[2026-06-05 23:15:50,685 WARN  L330   ript$VariableManager]: TermVariable v_ULTIMATE.start_main_~zz~5_4 not constructed by VariableManager. Cannot ensure absence of name clashes.
[2026-06-05 23:15:50,685 WARN  L330   ript$VariableManager]: TermVariable v_ULTIMATE.start___VERIFIER_assert_~cond_3 not constructed by VariableManager. Cannot ensure absence of name clashes.
[2026-06-05 23:15:50,685 WARN  L330   ript$VariableManager]: TermVariable |v_ULTIMATE.start___VERIFIER_assert_#in~cond_2| not constructed by VariableManager. Cannot ensure absence of name clashes.
[2026-06-05 23:15:50,686 INFO  L173          SolverBuilder]: Constructing external solver with command: z3 SMTLIB2_COMPLIANT=true -memory:1024 -smt2 -in -t:12000
[2026-06-05 23:15:50,686 INFO  L196   CegarNwaWorkerThread]: WorkerThread: Thread[#167,pool-1-thread-15,5,main] is Waiting for a Task
[2026-06-05 23:15:50,688 INFO  L189       MonitoredProcess]: No working directory specified, using /usr/bin/z3
[2026-06-05 23:15:50,690 INFO  L229       MonitoredProcess]: Starting monitored process 17 with /usr/bin/z3 SMTLIB2_COMPLIANT=true -memory:1024 -smt2 -in -t:12000 (exit command is (exit), workingDir is null)
[2026-06-05 23:15:50,690 INFO  L327       MonitoredProcess]: [MP /usr/bin/z3 SMTLIB2_COMPLIANT=true -memory:1024 -smt2 -in -t:12000 (17)] Waiting until timeout for monitored process
[2026-06-05 23:15:50,697 WARN  L330   ript$VariableManager]: TermVariable v_ULTIMATE.start_main_~zz~5_4 not constructed by VariableManager. Cannot ensure absence of name clashes.
[2026-06-05 23:15:50,697 WARN  L330   ript$VariableManager]: TermVariable v_ULTIMATE.start___VERIFIER_assert_~cond_3 not constructed by VariableManager. Cannot ensure absence of name clashes.
[2026-06-05 23:15:50,697 WARN  L330   ript$VariableManager]: TermVariable |v_ULTIMATE.start___VERIFIER_assert_#in~cond_2| not constructed by VariableManager. Cannot ensure absence of name clashes.
[2026-06-05 23:15:50,698 INFO  L196   CegarNwaWorkerThread]: WorkerThread: Thread[#173,pool-1-thread-16,5,main] is Waiting for a Task
[2026-06-05 23:15:50,699 INFO  L86        PathProgramCache]: Analyzing trace with hash 29955, now seen corresponding path program 1 times
[2026-06-05 23:15:50,699 INFO  L435   ParallelNwaCegarLoop]: Main: Starting Thread
[2026-06-05 23:15:50,699 INFO  L251   ParallelNwaCegarLoop]: === Iteration 1 ===
[2026-06-05 23:15:50,699 INFO  L304   ParallelNwaCegarLoop]: No more worker results to process
[2026-06-05 23:15:50,699 INFO  L290                IsEmpty]: Start isEmpty. Operand  has 5 states, 3 states have (on average 1.6666666666666667) internal successors, (5), 4 states have internal predecessors, (5), 0 states have call successors, (0), 0 states have call predecessors, (0), 0 states have return successors, (0), 0 states have call predecessors, (0), 0 states have call successors, (0)
[2026-06-05 23:15:50,699 INFO  L300                IsEmpty]: Finished isEmpty. Found accepting run of length 4
[2026-06-05 23:15:50,699 WARN  L753                IsEmpty]: Correctness of emptinessCheck not tested.
[2026-06-05 23:15:50,700 INFO  L209   CegarNwaWorkerThread]: Starting Thread: 80# for Trace Check: 29955
[2026-06-05 23:15:50,701 INFO  L79                 Accepts]: Start accepts. Automaton has  has 5 states, 3 states have (on average 1.6666666666666667) internal successors, (5), 4 states have internal predecessors, (5), 0 states have call successors, (0), 0 states have call predecessors, (0), 0 states have return successors, (0), 0 states have call predecessors, (0), 0 states have call successors, (0) Word has length 3
[2026-06-05 23:15:50,702 INFO  L156       PredicateUnifier]: Initialized classic predicate unifier
[2026-06-05 23:15:50,702 INFO  L85                 Accepts]: Finished accepts. word is accepted.
[2026-06-05 23:15:50,702 INFO  L86        PathProgramCache]: Analyzing trace with hash 29955, now seen corresponding path program 1 times
[2026-06-05 23:15:50,702 INFO  L757                IsEmpty]: Finished testing correctness of emptinessCheck
[2026-06-05 23:15:50,702 INFO  L675   ParallelNwaCegarLoop]: BFS found an active duplicate counterexample.
[2026-06-05 23:15:50,702 INFO  L290                IsEmpty]: Start isEmptyParallel. Operand  has 5 states, 3 states have (on average 1.6666666666666667) internal successors, (5), 4 states have internal predecessors, (5), 0 states have call successors, (0), 0 states have call predecessors, (0), 0 states have return successors, (0), 0 states have call predecessors, (0), 0 states have call successors, (0)
[2026-06-05 23:15:50,702 INFO  L300                IsEmpty]: Finished isEmptyParallel. No accepting run.
[2026-06-05 23:15:50,702 INFO  L156        IsEmptyParallel]: Start isEmptyParallel. Operand  has 5 states, 3 states have (on average 1.6666666666666667) internal successors, (5), 4 states have internal predecessors, (5), 0 states have call successors, (0), 0 states have call predecessors, (0), 0 states have return successors, (0), 0 states have call predecessors, (0), 0 states have call successors, (0)
[2026-06-05 23:15:50,705 INFO  L118   FreeRefinementEngine]: Executing refinement strategy CAMEL
[2026-06-05 23:15:50,705 INFO  L182       IsEmptyHeuristic]: Start isEmptyHeuristic. Operand  has 5 states, 3 states have (on average 1.6666666666666667) internal successors, (5), 4 states have internal predecessors, (5), 0 states have call successors, (0), 0 states have call predecessors, (0), 0 states have return successors, (0), 0 states have call predecessors, (0), 0 states have call successors, (0)
[2026-06-05 23:15:50,705 INFO  L324   FreeRefinementEngine]: Using trace check IpTcStrategyModuleSmtInterpolCraig [1269631114]
[2026-06-05 23:15:50,705 INFO  L97    rtionOrderModulation]: Keeping assertion order NOT_INCREMENTALLY
[2026-06-05 23:15:50,705 INFO  L127          SolverBuilder]: Constructing new instance of SMTInterpol with explicit timeout -1 ms and remaining time -1 ms
[2026-06-05 23:15:50,706 INFO  L188       IsEmptyHeuristic]: Finished isEmptyHeuristic. Found accepting run of length 6
[2026-06-05 23:15:50,706 INFO  L163        IsEmptyParallel]: Finished isEmptyParallel. Found accepting run of length 6
[2026-06-05 23:15:50,706 WARN  L753                IsEmpty]: Correctness of emptinessCheck not tested.
[2026-06-05 23:15:50,706 INFO  L79                 Accepts]: Start accepts. Automaton has  has 5 states, 3 states have (on average 1.6666666666666667) internal successors, (5), 4 states have internal predecessors, (5), 0 states have call successors, (0), 0 states have call predecessors, (0), 0 states have return successors, (0), 0 states have call predecessors, (0), 0 states have call successors, (0) Word has length 5
[2026-06-05 23:15:50,707 INFO  L85                 Accepts]: Finished accepts. word is accepted.
[2026-06-05 23:15:50,707 INFO  L757                IsEmpty]: Finished testing correctness of emptinessCheck
[2026-06-05 23:15:50,707 INFO  L671   ParallelNwaCegarLoop]: Found new Counterexample via IsEmptyParallel LCPS_FULL!
[2026-06-05 23:15:50,707 INFO  L86        PathProgramCache]: Analyzing trace with hash 28844579, now seen corresponding path program 1 times
[2026-06-05 23:15:50,707 INFO  L435   ParallelNwaCegarLoop]: Main: Starting Thread
[2026-06-05 23:15:50,707 INFO  L209   CegarNwaWorkerThread]: Starting Thread: 86# for Trace Check: 28844579
[2026-06-05 23:15:50,707 INFO  L290                IsEmpty]: Start isEmptyParallel. Operand  has 5 states, 3 states have (on average 1.6666666666666667) internal successors, (5), 4 states have internal predecessors, (5), 0 states have call successors, (0), 0 states have call predecessors, (0), 0 states have return successors, (0), 0 states have call predecessors, (0), 0 states have call successors, (0)
[2026-06-05 23:15:50,707 INFO  L300                IsEmpty]: Finished isEmptyParallel. No accepting run.
[2026-06-05 23:15:50,707 INFO  L156        IsEmptyParallel]: Start isEmptyParallel. Operand  has 5 states, 3 states have (on average 1.6666666666666667) internal successors, (5), 4 states have internal predecessors, (5), 0 states have call successors, (0), 0 states have call predecessors, (0), 0 states have return successors, (0), 0 states have call predecessors, (0), 0 states have call successors, (0)
[2026-06-05 23:15:50,707 INFO  L182       IsEmptyHeuristic]: Start isEmptyHeuristic. Operand  has 5 states, 3 states have (on average 1.6666666666666667) internal successors, (5), 4 states have internal predecessors, (5), 0 states have call successors, (0), 0 states have call predecessors, (0), 0 states have return successors, (0), 0 states have call predecessors, (0), 0 states have call successors, (0)
[2026-06-05 23:15:50,707 INFO  L156       PredicateUnifier]: Initialized classic predicate unifier
[2026-06-05 23:15:50,707 INFO  L188       IsEmptyHeuristic]: Finished isEmptyHeuristic. Found accepting run of length 5
[2026-06-05 23:15:50,707 INFO  L86        PathProgramCache]: Analyzing trace with hash 28844579, now seen corresponding path program 1 times
[2026-06-05 23:15:50,707 INFO  L163        IsEmptyParallel]: Finished isEmptyParallel. Found accepting run of length 5
[2026-06-05 23:15:50,707 WARN  L753                IsEmpty]: Correctness of emptinessCheck not tested.
[2026-06-05 23:15:50,707 INFO  L79                 Accepts]: Start accepts. Automaton has  has 5 states, 3 states have (on average 1.6666666666666667) internal successors, (5), 4 states have internal predecessors, (5), 0 states have call successors, (0), 0 states have call predecessors, (0), 0 states have return successors, (0), 0 states have call predecessors, (0), 0 states have call successors, (0) Word has length 4
[2026-06-05 23:15:50,707 INFO  L118   FreeRefinementEngine]: Executing refinement strategy CAMEL
[2026-06-05 23:15:50,707 INFO  L85                 Accepts]: Finished accepts. word is accepted.
[2026-06-05 23:15:50,707 INFO  L757                IsEmpty]: Finished testing correctness of emptinessCheck
[2026-06-05 23:15:50,707 INFO  L324   FreeRefinementEngine]: Using trace check IpTcStrategyModuleSmtInterpolCraig [1937741890]
[2026-06-05 23:15:50,707 INFO  L671   ParallelNwaCegarLoop]: Found new Counterexample via IsEmptyParallel LCPS_FULL!
[2026-06-05 23:15:50,707 INFO  L97    rtionOrderModulation]: Keeping assertion order NOT_INCREMENTALLY
[2026-06-05 23:15:50,707 INFO  L86        PathProgramCache]: Analyzing trace with hash 930412, now seen corresponding path program 2 times
[2026-06-05 23:15:50,707 INFO  L435   ParallelNwaCegarLoop]: Main: Starting Thread
[2026-06-05 23:15:50,707 INFO  L127          SolverBuilder]: Constructing new instance of SMTInterpol with explicit timeout -1 ms and remaining time -1 ms
[2026-06-05 23:15:50,707 INFO  L209   CegarNwaWorkerThread]: Starting Thread: 95# for Trace Check: 930412
[2026-06-05 23:15:50,707 INFO  L290                IsEmpty]: Start isEmptyParallel. Operand  has 5 states, 3 states have (on average 1.6666666666666667) internal successors, (5), 4 states have internal predecessors, (5), 0 states have call successors, (0), 0 states have call predecessors, (0), 0 states have return successors, (0), 0 states have call predecessors, (0), 0 states have call successors, (0)
[2026-06-05 23:15:50,707 INFO  L300                IsEmpty]: Finished isEmptyParallel. No accepting run.
[2026-06-05 23:15:50,708 INFO  L156        IsEmptyParallel]: Start isEmptyParallel. Operand  has 5 states, 3 states have (on average 1.6666666666666667) internal successors, (5), 4 states have internal predecessors, (5), 0 states have call successors, (0), 0 states have call predecessors, (0), 0 states have return successors, (0), 0 states have call predecessors, (0), 0 states have call successors, (0)
[2026-06-05 23:15:50,708 INFO  L156       PredicateUnifier]: Initialized classic predicate unifier
[2026-06-05 23:15:50,708 INFO  L86        PathProgramCache]: Analyzing trace with hash 930412, now seen corresponding path program 2 times
[2026-06-05 23:15:50,708 INFO  L118   FreeRefinementEngine]: Executing refinement strategy CAMEL
[2026-06-05 23:15:50,708 INFO  L182       IsEmptyHeuristic]: Start isEmptyHeuristic. Operand  has 5 states, 3 states have (on average 1.6666666666666667) internal successors, (5), 4 states have internal predecessors, (5), 0 states have call successors, (0), 0 states have call predecessors, (0), 0 states have return successors, (0), 0 states have call predecessors, (0), 0 states have call successors, (0)
[2026-06-05 23:15:50,708 INFO  L324   FreeRefinementEngine]: Using trace check IpTcStrategyModuleSmtInterpolCraig [734274383]
[2026-06-05 23:15:50,708 INFO  L95    rtionOrderModulation]: Changing assertion order to OUTSIDE_LOOP_FIRST1
[2026-06-05 23:15:50,708 INFO  L188       IsEmptyHeuristic]: Finished isEmptyHeuristic. No accepting run.
[2026-06-05 23:15:50,708 INFO  L127          SolverBuilder]: Constructing new instance of SMTInterpol with explicit timeout -1 ms and remaining time -1 ms
[2026-06-05 23:15:50,708 INFO  L182       IsEmptyHeuristic]: Start isEmptyHeuristic. Operand  has 5 states, 3 states have (on average 1.6666666666666667) internal successors, (5), 4 states have internal predecessors, (5), 0 states have call successors, (0), 0 states have call predecessors, (0), 0 states have return successors, (0), 0 states have call predecessors, (0), 0 states have call successors, (0)
[2026-06-05 23:15:50,708 INFO  L188       IsEmptyHeuristic]: Finished isEmptyHeuristic. No accepting run.
[2026-06-05 23:15:50,708 INFO  L182       IsEmptyHeuristic]: Start isEmptyHeuristic. Operand  has 5 states, 3 states have (on average 1.6666666666666667) internal successors, (5), 4 states have internal predecessors, (5), 0 states have call successors, (0), 0 states have call predecessors, (0), 0 states have return successors, (0), 0 states have call predecessors, (0), 0 states have call successors, (0)
[2026-06-05 23:15:50,708 INFO  L188       IsEmptyHeuristic]: Finished isEmptyHeuristic. Found accepting run of length 8
[2026-06-05 23:15:50,708 INFO  L163        IsEmptyParallel]: Finished isEmptyParallel. Found accepting run of length 8
[2026-06-05 23:15:50,708 WARN  L753                IsEmpty]: Correctness of emptinessCheck not tested.
[2026-06-05 23:15:50,708 INFO  L79                 Accepts]: Start accepts. Automaton has  has 5 states, 3 states have (on average 1.6666666666666667) internal successors, (5), 4 states have internal predecessors, (5), 0 states have call successors, (0), 0 states have call predecessors, (0), 0 states have return successors, (0), 0 states have call predecessors, (0), 0 states have call successors, (0) Word has length 7
[2026-06-05 23:15:50,708 INFO  L85                 Accepts]: Finished accepts. word is accepted.
[2026-06-05 23:15:50,708 INFO  L757                IsEmpty]: Finished testing correctness of emptinessCheck
[2026-06-05 23:15:50,708 INFO  L671   ParallelNwaCegarLoop]: Found new Counterexample via IsEmptyParallel LCPS_FULL!
[2026-06-05 23:15:50,708 INFO  L86        PathProgramCache]: Analyzing trace with hash 1949894467, now seen corresponding path program 3 times
[2026-06-05 23:15:50,708 INFO  L435   ParallelNwaCegarLoop]: Main: Starting Thread
[2026-06-05 23:15:50,709 INFO  L290                IsEmpty]: Start isEmptyParallel. Operand  has 5 states, 3 states have (on average 1.6666666666666667) internal successors, (5), 4 states have internal predecessors, (5), 0 states have call successors, (0), 0 states have call predecessors, (0), 0 states have return successors, (0), 0 states have call predecessors, (0), 0 states have call successors, (0)
[2026-06-05 23:15:50,709 INFO  L300                IsEmpty]: Finished isEmptyParallel. No accepting run.
[2026-06-05 23:15:50,709 INFO  L209   CegarNwaWorkerThread]: Starting Thread: 101# for Trace Check: 1949894467
[2026-06-05 23:15:50,709 INFO  L156        IsEmptyParallel]: Start isEmptyParallel. Operand  has 5 states, 3 states have (on average 1.6666666666666667) internal successors, (5), 4 states have internal predecessors, (5), 0 states have call successors, (0), 0 states have call predecessors, (0), 0 states have return successors, (0), 0 states have call predecessors, (0), 0 states have call successors, (0)
[2026-06-05 23:15:50,709 INFO  L182       IsEmptyHeuristic]: Start isEmptyHeuristic. Operand  has 5 states, 3 states have (on average 1.6666666666666667) internal successors, (5), 4 states have internal predecessors, (5), 0 states have call successors, (0), 0 states have call predecessors, (0), 0 states have return successors, (0), 0 states have call predecessors, (0), 0 states have call successors, (0)
[2026-06-05 23:15:50,709 INFO  L156       PredicateUnifier]: Initialized classic predicate unifier
[2026-06-05 23:15:50,709 INFO  L188       IsEmptyHeuristic]: Finished isEmptyHeuristic. No accepting run.
[2026-06-05 23:15:50,709 INFO  L86        PathProgramCache]: Analyzing trace with hash 1949894467, now seen corresponding path program 3 times
[2026-06-05 23:15:50,709 INFO  L118   FreeRefinementEngine]: Executing refinement strategy CAMEL
[2026-06-05 23:15:50,709 INFO  L324   FreeRefinementEngine]: Using trace check IpTcStrategyModuleSmtInterpolCraig [1408524103]
[2026-06-05 23:15:50,709 INFO  L95    rtionOrderModulation]: Changing assertion order to OUTSIDE_LOOP_FIRST2
[2026-06-05 23:15:50,709 INFO  L182       IsEmptyHeuristic]: Start isEmptyHeuristic. Operand  has 5 states, 3 states have (on average 1.6666666666666667) internal successors, (5), 4 states have internal predecessors, (5), 0 states have call successors, (0), 0 states have call predecessors, (0), 0 states have return successors, (0), 0 states have call predecessors, (0), 0 states have call successors, (0)
[2026-06-05 23:15:50,709 INFO  L127          SolverBuilder]: Constructing new instance of SMTInterpol with explicit timeout -1 ms and remaining time -1 ms
[2026-06-05 23:15:50,709 INFO  L188       IsEmptyHeuristic]: Finished isEmptyHeuristic. No accepting run.
[2026-06-05 23:15:50,709 INFO  L182       IsEmptyHeuristic]: Start isEmptyHeuristic. Operand  has 5 states, 3 states have (on average 1.6666666666666667) internal successors, (5), 4 states have internal predecessors, (5), 0 states have call successors, (0), 0 states have call predecessors, (0), 0 states have return successors, (0), 0 states have call predecessors, (0), 0 states have call successors, (0)
[2026-06-05 23:15:50,709 INFO  L188       IsEmptyHeuristic]: Finished isEmptyHeuristic. No accepting run.
[2026-06-05 23:15:50,710 INFO  L182       IsEmptyHeuristic]: Start isEmptyHeuristic. Operand  has 5 states, 3 states have (on average 1.6666666666666667) internal successors, (5), 4 states have internal predecessors, (5), 0 states have call successors, (0), 0 states have call predecessors, (0), 0 states have return successors, (0), 0 states have call predecessors, (0), 0 states have call successors, (0)
[2026-06-05 23:15:50,710 INFO  L188       IsEmptyHeuristic]: Finished isEmptyHeuristic. Found accepting run of length 7
[2026-06-05 23:15:50,710 INFO  L163        IsEmptyParallel]: Finished isEmptyParallel. Found accepting run of length 7
[2026-06-05 23:15:50,710 WARN  L753                IsEmpty]: Correctness of emptinessCheck not tested.
[2026-06-05 23:15:50,710 INFO  L79                 Accepts]: Start accepts. Automaton has  has 5 states, 3 states have (on average 1.6666666666666667) internal successors, (5), 4 states have internal predecessors, (5), 0 states have call successors, (0), 0 states have call predecessors, (0), 0 states have return successors, (0), 0 states have call predecessors, (0), 0 states have call successors, (0) Word has length 6
[2026-06-05 23:15:50,710 INFO  L85                 Accepts]: Finished accepts. word is accepted.
[2026-06-05 23:15:50,710 INFO  L757                IsEmpty]: Finished testing correctness of emptinessCheck
[2026-06-05 23:15:50,710 INFO  L671   ParallelNwaCegarLoop]: Found new Counterexample via IsEmptyParallel LCPS_FULL!
[2026-06-05 23:15:50,710 INFO  L86        PathProgramCache]: Analyzing trace with hash 894183756, now seen corresponding path program 4 times
[2026-06-05 23:15:50,710 INFO  L435   ParallelNwaCegarLoop]: Main: Starting Thread
[2026-06-05 23:15:50,710 INFO  L209   CegarNwaWorkerThread]: Starting Thread: 107# for Trace Check: 894183756
[2026-06-05 23:15:50,710 INFO  L290                IsEmpty]: Start isEmptyParallel. Operand  has 5 states, 3 states have (on average 1.6666666666666667) internal successors, (5), 4 states have internal predecessors, (5), 0 states have call successors, (0), 0 states have call predecessors, (0), 0 states have return successors, (0), 0 states have call predecessors, (0), 0 states have call successors, (0)
[2026-06-05 23:15:50,710 INFO  L300                IsEmpty]: Finished isEmptyParallel. No accepting run.
[2026-06-05 23:15:50,710 INFO  L156        IsEmptyParallel]: Start isEmptyParallel. Operand  has 5 states, 3 states have (on average 1.6666666666666667) internal successors, (5), 4 states have internal predecessors, (5), 0 states have call successors, (0), 0 states have call predecessors, (0), 0 states have return successors, (0), 0 states have call predecessors, (0), 0 states have call successors, (0)
[2026-06-05 23:15:50,710 INFO  L156       PredicateUnifier]: Initialized classic predicate unifier
[2026-06-05 23:15:50,710 INFO  L86        PathProgramCache]: Analyzing trace with hash 894183756, now seen corresponding path program 4 times
[2026-06-05 23:15:50,710 INFO  L118   FreeRefinementEngine]: Executing refinement strategy CAMEL
[2026-06-05 23:15:50,710 INFO  L324   FreeRefinementEngine]: Using trace check IpTcStrategyModuleSmtInterpolCraig [17016719]
[2026-06-05 23:15:50,710 INFO  L182       IsEmptyHeuristic]: Start isEmptyHeuristic. Operand  has 5 states, 3 states have (on average 1.6666666666666667) internal successors, (5), 4 states have internal predecessors, (5), 0 states have call successors, (0), 0 states have call predecessors, (0), 0 states have return successors, (0), 0 states have call predecessors, (0), 0 states have call successors, (0)
[2026-06-05 23:15:50,710 INFO  L95    rtionOrderModulation]: Changing assertion order to TERMS_WITH_SMALL_CONSTANTS_FIRST
[2026-06-05 23:15:50,710 INFO  L127          SolverBuilder]: Constructing new instance of SMTInterpol with explicit timeout -1 ms and remaining time -1 ms
[2026-06-05 23:15:50,710 INFO  L188       IsEmptyHeuristic]: Finished isEmptyHeuristic. No accepting run.
[2026-06-05 23:15:50,711 INFO  L182       IsEmptyHeuristic]: Start isEmptyHeuristic. Operand  has 5 states, 3 states have (on average 1.6666666666666667) internal successors, (5), 4 states have internal predecessors, (5), 0 states have call successors, (0), 0 states have call predecessors, (0), 0 states have return successors, (0), 0 states have call predecessors, (0), 0 states have call successors, (0)
[2026-06-05 23:15:50,711 INFO  L188       IsEmptyHeuristic]: Finished isEmptyHeuristic. No accepting run.
[2026-06-05 23:15:50,711 INFO  L182       IsEmptyHeuristic]: Start isEmptyHeuristic. Operand  has 5 states, 3 states have (on average 1.6666666666666667) internal successors, (5), 4 states have internal predecessors, (5), 0 states have call successors, (0), 0 states have call predecessors, (0), 0 states have return successors, (0), 0 states have call predecessors, (0), 0 states have call successors, (0)
[2026-06-05 23:15:50,711 INFO  L188       IsEmptyHeuristic]: Finished isEmptyHeuristic. No accepting run.
[2026-06-05 23:15:50,711 INFO  L182       IsEmptyHeuristic]: Start isEmptyHeuristic. Operand  has 5 states, 3 states have (on average 1.6666666666666667) internal successors, (5), 4 states have internal predecessors, (5), 0 states have call successors, (0), 0 states have call predecessors, (0), 0 states have return successors, (0), 0 states have call predecessors, (0), 0 states have call successors, (0)
[2026-06-05 23:15:50,711 INFO  L188       IsEmptyHeuristic]: Finished isEmptyHeuristic. No accepting run.
[2026-06-05 23:15:50,712 INFO  L182       IsEmptyHeuristic]: Start isEmptyHeuristic. Operand  has 5 states, 3 states have (on average 1.6666666666666667) internal successors, (5), 4 states have internal predecessors, (5), 0 states have call successors, (0), 0 states have call predecessors, (0), 0 states have return successors, (0), 0 states have call predecessors, (0), 0 states have call successors, (0)
[2026-06-05 23:15:50,712 INFO  L188       IsEmptyHeuristic]: Finished isEmptyHeuristic. Found accepting run of length 10
[2026-06-05 23:15:50,712 INFO  L163        IsEmptyParallel]: Finished isEmptyParallel. Found accepting run of length 10
[2026-06-05 23:15:50,712 WARN  L753                IsEmpty]: Correctness of emptinessCheck not tested.
[2026-06-05 23:15:50,712 INFO  L79                 Accepts]: Start accepts. Automaton has  has 5 states, 3 states have (on average 1.6666666666666667) internal successors, (5), 4 states have internal predecessors, (5), 0 states have call successors, (0), 0 states have call predecessors, (0), 0 states have return successors, (0), 0 states have call predecessors, (0), 0 states have call successors, (0) Word has length 9
[2026-06-05 23:15:50,712 INFO  L85                 Accepts]: Finished accepts. word is accepted.
[2026-06-05 23:15:50,712 INFO  L757                IsEmpty]: Finished testing correctness of emptinessCheck
[2026-06-05 23:15:50,712 INFO  L671   ParallelNwaCegarLoop]: Found new Counterexample via IsEmptyParallel LCPS_FULL!
[2026-06-05 23:15:50,712 INFO  L86        PathProgramCache]: Analyzing trace with hash 1242899555, now seen corresponding path program 5 times
[2026-06-05 23:15:50,712 INFO  L435   ParallelNwaCegarLoop]: Main: Starting Thread
[2026-06-05 23:15:50,712 INFO  L209   CegarNwaWorkerThread]: Starting Thread: 113# for Trace Check: 1242899555
[2026-06-05 23:15:50,712 INFO  L290                IsEmpty]: Start isEmptyParallel. Operand  has 5 states, 3 states have (on average 1.6666666666666667) internal successors, (5), 4 states have internal predecessors, (5), 0 states have call successors, (0), 0 states have call predecessors, (0), 0 states have return successors, (0), 0 states have call predecessors, (0), 0 states have call successors, (0)
[2026-06-05 23:15:50,712 INFO  L300                IsEmpty]: Finished isEmptyParallel. No accepting run.
[2026-06-05 23:15:50,712 INFO  L156        IsEmptyParallel]: Start isEmptyParallel. Operand  has 5 states, 3 states have (on average 1.6666666666666667) internal successors, (5), 4 states have internal predecessors, (5), 0 states have call successors, (0), 0 states have call predecessors, (0), 0 states have return successors, (0), 0 states have call predecessors, (0), 0 states have call successors, (0)
[2026-06-05 23:15:50,712 INFO  L156       PredicateUnifier]: Initialized classic predicate unifier
[2026-06-05 23:15:50,712 INFO  L86        PathProgramCache]: Analyzing trace with hash 1242899555, now seen corresponding path program 5 times
[2026-06-05 23:15:50,712 INFO  L182       IsEmptyHeuristic]: Start isEmptyHeuristic. Operand  has 5 states, 3 states have (on average 1.6666666666666667) internal successors, (5), 4 states have internal predecessors, (5), 0 states have call successors, (0), 0 states have call predecessors, (0), 0 states have return successors, (0), 0 states have call predecessors, (0), 0 states have call successors, (0)
[2026-06-05 23:15:50,712 INFO  L118   FreeRefinementEngine]: Executing refinement strategy CAMEL
[2026-06-05 23:15:50,712 INFO  L188       IsEmptyHeuristic]: Finished isEmptyHeuristic. No accepting run.
[2026-06-05 23:15:50,712 INFO  L324   FreeRefinementEngine]: Using trace check IpTcStrategyModuleSmtInterpolCraig [1514660810]
[2026-06-05 23:15:50,712 INFO  L95    rtionOrderModulation]: Changing assertion order to INSIDE_LOOP_FIRST1
[2026-06-05 23:15:50,712 INFO  L127          SolverBuilder]: Constructing new instance of SMTInterpol with explicit timeout -1 ms and remaining time -1 ms
[2026-06-05 23:15:50,712 INFO  L182       IsEmptyHeuristic]: Start isEmptyHeuristic. Operand  has 5 states, 3 states have (on average 1.6666666666666667) internal successors, (5), 4 states have internal predecessors, (5), 0 states have call successors, (0), 0 states have call predecessors, (0), 0 states have return successors, (0), 0 states have call predecessors, (0), 0 states have call successors, (0)
[2026-06-05 23:15:50,712 INFO  L188       IsEmptyHeuristic]: Finished isEmptyHeuristic. No accepting run.
[2026-06-05 23:15:50,712 INFO  L182       IsEmptyHeuristic]: Start isEmptyHeuristic. Operand  has 5 states, 3 states have (on average 1.6666666666666667) internal successors, (5), 4 states have internal predecessors, (5), 0 states have call successors, (0), 0 states have call predecessors, (0), 0 states have return successors, (0), 0 states have call predecessors, (0), 0 states have call successors, (0)
[2026-06-05 23:15:50,713 INFO  L188       IsEmptyHeuristic]: Finished isEmptyHeuristic. No accepting run.
[2026-06-05 23:15:50,713 INFO  L182       IsEmptyHeuristic]: Start isEmptyHeuristic. Operand  has 5 states, 3 states have (on average 1.6666666666666667) internal successors, (5), 4 states have internal predecessors, (5), 0 states have call successors, (0), 0 states have call predecessors, (0), 0 states have return successors, (0), 0 states have call predecessors, (0), 0 states have call successors, (0)
[2026-06-05 23:15:50,713 INFO  L188       IsEmptyHeuristic]: Finished isEmptyHeuristic. No accepting run.
[2026-06-05 23:15:50,713 INFO  L182       IsEmptyHeuristic]: Start isEmptyHeuristic. Operand  has 5 states, 3 states have (on average 1.6666666666666667) internal successors, (5), 4 states have internal predecessors, (5), 0 states have call successors, (0), 0 states have call predecessors, (0), 0 states have return successors, (0), 0 states have call predecessors, (0), 0 states have call successors, (0)
[2026-06-05 23:15:50,713 INFO  L188       IsEmptyHeuristic]: Finished isEmptyHeuristic. No accepting run.
[2026-06-05 23:15:50,713 INFO  L182       IsEmptyHeuristic]: Start isEmptyHeuristic. Operand  has 5 states, 3 states have (on average 1.6666666666666667) internal successors, (5), 4 states have internal predecessors, (5), 0 states have call successors, (0), 0 states have call predecessors, (0), 0 states have return successors, (0), 0 states have call predecessors, (0), 0 states have call successors, (0)
[2026-06-05 23:15:50,713 INFO  L188       IsEmptyHeuristic]: Finished isEmptyHeuristic. Found accepting run of length 9
[2026-06-05 23:15:50,713 INFO  L163        IsEmptyParallel]: Finished isEmptyParallel. Found accepting run of length 9
[2026-06-05 23:15:50,713 WARN  L753                IsEmpty]: Correctness of emptinessCheck not tested.
[2026-06-05 23:15:50,713 INFO  L79                 Accepts]: Start accepts. Automaton has  has 5 states, 3 states have (on average 1.6666666666666667) internal successors, (5), 4 states have internal predecessors, (5), 0 states have call successors, (0), 0 states have call predecessors, (0), 0 states have return successors, (0), 0 states have call predecessors, (0), 0 states have call successors, (0) Word has length 8
[2026-06-05 23:15:50,713 INFO  L85                 Accepts]: Finished accepts. word is accepted.
[2026-06-05 23:15:50,713 INFO  L757                IsEmpty]: Finished testing correctness of emptinessCheck
[2026-06-05 23:15:50,713 INFO  L671   ParallelNwaCegarLoop]: Found new Counterexample via IsEmptyParallel LCPS_FULL!
[2026-06-05 23:15:50,713 INFO  L86        PathProgramCache]: Analyzing trace with hash 317188140, now seen corresponding path program 6 times
[2026-06-05 23:15:50,713 INFO  L435   ParallelNwaCegarLoop]: Main: Starting Thread
[2026-06-05 23:15:50,714 INFO  L209   CegarNwaWorkerThread]: Starting Thread: 119# for Trace Check: 317188140
[2026-06-05 23:15:50,714 INFO  L290                IsEmpty]: Start isEmptyParallel. Operand  has 5 states, 3 states have (on average 1.6666666666666667) internal successors, (5), 4 states have internal predecessors, (5), 0 states have call successors, (0), 0 states have call predecessors, (0), 0 states have return successors, (0), 0 states have call predecessors, (0), 0 states have call successors, (0)
[2026-06-05 23:15:50,714 INFO  L300                IsEmpty]: Finished isEmptyParallel. No accepting run.
[2026-06-05 23:15:50,714 INFO  L156        IsEmptyParallel]: Start isEmptyParallel. Operand  has 5 states, 3 states have (on average 1.6666666666666667) internal successors, (5), 4 states have internal predecessors, (5), 0 states have call successors, (0), 0 states have call predecessors, (0), 0 states have return successors, (0), 0 states have call predecessors, (0), 0 states have call successors, (0)
[2026-06-05 23:15:50,714 INFO  L156       PredicateUnifier]: Initialized classic predicate unifier
[2026-06-05 23:15:50,714 INFO  L86        PathProgramCache]: Analyzing trace with hash 317188140, now seen corresponding path program 6 times
[2026-06-05 23:15:50,714 INFO  L182       IsEmptyHeuristic]: Start isEmptyHeuristic. Operand  has 5 states, 3 states have (on average 1.6666666666666667) internal successors, (5), 4 states have internal predecessors, (5), 0 states have call successors, (0), 0 states have call predecessors, (0), 0 states have return successors, (0), 0 states have call predecessors, (0), 0 states have call successors, (0)
[2026-06-05 23:15:50,714 INFO  L118   FreeRefinementEngine]: Executing refinement strategy CAMEL
[2026-06-05 23:15:50,714 INFO  L324   FreeRefinementEngine]: Using trace check IpTcStrategyModuleSmtInterpolCraig [1345862372]
[2026-06-05 23:15:50,714 INFO  L95    rtionOrderModulation]: Changing assertion order to MIX_INSIDE_OUTSIDE
[2026-06-05 23:15:50,714 INFO  L188       IsEmptyHeuristic]: Finished isEmptyHeuristic. No accepting run.
[2026-06-05 23:15:50,714 INFO  L127          SolverBuilder]: Constructing new instance of SMTInterpol with explicit timeout -1 ms and remaining time -1 ms
[2026-06-05 23:15:50,714 INFO  L182       IsEmptyHeuristic]: Start isEmptyHeuristic. Operand  has 5 states, 3 states have (on average 1.6666666666666667) internal successors, (5), 4 states have internal predecessors, (5), 0 states have call successors, (0), 0 states have call predecessors, (0), 0 states have return successors, (0), 0 states have call predecessors, (0), 0 states have call successors, (0)
[2026-06-05 23:15:50,714 INFO  L188       IsEmptyHeuristic]: Finished isEmptyHeuristic. No accepting run.
[2026-06-05 23:15:50,714 INFO  L182       IsEmptyHeuristic]: Start isEmptyHeuristic. Operand  has 5 states, 3 states have (on average 1.6666666666666667) internal successors, (5), 4 states have internal predecessors, (5), 0 states have call successors, (0), 0 states have call predecessors, (0), 0 states have return successors, (0), 0 states have call predecessors, (0), 0 states have call successors, (0)
[2026-06-05 23:15:50,714 INFO  L188       IsEmptyHeuristic]: Finished isEmptyHeuristic. No accepting run.
[2026-06-05 23:15:50,714 INFO  L182       IsEmptyHeuristic]: Start isEmptyHeuristic. Operand  has 5 states, 3 states have (on average 1.6666666666666667) internal successors, (5), 4 states have internal predecessors, (5), 0 states have call successors, (0), 0 states have call predecessors, (0), 0 states have return successors, (0), 0 states have call predecessors, (0), 0 states have call successors, (0)
[2026-06-05 23:15:50,715 INFO  L188       IsEmptyHeuristic]: Finished isEmptyHeuristic. No accepting run.
[2026-06-05 23:15:50,715 INFO  L182       IsEmptyHeuristic]: Start isEmptyHeuristic. Operand  has 5 states, 3 states have (on average 1.6666666666666667) internal successors, (5), 4 states have internal predecessors, (5), 0 states have call successors, (0), 0 states have call predecessors, (0), 0 states have return successors, (0), 0 states have call predecessors, (0), 0 states have call successors, (0)
[2026-06-05 23:15:50,715 INFO  L188       IsEmptyHeuristic]: Finished isEmptyHeuristic. No accepting run.
[2026-06-05 23:15:50,715 INFO  L182       IsEmptyHeuristic]: Start isEmptyHeuristic. Operand  has 5 states, 3 states have (on average 1.6666666666666667) internal successors, (5), 4 states have internal predecessors, (5), 0 states have call successors, (0), 0 states have call predecessors, (0), 0 states have return successors, (0), 0 states have call predecessors, (0), 0 states have call successors, (0)
[2026-06-05 23:15:50,715 INFO  L188       IsEmptyHeuristic]: Finished isEmptyHeuristic. No accepting run.
[2026-06-05 23:15:50,715 INFO  L182       IsEmptyHeuristic]: Start isEmptyHeuristic. Operand  has 5 states, 3 states have (on average 1.6666666666666667) internal successors, (5), 4 states have internal predecessors, (5), 0 states have call successors, (0), 0 states have call predecessors, (0), 0 states have return successors, (0), 0 states have call predecessors, (0), 0 states have call successors, (0)
[2026-06-05 23:15:50,715 INFO  L188       IsEmptyHeuristic]: Finished isEmptyHeuristic. Found accepting run of length 12
[2026-06-05 23:15:50,715 INFO  L163        IsEmptyParallel]: Finished isEmptyParallel. Found accepting run of length 12
[2026-06-05 23:15:50,715 WARN  L753                IsEmpty]: Correctness of emptinessCheck not tested.
[2026-06-05 23:15:50,715 INFO  L79                 Accepts]: Start accepts. Automaton has  has 5 states, 3 states have (on average 1.6666666666666667) internal successors, (5), 4 states have internal predecessors, (5), 0 states have call successors, (0), 0 states have call predecessors, (0), 0 states have return successors, (0), 0 states have call predecessors, (0), 0 states have call successors, (0) Word has length 11
[2026-06-05 23:15:50,715 INFO  L85                 Accepts]: Finished accepts. word is accepted.
[2026-06-05 23:15:50,715 INFO  L757                IsEmpty]: Finished testing correctness of emptinessCheck
[2026-06-05 23:15:50,715 INFO  L671   ParallelNwaCegarLoop]: Found new Counterexample via IsEmptyParallel LCPS_FULL!
[2026-06-05 23:15:50,716 INFO  L86        PathProgramCache]: Analyzing trace with hash 425621891, now seen corresponding path program 7 times
[2026-06-05 23:15:50,716 INFO  L435   ParallelNwaCegarLoop]: Main: Starting Thread
[2026-06-05 23:15:50,716 INFO  L209   CegarNwaWorkerThread]: Starting Thread: 125# for Trace Check: 425621891
[2026-06-05 23:15:50,716 INFO  L290                IsEmpty]: Start isEmptyParallel. Operand  has 5 states, 3 states have (on average 1.6666666666666667) internal successors, (5), 4 states have internal predecessors, (5), 0 states have call successors, (0), 0 states have call predecessors, (0), 0 states have return successors, (0), 0 states have call predecessors, (0), 0 states have call successors, (0)
[2026-06-05 23:15:50,716 INFO  L300                IsEmpty]: Finished isEmptyParallel. No accepting run.
[2026-06-05 23:15:50,716 INFO  L156       PredicateUnifier]: Initialized classic predicate unifier
[2026-06-05 23:15:50,716 INFO  L156        IsEmptyParallel]: Start isEmptyParallel. Operand  has 5 states, 3 states have (on average 1.6666666666666667) internal successors, (5), 4 states have internal predecessors, (5), 0 states have call successors, (0), 0 states have call predecessors, (0), 0 states have return successors, (0), 0 states have call predecessors, (0), 0 states have call successors, (0)
[2026-06-05 23:15:50,716 INFO  L86        PathProgramCache]: Analyzing trace with hash 425621891, now seen corresponding path program 7 times
[2026-06-05 23:15:50,716 INFO  L118   FreeRefinementEngine]: Executing refinement strategy CAMEL
[2026-06-05 23:15:50,716 INFO  L324   FreeRefinementEngine]: Using trace check IpTcStrategyModuleSmtInterpolCraig [1034741949]
[2026-06-05 23:15:50,716 INFO  L95    rtionOrderModulation]: Changing assertion order to NOT_INCREMENTALLY
[2026-06-05 23:15:50,716 INFO  L127          SolverBuilder]: Constructing new instance of SMTInterpol with explicit timeout -1 ms and remaining time -1 ms
[2026-06-05 23:15:50,716 INFO  L182       IsEmptyHeuristic]: Start isEmptyHeuristic. Operand  has 5 states, 3 states have (on average 1.6666666666666667) internal successors, (5), 4 states have internal predecessors, (5), 0 states have call successors, (0), 0 states have call predecessors, (0), 0 states have return successors, (0), 0 states have call predecessors, (0), 0 states have call successors, (0)
[2026-06-05 23:15:50,716 INFO  L188       IsEmptyHeuristic]: Finished isEmptyHeuristic. No accepting run.
[2026-06-05 23:15:50,716 INFO  L182       IsEmptyHeuristic]: Start isEmptyHeuristic. Operand  has 5 states, 3 states have (on average 1.6666666666666667) internal successors, (5), 4 states have internal predecessors, (5), 0 states have call successors, (0), 0 states have call predecessors, (0), 0 states have return successors, (0), 0 states have call predecessors, (0), 0 states have call successors, (0)
[2026-06-05 23:15:50,716 INFO  L188       IsEmptyHeuristic]: Finished isEmptyHeuristic. No accepting run.
[2026-06-05 23:15:50,716 INFO  L182       IsEmptyHeuristic]: Start isEmptyHeuristic. Operand  has 5 states, 3 states have (on average 1.6666666666666667) internal successors, (5), 4 states have internal predecessors, (5), 0 states have call successors, (0), 0 states have call predecessors, (0), 0 states have return successors, (0), 0 states have call predecessors, (0), 0 states have call successors, (0)
[2026-06-05 23:15:50,716 INFO  L188       IsEmptyHeuristic]: Finished isEmptyHeuristic. No accepting run.
[2026-06-05 23:15:50,716 INFO  L182       IsEmptyHeuristic]: Start isEmptyHeuristic. Operand  has 5 states, 3 states have (on average 1.6666666666666667) internal successors, (5), 4 states have internal predecessors, (5), 0 states have call successors, (0), 0 states have call predecessors, (0), 0 states have return successors, (0), 0 states have call predecessors, (0), 0 states have call successors, (0)
[2026-06-05 23:15:50,716 INFO  L188       IsEmptyHeuristic]: Finished isEmptyHeuristic. No accepting run.
[2026-06-05 23:15:50,717 INFO  L182       IsEmptyHeuristic]: Start isEmptyHeuristic. Operand  has 5 states, 3 states have (on average 1.6666666666666667) internal successors, (5), 4 states have internal predecessors, (5), 0 states have call successors, (0), 0 states have call predecessors, (0), 0 states have return successors, (0), 0 states have call predecessors, (0), 0 states have call successors, (0)
[2026-06-05 23:15:50,717 INFO  L188       IsEmptyHeuristic]: Finished isEmptyHeuristic. No accepting run.
[2026-06-05 23:15:50,717 INFO  L182       IsEmptyHeuristic]: Start isEmptyHeuristic. Operand  has 5 states, 3 states have (on average 1.6666666666666667) internal successors, (5), 4 states have internal predecessors, (5), 0 states have call successors, (0), 0 states have call predecessors, (0), 0 states have return successors, (0), 0 states have call predecessors, (0), 0 states have call successors, (0)
[2026-06-05 23:15:50,717 INFO  L188       IsEmptyHeuristic]: Finished isEmptyHeuristic. No accepting run.
[2026-06-05 23:15:50,717 INFO  L182       IsEmptyHeuristic]: Start isEmptyHeuristic. Operand  has 5 states, 3 states have (on average 1.6666666666666667) internal successors, (5), 4 states have internal predecessors, (5), 0 states have call successors, (0), 0 states have call predecessors, (0), 0 states have return successors, (0), 0 states have call predecessors, (0), 0 states have call successors, (0)
[2026-06-05 23:15:50,717 INFO  L188       IsEmptyHeuristic]: Finished isEmptyHeuristic. No accepting run.
[2026-06-05 23:15:50,717 INFO  L182       IsEmptyHeuristic]: Start isEmptyHeuristic. Operand  has 5 states, 3 states have (on average 1.6666666666666667) internal successors, (5), 4 states have internal predecessors, (5), 0 states have call successors, (0), 0 states have call predecessors, (0), 0 states have return successors, (0), 0 states have call predecessors, (0), 0 states have call successors, (0)
[2026-06-05 23:15:50,717 INFO  L188       IsEmptyHeuristic]: Finished isEmptyHeuristic. Found accepting run of length 11
[2026-06-05 23:15:50,717 INFO  L163        IsEmptyParallel]: Finished isEmptyParallel. Found accepting run of length 11
[2026-06-05 23:15:50,717 WARN  L753                IsEmpty]: Correctness of emptinessCheck not tested.
[2026-06-05 23:15:50,717 INFO  L79                 Accepts]: Start accepts. Automaton has  has 5 states, 3 states have (on average 1.6666666666666667) internal successors, (5), 4 states have internal predecessors, (5), 0 states have call successors, (0), 0 states have call predecessors, (0), 0 states have return successors, (0), 0 states have call predecessors, (0), 0 states have call successors, (0) Word has length 10
[2026-06-05 23:15:50,717 INFO  L85                 Accepts]: Finished accepts. word is accepted.
[2026-06-05 23:15:50,717 INFO  L757                IsEmpty]: Finished testing correctness of emptinessCheck
[2026-06-05 23:15:50,717 INFO  L671   ParallelNwaCegarLoop]: Found new Counterexample via IsEmptyParallel LCPS_FULL!
[2026-06-05 23:15:50,717 INFO  L86        PathProgramCache]: Analyzing trace with hash -124817652, now seen corresponding path program 8 times
[2026-06-05 23:15:50,717 INFO  L435   ParallelNwaCegarLoop]: Main: Starting Thread
[2026-06-05 23:15:50,717 INFO  L290                IsEmpty]: Start isEmptyParallel. Operand  has 5 states, 3 states have (on average 1.6666666666666667) internal successors, (5), 4 states have internal predecessors, (5), 0 states have call successors, (0), 0 states have call predecessors, (0), 0 states have return successors, (0), 0 states have call predecessors, (0), 0 states have call successors, (0)
[2026-06-05 23:15:50,717 INFO  L209   CegarNwaWorkerThread]: Starting Thread: 131# for Trace Check: -124817652
[2026-06-05 23:15:50,717 INFO  L300                IsEmpty]: Finished isEmptyParallel. No accepting run.
[2026-06-05 23:15:50,717 INFO  L156        IsEmptyParallel]: Start isEmptyParallel. Operand  has 5 states, 3 states have (on average 1.6666666666666667) internal successors, (5), 4 states have internal predecessors, (5), 0 states have call successors, (0), 0 states have call predecessors, (0), 0 states have return successors, (0), 0 states have call predecessors, (0), 0 states have call successors, (0)
[2026-06-05 23:15:50,718 INFO  L156       PredicateUnifier]: Initialized classic predicate unifier
[2026-06-05 23:15:50,718 INFO  L182       IsEmptyHeuristic]: Start isEmptyHeuristic. Operand  has 5 states, 3 states have (on average 1.6666666666666667) internal successors, (5), 4 states have internal predecessors, (5), 0 states have call successors, (0), 0 states have call predecessors, (0), 0 states have return successors, (0), 0 states have call predecessors, (0), 0 states have call successors, (0)
[2026-06-05 23:15:50,718 INFO  L86        PathProgramCache]: Analyzing trace with hash -124817652, now seen corresponding path program 8 times
[2026-06-05 23:15:50,718 INFO  L118   FreeRefinementEngine]: Executing refinement strategy CAMEL
[2026-06-05 23:15:50,718 INFO  L188       IsEmptyHeuristic]: Finished isEmptyHeuristic. No accepting run.
[2026-06-05 23:15:50,718 INFO  L324   FreeRefinementEngine]: Using trace check IpTcStrategyModuleSmtInterpolCraig [1455892780]
[2026-06-05 23:15:50,718 INFO  L95    rtionOrderModulation]: Changing assertion order to OUTSIDE_LOOP_FIRST1
[2026-06-05 23:15:50,718 INFO  L127          SolverBuilder]: Constructing new instance of SMTInterpol with explicit timeout -1 ms and remaining time -1 ms
[2026-06-05 23:15:50,718 INFO  L182       IsEmptyHeuristic]: Start isEmptyHeuristic. Operand  has 5 states, 3 states have (on average 1.6666666666666667) internal successors, (5), 4 states have internal predecessors, (5), 0 states have call successors, (0), 0 states have call predecessors, (0), 0 states have return successors, (0), 0 states have call predecessors, (0), 0 states have call successors, (0)
[2026-06-05 23:15:50,718 INFO  L188       IsEmptyHeuristic]: Finished isEmptyHeuristic. No accepting run.
[2026-06-05 23:15:50,718 INFO  L182       IsEmptyHeuristic]: Start isEmptyHeuristic. Operand  has 5 states, 3 states have (on average 1.6666666666666667) internal successors, (5), 4 states have internal predecessors, (5), 0 states have call successors, (0), 0 states have call predecessors, (0), 0 states have return successors, (0), 0 states have call predecessors, (0), 0 states have call successors, (0)
[2026-06-05 23:15:50,718 INFO  L188       IsEmptyHeuristic]: Finished isEmptyHeuristic. No accepting run.
[2026-06-05 23:15:50,718 INFO  L182       IsEmptyHeuristic]: Start isEmptyHeuristic. Operand  has 5 states, 3 states have (on average 1.6666666666666667) internal successors, (5), 4 states have internal predecessors, (5), 0 states have call successors, (0), 0 states have call predecessors, (0), 0 states have return successors, (0), 0 states have call predecessors, (0), 0 states have call successors, (0)
[2026-06-05 23:15:50,718 INFO  L188       IsEmptyHeuristic]: Finished isEmptyHeuristic. No accepting run.
[2026-06-05 23:15:50,719 INFO  L182       IsEmptyHeuristic]: Start isEmptyHeuristic. Operand  has 5 states, 3 states have (on average 1.6666666666666667) internal successors, (5), 4 states have internal predecessors, (5), 0 states have call successors, (0), 0 states have call predecessors, (0), 0 states have return successors, (0), 0 states have call predecessors, (0), 0 states have call successors, (0)
[2026-06-05 23:15:50,719 INFO  L188       IsEmptyHeuristic]: Finished isEmptyHeuristic. No accepting run.
[2026-06-05 23:15:50,719 INFO  L182       IsEmptyHeuristic]: Start isEmptyHeuristic. Operand  has 5 states, 3 states have (on average 1.6666666666666667) internal successors, (5), 4 states have internal predecessors, (5), 0 states have call successors, (0), 0 states have call predecessors, (0), 0 states have return successors, (0), 0 states have call predecessors, (0), 0 states have call successors, (0)
[2026-06-05 23:15:50,719 INFO  L188       IsEmptyHeuristic]: Finished isEmptyHeuristic. No accepting run.
[2026-06-05 23:15:50,719 INFO  L182       IsEmptyHeuristic]: Start isEmptyHeuristic. Operand  has 5 states, 3 states have (on average 1.6666666666666667) internal successors, (5), 4 states have internal predecessors, (5), 0 states have call successors, (0), 0 states have call predecessors, (0), 0 states have return successors, (0), 0 states have call predecessors, (0), 0 states have call successors, (0)
[2026-06-05 23:15:50,719 INFO  L188       IsEmptyHeuristic]: Finished isEmptyHeuristic. No accepting run.
[2026-06-05 23:15:50,719 INFO  L182       IsEmptyHeuristic]: Start isEmptyHeuristic. Operand  has 5 states, 3 states have (on average 1.6666666666666667) internal successors, (5), 4 states have internal predecessors, (5), 0 states have call successors, (0), 0 states have call predecessors, (0), 0 states have return successors, (0), 0 states have call predecessors, (0), 0 states have call successors, (0)
[2026-06-05 23:15:50,719 INFO  L188       IsEmptyHeuristic]: Finished isEmptyHeuristic. No accepting run.
[2026-06-05 23:15:50,719 INFO  L182       IsEmptyHeuristic]: Start isEmptyHeuristic. Operand  has 5 states, 3 states have (on average 1.6666666666666667) internal successors, (5), 4 states have internal predecessors, (5), 0 states have call successors, (0), 0 states have call predecessors, (0), 0 states have return successors, (0), 0 states have call predecessors, (0), 0 states have call successors, (0)
[2026-06-05 23:15:50,720 INFO  L188       IsEmptyHeuristic]: Finished isEmptyHeuristic. Found accepting run of length 14
[2026-06-05 23:15:50,720 INFO  L163        IsEmptyParallel]: Finished isEmptyParallel. Found accepting run of length 14
[2026-06-05 23:15:50,720 WARN  L753                IsEmpty]: Correctness of emptinessCheck not tested.
[2026-06-05 23:15:50,720 INFO  L79                 Accepts]: Start accepts. Automaton has  has 5 states, 3 states have (on average 1.6666666666666667) internal successors, (5), 4 states have internal predecessors, (5), 0 states have call successors, (0), 0 states have call predecessors, (0), 0 states have return successors, (0), 0 states have call predecessors, (0), 0 states have call successors, (0) Word has length 13
[2026-06-05 23:15:50,720 INFO  L85                 Accepts]: Finished accepts. word is accepted.
[2026-06-05 23:15:50,720 INFO  L757                IsEmpty]: Finished testing correctness of emptinessCheck
[2026-06-05 23:15:50,720 INFO  L671   ParallelNwaCegarLoop]: Found new Counterexample via IsEmptyParallel LCPS_FULL!
[2026-06-05 23:15:50,720 INFO  L86        PathProgramCache]: Analyzing trace with hash 1000801955, now seen corresponding path program 9 times
[2026-06-05 23:15:50,720 INFO  L435   ParallelNwaCegarLoop]: Main: Starting Thread
[2026-06-05 23:15:50,720 INFO  L209   CegarNwaWorkerThread]: Starting Thread: 137# for Trace Check: 1000801955
[2026-06-05 23:15:50,720 INFO  L290                IsEmpty]: Start isEmptyParallel. Operand  has 5 states, 3 states have (on average 1.6666666666666667) internal successors, (5), 4 states have internal predecessors, (5), 0 states have call successors, (0), 0 states have call predecessors, (0), 0 states have return successors, (0), 0 states have call predecessors, (0), 0 states have call successors, (0)
[2026-06-05 23:15:50,720 INFO  L300                IsEmpty]: Finished isEmptyParallel. No accepting run.
[2026-06-05 23:15:50,720 INFO  L156        IsEmptyParallel]: Start isEmptyParallel. Operand  has 5 states, 3 states have (on average 1.6666666666666667) internal successors, (5), 4 states have internal predecessors, (5), 0 states have call successors, (0), 0 states have call predecessors, (0), 0 states have return successors, (0), 0 states have call predecessors, (0), 0 states have call successors, (0)
[2026-06-05 23:15:50,720 INFO  L156       PredicateUnifier]: Initialized classic predicate unifier
[2026-06-05 23:15:50,720 INFO  L86        PathProgramCache]: Analyzing trace with hash 1000801955, now seen corresponding path program 9 times
[2026-06-05 23:15:50,720 INFO  L118   FreeRefinementEngine]: Executing refinement strategy CAMEL
[2026-06-05 23:15:50,720 INFO  L324   FreeRefinementEngine]: Using trace check IpTcStrategyModuleSmtInterpolCraig [265977927]
[2026-06-05 23:15:50,720 INFO  L95    rtionOrderModulation]: Changing assertion order to OUTSIDE_LOOP_FIRST2
[2026-06-05 23:15:50,720 INFO  L127          SolverBuilder]: Constructing new instance of SMTInterpol with explicit timeout -1 ms and remaining time -1 ms
[2026-06-05 23:15:50,721 INFO  L182       IsEmptyHeuristic]: Start isEmptyHeuristic. Operand  has 5 states, 3 states have (on average 1.6666666666666667) internal successors, (5), 4 states have internal predecessors, (5), 0 states have call successors, (0), 0 states have call predecessors, (0), 0 states have return successors, (0), 0 states have call predecessors, (0), 0 states have call successors, (0)
[2026-06-05 23:15:50,721 INFO  L188       IsEmptyHeuristic]: Finished isEmptyHeuristic. No accepting run.
[2026-06-05 23:15:50,721 INFO  L182       IsEmptyHeuristic]: Start isEmptyHeuristic. Operand  has 5 states, 3 states have (on average 1.6666666666666667) internal successors, (5), 4 states have internal predecessors, (5), 0 states have call successors, (0), 0 states have call predecessors, (0), 0 states have return successors, (0), 0 states have call predecessors, (0), 0 states have call successors, (0)
[2026-06-05 23:15:50,721 INFO  L188       IsEmptyHeuristic]: Finished isEmptyHeuristic. No accepting run.
[2026-06-05 23:15:50,721 INFO  L182       IsEmptyHeuristic]: Start isEmptyHeuristic. Operand  has 5 states, 3 states have (on average 1.6666666666666667) internal successors, (5), 4 states have internal predecessors, (5), 0 states have call successors, (0), 0 states have call predecessors, (0), 0 states have return successors, (0), 0 states have call predecessors, (0), 0 states have call successors, (0)
[2026-06-05 23:15:50,721 INFO  L188       IsEmptyHeuristic]: Finished isEmptyHeuristic. No accepting run.
[2026-06-05 23:15:50,721 INFO  L182       IsEmptyHeuristic]: Start isEmptyHeuristic. Operand  has 5 states, 3 states have (on average 1.6666666666666667) internal successors, (5), 4 states have internal predecessors, (5), 0 states have call successors, (0), 0 states have call predecessors, (0), 0 states have return successors, (0), 0 states have call predecessors, (0), 0 states have call successors, (0)
[2026-06-05 23:15:50,721 INFO  L188       IsEmptyHeuristic]: Finished isEmptyHeuristic. No accepting run.
[2026-06-05 23:15:50,721 INFO  L182       IsEmptyHeuristic]: Start isEmptyHeuristic. Operand  has 5 states, 3 states have (on average 1.6666666666666667) internal successors, (5), 4 states have internal predecessors, (5), 0 states have call successors, (0), 0 states have call predecessors, (0), 0 states have return successors, (0), 0 states have call predecessors, (0), 0 states have call successors, (0)
[2026-06-05 23:15:50,721 INFO  L188       IsEmptyHeuristic]: Finished isEmptyHeuristic. No accepting run.
[2026-06-05 23:15:50,721 INFO  L182       IsEmptyHeuristic]: Start isEmptyHeuristic. Operand  has 5 states, 3 states have (on average 1.6666666666666667) internal successors, (5), 4 states have internal predecessors, (5), 0 states have call successors, (0), 0 states have call predecessors, (0), 0 states have return successors, (0), 0 states have call predecessors, (0), 0 states have call successors, (0)
[2026-06-05 23:15:50,721 INFO  L188       IsEmptyHeuristic]: Finished isEmptyHeuristic. No accepting run.
[2026-06-05 23:15:50,722 INFO  L182       IsEmptyHeuristic]: Start isEmptyHeuristic. Operand  has 5 states, 3 states have (on average 1.6666666666666667) internal successors, (5), 4 states have internal predecessors, (5), 0 states have call successors, (0), 0 states have call predecessors, (0), 0 states have return successors, (0), 0 states have call predecessors, (0), 0 states have call successors, (0)
[2026-06-05 23:15:50,722 INFO  L188       IsEmptyHeuristic]: Finished isEmptyHeuristic. No accepting run.
[2026-06-05 23:15:50,722 INFO  L182       IsEmptyHeuristic]: Start isEmptyHeuristic. Operand  has 5 states, 3 states have (on average 1.6666666666666667) internal successors, (5), 4 states have internal predecessors, (5), 0 states have call successors, (0), 0 states have call predecessors, (0), 0 states have return successors, (0), 0 states have call predecessors, (0), 0 states have call successors, (0)
[2026-06-05 23:15:50,722 INFO  L188       IsEmptyHeuristic]: Finished isEmptyHeuristic. No accepting run.
[2026-06-05 23:15:50,722 INFO  L182       IsEmptyHeuristic]: Start isEmptyHeuristic. Operand  has 5 states, 3 states have (on average 1.6666666666666667) internal successors, (5), 4 states have internal predecessors, (5), 0 states have call successors, (0), 0 states have call predecessors, (0), 0 states have return successors, (0), 0 states have call predecessors, (0), 0 states have call successors, (0)
[2026-06-05 23:15:50,722 INFO  L188       IsEmptyHeuristic]: Finished isEmptyHeuristic. No accepting run.
[2026-06-05 23:15:50,722 INFO  L182       IsEmptyHeuristic]: Start isEmptyHeuristic. Operand  has 5 states, 3 states have (on average 1.6666666666666667) internal successors, (5), 4 states have internal predecessors, (5), 0 states have call successors, (0), 0 states have call predecessors, (0), 0 states have return successors, (0), 0 states have call predecessors, (0), 0 states have call successors, (0)
[2026-06-05 23:15:50,722 INFO  L188       IsEmptyHeuristic]: Finished isEmptyHeuristic. Found accepting run of length 13
[2026-06-05 23:15:50,722 INFO  L163        IsEmptyParallel]: Finished isEmptyParallel. Found accepting run of length 13
[2026-06-05 23:15:50,722 WARN  L753                IsEmpty]: Correctness of emptinessCheck not tested.
[2026-06-05 23:15:50,722 INFO  L79                 Accepts]: Start accepts. Automaton has  has 5 states, 3 states have (on average 1.6666666666666667) internal successors, (5), 4 states have internal predecessors, (5), 0 states have call successors, (0), 0 states have call predecessors, (0), 0 states have return successors, (0), 0 states have call predecessors, (0), 0 states have call successors, (0) Word has length 12
[2026-06-05 23:15:50,722 INFO  L85                 Accepts]: Finished accepts. word is accepted.
[2026-06-05 23:15:50,722 INFO  L757                IsEmpty]: Finished testing correctness of emptinessCheck
[2026-06-05 23:15:50,722 INFO  L671   ParallelNwaCegarLoop]: Found new Counterexample via IsEmptyParallel LCPS_FULL!
[2026-06-05 23:15:50,722 INFO  L86        PathProgramCache]: Analyzing trace with hash 309378540, now seen corresponding path program 10 times
[2026-06-05 23:15:50,722 INFO  L435   ParallelNwaCegarLoop]: Main: Starting Thread
[2026-06-05 23:15:50,722 INFO  L290                IsEmpty]: Start isEmptyParallel. Operand  has 5 states, 3 states have (on average 1.6666666666666667) internal successors, (5), 4 states have internal predecessors, (5), 0 states have call successors, (0), 0 states have call predecessors, (0), 0 states have return successors, (0), 0 states have call predecessors, (0), 0 states have call successors, (0)
[2026-06-05 23:15:50,722 INFO  L300                IsEmpty]: Finished isEmptyParallel. No accepting run.
[2026-06-05 23:15:50,722 INFO  L209   CegarNwaWorkerThread]: Starting Thread: 143# for Trace Check: 309378540
[2026-06-05 23:15:50,722 INFO  L156        IsEmptyParallel]: Start isEmptyParallel. Operand  has 5 states, 3 states have (on average 1.6666666666666667) internal successors, (5), 4 states have internal predecessors, (5), 0 states have call successors, (0), 0 states have call predecessors, (0), 0 states have return successors, (0), 0 states have call predecessors, (0), 0 states have call successors, (0)
[2026-06-05 23:15:50,723 INFO  L182       IsEmptyHeuristic]: Start isEmptyHeuristic. Operand  has 5 states, 3 states have (on average 1.6666666666666667) internal successors, (5), 4 states have internal predecessors, (5), 0 states have call successors, (0), 0 states have call predecessors, (0), 0 states have return successors, (0), 0 states have call predecessors, (0), 0 states have call successors, (0)
[2026-06-05 23:15:50,723 INFO  L156       PredicateUnifier]: Initialized classic predicate unifier
[2026-06-05 23:15:50,723 INFO  L188       IsEmptyHeuristic]: Finished isEmptyHeuristic. No accepting run.
[2026-06-05 23:15:50,723 INFO  L86        PathProgramCache]: Analyzing trace with hash 309378540, now seen corresponding path program 10 times
[2026-06-05 23:15:50,723 INFO  L118   FreeRefinementEngine]: Executing refinement strategy CAMEL
[2026-06-05 23:15:50,723 INFO  L182       IsEmptyHeuristic]: Start isEmptyHeuristic. Operand  has 5 states, 3 states have (on average 1.6666666666666667) internal successors, (5), 4 states have internal predecessors, (5), 0 states have call successors, (0), 0 states have call predecessors, (0), 0 states have return successors, (0), 0 states have call predecessors, (0), 0 states have call successors, (0)
[2026-06-05 23:15:50,723 INFO  L324   FreeRefinementEngine]: Using trace check IpTcStrategyModuleSmtInterpolCraig [1272238953]
[2026-06-05 23:15:50,723 INFO  L188       IsEmptyHeuristic]: Finished isEmptyHeuristic. No accepting run.
[2026-06-05 23:15:50,723 INFO  L95    rtionOrderModulation]: Changing assertion order to TERMS_WITH_SMALL_CONSTANTS_FIRST
[2026-06-05 23:15:50,723 INFO  L127          SolverBuilder]: Constructing new instance of SMTInterpol with explicit timeout -1 ms and remaining time -1 ms
[2026-06-05 23:15:50,723 INFO  L182       IsEmptyHeuristic]: Start isEmptyHeuristic. Operand  has 5 states, 3 states have (on average 1.6666666666666667) internal successors, (5), 4 states have internal predecessors, (5), 0 states have call successors, (0), 0 states have call predecessors, (0), 0 states have return successors, (0), 0 states have call predecessors, (0), 0 states have call successors, (0)
[2026-06-05 23:15:50,723 INFO  L188       IsEmptyHeuristic]: Finished isEmptyHeuristic. No accepting run.
[2026-06-05 23:15:50,723 INFO  L182       IsEmptyHeuristic]: Start isEmptyHeuristic. Operand  has 5 states, 3 states have (on average 1.6666666666666667) internal successors, (5), 4 states have internal predecessors, (5), 0 states have call successors, (0), 0 states have call predecessors, (0), 0 states have return successors, (0), 0 states have call predecessors, (0), 0 states have call successors, (0)
[2026-06-05 23:15:50,723 INFO  L188       IsEmptyHeuristic]: Finished isEmptyHeuristic. No accepting run.
[2026-06-05 23:15:50,723 INFO  L182       IsEmptyHeuristic]: Start isEmptyHeuristic. Operand  has 5 states, 3 states have (on average 1.6666666666666667) internal successors, (5), 4 states have internal predecessors, (5), 0 states have call successors, (0), 0 states have call predecessors, (0), 0 states have return successors, (0), 0 states have call predecessors, (0), 0 states have call successors, (0)
[2026-06-05 23:15:50,723 INFO  L188       IsEmptyHeuristic]: Finished isEmptyHeuristic. No accepting run.
[2026-06-05 23:15:50,723 INFO  L182       IsEmptyHeuristic]: Start isEmptyHeuristic. Operand  has 5 states, 3 states have (on average 1.6666666666666667) internal successors, (5), 4 states have internal predecessors, (5), 0 states have call successors, (0), 0 states have call predecessors, (0), 0 states have return successors, (0), 0 states have call predecessors, (0), 0 states have call successors, (0)
[2026-06-05 23:15:50,723 INFO  L188       IsEmptyHeuristic]: Finished isEmptyHeuristic. No accepting run.
[2026-06-05 23:15:50,723 INFO  L182       IsEmptyHeuristic]: Start isEmptyHeuristic. Operand  has 5 states, 3 states have (on average 1.6666666666666667) internal successors, (5), 4 states have internal predecessors, (5), 0 states have call successors, (0), 0 states have call predecessors, (0), 0 states have return successors, (0), 0 states have call predecessors, (0), 0 states have call successors, (0)
[2026-06-05 23:15:50,724 INFO  L188       IsEmptyHeuristic]: Finished isEmptyHeuristic. No accepting run.
[2026-06-05 23:15:50,724 INFO  L182       IsEmptyHeuristic]: Start isEmptyHeuristic. Operand  has 5 states, 3 states have (on average 1.6666666666666667) internal successors, (5), 4 states have internal predecessors, (5), 0 states have call successors, (0), 0 states have call predecessors, (0), 0 states have return successors, (0), 0 states have call predecessors, (0), 0 states have call successors, (0)
[2026-06-05 23:15:50,724 INFO  L188       IsEmptyHeuristic]: Finished isEmptyHeuristic. No accepting run.
[2026-06-05 23:15:50,724 INFO  L182       IsEmptyHeuristic]: Start isEmptyHeuristic. Operand  has 5 states, 3 states have (on average 1.6666666666666667) internal successors, (5), 4 states have internal predecessors, (5), 0 states have call successors, (0), 0 states have call predecessors, (0), 0 states have return successors, (0), 0 states have call predecessors, (0), 0 states have call successors, (0)
[2026-06-05 23:15:50,725 INFO  L188       IsEmptyHeuristic]: Finished isEmptyHeuristic. No accepting run.
[2026-06-05 23:15:50,725 INFO  L182       IsEmptyHeuristic]: Start isEmptyHeuristic. Operand  has 5 states, 3 states have (on average 1.6666666666666667) internal successors, (5), 4 states have internal predecessors, (5), 0 states have call successors, (0), 0 states have call predecessors, (0), 0 states have return successors, (0), 0 states have call predecessors, (0), 0 states have call successors, (0)
[2026-06-05 23:15:50,725 INFO  L188       IsEmptyHeuristic]: Finished isEmptyHeuristic. No accepting run.
[2026-06-05 23:15:50,725 INFO  L182       IsEmptyHeuristic]: Start isEmptyHeuristic. Operand  has 5 states, 3 states have (on average 1.6666666666666667) internal successors, (5), 4 states have internal predecessors, (5), 0 states have call successors, (0), 0 states have call predecessors, (0), 0 states have return successors, (0), 0 states have call predecessors, (0), 0 states have call successors, (0)
[2026-06-05 23:15:50,725 INFO  L188       IsEmptyHeuristic]: Finished isEmptyHeuristic. Found accepting run of length 16
[2026-06-05 23:15:50,725 INFO  L163        IsEmptyParallel]: Finished isEmptyParallel. Found accepting run of length 16
[2026-06-05 23:15:50,725 WARN  L753                IsEmpty]: Correctness of emptinessCheck not tested.
[2026-06-05 23:15:50,725 INFO  L79                 Accepts]: Start accepts. Automaton has  has 5 states, 3 states have (on average 1.6666666666666667) internal successors, (5), 4 states have internal predecessors, (5), 0 states have call successors, (0), 0 states have call predecessors, (0), 0 states have return successors, (0), 0 states have call predecessors, (0), 0 states have call successors, (0) Word has length 15
[2026-06-05 23:15:50,725 INFO  L85                 Accepts]: Finished accepts. word is accepted.
[2026-06-05 23:15:50,726 INFO  L757                IsEmpty]: Finished testing correctness of emptinessCheck
[2026-06-05 23:15:50,726 INFO  L671   ParallelNwaCegarLoop]: Found new Counterexample via IsEmptyParallel LCPS_FULL!
[2026-06-05 23:15:50,726 INFO  L86        PathProgramCache]: Analyzing trace with hash -301937725, now seen corresponding path program 11 times
[2026-06-05 23:15:50,726 INFO  L435   ParallelNwaCegarLoop]: Main: Starting Thread
[2026-06-05 23:15:50,726 INFO  L209   CegarNwaWorkerThread]: Starting Thread: 149# for Trace Check: -301937725
[2026-06-05 23:15:50,726 INFO  L290                IsEmpty]: Start isEmptyParallel. Operand  has 5 states, 3 states have (on average 1.6666666666666667) internal successors, (5), 4 states have internal predecessors, (5), 0 states have call successors, (0), 0 states have call predecessors, (0), 0 states have return successors, (0), 0 states have call predecessors, (0), 0 states have call successors, (0)
[2026-06-05 23:15:50,726 INFO  L300                IsEmpty]: Finished isEmptyParallel. No accepting run.
[2026-06-05 23:15:50,726 INFO  L156        IsEmptyParallel]: Start isEmptyParallel. Operand  has 5 states, 3 states have (on average 1.6666666666666667) internal successors, (5), 4 states have internal predecessors, (5), 0 states have call successors, (0), 0 states have call predecessors, (0), 0 states have return successors, (0), 0 states have call predecessors, (0), 0 states have call successors, (0)
[2026-06-05 23:15:50,726 INFO  L182       IsEmptyHeuristic]: Start isEmptyHeuristic. Operand  has 5 states, 3 states have (on average 1.6666666666666667) internal successors, (5), 4 states have internal predecessors, (5), 0 states have call successors, (0), 0 states have call predecessors, (0), 0 states have return successors, (0), 0 states have call predecessors, (0), 0 states have call successors, (0)
[2026-06-05 23:15:50,726 INFO  L188       IsEmptyHeuristic]: Finished isEmptyHeuristic. No accepting run.
[2026-06-05 23:15:50,726 INFO  L156       PredicateUnifier]: Initialized classic predicate unifier
[2026-06-05 23:15:50,726 INFO  L86        PathProgramCache]: Analyzing trace with hash -301937725, now seen corresponding path program 11 times
[2026-06-05 23:15:50,726 INFO  L182       IsEmptyHeuristic]: Start isEmptyHeuristic. Operand  has 5 states, 3 states have (on average 1.6666666666666667) internal successors, (5), 4 states have internal predecessors, (5), 0 states have call successors, (0), 0 states have call predecessors, (0), 0 states have return successors, (0), 0 states have call predecessors, (0), 0 states have call successors, (0)
[2026-06-05 23:15:50,726 INFO  L118   FreeRefinementEngine]: Executing refinement strategy CAMEL
[2026-06-05 23:15:50,726 INFO  L188       IsEmptyHeuristic]: Finished isEmptyHeuristic. No accepting run.
[2026-06-05 23:15:50,726 INFO  L324   FreeRefinementEngine]: Using trace check IpTcStrategyModuleSmtInterpolCraig [1679511824]
[2026-06-05 23:15:50,726 INFO  L95    rtionOrderModulation]: Changing assertion order to INSIDE_LOOP_FIRST1
[2026-06-05 23:15:50,726 INFO  L127          SolverBuilder]: Constructing new instance of SMTInterpol with explicit timeout -1 ms and remaining time -1 ms
[2026-06-05 23:15:50,726 INFO  L182       IsEmptyHeuristic]: Start isEmptyHeuristic. Operand  has 5 states, 3 states have (on average 1.6666666666666667) internal successors, (5), 4 states have internal predecessors, (5), 0 states have call successors, (0), 0 states have call predecessors, (0), 0 states have return successors, (0), 0 states have call predecessors, (0), 0 states have call successors, (0)
[2026-06-05 23:15:50,726 INFO  L188       IsEmptyHeuristic]: Finished isEmptyHeuristic. No accepting run.
[2026-06-05 23:15:50,727 INFO  L182       IsEmptyHeuristic]: Start isEmptyHeuristic. Operand  has 5 states, 3 states have (on average 1.6666666666666667) internal successors, (5), 4 states have internal predecessors, (5), 0 states have call successors, (0), 0 states have call predecessors, (0), 0 states have return successors, (0), 0 states have call predecessors, (0), 0 states have call successors, (0)
[2026-06-05 23:15:50,727 INFO  L188       IsEmptyHeuristic]: Finished isEmptyHeuristic. No accepting run.
[2026-06-05 23:15:50,727 INFO  L182       IsEmptyHeuristic]: Start isEmptyHeuristic. Operand  has 5 states, 3 states have (on average 1.6666666666666667) internal successors, (5), 4 states have internal predecessors, (5), 0 states have call successors, (0), 0 states have call predecessors, (0), 0 states have return successors, (0), 0 states have call predecessors, (0), 0 states have call successors, (0)
[2026-06-05 23:15:50,727 INFO  L188       IsEmptyHeuristic]: Finished isEmptyHeuristic. No accepting run.
[2026-06-05 23:15:50,727 INFO  L182       IsEmptyHeuristic]: Start isEmptyHeuristic. Operand  has 5 states, 3 states have (on average 1.6666666666666667) internal successors, (5), 4 states have internal predecessors, (5), 0 states have call successors, (0), 0 states have call predecessors, (0), 0 states have return successors, (0), 0 states have call predecessors, (0), 0 states have call successors, (0)
[2026-06-05 23:15:50,727 INFO  L188       IsEmptyHeuristic]: Finished isEmptyHeuristic. No accepting run.
[2026-06-05 23:15:50,727 INFO  L182       IsEmptyHeuristic]: Start isEmptyHeuristic. Operand  has 5 states, 3 states have (on average 1.6666666666666667) internal successors, (5), 4 states have internal predecessors, (5), 0 states have call successors, (0), 0 states have call predecessors, (0), 0 states have return successors, (0), 0 states have call predecessors, (0), 0 states have call successors, (0)
[2026-06-05 23:15:50,727 INFO  L188       IsEmptyHeuristic]: Finished isEmptyHeuristic. No accepting run.
[2026-06-05 23:15:50,727 INFO  L182       IsEmptyHeuristic]: Start isEmptyHeuristic. Operand  has 5 states, 3 states have (on average 1.6666666666666667) internal successors, (5), 4 states have internal predecessors, (5), 0 states have call successors, (0), 0 states have call predecessors, (0), 0 states have return successors, (0), 0 states have call predecessors, (0), 0 states have call successors, (0)
[2026-06-05 23:15:50,727 INFO  L188       IsEmptyHeuristic]: Finished isEmptyHeuristic. No accepting run.
[2026-06-05 23:15:50,728 INFO  L182       IsEmptyHeuristic]: Start isEmptyHeuristic. Operand  has 5 states, 3 states have (on average 1.6666666666666667) internal successors, (5), 4 states have internal predecessors, (5), 0 states have call successors, (0), 0 states have call predecessors, (0), 0 states have return successors, (0), 0 states have call predecessors, (0), 0 states have call successors, (0)
[2026-06-05 23:15:50,728 INFO  L188       IsEmptyHeuristic]: Finished isEmptyHeuristic. No accepting run.
[2026-06-05 23:15:50,728 INFO  L182       IsEmptyHeuristic]: Start isEmptyHeuristic. Operand  has 5 states, 3 states have (on average 1.6666666666666667) internal successors, (5), 4 states have internal predecessors, (5), 0 states have call successors, (0), 0 states have call predecessors, (0), 0 states have return successors, (0), 0 states have call predecessors, (0), 0 states have call successors, (0)
[2026-06-05 23:15:50,728 INFO  L188       IsEmptyHeuristic]: Finished isEmptyHeuristic. No accepting run.
[2026-06-05 23:15:50,728 INFO  L182       IsEmptyHeuristic]: Start isEmptyHeuristic. Operand  has 5 states, 3 states have (on average 1.6666666666666667) internal successors, (5), 4 states have internal predecessors, (5), 0 states have call successors, (0), 0 states have call predecessors, (0), 0 states have return successors, (0), 0 states have call predecessors, (0), 0 states have call successors, (0)
[2026-06-05 23:15:50,728 INFO  L188       IsEmptyHeuristic]: Finished isEmptyHeuristic. No accepting run.
[2026-06-05 23:15:50,728 INFO  L182       IsEmptyHeuristic]: Start isEmptyHeuristic. Operand  has 5 states, 3 states have (on average 1.6666666666666667) internal successors, (5), 4 states have internal predecessors, (5), 0 states have call successors, (0), 0 states have call predecessors, (0), 0 states have return successors, (0), 0 states have call predecessors, (0), 0 states have call successors, (0)
[2026-06-05 23:15:50,728 INFO  L188       IsEmptyHeuristic]: Finished isEmptyHeuristic. Found accepting run of length 15
[2026-06-05 23:15:50,728 INFO  L163        IsEmptyParallel]: Finished isEmptyParallel. Found accepting run of length 15
[2026-06-05 23:15:50,728 WARN  L753                IsEmpty]: Correctness of emptinessCheck not tested.
[2026-06-05 23:15:50,728 INFO  L79                 Accepts]: Start accepts. Automaton has  has 5 states, 3 states have (on average 1.6666666666666667) internal successors, (5), 4 states have internal predecessors, (5), 0 states have call successors, (0), 0 states have call predecessors, (0), 0 states have return successors, (0), 0 states have call predecessors, (0), 0 states have call successors, (0) Word has length 14
[2026-06-05 23:15:50,728 INFO  L85                 Accepts]: Finished accepts. word is accepted.
[2026-06-05 23:15:50,728 INFO  L757                IsEmpty]: Finished testing correctness of emptinessCheck
[2026-06-05 23:15:50,728 INFO  L671   ParallelNwaCegarLoop]: Found new Counterexample via IsEmptyParallel LCPS_FULL!
[2026-06-05 23:15:50,728 INFO  L86        PathProgramCache]: Analyzing trace with hash 960091340, now seen corresponding path program 12 times
[2026-06-05 23:15:50,728 INFO  L435   ParallelNwaCegarLoop]: Main: Starting Thread
[2026-06-05 23:15:50,728 INFO  L290                IsEmpty]: Start isEmptyParallel. Operand  has 5 states, 3 states have (on average 1.6666666666666667) internal successors, (5), 4 states have internal predecessors, (5), 0 states have call successors, (0), 0 states have call predecessors, (0), 0 states have return successors, (0), 0 states have call predecessors, (0), 0 states have call successors, (0)
[2026-06-05 23:15:50,728 INFO  L300                IsEmpty]: Finished isEmptyParallel. No accepting run.
[2026-06-05 23:15:50,728 INFO  L209   CegarNwaWorkerThread]: Starting Thread: 155# for Trace Check: 960091340
[2026-06-05 23:15:50,728 INFO  L156        IsEmptyParallel]: Start isEmptyParallel. Operand  has 5 states, 3 states have (on average 1.6666666666666667) internal successors, (5), 4 states have internal predecessors, (5), 0 states have call successors, (0), 0 states have call predecessors, (0), 0 states have return successors, (0), 0 states have call predecessors, (0), 0 states have call successors, (0)
[2026-06-05 23:15:50,729 INFO  L182       IsEmptyHeuristic]: Start isEmptyHeuristic. Operand  has 5 states, 3 states have (on average 1.6666666666666667) internal successors, (5), 4 states have internal predecessors, (5), 0 states have call successors, (0), 0 states have call predecessors, (0), 0 states have return successors, (0), 0 states have call predecessors, (0), 0 states have call successors, (0)
[2026-06-05 23:15:50,729 INFO  L156       PredicateUnifier]: Initialized classic predicate unifier
[2026-06-05 23:15:50,729 INFO  L188       IsEmptyHeuristic]: Finished isEmptyHeuristic. No accepting run.
[2026-06-05 23:15:50,729 INFO  L86        PathProgramCache]: Analyzing trace with hash 960091340, now seen corresponding path program 12 times
[2026-06-05 23:15:50,729 INFO  L182       IsEmptyHeuristic]: Start isEmptyHeuristic. Operand  has 5 states, 3 states have (on average 1.6666666666666667) internal successors, (5), 4 states have internal predecessors, (5), 0 states have call successors, (0), 0 states have call predecessors, (0), 0 states have return successors, (0), 0 states have call predecessors, (0), 0 states have call successors, (0)
[2026-06-05 23:15:50,729 INFO  L118   FreeRefinementEngine]: Executing refinement strategy CAMEL
[2026-06-05 23:15:50,729 INFO  L188       IsEmptyHeuristic]: Finished isEmptyHeuristic. No accepting run.
[2026-06-05 23:15:50,729 INFO  L324   FreeRefinementEngine]: Using trace check IpTcStrategyModuleSmtInterpolCraig [170870644]
[2026-06-05 23:15:50,729 INFO  L95    rtionOrderModulation]: Changing assertion order to MIX_INSIDE_OUTSIDE
[2026-06-05 23:15:50,729 INFO  L182       IsEmptyHeuristic]: Start isEmptyHeuristic. Operand  has 5 states, 3 states have (on average 1.6666666666666667) internal successors, (5), 4 states have internal predecessors, (5), 0 states have call successors, (0), 0 states have call predecessors, (0), 0 states have return successors, (0), 0 states have call predecessors, (0), 0 states have call successors, (0)
[2026-06-05 23:15:50,729 INFO  L127          SolverBuilder]: Constructing new instance of SMTInterpol with explicit timeout -1 ms and remaining time -1 ms
[2026-06-05 23:15:50,729 INFO  L188       IsEmptyHeuristic]: Finished isEmptyHeuristic. No accepting run.
[2026-06-05 23:15:50,729 INFO  L182       IsEmptyHeuristic]: Start isEmptyHeuristic. Operand  has 5 states, 3 states have (on average 1.6666666666666667) internal successors, (5), 4 states have internal predecessors, (5), 0 states have call successors, (0), 0 states have call predecessors, (0), 0 states have return successors, (0), 0 states have call predecessors, (0), 0 states have call successors, (0)
[2026-06-05 23:15:50,729 INFO  L188       IsEmptyHeuristic]: Finished isEmptyHeuristic. No accepting run.
[2026-06-05 23:15:50,729 INFO  L182       IsEmptyHeuristic]: Start isEmptyHeuristic. Operand  has 5 states, 3 states have (on average 1.6666666666666667) internal successors, (5), 4 states have internal predecessors, (5), 0 states have call successors, (0), 0 states have call predecessors, (0), 0 states have return successors, (0), 0 states have call predecessors, (0), 0 states have call successors, (0)
[2026-06-05 23:15:50,729 INFO  L188       IsEmptyHeuristic]: Finished isEmptyHeuristic. No accepting run.
[2026-06-05 23:15:50,729 INFO  L182       IsEmptyHeuristic]: Start isEmptyHeuristic. Operand  has 5 states, 3 states have (on average 1.6666666666666667) internal successors, (5), 4 states have internal predecessors, (5), 0 states have call successors, (0), 0 states have call predecessors, (0), 0 states have return successors, (0), 0 states have call predecessors, (0), 0 states have call successors, (0)
[2026-06-05 23:15:50,729 INFO  L188       IsEmptyHeuristic]: Finished isEmptyHeuristic. No accepting run.
[2026-06-05 23:15:50,729 INFO  L182       IsEmptyHeuristic]: Start isEmptyHeuristic. Operand  has 5 states, 3 states have (on average 1.6666666666666667) internal successors, (5), 4 states have internal predecessors, (5), 0 states have call successors, (0), 0 states have call predecessors, (0), 0 states have return successors, (0), 0 states have call predecessors, (0), 0 states have call successors, (0)
[2026-06-05 23:15:50,729 INFO  L188       IsEmptyHeuristic]: Finished isEmptyHeuristic. No accepting run.
[2026-06-05 23:15:50,729 INFO  L182       IsEmptyHeuristic]: Start isEmptyHeuristic. Operand  has 5 states, 3 states have (on average 1.6666666666666667) internal successors, (5), 4 states have internal predecessors, (5), 0 states have call successors, (0), 0 states have call predecessors, (0), 0 states have return successors, (0), 0 states have call predecessors, (0), 0 states have call successors, (0)
[2026-06-05 23:15:50,730 INFO  L188       IsEmptyHeuristic]: Finished isEmptyHeuristic. No accepting run.
[2026-06-05 23:15:50,730 INFO  L182       IsEmptyHeuristic]: Start isEmptyHeuristic. Operand  has 5 states, 3 states have (on average 1.6666666666666667) internal successors, (5), 4 states have internal predecessors, (5), 0 states have call successors, (0), 0 states have call predecessors, (0), 0 states have return successors, (0), 0 states have call predecessors, (0), 0 states have call successors, (0)
[2026-06-05 23:15:50,730 INFO  L188       IsEmptyHeuristic]: Finished isEmptyHeuristic. No accepting run.
[2026-06-05 23:15:50,730 INFO  L182       IsEmptyHeuristic]: Start isEmptyHeuristic. Operand  has 5 states, 3 states have (on average 1.6666666666666667) internal successors, (5), 4 states have internal predecessors, (5), 0 states have call successors, (0), 0 states have call predecessors, (0), 0 states have return successors, (0), 0 states have call predecessors, (0), 0 states have call successors, (0)
[2026-06-05 23:15:50,730 INFO  L188       IsEmptyHeuristic]: Finished isEmptyHeuristic. No accepting run.
[2026-06-05 23:15:50,730 INFO  L182       IsEmptyHeuristic]: Start isEmptyHeuristic. Operand  has 5 states, 3 states have (on average 1.6666666666666667) internal successors, (5), 4 states have internal predecessors, (5), 0 states have call successors, (0), 0 states have call predecessors, (0), 0 states have return successors, (0), 0 states have call predecessors, (0), 0 states have call successors, (0)
[2026-06-05 23:15:50,730 INFO  L188       IsEmptyHeuristic]: Finished isEmptyHeuristic. No accepting run.
[2026-06-05 23:15:50,730 INFO  L182       IsEmptyHeuristic]: Start isEmptyHeuristic. Operand  has 5 states, 3 states have (on average 1.6666666666666667) internal successors, (5), 4 states have internal predecessors, (5), 0 states have call successors, (0), 0 states have call predecessors, (0), 0 states have return successors, (0), 0 states have call predecessors, (0), 0 states have call successors, (0)
[2026-06-05 23:15:50,730 INFO  L188       IsEmptyHeuristic]: Finished isEmptyHeuristic. No accepting run.
[2026-06-05 23:15:50,730 INFO  L182       IsEmptyHeuristic]: Start isEmptyHeuristic. Operand  has 5 states, 3 states have (on average 1.6666666666666667) internal successors, (5), 4 states have internal predecessors, (5), 0 states have call successors, (0), 0 states have call predecessors, (0), 0 states have return successors, (0), 0 states have call predecessors, (0), 0 states have call successors, (0)
[2026-06-05 23:15:50,731 INFO  L188       IsEmptyHeuristic]: Finished isEmptyHeuristic. Found accepting run of length 18
[2026-06-05 23:15:50,731 INFO  L163        IsEmptyParallel]: Finished isEmptyParallel. Found accepting run of length 18
[2026-06-05 23:15:50,731 WARN  L753                IsEmpty]: Correctness of emptinessCheck not tested.
[2026-06-05 23:15:50,731 INFO  L79                 Accepts]: Start accepts. Automaton has  has 5 states, 3 states have (on average 1.6666666666666667) internal successors, (5), 4 states have internal predecessors, (5), 0 states have call successors, (0), 0 states have call predecessors, (0), 0 states have return successors, (0), 0 states have call predecessors, (0), 0 states have call successors, (0) Word has length 17
[2026-06-05 23:15:50,731 INFO  L85                 Accepts]: Finished accepts. word is accepted.
[2026-06-05 23:15:50,731 INFO  L757                IsEmpty]: Finished testing correctness of emptinessCheck
[2026-06-05 23:15:50,731 INFO  L671   ParallelNwaCegarLoop]: Found new Counterexample via IsEmptyParallel LCPS_FULL!
[2026-06-05 23:15:50,731 INFO  L86        PathProgramCache]: Analyzing trace with hash 1895680227, now seen corresponding path program 13 times
[2026-06-05 23:15:50,731 INFO  L435   ParallelNwaCegarLoop]: Main: Starting Thread
[2026-06-05 23:15:50,731 INFO  L209   CegarNwaWorkerThread]: Starting Thread: 161# for Trace Check: 1895680227
[2026-06-05 23:15:50,731 INFO  L290                IsEmpty]: Start isEmptyParallel. Operand  has 5 states, 3 states have (on average 1.6666666666666667) internal successors, (5), 4 states have internal predecessors, (5), 0 states have call successors, (0), 0 states have call predecessors, (0), 0 states have return successors, (0), 0 states have call predecessors, (0), 0 states have call successors, (0)
[2026-06-05 23:15:50,731 INFO  L300                IsEmpty]: Finished isEmptyParallel. No accepting run.
[2026-06-05 23:15:50,731 INFO  L156        IsEmptyParallel]: Start isEmptyParallel. Operand  has 5 states, 3 states have (on average 1.6666666666666667) internal successors, (5), 4 states have internal predecessors, (5), 0 states have call successors, (0), 0 states have call predecessors, (0), 0 states have return successors, (0), 0 states have call predecessors, (0), 0 states have call successors, (0)
[2026-06-05 23:15:50,731 INFO  L156       PredicateUnifier]: Initialized classic predicate unifier
[2026-06-05 23:15:50,731 INFO  L86        PathProgramCache]: Analyzing trace with hash 1895680227, now seen corresponding path program 13 times
[2026-06-05 23:15:50,731 INFO  L118   FreeRefinementEngine]: Executing refinement strategy CAMEL
[2026-06-05 23:15:50,731 INFO  L324   FreeRefinementEngine]: Using trace check IpTcStrategyModuleSmtInterpolCraig [764911902]
[2026-06-05 23:15:50,731 INFO  L95    rtionOrderModulation]: Changing assertion order to NOT_INCREMENTALLY
[2026-06-05 23:15:50,731 INFO  L127          SolverBuilder]: Constructing new instance of SMTInterpol with explicit timeout -1 ms and remaining time -1 ms
[2026-06-05 23:15:50,731 INFO  L182       IsEmptyHeuristic]: Start isEmptyHeuristic. Operand  has 5 states, 3 states have (on average 1.6666666666666667) internal successors, (5), 4 states have internal predecessors, (5), 0 states have call successors, (0), 0 states have call predecessors, (0), 0 states have return successors, (0), 0 states have call predecessors, (0), 0 states have call successors, (0)
[2026-06-05 23:15:50,732 INFO  L188       IsEmptyHeuristic]: Finished isEmptyHeuristic. No accepting run.
[2026-06-05 23:15:50,732 INFO  L182       IsEmptyHeuristic]: Start isEmptyHeuristic. Operand  has 5 states, 3 states have (on average 1.6666666666666667) internal successors, (5), 4 states have internal predecessors, (5), 0 states have call successors, (0), 0 states have call predecessors, (0), 0 states have return successors, (0), 0 states have call predecessors, (0), 0 states have call successors, (0)
[2026-06-05 23:15:50,732 INFO  L188       IsEmptyHeuristic]: Finished isEmptyHeuristic. No accepting run.
[2026-06-05 23:15:50,732 INFO  L182       IsEmptyHeuristic]: Start isEmptyHeuristic. Operand  has 5 states, 3 states have (on average 1.6666666666666667) internal successors, (5), 4 states have internal predecessors, (5), 0 states have call successors, (0), 0 states have call predecessors, (0), 0 states have return successors, (0), 0 states have call predecessors, (0), 0 states have call successors, (0)
[2026-06-05 23:15:50,732 INFO  L188       IsEmptyHeuristic]: Finished isEmptyHeuristic. No accepting run.
[2026-06-05 23:15:50,732 INFO  L182       IsEmptyHeuristic]: Start isEmptyHeuristic. Operand  has 5 states, 3 states have (on average 1.6666666666666667) internal successors, (5), 4 states have internal predecessors, (5), 0 states have call successors, (0), 0 states have call predecessors, (0), 0 states have return successors, (0), 0 states have call predecessors, (0), 0 states have call successors, (0)
[2026-06-05 23:15:50,732 INFO  L188       IsEmptyHeuristic]: Finished isEmptyHeuristic. No accepting run.
[2026-06-05 23:15:50,732 INFO  L182       IsEmptyHeuristic]: Start isEmptyHeuristic. Operand  has 5 states, 3 states have (on average 1.6666666666666667) internal successors, (5), 4 states have internal predecessors, (5), 0 states have call successors, (0), 0 states have call predecessors, (0), 0 states have return successors, (0), 0 states have call predecessors, (0), 0 states have call successors, (0)
[2026-06-05 23:15:50,732 INFO  L188       IsEmptyHeuristic]: Finished isEmptyHeuristic. No accepting run.
[2026-06-05 23:15:50,733 INFO  L182       IsEmptyHeuristic]: Start isEmptyHeuristic. Operand  has 5 states, 3 states have (on average 1.6666666666666667) internal successors, (5), 4 states have internal predecessors, (5), 0 states have call successors, (0), 0 states have call predecessors, (0), 0 states have return successors, (0), 0 states have call predecessors, (0), 0 states have call successors, (0)
[2026-06-05 23:15:50,733 INFO  L188       IsEmptyHeuristic]: Finished isEmptyHeuristic. No accepting run.
[2026-06-05 23:15:50,733 INFO  L182       IsEmptyHeuristic]: Start isEmptyHeuristic. Operand  has 5 states, 3 states have (on average 1.6666666666666667) internal successors, (5), 4 states have internal predecessors, (5), 0 states have call successors, (0), 0 states have call predecessors, (0), 0 states have return successors, (0), 0 states have call predecessors, (0), 0 states have call successors, (0)
[2026-06-05 23:15:50,733 INFO  L188       IsEmptyHeuristic]: Finished isEmptyHeuristic. No accepting run.
[2026-06-05 23:15:50,733 INFO  L182       IsEmptyHeuristic]: Start isEmptyHeuristic. Operand  has 5 states, 3 states have (on average 1.6666666666666667) internal successors, (5), 4 states have internal predecessors, (5), 0 states have call successors, (0), 0 states have call predecessors, (0), 0 states have return successors, (0), 0 states have call predecessors, (0), 0 states have call successors, (0)
[2026-06-05 23:15:50,733 INFO  L188       IsEmptyHeuristic]: Finished isEmptyHeuristic. No accepting run.
[2026-06-05 23:15:50,733 INFO  L182       IsEmptyHeuristic]: Start isEmptyHeuristic. Operand  has 5 states, 3 states have (on average 1.6666666666666667) internal successors, (5), 4 states have internal predecessors, (5), 0 states have call successors, (0), 0 states have call predecessors, (0), 0 states have return successors, (0), 0 states have call predecessors, (0), 0 states have call successors, (0)
[2026-06-05 23:15:50,734 INFO  L188       IsEmptyHeuristic]: Finished isEmptyHeuristic. No accepting run.
[2026-06-05 23:15:50,734 INFO  L182       IsEmptyHeuristic]: Start isEmptyHeuristic. Operand  has 5 states, 3 states have (on average 1.6666666666666667) internal successors, (5), 4 states have internal predecessors, (5), 0 states have call successors, (0), 0 states have call predecessors, (0), 0 states have return successors, (0), 0 states have call predecessors, (0), 0 states have call successors, (0)
[2026-06-05 23:15:50,734 INFO  L188       IsEmptyHeuristic]: Finished isEmptyHeuristic. No accepting run.
[2026-06-05 23:15:50,734 INFO  L182       IsEmptyHeuristic]: Start isEmptyHeuristic. Operand  has 5 states, 3 states have (on average 1.6666666666666667) internal successors, (5), 4 states have internal predecessors, (5), 0 states have call successors, (0), 0 states have call predecessors, (0), 0 states have return successors, (0), 0 states have call predecessors, (0), 0 states have call successors, (0)
[2026-06-05 23:15:50,734 INFO  L188       IsEmptyHeuristic]: Finished isEmptyHeuristic. No accepting run.
[2026-06-05 23:15:50,734 INFO  L182       IsEmptyHeuristic]: Start isEmptyHeuristic. Operand  has 5 states, 3 states have (on average 1.6666666666666667) internal successors, (5), 4 states have internal predecessors, (5), 0 states have call successors, (0), 0 states have call predecessors, (0), 0 states have return successors, (0), 0 states have call predecessors, (0), 0 states have call successors, (0)
[2026-06-05 23:15:50,734 INFO  L188       IsEmptyHeuristic]: Finished isEmptyHeuristic. No accepting run.
[2026-06-05 23:15:50,735 INFO  L182       IsEmptyHeuristic]: Start isEmptyHeuristic. Operand  has 5 states, 3 states have (on average 1.6666666666666667) internal successors, (5), 4 states have internal predecessors, (5), 0 states have call successors, (0), 0 states have call predecessors, (0), 0 states have return successors, (0), 0 states have call predecessors, (0), 0 states have call successors, (0)
[2026-06-05 23:15:50,735 INFO  L188       IsEmptyHeuristic]: Finished isEmptyHeuristic. No accepting run.
[2026-06-05 23:15:50,735 INFO  L182       IsEmptyHeuristic]: Start isEmptyHeuristic. Operand  has 5 states, 3 states have (on average 1.6666666666666667) internal successors, (5), 4 states have internal predecessors, (5), 0 states have call successors, (0), 0 states have call predecessors, (0), 0 states have return successors, (0), 0 states have call predecessors, (0), 0 states have call successors, (0)
[2026-06-05 23:15:50,735 INFO  L188       IsEmptyHeuristic]: Finished isEmptyHeuristic. Found accepting run of length 17
[2026-06-05 23:15:50,735 INFO  L163        IsEmptyParallel]: Finished isEmptyParallel. Found accepting run of length 17
[2026-06-05 23:15:50,735 WARN  L753                IsEmpty]: Correctness of emptinessCheck not tested.
[2026-06-05 23:15:50,735 INFO  L79                 Accepts]: Start accepts. Automaton has  has 5 states, 3 states have (on average 1.6666666666666667) internal successors, (5), 4 states have internal predecessors, (5), 0 states have call successors, (0), 0 states have call predecessors, (0), 0 states have return successors, (0), 0 states have call predecessors, (0), 0 states have call successors, (0) Word has length 16
[2026-06-05 23:15:50,735 INFO  L85                 Accepts]: Finished accepts. word is accepted.
[2026-06-05 23:15:50,735 INFO  L757                IsEmpty]: Finished testing correctness of emptinessCheck
[2026-06-05 23:15:50,735 INFO  L671   ParallelNwaCegarLoop]: Found new Counterexample via IsEmptyParallel LCPS_FULL!
[2026-06-05 23:15:50,735 INFO  L86        PathProgramCache]: Analyzing trace with hash -770133076, now seen corresponding path program 14 times
[2026-06-05 23:15:50,735 INFO  L435   ParallelNwaCegarLoop]: Main: Starting Thread
[2026-06-05 23:15:50,735 INFO  L209   CegarNwaWorkerThread]: Starting Thread: 167# for Trace Check: -770133076
[2026-06-05 23:15:50,735 INFO  L290                IsEmpty]: Start isEmptyParallel. Operand  has 5 states, 3 states have (on average 1.6666666666666667) internal successors, (5), 4 states have internal predecessors, (5), 0 states have call successors, (0), 0 states have call predecessors, (0), 0 states have return successors, (0), 0 states have call predecessors, (0), 0 states have call successors, (0)
[2026-06-05 23:15:50,736 INFO  L300                IsEmpty]: Finished isEmptyParallel. No accepting run.
[2026-06-05 23:15:50,736 INFO  L156        IsEmptyParallel]: Start isEmptyParallel. Operand  has 5 states, 3 states have (on average 1.6666666666666667) internal successors, (5), 4 states have internal predecessors, (5), 0 states have call successors, (0), 0 states have call predecessors, (0), 0 states have return successors, (0), 0 states have call predecessors, (0), 0 states have call successors, (0)
[2026-06-05 23:15:50,736 INFO  L182       IsEmptyHeuristic]: Start isEmptyHeuristic. Operand  has 5 states, 3 states have (on average 1.6666666666666667) internal successors, (5), 4 states have internal predecessors, (5), 0 states have call successors, (0), 0 states have call predecessors, (0), 0 states have return successors, (0), 0 states have call predecessors, (0), 0 states have call successors, (0)
[2026-06-05 23:15:50,736 INFO  L188       IsEmptyHeuristic]: Finished isEmptyHeuristic. No accepting run.
[2026-06-05 23:15:50,736 INFO  L156       PredicateUnifier]: Initialized classic predicate unifier
[2026-06-05 23:15:50,736 INFO  L86        PathProgramCache]: Analyzing trace with hash -770133076, now seen corresponding path program 14 times
[2026-06-05 23:15:50,736 INFO  L182       IsEmptyHeuristic]: Start isEmptyHeuristic. Operand  has 5 states, 3 states have (on average 1.6666666666666667) internal successors, (5), 4 states have internal predecessors, (5), 0 states have call successors, (0), 0 states have call predecessors, (0), 0 states have return successors, (0), 0 states have call predecessors, (0), 0 states have call successors, (0)
[2026-06-05 23:15:50,736 INFO  L188       IsEmptyHeuristic]: Finished isEmptyHeuristic. No accepting run.
[2026-06-05 23:15:50,736 INFO  L118   FreeRefinementEngine]: Executing refinement strategy CAMEL
[2026-06-05 23:15:50,736 INFO  L324   FreeRefinementEngine]: Using trace check IpTcStrategyModuleSmtInterpolCraig [1213199577]
[2026-06-05 23:15:50,736 INFO  L95    rtionOrderModulation]: Changing assertion order to OUTSIDE_LOOP_FIRST1
[2026-06-05 23:15:50,736 INFO  L182       IsEmptyHeuristic]: Start isEmptyHeuristic. Operand  has 5 states, 3 states have (on average 1.6666666666666667) internal successors, (5), 4 states have internal predecessors, (5), 0 states have call successors, (0), 0 states have call predecessors, (0), 0 states have return successors, (0), 0 states have call predecessors, (0), 0 states have call successors, (0)
[2026-06-05 23:15:50,736 INFO  L127          SolverBuilder]: Constructing new instance of SMTInterpol with explicit timeout -1 ms and remaining time -1 ms
[2026-06-05 23:15:50,736 INFO  L188       IsEmptyHeuristic]: Finished isEmptyHeuristic. No accepting run.
[2026-06-05 23:15:50,737 INFO  L182       IsEmptyHeuristic]: Start isEmptyHeuristic. Operand  has 5 states, 3 states have (on average 1.6666666666666667) internal successors, (5), 4 states have internal predecessors, (5), 0 states have call successors, (0), 0 states have call predecessors, (0), 0 states have return successors, (0), 0 states have call predecessors, (0), 0 states have call successors, (0)
[2026-06-05 23:15:50,737 INFO  L188       IsEmptyHeuristic]: Finished isEmptyHeuristic. No accepting run.
[2026-06-05 23:15:50,737 INFO  L182       IsEmptyHeuristic]: Start isEmptyHeuristic. Operand  has 5 states, 3 states have (on average 1.6666666666666667) internal successors, (5), 4 states have internal predecessors, (5), 0 states have call successors, (0), 0 states have call predecessors, (0), 0 states have return successors, (0), 0 states have call predecessors, (0), 0 states have call successors, (0)
[2026-06-05 23:15:50,737 INFO  L188       IsEmptyHeuristic]: Finished isEmptyHeuristic. No accepting run.
[2026-06-05 23:15:50,737 INFO  L182       IsEmptyHeuristic]: Start isEmptyHeuristic. Operand  has 5 states, 3 states have (on average 1.6666666666666667) internal successors, (5), 4 states have internal predecessors, (5), 0 states have call successors, (0), 0 states have call predecessors, (0), 0 states have return successors, (0), 0 states have call predecessors, (0), 0 states have call successors, (0)
[2026-06-05 23:15:50,737 INFO  L188       IsEmptyHeuristic]: Finished isEmptyHeuristic. No accepting run.
[2026-06-05 23:15:50,737 INFO  L182       IsEmptyHeuristic]: Start isEmptyHeuristic. Operand  has 5 states, 3 states have (on average 1.6666666666666667) internal successors, (5), 4 states have internal predecessors, (5), 0 states have call successors, (0), 0 states have call predecessors, (0), 0 states have return successors, (0), 0 states have call predecessors, (0), 0 states have call successors, (0)
[2026-06-05 23:15:50,737 INFO  L188       IsEmptyHeuristic]: Finished isEmptyHeuristic. No accepting run.
[2026-06-05 23:15:50,738 INFO  L182       IsEmptyHeuristic]: Start isEmptyHeuristic. Operand  has 5 states, 3 states have (on average 1.6666666666666667) internal successors, (5), 4 states have internal predecessors, (5), 0 states have call successors, (0), 0 states have call predecessors, (0), 0 states have return successors, (0), 0 states have call predecessors, (0), 0 states have call successors, (0)
[2026-06-05 23:15:50,738 INFO  L188       IsEmptyHeuristic]: Finished isEmptyHeuristic. No accepting run.
[2026-06-05 23:15:50,738 INFO  L182       IsEmptyHeuristic]: Start isEmptyHeuristic. Operand  has 5 states, 3 states have (on average 1.6666666666666667) internal successors, (5), 4 states have internal predecessors, (5), 0 states have call successors, (0), 0 states have call predecessors, (0), 0 states have return successors, (0), 0 states have call predecessors, (0), 0 states have call successors, (0)
[2026-06-05 23:15:50,738 INFO  L188       IsEmptyHeuristic]: Finished isEmptyHeuristic. No accepting run.
[2026-06-05 23:15:50,738 INFO  L182       IsEmptyHeuristic]: Start isEmptyHeuristic. Operand  has 5 states, 3 states have (on average 1.6666666666666667) internal successors, (5), 4 states have internal predecessors, (5), 0 states have call successors, (0), 0 states have call predecessors, (0), 0 states have return successors, (0), 0 states have call predecessors, (0), 0 states have call successors, (0)
[2026-06-05 23:15:50,738 INFO  L188       IsEmptyHeuristic]: Finished isEmptyHeuristic. No accepting run.
[2026-06-05 23:15:50,738 INFO  L182       IsEmptyHeuristic]: Start isEmptyHeuristic. Operand  has 5 states, 3 states have (on average 1.6666666666666667) internal successors, (5), 4 states have internal predecessors, (5), 0 states have call successors, (0), 0 states have call predecessors, (0), 0 states have return successors, (0), 0 states have call predecessors, (0), 0 states have call successors, (0)
[2026-06-05 23:15:50,738 INFO  L188       IsEmptyHeuristic]: Finished isEmptyHeuristic. No accepting run.
[2026-06-05 23:15:50,738 INFO  L182       IsEmptyHeuristic]: Start isEmptyHeuristic. Operand  has 5 states, 3 states have (on average 1.6666666666666667) internal successors, (5), 4 states have internal predecessors, (5), 0 states have call successors, (0), 0 states have call predecessors, (0), 0 states have return successors, (0), 0 states have call predecessors, (0), 0 states have call successors, (0)
[2026-06-05 23:15:50,738 INFO  L188       IsEmptyHeuristic]: Finished isEmptyHeuristic. No accepting run.
[2026-06-05 23:15:50,739 INFO  L182       IsEmptyHeuristic]: Start isEmptyHeuristic. Operand  has 5 states, 3 states have (on average 1.6666666666666667) internal successors, (5), 4 states have internal predecessors, (5), 0 states have call successors, (0), 0 states have call predecessors, (0), 0 states have return successors, (0), 0 states have call predecessors, (0), 0 states have call successors, (0)
[2026-06-05 23:15:50,739 INFO  L188       IsEmptyHeuristic]: Finished isEmptyHeuristic. No accepting run.
[2026-06-05 23:15:50,739 INFO  L182       IsEmptyHeuristic]: Start isEmptyHeuristic. Operand  has 5 states, 3 states have (on average 1.6666666666666667) internal successors, (5), 4 states have internal predecessors, (5), 0 states have call successors, (0), 0 states have call predecessors, (0), 0 states have return successors, (0), 0 states have call predecessors, (0), 0 states have call successors, (0)
[2026-06-05 23:15:50,739 INFO  L188       IsEmptyHeuristic]: Finished isEmptyHeuristic. No accepting run.
[2026-06-05 23:15:50,739 INFO  L182       IsEmptyHeuristic]: Start isEmptyHeuristic. Operand  has 5 states, 3 states have (on average 1.6666666666666667) internal successors, (5), 4 states have internal predecessors, (5), 0 states have call successors, (0), 0 states have call predecessors, (0), 0 states have return successors, (0), 0 states have call predecessors, (0), 0 states have call successors, (0)
[2026-06-05 23:15:50,739 INFO  L188       IsEmptyHeuristic]: Finished isEmptyHeuristic. Found accepting run of length 20
[2026-06-05 23:15:50,739 INFO  L163        IsEmptyParallel]: Finished isEmptyParallel. Found accepting run of length 20
[2026-06-05 23:15:50,739 WARN  L753                IsEmpty]: Correctness of emptinessCheck not tested.
[2026-06-05 23:15:50,739 INFO  L79                 Accepts]: Start accepts. Automaton has  has 5 states, 3 states have (on average 1.6666666666666667) internal successors, (5), 4 states have internal predecessors, (5), 0 states have call successors, (0), 0 states have call predecessors, (0), 0 states have return successors, (0), 0 states have call predecessors, (0), 0 states have call successors, (0) Word has length 19
[2026-06-05 23:15:50,739 INFO  L85                 Accepts]: Finished accepts. word is accepted.
[2026-06-05 23:15:50,739 INFO  L757                IsEmpty]: Finished testing correctness of emptinessCheck
[2026-06-05 23:15:50,739 INFO  L671   ParallelNwaCegarLoop]: Found new Counterexample via IsEmptyParallel LCPS_FULL!
[2026-06-05 23:15:50,739 INFO  L86        PathProgramCache]: Analyzing trace with hash 682622467, now seen corresponding path program 15 times
[2026-06-05 23:15:50,739 INFO  L435   ParallelNwaCegarLoop]: Main: Starting Thread
[2026-06-05 23:15:50,739 INFO  L251   ParallelNwaCegarLoop]: === Iteration 2 ===
[2026-06-05 23:15:50,739 INFO  L209   CegarNwaWorkerThread]: Starting Thread: 173# for Trace Check: 682622467
[2026-06-05 23:15:50,739 INFO  L452   ParallelNwaCegarLoop]: All threads busy, going to sleep.
[2026-06-05 23:15:50,740 INFO  L156       PredicateUnifier]: Initialized classic predicate unifier
[2026-06-05 23:15:50,740 INFO  L86        PathProgramCache]: Analyzing trace with hash 682622467, now seen corresponding path program 15 times
[2026-06-05 23:15:50,740 INFO  L118   FreeRefinementEngine]: Executing refinement strategy CAMEL
[2026-06-05 23:15:50,740 INFO  L324   FreeRefinementEngine]: Using trace check IpTcStrategyModuleSmtInterpolCraig [1827441406]
[2026-06-05 23:15:50,740 INFO  L95    rtionOrderModulation]: Changing assertion order to OUTSIDE_LOOP_FIRST2
[2026-06-05 23:15:50,740 INFO  L127          SolverBuilder]: Constructing new instance of SMTInterpol with explicit timeout -1 ms and remaining time -1 ms
[2026-06-05 23:15:50,744 INFO  L108    AnnotateAndAsserter]: Assert order NOT_INCREMENTALLY partitioned 3 statements into 1 equivalence classes.
[2026-06-05 23:15:50,744 INFO  L108    AnnotateAndAsserter]: Assert order TERMS_WITH_SMALL_CONSTANTS_FIRST partitioned 6 statements into 2 equivalence classes.
[2026-06-05 23:15:50,744 INFO  L108    AnnotateAndAsserter]: Assert order NOT_INCREMENTALLY partitioned 5 statements into 1 equivalence classes.
[2026-06-05 23:15:50,744 INFO  L108    AnnotateAndAsserter]: Assert order NOT_INCREMENTALLY partitioned 11 statements into 1 equivalence classes.
[2026-06-05 23:15:50,744 INFO  L108    AnnotateAndAsserter]: Assert order NOT_INCREMENTALLY partitioned 17 statements into 1 equivalence classes.
[2026-06-05 23:15:50,744 INFO  L108    AnnotateAndAsserter]: Assert order TERMS_WITH_SMALL_CONSTANTS_FIRST partitioned 12 statements into 2 equivalence classes.
[2026-06-05 23:15:50,745 INFO  L108    AnnotateAndAsserter]: Assert order OUTSIDE_LOOP_FIRST1 partitioned 4 statements into 2 equivalence classes.
[2026-06-05 23:15:50,745 INFO  L108    AnnotateAndAsserter]: Assert order OUTSIDE_LOOP_FIRST1 partitioned 10 statements into 2 equivalence classes.
[2026-06-05 23:15:50,745 INFO  L108    AnnotateAndAsserter]: Assert order OUTSIDE_LOOP_FIRST1 partitioned 16 statements into 2 equivalence classes.
[2026-06-05 23:15:50,745 INFO  L108    AnnotateAndAsserter]: Assert order OUTSIDE_LOOP_FIRST2 partitioned 13 statements into 6 equivalence classes.
[2026-06-05 23:15:50,745 INFO  L108    AnnotateAndAsserter]: Assert order OUTSIDE_LOOP_FIRST2 partitioned 7 statements into 3 equivalence classes.
[2026-06-05 23:15:50,745 INFO  L108    AnnotateAndAsserter]: Assert order INSIDE_LOOP_FIRST1 partitioned 15 statements into 7 equivalence classes.
[2026-06-05 23:15:50,745 INFO  L108    AnnotateAndAsserter]: Assert order MIX_INSIDE_OUTSIDE partitioned 14 statements into 7 equivalence classes.
[2026-06-05 23:15:50,745 INFO  L108    AnnotateAndAsserter]: Assert order MIX_INSIDE_OUTSIDE partitioned 8 statements into 4 equivalence classes.
[2026-06-05 23:15:50,745 INFO  L108    AnnotateAndAsserter]: Assert order INSIDE_LOOP_FIRST1 partitioned 9 statements into 4 equivalence classes.
[2026-06-05 23:15:50,745 INFO  L108    AnnotateAndAsserter]: Assert order OUTSIDE_LOOP_FIRST2 partitioned 19 statements into 9 equivalence classes.
[2026-06-05 23:15:50,755 INFO  L111    AnnotateAndAsserter]: Assert order NOT_INCREMENTALLY issued 1 check-sat command(s) and asserted 3 of 3 statements.
[2026-06-05 23:15:50,755 INFO  L114    AnnotateAndAsserter]: Assert order NOT_INCREMENTALLY issued 1 check-sat command(s)
[2026-06-05 23:15:50,755 INFO  L115    AnnotateAndAsserter]: Conjunction of SSA is unsat
[2026-06-05 23:15:50,756 INFO  L111    AnnotateAndAsserter]: Assert order NOT_INCREMENTALLY issued 1 check-sat command(s) and asserted 5 of 5 statements.
[2026-06-05 23:15:50,756 INFO  L114    AnnotateAndAsserter]: Assert order NOT_INCREMENTALLY issued 1 check-sat command(s)
[2026-06-05 23:15:50,756 INFO  L115    AnnotateAndAsserter]: Conjunction of SSA is unsat
[2026-06-05 23:15:50,757 INFO  L111    AnnotateAndAsserter]: Assert order TERMS_WITH_SMALL_CONSTANTS_FIRST issued 2 check-sat command(s) and asserted 6 of 6 statements.
[2026-06-05 23:15:50,757 INFO  L114    AnnotateAndAsserter]: Assert order TERMS_WITH_SMALL_CONSTANTS_FIRST issued 2 check-sat command(s)
[2026-06-05 23:15:50,757 INFO  L115    AnnotateAndAsserter]: Conjunction of SSA is unsat
[2026-06-05 23:15:50,757 INFO  L111    AnnotateAndAsserter]: Assert order OUTSIDE_LOOP_FIRST1 issued 2 check-sat command(s) and asserted 4 of 4 statements.
[2026-06-05 23:15:50,757 INFO  L114    AnnotateAndAsserter]: Assert order OUTSIDE_LOOP_FIRST1 issued 2 check-sat command(s)
[2026-06-05 23:15:50,757 INFO  L115    AnnotateAndAsserter]: Conjunction of SSA is unsat
[2026-06-05 23:15:50,762 INFO  L111    AnnotateAndAsserter]: Assert order INSIDE_LOOP_FIRST1 issued 4 check-sat command(s) and asserted 9 of 9 statements.
[2026-06-05 23:15:50,762 INFO  L114    AnnotateAndAsserter]: Assert order INSIDE_LOOP_FIRST1 issued 4 check-sat command(s)
[2026-06-05 23:15:50,762 INFO  L115    AnnotateAndAsserter]: Conjunction of SSA is unsat
[2026-06-05 23:15:50,765 INFO  L111    AnnotateAndAsserter]: Assert order OUTSIDE_LOOP_FIRST1 issued 2 check-sat command(s) and asserted 10 of 10 statements.
[2026-06-05 23:15:50,765 INFO  L114    AnnotateAndAsserter]: Assert order OUTSIDE_LOOP_FIRST1 issued 2 check-sat command(s)
[2026-06-05 23:15:50,765 INFO  L115    AnnotateAndAsserter]: Conjunction of SSA is unsat
[2026-06-05 23:15:50,766 INFO  L111    AnnotateAndAsserter]: Assert order NOT_INCREMENTALLY issued 1 check-sat command(s) and asserted 11 of 11 statements.
[2026-06-05 23:15:50,766 INFO  L114    AnnotateAndAsserter]: Assert order NOT_INCREMENTALLY issued 1 check-sat command(s)
[2026-06-05 23:15:50,766 INFO  L115    AnnotateAndAsserter]: Conjunction of SSA is unsat
[2026-06-05 23:15:50,766 INFO  L111    AnnotateAndAsserter]: Assert order OUTSIDE_LOOP_FIRST2 issued 3 check-sat command(s) and asserted 7 of 7 statements.
[2026-06-05 23:15:50,766 INFO  L114    AnnotateAndAsserter]: Assert order OUTSIDE_LOOP_FIRST2 issued 3 check-sat command(s)
[2026-06-05 23:15:50,766 INFO  L115    AnnotateAndAsserter]: Conjunction of SSA is unsat
[2026-06-05 23:15:50,768 INFO  L111    AnnotateAndAsserter]: Assert order MIX_INSIDE_OUTSIDE issued 4 check-sat command(s) and asserted 8 of 8 statements.
[2026-06-05 23:15:50,768 INFO  L114    AnnotateAndAsserter]: Assert order MIX_INSIDE_OUTSIDE issued 4 check-sat command(s)
[2026-06-05 23:15:50,768 INFO  L115    AnnotateAndAsserter]: Conjunction of SSA is unsat
[2026-06-05 23:15:50,768 INFO  L111    AnnotateAndAsserter]: Assert order TERMS_WITH_SMALL_CONSTANTS_FIRST issued 2 check-sat command(s) and asserted 12 of 12 statements.
[2026-06-05 23:15:50,768 INFO  L114    AnnotateAndAsserter]: Assert order TERMS_WITH_SMALL_CONSTANTS_FIRST issued 2 check-sat command(s)
[2026-06-05 23:15:50,768 INFO  L115    AnnotateAndAsserter]: Conjunction of SSA is unsat
[2026-06-05 23:15:50,773 INFO  L111    AnnotateAndAsserter]: Assert order NOT_INCREMENTALLY issued 1 check-sat command(s) and asserted 17 of 17 statements.
[2026-06-05 23:15:50,773 INFO  L114    AnnotateAndAsserter]: Assert order NOT_INCREMENTALLY issued 1 check-sat command(s)
[2026-06-05 23:15:50,773 INFO  L115    AnnotateAndAsserter]: Conjunction of SSA is unsat
[2026-06-05 23:15:50,773 INFO  L111    AnnotateAndAsserter]: Assert order INSIDE_LOOP_FIRST1 issued 7 check-sat command(s) and asserted 15 of 15 statements.
[2026-06-05 23:15:50,773 INFO  L114    AnnotateAndAsserter]: Assert order INSIDE_LOOP_FIRST1 issued 7 check-sat command(s)
[2026-06-05 23:15:50,773 INFO  L115    AnnotateAndAsserter]: Conjunction of SSA is unsat
[2026-06-05 23:15:50,775 INFO  L111    AnnotateAndAsserter]: Assert order OUTSIDE_LOOP_FIRST1 issued 2 check-sat command(s) and asserted 16 of 16 statements.
[2026-06-05 23:15:50,775 INFO  L114    AnnotateAndAsserter]: Assert order OUTSIDE_LOOP_FIRST1 issued 2 check-sat command(s)
[2026-06-05 23:15:50,775 INFO  L115    AnnotateAndAsserter]: Conjunction of SSA is unsat
[2026-06-05 23:15:50,780 INFO  L111    AnnotateAndAsserter]: Assert order MIX_INSIDE_OUTSIDE issued 7 check-sat command(s) and asserted 14 of 14 statements.
[2026-06-05 23:15:50,780 INFO  L114    AnnotateAndAsserter]: Assert order MIX_INSIDE_OUTSIDE issued 7 check-sat command(s)
[2026-06-05 23:15:50,780 INFO  L115    AnnotateAndAsserter]: Conjunction of SSA is unsat
[2026-06-05 23:15:50,780 INFO  L111    AnnotateAndAsserter]: Assert order OUTSIDE_LOOP_FIRST2 issued 6 check-sat command(s) and asserted 13 of 13 statements.
[2026-06-05 23:15:50,781 INFO  L114    AnnotateAndAsserter]: Assert order OUTSIDE_LOOP_FIRST2 issued 6 check-sat command(s)
[2026-06-05 23:15:50,781 INFO  L115    AnnotateAndAsserter]: Conjunction of SSA is unsat
[2026-06-05 23:15:50,793 INFO  L111    AnnotateAndAsserter]: Assert order OUTSIDE_LOOP_FIRST2 issued 9 check-sat command(s) and asserted 19 of 19 statements.
[2026-06-05 23:15:50,793 INFO  L114    AnnotateAndAsserter]: Assert order OUTSIDE_LOOP_FIRST2 issued 9 check-sat command(s)
[2026-06-05 23:15:50,793 INFO  L115    AnnotateAndAsserter]: Conjunction of SSA is sat
[2026-06-05 23:15:50,793 INFO  L348             TraceCheck]: Trace is feasible, we will do another trace check, this time with branch encoders.
[2026-06-05 23:15:50,797 INFO  L108    AnnotateAndAsserter]: Assert order NOT_INCREMENTALLY partitioned 19 statements into 1 equivalence classes.
[2026-06-05 23:15:50,820 INFO  L111    AnnotateAndAsserter]: Assert order NOT_INCREMENTALLY issued 1 check-sat command(s) and asserted 19 of 19 statements.
[2026-06-05 23:15:50,821 INFO  L114    AnnotateAndAsserter]: Assert order NOT_INCREMENTALLY issued 1 check-sat command(s)
[2026-06-05 23:15:50,821 INFO  L115    AnnotateAndAsserter]: Conjunction of SSA is sat
[2026-06-05 23:15:50,826 INFO  L134       CoverageAnalysis]: Checked inductivity of 0 backedges. 0 proven. 0 refuted. 0 times theorem prover too weak. 0 trivial. 0 not checked.
[2026-06-05 23:15:50,826 INFO  L136   FreeRefinementEngine]: Strategy CAMEL found an infeasible trace
[2026-06-05 23:15:50,826 INFO  L324   FreeRefinementEngine]: Using interpolant generator IpTcStrategyModuleSmtInterpolCraig [1269631114]
[2026-06-05 23:15:50,827 INFO  L158   FreeRefinementEngine]: IpTcStrategyModuleSmtInterpolCraig [1269631114] provided 1 perfect and 0 imperfect interpolant sequences
[2026-06-05 23:15:50,827 INFO  L185   FreeRefinementEngine]: Found 1 perfect and 0 imperfect interpolant sequences.
[2026-06-05 23:15:50,827 INFO  L198   FreeRefinementEngine]: Number of different interpolants: perfect sequences [2] imperfect sequences [] total 2
[2026-06-05 23:15:50,828 INFO  L122   tionRefinementEngine]: Using interpolant automaton builder IpAbStrategyModuleStraightlineAll [1346515048]
[2026-06-05 23:15:50,828 INFO  L85    oduleStraightlineAll]: Using 1 perfect interpolants to construct interpolant automaton
[2026-06-05 23:15:50,831 INFO  L100   FreeRefinementEngine]: Using predicate unifier PredicateUnifier provided by strategy CAMEL
[2026-06-05 23:15:50,832 INFO  L130   FreeRefinementEngine]: Strategy CAMEL found a feasible trace
[2026-06-05 23:15:50,832 INFO  L305   CegarNwaWorkerThread]: Counterexample is feasible
[2026-06-05 23:15:50,832 INFO  L796   garLoopResultBuilder]: Registering result UNSAFE for location ULTIMATE.startErr0ASSERT_VIOLATIONASSERT (0 of 1 remaining)
[2026-06-05 23:15:50,833 INFO  L370   CegarNwaWorkerThread]: Excluding counterexample to continue analysis with ERROR automaton
[2026-06-05 23:15:50,833 INFO  L100   FreeRefinementEngine]: Using predicate unifier PredicateUnifier provided by strategy CAMEL
[2026-06-05 23:15:50,834 INFO  L185   GeneralizationEngine]: Constructing SIMPLE_ERROR_AUTOMATON automaton for trace of length 19
[2026-06-05 23:15:50,845 INFO  L134       CoverageAnalysis]: Checked inductivity of 1 backedges. 0 proven. 1 refuted. 0 times theorem prover too weak. 0 trivial. 0 not checked.
[2026-06-05 23:15:50,845 INFO  L136   FreeRefinementEngine]: Strategy CAMEL found an infeasible trace
[2026-06-05 23:15:50,845 INFO  L324   FreeRefinementEngine]: Using interpolant generator IpTcStrategyModuleSmtInterpolCraig [734274383]
[2026-06-05 23:15:50,845 INFO  L158   FreeRefinementEngine]: IpTcStrategyModuleSmtInterpolCraig [734274383] provided 0 perfect and 1 imperfect interpolant sequences
[2026-06-05 23:15:50,845 INFO  L324   FreeRefinementEngine]: Using interpolant generator IpTcStrategyModuleZ3 [1573154115]
[2026-06-05 23:15:50,845 INFO  L95    rtionOrderModulation]: Changing assertion order to OUTSIDE_LOOP_FIRST1
[2026-06-05 23:15:50,845 INFO  L173          SolverBuilder]: Constructing external solver with command: z3 -smt2 -in SMTLIB2_COMPLIANT=true
[2026-06-05 23:15:50,845 INFO  L419   CegarNwaWorkerThread]: Difference in Worker for Generalization
[2026-06-05 23:15:50,846 INFO  L224   CegarNwaWorkerThread]: Done with Thread: 173#
[2026-06-05 23:15:50,846 INFO  L196   CegarNwaWorkerThread]: WorkerThread: Thread[#173,Worker for 682622467,5,main] is Waiting for a Task
[2026-06-05 23:15:50,846 INFO  L455   ParallelNwaCegarLoop]: Waking up, a worker is done.
[2026-06-05 23:15:50,846 INFO  L261   ParallelNwaCegarLoop]: Main: A Thread is Done
[2026-06-05 23:15:50,847 INFO  L189       MonitoredProcess]: No working directory specified, using /usr/bin/z3
[2026-06-05 23:15:50,849 INFO  L546       MonitoredProcess]: [MP /usr/bin/z3 SMTLIB2_COMPLIANT=true -memory:1024 -smt2 -in -t:12000 (16)] Ended with exit code 0
[2026-06-05 23:15:51,049 INFO  L546       MonitoredProcess]: [MP /usr/bin/z3 SMTLIB2_COMPLIANT=true -memory:1024 -smt2 -in -t:12000 (9)] Ended with exit code 0
[2026-06-05 23:15:51,249 INFO  L534       MonitoredProcess]: [MP /usr/bin/z3 SMTLIB2_COMPLIANT=true -memory:1024 -smt2 -in -t:12000 (5)] Forceful destruction successful, exit code 0
[2026-06-05 23:15:51,449 INFO  L546       MonitoredProcess]: [MP /usr/bin/z3 SMTLIB2_COMPLIANT=true -memory:1024 -smt2 -in -t:12000 (12)] Ended with exit code 0
[2026-06-05 23:15:51,648 WARN  L718   oredProcess$PipePump]: [MP /usr/bin/z3 SMTLIB2_COMPLIANT=true -memory:1024 -smt2 -in -t:12000 (17)] The stream was forcibly closed: stdIn
[2026-06-05 23:15:51,650 INFO  L534       MonitoredProcess]: [MP /usr/bin/z3 SMTLIB2_COMPLIANT=true -memory:1024 -smt2 -in -t:12000 (17)] Forceful destruction successful, exit code 0
[2026-06-05 23:15:51,850 INFO  L534       MonitoredProcess]: [MP /usr/bin/z3 SMTLIB2_COMPLIANT=true -memory:1024 -smt2 -in -t:12000 (8)] Forceful destruction successful, exit code 0
[2026-06-05 23:15:52,050 INFO  L546       MonitoredProcess]: [MP /usr/bin/z3 SMTLIB2_COMPLIANT=true -memory:1024 -smt2 -in -t:12000 (15)] Ended with exit code 0
[2026-06-05 23:15:52,250 INFO  L546       MonitoredProcess]: [MP /usr/bin/z3 SMTLIB2_COMPLIANT=true -memory:1024 -smt2 -in -t:12000 (7)] Ended with exit code 0
[2026-06-05 23:15:52,451 INFO  L534       MonitoredProcess]: [MP /usr/bin/z3 SMTLIB2_COMPLIANT=true -memory:1024 -smt2 -in -t:12000 (2)] Forceful destruction successful, exit code 0
[2026-06-05 23:15:52,651 INFO  L546       MonitoredProcess]: [MP /usr/bin/z3 SMTLIB2_COMPLIANT=true -memory:1024 -smt2 -in -t:12000 (11)] Ended with exit code 0
[2026-06-05 23:15:52,851 INFO  L546       MonitoredProcess]: [MP /usr/bin/z3 SMTLIB2_COMPLIANT=true -memory:1024 -smt2 -in -t:12000 (14)] Ended with exit code 0
[2026-06-05 23:15:53,052 INFO  L546       MonitoredProcess]: [MP /usr/bin/z3 SMTLIB2_COMPLIANT=true -memory:1024 -smt2 -in -t:12000 (3)] Ended with exit code 0
[2026-06-05 23:15:53,252 INFO  L546       MonitoredProcess]: [MP /usr/bin/z3 SMTLIB2_COMPLIANT=true -memory:1024 -smt2 -in -t:12000 (10)] Ended with exit code 0
[2026-06-05 23:15:53,452 INFO  L546       MonitoredProcess]: [MP /usr/bin/z3 SMTLIB2_COMPLIANT=true -memory:1024 -smt2 -in -t:12000 (6)] Ended with exit code 0
[2026-06-05 23:15:53,653 INFO  L546       MonitoredProcess]: [MP /usr/bin/z3 SMTLIB2_COMPLIANT=true -memory:1024 -smt2 -in -t:12000 (13)] Ended with exit code 0
[2026-06-05 23:15:53,853 INFO  L546       MonitoredProcess]: [MP /usr/bin/z3 SMTLIB2_COMPLIANT=true -memory:1024 -smt2 -in -t:12000 (4)] Ended with exit code 0
[2026-06-05 23:15:54,051 WARN  L466   ParallelNwaCegarLoop]: Destroyed unattended storables created during the last iteration: 16 /usr/bin/z3 SMTLIB2_COMPLIANT=true -memory:1024 -smt2 -in -t:12000,9 /usr/bin/z3 SMTLIB2_COMPLIANT=true -memory:1024 -smt2 -in -t:12000,5 /usr/bin/z3 SMTLIB2_COMPLIANT=true -memory:1024 -smt2 -in -t:12000,12 /usr/bin/z3 SMTLIB2_COMPLIANT=true -memory:1024 -smt2 -in -t:12000,SelfDestructingSolverStorable4,17 /usr/bin/z3 SMTLIB2_COMPLIANT=true -memory:1024 -smt2 -in -t:12000,SelfDestructingSolverStorable3,8 /usr/bin/z3 SMTLIB2_COMPLIANT=true -memory:1024 -smt2 -in -t:12000,SelfDestructingSolverStorable2,15 /usr/bin/z3 SMTLIB2_COMPLIANT=true -memory:1024 -smt2 -in -t:12000,SelfDestructingSolverStorable1,SelfDestructingSolverStorable8,SelfDestructingSolverStorable7,SelfDestructingSolverStorable6,SelfDestructingSolverStorable5,SelfDestructingSolverStorable10,SelfDestructingSolverStorable11,SelfDestructingSolverStorable12,SelfDestructingSolverStorable9,SelfDestructingSolverStorable13,7 /usr/bin/z3 SMTLIB2_COMPLIANT=true -memory:1024 -smt2 -in -t:12000,SelfDestructingSolverStorable14,2 /usr/bin/z3 SMTLIB2_COMPLIANT=true -memory:1024 -smt2 -in -t:12000,11 /usr/bin/z3 SMTLIB2_COMPLIANT=true -memory:1024 -smt2 -in -t:12000,14 /usr/bin/z3 SMTLIB2_COMPLIANT=true -memory:1024 -smt2 -in -t:12000,3 /usr/bin/z3 SMTLIB2_COMPLIANT=true -memory:1024 -smt2 -in -t:12000,10 /usr/bin/z3 SMTLIB2_COMPLIANT=true -memory:1024 -smt2 -in -t:12000,6 /usr/bin/z3 SMTLIB2_COMPLIANT=true -memory:1024 -smt2 -in -t:12000,SelfDestructingSolverStorable0,13 /usr/bin/z3 SMTLIB2_COMPLIANT=true -memory:1024 -smt2 -in -t:12000,4 /usr/bin/z3 SMTLIB2_COMPLIANT=true -memory:1024 -smt2 -in -t:12000
[2026-06-05 23:15:54,052 INFO  L274   ParallelNwaCegarLoop]: Result: UNSAFE
[2026-06-05 23:15:54,052 INFO  L229       MonitoredProcess]: Starting monitored process 18 with /usr/bin/z3 -smt2 -in SMTLIB2_COMPLIANT=true (exit command is (exit), workingDir is null)
[2026-06-05 23:15:54,052 INFO  L363   ParallelNwaCegarLoop]: Iteration 2
[2026-06-05 23:15:54,052 INFO  L364   ParallelNwaCegarLoop]: SearchMode: LCPS_FULL
[2026-06-05 23:15:54,052 INFO  L365   ParallelNwaCegarLoop]: Refinements: 0
[2026-06-05 23:15:54,052 INFO  L366   ParallelNwaCegarLoop]: Counterexamples: 16
[2026-06-05 23:15:54,052 INFO  L367   ParallelNwaCegarLoop]: SearchTimeout: 0
[2026-06-05 23:15:54,052 INFO  L368   ParallelNwaCegarLoop]: RunConstructionFailed: 0
[2026-06-05 23:15:54,052 INFO  L369   ParallelNwaCegarLoop]: SearchFailed: 0
[2026-06-05 23:15:54,052 INFO  L370   ParallelNwaCegarLoop]: Duplicate freshness failures: 1
[2026-06-05 23:15:54,052 INFO  L371   ParallelNwaCegarLoop]: DuplicateFreshnessFailures: 1
[2026-06-05 23:15:54,052 INFO  L372   ParallelNwaCegarLoop]: BFS: 1
[2026-06-05 23:15:54,052 INFO  L373   ParallelNwaCegarLoop]: IsEmptyParallel: 15
[2026-06-05 23:15:54,052 INFO  L374   ParallelNwaCegarLoop]: ActiveThreads: 16
[2026-06-05 23:15:54,052 INFO  L375   ParallelNwaCegarLoop]: ActiveExecutorsForPathPrograms: 0
[2026-06-05 23:15:54,052 INFO  L376   ParallelNwaCegarLoop]: IterationsWithMaxThreads: 2
[2026-06-05 23:15:54,052 INFO  L377   ParallelNwaCegarLoop]: IterationsWithONEThread: 0
[2026-06-05 23:15:54,052 INFO  L378   ParallelNwaCegarLoop]: SearchTime: 0 s
[2026-06-05 23:15:54,052 INFO  L379   ParallelNwaCegarLoop]: WorkerSetUpTime: 0 s
[2026-06-05 23:15:54,052 INFO  L380   ParallelNwaCegarLoop]: ExceptionInWorker: 0
[2026-06-05 23:15:54,052 INFO  L144   InterpolantAutomaton]: Constructing interpolant automaton starting with 3 interpolants.
[2026-06-05 23:15:54,052 INFO  L381   ParallelNwaCegarLoop]: mRefinementTime: 0
[2026-06-05 23:15:54,052 INFO  L382   ParallelNwaCegarLoop]: Prefix cache checked paths: 16
[2026-06-05 23:15:54,052 INFO  L383   ParallelNwaCegarLoop]: Prefix cache stale paths: 0
[2026-06-05 23:15:54,052 INFO  L384   ParallelNwaCegarLoop]: Stale paths: 0
[2026-06-05 23:15:54,053 INFO  L385   ParallelNwaCegarLoop]: LcpsCheckedPrefixQueries: 493
[2026-06-05 23:15:54,053 INFO  L386   ParallelNwaCegarLoop]: LcpsStalePrefixQueries: 493
[2026-06-05 23:15:54,053 INFO  L387   ParallelNwaCegarLoop]: LcpsCheckedPrefixHits: 340
[2026-06-05 23:15:54,053 INFO  L388   ParallelNwaCegarLoop]: LcpsStalePrefixHits: 0
[2026-06-05 23:15:54,053 INFO  L389   ParallelNwaCegarLoop]: LcpsSearchInvocations: 15
[2026-06-05 23:15:54,053 INFO  L390   ParallelNwaCegarLoop]: LcpsFullCacheSuffixInvocations: 0
[2026-06-05 23:15:54,053 INFO  L391   ParallelNwaCegarLoop]: LcpsFullCacheSuffixFallbacks: 119
[2026-06-05 23:15:54,053 INFO  L146   InterpolantAutomaton]: CoverageRelationStatistics Valid=3, Invalid=3, Unknown=0, NotChecked=0, Total=6
[2026-06-05 23:15:54,053 INFO  L419   CegarNwaWorkerThread]: Difference in Worker for Generalization
[2026-06-05 23:15:54,053 INFO  L392   ParallelNwaCegarLoop]: LcpsEffectivePriorityDecisions: 1
[2026-06-05 23:15:54,053 INFO  L395   ParallelNwaCegarLoop]: Checked paths: 16
[2026-06-05 23:15:54,053 INFO  L396   ParallelNwaCegarLoop]: Total pairwise prefix-LCA divergence: 39.82389081506727
[2026-06-05 23:15:54,053 INFO  L398   ParallelNwaCegarLoop]: Avg pairwise prefix-LCA divergence: 0.3318657567922273
[2026-06-05 23:15:54,053 INFO  L327       MonitoredProcess]: [MP /usr/bin/z3 -smt2 -in SMTLIB2_COMPLIANT=true (18)] Waiting until timeout for monitored process
[2026-06-05 23:15:54,053 FATAL L280   FreeRefinementEngine]: Exception during interpolant generation: SMTLIBException
[2026-06-05 23:15:54,054 INFO  L87              Difference]: Start difference. First operand  has 5 states, 3 states have (on average 1.6666666666666667) internal successors, (5), 4 states have internal predecessors, (5), 0 states have call successors, (0), 0 states have call predecessors, (0), 0 states have return successors, (0), 0 states have call predecessors, (0), 0 states have call successors, (0) Second operand  has 3 states, 3 states have (on average 1.0) internal successors, (3), 2 states have internal predecessors, (3), 0 states have call successors, (0), 0 states have call predecessors, (0), 0 states have return successors, (0), 0 states have call predecessors, (0), 0 states have call successors, (0)
[2026-06-05 23:15:54,055 INFO  L424         BasicCegarLoop]: Path program histogram: []
[2026-06-05 23:15:54,055 INFO  L429         BasicCegarLoop]: Checked paths: 16
[2026-06-05 23:15:54,055 INFO  L430         BasicCegarLoop]: Total pairwise prefix-LCA divergence: 39.82389081506727
[2026-06-05 23:15:54,055 INFO  L432         BasicCegarLoop]: Avg pairwise prefix-LCA divergence: 0.3318657567922273
[2026-06-05 23:15:54,060 INFO  L487   CegarNwaWorkerThread]: 0 DeclaredPredicates, 2 GetRequests, 1 SyntacticMatches, 0 SemanticMatches, 1 ConstructedPredicates, 0 IntricatePredicates, 0 DeprecatedPredicates, 0 ImplicationChecksByTransitivity, 0.0s TimeCoverageRelationStatistics Valid=3, Invalid=3, Unknown=0, NotChecked=0, Total=6
[2026-06-05 23:15:54,060 INFO  L171   ceAbstractionStarter]: Computing trace abstraction results
[2026-06-05 23:15:54,061 INFO  L488   CegarNwaWorkerThread]: 1 mSDtfsCounter, 0 mSDsluCounter, 0 mSDsCounter, 0 mSdLazyCounter, 0 mSolverCounterSat, 0 mSolverCounterUnsat, 0 mSolverCounterUnknown, 0 mSolverCounterNotChecked, 0.0s Time, 0 mProtectedPredicate, 0 mProtectedAction, 0 SdHoareTripleChecker+Valid, 1 SdHoareTripleChecker+Invalid, 1 SdHoareTripleChecker+Unknown, 0 SdHoareTripleChecker+Unchecked, 0.0s SdHoareTripleChecker+Time, 0 IncrementalHoareTripleChecker+Valid, 0 IncrementalHoareTripleChecker+Invalid, 0 IncrementalHoareTripleChecker+Unknown, 0 IncrementalHoareTripleChecker+Unchecked, 0.0s IncrementalHoareTripleChecker+Time
[2026-06-05 23:15:54,061 INFO  L489   CegarNwaWorkerThread]: SdHoareTripleChecker [0 Valid, 1 Invalid, 1 Unknown, 0 Unchecked, 0.0s Time], IncrementalHoareTripleChecker [0 Valid, 0 Invalid, 0 Unknown, 0 Unchecked, 0.0s Time]
[2026-06-05 23:15:54,061 INFO  L201        PluginConnector]: Adding new model interleave_bits.i_3.bpl de.uni_freiburg.informatik.ultimate.plugins.generator.traceabstraction CFG 05.06 11:15:54 BoogieIcfgContainer
[2026-06-05 23:15:54,061 INFO  L131        PluginConnector]: ------------------------ END TraceAbstraction----------------------------
[2026-06-05 23:15:54,061 INFO  L158              Benchmark]: Toolchain (without parser) took 3696.07ms. Allocated memory was 44.0MB in the beginning and 98.6MB in the end (delta: 54.5MB). Free memory was 13.5MB in the beginning and 14.1MB in the end (delta: -583.2kB). Peak memory consumption was 56.3MB. Max. memory is 4.3GB.
[2026-06-05 23:15:54,062 INFO  L158              Benchmark]: Boogie PL CUP Parser took 0.07ms. Allocated memory is still 44.0MB. Free memory is still 14.5MB. There was no memory consumed. Max. memory is 4.3GB.
[2026-06-05 23:15:54,062 INFO  L158              Benchmark]: Boogie Preprocessor took 20.17ms. Allocated memory is still 44.0MB. Free memory was 13.4MB in the beginning and 21.7MB in the end (delta: -8.2MB). Peak memory consumption was 5.8MB. Max. memory is 4.3GB.
[2026-06-05 23:15:54,062 INFO  L158              Benchmark]: RCFGBuilder took 70.50ms. Allocated memory is still 44.0MB. Free memory was 21.6MB in the beginning and 11.8MB in the end (delta: 9.7MB). Peak memory consumption was 6.3MB. Max. memory is 4.3GB.
[2026-06-05 23:15:54,062 INFO  L158              Benchmark]: TraceAbstraction took 3602.12ms. Allocated memory was 44.0MB in the beginning and 98.6MB in the end (delta: 54.5MB). Free memory was 19.6MB in the beginning and 14.1MB in the end (delta: 5.5MB). Peak memory consumption was 59.4MB. Max. memory is 4.3GB.
[2026-06-05 23:15:54,062 INFO  L338   ainManager$Toolchain]: #######################  End [Toolchain 1] #######################
 --- Results ---
 * Results from de.uni_freiburg.informatik.ultimate.core:
  - StatisticsResult: Toolchain Benchmarks
    Benchmark results are:
 * Boogie PL CUP Parser took 0.07ms. Allocated memory is still 44.0MB. Free memory is still 14.5MB. There was no memory consumed. Max. memory is 4.3GB.
 * Boogie Preprocessor took 20.17ms. Allocated memory is still 44.0MB. Free memory was 13.4MB in the beginning and 21.7MB in the end (delta: -8.2MB). Peak memory consumption was 5.8MB. Max. memory is 4.3GB.
 * RCFGBuilder took 70.50ms. Allocated memory is still 44.0MB. Free memory was 21.6MB in the beginning and 11.8MB in the end (delta: 9.7MB). Peak memory consumption was 6.3MB. Max. memory is 4.3GB.
 * TraceAbstraction took 3602.12ms. Allocated memory was 44.0MB in the beginning and 98.6MB in the end (delta: 54.5MB). Free memory was 19.6MB in the beginning and 14.1MB in the end (delta: 5.5MB). Peak memory consumption was 59.4MB. Max. memory is 4.3GB.
 * Results from de.uni_freiburg.informatik.ultimate.plugins.generator.traceabstraction:
  - StatisticsResult: ErrorAutomatonStatistics
    NumberErrorTraces: 0, NumberStatementsAllTraces: 0, NumberRelevantStatements: 0, 0.0s ErrorAutomatonConstructionTimeTotal, 0.0s FaulLocalizationTime, NumberStatementsFirstTrace: -1, TraceLengthAvg: 0, 0.0s ErrorAutomatonConstructionTimeAvg, 0.0s ErrorAutomatonDifferenceTimeAvg, 0.0s ErrorAutomatonDifferenceTimeTotal, NumberOfNoEnhancement: 0, NumberOfFiniteEnhancement: 0, NumberOfInfiniteEnhancement: 0
  - UnprovableResult [Line: 62]: Unable to prove that assertion always holds
    Unable to prove that assertion always holds
 Reason: overapproximation of bitwiseOr at line 58, overapproximation of bitwiseOr at line 49, overapproximation of bitwiseAnd at line 41. 
Possible FailurePath: 
[L20]        havoc main_#res;
[L21]        havoc main_#t~nondet0, main_#t~nondet1, main_~x~5, main_~y~5, main_~xx~5, main_~yy~5, main_~zz~5, main_~z~5, main_~i~5;
[L22]        main_~x~5 := main_#t~nondet0;
[L23]        havoc main_#t~nondet0;
[L24]        main_~y~5 := main_#t~nondet1;
[L25]        havoc main_#t~nondet1;
[L26]        havoc main_~xx~5;
[L27]        havoc main_~yy~5;
[L28]        havoc main_~zz~5;
[L29]        main_~z~5 := 0;
[L30]        main_~i~5 := 0;
       VAL   [main_~i~5=0, main_~z~5=0]
[L57]        assume !!(main_~i~5 % 4294967296 < 16);
[L58]        main_~z~5 := ~bitwiseOr(main_~z~5, ~bitwiseOr(~shiftLeft(~bitwiseAnd(main_~x~5 % 65536, ~shiftLeft(1, main_~i~5)), main_~i~5), ~shiftLeft(~bitwiseAnd(main_~y~5 % 65536, ~shiftLeft(1, main_~i~5)), main_~i~5 + 1)));
[L59]        main_~i~5 := main_~i~5 + 1;
       VAL   [main_~i~5=1]
[L57]        assume !!(main_~i~5 % 4294967296 < 16);
[L58]        main_~z~5 := ~bitwiseOr(main_~z~5, ~bitwiseOr(~shiftLeft(~bitwiseAnd(main_~x~5 % 65536, ~shiftLeft(1, main_~i~5)), main_~i~5), ~shiftLeft(~bitwiseAnd(main_~y~5 % 65536, ~shiftLeft(1, main_~i~5)), main_~i~5 + 1)));
[L59]        main_~i~5 := main_~i~5 + 1;
       VAL   [main_~i~5=2]
[L57]        assume !!(main_~i~5 % 4294967296 < 16);
[L58]        main_~z~5 := ~bitwiseOr(main_~z~5, ~bitwiseOr(~shiftLeft(~bitwiseAnd(main_~x~5 % 65536, ~shiftLeft(1, main_~i~5)), main_~i~5), ~shiftLeft(~bitwiseAnd(main_~y~5 % 65536, ~shiftLeft(1, main_~i~5)), main_~i~5 + 1)));
[L59]        main_~i~5 := main_~i~5 + 1;
       VAL   [main_~i~5=3]
[L57]        assume !!(main_~i~5 % 4294967296 < 16);
[L58]        main_~z~5 := ~bitwiseOr(main_~z~5, ~bitwiseOr(~shiftLeft(~bitwiseAnd(main_~x~5 % 65536, ~shiftLeft(1, main_~i~5)), main_~i~5), ~shiftLeft(~bitwiseAnd(main_~y~5 % 65536, ~shiftLeft(1, main_~i~5)), main_~i~5 + 1)));
[L59]        main_~i~5 := main_~i~5 + 1;
       VAL   [main_~i~5=4]
[L57]        assume !!(main_~i~5 % 4294967296 < 16);
[L58]        main_~z~5 := ~bitwiseOr(main_~z~5, ~bitwiseOr(~shiftLeft(~bitwiseAnd(main_~x~5 % 65536, ~shiftLeft(1, main_~i~5)), main_~i~5), ~shiftLeft(~bitwiseAnd(main_~y~5 % 65536, ~shiftLeft(1, main_~i~5)), main_~i~5 + 1)));
[L59]        main_~i~5 := main_~i~5 + 1;
       VAL   [main_~i~5=5]
[L57]        assume !!(main_~i~5 % 4294967296 < 16);
[L58]        main_~z~5 := ~bitwiseOr(main_~z~5, ~bitwiseOr(~shiftLeft(~bitwiseAnd(main_~x~5 % 65536, ~shiftLeft(1, main_~i~5)), main_~i~5), ~shiftLeft(~bitwiseAnd(main_~y~5 % 65536, ~shiftLeft(1, main_~i~5)), main_~i~5 + 1)));
[L59]        main_~i~5 := main_~i~5 + 1;
       VAL   [main_~i~5=6]
[L57]        assume !!(main_~i~5 % 4294967296 < 16);
[L58]        main_~z~5 := ~bitwiseOr(main_~z~5, ~bitwiseOr(~shiftLeft(~bitwiseAnd(main_~x~5 % 65536, ~shiftLeft(1, main_~i~5)), main_~i~5), ~shiftLeft(~bitwiseAnd(main_~y~5 % 65536, ~shiftLeft(1, main_~i~5)), main_~i~5 + 1)));
[L59]        main_~i~5 := main_~i~5 + 1;
       VAL   [main_~i~5=7]
[L57]        assume !!(main_~i~5 % 4294967296 < 16);
[L58]        main_~z~5 := ~bitwiseOr(main_~z~5, ~bitwiseOr(~shiftLeft(~bitwiseAnd(main_~x~5 % 65536, ~shiftLeft(1, main_~i~5)), main_~i~5), ~shiftLeft(~bitwiseAnd(main_~y~5 % 65536, ~shiftLeft(1, main_~i~5)), main_~i~5 + 1)));
[L59]        main_~i~5 := main_~i~5 + 1;
       VAL   [main_~i~5=8]
[L57]        assume !!(main_~i~5 % 4294967296 < 16);
[L58]        main_~z~5 := ~bitwiseOr(main_~z~5, ~bitwiseOr(~shiftLeft(~bitwiseAnd(main_~x~5 % 65536, ~shiftLeft(1, main_~i~5)), main_~i~5), ~shiftLeft(~bitwiseAnd(main_~y~5 % 65536, ~shiftLeft(1, main_~i~5)), main_~i~5 + 1)));
[L59]        main_~i~5 := main_~i~5 + 1;
       VAL   [main_~i~5=9]
[L57]        assume !!(main_~i~5 % 4294967296 < 16);
[L58]        main_~z~5 := ~bitwiseOr(main_~z~5, ~bitwiseOr(~shiftLeft(~bitwiseAnd(main_~x~5 % 65536, ~shiftLeft(1, main_~i~5)), main_~i~5), ~shiftLeft(~bitwiseAnd(main_~y~5 % 65536, ~shiftLeft(1, main_~i~5)), main_~i~5 + 1)));
[L59]        main_~i~5 := main_~i~5 + 1;
       VAL   [main_~i~5=10]
[L57]        assume !!(main_~i~5 % 4294967296 < 16);
[L58]        main_~z~5 := ~bitwiseOr(main_~z~5, ~bitwiseOr(~shiftLeft(~bitwiseAnd(main_~x~5 % 65536, ~shiftLeft(1, main_~i~5)), main_~i~5), ~shiftLeft(~bitwiseAnd(main_~y~5 % 65536, ~shiftLeft(1, main_~i~5)), main_~i~5 + 1)));
[L59]        main_~i~5 := main_~i~5 + 1;
       VAL   [main_~i~5=11]
[L57]        assume !!(main_~i~5 % 4294967296 < 16);
[L58]        main_~z~5 := ~bitwiseOr(main_~z~5, ~bitwiseOr(~shiftLeft(~bitwiseAnd(main_~x~5 % 65536, ~shiftLeft(1, main_~i~5)), main_~i~5), ~shiftLeft(~bitwiseAnd(main_~y~5 % 65536, ~shiftLeft(1, main_~i~5)), main_~i~5 + 1)));
[L59]        main_~i~5 := main_~i~5 + 1;
       VAL   [main_~i~5=12]
[L57]        assume !!(main_~i~5 % 4294967296 < 16);
[L58]        main_~z~5 := ~bitwiseOr(main_~z~5, ~bitwiseOr(~shiftLeft(~bitwiseAnd(main_~x~5 % 65536, ~shiftLeft(1, main_~i~5)), main_~i~5), ~shiftLeft(~bitwiseAnd(main_~y~5 % 65536, ~shiftLeft(1, main_~i~5)), main_~i~5 + 1)));
[L59]        main_~i~5 := main_~i~5 + 1;
       VAL   [main_~i~5=13]
[L57]        assume !!(main_~i~5 % 4294967296 < 16);
[L58]        main_~z~5 := ~bitwiseOr(main_~z~5, ~bitwiseOr(~shiftLeft(~bitwiseAnd(main_~x~5 % 65536, ~shiftLeft(1, main_~i~5)), main_~i~5), ~shiftLeft(~bitwiseAnd(main_~y~5 % 65536, ~shiftLeft(1, main_~i~5)), main_~i~5 + 1)));
[L59]        main_~i~5 := main_~i~5 + 1;
       VAL   [main_~i~5=14]
[L57]        assume !!(main_~i~5 % 4294967296 < 16);
[L58]        main_~z~5 := ~bitwiseOr(main_~z~5, ~bitwiseOr(~shiftLeft(~bitwiseAnd(main_~x~5 % 65536, ~shiftLeft(1, main_~i~5)), main_~i~5), ~shiftLeft(~bitwiseAnd(main_~y~5 % 65536, ~shiftLeft(1, main_~i~5)), main_~i~5 + 1)));
[L59]        main_~i~5 := main_~i~5 + 1;
       VAL   [main_~i~5=15]
[L57]        assume !!(main_~i~5 % 4294967296 < 16);
[L58]        main_~z~5 := ~bitwiseOr(main_~z~5, ~bitwiseOr(~shiftLeft(~bitwiseAnd(main_~x~5 % 65536, ~shiftLeft(1, main_~i~5)), main_~i~5), ~shiftLeft(~bitwiseAnd(main_~y~5 % 65536, ~shiftLeft(1, main_~i~5)), main_~i~5 + 1)));
[L59]        main_~i~5 := main_~i~5 + 1;
       VAL   [main_~i~5=16]
[L38]        assume !(main_~i~5 % 4294967296 < 16);
[L39]        main_~xx~5 := main_~x~5 % 65536;
[L40]        main_~yy~5 := main_~y~5 % 65536;
[L41]        main_~xx~5 := ~bitwiseAnd(~bitwiseOr(main_~xx~5, ~shiftLeft(main_~xx~5, 8)), 16711935);
[L42]        main_~xx~5 := ~bitwiseAnd(~bitwiseOr(main_~xx~5, ~shiftLeft(main_~xx~5, 4)), 252645135);
[L43]        main_~xx~5 := ~bitwiseAnd(~bitwiseOr(main_~xx~5, ~shiftLeft(main_~xx~5, 2)), 858993459);
[L44]        main_~xx~5 := ~bitwiseAnd(~bitwiseOr(main_~xx~5, ~shiftLeft(main_~xx~5, 1)), 1431655765);
[L45]        main_~yy~5 := ~bitwiseAnd(~bitwiseOr(main_~yy~5, ~shiftLeft(main_~yy~5, 8)), 16711935);
[L46]        main_~yy~5 := ~bitwiseAnd(~bitwiseOr(main_~yy~5, ~shiftLeft(main_~yy~5, 4)), 252645135);
[L47]        main_~yy~5 := ~bitwiseAnd(~bitwiseOr(main_~yy~5, ~shiftLeft(main_~yy~5, 2)), 858993459);
[L48]        main_~yy~5 := ~bitwiseAnd(~bitwiseOr(main_~yy~5, ~shiftLeft(main_~yy~5, 1)), 1431655765);
[L49]        main_~zz~5 := ~bitwiseOr(main_~xx~5, ~shiftLeft(main_~yy~5, 1));
[L50]        __VERIFIER_assert_#in~cond := (if main_~z~5 % 4294967296 == main_~zz~5 % 4294967296 then 1 else 0);
[L51]        havoc __VERIFIER_assert_~cond;
[L52]        __VERIFIER_assert_~cond := __VERIFIER_assert_#in~cond;
[L53]        assume __VERIFIER_assert_~cond == 0;
[L54]        assume !false;
[L62]        assert false;

  - StatisticsResult: Ultimate Automizer benchmark data
    CFG has 1 procedures, 5 locations, 5 edges, 1 error locations. Started 1 CEGAR loops. OverallTime: 3.6s, OverallIterations: 0, TraceHistogramMax: 1, PathProgramHistogramMax: 0, CheckedPaths: 16, TotalPairwisePrefixLcaDivergence: 39.82389081506727, AvgPairwisePrefixLcaDivergence: 0.3318657567922273, SearchMode: LCPS_FULL, DuplicateFreshnessFailures: 1, FailedToFindCounterexamples: 0, StalePaths: 0, LcpsCheckedPrefixQueries: 493, LcpsStalePrefixQueries: 493, LcpsCheckedPrefixHits: 340, LcpsStalePrefixHits: 0, LcpsSearchInvocations: 15, LcpsFullCacheSuffixInvocations: 0, LcpsFullCacheSuffixFallbacks: 119, LcpsEffectivePriorityDecisions: 1, EmptinessCheckTime: 0.0s, AutomataDifference: 0.0s, DeadEndRemovalTime: 0.0s, HoareAnnotationTime: 0.0s, InitialAbstractionConstructionTime: 0.0s, HoareTripleCheckerStatistics: , PredicateUnifierStatistics: No data available, 0.0s BasicInterpolantAutomatonTime, BiggestAbstraction: size=5occurred in iteration=0, InterpolantAutomatonStates: 0, traceCheckStatistics: No data available, InterpolantConsolidationStatistics: No data available, PathInvariantsStatistics: No data available, 0/0 InterpolantCoveringCapability, TotalInterpolationStatistics: No data available, 0.0s DumpTime, AutomataMinimizationStatistics: No data available, HoareAnnotationStatistics: No data available, RefinementEngineStatistics: No data available, ReuseStatistics: No data available, ConComCheckerStatistics: No data available
RESULT: Ultimate could not prove your program: unable to determine feasibility of some traces
[2026-06-05 23:15:54,064 WARN  L718   oredProcess$PipePump]: [MP /usr/bin/z3 -smt2 -in SMTLIB2_COMPLIANT=true (18)] The stream was forcibly closed: stdIn
[2026-06-05 23:15:54,065 INFO  L546       MonitoredProcess]: [MP /usr/bin/z3 -smt2 -in SMTLIB2_COMPLIANT=true (18)] Ended with exit code 0
[2026-06-05 23:15:54,267 INFO  L546       MonitoredProcess]: [MP /usr/bin/z3 SMTLIB2_COMPLIANT=true -memory:1024 -smt2 -in -t:12000 (1)] Ended with exit code 0
Received shutdown request...

