This is Ultimate 0.3.1-cache-f5c6788a5b-m
[2026-06-06 13:46:42,653 INFO  L188        SettingsManager]: Resetting all preferences to default values...
[2026-06-06 13:46:42,679 INFO  L114        SettingsManager]: Loading settings from /home/hschi1106/ultimate/trunk/examples/Interactive/settings/ResetSettingsCamel.epf
[2026-06-06 13:46:42,682 WARN  L101        SettingsManager]: Preference file contains the following unknown settings:
[2026-06-06 13:46:42,682 WARN  L103        SettingsManager]:   * de.uni_freiburg.informatik.ultimate.plugins.blockencoding.Rewrite not-equals during SBE
[2026-06-06 13:46:42,682 WARN  L103        SettingsManager]:   * de.uni_freiburg.informatik.ultimate.plugins.blockencoding.Simplify codeblocks
[2026-06-06 13:46:42,682 WARN  L103        SettingsManager]:   * de.uni_freiburg.informatik.ultimate.plugins.blockencoding.Simplify assume statements
[2026-06-06 13:46:42,682 WARN  L103        SettingsManager]:   * de.uni_freiburg.informatik.ultimate.plugins.blockencoding.Use SBE during assume simplification
[2026-06-06 13:46:42,682 WARN  L103        SettingsManager]:   * de.uni_freiburg.informatik.ultimate.plugins.blockencoding.Use SBE for initial RCFG
[2026-06-06 13:46:42,682 WARN  L103        SettingsManager]:   * de.uni_freiburg.informatik.ultimate.plugins.blockencoding.Rewrite not equals when simplifying assume statements with SBE
[2026-06-06 13:46:42,682 WARN  L103        SettingsManager]:   * de.uni_freiburg.informatik.ultimate.core.Debug log message color
[2026-06-06 13:46:42,682 WARN  L103        SettingsManager]:   * de.uni_freiburg.informatik.ultimate.core.Drop models when Ultimate exits
[2026-06-06 13:46:42,682 WARN  L103        SettingsManager]:   * de.uni_freiburg.informatik.ultimate.core.Generate benchmark results
[2026-06-06 13:46:42,682 WARN  L103        SettingsManager]:   * de.uni_freiburg.informatik.ultimate.core.Log level for controller plugin
[2026-06-06 13:46:42,682 WARN  L103        SettingsManager]:   * de.uni_freiburg.informatik.ultimate.core.Warning log message color
[2026-06-06 13:46:42,682 WARN  L103        SettingsManager]:   * de.uni_freiburg.informatik.ultimate.core.Root log level
[2026-06-06 13:46:42,682 WARN  L103        SettingsManager]:   * de.uni_freiburg.informatik.ultimate.core.UI logger pattern
[2026-06-06 13:46:42,682 WARN  L103        SettingsManager]:   * de.uni_freiburg.informatik.ultimate.core.Log level for external tools
[2026-06-06 13:46:42,682 WARN  L103        SettingsManager]:   * de.uni_freiburg.informatik.ultimate.core.ultimate.logging.details
[2026-06-06 13:46:42,682 WARN  L103        SettingsManager]:   * de.uni_freiburg.informatik.ultimate.core.Toolchain timeout in seconds
[2026-06-06 13:46:42,682 WARN  L103        SettingsManager]:   * de.uni_freiburg.informatik.ultimate.core.Name of the log file
[2026-06-06 13:46:42,682 WARN  L103        SettingsManager]:   * de.uni_freiburg.informatik.ultimate.core.Info log message color
[2026-06-06 13:46:42,682 WARN  L103        SettingsManager]:   * de.uni_freiburg.informatik.ultimate.core.Create a Logfile
[2026-06-06 13:46:42,682 WARN  L103        SettingsManager]:   * de.uni_freiburg.informatik.ultimate.core.Logger pattern
[2026-06-06 13:46:42,682 WARN  L103        SettingsManager]:   * de.uni_freiburg.informatik.ultimate.core.Log level for core plugin
[2026-06-06 13:46:42,682 WARN  L103        SettingsManager]:   * de.uni_freiburg.informatik.ultimate.core.Show usable parsers
[2026-06-06 13:46:42,682 WARN  L103        SettingsManager]:   * de.uni_freiburg.informatik.ultimate.core.Log level for plugins
[2026-06-06 13:46:42,682 WARN  L103        SettingsManager]:   * de.uni_freiburg.informatik.ultimate.core.Fatal log message color
[2026-06-06 13:46:42,682 WARN  L103        SettingsManager]:   * de.uni_freiburg.informatik.ultimate.core.Show long description of results
[2026-06-06 13:46:42,682 WARN  L103        SettingsManager]:   * de.uni_freiburg.informatik.ultimate.core.Error log message color
[2026-06-06 13:46:42,682 WARN  L103        SettingsManager]:   * de.uni_freiburg.informatik.ultimate.core.Show result in pop-up window after toolchain execution
[2026-06-06 13:46:42,682 WARN  L103        SettingsManager]:   * de.uni_freiburg.informatik.ultimate.core.Directory (default: instance location)
[2026-06-06 13:46:42,682 WARN  L103        SettingsManager]:   * de.uni_freiburg.informatik.ultimate.core.Append to exisiting log file
[2026-06-06 13:46:42,683 WARN  L103        SettingsManager]:   * CDTParser.Please specify include paths that will be parsed with the given C-File
[2026-06-06 13:46:42,683 WARN  L103        SettingsManager]:   * de.uni_freiburg.informatik.ultimate.plugins.generator.rcfgbuilder.Translate Boogie integers to SMT bitvectors
[2026-06-06 13:46:42,683 WARN  L103        SettingsManager]:   * de.uni_freiburg.informatik.ultimate.plugins.generator.cacsl2boogietranslator.How to treat unsigned ints differently from normal ones
[2026-06-06 13:46:42,683 WARN  L103        SettingsManager]:   * de.uni_freiburg.informatik.ultimate.witnessprinter.Generate witnesses
[2026-06-06 13:46:42,683 WARN  L103        SettingsManager]:   * de.uni_freiburg.informatik.ultimate.witnessprinter.Write witness to working directory
[2026-06-06 13:46:42,683 WARN  L103        SettingsManager]:   * de.uni_freiburg.informatik.ultimate.plugins.analysis.irsdependencies.Mode
[2026-06-06 13:46:42,683 WARN  L103        SettingsManager]:   * de.uni_freiburg.informatik.ultimate.plugins.analysis.abstractinterpretationv2.Number type
[2026-06-06 13:46:42,683 WARN  L103        SettingsManager]:   * de.uni_freiburg.informatik.ultimate.plugins.analysis.abstractinterpretationv2.Congruence Widening operator
[2026-06-06 13:46:42,683 WARN  L103        SettingsManager]:   * de.uni_freiburg.informatik.ultimate.plugins.output.jungvisualization.Annotate edges
[2026-06-06 13:46:42,683 WARN  L103        SettingsManager]:   * de.uni_freiburg.informatik.ultimate.plugins.output.jungvisualization.Background color:
[2026-06-06 13:46:42,683 WARN  L103        SettingsManager]:   * de.uni_freiburg.informatik.ultimate.plugins.output.jungvisualization.Which models should be visualized?
[2026-06-06 13:46:42,683 WARN  L103        SettingsManager]:   * de.uni_freiburg.informatik.ultimate.plugins.output.jungvisualization.Choose node shape:
[2026-06-06 13:46:42,683 WARN  L103        SettingsManager]:   * de.uni_freiburg.informatik.ultimate.plugins.output.jungvisualization.Node color:
[2026-06-06 13:46:42,683 WARN  L103        SettingsManager]:   * de.uni_freiburg.informatik.ultimate.plugins.output.jungvisualization.Picked node color:
[2026-06-06 13:46:42,683 WARN  L103        SettingsManager]:   * de.uni_freiburg.informatik.ultimate.plugins.output.jungvisualization.Annotate nodes
[2026-06-06 13:46:42,683 WARN  L103        SettingsManager]:   * de.uni_freiburg.informatik.ultimate.plugins.output.jungvisualization.SVG Export directory:
[2026-06-06 13:46:42,683 WARN  L103        SettingsManager]:   * de.uni_freiburg.informatik.ultimate.plugins.output.jungvisualization.Default graph layout:
[2026-06-06 13:46:42,683 WARN  L103        SettingsManager]:   * de.uni_freiburg.informatik.ultimate.boogie.procedureinliner.to and inside polymorphic procedures
[2026-06-06 13:46:42,683 WARN  L103        SettingsManager]:   * de.uni_freiburg.informatik.ultimate.boogie.procedureinliner.to procedures with 'free requires' specifications
[2026-06-06 13:46:42,683 WARN  L103        SettingsManager]:   * de.uni_freiburg.informatik.ultimate.boogie.procedureinliner.calls to unimplemented procedures
[2026-06-06 13:46:42,683 WARN  L103        SettingsManager]:   * de.uni_freiburg.informatik.ultimate.boogie.procedureinliner.to recursive procedures
[2026-06-06 13:46:42,683 WARN  L103        SettingsManager]:   * de.uni_freiburg.informatik.ultimate.boogie.procedureinliner.with 'forall' modifier
[2026-06-06 13:46:42,683 WARN  L103        SettingsManager]:   * de.uni_freiburg.informatik.ultimate.boogie.procedureinliner.calls to implemented procedures
[2026-06-06 13:46:42,683 WARN  L103        SettingsManager]:   * de.uni_freiburg.informatik.ultimate.boogie.procedureinliner.to procedures, called more than once
[2026-06-06 13:46:42,683 WARN  L103        SettingsManager]:   * de.uni_freiburg.informatik.ultimate.plugins.generator.traceabstraction.Non-flow-sensitive error trace relevance analysis
[2026-06-06 13:46:42,683 WARN  L103        SettingsManager]:   * de.uni_freiburg.informatik.ultimate.plugins.generator.traceabstraction.use unfolding as abstraction
[2026-06-06 13:46:42,683 WARN  L103        SettingsManager]:   * de.uni_freiburg.informatik.ultimate.plugins.generator.traceabstraction.Iterations until the model checker surrenders
[2026-06-06 13:46:42,683 WARN  L103        SettingsManager]:   * de.uni_freiburg.informatik.ultimate.plugins.generator.traceabstraction.Enable interactive Verification?
[2026-06-06 13:46:42,683 WARN  L103        SettingsManager]:   * de.uni_freiburg.informatik.ultimate.plugins.generator.traceabstraction.Flow-sensitive error trace relevance analysis
[2026-06-06 13:46:42,683 WARN  L103        SettingsManager]:   * de.uni_freiburg.informatik.ultimate.gui.LASTTOOLCHAINPATH
[2026-06-06 13:46:42,683 WARN  L103        SettingsManager]:   * de.uni_freiburg.informatik.ultimate.gui.LASTPATH
[2026-06-06 13:46:42,699 INFO  L130        SettingsManager]: Preferences different from defaults after loading the file:
[2026-06-06 13:46:42,699 INFO  L151        SettingsManager]: Preferences of UltimateCore differ from their defaults:
[2026-06-06 13:46:42,699 INFO  L153        SettingsManager]:  * Directory (default: instance location)=/home/iari/src/ultimate/trunk/runtime-Debug-E4.product/
[2026-06-06 13:46:42,699 INFO  L151        SettingsManager]: Preferences of Abstract Interpretation differ from their defaults:
[2026-06-06 13:46:42,699 INFO  L153        SettingsManager]:  * Log string format=HALF_MATRIX
[2026-06-06 13:46:42,700 INFO  L151        SettingsManager]: Preferences of BuchiAutomizer differ from their defaults:
[2026-06-06 13:46:42,700 INFO  L153        SettingsManager]:  * Buchi interpolant automaton=Staged
[2026-06-06 13:46:42,700 INFO  L153        SettingsManager]:  * Buchi complementation construction=Ncsb
[2026-06-06 13:46:42,700 INFO  L151        SettingsManager]: Preferences of CACSL2BoogieTranslator differ from their defaults:
[2026-06-06 13:46:42,700 INFO  L153        SettingsManager]:  * Report unsoundness warnings=false
[2026-06-06 13:46:42,700 INFO  L151        SettingsManager]: Preferences of RCFGBuilder differ from their defaults:
[2026-06-06 13:46:42,700 INFO  L153        SettingsManager]:  * Logic for external solver=AUFNIRA
[2026-06-06 13:46:42,700 INFO  L153        SettingsManager]:  * Convert code blocks to CNF=true
[2026-06-06 13:46:42,700 INFO  L151        SettingsManager]: Preferences of TraceAbstraction differ from their defaults:
[2026-06-06 13:46:42,700 INFO  L153        SettingsManager]:  * cut-off requires same transition=true
[2026-06-06 13:46:42,700 INFO  L153        SettingsManager]:  * Trace refinement strategy=CAMEL
Applying setting for plugin de.uni_freiburg.informatik.ultimate.plugins.generator.traceabstraction: Use CEGAR loop for Parallel Trace Abstraction -> true
Applying setting for plugin de.uni_freiburg.informatik.ultimate.plugins.generator.traceabstraction: Threadlimit for Parallel CEGAR -> 4
Applying setting for plugin de.uni_freiburg.informatik.ultimate.plugins.generator.traceabstraction: Parallel trace search selection mode -> ADAPTIVE_BATCH_LCPS
Applying setting for plugin de.uni_freiburg.informatik.ultimate.plugins.generator.traceabstraction: Track stale prefixes in parallel search -> true
Applying setting for plugin de.uni_freiburg.informatik.ultimate.plugins.generator.traceabstraction: Use initial BFS in PAPER/LCPS parallel search -> true
Applying setting for plugin de.uni_freiburg.informatik.ultimate.plugins.generator.traceabstraction: Batch LCPS candidate multiplier -> 4
Applying setting for plugin de.uni_freiburg.informatik.ultimate.plugins.generator.traceabstraction: Batch LCPS candidate cap -> 32
Applying setting for plugin de.uni_freiburg.informatik.ultimate.plugins.generator.traceabstraction: Adaptive batch trigger mode -> FIRST_FILL_ONLY
Applying setting for plugin de.uni_freiburg.informatik.ultimate.plugins.generator.traceabstraction: Adaptive batch min available slots -> 2
[2026-06-06 13:46:42,805 INFO  L75    nceAwareModelManager]: Repository-Root is: /tmp
[2026-06-06 13:46:42,810 INFO  L261   ainManager$Toolchain]: [Toolchain 1]: Applicable parser(s) successfully (re)initialized
[2026-06-06 13:46:42,811 INFO  L217   ainManager$Toolchain]: [Toolchain 1]: Toolchain selected.
[2026-06-06 13:46:42,811 INFO  L270        PluginConnector]: Initializing Boogie PL CUP Parser...
[2026-06-06 13:46:42,812 INFO  L274        PluginConnector]: Boogie PL CUP Parser initialized
[2026-06-06 13:46:42,812 INFO  L431   ainManager$Toolchain]: [Toolchain 1]: Parsing single file: /home/hschi1106/ultimate/trunk/examples/programs/20170304-DifficultPathPrograms/resultKnown/interleave_bits.i_3.bpl
[2026-06-06 13:46:42,812 INFO  L110           BoogieParser]: Parsing: '/home/hschi1106/ultimate/trunk/examples/programs/20170304-DifficultPathPrograms/resultKnown/interleave_bits.i_3.bpl'
[2026-06-06 13:46:42,820 INFO  L299   ainManager$Toolchain]: ####################### [Toolchain 1] #######################
[2026-06-06 13:46:42,820 INFO  L133        ToolchainWalker]: Walking toolchain with 3 elements.
[2026-06-06 13:46:42,821 INFO  L112        PluginConnector]: ------------------------Boogie Preprocessor----------------------------
[2026-06-06 13:46:42,821 INFO  L270        PluginConnector]: Initializing Boogie Preprocessor...
[2026-06-06 13:46:42,821 INFO  L274        PluginConnector]: Boogie Preprocessor initialized
[2026-06-06 13:46:42,826 INFO  L184        PluginConnector]: Executing the observer EnsureBoogieModelObserver from plugin Boogie Preprocessor for "interleave_bits.i_3.bpl de.uni_freiburg.informatik.ultimate.boogie.parser AST 06.06 01:46:42" (1/1) ...
[2026-06-06 13:46:42,826 INFO  L184        PluginConnector]: Executing the observer TypeChecker from plugin Boogie Preprocessor for "interleave_bits.i_3.bpl de.uni_freiburg.informatik.ultimate.boogie.parser AST 06.06 01:46:42" (1/1) ...
[2026-06-06 13:46:42,835 INFO  L184        PluginConnector]: Executing the observer ConstExpander from plugin Boogie Preprocessor for "interleave_bits.i_3.bpl de.uni_freiburg.informatik.ultimate.boogie.parser AST 06.06 01:46:42" (1/1) ...
[2026-06-06 13:46:42,835 INFO  L184        PluginConnector]: Executing the observer StructExpander from plugin Boogie Preprocessor for "interleave_bits.i_3.bpl de.uni_freiburg.informatik.ultimate.boogie.parser AST 06.06 01:46:42" (1/1) ...
[2026-06-06 13:46:42,836 INFO  L184        PluginConnector]: Executing the observer ReplaceArrayAssignments from plugin Boogie Preprocessor for "interleave_bits.i_3.bpl de.uni_freiburg.informatik.ultimate.boogie.parser AST 06.06 01:46:42" (1/1) ...
[2026-06-06 13:46:42,837 INFO  L184        PluginConnector]: Executing the observer UnstructureCode from plugin Boogie Preprocessor for "interleave_bits.i_3.bpl de.uni_freiburg.informatik.ultimate.boogie.parser AST 06.06 01:46:42" (1/1) ...
[2026-06-06 13:46:42,837 INFO  L184        PluginConnector]: Executing the observer FunctionInliner from plugin Boogie Preprocessor for "interleave_bits.i_3.bpl de.uni_freiburg.informatik.ultimate.boogie.parser AST 06.06 01:46:42" (1/1) ...
[2026-06-06 13:46:42,837 INFO  L184        PluginConnector]: Executing the observer LTLStepAnnotator from plugin Boogie Preprocessor for "interleave_bits.i_3.bpl de.uni_freiburg.informatik.ultimate.boogie.parser AST 06.06 01:46:42" (1/1) ...
[2026-06-06 13:46:42,838 INFO  L184        PluginConnector]: Executing the observer BoogieSymbolTableConstructor from plugin Boogie Preprocessor for "interleave_bits.i_3.bpl de.uni_freiburg.informatik.ultimate.boogie.parser AST 06.06 01:46:42" (1/1) ...
[2026-06-06 13:46:42,839 INFO  L131        PluginConnector]: ------------------------ END Boogie Preprocessor----------------------------
[2026-06-06 13:46:42,840 INFO  L112        PluginConnector]: ------------------------RCFGBuilder----------------------------
[2026-06-06 13:46:42,840 INFO  L270        PluginConnector]: Initializing RCFGBuilder...
[2026-06-06 13:46:42,840 INFO  L274        PluginConnector]: RCFGBuilder initialized
[2026-06-06 13:46:42,840 INFO  L184        PluginConnector]: Executing the observer RCFGBuilderObserver from plugin RCFGBuilder for "interleave_bits.i_3.bpl de.uni_freiburg.informatik.ultimate.boogie.parser AST 06.06 01:46:42" (1/1) ...
[2026-06-06 13:46:42,842 INFO  L173          SolverBuilder]: Constructing external solver with command: z3 SMTLIB2_COMPLIANT=true -memory:1024 -smt2 -in -t:12000
[2026-06-06 13:46:42,849 INFO  L189       MonitoredProcess]: No working directory specified, using /usr/bin/z3
[2026-06-06 13:46:42,854 INFO  L229       MonitoredProcess]: Starting monitored process 1 with /usr/bin/z3 SMTLIB2_COMPLIANT=true -memory:1024 -smt2 -in -t:12000 (exit command is (exit), workingDir is null)
[2026-06-06 13:46:42,856 INFO  L327       MonitoredProcess]: [MP /usr/bin/z3 SMTLIB2_COMPLIANT=true -memory:1024 -smt2 -in -t:12000 (1)] Waiting until timeout for monitored process
[2026-06-06 13:46:42,864 INFO  L138     BoogieDeclarations]: Found implementation of procedure ULTIMATE.start
[2026-06-06 13:46:42,864 INFO  L130     BoogieDeclarations]: Found specification of procedure ULTIMATE.start
[2026-06-06 13:46:42,882 INFO  L234             CfgBuilder]: Building ICFG
[2026-06-06 13:46:42,883 INFO  L260             CfgBuilder]: Building CFG for each procedure with an implementation
[2026-06-06 13:46:42,905 INFO  L?                        ?]: Removed 5 outVars from TransFormulas that were not future-live.
[2026-06-06 13:46:42,905 INFO  L283             CfgBuilder]: Performing block encoding
[2026-06-06 13:46:42,908 INFO  L89      LargeBlockEncoding]: Applying CFG Large Block Encoding to ICFG that has 1 procedures, 6 locations, 6 edges, 0 initial locations, 0 loop locations, and 1 error locations.
[2026-06-06 13:46:42,910 INFO  L139     LargeBlockEncoding]: LargeBlockEncoding completed in 4 ms, with 1 straightline sequential compositions, 0 parallel compositions, 0 1:n/n:1 sequential compositions and 0 complex sequential compositions.
[2026-06-06 13:46:42,911 INFO  L307             CfgBuilder]: Using the 1 location(s) as analysis (start of procedure ULTIMATE.start)
[2026-06-06 13:46:42,911 INFO  L312             CfgBuilder]: Removed 1 assume(true) statements.
[2026-06-06 13:46:42,911 INFO  L314             CfgBuilder]: Constructed ICFG has 1 procedures, 5 locations, 5 edges, 1 initial locations, 0 loop locations, and 1 error locations.
[2026-06-06 13:46:42,911 INFO  L201        PluginConnector]: Adding new model interleave_bits.i_3.bpl de.uni_freiburg.informatik.ultimate.plugins.generator.rcfgbuilder CFG 06.06 01:46:42 BoogieIcfgContainer
[2026-06-06 13:46:42,911 INFO  L131        PluginConnector]: ------------------------ END RCFGBuilder----------------------------
[2026-06-06 13:46:42,912 INFO  L112        PluginConnector]: ------------------------TraceAbstraction----------------------------
[2026-06-06 13:46:42,912 INFO  L270        PluginConnector]: Initializing TraceAbstraction...
[2026-06-06 13:46:42,914 INFO  L274        PluginConnector]: TraceAbstraction initialized
[2026-06-06 13:46:42,914 INFO  L184        PluginConnector]: Executing the observer TraceAbstractionObserver from plugin TraceAbstraction for "interleave_bits.i_3.bpl de.uni_freiburg.informatik.ultimate.boogie.parser AST 06.06 01:46:42" (1/2) ...
[2026-06-06 13:46:42,914 INFO  L204        PluginConnector]: Invalid model from TraceAbstraction for observer de.uni_freiburg.informatik.ultimate.plugins.generator.traceabstraction.TraceAbstractionObserver@16e9566c and model type interleave_bits.i_3.bpl de.uni_freiburg.informatik.ultimate.plugins.generator.traceabstraction AST 06.06 01:46:42, skipping insertion in model container
[2026-06-06 13:46:42,914 INFO  L184        PluginConnector]: Executing the observer TraceAbstractionObserver from plugin TraceAbstraction for "interleave_bits.i_3.bpl de.uni_freiburg.informatik.ultimate.plugins.generator.rcfgbuilder CFG 06.06 01:46:42" (2/2) ...
[2026-06-06 13:46:42,915 INFO  L128   eAbstractionObserver]: Analyzing ICFG interleave_bits.i_3.bpl
[2026-06-06 13:46:42,920 INFO  L217   ceAbstractionStarter]: Automizer settings: Hoare:None NWA Interpolation:ForwardPredicates Determinization: PREDICATE_ABSTRACTION
[2026-06-06 13:46:42,920 INFO  L151   ceAbstractionStarter]: Applying trace abstraction to ICFG interleave_bits.i_3.bpl that has 1 procedures, 5 locations, 5 edges, 1 initial locations, 0 loop locations, and 1 error locations.
[2026-06-06 13:46:42,935 INFO  L344      AbstractCegarLoop]: ======== Iteration 0 == of CEGAR loop == AllErrorsAtOnce ========
[2026-06-06 13:46:42,940 INFO  L345      AbstractCegarLoop]: Settings: SEPARATE_VIOLATION_CHECK=true, mInterprocedural=true, mMaxIterations=1000000, mWatchIteration=1000000, mArtifact=RCFG, mInterpolation=ForwardPredicates, mInterpolantAutomaton=STRAIGHT_LINE, mDumpAutomata=false, mAutomataFormat=ATS_NUMERATE, mDumpPath=., mDeterminiation=PREDICATE_ABSTRACTION, mMinimize=MINIMIZE_SEVPA, mAutomataTypeConcurrency=FINITE_AUTOMATA, mHoareTripleChecks=INCREMENTAL, mHoareAnnotationPositions=None, mDumpOnlyReuseAutomata=false, mLimitTraceHistogram=0, mErrorLocTimeLimit=0, mLimitPathProgramCount=0, mCollectInterpolantStatistics=true, mHeuristicEmptinessCheck=false, mHeuristicEmptinessCheckAStarHeuristic=ZERO, mHeuristicEmptinessCheckAStarHeuristicRandomSeed=1337, mHeuristicEmptinessCheckSmtFeatureScoringMethod=DAGSIZE, mSMTFeatureExtraction=false, mSMTFeatureExtractionDumpPath=., mOverrideInterpolantAutomaton=false, mMcrInterpolantMethod=WP, mPorIndependenceSettings=[Lde.uni_freiburg.informatik.ultimate.lib.tracecheckerutils.partialorder.independence.IndependenceSettings;@7f3ba44c, mLbeIndependenceSettings=[IndependenceType=SEMANTIC, AbstractionType=NONE, UseConditional=false, UseSemiCommutativity=true, Solver=Z3, SolverTimeout=1000ms], mThreadLimit=4, mParallelCegarLoop=true, mConsiderOnlyActiveCounterexamplesInIsEmptyParallel=true, mMinimizeAbstractionPerWorker=true, mSearchLoopBound=-1, mParallelTraceSearchSelectionMode=ADAPTIVE_BATCH_LCPS, mParallelTraceSearchUseInitialBfs=true, mParallelTraceSearchTrackStalePrefixes=true, mBatchLcpsCandidateMultiplier=4, mBatchLcpsCandidateCap=32, mAdaptiveBatchTriggerMode=FIRST_FILL_ONLY, mAdaptiveBatchMinAvailableSlots=2
[2026-06-06 13:46:42,940 INFO  L346      AbstractCegarLoop]: Starting to check reachability of 1 error locations.
[2026-06-06 13:46:42,941 INFO  L290                IsEmpty]: Start isEmpty. Operand  has 5 states, 3 states have (on average 1.6666666666666667) internal successors, (5), 4 states have internal predecessors, (5), 0 states have call successors, (0), 0 states have call predecessors, (0), 0 states have return successors, (0), 0 states have call predecessors, (0), 0 states have call successors, (0)
[2026-06-06 13:46:42,943 INFO  L300                IsEmpty]: Finished isEmpty. Found accepting run of length 4
[2026-06-06 13:46:42,943 INFO  L199           NwaCegarLoop]: Found error trace
[2026-06-06 13:46:42,943 INFO  L207           NwaCegarLoop]: trace histogram [1, 1, 1]
[2026-06-06 13:46:42,944 INFO  L173          SolverBuilder]: Constructing external solver with command: z3 SMTLIB2_COMPLIANT=true -memory:1024 -smt2 -in -t:12000
[2026-06-06 13:46:42,946 INFO  L189       MonitoredProcess]: No working directory specified, using /usr/bin/z3
[2026-06-06 13:46:42,947 INFO  L229       MonitoredProcess]: Starting monitored process 2 with /usr/bin/z3 SMTLIB2_COMPLIANT=true -memory:1024 -smt2 -in -t:12000 (exit command is (exit), workingDir is null)
[2026-06-06 13:46:42,948 INFO  L327       MonitoredProcess]: [MP /usr/bin/z3 SMTLIB2_COMPLIANT=true -memory:1024 -smt2 -in -t:12000 (2)] Waiting until timeout for monitored process
[2026-06-06 13:46:42,959 WARN  L330   ript$VariableManager]: TermVariable v_ULTIMATE.start_main_~zz~5_4 not constructed by VariableManager. Cannot ensure absence of name clashes.
[2026-06-06 13:46:42,959 WARN  L330   ript$VariableManager]: TermVariable v_ULTIMATE.start___VERIFIER_assert_~cond_3 not constructed by VariableManager. Cannot ensure absence of name clashes.
[2026-06-06 13:46:42,959 WARN  L330   ript$VariableManager]: TermVariable |v_ULTIMATE.start___VERIFIER_assert_#in~cond_2| not constructed by VariableManager. Cannot ensure absence of name clashes.
[2026-06-06 13:46:42,961 INFO  L173          SolverBuilder]: Constructing external solver with command: z3 SMTLIB2_COMPLIANT=true -memory:1024 -smt2 -in -t:12000
[2026-06-06 13:46:42,961 INFO  L196   CegarNwaWorkerThread]: WorkerThread: Thread[#80,pool-1-thread-1,5,main] is Waiting for a Task
[2026-06-06 13:46:42,962 INFO  L189       MonitoredProcess]: No working directory specified, using /usr/bin/z3
[2026-06-06 13:46:42,964 INFO  L229       MonitoredProcess]: Starting monitored process 3 with /usr/bin/z3 SMTLIB2_COMPLIANT=true -memory:1024 -smt2 -in -t:12000 (exit command is (exit), workingDir is null)
[2026-06-06 13:46:42,964 INFO  L327       MonitoredProcess]: [MP /usr/bin/z3 SMTLIB2_COMPLIANT=true -memory:1024 -smt2 -in -t:12000 (3)] Waiting until timeout for monitored process
[2026-06-06 13:46:42,973 WARN  L330   ript$VariableManager]: TermVariable v_ULTIMATE.start_main_~zz~5_4 not constructed by VariableManager. Cannot ensure absence of name clashes.
[2026-06-06 13:46:42,973 WARN  L330   ript$VariableManager]: TermVariable v_ULTIMATE.start___VERIFIER_assert_~cond_3 not constructed by VariableManager. Cannot ensure absence of name clashes.
[2026-06-06 13:46:42,973 WARN  L330   ript$VariableManager]: TermVariable |v_ULTIMATE.start___VERIFIER_assert_#in~cond_2| not constructed by VariableManager. Cannot ensure absence of name clashes.
[2026-06-06 13:46:42,975 INFO  L173          SolverBuilder]: Constructing external solver with command: z3 SMTLIB2_COMPLIANT=true -memory:1024 -smt2 -in -t:12000
[2026-06-06 13:46:42,975 INFO  L196   CegarNwaWorkerThread]: WorkerThread: Thread[#86,pool-1-thread-2,5,main] is Waiting for a Task
[2026-06-06 13:46:42,976 INFO  L189       MonitoredProcess]: No working directory specified, using /usr/bin/z3
[2026-06-06 13:46:42,978 INFO  L229       MonitoredProcess]: Starting monitored process 4 with /usr/bin/z3 SMTLIB2_COMPLIANT=true -memory:1024 -smt2 -in -t:12000 (exit command is (exit), workingDir is null)
[2026-06-06 13:46:42,978 INFO  L327       MonitoredProcess]: [MP /usr/bin/z3 SMTLIB2_COMPLIANT=true -memory:1024 -smt2 -in -t:12000 (4)] Waiting until timeout for monitored process
[2026-06-06 13:46:42,986 WARN  L330   ript$VariableManager]: TermVariable v_ULTIMATE.start_main_~zz~5_4 not constructed by VariableManager. Cannot ensure absence of name clashes.
[2026-06-06 13:46:42,986 WARN  L330   ript$VariableManager]: TermVariable v_ULTIMATE.start___VERIFIER_assert_~cond_3 not constructed by VariableManager. Cannot ensure absence of name clashes.
[2026-06-06 13:46:42,986 WARN  L330   ript$VariableManager]: TermVariable |v_ULTIMATE.start___VERIFIER_assert_#in~cond_2| not constructed by VariableManager. Cannot ensure absence of name clashes.
[2026-06-06 13:46:42,988 INFO  L173          SolverBuilder]: Constructing external solver with command: z3 SMTLIB2_COMPLIANT=true -memory:1024 -smt2 -in -t:12000
[2026-06-06 13:46:42,988 INFO  L196   CegarNwaWorkerThread]: WorkerThread: Thread[#92,pool-1-thread-3,5,main] is Waiting for a Task
[2026-06-06 13:46:42,990 INFO  L189       MonitoredProcess]: No working directory specified, using /usr/bin/z3
[2026-06-06 13:46:42,991 INFO  L229       MonitoredProcess]: Starting monitored process 5 with /usr/bin/z3 SMTLIB2_COMPLIANT=true -memory:1024 -smt2 -in -t:12000 (exit command is (exit), workingDir is null)
[2026-06-06 13:46:42,991 INFO  L327       MonitoredProcess]: [MP /usr/bin/z3 SMTLIB2_COMPLIANT=true -memory:1024 -smt2 -in -t:12000 (5)] Waiting until timeout for monitored process
[2026-06-06 13:46:42,999 WARN  L330   ript$VariableManager]: TermVariable v_ULTIMATE.start_main_~zz~5_4 not constructed by VariableManager. Cannot ensure absence of name clashes.
[2026-06-06 13:46:42,999 WARN  L330   ript$VariableManager]: TermVariable v_ULTIMATE.start___VERIFIER_assert_~cond_3 not constructed by VariableManager. Cannot ensure absence of name clashes.
[2026-06-06 13:46:42,999 WARN  L330   ript$VariableManager]: TermVariable |v_ULTIMATE.start___VERIFIER_assert_#in~cond_2| not constructed by VariableManager. Cannot ensure absence of name clashes.
[2026-06-06 13:46:43,000 INFO  L196   CegarNwaWorkerThread]: WorkerThread: Thread[#98,pool-1-thread-4,5,main] is Waiting for a Task
[2026-06-06 13:46:43,000 INFO  L86        PathProgramCache]: Analyzing trace with hash 29955, now seen corresponding path program 1 times
[2026-06-06 13:46:43,000 INFO  L637   ParallelNwaCegarLoop]: Main: Starting Thread
[2026-06-06 13:46:43,000 INFO  L287   ParallelNwaCegarLoop]: === Iteration 1 ===
[2026-06-06 13:46:43,000 INFO  L340   ParallelNwaCegarLoop]: No more worker results to process
[2026-06-06 13:46:43,001 INFO  L290                IsEmpty]: Start isEmptyParallel. Operand  has 5 states, 3 states have (on average 1.6666666666666667) internal successors, (5), 4 states have internal predecessors, (5), 0 states have call successors, (0), 0 states have call predecessors, (0), 0 states have return successors, (0), 0 states have call predecessors, (0), 0 states have call successors, (0)
[2026-06-06 13:46:43,001 INFO  L300                IsEmpty]: Finished isEmptyParallel. No accepting run.
[2026-06-06 13:46:43,001 INFO  L156        IsEmptyParallel]: Start isEmptyParallel. Operand  has 5 states, 3 states have (on average 1.6666666666666667) internal successors, (5), 4 states have internal predecessors, (5), 0 states have call successors, (0), 0 states have call predecessors, (0), 0 states have return successors, (0), 0 states have call predecessors, (0), 0 states have call successors, (0)
[2026-06-06 13:46:43,001 INFO  L209   CegarNwaWorkerThread]: Starting Thread: 80# for Trace Check: 29955
[2026-06-06 13:46:43,002 INFO  L182       IsEmptyHeuristic]: Start isEmptyHeuristic. Operand  has 5 states, 3 states have (on average 1.6666666666666667) internal successors, (5), 4 states have internal predecessors, (5), 0 states have call successors, (0), 0 states have call predecessors, (0), 0 states have return successors, (0), 0 states have call predecessors, (0), 0 states have call successors, (0)
[2026-06-06 13:46:43,003 INFO  L156       PredicateUnifier]: Initialized classic predicate unifier
[2026-06-06 13:46:43,003 INFO  L86        PathProgramCache]: Analyzing trace with hash 29955, now seen corresponding path program 1 times
[2026-06-06 13:46:43,004 INFO  L188       IsEmptyHeuristic]: Finished isEmptyHeuristic. Found accepting run of length 6
[2026-06-06 13:46:43,004 INFO  L163        IsEmptyParallel]: Finished isEmptyParallel. Found accepting run of length 6
[2026-06-06 13:46:43,004 WARN  L753                IsEmpty]: Correctness of emptinessCheck not tested.
[2026-06-06 13:46:43,005 INFO  L79                 Accepts]: Start accepts. Automaton has  has 5 states, 3 states have (on average 1.6666666666666667) internal successors, (5), 4 states have internal predecessors, (5), 0 states have call successors, (0), 0 states have call predecessors, (0), 0 states have return successors, (0), 0 states have call predecessors, (0), 0 states have call successors, (0) Word has length 5
[2026-06-06 13:46:43,006 INFO  L85                 Accepts]: Finished accepts. word is accepted.
[2026-06-06 13:46:43,006 INFO  L757                IsEmpty]: Finished testing correctness of emptinessCheck
[2026-06-06 13:46:43,006 INFO  L290                IsEmpty]: Start isEmptyParallel. Operand  has 5 states, 3 states have (on average 1.6666666666666667) internal successors, (5), 4 states have internal predecessors, (5), 0 states have call successors, (0), 0 states have call predecessors, (0), 0 states have return successors, (0), 0 states have call predecessors, (0), 0 states have call successors, (0)
[2026-06-06 13:46:43,006 INFO  L300                IsEmpty]: Finished isEmptyParallel. No accepting run.
[2026-06-06 13:46:43,006 INFO  L118   FreeRefinementEngine]: Executing refinement strategy CAMEL
[2026-06-06 13:46:43,006 INFO  L156        IsEmptyParallel]: Start isEmptyParallel. Operand  has 5 states, 3 states have (on average 1.6666666666666667) internal successors, (5), 4 states have internal predecessors, (5), 0 states have call successors, (0), 0 states have call predecessors, (0), 0 states have return successors, (0), 0 states have call predecessors, (0), 0 states have call successors, (0)
[2026-06-06 13:46:43,006 INFO  L324   FreeRefinementEngine]: Using trace check IpTcStrategyModuleSmtInterpolCraig [1361653999]
[2026-06-06 13:46:43,006 INFO  L182       IsEmptyHeuristic]: Start isEmptyHeuristic. Operand  has 5 states, 3 states have (on average 1.6666666666666667) internal successors, (5), 4 states have internal predecessors, (5), 0 states have call successors, (0), 0 states have call predecessors, (0), 0 states have return successors, (0), 0 states have call predecessors, (0), 0 states have call successors, (0)
[2026-06-06 13:46:43,006 INFO  L97    rtionOrderModulation]: Keeping assertion order NOT_INCREMENTALLY
[2026-06-06 13:46:43,006 INFO  L188       IsEmptyHeuristic]: Finished isEmptyHeuristic. No accepting run.
[2026-06-06 13:46:43,006 INFO  L182       IsEmptyHeuristic]: Start isEmptyHeuristic. Operand  has 5 states, 3 states have (on average 1.6666666666666667) internal successors, (5), 4 states have internal predecessors, (5), 0 states have call successors, (0), 0 states have call predecessors, (0), 0 states have return successors, (0), 0 states have call predecessors, (0), 0 states have call successors, (0)
[2026-06-06 13:46:43,006 INFO  L127          SolverBuilder]: Constructing new instance of SMTInterpol with explicit timeout -1 ms and remaining time -1 ms
[2026-06-06 13:46:43,006 INFO  L188       IsEmptyHeuristic]: Finished isEmptyHeuristic. Found accepting run of length 5
[2026-06-06 13:46:43,006 INFO  L163        IsEmptyParallel]: Finished isEmptyParallel. Found accepting run of length 5
[2026-06-06 13:46:43,006 WARN  L753                IsEmpty]: Correctness of emptinessCheck not tested.
[2026-06-06 13:46:43,006 INFO  L79                 Accepts]: Start accepts. Automaton has  has 5 states, 3 states have (on average 1.6666666666666667) internal successors, (5), 4 states have internal predecessors, (5), 0 states have call successors, (0), 0 states have call predecessors, (0), 0 states have return successors, (0), 0 states have call predecessors, (0), 0 states have call successors, (0) Word has length 4
[2026-06-06 13:46:43,007 INFO  L85                 Accepts]: Finished accepts. word is accepted.
[2026-06-06 13:46:43,007 INFO  L757                IsEmpty]: Finished testing correctness of emptinessCheck
[2026-06-06 13:46:43,007 INFO  L290                IsEmpty]: Start isEmptyParallel. Operand  has 5 states, 3 states have (on average 1.6666666666666667) internal successors, (5), 4 states have internal predecessors, (5), 0 states have call successors, (0), 0 states have call predecessors, (0), 0 states have return successors, (0), 0 states have call predecessors, (0), 0 states have call successors, (0)
[2026-06-06 13:46:43,007 INFO  L300                IsEmpty]: Finished isEmptyParallel. No accepting run.
[2026-06-06 13:46:43,007 INFO  L156        IsEmptyParallel]: Start isEmptyParallel. Operand  has 5 states, 3 states have (on average 1.6666666666666667) internal successors, (5), 4 states have internal predecessors, (5), 0 states have call successors, (0), 0 states have call predecessors, (0), 0 states have return successors, (0), 0 states have call predecessors, (0), 0 states have call successors, (0)
[2026-06-06 13:46:43,007 INFO  L182       IsEmptyHeuristic]: Start isEmptyHeuristic. Operand  has 5 states, 3 states have (on average 1.6666666666666667) internal successors, (5), 4 states have internal predecessors, (5), 0 states have call successors, (0), 0 states have call predecessors, (0), 0 states have return successors, (0), 0 states have call predecessors, (0), 0 states have call successors, (0)
[2026-06-06 13:46:43,007 INFO  L188       IsEmptyHeuristic]: Finished isEmptyHeuristic. No accepting run.
[2026-06-06 13:46:43,007 INFO  L182       IsEmptyHeuristic]: Start isEmptyHeuristic. Operand  has 5 states, 3 states have (on average 1.6666666666666667) internal successors, (5), 4 states have internal predecessors, (5), 0 states have call successors, (0), 0 states have call predecessors, (0), 0 states have return successors, (0), 0 states have call predecessors, (0), 0 states have call successors, (0)
[2026-06-06 13:46:43,007 INFO  L188       IsEmptyHeuristic]: Finished isEmptyHeuristic. No accepting run.
[2026-06-06 13:46:43,007 INFO  L182       IsEmptyHeuristic]: Start isEmptyHeuristic. Operand  has 5 states, 3 states have (on average 1.6666666666666667) internal successors, (5), 4 states have internal predecessors, (5), 0 states have call successors, (0), 0 states have call predecessors, (0), 0 states have return successors, (0), 0 states have call predecessors, (0), 0 states have call successors, (0)
[2026-06-06 13:46:43,007 INFO  L188       IsEmptyHeuristic]: Finished isEmptyHeuristic. Found accepting run of length 8
[2026-06-06 13:46:43,007 INFO  L163        IsEmptyParallel]: Finished isEmptyParallel. Found accepting run of length 8
[2026-06-06 13:46:43,007 WARN  L753                IsEmpty]: Correctness of emptinessCheck not tested.
[2026-06-06 13:46:43,007 INFO  L79                 Accepts]: Start accepts. Automaton has  has 5 states, 3 states have (on average 1.6666666666666667) internal successors, (5), 4 states have internal predecessors, (5), 0 states have call successors, (0), 0 states have call predecessors, (0), 0 states have return successors, (0), 0 states have call predecessors, (0), 0 states have call successors, (0) Word has length 7
[2026-06-06 13:46:43,007 INFO  L85                 Accepts]: Finished accepts. word is accepted.
[2026-06-06 13:46:43,007 INFO  L757                IsEmpty]: Finished testing correctness of emptinessCheck
[2026-06-06 13:46:43,007 INFO  L290                IsEmpty]: Start isEmptyParallel. Operand  has 5 states, 3 states have (on average 1.6666666666666667) internal successors, (5), 4 states have internal predecessors, (5), 0 states have call successors, (0), 0 states have call predecessors, (0), 0 states have return successors, (0), 0 states have call predecessors, (0), 0 states have call successors, (0)
[2026-06-06 13:46:43,007 INFO  L300                IsEmpty]: Finished isEmptyParallel. No accepting run.
[2026-06-06 13:46:43,007 INFO  L156        IsEmptyParallel]: Start isEmptyParallel. Operand  has 5 states, 3 states have (on average 1.6666666666666667) internal successors, (5), 4 states have internal predecessors, (5), 0 states have call successors, (0), 0 states have call predecessors, (0), 0 states have return successors, (0), 0 states have call predecessors, (0), 0 states have call successors, (0)
[2026-06-06 13:46:43,007 INFO  L182       IsEmptyHeuristic]: Start isEmptyHeuristic. Operand  has 5 states, 3 states have (on average 1.6666666666666667) internal successors, (5), 4 states have internal predecessors, (5), 0 states have call successors, (0), 0 states have call predecessors, (0), 0 states have return successors, (0), 0 states have call predecessors, (0), 0 states have call successors, (0)
[2026-06-06 13:46:43,008 INFO  L188       IsEmptyHeuristic]: Finished isEmptyHeuristic. No accepting run.
[2026-06-06 13:46:43,008 INFO  L182       IsEmptyHeuristic]: Start isEmptyHeuristic. Operand  has 5 states, 3 states have (on average 1.6666666666666667) internal successors, (5), 4 states have internal predecessors, (5), 0 states have call successors, (0), 0 states have call predecessors, (0), 0 states have return successors, (0), 0 states have call predecessors, (0), 0 states have call successors, (0)
[2026-06-06 13:46:43,008 INFO  L188       IsEmptyHeuristic]: Finished isEmptyHeuristic. No accepting run.
[2026-06-06 13:46:43,008 INFO  L182       IsEmptyHeuristic]: Start isEmptyHeuristic. Operand  has 5 states, 3 states have (on average 1.6666666666666667) internal successors, (5), 4 states have internal predecessors, (5), 0 states have call successors, (0), 0 states have call predecessors, (0), 0 states have return successors, (0), 0 states have call predecessors, (0), 0 states have call successors, (0)
[2026-06-06 13:46:43,008 INFO  L188       IsEmptyHeuristic]: Finished isEmptyHeuristic. No accepting run.
[2026-06-06 13:46:43,008 INFO  L182       IsEmptyHeuristic]: Start isEmptyHeuristic. Operand  has 5 states, 3 states have (on average 1.6666666666666667) internal successors, (5), 4 states have internal predecessors, (5), 0 states have call successors, (0), 0 states have call predecessors, (0), 0 states have return successors, (0), 0 states have call predecessors, (0), 0 states have call successors, (0)
[2026-06-06 13:46:43,008 INFO  L188       IsEmptyHeuristic]: Finished isEmptyHeuristic. Found accepting run of length 7
[2026-06-06 13:46:43,008 INFO  L163        IsEmptyParallel]: Finished isEmptyParallel. Found accepting run of length 7
[2026-06-06 13:46:43,008 WARN  L753                IsEmpty]: Correctness of emptinessCheck not tested.
[2026-06-06 13:46:43,008 INFO  L79                 Accepts]: Start accepts. Automaton has  has 5 states, 3 states have (on average 1.6666666666666667) internal successors, (5), 4 states have internal predecessors, (5), 0 states have call successors, (0), 0 states have call predecessors, (0), 0 states have return successors, (0), 0 states have call predecessors, (0), 0 states have call successors, (0) Word has length 6
[2026-06-06 13:46:43,008 INFO  L85                 Accepts]: Finished accepts. word is accepted.
[2026-06-06 13:46:43,008 INFO  L757                IsEmpty]: Finished testing correctness of emptinessCheck
[2026-06-06 13:46:43,008 INFO  L290                IsEmpty]: Start isEmptyParallel. Operand  has 5 states, 3 states have (on average 1.6666666666666667) internal successors, (5), 4 states have internal predecessors, (5), 0 states have call successors, (0), 0 states have call predecessors, (0), 0 states have return successors, (0), 0 states have call predecessors, (0), 0 states have call successors, (0)
[2026-06-06 13:46:43,008 INFO  L300                IsEmpty]: Finished isEmptyParallel. No accepting run.
[2026-06-06 13:46:43,008 INFO  L156        IsEmptyParallel]: Start isEmptyParallel. Operand  has 5 states, 3 states have (on average 1.6666666666666667) internal successors, (5), 4 states have internal predecessors, (5), 0 states have call successors, (0), 0 states have call predecessors, (0), 0 states have return successors, (0), 0 states have call predecessors, (0), 0 states have call successors, (0)
[2026-06-06 13:46:43,008 INFO  L182       IsEmptyHeuristic]: Start isEmptyHeuristic. Operand  has 5 states, 3 states have (on average 1.6666666666666667) internal successors, (5), 4 states have internal predecessors, (5), 0 states have call successors, (0), 0 states have call predecessors, (0), 0 states have return successors, (0), 0 states have call predecessors, (0), 0 states have call successors, (0)
[2026-06-06 13:46:43,009 INFO  L188       IsEmptyHeuristic]: Finished isEmptyHeuristic. No accepting run.
[2026-06-06 13:46:43,009 INFO  L182       IsEmptyHeuristic]: Start isEmptyHeuristic. Operand  has 5 states, 3 states have (on average 1.6666666666666667) internal successors, (5), 4 states have internal predecessors, (5), 0 states have call successors, (0), 0 states have call predecessors, (0), 0 states have return successors, (0), 0 states have call predecessors, (0), 0 states have call successors, (0)
[2026-06-06 13:46:43,009 INFO  L188       IsEmptyHeuristic]: Finished isEmptyHeuristic. No accepting run.
[2026-06-06 13:46:43,009 INFO  L182       IsEmptyHeuristic]: Start isEmptyHeuristic. Operand  has 5 states, 3 states have (on average 1.6666666666666667) internal successors, (5), 4 states have internal predecessors, (5), 0 states have call successors, (0), 0 states have call predecessors, (0), 0 states have return successors, (0), 0 states have call predecessors, (0), 0 states have call successors, (0)
[2026-06-06 13:46:43,009 INFO  L188       IsEmptyHeuristic]: Finished isEmptyHeuristic. No accepting run.
[2026-06-06 13:46:43,009 INFO  L182       IsEmptyHeuristic]: Start isEmptyHeuristic. Operand  has 5 states, 3 states have (on average 1.6666666666666667) internal successors, (5), 4 states have internal predecessors, (5), 0 states have call successors, (0), 0 states have call predecessors, (0), 0 states have return successors, (0), 0 states have call predecessors, (0), 0 states have call successors, (0)
[2026-06-06 13:46:43,009 INFO  L188       IsEmptyHeuristic]: Finished isEmptyHeuristic. No accepting run.
[2026-06-06 13:46:43,009 INFO  L182       IsEmptyHeuristic]: Start isEmptyHeuristic. Operand  has 5 states, 3 states have (on average 1.6666666666666667) internal successors, (5), 4 states have internal predecessors, (5), 0 states have call successors, (0), 0 states have call predecessors, (0), 0 states have return successors, (0), 0 states have call predecessors, (0), 0 states have call successors, (0)
[2026-06-06 13:46:43,009 INFO  L188       IsEmptyHeuristic]: Finished isEmptyHeuristic. Found accepting run of length 10
[2026-06-06 13:46:43,009 INFO  L163        IsEmptyParallel]: Finished isEmptyParallel. Found accepting run of length 10
[2026-06-06 13:46:43,009 WARN  L753                IsEmpty]: Correctness of emptinessCheck not tested.
[2026-06-06 13:46:43,009 INFO  L79                 Accepts]: Start accepts. Automaton has  has 5 states, 3 states have (on average 1.6666666666666667) internal successors, (5), 4 states have internal predecessors, (5), 0 states have call successors, (0), 0 states have call predecessors, (0), 0 states have return successors, (0), 0 states have call predecessors, (0), 0 states have call successors, (0) Word has length 9
[2026-06-06 13:46:43,009 INFO  L85                 Accepts]: Finished accepts. word is accepted.
[2026-06-06 13:46:43,009 INFO  L757                IsEmpty]: Finished testing correctness of emptinessCheck
[2026-06-06 13:46:43,009 INFO  L290                IsEmpty]: Start isEmptyParallel. Operand  has 5 states, 3 states have (on average 1.6666666666666667) internal successors, (5), 4 states have internal predecessors, (5), 0 states have call successors, (0), 0 states have call predecessors, (0), 0 states have return successors, (0), 0 states have call predecessors, (0), 0 states have call successors, (0)
[2026-06-06 13:46:43,010 INFO  L300                IsEmpty]: Finished isEmptyParallel. No accepting run.
[2026-06-06 13:46:43,010 INFO  L156        IsEmptyParallel]: Start isEmptyParallel. Operand  has 5 states, 3 states have (on average 1.6666666666666667) internal successors, (5), 4 states have internal predecessors, (5), 0 states have call successors, (0), 0 states have call predecessors, (0), 0 states have return successors, (0), 0 states have call predecessors, (0), 0 states have call successors, (0)
[2026-06-06 13:46:43,010 INFO  L182       IsEmptyHeuristic]: Start isEmptyHeuristic. Operand  has 5 states, 3 states have (on average 1.6666666666666667) internal successors, (5), 4 states have internal predecessors, (5), 0 states have call successors, (0), 0 states have call predecessors, (0), 0 states have return successors, (0), 0 states have call predecessors, (0), 0 states have call successors, (0)
[2026-06-06 13:46:43,010 INFO  L188       IsEmptyHeuristic]: Finished isEmptyHeuristic. No accepting run.
[2026-06-06 13:46:43,010 INFO  L182       IsEmptyHeuristic]: Start isEmptyHeuristic. Operand  has 5 states, 3 states have (on average 1.6666666666666667) internal successors, (5), 4 states have internal predecessors, (5), 0 states have call successors, (0), 0 states have call predecessors, (0), 0 states have return successors, (0), 0 states have call predecessors, (0), 0 states have call successors, (0)
[2026-06-06 13:46:43,010 INFO  L188       IsEmptyHeuristic]: Finished isEmptyHeuristic. No accepting run.
[2026-06-06 13:46:43,010 INFO  L182       IsEmptyHeuristic]: Start isEmptyHeuristic. Operand  has 5 states, 3 states have (on average 1.6666666666666667) internal successors, (5), 4 states have internal predecessors, (5), 0 states have call successors, (0), 0 states have call predecessors, (0), 0 states have return successors, (0), 0 states have call predecessors, (0), 0 states have call successors, (0)
[2026-06-06 13:46:43,010 INFO  L188       IsEmptyHeuristic]: Finished isEmptyHeuristic. No accepting run.
[2026-06-06 13:46:43,010 INFO  L182       IsEmptyHeuristic]: Start isEmptyHeuristic. Operand  has 5 states, 3 states have (on average 1.6666666666666667) internal successors, (5), 4 states have internal predecessors, (5), 0 states have call successors, (0), 0 states have call predecessors, (0), 0 states have return successors, (0), 0 states have call predecessors, (0), 0 states have call successors, (0)
[2026-06-06 13:46:43,010 INFO  L188       IsEmptyHeuristic]: Finished isEmptyHeuristic. No accepting run.
[2026-06-06 13:46:43,010 INFO  L182       IsEmptyHeuristic]: Start isEmptyHeuristic. Operand  has 5 states, 3 states have (on average 1.6666666666666667) internal successors, (5), 4 states have internal predecessors, (5), 0 states have call successors, (0), 0 states have call predecessors, (0), 0 states have return successors, (0), 0 states have call predecessors, (0), 0 states have call successors, (0)
[2026-06-06 13:46:43,011 INFO  L188       IsEmptyHeuristic]: Finished isEmptyHeuristic. No accepting run.
[2026-06-06 13:46:43,011 INFO  L182       IsEmptyHeuristic]: Start isEmptyHeuristic. Operand  has 5 states, 3 states have (on average 1.6666666666666667) internal successors, (5), 4 states have internal predecessors, (5), 0 states have call successors, (0), 0 states have call predecessors, (0), 0 states have return successors, (0), 0 states have call predecessors, (0), 0 states have call successors, (0)
[2026-06-06 13:46:43,011 INFO  L188       IsEmptyHeuristic]: Finished isEmptyHeuristic. Found accepting run of length 9
[2026-06-06 13:46:43,011 INFO  L163        IsEmptyParallel]: Finished isEmptyParallel. Found accepting run of length 9
[2026-06-06 13:46:43,011 WARN  L753                IsEmpty]: Correctness of emptinessCheck not tested.
[2026-06-06 13:46:43,011 INFO  L79                 Accepts]: Start accepts. Automaton has  has 5 states, 3 states have (on average 1.6666666666666667) internal successors, (5), 4 states have internal predecessors, (5), 0 states have call successors, (0), 0 states have call predecessors, (0), 0 states have return successors, (0), 0 states have call predecessors, (0), 0 states have call successors, (0) Word has length 8
[2026-06-06 13:46:43,011 INFO  L85                 Accepts]: Finished accepts. word is accepted.
[2026-06-06 13:46:43,011 INFO  L757                IsEmpty]: Finished testing correctness of emptinessCheck
[2026-06-06 13:46:43,011 INFO  L290                IsEmpty]: Start isEmptyParallel. Operand  has 5 states, 3 states have (on average 1.6666666666666667) internal successors, (5), 4 states have internal predecessors, (5), 0 states have call successors, (0), 0 states have call predecessors, (0), 0 states have return successors, (0), 0 states have call predecessors, (0), 0 states have call successors, (0)
[2026-06-06 13:46:43,011 INFO  L300                IsEmpty]: Finished isEmptyParallel. No accepting run.
[2026-06-06 13:46:43,011 INFO  L156        IsEmptyParallel]: Start isEmptyParallel. Operand  has 5 states, 3 states have (on average 1.6666666666666667) internal successors, (5), 4 states have internal predecessors, (5), 0 states have call successors, (0), 0 states have call predecessors, (0), 0 states have return successors, (0), 0 states have call predecessors, (0), 0 states have call successors, (0)
[2026-06-06 13:46:43,011 INFO  L182       IsEmptyHeuristic]: Start isEmptyHeuristic. Operand  has 5 states, 3 states have (on average 1.6666666666666667) internal successors, (5), 4 states have internal predecessors, (5), 0 states have call successors, (0), 0 states have call predecessors, (0), 0 states have return successors, (0), 0 states have call predecessors, (0), 0 states have call successors, (0)
[2026-06-06 13:46:43,011 INFO  L188       IsEmptyHeuristic]: Finished isEmptyHeuristic. No accepting run.
[2026-06-06 13:46:43,011 INFO  L182       IsEmptyHeuristic]: Start isEmptyHeuristic. Operand  has 5 states, 3 states have (on average 1.6666666666666667) internal successors, (5), 4 states have internal predecessors, (5), 0 states have call successors, (0), 0 states have call predecessors, (0), 0 states have return successors, (0), 0 states have call predecessors, (0), 0 states have call successors, (0)
[2026-06-06 13:46:43,011 INFO  L188       IsEmptyHeuristic]: Finished isEmptyHeuristic. No accepting run.
[2026-06-06 13:46:43,012 INFO  L182       IsEmptyHeuristic]: Start isEmptyHeuristic. Operand  has 5 states, 3 states have (on average 1.6666666666666667) internal successors, (5), 4 states have internal predecessors, (5), 0 states have call successors, (0), 0 states have call predecessors, (0), 0 states have return successors, (0), 0 states have call predecessors, (0), 0 states have call successors, (0)
[2026-06-06 13:46:43,012 INFO  L188       IsEmptyHeuristic]: Finished isEmptyHeuristic. No accepting run.
[2026-06-06 13:46:43,012 INFO  L182       IsEmptyHeuristic]: Start isEmptyHeuristic. Operand  has 5 states, 3 states have (on average 1.6666666666666667) internal successors, (5), 4 states have internal predecessors, (5), 0 states have call successors, (0), 0 states have call predecessors, (0), 0 states have return successors, (0), 0 states have call predecessors, (0), 0 states have call successors, (0)
[2026-06-06 13:46:43,012 INFO  L188       IsEmptyHeuristic]: Finished isEmptyHeuristic. No accepting run.
[2026-06-06 13:46:43,012 INFO  L182       IsEmptyHeuristic]: Start isEmptyHeuristic. Operand  has 5 states, 3 states have (on average 1.6666666666666667) internal successors, (5), 4 states have internal predecessors, (5), 0 states have call successors, (0), 0 states have call predecessors, (0), 0 states have return successors, (0), 0 states have call predecessors, (0), 0 states have call successors, (0)
[2026-06-06 13:46:43,012 INFO  L188       IsEmptyHeuristic]: Finished isEmptyHeuristic. No accepting run.
[2026-06-06 13:46:43,012 INFO  L182       IsEmptyHeuristic]: Start isEmptyHeuristic. Operand  has 5 states, 3 states have (on average 1.6666666666666667) internal successors, (5), 4 states have internal predecessors, (5), 0 states have call successors, (0), 0 states have call predecessors, (0), 0 states have return successors, (0), 0 states have call predecessors, (0), 0 states have call successors, (0)
[2026-06-06 13:46:43,012 INFO  L188       IsEmptyHeuristic]: Finished isEmptyHeuristic. No accepting run.
[2026-06-06 13:46:43,012 INFO  L182       IsEmptyHeuristic]: Start isEmptyHeuristic. Operand  has 5 states, 3 states have (on average 1.6666666666666667) internal successors, (5), 4 states have internal predecessors, (5), 0 states have call successors, (0), 0 states have call predecessors, (0), 0 states have return successors, (0), 0 states have call predecessors, (0), 0 states have call successors, (0)
[2026-06-06 13:46:43,012 INFO  L188       IsEmptyHeuristic]: Finished isEmptyHeuristic. Found accepting run of length 12
[2026-06-06 13:46:43,012 INFO  L163        IsEmptyParallel]: Finished isEmptyParallel. Found accepting run of length 12
[2026-06-06 13:46:43,012 WARN  L753                IsEmpty]: Correctness of emptinessCheck not tested.
[2026-06-06 13:46:43,012 INFO  L79                 Accepts]: Start accepts. Automaton has  has 5 states, 3 states have (on average 1.6666666666666667) internal successors, (5), 4 states have internal predecessors, (5), 0 states have call successors, (0), 0 states have call predecessors, (0), 0 states have return successors, (0), 0 states have call predecessors, (0), 0 states have call successors, (0) Word has length 11
[2026-06-06 13:46:43,012 INFO  L85                 Accepts]: Finished accepts. word is accepted.
[2026-06-06 13:46:43,012 INFO  L757                IsEmpty]: Finished testing correctness of emptinessCheck
[2026-06-06 13:46:43,013 INFO  L290                IsEmpty]: Start isEmptyParallel. Operand  has 5 states, 3 states have (on average 1.6666666666666667) internal successors, (5), 4 states have internal predecessors, (5), 0 states have call successors, (0), 0 states have call predecessors, (0), 0 states have return successors, (0), 0 states have call predecessors, (0), 0 states have call successors, (0)
[2026-06-06 13:46:43,013 INFO  L300                IsEmpty]: Finished isEmptyParallel. No accepting run.
[2026-06-06 13:46:43,013 INFO  L156        IsEmptyParallel]: Start isEmptyParallel. Operand  has 5 states, 3 states have (on average 1.6666666666666667) internal successors, (5), 4 states have internal predecessors, (5), 0 states have call successors, (0), 0 states have call predecessors, (0), 0 states have return successors, (0), 0 states have call predecessors, (0), 0 states have call successors, (0)
[2026-06-06 13:46:43,013 INFO  L182       IsEmptyHeuristic]: Start isEmptyHeuristic. Operand  has 5 states, 3 states have (on average 1.6666666666666667) internal successors, (5), 4 states have internal predecessors, (5), 0 states have call successors, (0), 0 states have call predecessors, (0), 0 states have return successors, (0), 0 states have call predecessors, (0), 0 states have call successors, (0)
[2026-06-06 13:46:43,013 INFO  L188       IsEmptyHeuristic]: Finished isEmptyHeuristic. No accepting run.
[2026-06-06 13:46:43,013 INFO  L182       IsEmptyHeuristic]: Start isEmptyHeuristic. Operand  has 5 states, 3 states have (on average 1.6666666666666667) internal successors, (5), 4 states have internal predecessors, (5), 0 states have call successors, (0), 0 states have call predecessors, (0), 0 states have return successors, (0), 0 states have call predecessors, (0), 0 states have call successors, (0)
[2026-06-06 13:46:43,013 INFO  L188       IsEmptyHeuristic]: Finished isEmptyHeuristic. No accepting run.
[2026-06-06 13:46:43,013 INFO  L182       IsEmptyHeuristic]: Start isEmptyHeuristic. Operand  has 5 states, 3 states have (on average 1.6666666666666667) internal successors, (5), 4 states have internal predecessors, (5), 0 states have call successors, (0), 0 states have call predecessors, (0), 0 states have return successors, (0), 0 states have call predecessors, (0), 0 states have call successors, (0)
[2026-06-06 13:46:43,013 INFO  L188       IsEmptyHeuristic]: Finished isEmptyHeuristic. No accepting run.
[2026-06-06 13:46:43,013 INFO  L182       IsEmptyHeuristic]: Start isEmptyHeuristic. Operand  has 5 states, 3 states have (on average 1.6666666666666667) internal successors, (5), 4 states have internal predecessors, (5), 0 states have call successors, (0), 0 states have call predecessors, (0), 0 states have return successors, (0), 0 states have call predecessors, (0), 0 states have call successors, (0)
[2026-06-06 13:46:43,013 INFO  L188       IsEmptyHeuristic]: Finished isEmptyHeuristic. No accepting run.
[2026-06-06 13:46:43,013 INFO  L182       IsEmptyHeuristic]: Start isEmptyHeuristic. Operand  has 5 states, 3 states have (on average 1.6666666666666667) internal successors, (5), 4 states have internal predecessors, (5), 0 states have call successors, (0), 0 states have call predecessors, (0), 0 states have return successors, (0), 0 states have call predecessors, (0), 0 states have call successors, (0)
[2026-06-06 13:46:43,013 INFO  L188       IsEmptyHeuristic]: Finished isEmptyHeuristic. No accepting run.
[2026-06-06 13:46:43,014 INFO  L182       IsEmptyHeuristic]: Start isEmptyHeuristic. Operand  has 5 states, 3 states have (on average 1.6666666666666667) internal successors, (5), 4 states have internal predecessors, (5), 0 states have call successors, (0), 0 states have call predecessors, (0), 0 states have return successors, (0), 0 states have call predecessors, (0), 0 states have call successors, (0)
[2026-06-06 13:46:43,014 INFO  L188       IsEmptyHeuristic]: Finished isEmptyHeuristic. No accepting run.
[2026-06-06 13:46:43,014 INFO  L182       IsEmptyHeuristic]: Start isEmptyHeuristic. Operand  has 5 states, 3 states have (on average 1.6666666666666667) internal successors, (5), 4 states have internal predecessors, (5), 0 states have call successors, (0), 0 states have call predecessors, (0), 0 states have return successors, (0), 0 states have call predecessors, (0), 0 states have call successors, (0)
[2026-06-06 13:46:43,014 INFO  L188       IsEmptyHeuristic]: Finished isEmptyHeuristic. No accepting run.
[2026-06-06 13:46:43,014 INFO  L182       IsEmptyHeuristic]: Start isEmptyHeuristic. Operand  has 5 states, 3 states have (on average 1.6666666666666667) internal successors, (5), 4 states have internal predecessors, (5), 0 states have call successors, (0), 0 states have call predecessors, (0), 0 states have return successors, (0), 0 states have call predecessors, (0), 0 states have call successors, (0)
[2026-06-06 13:46:43,014 INFO  L188       IsEmptyHeuristic]: Finished isEmptyHeuristic. Found accepting run of length 11
[2026-06-06 13:46:43,014 INFO  L163        IsEmptyParallel]: Finished isEmptyParallel. Found accepting run of length 11
[2026-06-06 13:46:43,014 WARN  L753                IsEmpty]: Correctness of emptinessCheck not tested.
[2026-06-06 13:46:43,014 INFO  L79                 Accepts]: Start accepts. Automaton has  has 5 states, 3 states have (on average 1.6666666666666667) internal successors, (5), 4 states have internal predecessors, (5), 0 states have call successors, (0), 0 states have call predecessors, (0), 0 states have return successors, (0), 0 states have call predecessors, (0), 0 states have call successors, (0) Word has length 10
[2026-06-06 13:46:43,014 INFO  L85                 Accepts]: Finished accepts. word is accepted.
[2026-06-06 13:46:43,014 INFO  L757                IsEmpty]: Finished testing correctness of emptinessCheck
[2026-06-06 13:46:43,014 INFO  L290                IsEmpty]: Start isEmptyParallel. Operand  has 5 states, 3 states have (on average 1.6666666666666667) internal successors, (5), 4 states have internal predecessors, (5), 0 states have call successors, (0), 0 states have call predecessors, (0), 0 states have return successors, (0), 0 states have call predecessors, (0), 0 states have call successors, (0)
[2026-06-06 13:46:43,014 INFO  L300                IsEmpty]: Finished isEmptyParallel. No accepting run.
[2026-06-06 13:46:43,014 INFO  L156        IsEmptyParallel]: Start isEmptyParallel. Operand  has 5 states, 3 states have (on average 1.6666666666666667) internal successors, (5), 4 states have internal predecessors, (5), 0 states have call successors, (0), 0 states have call predecessors, (0), 0 states have return successors, (0), 0 states have call predecessors, (0), 0 states have call successors, (0)
[2026-06-06 13:46:43,014 INFO  L182       IsEmptyHeuristic]: Start isEmptyHeuristic. Operand  has 5 states, 3 states have (on average 1.6666666666666667) internal successors, (5), 4 states have internal predecessors, (5), 0 states have call successors, (0), 0 states have call predecessors, (0), 0 states have return successors, (0), 0 states have call predecessors, (0), 0 states have call successors, (0)
[2026-06-06 13:46:43,014 INFO  L188       IsEmptyHeuristic]: Finished isEmptyHeuristic. No accepting run.
[2026-06-06 13:46:43,014 INFO  L182       IsEmptyHeuristic]: Start isEmptyHeuristic. Operand  has 5 states, 3 states have (on average 1.6666666666666667) internal successors, (5), 4 states have internal predecessors, (5), 0 states have call successors, (0), 0 states have call predecessors, (0), 0 states have return successors, (0), 0 states have call predecessors, (0), 0 states have call successors, (0)
[2026-06-06 13:46:43,014 INFO  L188       IsEmptyHeuristic]: Finished isEmptyHeuristic. No accepting run.
[2026-06-06 13:46:43,015 INFO  L182       IsEmptyHeuristic]: Start isEmptyHeuristic. Operand  has 5 states, 3 states have (on average 1.6666666666666667) internal successors, (5), 4 states have internal predecessors, (5), 0 states have call successors, (0), 0 states have call predecessors, (0), 0 states have return successors, (0), 0 states have call predecessors, (0), 0 states have call successors, (0)
[2026-06-06 13:46:43,015 INFO  L188       IsEmptyHeuristic]: Finished isEmptyHeuristic. No accepting run.
[2026-06-06 13:46:43,015 INFO  L182       IsEmptyHeuristic]: Start isEmptyHeuristic. Operand  has 5 states, 3 states have (on average 1.6666666666666667) internal successors, (5), 4 states have internal predecessors, (5), 0 states have call successors, (0), 0 states have call predecessors, (0), 0 states have return successors, (0), 0 states have call predecessors, (0), 0 states have call successors, (0)
[2026-06-06 13:46:43,015 INFO  L188       IsEmptyHeuristic]: Finished isEmptyHeuristic. No accepting run.
[2026-06-06 13:46:43,015 INFO  L182       IsEmptyHeuristic]: Start isEmptyHeuristic. Operand  has 5 states, 3 states have (on average 1.6666666666666667) internal successors, (5), 4 states have internal predecessors, (5), 0 states have call successors, (0), 0 states have call predecessors, (0), 0 states have return successors, (0), 0 states have call predecessors, (0), 0 states have call successors, (0)
[2026-06-06 13:46:43,015 INFO  L188       IsEmptyHeuristic]: Finished isEmptyHeuristic. No accepting run.
[2026-06-06 13:46:43,015 INFO  L182       IsEmptyHeuristic]: Start isEmptyHeuristic. Operand  has 5 states, 3 states have (on average 1.6666666666666667) internal successors, (5), 4 states have internal predecessors, (5), 0 states have call successors, (0), 0 states have call predecessors, (0), 0 states have return successors, (0), 0 states have call predecessors, (0), 0 states have call successors, (0)
[2026-06-06 13:46:43,015 INFO  L188       IsEmptyHeuristic]: Finished isEmptyHeuristic. No accepting run.
[2026-06-06 13:46:43,015 INFO  L182       IsEmptyHeuristic]: Start isEmptyHeuristic. Operand  has 5 states, 3 states have (on average 1.6666666666666667) internal successors, (5), 4 states have internal predecessors, (5), 0 states have call successors, (0), 0 states have call predecessors, (0), 0 states have return successors, (0), 0 states have call predecessors, (0), 0 states have call successors, (0)
[2026-06-06 13:46:43,015 INFO  L188       IsEmptyHeuristic]: Finished isEmptyHeuristic. No accepting run.
[2026-06-06 13:46:43,015 INFO  L182       IsEmptyHeuristic]: Start isEmptyHeuristic. Operand  has 5 states, 3 states have (on average 1.6666666666666667) internal successors, (5), 4 states have internal predecessors, (5), 0 states have call successors, (0), 0 states have call predecessors, (0), 0 states have return successors, (0), 0 states have call predecessors, (0), 0 states have call successors, (0)
[2026-06-06 13:46:43,015 INFO  L188       IsEmptyHeuristic]: Finished isEmptyHeuristic. No accepting run.
[2026-06-06 13:46:43,015 INFO  L182       IsEmptyHeuristic]: Start isEmptyHeuristic. Operand  has 5 states, 3 states have (on average 1.6666666666666667) internal successors, (5), 4 states have internal predecessors, (5), 0 states have call successors, (0), 0 states have call predecessors, (0), 0 states have return successors, (0), 0 states have call predecessors, (0), 0 states have call successors, (0)
[2026-06-06 13:46:43,015 INFO  L188       IsEmptyHeuristic]: Finished isEmptyHeuristic. Found accepting run of length 14
[2026-06-06 13:46:43,015 INFO  L163        IsEmptyParallel]: Finished isEmptyParallel. Found accepting run of length 14
[2026-06-06 13:46:43,015 WARN  L753                IsEmpty]: Correctness of emptinessCheck not tested.
[2026-06-06 13:46:43,015 INFO  L79                 Accepts]: Start accepts. Automaton has  has 5 states, 3 states have (on average 1.6666666666666667) internal successors, (5), 4 states have internal predecessors, (5), 0 states have call successors, (0), 0 states have call predecessors, (0), 0 states have return successors, (0), 0 states have call predecessors, (0), 0 states have call successors, (0) Word has length 13
[2026-06-06 13:46:43,015 INFO  L85                 Accepts]: Finished accepts. word is accepted.
[2026-06-06 13:46:43,015 INFO  L757                IsEmpty]: Finished testing correctness of emptinessCheck
[2026-06-06 13:46:43,015 INFO  L290                IsEmpty]: Start isEmptyParallel. Operand  has 5 states, 3 states have (on average 1.6666666666666667) internal successors, (5), 4 states have internal predecessors, (5), 0 states have call successors, (0), 0 states have call predecessors, (0), 0 states have return successors, (0), 0 states have call predecessors, (0), 0 states have call successors, (0)
[2026-06-06 13:46:43,015 INFO  L300                IsEmpty]: Finished isEmptyParallel. No accepting run.
[2026-06-06 13:46:43,016 INFO  L156        IsEmptyParallel]: Start isEmptyParallel. Operand  has 5 states, 3 states have (on average 1.6666666666666667) internal successors, (5), 4 states have internal predecessors, (5), 0 states have call successors, (0), 0 states have call predecessors, (0), 0 states have return successors, (0), 0 states have call predecessors, (0), 0 states have call successors, (0)
[2026-06-06 13:46:43,016 INFO  L182       IsEmptyHeuristic]: Start isEmptyHeuristic. Operand  has 5 states, 3 states have (on average 1.6666666666666667) internal successors, (5), 4 states have internal predecessors, (5), 0 states have call successors, (0), 0 states have call predecessors, (0), 0 states have return successors, (0), 0 states have call predecessors, (0), 0 states have call successors, (0)
[2026-06-06 13:46:43,016 INFO  L188       IsEmptyHeuristic]: Finished isEmptyHeuristic. No accepting run.
[2026-06-06 13:46:43,016 INFO  L182       IsEmptyHeuristic]: Start isEmptyHeuristic. Operand  has 5 states, 3 states have (on average 1.6666666666666667) internal successors, (5), 4 states have internal predecessors, (5), 0 states have call successors, (0), 0 states have call predecessors, (0), 0 states have return successors, (0), 0 states have call predecessors, (0), 0 states have call successors, (0)
[2026-06-06 13:46:43,016 INFO  L188       IsEmptyHeuristic]: Finished isEmptyHeuristic. No accepting run.
[2026-06-06 13:46:43,016 INFO  L182       IsEmptyHeuristic]: Start isEmptyHeuristic. Operand  has 5 states, 3 states have (on average 1.6666666666666667) internal successors, (5), 4 states have internal predecessors, (5), 0 states have call successors, (0), 0 states have call predecessors, (0), 0 states have return successors, (0), 0 states have call predecessors, (0), 0 states have call successors, (0)
[2026-06-06 13:46:43,016 INFO  L188       IsEmptyHeuristic]: Finished isEmptyHeuristic. No accepting run.
[2026-06-06 13:46:43,016 INFO  L182       IsEmptyHeuristic]: Start isEmptyHeuristic. Operand  has 5 states, 3 states have (on average 1.6666666666666667) internal successors, (5), 4 states have internal predecessors, (5), 0 states have call successors, (0), 0 states have call predecessors, (0), 0 states have return successors, (0), 0 states have call predecessors, (0), 0 states have call successors, (0)
[2026-06-06 13:46:43,016 INFO  L188       IsEmptyHeuristic]: Finished isEmptyHeuristic. No accepting run.
[2026-06-06 13:46:43,016 INFO  L182       IsEmptyHeuristic]: Start isEmptyHeuristic. Operand  has 5 states, 3 states have (on average 1.6666666666666667) internal successors, (5), 4 states have internal predecessors, (5), 0 states have call successors, (0), 0 states have call predecessors, (0), 0 states have return successors, (0), 0 states have call predecessors, (0), 0 states have call successors, (0)
[2026-06-06 13:46:43,016 INFO  L188       IsEmptyHeuristic]: Finished isEmptyHeuristic. No accepting run.
[2026-06-06 13:46:43,016 INFO  L182       IsEmptyHeuristic]: Start isEmptyHeuristic. Operand  has 5 states, 3 states have (on average 1.6666666666666667) internal successors, (5), 4 states have internal predecessors, (5), 0 states have call successors, (0), 0 states have call predecessors, (0), 0 states have return successors, (0), 0 states have call predecessors, (0), 0 states have call successors, (0)
[2026-06-06 13:46:43,016 INFO  L188       IsEmptyHeuristic]: Finished isEmptyHeuristic. No accepting run.
[2026-06-06 13:46:43,017 INFO  L182       IsEmptyHeuristic]: Start isEmptyHeuristic. Operand  has 5 states, 3 states have (on average 1.6666666666666667) internal successors, (5), 4 states have internal predecessors, (5), 0 states have call successors, (0), 0 states have call predecessors, (0), 0 states have return successors, (0), 0 states have call predecessors, (0), 0 states have call successors, (0)
[2026-06-06 13:46:43,017 INFO  L188       IsEmptyHeuristic]: Finished isEmptyHeuristic. No accepting run.
[2026-06-06 13:46:43,017 INFO  L182       IsEmptyHeuristic]: Start isEmptyHeuristic. Operand  has 5 states, 3 states have (on average 1.6666666666666667) internal successors, (5), 4 states have internal predecessors, (5), 0 states have call successors, (0), 0 states have call predecessors, (0), 0 states have return successors, (0), 0 states have call predecessors, (0), 0 states have call successors, (0)
[2026-06-06 13:46:43,017 INFO  L188       IsEmptyHeuristic]: Finished isEmptyHeuristic. No accepting run.
[2026-06-06 13:46:43,017 INFO  L182       IsEmptyHeuristic]: Start isEmptyHeuristic. Operand  has 5 states, 3 states have (on average 1.6666666666666667) internal successors, (5), 4 states have internal predecessors, (5), 0 states have call successors, (0), 0 states have call predecessors, (0), 0 states have return successors, (0), 0 states have call predecessors, (0), 0 states have call successors, (0)
[2026-06-06 13:46:43,017 INFO  L188       IsEmptyHeuristic]: Finished isEmptyHeuristic. No accepting run.
[2026-06-06 13:46:43,017 INFO  L182       IsEmptyHeuristic]: Start isEmptyHeuristic. Operand  has 5 states, 3 states have (on average 1.6666666666666667) internal successors, (5), 4 states have internal predecessors, (5), 0 states have call successors, (0), 0 states have call predecessors, (0), 0 states have return successors, (0), 0 states have call predecessors, (0), 0 states have call successors, (0)
[2026-06-06 13:46:43,017 INFO  L188       IsEmptyHeuristic]: Finished isEmptyHeuristic. Found accepting run of length 13
[2026-06-06 13:46:43,017 INFO  L163        IsEmptyParallel]: Finished isEmptyParallel. Found accepting run of length 13
[2026-06-06 13:46:43,017 WARN  L753                IsEmpty]: Correctness of emptinessCheck not tested.
[2026-06-06 13:46:43,017 INFO  L79                 Accepts]: Start accepts. Automaton has  has 5 states, 3 states have (on average 1.6666666666666667) internal successors, (5), 4 states have internal predecessors, (5), 0 states have call successors, (0), 0 states have call predecessors, (0), 0 states have return successors, (0), 0 states have call predecessors, (0), 0 states have call successors, (0) Word has length 12
[2026-06-06 13:46:43,017 INFO  L85                 Accepts]: Finished accepts. word is accepted.
[2026-06-06 13:46:43,017 INFO  L757                IsEmpty]: Finished testing correctness of emptinessCheck
[2026-06-06 13:46:43,017 INFO  L290                IsEmpty]: Start isEmptyParallel. Operand  has 5 states, 3 states have (on average 1.6666666666666667) internal successors, (5), 4 states have internal predecessors, (5), 0 states have call successors, (0), 0 states have call predecessors, (0), 0 states have return successors, (0), 0 states have call predecessors, (0), 0 states have call successors, (0)
[2026-06-06 13:46:43,017 INFO  L300                IsEmpty]: Finished isEmptyParallel. No accepting run.
[2026-06-06 13:46:43,017 INFO  L156        IsEmptyParallel]: Start isEmptyParallel. Operand  has 5 states, 3 states have (on average 1.6666666666666667) internal successors, (5), 4 states have internal predecessors, (5), 0 states have call successors, (0), 0 states have call predecessors, (0), 0 states have return successors, (0), 0 states have call predecessors, (0), 0 states have call successors, (0)
[2026-06-06 13:46:43,017 INFO  L182       IsEmptyHeuristic]: Start isEmptyHeuristic. Operand  has 5 states, 3 states have (on average 1.6666666666666667) internal successors, (5), 4 states have internal predecessors, (5), 0 states have call successors, (0), 0 states have call predecessors, (0), 0 states have return successors, (0), 0 states have call predecessors, (0), 0 states have call successors, (0)
[2026-06-06 13:46:43,017 INFO  L188       IsEmptyHeuristic]: Finished isEmptyHeuristic. No accepting run.
[2026-06-06 13:46:43,018 INFO  L182       IsEmptyHeuristic]: Start isEmptyHeuristic. Operand  has 5 states, 3 states have (on average 1.6666666666666667) internal successors, (5), 4 states have internal predecessors, (5), 0 states have call successors, (0), 0 states have call predecessors, (0), 0 states have return successors, (0), 0 states have call predecessors, (0), 0 states have call successors, (0)
[2026-06-06 13:46:43,018 INFO  L188       IsEmptyHeuristic]: Finished isEmptyHeuristic. No accepting run.
[2026-06-06 13:46:43,018 INFO  L182       IsEmptyHeuristic]: Start isEmptyHeuristic. Operand  has 5 states, 3 states have (on average 1.6666666666666667) internal successors, (5), 4 states have internal predecessors, (5), 0 states have call successors, (0), 0 states have call predecessors, (0), 0 states have return successors, (0), 0 states have call predecessors, (0), 0 states have call successors, (0)
[2026-06-06 13:46:43,018 INFO  L188       IsEmptyHeuristic]: Finished isEmptyHeuristic. No accepting run.
[2026-06-06 13:46:43,018 INFO  L182       IsEmptyHeuristic]: Start isEmptyHeuristic. Operand  has 5 states, 3 states have (on average 1.6666666666666667) internal successors, (5), 4 states have internal predecessors, (5), 0 states have call successors, (0), 0 states have call predecessors, (0), 0 states have return successors, (0), 0 states have call predecessors, (0), 0 states have call successors, (0)
[2026-06-06 13:46:43,018 INFO  L188       IsEmptyHeuristic]: Finished isEmptyHeuristic. No accepting run.
[2026-06-06 13:46:43,018 INFO  L182       IsEmptyHeuristic]: Start isEmptyHeuristic. Operand  has 5 states, 3 states have (on average 1.6666666666666667) internal successors, (5), 4 states have internal predecessors, (5), 0 states have call successors, (0), 0 states have call predecessors, (0), 0 states have return successors, (0), 0 states have call predecessors, (0), 0 states have call successors, (0)
[2026-06-06 13:46:43,018 INFO  L188       IsEmptyHeuristic]: Finished isEmptyHeuristic. No accepting run.
[2026-06-06 13:46:43,018 INFO  L182       IsEmptyHeuristic]: Start isEmptyHeuristic. Operand  has 5 states, 3 states have (on average 1.6666666666666667) internal successors, (5), 4 states have internal predecessors, (5), 0 states have call successors, (0), 0 states have call predecessors, (0), 0 states have return successors, (0), 0 states have call predecessors, (0), 0 states have call successors, (0)
[2026-06-06 13:46:43,018 INFO  L188       IsEmptyHeuristic]: Finished isEmptyHeuristic. No accepting run.
[2026-06-06 13:46:43,018 INFO  L182       IsEmptyHeuristic]: Start isEmptyHeuristic. Operand  has 5 states, 3 states have (on average 1.6666666666666667) internal successors, (5), 4 states have internal predecessors, (5), 0 states have call successors, (0), 0 states have call predecessors, (0), 0 states have return successors, (0), 0 states have call predecessors, (0), 0 states have call successors, (0)
[2026-06-06 13:46:43,018 INFO  L188       IsEmptyHeuristic]: Finished isEmptyHeuristic. No accepting run.
[2026-06-06 13:46:43,018 INFO  L182       IsEmptyHeuristic]: Start isEmptyHeuristic. Operand  has 5 states, 3 states have (on average 1.6666666666666667) internal successors, (5), 4 states have internal predecessors, (5), 0 states have call successors, (0), 0 states have call predecessors, (0), 0 states have return successors, (0), 0 states have call predecessors, (0), 0 states have call successors, (0)
[2026-06-06 13:46:43,018 INFO  L188       IsEmptyHeuristic]: Finished isEmptyHeuristic. No accepting run.
[2026-06-06 13:46:43,018 INFO  L182       IsEmptyHeuristic]: Start isEmptyHeuristic. Operand  has 5 states, 3 states have (on average 1.6666666666666667) internal successors, (5), 4 states have internal predecessors, (5), 0 states have call successors, (0), 0 states have call predecessors, (0), 0 states have return successors, (0), 0 states have call predecessors, (0), 0 states have call successors, (0)
[2026-06-06 13:46:43,018 INFO  L188       IsEmptyHeuristic]: Finished isEmptyHeuristic. No accepting run.
[2026-06-06 13:46:43,019 INFO  L182       IsEmptyHeuristic]: Start isEmptyHeuristic. Operand  has 5 states, 3 states have (on average 1.6666666666666667) internal successors, (5), 4 states have internal predecessors, (5), 0 states have call successors, (0), 0 states have call predecessors, (0), 0 states have return successors, (0), 0 states have call predecessors, (0), 0 states have call successors, (0)
[2026-06-06 13:46:43,019 INFO  L188       IsEmptyHeuristic]: Finished isEmptyHeuristic. No accepting run.
[2026-06-06 13:46:43,019 INFO  L182       IsEmptyHeuristic]: Start isEmptyHeuristic. Operand  has 5 states, 3 states have (on average 1.6666666666666667) internal successors, (5), 4 states have internal predecessors, (5), 0 states have call successors, (0), 0 states have call predecessors, (0), 0 states have return successors, (0), 0 states have call predecessors, (0), 0 states have call successors, (0)
[2026-06-06 13:46:43,019 INFO  L188       IsEmptyHeuristic]: Finished isEmptyHeuristic. Found accepting run of length 16
[2026-06-06 13:46:43,019 INFO  L163        IsEmptyParallel]: Finished isEmptyParallel. Found accepting run of length 16
[2026-06-06 13:46:43,019 WARN  L753                IsEmpty]: Correctness of emptinessCheck not tested.
[2026-06-06 13:46:43,019 INFO  L79                 Accepts]: Start accepts. Automaton has  has 5 states, 3 states have (on average 1.6666666666666667) internal successors, (5), 4 states have internal predecessors, (5), 0 states have call successors, (0), 0 states have call predecessors, (0), 0 states have return successors, (0), 0 states have call predecessors, (0), 0 states have call successors, (0) Word has length 15
[2026-06-06 13:46:43,019 INFO  L85                 Accepts]: Finished accepts. word is accepted.
[2026-06-06 13:46:43,019 INFO  L757                IsEmpty]: Finished testing correctness of emptinessCheck
[2026-06-06 13:46:43,019 INFO  L290                IsEmpty]: Start isEmptyParallel. Operand  has 5 states, 3 states have (on average 1.6666666666666667) internal successors, (5), 4 states have internal predecessors, (5), 0 states have call successors, (0), 0 states have call predecessors, (0), 0 states have return successors, (0), 0 states have call predecessors, (0), 0 states have call successors, (0)
[2026-06-06 13:46:43,019 INFO  L300                IsEmpty]: Finished isEmptyParallel. No accepting run.
[2026-06-06 13:46:43,019 INFO  L156        IsEmptyParallel]: Start isEmptyParallel. Operand  has 5 states, 3 states have (on average 1.6666666666666667) internal successors, (5), 4 states have internal predecessors, (5), 0 states have call successors, (0), 0 states have call predecessors, (0), 0 states have return successors, (0), 0 states have call predecessors, (0), 0 states have call successors, (0)
[2026-06-06 13:46:43,021 INFO  L182       IsEmptyHeuristic]: Start isEmptyHeuristic. Operand  has 5 states, 3 states have (on average 1.6666666666666667) internal successors, (5), 4 states have internal predecessors, (5), 0 states have call successors, (0), 0 states have call predecessors, (0), 0 states have return successors, (0), 0 states have call predecessors, (0), 0 states have call successors, (0)
[2026-06-06 13:46:43,021 INFO  L188       IsEmptyHeuristic]: Finished isEmptyHeuristic. No accepting run.
[2026-06-06 13:46:43,021 INFO  L182       IsEmptyHeuristic]: Start isEmptyHeuristic. Operand  has 5 states, 3 states have (on average 1.6666666666666667) internal successors, (5), 4 states have internal predecessors, (5), 0 states have call successors, (0), 0 states have call predecessors, (0), 0 states have return successors, (0), 0 states have call predecessors, (0), 0 states have call successors, (0)
[2026-06-06 13:46:43,021 INFO  L188       IsEmptyHeuristic]: Finished isEmptyHeuristic. No accepting run.
[2026-06-06 13:46:43,021 INFO  L182       IsEmptyHeuristic]: Start isEmptyHeuristic. Operand  has 5 states, 3 states have (on average 1.6666666666666667) internal successors, (5), 4 states have internal predecessors, (5), 0 states have call successors, (0), 0 states have call predecessors, (0), 0 states have return successors, (0), 0 states have call predecessors, (0), 0 states have call successors, (0)
[2026-06-06 13:46:43,021 INFO  L188       IsEmptyHeuristic]: Finished isEmptyHeuristic. No accepting run.
[2026-06-06 13:46:43,021 INFO  L182       IsEmptyHeuristic]: Start isEmptyHeuristic. Operand  has 5 states, 3 states have (on average 1.6666666666666667) internal successors, (5), 4 states have internal predecessors, (5), 0 states have call successors, (0), 0 states have call predecessors, (0), 0 states have return successors, (0), 0 states have call predecessors, (0), 0 states have call successors, (0)
[2026-06-06 13:46:43,021 INFO  L188       IsEmptyHeuristic]: Finished isEmptyHeuristic. No accepting run.
[2026-06-06 13:46:43,021 INFO  L182       IsEmptyHeuristic]: Start isEmptyHeuristic. Operand  has 5 states, 3 states have (on average 1.6666666666666667) internal successors, (5), 4 states have internal predecessors, (5), 0 states have call successors, (0), 0 states have call predecessors, (0), 0 states have return successors, (0), 0 states have call predecessors, (0), 0 states have call successors, (0)
[2026-06-06 13:46:43,021 INFO  L188       IsEmptyHeuristic]: Finished isEmptyHeuristic. No accepting run.
[2026-06-06 13:46:43,021 INFO  L182       IsEmptyHeuristic]: Start isEmptyHeuristic. Operand  has 5 states, 3 states have (on average 1.6666666666666667) internal successors, (5), 4 states have internal predecessors, (5), 0 states have call successors, (0), 0 states have call predecessors, (0), 0 states have return successors, (0), 0 states have call predecessors, (0), 0 states have call successors, (0)
[2026-06-06 13:46:43,021 INFO  L188       IsEmptyHeuristic]: Finished isEmptyHeuristic. No accepting run.
[2026-06-06 13:46:43,021 INFO  L182       IsEmptyHeuristic]: Start isEmptyHeuristic. Operand  has 5 states, 3 states have (on average 1.6666666666666667) internal successors, (5), 4 states have internal predecessors, (5), 0 states have call successors, (0), 0 states have call predecessors, (0), 0 states have return successors, (0), 0 states have call predecessors, (0), 0 states have call successors, (0)
[2026-06-06 13:46:43,021 INFO  L188       IsEmptyHeuristic]: Finished isEmptyHeuristic. No accepting run.
[2026-06-06 13:46:43,021 INFO  L182       IsEmptyHeuristic]: Start isEmptyHeuristic. Operand  has 5 states, 3 states have (on average 1.6666666666666667) internal successors, (5), 4 states have internal predecessors, (5), 0 states have call successors, (0), 0 states have call predecessors, (0), 0 states have return successors, (0), 0 states have call predecessors, (0), 0 states have call successors, (0)
[2026-06-06 13:46:43,022 INFO  L188       IsEmptyHeuristic]: Finished isEmptyHeuristic. No accepting run.
[2026-06-06 13:46:43,022 INFO  L182       IsEmptyHeuristic]: Start isEmptyHeuristic. Operand  has 5 states, 3 states have (on average 1.6666666666666667) internal successors, (5), 4 states have internal predecessors, (5), 0 states have call successors, (0), 0 states have call predecessors, (0), 0 states have return successors, (0), 0 states have call predecessors, (0), 0 states have call successors, (0)
[2026-06-06 13:46:43,022 INFO  L188       IsEmptyHeuristic]: Finished isEmptyHeuristic. No accepting run.
[2026-06-06 13:46:43,022 INFO  L182       IsEmptyHeuristic]: Start isEmptyHeuristic. Operand  has 5 states, 3 states have (on average 1.6666666666666667) internal successors, (5), 4 states have internal predecessors, (5), 0 states have call successors, (0), 0 states have call predecessors, (0), 0 states have return successors, (0), 0 states have call predecessors, (0), 0 states have call successors, (0)
[2026-06-06 13:46:43,022 INFO  L188       IsEmptyHeuristic]: Finished isEmptyHeuristic. No accepting run.
[2026-06-06 13:46:43,022 INFO  L182       IsEmptyHeuristic]: Start isEmptyHeuristic. Operand  has 5 states, 3 states have (on average 1.6666666666666667) internal successors, (5), 4 states have internal predecessors, (5), 0 states have call successors, (0), 0 states have call predecessors, (0), 0 states have return successors, (0), 0 states have call predecessors, (0), 0 states have call successors, (0)
[2026-06-06 13:46:43,022 INFO  L188       IsEmptyHeuristic]: Finished isEmptyHeuristic. No accepting run.
[2026-06-06 13:46:43,022 INFO  L182       IsEmptyHeuristic]: Start isEmptyHeuristic. Operand  has 5 states, 3 states have (on average 1.6666666666666667) internal successors, (5), 4 states have internal predecessors, (5), 0 states have call successors, (0), 0 states have call predecessors, (0), 0 states have return successors, (0), 0 states have call predecessors, (0), 0 states have call successors, (0)
[2026-06-06 13:46:43,022 INFO  L188       IsEmptyHeuristic]: Finished isEmptyHeuristic. Found accepting run of length 15
[2026-06-06 13:46:43,022 INFO  L163        IsEmptyParallel]: Finished isEmptyParallel. Found accepting run of length 15
[2026-06-06 13:46:43,022 WARN  L753                IsEmpty]: Correctness of emptinessCheck not tested.
[2026-06-06 13:46:43,022 INFO  L79                 Accepts]: Start accepts. Automaton has  has 5 states, 3 states have (on average 1.6666666666666667) internal successors, (5), 4 states have internal predecessors, (5), 0 states have call successors, (0), 0 states have call predecessors, (0), 0 states have return successors, (0), 0 states have call predecessors, (0), 0 states have call successors, (0) Word has length 14
[2026-06-06 13:46:43,022 INFO  L85                 Accepts]: Finished accepts. word is accepted.
[2026-06-06 13:46:43,022 INFO  L757                IsEmpty]: Finished testing correctness of emptinessCheck
[2026-06-06 13:46:43,026 INFO  L86        PathProgramCache]: Analyzing trace with hash 930412, now seen corresponding path program 1 times
[2026-06-06 13:46:43,026 INFO  L637   ParallelNwaCegarLoop]: Main: Starting Thread
[2026-06-06 13:46:43,026 INFO  L209   CegarNwaWorkerThread]: Starting Thread: 86# for Trace Check: 930412
[2026-06-06 13:46:43,026 INFO  L86        PathProgramCache]: Analyzing trace with hash 28844579, now seen corresponding path program 2 times
[2026-06-06 13:46:43,026 INFO  L209   CegarNwaWorkerThread]: Starting Thread: 92# for Trace Check: 28844579
[2026-06-06 13:46:43,026 INFO  L637   ParallelNwaCegarLoop]: Main: Starting Thread
[2026-06-06 13:46:43,026 INFO  L86        PathProgramCache]: Analyzing trace with hash 894183756, now seen corresponding path program 3 times
[2026-06-06 13:46:43,026 INFO  L637   ParallelNwaCegarLoop]: Main: Starting Thread
[2026-06-06 13:46:43,026 INFO  L209   CegarNwaWorkerThread]: Starting Thread: 98# for Trace Check: 894183756
[2026-06-06 13:46:43,026 INFO  L287   ParallelNwaCegarLoop]: === Iteration 2 ===
[2026-06-06 13:46:43,026 INFO  L654   ParallelNwaCegarLoop]: All threads busy, going to sleep.
[2026-06-06 13:46:43,026 INFO  L156       PredicateUnifier]: Initialized classic predicate unifier
[2026-06-06 13:46:43,026 INFO  L156       PredicateUnifier]: Initialized classic predicate unifier
[2026-06-06 13:46:43,026 INFO  L156       PredicateUnifier]: Initialized classic predicate unifier
[2026-06-06 13:46:43,027 INFO  L86        PathProgramCache]: Analyzing trace with hash 28844579, now seen corresponding path program 2 times
[2026-06-06 13:46:43,027 INFO  L86        PathProgramCache]: Analyzing trace with hash 894183756, now seen corresponding path program 3 times
[2026-06-06 13:46:43,027 INFO  L86        PathProgramCache]: Analyzing trace with hash 930412, now seen corresponding path program 1 times
[2026-06-06 13:46:43,027 INFO  L118   FreeRefinementEngine]: Executing refinement strategy CAMEL
[2026-06-06 13:46:43,027 INFO  L118   FreeRefinementEngine]: Executing refinement strategy CAMEL
[2026-06-06 13:46:43,027 INFO  L118   FreeRefinementEngine]: Executing refinement strategy CAMEL
[2026-06-06 13:46:43,027 INFO  L324   FreeRefinementEngine]: Using trace check IpTcStrategyModuleSmtInterpolCraig [1757924825]
[2026-06-06 13:46:43,027 INFO  L324   FreeRefinementEngine]: Using trace check IpTcStrategyModuleSmtInterpolCraig [184613222]
[2026-06-06 13:46:43,027 INFO  L324   FreeRefinementEngine]: Using trace check IpTcStrategyModuleSmtInterpolCraig [851857774]
[2026-06-06 13:46:43,027 INFO  L97    rtionOrderModulation]: Keeping assertion order NOT_INCREMENTALLY
[2026-06-06 13:46:43,027 INFO  L95    rtionOrderModulation]: Changing assertion order to OUTSIDE_LOOP_FIRST1
[2026-06-06 13:46:43,027 INFO  L95    rtionOrderModulation]: Changing assertion order to OUTSIDE_LOOP_FIRST2
[2026-06-06 13:46:43,027 INFO  L127          SolverBuilder]: Constructing new instance of SMTInterpol with explicit timeout -1 ms and remaining time -1 ms
[2026-06-06 13:46:43,027 INFO  L127          SolverBuilder]: Constructing new instance of SMTInterpol with explicit timeout -1 ms and remaining time -1 ms
[2026-06-06 13:46:43,027 INFO  L127          SolverBuilder]: Constructing new instance of SMTInterpol with explicit timeout -1 ms and remaining time -1 ms
[2026-06-06 13:46:43,038 INFO  L108    AnnotateAndAsserter]: Assert order OUTSIDE_LOOP_FIRST2 partitioned 6 statements into 3 equivalence classes.
[2026-06-06 13:46:43,038 INFO  L108    AnnotateAndAsserter]: Assert order OUTSIDE_LOOP_FIRST1 partitioned 5 statements into 2 equivalence classes.
[2026-06-06 13:46:43,038 INFO  L108    AnnotateAndAsserter]: Assert order NOT_INCREMENTALLY partitioned 4 statements into 1 equivalence classes.
[2026-06-06 13:46:43,038 INFO  L108    AnnotateAndAsserter]: Assert order NOT_INCREMENTALLY partitioned 3 statements into 1 equivalence classes.
[2026-06-06 13:46:43,045 INFO  L111    AnnotateAndAsserter]: Assert order NOT_INCREMENTALLY issued 1 check-sat command(s) and asserted 3 of 3 statements.
[2026-06-06 13:46:43,045 INFO  L111    AnnotateAndAsserter]: Assert order NOT_INCREMENTALLY issued 1 check-sat command(s) and asserted 4 of 4 statements.
[2026-06-06 13:46:43,045 INFO  L114    AnnotateAndAsserter]: Assert order NOT_INCREMENTALLY issued 1 check-sat command(s)
[2026-06-06 13:46:43,045 INFO  L114    AnnotateAndAsserter]: Assert order NOT_INCREMENTALLY issued 1 check-sat command(s)
[2026-06-06 13:46:43,045 INFO  L115    AnnotateAndAsserter]: Conjunction of SSA is unsat
[2026-06-06 13:46:43,045 INFO  L115    AnnotateAndAsserter]: Conjunction of SSA is unsat
[2026-06-06 13:46:43,047 INFO  L111    AnnotateAndAsserter]: Assert order OUTSIDE_LOOP_FIRST1 issued 2 check-sat command(s) and asserted 5 of 5 statements.
[2026-06-06 13:46:43,047 INFO  L114    AnnotateAndAsserter]: Assert order OUTSIDE_LOOP_FIRST1 issued 2 check-sat command(s)
[2026-06-06 13:46:43,047 INFO  L115    AnnotateAndAsserter]: Conjunction of SSA is unsat
[2026-06-06 13:46:43,049 INFO  L111    AnnotateAndAsserter]: Assert order OUTSIDE_LOOP_FIRST2 issued 3 check-sat command(s) and asserted 6 of 6 statements.
[2026-06-06 13:46:43,049 INFO  L114    AnnotateAndAsserter]: Assert order OUTSIDE_LOOP_FIRST2 issued 3 check-sat command(s)
[2026-06-06 13:46:43,049 INFO  L115    AnnotateAndAsserter]: Conjunction of SSA is unsat
[2026-06-06 13:46:43,086 INFO  L134       CoverageAnalysis]: Checked inductivity of 0 backedges. 0 proven. 0 refuted. 0 times theorem prover too weak. 0 trivial. 0 not checked.
[2026-06-06 13:46:43,086 INFO  L136   FreeRefinementEngine]: Strategy CAMEL found an infeasible trace
[2026-06-06 13:46:43,086 INFO  L324   FreeRefinementEngine]: Using interpolant generator IpTcStrategyModuleSmtInterpolCraig [1361653999]
[2026-06-06 13:46:43,087 INFO  L158   FreeRefinementEngine]: IpTcStrategyModuleSmtInterpolCraig [1361653999] provided 1 perfect and 0 imperfect interpolant sequences
[2026-06-06 13:46:43,087 INFO  L185   FreeRefinementEngine]: Found 1 perfect and 0 imperfect interpolant sequences.
[2026-06-06 13:46:43,087 INFO  L198   FreeRefinementEngine]: Number of different interpolants: perfect sequences [2] imperfect sequences [] total 2
[2026-06-06 13:46:43,088 INFO  L122   tionRefinementEngine]: Using interpolant automaton builder IpAbStrategyModuleStraightlineAll [281915927]
[2026-06-06 13:46:43,088 INFO  L85    oduleStraightlineAll]: Using 1 perfect interpolants to construct interpolant automaton
[2026-06-06 13:46:43,090 INFO  L100   FreeRefinementEngine]: Using predicate unifier PredicateUnifier provided by strategy CAMEL
[2026-06-06 13:46:43,093 INFO  L134       CoverageAnalysis]: Checked inductivity of 1 backedges. 0 proven. 1 refuted. 0 times theorem prover too weak. 0 trivial. 0 not checked.
[2026-06-06 13:46:43,093 INFO  L136   FreeRefinementEngine]: Strategy CAMEL found an infeasible trace
[2026-06-06 13:46:43,093 INFO  L324   FreeRefinementEngine]: Using interpolant generator IpTcStrategyModuleSmtInterpolCraig [851857774]
[2026-06-06 13:46:43,093 INFO  L158   FreeRefinementEngine]: IpTcStrategyModuleSmtInterpolCraig [851857774] provided 0 perfect and 1 imperfect interpolant sequences
[2026-06-06 13:46:43,093 INFO  L324   FreeRefinementEngine]: Using interpolant generator IpTcStrategyModuleZ3 [1021616207]
[2026-06-06 13:46:43,093 INFO  L97    rtionOrderModulation]: Keeping assertion order NOT_INCREMENTALLY
[2026-06-06 13:46:43,093 INFO  L173          SolverBuilder]: Constructing external solver with command: z3 -smt2 -in SMTLIB2_COMPLIANT=true
[2026-06-06 13:46:43,095 INFO  L189       MonitoredProcess]: No working directory specified, using /usr/bin/z3
[2026-06-06 13:46:43,096 INFO  L134       CoverageAnalysis]: Checked inductivity of 3 backedges. 0 proven. 3 refuted. 0 times theorem prover too weak. 0 trivial. 0 not checked.
[2026-06-06 13:46:43,096 INFO  L136   FreeRefinementEngine]: Strategy CAMEL found an infeasible trace
[2026-06-06 13:46:43,096 INFO  L324   FreeRefinementEngine]: Using interpolant generator IpTcStrategyModuleSmtInterpolCraig [184613222]
[2026-06-06 13:46:43,096 INFO  L158   FreeRefinementEngine]: IpTcStrategyModuleSmtInterpolCraig [184613222] provided 0 perfect and 1 imperfect interpolant sequences
[2026-06-06 13:46:43,096 INFO  L324   FreeRefinementEngine]: Using interpolant generator IpTcStrategyModuleZ3 [55885021]
[2026-06-06 13:46:43,096 INFO  L95    rtionOrderModulation]: Changing assertion order to OUTSIDE_LOOP_FIRST1
[2026-06-06 13:46:43,096 INFO  L173          SolverBuilder]: Constructing external solver with command: z3 -smt2 -in SMTLIB2_COMPLIANT=true
[2026-06-06 13:46:43,097 INFO  L229       MonitoredProcess]: Starting monitored process 6 with /usr/bin/z3 -smt2 -in SMTLIB2_COMPLIANT=true (exit command is (exit), workingDir is null)
[2026-06-06 13:46:43,097 INFO  L327       MonitoredProcess]: [MP /usr/bin/z3 -smt2 -in SMTLIB2_COMPLIANT=true (6)] Waiting until timeout for monitored process
[2026-06-06 13:46:43,098 INFO  L134       CoverageAnalysis]: Checked inductivity of 6 backedges. 0 proven. 6 refuted. 0 times theorem prover too weak. 0 trivial. 0 not checked.
[2026-06-06 13:46:43,098 INFO  L136   FreeRefinementEngine]: Strategy CAMEL found an infeasible trace
[2026-06-06 13:46:43,098 INFO  L324   FreeRefinementEngine]: Using interpolant generator IpTcStrategyModuleSmtInterpolCraig [1757924825]
[2026-06-06 13:46:43,098 INFO  L158   FreeRefinementEngine]: IpTcStrategyModuleSmtInterpolCraig [1757924825] provided 0 perfect and 1 imperfect interpolant sequences
[2026-06-06 13:46:43,098 INFO  L324   FreeRefinementEngine]: Using interpolant generator IpTcStrategyModuleZ3 [1659719102]
[2026-06-06 13:46:43,098 INFO  L95    rtionOrderModulation]: Changing assertion order to OUTSIDE_LOOP_FIRST2
[2026-06-06 13:46:43,098 INFO  L173          SolverBuilder]: Constructing external solver with command: z3 -smt2 -in SMTLIB2_COMPLIANT=true
[2026-06-06 13:46:43,098 INFO  L189       MonitoredProcess]: No working directory specified, using /usr/bin/z3
[2026-06-06 13:46:43,099 INFO  L229       MonitoredProcess]: Starting monitored process 7 with /usr/bin/z3 -smt2 -in SMTLIB2_COMPLIANT=true (exit command is (exit), workingDir is null)
[2026-06-06 13:46:43,099 INFO  L327       MonitoredProcess]: [MP /usr/bin/z3 -smt2 -in SMTLIB2_COMPLIANT=true (7)] Waiting until timeout for monitored process
[2026-06-06 13:46:43,099 INFO  L189       MonitoredProcess]: No working directory specified, using /usr/bin/z3
[2026-06-06 13:46:43,100 INFO  L229       MonitoredProcess]: Starting monitored process 8 with /usr/bin/z3 -smt2 -in SMTLIB2_COMPLIANT=true (exit command is (exit), workingDir is null)
[2026-06-06 13:46:43,101 INFO  L327       MonitoredProcess]: [MP /usr/bin/z3 -smt2 -in SMTLIB2_COMPLIANT=true (8)] Waiting until timeout for monitored process
[2026-06-06 13:46:43,101 INFO  L144   InterpolantAutomaton]: Constructing interpolant automaton starting with 3 interpolants.
[2026-06-06 13:46:43,101 INFO  L146   InterpolantAutomaton]: CoverageRelationStatistics Valid=3, Invalid=3, Unknown=0, NotChecked=0, Total=6
[2026-06-06 13:46:43,101 INFO  L419   CegarNwaWorkerThread]: Difference in Worker for Generalization
[2026-06-06 13:46:43,102 INFO  L87              Difference]: Start difference. First operand  has 5 states, 3 states have (on average 1.6666666666666667) internal successors, (5), 4 states have internal predecessors, (5), 0 states have call successors, (0), 0 states have call predecessors, (0), 0 states have return successors, (0), 0 states have call predecessors, (0), 0 states have call successors, (0) Second operand  has 3 states, 3 states have (on average 1.0) internal successors, (3), 2 states have internal predecessors, (3), 0 states have call successors, (0), 0 states have call predecessors, (0), 0 states have return successors, (0), 0 states have call predecessors, (0), 0 states have call successors, (0)
[2026-06-06 13:46:43,113 INFO  L144             Difference]: Subtrahend was deterministic. Have not used determinization.
[2026-06-06 13:46:43,113 INFO  L93              Difference]: Finished difference Result 5 states and 5 transitions.
[2026-06-06 13:46:43,113 INFO  L108    AnnotateAndAsserter]: Assert order NOT_INCREMENTALLY partitioned 4 statements into 1 equivalence classes.
[2026-06-06 13:46:43,113 INFO  L108    AnnotateAndAsserter]: Assert order OUTSIDE_LOOP_FIRST1 partitioned 5 statements into 2 equivalence classes.
[2026-06-06 13:46:43,113 INFO  L108    AnnotateAndAsserter]: Assert order OUTSIDE_LOOP_FIRST2 partitioned 6 statements into 3 equivalence classes.
[2026-06-06 13:46:43,113 INFO  L140   InterpolantAutomaton]: Switched to read-only mode: deterministic interpolant automaton has 3 states. 
[2026-06-06 13:46:43,115 INFO  L111    AnnotateAndAsserter]: Assert order NOT_INCREMENTALLY issued 1 check-sat command(s) and asserted 4 of 4 statements.
[2026-06-06 13:46:43,115 INFO  L114    AnnotateAndAsserter]: Assert order NOT_INCREMENTALLY issued 1 check-sat command(s)
[2026-06-06 13:46:43,115 INFO  L115    AnnotateAndAsserter]: Conjunction of SSA is unsat
[2026-06-06 13:46:43,115 INFO  L111    AnnotateAndAsserter]: Assert order OUTSIDE_LOOP_FIRST1 issued 2 check-sat command(s) and asserted 5 of 5 statements.
[2026-06-06 13:46:43,115 INFO  L114    AnnotateAndAsserter]: Assert order OUTSIDE_LOOP_FIRST1 issued 2 check-sat command(s)
[2026-06-06 13:46:43,115 INFO  L115    AnnotateAndAsserter]: Conjunction of SSA is unsat
[2026-06-06 13:46:43,115 INFO  L256         TraceCheckSpWp]: Trace formula consists of 17 conjuncts, 5 conjuncts are in the unsatisfiable core
[2026-06-06 13:46:43,115 INFO  L256         TraceCheckSpWp]: Trace formula consists of 20 conjuncts, 7 conjuncts are in the unsatisfiable core
[2026-06-06 13:46:43,116 INFO  L225             Difference]: With dead ends: 5
[2026-06-06 13:46:43,116 INFO  L226             Difference]: Without dead ends: 5
[2026-06-06 13:46:43,116 INFO  L111    AnnotateAndAsserter]: Assert order OUTSIDE_LOOP_FIRST2 issued 3 check-sat command(s) and asserted 6 of 6 statements.
[2026-06-06 13:46:43,116 INFO  L114    AnnotateAndAsserter]: Assert order OUTSIDE_LOOP_FIRST2 issued 3 check-sat command(s)
[2026-06-06 13:46:43,116 INFO  L115    AnnotateAndAsserter]: Conjunction of SSA is unsat
[2026-06-06 13:46:43,116 INFO  L256         TraceCheckSpWp]: Trace formula consists of 23 conjuncts, 9 conjuncts are in the unsatisfiable core
[2026-06-06 13:46:43,117 INFO  L487   CegarNwaWorkerThread]: 0 DeclaredPredicates, 2 GetRequests, 1 SyntacticMatches, 0 SemanticMatches, 1 ConstructedPredicates, 0 IntricatePredicates, 0 DeprecatedPredicates, 0 ImplicationChecksByTransitivity, 0.0s TimeCoverageRelationStatistics Valid=3, Invalid=3, Unknown=0, NotChecked=0, Total=6
[2026-06-06 13:46:43,117 INFO  L279         TraceCheckSpWp]: Computing forward predicates...
[2026-06-06 13:46:43,117 INFO  L279         TraceCheckSpWp]: Computing forward predicates...
[2026-06-06 13:46:43,117 INFO  L279         TraceCheckSpWp]: Computing forward predicates...
[2026-06-06 13:46:43,117 INFO  L488   CegarNwaWorkerThread]: 3 mSDtfsCounter, 0 mSDsluCounter, 1 mSDsCounter, 0 mSdLazyCounter, 3 mSolverCounterSat, 0 mSolverCounterUnsat, 0 mSolverCounterUnknown, 0 mSolverCounterNotChecked, 0.0s Time, 0 mProtectedPredicate, 0 mProtectedAction, 0 SdHoareTripleChecker+Valid, 4 SdHoareTripleChecker+Invalid, 3 SdHoareTripleChecker+Unknown, 0 SdHoareTripleChecker+Unchecked, 0.0s SdHoareTripleChecker+Time, 0 IncrementalHoareTripleChecker+Valid, 3 IncrementalHoareTripleChecker+Invalid, 0 IncrementalHoareTripleChecker+Unknown, 0 IncrementalHoareTripleChecker+Unchecked, 0.0s IncrementalHoareTripleChecker+Time
[2026-06-06 13:46:43,118 INFO  L489   CegarNwaWorkerThread]: SdHoareTripleChecker [0 Valid, 4 Invalid, 3 Unknown, 0 Unchecked, 0.0s Time], IncrementalHoareTripleChecker [0 Valid, 3 Invalid, 0 Unknown, 0 Unchecked, 0.0s Time]
[2026-06-06 13:46:43,118 INFO  L224   CegarNwaWorkerThread]: Done with Thread: 80#
[2026-06-06 13:46:43,118 INFO  L196   CegarNwaWorkerThread]: WorkerThread: Thread[#80,Worker for 29955,5,main] is Waiting for a Task
[2026-06-06 13:46:43,118 INFO  L657   ParallelNwaCegarLoop]: Waking up, a worker is done.
[2026-06-06 13:46:43,119 INFO  L297   ParallelNwaCegarLoop]: Main: A Thread is Done
[2026-06-06 13:46:43,119 INFO  L315   ParallelNwaCegarLoop]: Worker Automaton Type: FLOYD_HOARE
[2026-06-06 13:46:43,119 INFO  L79                 Accepts]: Start accepts. Automaton has  has 5 states, 3 states have (on average 1.6666666666666667) internal successors, (5), 4 states have internal predecessors, (5), 0 states have call successors, (0), 0 states have call predecessors, (0), 0 states have return successors, (0), 0 states have call predecessors, (0), 0 states have call successors, (0) Word has length 3
[2026-06-06 13:46:43,119 INFO  L85                 Accepts]: Finished accepts. word is accepted.
[2026-06-06 13:46:43,119 INFO  L317   ParallelNwaCegarLoop]: Refining Abstraction
[2026-06-06 13:46:43,119 INFO  L721   ParallelNwaCegarLoop]: Subtrahend traceHash: 29955
[2026-06-06 13:46:43,119 INFO  L687   ParallelNwaCegarLoop]: Difference in Main
[2026-06-06 13:46:43,119 INFO  L87              Difference]: Start difference. First operand  has 5 states, 3 states have (on average 1.6666666666666667) internal successors, (5), 4 states have internal predecessors, (5), 0 states have call successors, (0), 0 states have call predecessors, (0), 0 states have return successors, (0), 0 states have call predecessors, (0), 0 states have call successors, (0) Second operand  has 3 states, 2 states have (on average 3.5) internal successors, (7), 3 states have internal predecessors, (7), 0 states have call successors, (0), 0 states have call predecessors, (0), 0 states have return successors, (0), 0 states have call predecessors, (0), 0 states have call successors, (0)
[2026-06-06 13:46:43,119 INFO  L144             Difference]: Subtrahend was deterministic. Have not used determinization.
[2026-06-06 13:46:43,119 INFO  L93              Difference]: Finished difference Result 5 states and 5 transitions.
[2026-06-06 13:46:43,120 INFO  L225             Difference]: With dead ends: 5
[2026-06-06 13:46:43,120 INFO  L226             Difference]: Without dead ends: 5
[2026-06-06 13:46:43,127 INFO  L134       CoverageAnalysis]: Checked inductivity of 1 backedges. 0 proven. 1 refuted. 0 times theorem prover too weak. 0 trivial. 0 not checked.
[2026-06-06 13:46:43,127 INFO  L312         TraceCheckSpWp]: Computing backward predicates...
[2026-06-06 13:46:43,128 INFO  L82        GeneralOperation]: Start minimizeSevpa. Operand 5 states.
[2026-06-06 13:46:43,128 INFO  L134       CoverageAnalysis]: Checked inductivity of 3 backedges. 0 proven. 3 refuted. 0 times theorem prover too weak. 0 trivial. 0 not checked.
[2026-06-06 13:46:43,128 INFO  L312         TraceCheckSpWp]: Computing backward predicates...
[2026-06-06 13:46:43,129 INFO  L134       CoverageAnalysis]: Checked inductivity of 6 backedges. 0 proven. 6 refuted. 0 times theorem prover too weak. 0 trivial. 0 not checked.
[2026-06-06 13:46:43,129 INFO  L312         TraceCheckSpWp]: Computing backward predicates...
[2026-06-06 13:46:43,132 INFO  L88        GeneralOperation]: Finished minimizeSevpa. Reduced states from 5 to 5.
[2026-06-06 13:46:43,133 INFO  L82        GeneralOperation]: Start removeUnreachable. Operand  has 5 states, 4 states have (on average 1.25) internal successors, (5), 4 states have internal predecessors, (5), 0 states have call successors, (0), 0 states have call predecessors, (0), 0 states have return successors, (0), 0 states have call predecessors, (0), 0 states have call successors, (0)
[2026-06-06 13:46:43,134 INFO  L88        GeneralOperation]: Finished removeUnreachable. Reduced from 5 states to 5 states and 5 transitions.
[2026-06-06 13:46:43,134 INFO  L699   ParallelNwaCegarLoop]: Main: Refinement done.
[2026-06-06 13:46:43,135 INFO  L617   ParallelNwaCegarLoop]: Checking if program is safe
[2026-06-06 13:46:43,135 INFO  L290                IsEmpty]: Start isEmpty. Operand 5 states and 5 transitions.
[2026-06-06 13:46:43,135 INFO  L300                IsEmpty]: Finished isEmpty. Found accepting run of length 5
[2026-06-06 13:46:43,135 INFO  L199           NwaCegarLoop]: Found error trace
[2026-06-06 13:46:43,135 INFO  L207           NwaCegarLoop]: trace histogram [1, 1, 1, 1]
[2026-06-06 13:46:43,135 INFO  L340   ParallelNwaCegarLoop]: No more worker results to process
[2026-06-06 13:46:43,135 INFO  L290                IsEmpty]: Start isEmpty. Operand 5 states and 5 transitions.
[2026-06-06 13:46:43,135 INFO  L300                IsEmpty]: Finished isEmpty. Found accepting run of length 5
[2026-06-06 13:46:43,135 WARN  L753                IsEmpty]: Correctness of emptinessCheck not tested.
[2026-06-06 13:46:43,135 INFO  L79                 Accepts]: Start accepts. Automaton has 5 states and 5 transitions. Word has length 4
[2026-06-06 13:46:43,135 INFO  L85                 Accepts]: Finished accepts. word is accepted.
[2026-06-06 13:46:43,135 INFO  L757                IsEmpty]: Finished testing correctness of emptinessCheck
[2026-06-06 13:46:43,135 INFO  L1057  ParallelNwaCegarLoop]: BFS found an active duplicate counterexample.
[2026-06-06 13:46:43,135 INFO  L290                IsEmpty]: Start isEmptyParallel. Operand 5 states and 5 transitions.
[2026-06-06 13:46:43,135 INFO  L300                IsEmpty]: Finished isEmptyParallel. No accepting run.
[2026-06-06 13:46:43,135 INFO  L156        IsEmptyParallel]: Start isEmptyParallel. Operand 5 states and 5 transitions.
[2026-06-06 13:46:43,135 INFO  L182       IsEmptyHeuristic]: Start isEmptyHeuristic. Operand 5 states and 5 transitions.
[2026-06-06 13:46:43,135 INFO  L188       IsEmptyHeuristic]: Finished isEmptyHeuristic. Found accepting run of length 9
[2026-06-06 13:46:43,135 INFO  L163        IsEmptyParallel]: Finished isEmptyParallel. Found accepting run of length 9
[2026-06-06 13:46:43,135 WARN  L753                IsEmpty]: Correctness of emptinessCheck not tested.
[2026-06-06 13:46:43,135 INFO  L79                 Accepts]: Start accepts. Automaton has 5 states and 5 transitions. Word has length 8
[2026-06-06 13:46:43,136 INFO  L85                 Accepts]: Finished accepts. word is accepted.
[2026-06-06 13:46:43,136 INFO  L757                IsEmpty]: Finished testing correctness of emptinessCheck
[2026-06-06 13:46:43,136 INFO  L1052  ParallelNwaCegarLoop]: Found new Counterexample via IsEmptyParallel PAPER!
[2026-06-06 13:46:43,136 INFO  L86        PathProgramCache]: Analyzing trace with hash 317188140, now seen corresponding path program 4 times
[2026-06-06 13:46:43,136 INFO  L637   ParallelNwaCegarLoop]: Main: Starting Thread
[2026-06-06 13:46:43,136 INFO  L287   ParallelNwaCegarLoop]: === Iteration 3 ===
[2026-06-06 13:46:43,136 INFO  L209   CegarNwaWorkerThread]: Starting Thread: 80# for Trace Check: 317188140
[2026-06-06 13:46:43,136 INFO  L654   ParallelNwaCegarLoop]: All threads busy, going to sleep.
[2026-06-06 13:46:43,136 INFO  L156       PredicateUnifier]: Initialized classic predicate unifier
[2026-06-06 13:46:43,136 INFO  L86        PathProgramCache]: Analyzing trace with hash 317188140, now seen corresponding path program 4 times
[2026-06-06 13:46:43,136 INFO  L118   FreeRefinementEngine]: Executing refinement strategy CAMEL
[2026-06-06 13:46:43,136 INFO  L324   FreeRefinementEngine]: Using trace check IpTcStrategyModuleSmtInterpolCraig [154523193]
[2026-06-06 13:46:43,136 INFO  L95    rtionOrderModulation]: Changing assertion order to TERMS_WITH_SMALL_CONSTANTS_FIRST
[2026-06-06 13:46:43,136 INFO  L127          SolverBuilder]: Constructing new instance of SMTInterpol with explicit timeout -1 ms and remaining time -1 ms
[2026-06-06 13:46:43,138 INFO  L108    AnnotateAndAsserter]: Assert order TERMS_WITH_SMALL_CONSTANTS_FIRST partitioned 8 statements into 2 equivalence classes.
[2026-06-06 13:46:43,138 INFO  L134       CoverageAnalysis]: Checked inductivity of 1 backedges. 0 proven. 1 refuted. 0 times theorem prover too weak. 0 trivial. 0 not checked.
[2026-06-06 13:46:43,138 INFO  L158   FreeRefinementEngine]: IpTcStrategyModuleZ3 [1021616207] provided 0 perfect and 2 imperfect interpolant sequences
[2026-06-06 13:46:43,138 INFO  L185   FreeRefinementEngine]: Found 0 perfect and 3 imperfect interpolant sequences.
[2026-06-06 13:46:43,138 INFO  L198   FreeRefinementEngine]: Number of different interpolants: perfect sequences [] imperfect sequences [3, 3, 3] total 6
[2026-06-06 13:46:43,139 INFO  L122   tionRefinementEngine]: Using interpolant automaton builder IpAbStrategyModuleStraightlineAll [1074378119]
[2026-06-06 13:46:43,139 INFO  L85    oduleStraightlineAll]: Using 3 imperfect interpolants to construct interpolant automaton
[2026-06-06 13:46:43,139 INFO  L100   FreeRefinementEngine]: Using predicate unifier PredicateUnifier provided by strategy CAMEL
[2026-06-06 13:46:43,139 INFO  L144   InterpolantAutomaton]: Constructing interpolant automaton starting with 7 interpolants.
[2026-06-06 13:46:43,139 INFO  L146   InterpolantAutomaton]: CoverageRelationStatistics Valid=19, Invalid=23, Unknown=0, NotChecked=0, Total=42
[2026-06-06 13:46:43,139 INFO  L419   CegarNwaWorkerThread]: Difference in Worker for Generalization
[2026-06-06 13:46:43,139 INFO  L87              Difference]: Start difference. First operand  has 5 states, 3 states have (on average 1.6666666666666667) internal successors, (5), 4 states have internal predecessors, (5), 0 states have call successors, (0), 0 states have call predecessors, (0), 0 states have return successors, (0), 0 states have call predecessors, (0), 0 states have call successors, (0) Second operand  has 7 states, 7 states have (on average 1.2857142857142858) internal successors, (9), 6 states have internal predecessors, (9), 0 states have call successors, (0), 0 states have call predecessors, (0), 0 states have return successors, (0), 0 states have call predecessors, (0), 0 states have call successors, (0)
[2026-06-06 13:46:43,141 INFO  L111    AnnotateAndAsserter]: Assert order TERMS_WITH_SMALL_CONSTANTS_FIRST issued 2 check-sat command(s) and asserted 8 of 8 statements.
[2026-06-06 13:46:43,141 INFO  L114    AnnotateAndAsserter]: Assert order TERMS_WITH_SMALL_CONSTANTS_FIRST issued 2 check-sat command(s)
[2026-06-06 13:46:43,141 INFO  L115    AnnotateAndAsserter]: Conjunction of SSA is unsat
[2026-06-06 13:46:43,145 INFO  L134       CoverageAnalysis]: Checked inductivity of 3 backedges. 0 proven. 3 refuted. 0 times theorem prover too weak. 0 trivial. 0 not checked.
[2026-06-06 13:46:43,145 INFO  L158   FreeRefinementEngine]: IpTcStrategyModuleZ3 [55885021] provided 0 perfect and 2 imperfect interpolant sequences
[2026-06-06 13:46:43,145 INFO  L185   FreeRefinementEngine]: Found 0 perfect and 3 imperfect interpolant sequences.
[2026-06-06 13:46:43,145 INFO  L198   FreeRefinementEngine]: Number of different interpolants: perfect sequences [] imperfect sequences [4, 4, 4] total 8
[2026-06-06 13:46:43,145 INFO  L122   tionRefinementEngine]: Using interpolant automaton builder IpAbStrategyModuleStraightlineAll [526961378]
[2026-06-06 13:46:43,145 INFO  L85    oduleStraightlineAll]: Using 3 imperfect interpolants to construct interpolant automaton
[2026-06-06 13:46:43,145 INFO  L100   FreeRefinementEngine]: Using predicate unifier PredicateUnifier provided by strategy CAMEL
[2026-06-06 13:46:43,145 INFO  L144   InterpolantAutomaton]: Constructing interpolant automaton starting with 9 interpolants.
[2026-06-06 13:46:43,145 INFO  L146   InterpolantAutomaton]: CoverageRelationStatistics Valid=30, Invalid=42, Unknown=0, NotChecked=0, Total=72
[2026-06-06 13:46:43,145 INFO  L419   CegarNwaWorkerThread]: Difference in Worker for Generalization
[2026-06-06 13:46:43,145 INFO  L87              Difference]: Start difference. First operand  has 5 states, 3 states have (on average 1.6666666666666667) internal successors, (5), 4 states have internal predecessors, (5), 0 states have call successors, (0), 0 states have call predecessors, (0), 0 states have return successors, (0), 0 states have call predecessors, (0), 0 states have call successors, (0) Second operand  has 9 states, 9 states have (on average 1.2222222222222223) internal successors, (11), 8 states have internal predecessors, (11), 0 states have call successors, (0), 0 states have call predecessors, (0), 0 states have return successors, (0), 0 states have call predecessors, (0), 0 states have call successors, (0)
[2026-06-06 13:46:43,155 INFO  L144             Difference]: Subtrahend was deterministic. Have not used determinization.
[2026-06-06 13:46:43,155 INFO  L93              Difference]: Finished difference Result 8 states and 8 transitions.
[2026-06-06 13:46:43,155 INFO  L140   InterpolantAutomaton]: Switched to read-only mode: deterministic interpolant automaton has 6 states. 
[2026-06-06 13:46:43,155 INFO  L225             Difference]: With dead ends: 8
[2026-06-06 13:46:43,156 INFO  L226             Difference]: Without dead ends: 8
[2026-06-06 13:46:43,156 INFO  L487   CegarNwaWorkerThread]: 0 DeclaredPredicates, 10 GetRequests, 4 SyntacticMatches, 0 SemanticMatches, 6 ConstructedPredicates, 0 IntricatePredicates, 0 DeprecatedPredicates, 7 ImplicationChecksByTransitivity, 0.0s TimeCoverageRelationStatistics Valid=26, Invalid=30, Unknown=0, NotChecked=0, Total=56
[2026-06-06 13:46:43,156 INFO  L488   CegarNwaWorkerThread]: 3 mSDtfsCounter, 0 mSDsluCounter, 3 mSDsCounter, 0 mSdLazyCounter, 11 mSolverCounterSat, 1 mSolverCounterUnsat, 0 mSolverCounterUnknown, 0 mSolverCounterNotChecked, 0.0s Time, 0 mProtectedPredicate, 0 mProtectedAction, 0 SdHoareTripleChecker+Valid, 6 SdHoareTripleChecker+Invalid, 12 SdHoareTripleChecker+Unknown, 0 SdHoareTripleChecker+Unchecked, 0.0s SdHoareTripleChecker+Time, 1 IncrementalHoareTripleChecker+Valid, 11 IncrementalHoareTripleChecker+Invalid, 0 IncrementalHoareTripleChecker+Unknown, 0 IncrementalHoareTripleChecker+Unchecked, 0.0s IncrementalHoareTripleChecker+Time
[2026-06-06 13:46:43,156 INFO  L489   CegarNwaWorkerThread]: SdHoareTripleChecker [0 Valid, 6 Invalid, 12 Unknown, 0 Unchecked, 0.0s Time], IncrementalHoareTripleChecker [1 Valid, 11 Invalid, 0 Unknown, 0 Unchecked, 0.0s Time]
[2026-06-06 13:46:43,156 INFO  L224   CegarNwaWorkerThread]: Done with Thread: 86#
[2026-06-06 13:46:43,156 INFO  L196   CegarNwaWorkerThread]: WorkerThread: Thread[#86,Worker for 930412,5,main] is Waiting for a Task
[2026-06-06 13:46:43,156 INFO  L657   ParallelNwaCegarLoop]: Waking up, a worker is done.
[2026-06-06 13:46:43,156 INFO  L297   ParallelNwaCegarLoop]: Main: A Thread is Done
[2026-06-06 13:46:43,157 INFO  L315   ParallelNwaCegarLoop]: Worker Automaton Type: FLOYD_HOARE
[2026-06-06 13:46:43,157 INFO  L79                 Accepts]: Start accepts. Automaton has 5 states and 5 transitions. Word has length 4
[2026-06-06 13:46:43,157 INFO  L85                 Accepts]: Finished accepts. word is accepted.
[2026-06-06 13:46:43,157 INFO  L317   ParallelNwaCegarLoop]: Refining Abstraction
[2026-06-06 13:46:43,157 INFO  L721   ParallelNwaCegarLoop]: Subtrahend traceHash: 930412
[2026-06-06 13:46:43,157 INFO  L687   ParallelNwaCegarLoop]: Difference in Main
[2026-06-06 13:46:43,157 INFO  L87              Difference]: Start difference. First operand 5 states and 5 transitions. Second operand  has 6 states, 5 states have (on average 2.6) internal successors, (13), 6 states have internal predecessors, (13), 0 states have call successors, (0), 0 states have call predecessors, (0), 0 states have return successors, (0), 0 states have call predecessors, (0), 0 states have call successors, (0)
[2026-06-06 13:46:43,157 INFO  L144             Difference]: Subtrahend was deterministic. Have not used determinization.
[2026-06-06 13:46:43,157 INFO  L93              Difference]: Finished difference Result 8 states and 8 transitions.
[2026-06-06 13:46:43,157 INFO  L225             Difference]: With dead ends: 8
[2026-06-06 13:46:43,157 INFO  L226             Difference]: Without dead ends: 8
[2026-06-06 13:46:43,157 INFO  L82        GeneralOperation]: Start minimizeSevpa. Operand 8 states.
[2026-06-06 13:46:43,158 INFO  L88        GeneralOperation]: Finished minimizeSevpa. Reduced states from 8 to 8.
[2026-06-06 13:46:43,158 INFO  L82        GeneralOperation]: Start removeUnreachable. Operand  has 8 states, 7 states have (on average 1.1428571428571428) internal successors, (8), 7 states have internal predecessors, (8), 0 states have call successors, (0), 0 states have call predecessors, (0), 0 states have return successors, (0), 0 states have call predecessors, (0), 0 states have call successors, (0)
[2026-06-06 13:46:43,158 INFO  L88        GeneralOperation]: Finished removeUnreachable. Reduced from 8 states to 8 states and 8 transitions.
[2026-06-06 13:46:43,158 INFO  L699   ParallelNwaCegarLoop]: Main: Refinement done.
[2026-06-06 13:46:43,158 INFO  L617   ParallelNwaCegarLoop]: Checking if program is safe
[2026-06-06 13:46:43,158 INFO  L290                IsEmpty]: Start isEmpty. Operand 8 states and 8 transitions.
[2026-06-06 13:46:43,158 INFO  L300                IsEmpty]: Finished isEmpty. Found accepting run of length 8
[2026-06-06 13:46:43,158 INFO  L199           NwaCegarLoop]: Found error trace
[2026-06-06 13:46:43,158 INFO  L207           NwaCegarLoop]: trace histogram [4, 1, 1, 1]
[2026-06-06 13:46:43,158 INFO  L340   ParallelNwaCegarLoop]: No more worker results to process
[2026-06-06 13:46:43,158 INFO  L290                IsEmpty]: Start isEmpty. Operand 8 states and 8 transitions.
[2026-06-06 13:46:43,158 INFO  L300                IsEmpty]: Finished isEmpty. Found accepting run of length 8
[2026-06-06 13:46:43,158 WARN  L753                IsEmpty]: Correctness of emptinessCheck not tested.
[2026-06-06 13:46:43,158 INFO  L79                 Accepts]: Start accepts. Automaton has 8 states and 8 transitions. Word has length 7
[2026-06-06 13:46:43,159 INFO  L85                 Accepts]: Finished accepts. word is accepted.
[2026-06-06 13:46:43,159 INFO  L757                IsEmpty]: Finished testing correctness of emptinessCheck
[2026-06-06 13:46:43,159 INFO  L1052  ParallelNwaCegarLoop]: Found new Counterexample via BFS!
[2026-06-06 13:46:43,159 INFO  L86        PathProgramCache]: Analyzing trace with hash 1949894467, now seen corresponding path program 5 times
[2026-06-06 13:46:43,159 INFO  L637   ParallelNwaCegarLoop]: Main: Starting Thread
[2026-06-06 13:46:43,159 INFO  L209   CegarNwaWorkerThread]: Starting Thread: 86# for Trace Check: 1949894467
[2026-06-06 13:46:43,159 INFO  L287   ParallelNwaCegarLoop]: === Iteration 4 ===
[2026-06-06 13:46:43,159 INFO  L654   ParallelNwaCegarLoop]: All threads busy, going to sleep.
[2026-06-06 13:46:43,159 INFO  L156       PredicateUnifier]: Initialized classic predicate unifier
[2026-06-06 13:46:43,159 INFO  L134       CoverageAnalysis]: Checked inductivity of 6 backedges. 0 proven. 6 refuted. 0 times theorem prover too weak. 0 trivial. 0 not checked.
[2026-06-06 13:46:43,159 INFO  L86        PathProgramCache]: Analyzing trace with hash 1949894467, now seen corresponding path program 5 times
[2026-06-06 13:46:43,159 INFO  L158   FreeRefinementEngine]: IpTcStrategyModuleZ3 [1659719102] provided 0 perfect and 2 imperfect interpolant sequences
[2026-06-06 13:46:43,159 INFO  L185   FreeRefinementEngine]: Found 0 perfect and 3 imperfect interpolant sequences.
[2026-06-06 13:46:43,159 INFO  L118   FreeRefinementEngine]: Executing refinement strategy CAMEL
[2026-06-06 13:46:43,159 INFO  L198   FreeRefinementEngine]: Number of different interpolants: perfect sequences [] imperfect sequences [5, 5, 5] total 10
[2026-06-06 13:46:43,159 INFO  L324   FreeRefinementEngine]: Using trace check IpTcStrategyModuleSmtInterpolCraig [1590335780]
[2026-06-06 13:46:43,159 INFO  L95    rtionOrderModulation]: Changing assertion order to INSIDE_LOOP_FIRST1
[2026-06-06 13:46:43,159 INFO  L122   tionRefinementEngine]: Using interpolant automaton builder IpAbStrategyModuleStraightlineAll [886599849]
[2026-06-06 13:46:43,159 INFO  L127          SolverBuilder]: Constructing new instance of SMTInterpol with explicit timeout -1 ms and remaining time -1 ms
[2026-06-06 13:46:43,159 INFO  L85    oduleStraightlineAll]: Using 3 imperfect interpolants to construct interpolant automaton
[2026-06-06 13:46:43,159 INFO  L100   FreeRefinementEngine]: Using predicate unifier PredicateUnifier provided by strategy CAMEL
[2026-06-06 13:46:43,159 INFO  L144   InterpolantAutomaton]: Constructing interpolant automaton starting with 11 interpolants.
[2026-06-06 13:46:43,160 INFO  L146   InterpolantAutomaton]: CoverageRelationStatistics Valid=43, Invalid=67, Unknown=0, NotChecked=0, Total=110
[2026-06-06 13:46:43,160 INFO  L419   CegarNwaWorkerThread]: Difference in Worker for Generalization
[2026-06-06 13:46:43,160 INFO  L87              Difference]: Start difference. First operand  has 5 states, 3 states have (on average 1.6666666666666667) internal successors, (5), 4 states have internal predecessors, (5), 0 states have call successors, (0), 0 states have call predecessors, (0), 0 states have return successors, (0), 0 states have call predecessors, (0), 0 states have call successors, (0) Second operand  has 11 states, 11 states have (on average 1.1818181818181819) internal successors, (13), 10 states have internal predecessors, (13), 0 states have call successors, (0), 0 states have call predecessors, (0), 0 states have return successors, (0), 0 states have call predecessors, (0), 0 states have call successors, (0)
[2026-06-06 13:46:43,162 INFO  L108    AnnotateAndAsserter]: Assert order INSIDE_LOOP_FIRST1 partitioned 7 statements into 3 equivalence classes.
[2026-06-06 13:46:43,165 INFO  L111    AnnotateAndAsserter]: Assert order INSIDE_LOOP_FIRST1 issued 3 check-sat command(s) and asserted 7 of 7 statements.
[2026-06-06 13:46:43,165 INFO  L114    AnnotateAndAsserter]: Assert order INSIDE_LOOP_FIRST1 issued 3 check-sat command(s)
[2026-06-06 13:46:43,165 INFO  L115    AnnotateAndAsserter]: Conjunction of SSA is unsat
[2026-06-06 13:46:43,170 INFO  L144             Difference]: Subtrahend was deterministic. Have not used determinization.
[2026-06-06 13:46:43,170 INFO  L93              Difference]: Finished difference Result 10 states and 10 transitions.
[2026-06-06 13:46:43,170 INFO  L140   InterpolantAutomaton]: Switched to read-only mode: deterministic interpolant automaton has 8 states. 
[2026-06-06 13:46:43,170 INFO  L225             Difference]: With dead ends: 10
[2026-06-06 13:46:43,170 INFO  L226             Difference]: Without dead ends: 10
[2026-06-06 13:46:43,170 INFO  L487   CegarNwaWorkerThread]: 0 DeclaredPredicates, 14 GetRequests, 5 SyntacticMatches, 0 SemanticMatches, 9 ConstructedPredicates, 0 IntricatePredicates, 0 DeprecatedPredicates, 12 ImplicationChecksByTransitivity, 0.0s TimeCoverageRelationStatistics Valid=48, Invalid=62, Unknown=0, NotChecked=0, Total=110
[2026-06-06 13:46:43,171 INFO  L488   CegarNwaWorkerThread]: 3 mSDtfsCounter, 0 mSDsluCounter, 5 mSDsCounter, 0 mSdLazyCounter, 21 mSolverCounterSat, 1 mSolverCounterUnsat, 0 mSolverCounterUnknown, 0 mSolverCounterNotChecked, 0.0s Time, 0 mProtectedPredicate, 0 mProtectedAction, 0 SdHoareTripleChecker+Valid, 8 SdHoareTripleChecker+Invalid, 22 SdHoareTripleChecker+Unknown, 0 SdHoareTripleChecker+Unchecked, 0.0s SdHoareTripleChecker+Time, 1 IncrementalHoareTripleChecker+Valid, 21 IncrementalHoareTripleChecker+Invalid, 0 IncrementalHoareTripleChecker+Unknown, 0 IncrementalHoareTripleChecker+Unchecked, 0.0s IncrementalHoareTripleChecker+Time
[2026-06-06 13:46:43,171 INFO  L489   CegarNwaWorkerThread]: SdHoareTripleChecker [0 Valid, 8 Invalid, 22 Unknown, 0 Unchecked, 0.0s Time], IncrementalHoareTripleChecker [1 Valid, 21 Invalid, 0 Unknown, 0 Unchecked, 0.0s Time]
[2026-06-06 13:46:43,171 INFO  L224   CegarNwaWorkerThread]: Done with Thread: 92#
[2026-06-06 13:46:43,171 INFO  L196   CegarNwaWorkerThread]: WorkerThread: Thread[#92,Worker for 28844579,5,main] is Waiting for a Task
[2026-06-06 13:46:43,171 INFO  L657   ParallelNwaCegarLoop]: Waking up, a worker is done.
[2026-06-06 13:46:43,171 INFO  L297   ParallelNwaCegarLoop]: Main: A Thread is Done
[2026-06-06 13:46:43,171 INFO  L315   ParallelNwaCegarLoop]: Worker Automaton Type: FLOYD_HOARE
[2026-06-06 13:46:43,171 INFO  L79                 Accepts]: Start accepts. Automaton has 8 states and 8 transitions. Word has length 5
[2026-06-06 13:46:43,171 INFO  L85                 Accepts]: Finished accepts. word is rejected.
[2026-06-06 13:46:43,171 INFO  L771   ParallelNwaCegarLoop]: Recorded stale counterexample prefix coverage.
[2026-06-06 13:46:43,171 INFO  L317   ParallelNwaCegarLoop]: Refining Abstraction
[2026-06-06 13:46:43,171 INFO  L721   ParallelNwaCegarLoop]: Subtrahend traceHash: 28844579
[2026-06-06 13:46:43,171 INFO  L687   ParallelNwaCegarLoop]: Difference in Main
[2026-06-06 13:46:43,172 INFO  L87              Difference]: Start difference. First operand 8 states and 8 transitions. Second operand  has 8 states, 7 states have (on average 2.4285714285714284) internal successors, (17), 8 states have internal predecessors, (17), 0 states have call successors, (0), 0 states have call predecessors, (0), 0 states have return successors, (0), 0 states have call predecessors, (0), 0 states have call successors, (0)
[2026-06-06 13:46:43,172 INFO  L144             Difference]: Subtrahend was deterministic. Have not used determinization.
[2026-06-06 13:46:43,172 INFO  L93              Difference]: Finished difference Result 10 states and 10 transitions.
[2026-06-06 13:46:43,172 INFO  L225             Difference]: With dead ends: 10
[2026-06-06 13:46:43,172 INFO  L226             Difference]: Without dead ends: 10
[2026-06-06 13:46:43,172 INFO  L82        GeneralOperation]: Start minimizeSevpa. Operand 10 states.
[2026-06-06 13:46:43,173 INFO  L88        GeneralOperation]: Finished minimizeSevpa. Reduced states from 10 to 10.
[2026-06-06 13:46:43,173 INFO  L82        GeneralOperation]: Start removeUnreachable. Operand  has 10 states, 9 states have (on average 1.1111111111111112) internal successors, (10), 9 states have internal predecessors, (10), 0 states have call successors, (0), 0 states have call predecessors, (0), 0 states have return successors, (0), 0 states have call predecessors, (0), 0 states have call successors, (0)
[2026-06-06 13:46:43,173 INFO  L88        GeneralOperation]: Finished removeUnreachable. Reduced from 10 states to 10 states and 10 transitions.
[2026-06-06 13:46:43,173 INFO  L699   ParallelNwaCegarLoop]: Main: Refinement done.
[2026-06-06 13:46:43,173 INFO  L617   ParallelNwaCegarLoop]: Checking if program is safe
[2026-06-06 13:46:43,173 INFO  L290                IsEmpty]: Start isEmpty. Operand 10 states and 10 transitions.
[2026-06-06 13:46:43,173 INFO  L300                IsEmpty]: Finished isEmpty. Found accepting run of length 10
[2026-06-06 13:46:43,173 INFO  L199           NwaCegarLoop]: Found error trace
[2026-06-06 13:46:43,173 INFO  L207           NwaCegarLoop]: trace histogram [6, 1, 1, 1]
[2026-06-06 13:46:43,173 INFO  L340   ParallelNwaCegarLoop]: No more worker results to process
[2026-06-06 13:46:43,173 INFO  L290                IsEmpty]: Start isEmpty. Operand 10 states and 10 transitions.
[2026-06-06 13:46:43,173 INFO  L300                IsEmpty]: Finished isEmpty. Found accepting run of length 10
[2026-06-06 13:46:43,173 WARN  L753                IsEmpty]: Correctness of emptinessCheck not tested.
[2026-06-06 13:46:43,173 INFO  L79                 Accepts]: Start accepts. Automaton has 10 states and 10 transitions. Word has length 9
[2026-06-06 13:46:43,173 INFO  L85                 Accepts]: Finished accepts. word is accepted.
[2026-06-06 13:46:43,173 INFO  L757                IsEmpty]: Finished testing correctness of emptinessCheck
[2026-06-06 13:46:43,173 INFO  L1052  ParallelNwaCegarLoop]: Found new Counterexample via BFS!
[2026-06-06 13:46:43,173 INFO  L86        PathProgramCache]: Analyzing trace with hash 1242899555, now seen corresponding path program 6 times
[2026-06-06 13:46:43,173 INFO  L637   ParallelNwaCegarLoop]: Main: Starting Thread
[2026-06-06 13:46:43,173 INFO  L209   CegarNwaWorkerThread]: Starting Thread: 92# for Trace Check: 1242899555
[2026-06-06 13:46:43,173 INFO  L287   ParallelNwaCegarLoop]: === Iteration 5 ===
[2026-06-06 13:46:43,174 INFO  L654   ParallelNwaCegarLoop]: All threads busy, going to sleep.
[2026-06-06 13:46:43,174 INFO  L156       PredicateUnifier]: Initialized classic predicate unifier
[2026-06-06 13:46:43,174 INFO  L86        PathProgramCache]: Analyzing trace with hash 1242899555, now seen corresponding path program 6 times
[2026-06-06 13:46:43,174 INFO  L118   FreeRefinementEngine]: Executing refinement strategy CAMEL
[2026-06-06 13:46:43,174 INFO  L324   FreeRefinementEngine]: Using trace check IpTcStrategyModuleSmtInterpolCraig [1313660451]
[2026-06-06 13:46:43,174 INFO  L95    rtionOrderModulation]: Changing assertion order to MIX_INSIDE_OUTSIDE
[2026-06-06 13:46:43,174 INFO  L127          SolverBuilder]: Constructing new instance of SMTInterpol with explicit timeout -1 ms and remaining time -1 ms
[2026-06-06 13:46:43,177 INFO  L108    AnnotateAndAsserter]: Assert order MIX_INSIDE_OUTSIDE partitioned 9 statements into 4 equivalence classes.
[2026-06-06 13:46:43,181 INFO  L111    AnnotateAndAsserter]: Assert order MIX_INSIDE_OUTSIDE issued 4 check-sat command(s) and asserted 9 of 9 statements.
[2026-06-06 13:46:43,181 INFO  L114    AnnotateAndAsserter]: Assert order MIX_INSIDE_OUTSIDE issued 4 check-sat command(s)
[2026-06-06 13:46:43,181 INFO  L115    AnnotateAndAsserter]: Conjunction of SSA is unsat
[2026-06-06 13:46:43,182 INFO  L134       CoverageAnalysis]: Checked inductivity of 15 backedges. 0 proven. 15 refuted. 0 times theorem prover too weak. 0 trivial. 0 not checked.
[2026-06-06 13:46:43,182 INFO  L136   FreeRefinementEngine]: Strategy CAMEL found an infeasible trace
[2026-06-06 13:46:43,182 INFO  L324   FreeRefinementEngine]: Using interpolant generator IpTcStrategyModuleSmtInterpolCraig [154523193]
[2026-06-06 13:46:43,182 INFO  L158   FreeRefinementEngine]: IpTcStrategyModuleSmtInterpolCraig [154523193] provided 0 perfect and 1 imperfect interpolant sequences
[2026-06-06 13:46:43,182 INFO  L324   FreeRefinementEngine]: Using interpolant generator IpTcStrategyModuleZ3 [1894543978]
[2026-06-06 13:46:43,182 INFO  L95    rtionOrderModulation]: Changing assertion order to TERMS_WITH_SMALL_CONSTANTS_FIRST
[2026-06-06 13:46:43,182 INFO  L173          SolverBuilder]: Constructing external solver with command: z3 -smt2 -in SMTLIB2_COMPLIANT=true
[2026-06-06 13:46:43,185 INFO  L189       MonitoredProcess]: No working directory specified, using /usr/bin/z3
[2026-06-06 13:46:43,187 INFO  L229       MonitoredProcess]: Starting monitored process 9 with /usr/bin/z3 -smt2 -in SMTLIB2_COMPLIANT=true (exit command is (exit), workingDir is null)
[2026-06-06 13:46:43,187 INFO  L327       MonitoredProcess]: [MP /usr/bin/z3 -smt2 -in SMTLIB2_COMPLIANT=true (9)] Waiting until timeout for monitored process
[2026-06-06 13:46:43,197 INFO  L134       CoverageAnalysis]: Checked inductivity of 10 backedges. 0 proven. 10 refuted. 0 times theorem prover too weak. 0 trivial. 0 not checked.
[2026-06-06 13:46:43,197 INFO  L136   FreeRefinementEngine]: Strategy CAMEL found an infeasible trace
[2026-06-06 13:46:43,197 INFO  L324   FreeRefinementEngine]: Using interpolant generator IpTcStrategyModuleSmtInterpolCraig [1590335780]
[2026-06-06 13:46:43,197 INFO  L158   FreeRefinementEngine]: IpTcStrategyModuleSmtInterpolCraig [1590335780] provided 0 perfect and 1 imperfect interpolant sequences
[2026-06-06 13:46:43,197 INFO  L324   FreeRefinementEngine]: Using interpolant generator IpTcStrategyModuleZ3 [777440359]
[2026-06-06 13:46:43,197 INFO  L95    rtionOrderModulation]: Changing assertion order to INSIDE_LOOP_FIRST1
[2026-06-06 13:46:43,197 INFO  L173          SolverBuilder]: Constructing external solver with command: z3 -smt2 -in SMTLIB2_COMPLIANT=true
[2026-06-06 13:46:43,199 INFO  L189       MonitoredProcess]: No working directory specified, using /usr/bin/z3
[2026-06-06 13:46:43,199 INFO  L108    AnnotateAndAsserter]: Assert order TERMS_WITH_SMALL_CONSTANTS_FIRST partitioned 8 statements into 2 equivalence classes.
[2026-06-06 13:46:43,200 INFO  L229       MonitoredProcess]: Starting monitored process 10 with /usr/bin/z3 -smt2 -in SMTLIB2_COMPLIANT=true (exit command is (exit), workingDir is null)
[2026-06-06 13:46:43,201 INFO  L327       MonitoredProcess]: [MP /usr/bin/z3 -smt2 -in SMTLIB2_COMPLIANT=true (10)] Waiting until timeout for monitored process
[2026-06-06 13:46:43,203 INFO  L111    AnnotateAndAsserter]: Assert order TERMS_WITH_SMALL_CONSTANTS_FIRST issued 2 check-sat command(s) and asserted 8 of 8 statements.
[2026-06-06 13:46:43,203 INFO  L114    AnnotateAndAsserter]: Assert order TERMS_WITH_SMALL_CONSTANTS_FIRST issued 2 check-sat command(s)
[2026-06-06 13:46:43,203 INFO  L115    AnnotateAndAsserter]: Conjunction of SSA is unsat
[2026-06-06 13:46:43,203 INFO  L256         TraceCheckSpWp]: Trace formula consists of 29 conjuncts, 13 conjuncts are in the unsatisfiable core
[2026-06-06 13:46:43,203 INFO  L279         TraceCheckSpWp]: Computing forward predicates...
[2026-06-06 13:46:43,212 INFO  L134       CoverageAnalysis]: Checked inductivity of 15 backedges. 0 proven. 15 refuted. 0 times theorem prover too weak. 0 trivial. 0 not checked.
[2026-06-06 13:46:43,212 INFO  L312         TraceCheckSpWp]: Computing backward predicates...
[2026-06-06 13:46:43,215 INFO  L108    AnnotateAndAsserter]: Assert order INSIDE_LOOP_FIRST1 partitioned 7 statements into 3 equivalence classes.
[2026-06-06 13:46:43,218 INFO  L134       CoverageAnalysis]: Checked inductivity of 21 backedges. 0 proven. 21 refuted. 0 times theorem prover too weak. 0 trivial. 0 not checked.
[2026-06-06 13:46:43,218 INFO  L136   FreeRefinementEngine]: Strategy CAMEL found an infeasible trace
[2026-06-06 13:46:43,218 INFO  L111    AnnotateAndAsserter]: Assert order INSIDE_LOOP_FIRST1 issued 3 check-sat command(s) and asserted 7 of 7 statements.
[2026-06-06 13:46:43,218 INFO  L114    AnnotateAndAsserter]: Assert order INSIDE_LOOP_FIRST1 issued 3 check-sat command(s)
[2026-06-06 13:46:43,218 INFO  L115    AnnotateAndAsserter]: Conjunction of SSA is unsat
[2026-06-06 13:46:43,218 INFO  L324   FreeRefinementEngine]: Using interpolant generator IpTcStrategyModuleSmtInterpolCraig [1313660451]
[2026-06-06 13:46:43,219 INFO  L158   FreeRefinementEngine]: IpTcStrategyModuleSmtInterpolCraig [1313660451] provided 0 perfect and 1 imperfect interpolant sequences
[2026-06-06 13:46:43,219 INFO  L324   FreeRefinementEngine]: Using interpolant generator IpTcStrategyModuleZ3 [301473167]
[2026-06-06 13:46:43,219 INFO  L95    rtionOrderModulation]: Changing assertion order to MIX_INSIDE_OUTSIDE
[2026-06-06 13:46:43,219 INFO  L173          SolverBuilder]: Constructing external solver with command: z3 -smt2 -in SMTLIB2_COMPLIANT=true
[2026-06-06 13:46:43,219 INFO  L256         TraceCheckSpWp]: Trace formula consists of 26 conjuncts, 11 conjuncts are in the unsatisfiable core
[2026-06-06 13:46:43,219 INFO  L279         TraceCheckSpWp]: Computing forward predicates...
[2026-06-06 13:46:43,221 INFO  L189       MonitoredProcess]: No working directory specified, using /usr/bin/z3
[2026-06-06 13:46:43,222 INFO  L229       MonitoredProcess]: Starting monitored process 11 with /usr/bin/z3 -smt2 -in SMTLIB2_COMPLIANT=true (exit command is (exit), workingDir is null)
[2026-06-06 13:46:43,223 INFO  L327       MonitoredProcess]: [MP /usr/bin/z3 -smt2 -in SMTLIB2_COMPLIANT=true (11)] Waiting until timeout for monitored process
[2026-06-06 13:46:43,223 INFO  L144             Difference]: Subtrahend was deterministic. Have not used determinization.
[2026-06-06 13:46:43,224 INFO  L93              Difference]: Finished difference Result 12 states and 12 transitions.
[2026-06-06 13:46:43,224 INFO  L140   InterpolantAutomaton]: Switched to read-only mode: deterministic interpolant automaton has 10 states. 
[2026-06-06 13:46:43,224 INFO  L225             Difference]: With dead ends: 12
[2026-06-06 13:46:43,224 INFO  L226             Difference]: Without dead ends: 12
[2026-06-06 13:46:43,224 INFO  L487   CegarNwaWorkerThread]: 0 DeclaredPredicates, 18 GetRequests, 6 SyntacticMatches, 0 SemanticMatches, 12 ConstructedPredicates, 0 IntricatePredicates, 0 DeprecatedPredicates, 18 ImplicationChecksByTransitivity, 0.1s TimeCoverageRelationStatistics Valid=76, Invalid=106, Unknown=0, NotChecked=0, Total=182
[2026-06-06 13:46:43,224 INFO  L488   CegarNwaWorkerThread]: 3 mSDtfsCounter, 0 mSDsluCounter, 6 mSDsCounter, 0 mSdLazyCounter, 28 mSolverCounterSat, 1 mSolverCounterUnsat, 0 mSolverCounterUnknown, 0 mSolverCounterNotChecked, 0.0s Time, 0 mProtectedPredicate, 0 mProtectedAction, 0 SdHoareTripleChecker+Valid, 9 SdHoareTripleChecker+Invalid, 29 SdHoareTripleChecker+Unknown, 0 SdHoareTripleChecker+Unchecked, 0.0s SdHoareTripleChecker+Time, 1 IncrementalHoareTripleChecker+Valid, 28 IncrementalHoareTripleChecker+Invalid, 0 IncrementalHoareTripleChecker+Unknown, 0 IncrementalHoareTripleChecker+Unchecked, 0.0s IncrementalHoareTripleChecker+Time
[2026-06-06 13:46:43,224 INFO  L489   CegarNwaWorkerThread]: SdHoareTripleChecker [0 Valid, 9 Invalid, 29 Unknown, 0 Unchecked, 0.0s Time], IncrementalHoareTripleChecker [1 Valid, 28 Invalid, 0 Unknown, 0 Unchecked, 0.0s Time]
[2026-06-06 13:46:43,225 INFO  L224   CegarNwaWorkerThread]: Done with Thread: 98#
[2026-06-06 13:46:43,225 INFO  L196   CegarNwaWorkerThread]: WorkerThread: Thread[#98,Worker for 894183756,5,main] is Waiting for a Task
[2026-06-06 13:46:43,225 INFO  L657   ParallelNwaCegarLoop]: Waking up, a worker is done.
[2026-06-06 13:46:43,225 INFO  L297   ParallelNwaCegarLoop]: Main: A Thread is Done
[2026-06-06 13:46:43,225 INFO  L315   ParallelNwaCegarLoop]: Worker Automaton Type: FLOYD_HOARE
[2026-06-06 13:46:43,225 INFO  L79                 Accepts]: Start accepts. Automaton has 10 states and 10 transitions. Word has length 6
[2026-06-06 13:46:43,225 INFO  L85                 Accepts]: Finished accepts. word is rejected.
[2026-06-06 13:46:43,225 INFO  L771   ParallelNwaCegarLoop]: Recorded stale counterexample prefix coverage.
[2026-06-06 13:46:43,225 INFO  L317   ParallelNwaCegarLoop]: Refining Abstraction
[2026-06-06 13:46:43,225 INFO  L721   ParallelNwaCegarLoop]: Subtrahend traceHash: 894183756
[2026-06-06 13:46:43,225 INFO  L687   ParallelNwaCegarLoop]: Difference in Main
[2026-06-06 13:46:43,225 INFO  L87              Difference]: Start difference. First operand 10 states and 10 transitions. Second operand  has 10 states, 9 states have (on average 2.3333333333333335) internal successors, (21), 10 states have internal predecessors, (21), 0 states have call successors, (0), 0 states have call predecessors, (0), 0 states have return successors, (0), 0 states have call predecessors, (0), 0 states have call successors, (0)
[2026-06-06 13:46:43,225 INFO  L144             Difference]: Subtrahend was deterministic. Have not used determinization.
[2026-06-06 13:46:43,225 INFO  L93              Difference]: Finished difference Result 12 states and 12 transitions.
[2026-06-06 13:46:43,225 INFO  L225             Difference]: With dead ends: 12
[2026-06-06 13:46:43,225 INFO  L226             Difference]: Without dead ends: 12
[2026-06-06 13:46:43,225 INFO  L82        GeneralOperation]: Start minimizeSevpa. Operand 12 states.
[2026-06-06 13:46:43,226 INFO  L88        GeneralOperation]: Finished minimizeSevpa. Reduced states from 12 to 12.
[2026-06-06 13:46:43,226 INFO  L82        GeneralOperation]: Start removeUnreachable. Operand  has 12 states, 11 states have (on average 1.0909090909090908) internal successors, (12), 11 states have internal predecessors, (12), 0 states have call successors, (0), 0 states have call predecessors, (0), 0 states have return successors, (0), 0 states have call predecessors, (0), 0 states have call successors, (0)
[2026-06-06 13:46:43,226 INFO  L88        GeneralOperation]: Finished removeUnreachable. Reduced from 12 states to 12 states and 12 transitions.
[2026-06-06 13:46:43,226 INFO  L699   ParallelNwaCegarLoop]: Main: Refinement done.
[2026-06-06 13:46:43,226 INFO  L617   ParallelNwaCegarLoop]: Checking if program is safe
[2026-06-06 13:46:43,226 INFO  L290                IsEmpty]: Start isEmpty. Operand 12 states and 12 transitions.
[2026-06-06 13:46:43,226 INFO  L300                IsEmpty]: Finished isEmpty. Found accepting run of length 12
[2026-06-06 13:46:43,226 INFO  L199           NwaCegarLoop]: Found error trace
[2026-06-06 13:46:43,226 INFO  L207           NwaCegarLoop]: trace histogram [8, 1, 1, 1]
[2026-06-06 13:46:43,226 INFO  L340   ParallelNwaCegarLoop]: No more worker results to process
[2026-06-06 13:46:43,226 INFO  L290                IsEmpty]: Start isEmpty. Operand 12 states and 12 transitions.
[2026-06-06 13:46:43,226 INFO  L300                IsEmpty]: Finished isEmpty. Found accepting run of length 12
[2026-06-06 13:46:43,227 WARN  L753                IsEmpty]: Correctness of emptinessCheck not tested.
[2026-06-06 13:46:43,227 INFO  L79                 Accepts]: Start accepts. Automaton has 12 states and 12 transitions. Word has length 11
[2026-06-06 13:46:43,227 INFO  L134       CoverageAnalysis]: Checked inductivity of 10 backedges. 0 proven. 10 refuted. 0 times theorem prover too weak. 0 trivial. 0 not checked.
[2026-06-06 13:46:43,227 INFO  L85                 Accepts]: Finished accepts. word is accepted.
[2026-06-06 13:46:43,227 INFO  L757                IsEmpty]: Finished testing correctness of emptinessCheck
[2026-06-06 13:46:43,227 INFO  L312         TraceCheckSpWp]: Computing backward predicates...
[2026-06-06 13:46:43,227 INFO  L1052  ParallelNwaCegarLoop]: Found new Counterexample via BFS!
[2026-06-06 13:46:43,227 INFO  L86        PathProgramCache]: Analyzing trace with hash 425621891, now seen corresponding path program 7 times
[2026-06-06 13:46:43,227 INFO  L637   ParallelNwaCegarLoop]: Main: Starting Thread
[2026-06-06 13:46:43,227 INFO  L209   CegarNwaWorkerThread]: Starting Thread: 98# for Trace Check: 425621891
[2026-06-06 13:46:43,227 INFO  L287   ParallelNwaCegarLoop]: === Iteration 6 ===
[2026-06-06 13:46:43,227 INFO  L654   ParallelNwaCegarLoop]: All threads busy, going to sleep.
[2026-06-06 13:46:43,227 INFO  L156       PredicateUnifier]: Initialized classic predicate unifier
[2026-06-06 13:46:43,227 INFO  L86        PathProgramCache]: Analyzing trace with hash 425621891, now seen corresponding path program 7 times
[2026-06-06 13:46:43,227 INFO  L118   FreeRefinementEngine]: Executing refinement strategy CAMEL
[2026-06-06 13:46:43,227 INFO  L324   FreeRefinementEngine]: Using trace check IpTcStrategyModuleSmtInterpolCraig [2122470968]
[2026-06-06 13:46:43,227 INFO  L95    rtionOrderModulation]: Changing assertion order to NOT_INCREMENTALLY
[2026-06-06 13:46:43,227 INFO  L127          SolverBuilder]: Constructing new instance of SMTInterpol with explicit timeout -1 ms and remaining time -1 ms
[2026-06-06 13:46:43,229 INFO  L108    AnnotateAndAsserter]: Assert order NOT_INCREMENTALLY partitioned 11 statements into 1 equivalence classes.
[2026-06-06 13:46:43,231 INFO  L111    AnnotateAndAsserter]: Assert order NOT_INCREMENTALLY issued 1 check-sat command(s) and asserted 11 of 11 statements.
[2026-06-06 13:46:43,231 INFO  L114    AnnotateAndAsserter]: Assert order NOT_INCREMENTALLY issued 1 check-sat command(s)
[2026-06-06 13:46:43,231 INFO  L115    AnnotateAndAsserter]: Conjunction of SSA is unsat
[2026-06-06 13:46:43,235 INFO  L108    AnnotateAndAsserter]: Assert order MIX_INSIDE_OUTSIDE partitioned 9 statements into 4 equivalence classes.
[2026-06-06 13:46:43,239 INFO  L111    AnnotateAndAsserter]: Assert order MIX_INSIDE_OUTSIDE issued 4 check-sat command(s) and asserted 9 of 9 statements.
[2026-06-06 13:46:43,239 INFO  L114    AnnotateAndAsserter]: Assert order MIX_INSIDE_OUTSIDE issued 4 check-sat command(s)
[2026-06-06 13:46:43,239 INFO  L115    AnnotateAndAsserter]: Conjunction of SSA is unsat
[2026-06-06 13:46:43,240 INFO  L256         TraceCheckSpWp]: Trace formula consists of 32 conjuncts, 15 conjuncts are in the unsatisfiable core
[2026-06-06 13:46:43,240 INFO  L279         TraceCheckSpWp]: Computing forward predicates...
[2026-06-06 13:46:43,249 INFO  L134       CoverageAnalysis]: Checked inductivity of 21 backedges. 0 proven. 21 refuted. 0 times theorem prover too weak. 0 trivial. 0 not checked.
[2026-06-06 13:46:43,249 INFO  L312         TraceCheckSpWp]: Computing backward predicates...
[2026-06-06 13:46:43,257 INFO  L134       CoverageAnalysis]: Checked inductivity of 15 backedges. 0 proven. 15 refuted. 0 times theorem prover too weak. 0 trivial. 0 not checked.
[2026-06-06 13:46:43,257 INFO  L158   FreeRefinementEngine]: IpTcStrategyModuleZ3 [1894543978] provided 0 perfect and 2 imperfect interpolant sequences
[2026-06-06 13:46:43,257 INFO  L185   FreeRefinementEngine]: Found 0 perfect and 3 imperfect interpolant sequences.
[2026-06-06 13:46:43,257 INFO  L198   FreeRefinementEngine]: Number of different interpolants: perfect sequences [] imperfect sequences [7, 7, 7] total 14
[2026-06-06 13:46:43,257 INFO  L122   tionRefinementEngine]: Using interpolant automaton builder IpAbStrategyModuleStraightlineAll [477119631]
[2026-06-06 13:46:43,257 INFO  L85    oduleStraightlineAll]: Using 3 imperfect interpolants to construct interpolant automaton
[2026-06-06 13:46:43,257 INFO  L100   FreeRefinementEngine]: Using predicate unifier PredicateUnifier provided by strategy CAMEL
[2026-06-06 13:46:43,257 INFO  L144   InterpolantAutomaton]: Constructing interpolant automaton starting with 15 interpolants.
[2026-06-06 13:46:43,257 INFO  L146   InterpolantAutomaton]: CoverageRelationStatistics Valid=75, Invalid=135, Unknown=0, NotChecked=0, Total=210
[2026-06-06 13:46:43,257 INFO  L419   CegarNwaWorkerThread]: Difference in Worker for Generalization
[2026-06-06 13:46:43,257 INFO  L87              Difference]: Start difference. First operand  has 5 states, 3 states have (on average 1.6666666666666667) internal successors, (5), 4 states have internal predecessors, (5), 0 states have call successors, (0), 0 states have call predecessors, (0), 0 states have return successors, (0), 0 states have call predecessors, (0), 0 states have call successors, (0) Second operand  has 15 states, 15 states have (on average 1.1333333333333333) internal successors, (17), 14 states have internal predecessors, (17), 0 states have call successors, (0), 0 states have call predecessors, (0), 0 states have return successors, (0), 0 states have call predecessors, (0), 0 states have call successors, (0)
[2026-06-06 13:46:43,261 INFO  L134       CoverageAnalysis]: Checked inductivity of 10 backedges. 0 proven. 10 refuted. 0 times theorem prover too weak. 0 trivial. 0 not checked.
[2026-06-06 13:46:43,262 INFO  L158   FreeRefinementEngine]: IpTcStrategyModuleZ3 [777440359] provided 0 perfect and 2 imperfect interpolant sequences
[2026-06-06 13:46:43,262 INFO  L185   FreeRefinementEngine]: Found 0 perfect and 3 imperfect interpolant sequences.
[2026-06-06 13:46:43,262 INFO  L198   FreeRefinementEngine]: Number of different interpolants: perfect sequences [] imperfect sequences [6, 6, 6] total 12
[2026-06-06 13:46:43,262 INFO  L122   tionRefinementEngine]: Using interpolant automaton builder IpAbStrategyModuleStraightlineAll [846430694]
[2026-06-06 13:46:43,262 INFO  L85    oduleStraightlineAll]: Using 3 imperfect interpolants to construct interpolant automaton
[2026-06-06 13:46:43,262 INFO  L100   FreeRefinementEngine]: Using predicate unifier PredicateUnifier provided by strategy CAMEL
[2026-06-06 13:46:43,262 INFO  L144   InterpolantAutomaton]: Constructing interpolant automaton starting with 13 interpolants.
[2026-06-06 13:46:43,262 INFO  L146   InterpolantAutomaton]: CoverageRelationStatistics Valid=58, Invalid=98, Unknown=0, NotChecked=0, Total=156
[2026-06-06 13:46:43,262 INFO  L419   CegarNwaWorkerThread]: Difference in Worker for Generalization
[2026-06-06 13:46:43,262 INFO  L87              Difference]: Start difference. First operand  has 5 states, 3 states have (on average 1.6666666666666667) internal successors, (5), 4 states have internal predecessors, (5), 0 states have call successors, (0), 0 states have call predecessors, (0), 0 states have return successors, (0), 0 states have call predecessors, (0), 0 states have call successors, (0) Second operand  has 13 states, 13 states have (on average 1.1538461538461537) internal successors, (15), 12 states have internal predecessors, (15), 0 states have call successors, (0), 0 states have call predecessors, (0), 0 states have return successors, (0), 0 states have call predecessors, (0), 0 states have call successors, (0)
[2026-06-06 13:46:43,279 INFO  L134       CoverageAnalysis]: Checked inductivity of 36 backedges. 0 proven. 36 refuted. 0 times theorem prover too weak. 0 trivial. 0 not checked.
[2026-06-06 13:46:43,279 INFO  L136   FreeRefinementEngine]: Strategy CAMEL found an infeasible trace
[2026-06-06 13:46:43,280 INFO  L324   FreeRefinementEngine]: Using interpolant generator IpTcStrategyModuleSmtInterpolCraig [2122470968]
[2026-06-06 13:46:43,280 INFO  L158   FreeRefinementEngine]: IpTcStrategyModuleSmtInterpolCraig [2122470968] provided 0 perfect and 1 imperfect interpolant sequences
[2026-06-06 13:46:43,280 INFO  L324   FreeRefinementEngine]: Using interpolant generator IpTcStrategyModuleZ3 [395160504]
[2026-06-06 13:46:43,280 INFO  L95    rtionOrderModulation]: Changing assertion order to NOT_INCREMENTALLY
[2026-06-06 13:46:43,280 INFO  L173          SolverBuilder]: Constructing external solver with command: z3 -smt2 -in SMTLIB2_COMPLIANT=true
[2026-06-06 13:46:43,282 INFO  L189       MonitoredProcess]: No working directory specified, using /usr/bin/z3
[2026-06-06 13:46:43,283 INFO  L229       MonitoredProcess]: Starting monitored process 12 with /usr/bin/z3 -smt2 -in SMTLIB2_COMPLIANT=true (exit command is (exit), workingDir is null)
[2026-06-06 13:46:43,284 INFO  L327       MonitoredProcess]: [MP /usr/bin/z3 -smt2 -in SMTLIB2_COMPLIANT=true (12)] Waiting until timeout for monitored process
[2026-06-06 13:46:43,295 INFO  L108    AnnotateAndAsserter]: Assert order NOT_INCREMENTALLY partitioned 11 statements into 1 equivalence classes.
[2026-06-06 13:46:43,297 INFO  L111    AnnotateAndAsserter]: Assert order NOT_INCREMENTALLY issued 1 check-sat command(s) and asserted 11 of 11 statements.
[2026-06-06 13:46:43,298 INFO  L114    AnnotateAndAsserter]: Assert order NOT_INCREMENTALLY issued 1 check-sat command(s)
[2026-06-06 13:46:43,298 INFO  L115    AnnotateAndAsserter]: Conjunction of SSA is unsat
[2026-06-06 13:46:43,298 WARN  L254         TraceCheckSpWp]: Trace formula consists of 38 conjuncts, 19 conjuncts are in the unsatisfiable core
[2026-06-06 13:46:43,298 INFO  L279         TraceCheckSpWp]: Computing forward predicates...
[2026-06-06 13:46:43,301 INFO  L134       CoverageAnalysis]: Checked inductivity of 21 backedges. 0 proven. 21 refuted. 0 times theorem prover too weak. 0 trivial. 0 not checked.
[2026-06-06 13:46:43,302 INFO  L158   FreeRefinementEngine]: IpTcStrategyModuleZ3 [301473167] provided 0 perfect and 2 imperfect interpolant sequences
[2026-06-06 13:46:43,302 INFO  L185   FreeRefinementEngine]: Found 0 perfect and 3 imperfect interpolant sequences.
[2026-06-06 13:46:43,302 INFO  L198   FreeRefinementEngine]: Number of different interpolants: perfect sequences [] imperfect sequences [8, 8, 8] total 16
[2026-06-06 13:46:43,302 INFO  L122   tionRefinementEngine]: Using interpolant automaton builder IpAbStrategyModuleStraightlineAll [486373925]
[2026-06-06 13:46:43,302 INFO  L85    oduleStraightlineAll]: Using 3 imperfect interpolants to construct interpolant automaton
[2026-06-06 13:46:43,302 INFO  L100   FreeRefinementEngine]: Using predicate unifier PredicateUnifier provided by strategy CAMEL
[2026-06-06 13:46:43,302 INFO  L144   InterpolantAutomaton]: Constructing interpolant automaton starting with 17 interpolants.
[2026-06-06 13:46:43,302 INFO  L146   InterpolantAutomaton]: CoverageRelationStatistics Valid=94, Invalid=178, Unknown=0, NotChecked=0, Total=272
[2026-06-06 13:46:43,302 INFO  L419   CegarNwaWorkerThread]: Difference in Worker for Generalization
[2026-06-06 13:46:43,302 INFO  L87              Difference]: Start difference. First operand  has 5 states, 3 states have (on average 1.6666666666666667) internal successors, (5), 4 states have internal predecessors, (5), 0 states have call successors, (0), 0 states have call predecessors, (0), 0 states have return successors, (0), 0 states have call predecessors, (0), 0 states have call successors, (0) Second operand  has 17 states, 17 states have (on average 1.1176470588235294) internal successors, (19), 16 states have internal predecessors, (19), 0 states have call successors, (0), 0 states have call predecessors, (0), 0 states have return successors, (0), 0 states have call predecessors, (0), 0 states have call successors, (0)
[2026-06-06 13:46:43,307 INFO  L134       CoverageAnalysis]: Checked inductivity of 36 backedges. 0 proven. 36 refuted. 0 times theorem prover too weak. 0 trivial. 0 not checked.
[2026-06-06 13:46:43,307 INFO  L312         TraceCheckSpWp]: Computing backward predicates...
[2026-06-06 13:46:43,345 INFO  L144             Difference]: Subtrahend was deterministic. Have not used determinization.
[2026-06-06 13:46:43,345 INFO  L93              Difference]: Finished difference Result 14 states and 14 transitions.
[2026-06-06 13:46:43,345 INFO  L140   InterpolantAutomaton]: Switched to read-only mode: deterministic interpolant automaton has 12 states. 
[2026-06-06 13:46:43,345 INFO  L225             Difference]: With dead ends: 14
[2026-06-06 13:46:43,345 INFO  L226             Difference]: Without dead ends: 14
[2026-06-06 13:46:43,345 INFO  L487   CegarNwaWorkerThread]: 0 DeclaredPredicates, 22 GetRequests, 7 SyntacticMatches, 0 SemanticMatches, 15 ConstructedPredicates, 0 IntricatePredicates, 0 DeprecatedPredicates, 25 ImplicationChecksByTransitivity, 0.1s TimeCoverageRelationStatistics Valid=110, Invalid=162, Unknown=0, NotChecked=0, Total=272
[2026-06-06 13:46:43,346 INFO  L488   CegarNwaWorkerThread]: 3 mSDtfsCounter, 0 mSDsluCounter, 7 mSDsCounter, 0 mSdLazyCounter, 41 mSolverCounterSat, 1 mSolverCounterUnsat, 0 mSolverCounterUnknown, 0 mSolverCounterNotChecked, 0.0s Time, 0 mProtectedPredicate, 0 mProtectedAction, 0 SdHoareTripleChecker+Valid, 10 SdHoareTripleChecker+Invalid, 42 SdHoareTripleChecker+Unknown, 0 SdHoareTripleChecker+Unchecked, 0.0s SdHoareTripleChecker+Time, 1 IncrementalHoareTripleChecker+Valid, 41 IncrementalHoareTripleChecker+Invalid, 0 IncrementalHoareTripleChecker+Unknown, 0 IncrementalHoareTripleChecker+Unchecked, 0.0s IncrementalHoareTripleChecker+Time
[2026-06-06 13:46:43,346 INFO  L489   CegarNwaWorkerThread]: SdHoareTripleChecker [0 Valid, 10 Invalid, 42 Unknown, 0 Unchecked, 0.0s Time], IncrementalHoareTripleChecker [1 Valid, 41 Invalid, 0 Unknown, 0 Unchecked, 0.0s Time]
[2026-06-06 13:46:43,346 INFO  L224   CegarNwaWorkerThread]: Done with Thread: 86#
[2026-06-06 13:46:43,346 INFO  L196   CegarNwaWorkerThread]: WorkerThread: Thread[#86,Worker for 1949894467,5,main] is Waiting for a Task
[2026-06-06 13:46:43,346 INFO  L657   ParallelNwaCegarLoop]: Waking up, a worker is done.
[2026-06-06 13:46:43,346 INFO  L297   ParallelNwaCegarLoop]: Main: A Thread is Done
[2026-06-06 13:46:43,346 INFO  L315   ParallelNwaCegarLoop]: Worker Automaton Type: FLOYD_HOARE
[2026-06-06 13:46:43,346 INFO  L79                 Accepts]: Start accepts. Automaton has 12 states and 12 transitions. Word has length 7
[2026-06-06 13:46:43,346 INFO  L85                 Accepts]: Finished accepts. word is rejected.
[2026-06-06 13:46:43,346 INFO  L771   ParallelNwaCegarLoop]: Recorded stale counterexample prefix coverage.
[2026-06-06 13:46:43,346 INFO  L317   ParallelNwaCegarLoop]: Refining Abstraction
[2026-06-06 13:46:43,347 INFO  L721   ParallelNwaCegarLoop]: Subtrahend traceHash: 1949894467
[2026-06-06 13:46:43,347 INFO  L687   ParallelNwaCegarLoop]: Difference in Main
[2026-06-06 13:46:43,347 INFO  L87              Difference]: Start difference. First operand 12 states and 12 transitions. Second operand  has 12 states, 11 states have (on average 2.272727272727273) internal successors, (25), 12 states have internal predecessors, (25), 0 states have call successors, (0), 0 states have call predecessors, (0), 0 states have return successors, (0), 0 states have call predecessors, (0), 0 states have call successors, (0)
[2026-06-06 13:46:43,347 INFO  L144             Difference]: Subtrahend was deterministic. Have not used determinization.
[2026-06-06 13:46:43,347 INFO  L93              Difference]: Finished difference Result 14 states and 14 transitions.
[2026-06-06 13:46:43,347 INFO  L225             Difference]: With dead ends: 14
[2026-06-06 13:46:43,347 INFO  L226             Difference]: Without dead ends: 14
[2026-06-06 13:46:43,348 INFO  L82        GeneralOperation]: Start minimizeSevpa. Operand 14 states.
[2026-06-06 13:46:43,348 INFO  L88        GeneralOperation]: Finished minimizeSevpa. Reduced states from 14 to 14.
[2026-06-06 13:46:43,348 INFO  L82        GeneralOperation]: Start removeUnreachable. Operand  has 14 states, 13 states have (on average 1.0769230769230769) internal successors, (14), 13 states have internal predecessors, (14), 0 states have call successors, (0), 0 states have call predecessors, (0), 0 states have return successors, (0), 0 states have call predecessors, (0), 0 states have call successors, (0)
[2026-06-06 13:46:43,348 INFO  L88        GeneralOperation]: Finished removeUnreachable. Reduced from 14 states to 14 states and 14 transitions.
[2026-06-06 13:46:43,348 INFO  L699   ParallelNwaCegarLoop]: Main: Refinement done.
[2026-06-06 13:46:43,348 INFO  L617   ParallelNwaCegarLoop]: Checking if program is safe
[2026-06-06 13:46:43,348 INFO  L290                IsEmpty]: Start isEmpty. Operand 14 states and 14 transitions.
[2026-06-06 13:46:43,348 INFO  L300                IsEmpty]: Finished isEmpty. Found accepting run of length 14
[2026-06-06 13:46:43,348 INFO  L199           NwaCegarLoop]: Found error trace
[2026-06-06 13:46:43,348 INFO  L207           NwaCegarLoop]: trace histogram [10, 1, 1, 1]
[2026-06-06 13:46:43,348 INFO  L340   ParallelNwaCegarLoop]: No more worker results to process
[2026-06-06 13:46:43,348 INFO  L290                IsEmpty]: Start isEmpty. Operand 14 states and 14 transitions.
[2026-06-06 13:46:43,348 INFO  L300                IsEmpty]: Finished isEmpty. Found accepting run of length 14
[2026-06-06 13:46:43,348 WARN  L753                IsEmpty]: Correctness of emptinessCheck not tested.
[2026-06-06 13:46:43,348 INFO  L79                 Accepts]: Start accepts. Automaton has 14 states and 14 transitions. Word has length 13
[2026-06-06 13:46:43,348 INFO  L85                 Accepts]: Finished accepts. word is accepted.
[2026-06-06 13:46:43,348 INFO  L757                IsEmpty]: Finished testing correctness of emptinessCheck
[2026-06-06 13:46:43,348 INFO  L1052  ParallelNwaCegarLoop]: Found new Counterexample via BFS!
[2026-06-06 13:46:43,348 INFO  L86        PathProgramCache]: Analyzing trace with hash 1000801955, now seen corresponding path program 8 times
[2026-06-06 13:46:43,348 INFO  L637   ParallelNwaCegarLoop]: Main: Starting Thread
[2026-06-06 13:46:43,348 INFO  L287   ParallelNwaCegarLoop]: === Iteration 7 ===
[2026-06-06 13:46:43,348 INFO  L654   ParallelNwaCegarLoop]: All threads busy, going to sleep.
[2026-06-06 13:46:43,348 INFO  L209   CegarNwaWorkerThread]: Starting Thread: 86# for Trace Check: 1000801955
[2026-06-06 13:46:43,349 INFO  L156       PredicateUnifier]: Initialized classic predicate unifier
[2026-06-06 13:46:43,349 INFO  L86        PathProgramCache]: Analyzing trace with hash 1000801955, now seen corresponding path program 8 times
[2026-06-06 13:46:43,349 INFO  L118   FreeRefinementEngine]: Executing refinement strategy CAMEL
[2026-06-06 13:46:43,349 INFO  L324   FreeRefinementEngine]: Using trace check IpTcStrategyModuleSmtInterpolCraig [719210043]
[2026-06-06 13:46:43,349 INFO  L95    rtionOrderModulation]: Changing assertion order to OUTSIDE_LOOP_FIRST1
[2026-06-06 13:46:43,349 INFO  L127          SolverBuilder]: Constructing new instance of SMTInterpol with explicit timeout -1 ms and remaining time -1 ms
[2026-06-06 13:46:43,350 INFO  L108    AnnotateAndAsserter]: Assert order OUTSIDE_LOOP_FIRST1 partitioned 13 statements into 2 equivalence classes.
[2026-06-06 13:46:43,352 INFO  L111    AnnotateAndAsserter]: Assert order OUTSIDE_LOOP_FIRST1 issued 2 check-sat command(s) and asserted 13 of 13 statements.
[2026-06-06 13:46:43,352 INFO  L114    AnnotateAndAsserter]: Assert order OUTSIDE_LOOP_FIRST1 issued 2 check-sat command(s)
[2026-06-06 13:46:43,352 INFO  L115    AnnotateAndAsserter]: Conjunction of SSA is unsat
[2026-06-06 13:46:43,375 INFO  L134       CoverageAnalysis]: Checked inductivity of 36 backedges. 0 proven. 36 refuted. 0 times theorem prover too weak. 0 trivial. 0 not checked.
[2026-06-06 13:46:43,375 INFO  L158   FreeRefinementEngine]: IpTcStrategyModuleZ3 [395160504] provided 0 perfect and 2 imperfect interpolant sequences
[2026-06-06 13:46:43,375 INFO  L185   FreeRefinementEngine]: Found 0 perfect and 3 imperfect interpolant sequences.
[2026-06-06 13:46:43,375 INFO  L198   FreeRefinementEngine]: Number of different interpolants: perfect sequences [] imperfect sequences [10, 10, 10] total 20
[2026-06-06 13:46:43,375 INFO  L122   tionRefinementEngine]: Using interpolant automaton builder IpAbStrategyModuleStraightlineAll [1660215767]
[2026-06-06 13:46:43,375 INFO  L85    oduleStraightlineAll]: Using 3 imperfect interpolants to construct interpolant automaton
[2026-06-06 13:46:43,375 INFO  L100   FreeRefinementEngine]: Using predicate unifier PredicateUnifier provided by strategy CAMEL
[2026-06-06 13:46:43,376 INFO  L144   InterpolantAutomaton]: Constructing interpolant automaton starting with 21 interpolants.
[2026-06-06 13:46:43,376 INFO  L146   InterpolantAutomaton]: CoverageRelationStatistics Valid=136, Invalid=284, Unknown=0, NotChecked=0, Total=420
[2026-06-06 13:46:43,376 INFO  L419   CegarNwaWorkerThread]: Difference in Worker for Generalization
[2026-06-06 13:46:43,376 INFO  L87              Difference]: Start difference. First operand  has 5 states, 3 states have (on average 1.6666666666666667) internal successors, (5), 4 states have internal predecessors, (5), 0 states have call successors, (0), 0 states have call predecessors, (0), 0 states have return successors, (0), 0 states have call predecessors, (0), 0 states have call successors, (0) Second operand  has 21 states, 21 states have (on average 1.0952380952380953) internal successors, (23), 20 states have internal predecessors, (23), 0 states have call successors, (0), 0 states have call predecessors, (0), 0 states have return successors, (0), 0 states have call predecessors, (0), 0 states have call successors, (0)
[2026-06-06 13:46:43,396 INFO  L134       CoverageAnalysis]: Checked inductivity of 55 backedges. 0 proven. 55 refuted. 0 times theorem prover too weak. 0 trivial. 0 not checked.
[2026-06-06 13:46:43,396 INFO  L136   FreeRefinementEngine]: Strategy CAMEL found an infeasible trace
[2026-06-06 13:46:43,396 INFO  L324   FreeRefinementEngine]: Using interpolant generator IpTcStrategyModuleSmtInterpolCraig [719210043]
[2026-06-06 13:46:43,396 INFO  L158   FreeRefinementEngine]: IpTcStrategyModuleSmtInterpolCraig [719210043] provided 0 perfect and 1 imperfect interpolant sequences
[2026-06-06 13:46:43,396 INFO  L324   FreeRefinementEngine]: Using interpolant generator IpTcStrategyModuleZ3 [751772041]
[2026-06-06 13:46:43,396 INFO  L95    rtionOrderModulation]: Changing assertion order to OUTSIDE_LOOP_FIRST1
[2026-06-06 13:46:43,396 INFO  L173          SolverBuilder]: Constructing external solver with command: z3 -smt2 -in SMTLIB2_COMPLIANT=true
[2026-06-06 13:46:43,397 INFO  L144             Difference]: Subtrahend was deterministic. Have not used determinization.
[2026-06-06 13:46:43,397 INFO  L93              Difference]: Finished difference Result 16 states and 16 transitions.
[2026-06-06 13:46:43,397 INFO  L140   InterpolantAutomaton]: Switched to read-only mode: deterministic interpolant automaton has 14 states. 
[2026-06-06 13:46:43,397 INFO  L225             Difference]: With dead ends: 16
[2026-06-06 13:46:43,397 INFO  L226             Difference]: Without dead ends: 16
[2026-06-06 13:46:43,397 INFO  L487   CegarNwaWorkerThread]: 0 DeclaredPredicates, 26 GetRequests, 8 SyntacticMatches, 0 SemanticMatches, 18 ConstructedPredicates, 0 IntricatePredicates, 0 DeprecatedPredicates, 33 ImplicationChecksByTransitivity, 0.2s TimeCoverageRelationStatistics Valid=150, Invalid=230, Unknown=0, NotChecked=0, Total=380
[2026-06-06 13:46:43,398 INFO  L189       MonitoredProcess]: No working directory specified, using /usr/bin/z3
[2026-06-06 13:46:43,398 INFO  L488   CegarNwaWorkerThread]: 3 mSDtfsCounter, 0 mSDsluCounter, 9 mSDsCounter, 0 mSdLazyCounter, 54 mSolverCounterSat, 1 mSolverCounterUnsat, 0 mSolverCounterUnknown, 0 mSolverCounterNotChecked, 0.0s Time, 0 mProtectedPredicate, 0 mProtectedAction, 0 SdHoareTripleChecker+Valid, 12 SdHoareTripleChecker+Invalid, 55 SdHoareTripleChecker+Unknown, 0 SdHoareTripleChecker+Unchecked, 0.0s SdHoareTripleChecker+Time, 1 IncrementalHoareTripleChecker+Valid, 54 IncrementalHoareTripleChecker+Invalid, 0 IncrementalHoareTripleChecker+Unknown, 0 IncrementalHoareTripleChecker+Unchecked, 0.0s IncrementalHoareTripleChecker+Time
[2026-06-06 13:46:43,398 INFO  L489   CegarNwaWorkerThread]: SdHoareTripleChecker [0 Valid, 12 Invalid, 55 Unknown, 0 Unchecked, 0.0s Time], IncrementalHoareTripleChecker [1 Valid, 54 Invalid, 0 Unknown, 0 Unchecked, 0.0s Time]
[2026-06-06 13:46:43,398 INFO  L224   CegarNwaWorkerThread]: Done with Thread: 80#
[2026-06-06 13:46:43,398 INFO  L196   CegarNwaWorkerThread]: WorkerThread: Thread[#80,Worker for 317188140,5,main] is Waiting for a Task
[2026-06-06 13:46:43,398 INFO  L657   ParallelNwaCegarLoop]: Waking up, a worker is done.
[2026-06-06 13:46:43,398 INFO  L297   ParallelNwaCegarLoop]: Main: A Thread is Done
[2026-06-06 13:46:43,398 INFO  L315   ParallelNwaCegarLoop]: Worker Automaton Type: FLOYD_HOARE
[2026-06-06 13:46:43,398 INFO  L79                 Accepts]: Start accepts. Automaton has 14 states and 14 transitions. Word has length 8
[2026-06-06 13:46:43,398 INFO  L85                 Accepts]: Finished accepts. word is rejected.
[2026-06-06 13:46:43,398 INFO  L771   ParallelNwaCegarLoop]: Recorded stale counterexample prefix coverage.
[2026-06-06 13:46:43,398 INFO  L317   ParallelNwaCegarLoop]: Refining Abstraction
[2026-06-06 13:46:43,398 INFO  L721   ParallelNwaCegarLoop]: Subtrahend traceHash: 317188140
[2026-06-06 13:46:43,398 INFO  L687   ParallelNwaCegarLoop]: Difference in Main
[2026-06-06 13:46:43,398 INFO  L87              Difference]: Start difference. First operand 14 states and 14 transitions. Second operand  has 14 states, 13 states have (on average 2.230769230769231) internal successors, (29), 14 states have internal predecessors, (29), 0 states have call successors, (0), 0 states have call predecessors, (0), 0 states have return successors, (0), 0 states have call predecessors, (0), 0 states have call successors, (0)
[2026-06-06 13:46:43,399 INFO  L144             Difference]: Subtrahend was deterministic. Have not used determinization.
[2026-06-06 13:46:43,399 INFO  L93              Difference]: Finished difference Result 16 states and 16 transitions.
[2026-06-06 13:46:43,399 INFO  L225             Difference]: With dead ends: 16
[2026-06-06 13:46:43,399 INFO  L226             Difference]: Without dead ends: 16
[2026-06-06 13:46:43,399 INFO  L82        GeneralOperation]: Start minimizeSevpa. Operand 16 states.
[2026-06-06 13:46:43,399 INFO  L88        GeneralOperation]: Finished minimizeSevpa. Reduced states from 16 to 16.
[2026-06-06 13:46:43,399 INFO  L82        GeneralOperation]: Start removeUnreachable. Operand  has 16 states, 15 states have (on average 1.0666666666666667) internal successors, (16), 15 states have internal predecessors, (16), 0 states have call successors, (0), 0 states have call predecessors, (0), 0 states have return successors, (0), 0 states have call predecessors, (0), 0 states have call successors, (0)
[2026-06-06 13:46:43,399 INFO  L88        GeneralOperation]: Finished removeUnreachable. Reduced from 16 states to 16 states and 16 transitions.
[2026-06-06 13:46:43,399 INFO  L699   ParallelNwaCegarLoop]: Main: Refinement done.
[2026-06-06 13:46:43,399 INFO  L617   ParallelNwaCegarLoop]: Checking if program is safe
[2026-06-06 13:46:43,399 INFO  L290                IsEmpty]: Start isEmpty. Operand 16 states and 16 transitions.
[2026-06-06 13:46:43,399 INFO  L229       MonitoredProcess]: Starting monitored process 13 with /usr/bin/z3 -smt2 -in SMTLIB2_COMPLIANT=true (exit command is (exit), workingDir is null)
[2026-06-06 13:46:43,399 INFO  L300                IsEmpty]: Finished isEmpty. Found accepting run of length 16
[2026-06-06 13:46:43,399 INFO  L199           NwaCegarLoop]: Found error trace
[2026-06-06 13:46:43,400 INFO  L207           NwaCegarLoop]: trace histogram [12, 1, 1, 1]
[2026-06-06 13:46:43,400 INFO  L340   ParallelNwaCegarLoop]: No more worker results to process
[2026-06-06 13:46:43,400 INFO  L290                IsEmpty]: Start isEmpty. Operand 16 states and 16 transitions.
[2026-06-06 13:46:43,400 INFO  L300                IsEmpty]: Finished isEmpty. Found accepting run of length 16
[2026-06-06 13:46:43,400 WARN  L753                IsEmpty]: Correctness of emptinessCheck not tested.
[2026-06-06 13:46:43,400 INFO  L79                 Accepts]: Start accepts. Automaton has 16 states and 16 transitions. Word has length 15
[2026-06-06 13:46:43,400 INFO  L85                 Accepts]: Finished accepts. word is accepted.
[2026-06-06 13:46:43,400 INFO  L757                IsEmpty]: Finished testing correctness of emptinessCheck
[2026-06-06 13:46:43,400 INFO  L1052  ParallelNwaCegarLoop]: Found new Counterexample via BFS!
[2026-06-06 13:46:43,400 INFO  L327       MonitoredProcess]: [MP /usr/bin/z3 -smt2 -in SMTLIB2_COMPLIANT=true (13)] Waiting until timeout for monitored process
[2026-06-06 13:46:43,400 INFO  L86        PathProgramCache]: Analyzing trace with hash -301937725, now seen corresponding path program 9 times
[2026-06-06 13:46:43,400 INFO  L637   ParallelNwaCegarLoop]: Main: Starting Thread
[2026-06-06 13:46:43,400 INFO  L209   CegarNwaWorkerThread]: Starting Thread: 80# for Trace Check: -301937725
[2026-06-06 13:46:43,400 INFO  L287   ParallelNwaCegarLoop]: === Iteration 8 ===
[2026-06-06 13:46:43,400 INFO  L654   ParallelNwaCegarLoop]: All threads busy, going to sleep.
[2026-06-06 13:46:43,400 INFO  L156       PredicateUnifier]: Initialized classic predicate unifier
[2026-06-06 13:46:43,400 INFO  L86        PathProgramCache]: Analyzing trace with hash -301937725, now seen corresponding path program 9 times
[2026-06-06 13:46:43,400 INFO  L118   FreeRefinementEngine]: Executing refinement strategy CAMEL
[2026-06-06 13:46:43,400 INFO  L324   FreeRefinementEngine]: Using trace check IpTcStrategyModuleSmtInterpolCraig [261888585]
[2026-06-06 13:46:43,400 INFO  L95    rtionOrderModulation]: Changing assertion order to OUTSIDE_LOOP_FIRST2
[2026-06-06 13:46:43,400 INFO  L127          SolverBuilder]: Constructing new instance of SMTInterpol with explicit timeout -1 ms and remaining time -1 ms
[2026-06-06 13:46:43,401 INFO  L108    AnnotateAndAsserter]: Assert order OUTSIDE_LOOP_FIRST2 partitioned 15 statements into 7 equivalence classes.
[2026-06-06 13:46:43,405 INFO  L111    AnnotateAndAsserter]: Assert order OUTSIDE_LOOP_FIRST2 issued 7 check-sat command(s) and asserted 15 of 15 statements.
[2026-06-06 13:46:43,405 INFO  L114    AnnotateAndAsserter]: Assert order OUTSIDE_LOOP_FIRST2 issued 7 check-sat command(s)
[2026-06-06 13:46:43,405 INFO  L115    AnnotateAndAsserter]: Conjunction of SSA is unsat
[2026-06-06 13:46:43,413 INFO  L108    AnnotateAndAsserter]: Assert order OUTSIDE_LOOP_FIRST1 partitioned 13 statements into 2 equivalence classes.
[2026-06-06 13:46:43,418 INFO  L111    AnnotateAndAsserter]: Assert order OUTSIDE_LOOP_FIRST1 issued 2 check-sat command(s) and asserted 13 of 13 statements.
[2026-06-06 13:46:43,418 INFO  L114    AnnotateAndAsserter]: Assert order OUTSIDE_LOOP_FIRST1 issued 2 check-sat command(s)
[2026-06-06 13:46:43,418 INFO  L115    AnnotateAndAsserter]: Conjunction of SSA is unsat
[2026-06-06 13:46:43,418 WARN  L254         TraceCheckSpWp]: Trace formula consists of 44 conjuncts, 23 conjuncts are in the unsatisfiable core
[2026-06-06 13:46:43,419 INFO  L279         TraceCheckSpWp]: Computing forward predicates...
[2026-06-06 13:46:43,435 INFO  L134       CoverageAnalysis]: Checked inductivity of 55 backedges. 0 proven. 55 refuted. 0 times theorem prover too weak. 0 trivial. 0 not checked.
[2026-06-06 13:46:43,436 INFO  L312         TraceCheckSpWp]: Computing backward predicates...
[2026-06-06 13:46:43,467 INFO  L134       CoverageAnalysis]: Checked inductivity of 78 backedges. 0 proven. 78 refuted. 0 times theorem prover too weak. 0 trivial. 0 not checked.
[2026-06-06 13:46:43,467 INFO  L136   FreeRefinementEngine]: Strategy CAMEL found an infeasible trace
[2026-06-06 13:46:43,467 INFO  L324   FreeRefinementEngine]: Using interpolant generator IpTcStrategyModuleSmtInterpolCraig [261888585]
[2026-06-06 13:46:43,467 INFO  L158   FreeRefinementEngine]: IpTcStrategyModuleSmtInterpolCraig [261888585] provided 0 perfect and 1 imperfect interpolant sequences
[2026-06-06 13:46:43,467 INFO  L324   FreeRefinementEngine]: Using interpolant generator IpTcStrategyModuleZ3 [861608541]
[2026-06-06 13:46:43,468 INFO  L95    rtionOrderModulation]: Changing assertion order to OUTSIDE_LOOP_FIRST2
[2026-06-06 13:46:43,468 INFO  L173          SolverBuilder]: Constructing external solver with command: z3 -smt2 -in SMTLIB2_COMPLIANT=true
[2026-06-06 13:46:43,469 INFO  L189       MonitoredProcess]: No working directory specified, using /usr/bin/z3
[2026-06-06 13:46:43,471 INFO  L229       MonitoredProcess]: Starting monitored process 14 with /usr/bin/z3 -smt2 -in SMTLIB2_COMPLIANT=true (exit command is (exit), workingDir is null)
[2026-06-06 13:46:43,471 INFO  L327       MonitoredProcess]: [MP /usr/bin/z3 -smt2 -in SMTLIB2_COMPLIANT=true (14)] Waiting until timeout for monitored process
[2026-06-06 13:46:43,483 INFO  L108    AnnotateAndAsserter]: Assert order OUTSIDE_LOOP_FIRST2 partitioned 15 statements into 7 equivalence classes.
[2026-06-06 13:46:43,492 INFO  L111    AnnotateAndAsserter]: Assert order OUTSIDE_LOOP_FIRST2 issued 7 check-sat command(s) and asserted 15 of 15 statements.
[2026-06-06 13:46:43,492 INFO  L114    AnnotateAndAsserter]: Assert order OUTSIDE_LOOP_FIRST2 issued 7 check-sat command(s)
[2026-06-06 13:46:43,492 INFO  L115    AnnotateAndAsserter]: Conjunction of SSA is unsat
[2026-06-06 13:46:43,492 WARN  L254         TraceCheckSpWp]: Trace formula consists of 50 conjuncts, 27 conjuncts are in the unsatisfiable core
[2026-06-06 13:46:43,493 INFO  L279         TraceCheckSpWp]: Computing forward predicates...
[2026-06-06 13:46:43,504 INFO  L134       CoverageAnalysis]: Checked inductivity of 78 backedges. 0 proven. 78 refuted. 0 times theorem prover too weak. 0 trivial. 0 not checked.
[2026-06-06 13:46:43,504 INFO  L312         TraceCheckSpWp]: Computing backward predicates...
[2026-06-06 13:46:43,512 INFO  L134       CoverageAnalysis]: Checked inductivity of 55 backedges. 0 proven. 55 refuted. 0 times theorem prover too weak. 0 trivial. 0 not checked.
[2026-06-06 13:46:43,512 INFO  L158   FreeRefinementEngine]: IpTcStrategyModuleZ3 [751772041] provided 0 perfect and 2 imperfect interpolant sequences
[2026-06-06 13:46:43,512 INFO  L185   FreeRefinementEngine]: Found 0 perfect and 3 imperfect interpolant sequences.
[2026-06-06 13:46:43,512 INFO  L198   FreeRefinementEngine]: Number of different interpolants: perfect sequences [] imperfect sequences [12, 12, 12] total 24
[2026-06-06 13:46:43,512 INFO  L122   tionRefinementEngine]: Using interpolant automaton builder IpAbStrategyModuleStraightlineAll [1731517848]
[2026-06-06 13:46:43,512 INFO  L85    oduleStraightlineAll]: Using 3 imperfect interpolants to construct interpolant automaton
[2026-06-06 13:46:43,512 INFO  L100   FreeRefinementEngine]: Using predicate unifier PredicateUnifier provided by strategy CAMEL
[2026-06-06 13:46:43,512 INFO  L144   InterpolantAutomaton]: Constructing interpolant automaton starting with 25 interpolants.
[2026-06-06 13:46:43,513 INFO  L146   InterpolantAutomaton]: CoverageRelationStatistics Valid=170, Invalid=430, Unknown=0, NotChecked=0, Total=600
[2026-06-06 13:46:43,513 INFO  L419   CegarNwaWorkerThread]: Difference in Worker for Generalization
[2026-06-06 13:46:43,513 INFO  L87              Difference]: Start difference. First operand  has 5 states, 3 states have (on average 1.6666666666666667) internal successors, (5), 4 states have internal predecessors, (5), 0 states have call successors, (0), 0 states have call predecessors, (0), 0 states have return successors, (0), 0 states have call predecessors, (0), 0 states have call successors, (0) Second operand  has 25 states, 25 states have (on average 1.08) internal successors, (27), 24 states have internal predecessors, (27), 0 states have call successors, (0), 0 states have call predecessors, (0), 0 states have return successors, (0), 0 states have call predecessors, (0), 0 states have call successors, (0)
[2026-06-06 13:46:43,544 INFO  L144             Difference]: Subtrahend was deterministic. Have not used determinization.
[2026-06-06 13:46:43,544 INFO  L93              Difference]: Finished difference Result 18 states and 18 transitions.
[2026-06-06 13:46:43,544 INFO  L140   InterpolantAutomaton]: Switched to read-only mode: deterministic interpolant automaton has 16 states. 
[2026-06-06 13:46:43,544 INFO  L225             Difference]: With dead ends: 18
[2026-06-06 13:46:43,544 INFO  L226             Difference]: Without dead ends: 18
[2026-06-06 13:46:43,544 INFO  L487   CegarNwaWorkerThread]: 0 DeclaredPredicates, 30 GetRequests, 9 SyntacticMatches, 0 SemanticMatches, 21 ConstructedPredicates, 0 IntricatePredicates, 0 DeprecatedPredicates, 42 ImplicationChecksByTransitivity, 0.3s TimeCoverageRelationStatistics Valid=196, Invalid=310, Unknown=0, NotChecked=0, Total=506
[2026-06-06 13:46:43,545 INFO  L488   CegarNwaWorkerThread]: 3 mSDtfsCounter, 0 mSDsluCounter, 8 mSDsCounter, 0 mSdLazyCounter, 68 mSolverCounterSat, 1 mSolverCounterUnsat, 0 mSolverCounterUnknown, 0 mSolverCounterNotChecked, 0.0s Time, 0 mProtectedPredicate, 0 mProtectedAction, 0 SdHoareTripleChecker+Valid, 11 SdHoareTripleChecker+Invalid, 69 SdHoareTripleChecker+Unknown, 0 SdHoareTripleChecker+Unchecked, 0.0s SdHoareTripleChecker+Time, 1 IncrementalHoareTripleChecker+Valid, 68 IncrementalHoareTripleChecker+Invalid, 0 IncrementalHoareTripleChecker+Unknown, 0 IncrementalHoareTripleChecker+Unchecked, 0.0s IncrementalHoareTripleChecker+Time
[2026-06-06 13:46:43,545 INFO  L489   CegarNwaWorkerThread]: SdHoareTripleChecker [0 Valid, 11 Invalid, 69 Unknown, 0 Unchecked, 0.0s Time], IncrementalHoareTripleChecker [1 Valid, 68 Invalid, 0 Unknown, 0 Unchecked, 0.0s Time]
[2026-06-06 13:46:43,545 INFO  L224   CegarNwaWorkerThread]: Done with Thread: 92#
[2026-06-06 13:46:43,545 INFO  L196   CegarNwaWorkerThread]: WorkerThread: Thread[#92,Worker for 1242899555,5,main] is Waiting for a Task
[2026-06-06 13:46:43,545 INFO  L657   ParallelNwaCegarLoop]: Waking up, a worker is done.
[2026-06-06 13:46:43,545 INFO  L297   ParallelNwaCegarLoop]: Main: A Thread is Done
[2026-06-06 13:46:43,545 INFO  L315   ParallelNwaCegarLoop]: Worker Automaton Type: FLOYD_HOARE
[2026-06-06 13:46:43,545 INFO  L79                 Accepts]: Start accepts. Automaton has 16 states and 16 transitions. Word has length 9
[2026-06-06 13:46:43,545 INFO  L85                 Accepts]: Finished accepts. word is rejected.
[2026-06-06 13:46:43,545 INFO  L771   ParallelNwaCegarLoop]: Recorded stale counterexample prefix coverage.
[2026-06-06 13:46:43,545 INFO  L317   ParallelNwaCegarLoop]: Refining Abstraction
[2026-06-06 13:46:43,545 INFO  L721   ParallelNwaCegarLoop]: Subtrahend traceHash: 1242899555
[2026-06-06 13:46:43,545 INFO  L687   ParallelNwaCegarLoop]: Difference in Main
[2026-06-06 13:46:43,545 INFO  L87              Difference]: Start difference. First operand 16 states and 16 transitions. Second operand  has 16 states, 15 states have (on average 2.2) internal successors, (33), 16 states have internal predecessors, (33), 0 states have call successors, (0), 0 states have call predecessors, (0), 0 states have return successors, (0), 0 states have call predecessors, (0), 0 states have call successors, (0)
[2026-06-06 13:46:43,546 INFO  L144             Difference]: Subtrahend was deterministic. Have not used determinization.
[2026-06-06 13:46:43,546 INFO  L93              Difference]: Finished difference Result 18 states and 18 transitions.
[2026-06-06 13:46:43,546 INFO  L225             Difference]: With dead ends: 18
[2026-06-06 13:46:43,546 INFO  L226             Difference]: Without dead ends: 18
[2026-06-06 13:46:43,546 INFO  L82        GeneralOperation]: Start minimizeSevpa. Operand 18 states.
[2026-06-06 13:46:43,546 INFO  L88        GeneralOperation]: Finished minimizeSevpa. Reduced states from 18 to 18.
[2026-06-06 13:46:43,546 INFO  L82        GeneralOperation]: Start removeUnreachable. Operand  has 18 states, 17 states have (on average 1.0588235294117647) internal successors, (18), 17 states have internal predecessors, (18), 0 states have call successors, (0), 0 states have call predecessors, (0), 0 states have return successors, (0), 0 states have call predecessors, (0), 0 states have call successors, (0)
[2026-06-06 13:46:43,547 INFO  L88        GeneralOperation]: Finished removeUnreachable. Reduced from 18 states to 18 states and 18 transitions.
[2026-06-06 13:46:43,547 INFO  L699   ParallelNwaCegarLoop]: Main: Refinement done.
[2026-06-06 13:46:43,547 INFO  L617   ParallelNwaCegarLoop]: Checking if program is safe
[2026-06-06 13:46:43,547 INFO  L290                IsEmpty]: Start isEmpty. Operand 18 states and 18 transitions.
[2026-06-06 13:46:43,547 INFO  L300                IsEmpty]: Finished isEmpty. Found accepting run of length 18
[2026-06-06 13:46:43,547 INFO  L199           NwaCegarLoop]: Found error trace
[2026-06-06 13:46:43,547 INFO  L207           NwaCegarLoop]: trace histogram [14, 1, 1, 1]
[2026-06-06 13:46:43,547 INFO  L340   ParallelNwaCegarLoop]: No more worker results to process
[2026-06-06 13:46:43,547 INFO  L290                IsEmpty]: Start isEmpty. Operand 18 states and 18 transitions.
[2026-06-06 13:46:43,547 INFO  L300                IsEmpty]: Finished isEmpty. Found accepting run of length 18
[2026-06-06 13:46:43,547 WARN  L753                IsEmpty]: Correctness of emptinessCheck not tested.
[2026-06-06 13:46:43,547 INFO  L79                 Accepts]: Start accepts. Automaton has 18 states and 18 transitions. Word has length 17
[2026-06-06 13:46:43,547 INFO  L85                 Accepts]: Finished accepts. word is accepted.
[2026-06-06 13:46:43,547 INFO  L757                IsEmpty]: Finished testing correctness of emptinessCheck
[2026-06-06 13:46:43,547 INFO  L1052  ParallelNwaCegarLoop]: Found new Counterexample via BFS!
[2026-06-06 13:46:43,547 INFO  L86        PathProgramCache]: Analyzing trace with hash 1895680227, now seen corresponding path program 10 times
[2026-06-06 13:46:43,547 INFO  L637   ParallelNwaCegarLoop]: Main: Starting Thread
[2026-06-06 13:46:43,547 INFO  L287   ParallelNwaCegarLoop]: === Iteration 9 ===
[2026-06-06 13:46:43,547 INFO  L654   ParallelNwaCegarLoop]: All threads busy, going to sleep.
[2026-06-06 13:46:43,547 INFO  L209   CegarNwaWorkerThread]: Starting Thread: 92# for Trace Check: 1895680227
[2026-06-06 13:46:43,547 INFO  L156       PredicateUnifier]: Initialized classic predicate unifier
[2026-06-06 13:46:43,547 INFO  L86        PathProgramCache]: Analyzing trace with hash 1895680227, now seen corresponding path program 10 times
[2026-06-06 13:46:43,547 INFO  L118   FreeRefinementEngine]: Executing refinement strategy CAMEL
[2026-06-06 13:46:43,547 INFO  L324   FreeRefinementEngine]: Using trace check IpTcStrategyModuleSmtInterpolCraig [1613007732]
[2026-06-06 13:46:43,547 INFO  L95    rtionOrderModulation]: Changing assertion order to TERMS_WITH_SMALL_CONSTANTS_FIRST
[2026-06-06 13:46:43,547 INFO  L127          SolverBuilder]: Constructing new instance of SMTInterpol with explicit timeout -1 ms and remaining time -1 ms
[2026-06-06 13:46:43,549 INFO  L108    AnnotateAndAsserter]: Assert order TERMS_WITH_SMALL_CONSTANTS_FIRST partitioned 17 statements into 2 equivalence classes.
[2026-06-06 13:46:43,551 INFO  L111    AnnotateAndAsserter]: Assert order TERMS_WITH_SMALL_CONSTANTS_FIRST issued 2 check-sat command(s) and asserted 17 of 17 statements.
[2026-06-06 13:46:43,551 INFO  L114    AnnotateAndAsserter]: Assert order TERMS_WITH_SMALL_CONSTANTS_FIRST issued 2 check-sat command(s)
[2026-06-06 13:46:43,551 INFO  L115    AnnotateAndAsserter]: Conjunction of SSA is unsat
[2026-06-06 13:46:43,604 INFO  L134       CoverageAnalysis]: Checked inductivity of 78 backedges. 0 proven. 78 refuted. 0 times theorem prover too weak. 0 trivial. 0 not checked.
[2026-06-06 13:46:43,604 INFO  L158   FreeRefinementEngine]: IpTcStrategyModuleZ3 [861608541] provided 0 perfect and 2 imperfect interpolant sequences
[2026-06-06 13:46:43,604 INFO  L185   FreeRefinementEngine]: Found 0 perfect and 3 imperfect interpolant sequences.
[2026-06-06 13:46:43,604 INFO  L198   FreeRefinementEngine]: Number of different interpolants: perfect sequences [] imperfect sequences [14, 14, 14] total 28
[2026-06-06 13:46:43,604 INFO  L122   tionRefinementEngine]: Using interpolant automaton builder IpAbStrategyModuleStraightlineAll [2011634474]
[2026-06-06 13:46:43,604 INFO  L85    oduleStraightlineAll]: Using 3 imperfect interpolants to construct interpolant automaton
[2026-06-06 13:46:43,604 INFO  L100   FreeRefinementEngine]: Using predicate unifier PredicateUnifier provided by strategy CAMEL
[2026-06-06 13:46:43,605 INFO  L144   InterpolantAutomaton]: Constructing interpolant automaton starting with 29 interpolants.
[2026-06-06 13:46:43,605 INFO  L146   InterpolantAutomaton]: CoverageRelationStatistics Valid=196, Invalid=616, Unknown=0, NotChecked=0, Total=812
[2026-06-06 13:46:43,605 INFO  L419   CegarNwaWorkerThread]: Difference in Worker for Generalization
[2026-06-06 13:46:43,605 INFO  L87              Difference]: Start difference. First operand  has 5 states, 3 states have (on average 1.6666666666666667) internal successors, (5), 4 states have internal predecessors, (5), 0 states have call successors, (0), 0 states have call predecessors, (0), 0 states have return successors, (0), 0 states have call predecessors, (0), 0 states have call successors, (0) Second operand  has 29 states, 29 states have (on average 1.0689655172413792) internal successors, (31), 28 states have internal predecessors, (31), 0 states have call successors, (0), 0 states have call predecessors, (0), 0 states have return successors, (0), 0 states have call predecessors, (0), 0 states have call successors, (0)
[2026-06-06 13:46:43,617 INFO  L134       CoverageAnalysis]: Checked inductivity of 105 backedges. 0 proven. 105 refuted. 0 times theorem prover too weak. 0 trivial. 0 not checked.
[2026-06-06 13:46:43,617 INFO  L136   FreeRefinementEngine]: Strategy CAMEL found an infeasible trace
[2026-06-06 13:46:43,617 INFO  L324   FreeRefinementEngine]: Using interpolant generator IpTcStrategyModuleSmtInterpolCraig [1613007732]
[2026-06-06 13:46:43,617 INFO  L158   FreeRefinementEngine]: IpTcStrategyModuleSmtInterpolCraig [1613007732] provided 0 perfect and 1 imperfect interpolant sequences
[2026-06-06 13:46:43,617 INFO  L324   FreeRefinementEngine]: Using interpolant generator IpTcStrategyModuleZ3 [131983829]
[2026-06-06 13:46:43,617 INFO  L95    rtionOrderModulation]: Changing assertion order to TERMS_WITH_SMALL_CONSTANTS_FIRST
[2026-06-06 13:46:43,617 INFO  L173          SolverBuilder]: Constructing external solver with command: z3 -smt2 -in SMTLIB2_COMPLIANT=true
[2026-06-06 13:46:43,619 INFO  L189       MonitoredProcess]: No working directory specified, using /usr/bin/z3
[2026-06-06 13:46:43,620 INFO  L229       MonitoredProcess]: Starting monitored process 15 with /usr/bin/z3 -smt2 -in SMTLIB2_COMPLIANT=true (exit command is (exit), workingDir is null)
[2026-06-06 13:46:43,621 INFO  L327       MonitoredProcess]: [MP /usr/bin/z3 -smt2 -in SMTLIB2_COMPLIANT=true (15)] Waiting until timeout for monitored process
[2026-06-06 13:46:43,633 INFO  L108    AnnotateAndAsserter]: Assert order TERMS_WITH_SMALL_CONSTANTS_FIRST partitioned 17 statements into 2 equivalence classes.
[2026-06-06 13:46:43,640 INFO  L111    AnnotateAndAsserter]: Assert order TERMS_WITH_SMALL_CONSTANTS_FIRST issued 2 check-sat command(s) and asserted 17 of 17 statements.
[2026-06-06 13:46:43,640 INFO  L114    AnnotateAndAsserter]: Assert order TERMS_WITH_SMALL_CONSTANTS_FIRST issued 2 check-sat command(s)
[2026-06-06 13:46:43,640 INFO  L115    AnnotateAndAsserter]: Conjunction of SSA is unsat
[2026-06-06 13:46:43,641 WARN  L254         TraceCheckSpWp]: Trace formula consists of 56 conjuncts, 31 conjuncts are in the unsatisfiable core
[2026-06-06 13:46:43,641 INFO  L279         TraceCheckSpWp]: Computing forward predicates...
[2026-06-06 13:46:43,653 INFO  L134       CoverageAnalysis]: Checked inductivity of 105 backedges. 0 proven. 105 refuted. 0 times theorem prover too weak. 0 trivial. 0 not checked.
[2026-06-06 13:46:43,653 INFO  L312         TraceCheckSpWp]: Computing backward predicates...
[2026-06-06 13:46:43,669 INFO  L144             Difference]: Subtrahend was deterministic. Have not used determinization.
[2026-06-06 13:46:43,669 INFO  L93              Difference]: Finished difference Result 20 states and 20 transitions.
[2026-06-06 13:46:43,669 INFO  L140   InterpolantAutomaton]: Switched to read-only mode: deterministic interpolant automaton has 18 states. 
[2026-06-06 13:46:43,669 INFO  L225             Difference]: With dead ends: 20
[2026-06-06 13:46:43,669 INFO  L226             Difference]: Without dead ends: 20
[2026-06-06 13:46:43,670 INFO  L487   CegarNwaWorkerThread]: 0 DeclaredPredicates, 40 GetRequests, 13 SyntacticMatches, 0 SemanticMatches, 27 ConstructedPredicates, 0 IntricatePredicates, 0 DeprecatedPredicates, 76 ImplicationChecksByTransitivity, 0.2s TimeCoverageRelationStatistics Valid=246, Invalid=566, Unknown=0, NotChecked=0, Total=812
[2026-06-06 13:46:43,670 INFO  L488   CegarNwaWorkerThread]: 3 mSDtfsCounter, 0 mSDsluCounter, 12 mSDsCounter, 0 mSdLazyCounter, 128 mSolverCounterSat, 0 mSolverCounterUnsat, 0 mSolverCounterUnknown, 0 mSolverCounterNotChecked, 0.0s Time, 0 mProtectedPredicate, 0 mProtectedAction, 0 SdHoareTripleChecker+Valid, 15 SdHoareTripleChecker+Invalid, 128 SdHoareTripleChecker+Unknown, 0 SdHoareTripleChecker+Unchecked, 0.0s SdHoareTripleChecker+Time, 0 IncrementalHoareTripleChecker+Valid, 128 IncrementalHoareTripleChecker+Invalid, 0 IncrementalHoareTripleChecker+Unknown, 0 IncrementalHoareTripleChecker+Unchecked, 0.0s IncrementalHoareTripleChecker+Time
[2026-06-06 13:46:43,670 INFO  L489   CegarNwaWorkerThread]: SdHoareTripleChecker [0 Valid, 15 Invalid, 128 Unknown, 0 Unchecked, 0.0s Time], IncrementalHoareTripleChecker [0 Valid, 128 Invalid, 0 Unknown, 0 Unchecked, 0.0s Time]
[2026-06-06 13:46:43,670 INFO  L224   CegarNwaWorkerThread]: Done with Thread: 86#
[2026-06-06 13:46:43,670 INFO  L196   CegarNwaWorkerThread]: WorkerThread: Thread[#86,Worker for 1000801955,5,main] is Waiting for a Task
[2026-06-06 13:46:43,670 INFO  L657   ParallelNwaCegarLoop]: Waking up, a worker is done.
[2026-06-06 13:46:43,670 INFO  L297   ParallelNwaCegarLoop]: Main: A Thread is Done
[2026-06-06 13:46:43,670 INFO  L315   ParallelNwaCegarLoop]: Worker Automaton Type: FLOYD_HOARE
[2026-06-06 13:46:43,670 INFO  L79                 Accepts]: Start accepts. Automaton has 18 states and 18 transitions. Word has length 13
[2026-06-06 13:46:43,670 INFO  L85                 Accepts]: Finished accepts. word is rejected.
[2026-06-06 13:46:43,670 INFO  L771   ParallelNwaCegarLoop]: Recorded stale counterexample prefix coverage.
[2026-06-06 13:46:43,670 INFO  L317   ParallelNwaCegarLoop]: Refining Abstraction
[2026-06-06 13:46:43,670 INFO  L721   ParallelNwaCegarLoop]: Subtrahend traceHash: 1000801955
[2026-06-06 13:46:43,670 INFO  L687   ParallelNwaCegarLoop]: Difference in Main
[2026-06-06 13:46:43,671 INFO  L87              Difference]: Start difference. First operand 18 states and 18 transitions. Second operand  has 18 states, 17 states have (on average 2.176470588235294) internal successors, (37), 18 states have internal predecessors, (37), 0 states have call successors, (0), 0 states have call predecessors, (0), 0 states have return successors, (0), 0 states have call predecessors, (0), 0 states have call successors, (0)
[2026-06-06 13:46:43,671 INFO  L144             Difference]: Subtrahend was deterministic. Have not used determinization.
[2026-06-06 13:46:43,671 INFO  L93              Difference]: Finished difference Result 20 states and 20 transitions.
[2026-06-06 13:46:43,671 INFO  L225             Difference]: With dead ends: 20
[2026-06-06 13:46:43,671 INFO  L226             Difference]: Without dead ends: 20
[2026-06-06 13:46:43,671 INFO  L82        GeneralOperation]: Start minimizeSevpa. Operand 20 states.
[2026-06-06 13:46:43,672 INFO  L88        GeneralOperation]: Finished minimizeSevpa. Reduced states from 20 to 20.
[2026-06-06 13:46:43,672 INFO  L82        GeneralOperation]: Start removeUnreachable. Operand  has 20 states, 19 states have (on average 1.0526315789473684) internal successors, (20), 19 states have internal predecessors, (20), 0 states have call successors, (0), 0 states have call predecessors, (0), 0 states have return successors, (0), 0 states have call predecessors, (0), 0 states have call successors, (0)
[2026-06-06 13:46:43,672 INFO  L88        GeneralOperation]: Finished removeUnreachable. Reduced from 20 states to 20 states and 20 transitions.
[2026-06-06 13:46:43,672 INFO  L699   ParallelNwaCegarLoop]: Main: Refinement done.
[2026-06-06 13:46:43,672 INFO  L617   ParallelNwaCegarLoop]: Checking if program is safe
[2026-06-06 13:46:43,672 INFO  L290                IsEmpty]: Start isEmpty. Operand 20 states and 20 transitions.
[2026-06-06 13:46:43,672 INFO  L300                IsEmpty]: Finished isEmpty. Found accepting run of length 20
[2026-06-06 13:46:43,672 INFO  L199           NwaCegarLoop]: Found error trace
[2026-06-06 13:46:43,672 INFO  L207           NwaCegarLoop]: trace histogram [16, 1, 1, 1]
[2026-06-06 13:46:43,672 INFO  L340   ParallelNwaCegarLoop]: No more worker results to process
[2026-06-06 13:46:43,672 INFO  L290                IsEmpty]: Start isEmpty. Operand 20 states and 20 transitions.
[2026-06-06 13:46:43,672 INFO  L300                IsEmpty]: Finished isEmpty. Found accepting run of length 20
[2026-06-06 13:46:43,672 WARN  L753                IsEmpty]: Correctness of emptinessCheck not tested.
[2026-06-06 13:46:43,672 INFO  L79                 Accepts]: Start accepts. Automaton has 20 states and 20 transitions. Word has length 19
[2026-06-06 13:46:43,673 INFO  L85                 Accepts]: Finished accepts. word is accepted.
[2026-06-06 13:46:43,673 INFO  L757                IsEmpty]: Finished testing correctness of emptinessCheck
[2026-06-06 13:46:43,673 INFO  L1052  ParallelNwaCegarLoop]: Found new Counterexample via BFS!
[2026-06-06 13:46:43,673 INFO  L86        PathProgramCache]: Analyzing trace with hash 682622467, now seen corresponding path program 11 times
[2026-06-06 13:46:43,673 INFO  L637   ParallelNwaCegarLoop]: Main: Starting Thread
[2026-06-06 13:46:43,673 INFO  L209   CegarNwaWorkerThread]: Starting Thread: 86# for Trace Check: 682622467
[2026-06-06 13:46:43,673 INFO  L287   ParallelNwaCegarLoop]: === Iteration 10 ===
[2026-06-06 13:46:43,673 INFO  L654   ParallelNwaCegarLoop]: All threads busy, going to sleep.
[2026-06-06 13:46:43,673 INFO  L156       PredicateUnifier]: Initialized classic predicate unifier
[2026-06-06 13:46:43,673 INFO  L86        PathProgramCache]: Analyzing trace with hash 682622467, now seen corresponding path program 11 times
[2026-06-06 13:46:43,673 INFO  L118   FreeRefinementEngine]: Executing refinement strategy CAMEL
[2026-06-06 13:46:43,673 INFO  L324   FreeRefinementEngine]: Using trace check IpTcStrategyModuleSmtInterpolCraig [841116574]
[2026-06-06 13:46:43,673 INFO  L95    rtionOrderModulation]: Changing assertion order to INSIDE_LOOP_FIRST1
[2026-06-06 13:46:43,673 INFO  L127          SolverBuilder]: Constructing new instance of SMTInterpol with explicit timeout -1 ms and remaining time -1 ms
[2026-06-06 13:46:43,674 INFO  L108    AnnotateAndAsserter]: Assert order INSIDE_LOOP_FIRST1 partitioned 19 statements into 9 equivalence classes.
[2026-06-06 13:46:43,677 INFO  L111    AnnotateAndAsserter]: Assert order INSIDE_LOOP_FIRST1 issued 9 check-sat command(s) and asserted 19 of 19 statements.
[2026-06-06 13:46:43,677 INFO  L114    AnnotateAndAsserter]: Assert order INSIDE_LOOP_FIRST1 issued 9 check-sat command(s)
[2026-06-06 13:46:43,677 INFO  L115    AnnotateAndAsserter]: Conjunction of SSA is sat
[2026-06-06 13:46:43,677 INFO  L348             TraceCheck]: Trace is feasible, we will do another trace check, this time with branch encoders.
[2026-06-06 13:46:43,677 INFO  L144             Difference]: Subtrahend was deterministic. Have not used determinization.
[2026-06-06 13:46:43,677 INFO  L93              Difference]: Finished difference Result 20 states and 20 transitions.
[2026-06-06 13:46:43,677 INFO  L108    AnnotateAndAsserter]: Assert order NOT_INCREMENTALLY partitioned 19 statements into 1 equivalence classes.
[2026-06-06 13:46:43,677 INFO  L140   InterpolantAutomaton]: Switched to read-only mode: deterministic interpolant automaton has 18 states. 
[2026-06-06 13:46:43,677 INFO  L225             Difference]: With dead ends: 20
[2026-06-06 13:46:43,677 INFO  L226             Difference]: Without dead ends: 20
[2026-06-06 13:46:43,678 INFO  L487   CegarNwaWorkerThread]: 0 DeclaredPredicates, 44 GetRequests, 15 SyntacticMatches, 0 SemanticMatches, 29 ConstructedPredicates, 0 IntricatePredicates, 0 DeprecatedPredicates, 103 ImplicationChecksByTransitivity, 0.2s TimeCoverageRelationStatistics Valid=234, Invalid=696, Unknown=0, NotChecked=0, Total=930
[2026-06-06 13:46:43,678 INFO  L488   CegarNwaWorkerThread]: 3 mSDtfsCounter, 0 mSDsluCounter, 15 mSDsCounter, 0 mSdLazyCounter, 186 mSolverCounterSat, 0 mSolverCounterUnsat, 0 mSolverCounterUnknown, 0 mSolverCounterNotChecked, 0.0s Time, 0 mProtectedPredicate, 0 mProtectedAction, 0 SdHoareTripleChecker+Valid, 18 SdHoareTripleChecker+Invalid, 186 SdHoareTripleChecker+Unknown, 0 SdHoareTripleChecker+Unchecked, 0.0s SdHoareTripleChecker+Time, 0 IncrementalHoareTripleChecker+Valid, 186 IncrementalHoareTripleChecker+Invalid, 0 IncrementalHoareTripleChecker+Unknown, 0 IncrementalHoareTripleChecker+Unchecked, 0.0s IncrementalHoareTripleChecker+Time
[2026-06-06 13:46:43,678 INFO  L489   CegarNwaWorkerThread]: SdHoareTripleChecker [0 Valid, 18 Invalid, 186 Unknown, 0 Unchecked, 0.0s Time], IncrementalHoareTripleChecker [0 Valid, 186 Invalid, 0 Unknown, 0 Unchecked, 0.0s Time]
[2026-06-06 13:46:43,678 INFO  L224   CegarNwaWorkerThread]: Done with Thread: 80#
[2026-06-06 13:46:43,678 INFO  L196   CegarNwaWorkerThread]: WorkerThread: Thread[#80,Worker for -301937725,5,main] is Waiting for a Task
[2026-06-06 13:46:43,678 INFO  L657   ParallelNwaCegarLoop]: Waking up, a worker is done.
[2026-06-06 13:46:43,678 INFO  L297   ParallelNwaCegarLoop]: Main: A Thread is Done
[2026-06-06 13:46:43,678 INFO  L315   ParallelNwaCegarLoop]: Worker Automaton Type: FLOYD_HOARE
[2026-06-06 13:46:43,678 INFO  L79                 Accepts]: Start accepts. Automaton has 20 states and 20 transitions. Word has length 15
[2026-06-06 13:46:43,678 INFO  L85                 Accepts]: Finished accepts. word is rejected.
[2026-06-06 13:46:43,678 INFO  L771   ParallelNwaCegarLoop]: Recorded stale counterexample prefix coverage.
[2026-06-06 13:46:43,679 INFO  L317   ParallelNwaCegarLoop]: Refining Abstraction
[2026-06-06 13:46:43,679 INFO  L721   ParallelNwaCegarLoop]: Subtrahend traceHash: -301937725
[2026-06-06 13:46:43,679 INFO  L687   ParallelNwaCegarLoop]: Difference in Main
[2026-06-06 13:46:43,679 INFO  L87              Difference]: Start difference. First operand 20 states and 20 transitions. Second operand  has 18 states, 17 states have (on average 2.176470588235294) internal successors, (37), 18 states have internal predecessors, (37), 0 states have call successors, (0), 0 states have call predecessors, (0), 0 states have return successors, (0), 0 states have call predecessors, (0), 0 states have call successors, (0)
[2026-06-06 13:46:43,679 INFO  L144             Difference]: Subtrahend was deterministic. Have not used determinization.
[2026-06-06 13:46:43,679 INFO  L93              Difference]: Finished difference Result 20 states and 20 transitions.
[2026-06-06 13:46:43,679 INFO  L225             Difference]: With dead ends: 20
[2026-06-06 13:46:43,679 INFO  L226             Difference]: Without dead ends: 20
[2026-06-06 13:46:43,679 INFO  L82        GeneralOperation]: Start minimizeSevpa. Operand 20 states.
[2026-06-06 13:46:43,679 INFO  L111    AnnotateAndAsserter]: Assert order NOT_INCREMENTALLY issued 1 check-sat command(s) and asserted 19 of 19 statements.
[2026-06-06 13:46:43,679 INFO  L114    AnnotateAndAsserter]: Assert order NOT_INCREMENTALLY issued 1 check-sat command(s)
[2026-06-06 13:46:43,679 INFO  L115    AnnotateAndAsserter]: Conjunction of SSA is sat
[2026-06-06 13:46:43,679 INFO  L88        GeneralOperation]: Finished minimizeSevpa. Reduced states from 20 to 20.
[2026-06-06 13:46:43,679 INFO  L82        GeneralOperation]: Start removeUnreachable. Operand  has 20 states, 19 states have (on average 1.0526315789473684) internal successors, (20), 19 states have internal predecessors, (20), 0 states have call successors, (0), 0 states have call predecessors, (0), 0 states have return successors, (0), 0 states have call predecessors, (0), 0 states have call successors, (0)
[2026-06-06 13:46:43,680 INFO  L88        GeneralOperation]: Finished removeUnreachable. Reduced from 20 states to 20 states and 20 transitions.
[2026-06-06 13:46:43,680 INFO  L699   ParallelNwaCegarLoop]: Main: Refinement done.
[2026-06-06 13:46:43,680 INFO  L617   ParallelNwaCegarLoop]: Checking if program is safe
[2026-06-06 13:46:43,680 INFO  L290                IsEmpty]: Start isEmpty. Operand 20 states and 20 transitions.
[2026-06-06 13:46:43,680 INFO  L300                IsEmpty]: Finished isEmpty. Found accepting run of length 20
[2026-06-06 13:46:43,680 INFO  L199           NwaCegarLoop]: Found error trace
[2026-06-06 13:46:43,680 INFO  L207           NwaCegarLoop]: trace histogram [16, 1, 1, 1]
[2026-06-06 13:46:43,680 INFO  L340   ParallelNwaCegarLoop]: No more worker results to process
[2026-06-06 13:46:43,680 INFO  L290                IsEmpty]: Start isEmpty. Operand 20 states and 20 transitions.
[2026-06-06 13:46:43,680 INFO  L300                IsEmpty]: Finished isEmpty. Found accepting run of length 20
[2026-06-06 13:46:43,680 WARN  L753                IsEmpty]: Correctness of emptinessCheck not tested.
[2026-06-06 13:46:43,680 INFO  L79                 Accepts]: Start accepts. Automaton has 20 states and 20 transitions. Word has length 19
[2026-06-06 13:46:43,680 INFO  L85                 Accepts]: Finished accepts. word is accepted.
[2026-06-06 13:46:43,680 INFO  L757                IsEmpty]: Finished testing correctness of emptinessCheck
[2026-06-06 13:46:43,680 INFO  L1057  ParallelNwaCegarLoop]: BFS found an active duplicate counterexample.
[2026-06-06 13:46:43,680 INFO  L290                IsEmpty]: Start isEmptyParallel. Operand 20 states and 20 transitions.
[2026-06-06 13:46:43,680 INFO  L300                IsEmpty]: Finished isEmptyParallel. No accepting run.
[2026-06-06 13:46:43,680 INFO  L156        IsEmptyParallel]: Start isEmptyParallel. Operand 20 states and 20 transitions.
[2026-06-06 13:46:43,680 INFO  L182       IsEmptyHeuristic]: Start isEmptyHeuristic. Operand 20 states and 20 transitions.
[2026-06-06 13:46:43,680 INFO  L188       IsEmptyHeuristic]: Finished isEmptyHeuristic. Found accepting run of length 22
[2026-06-06 13:46:43,680 INFO  L163        IsEmptyParallel]: Finished isEmptyParallel. Found accepting run of length 22
[2026-06-06 13:46:43,680 WARN  L753                IsEmpty]: Correctness of emptinessCheck not tested.
[2026-06-06 13:46:43,681 INFO  L79                 Accepts]: Start accepts. Automaton has 20 states and 20 transitions. Word has length 21
[2026-06-06 13:46:43,681 INFO  L85                 Accepts]: Finished accepts. word is accepted.
[2026-06-06 13:46:43,681 INFO  L757                IsEmpty]: Finished testing correctness of emptinessCheck
[2026-06-06 13:46:43,681 INFO  L1052  ParallelNwaCegarLoop]: Found new Counterexample via IsEmptyParallel PAPER!
[2026-06-06 13:46:43,681 INFO  L86        PathProgramCache]: Analyzing trace with hash -1129747677, now seen corresponding path program 12 times
[2026-06-06 13:46:43,681 INFO  L637   ParallelNwaCegarLoop]: Main: Starting Thread
[2026-06-06 13:46:43,681 INFO  L209   CegarNwaWorkerThread]: Starting Thread: 80# for Trace Check: -1129747677
[2026-06-06 13:46:43,681 INFO  L287   ParallelNwaCegarLoop]: === Iteration 11 ===
[2026-06-06 13:46:43,681 INFO  L654   ParallelNwaCegarLoop]: All threads busy, going to sleep.
[2026-06-06 13:46:43,681 INFO  L156       PredicateUnifier]: Initialized classic predicate unifier
[2026-06-06 13:46:43,681 INFO  L86        PathProgramCache]: Analyzing trace with hash -1129747677, now seen corresponding path program 12 times
[2026-06-06 13:46:43,681 INFO  L118   FreeRefinementEngine]: Executing refinement strategy CAMEL
[2026-06-06 13:46:43,681 INFO  L324   FreeRefinementEngine]: Using trace check IpTcStrategyModuleSmtInterpolCraig [478510713]
[2026-06-06 13:46:43,681 INFO  L95    rtionOrderModulation]: Changing assertion order to MIX_INSIDE_OUTSIDE
[2026-06-06 13:46:43,681 INFO  L127          SolverBuilder]: Constructing new instance of SMTInterpol with explicit timeout -1 ms and remaining time -1 ms
[2026-06-06 13:46:43,682 INFO  L108    AnnotateAndAsserter]: Assert order MIX_INSIDE_OUTSIDE partitioned 21 statements into 10 equivalence classes.
[2026-06-06 13:46:43,685 INFO  L130   FreeRefinementEngine]: Strategy CAMEL found a feasible trace
[2026-06-06 13:46:43,685 INFO  L305   CegarNwaWorkerThread]: Counterexample is feasible
[2026-06-06 13:46:43,685 INFO  L796   garLoopResultBuilder]: Registering result UNSAFE for location ULTIMATE.startErr0ASSERT_VIOLATIONASSERT (0 of 1 remaining)
[2026-06-06 13:46:43,686 INFO  L370   CegarNwaWorkerThread]: Excluding counterexample to continue analysis with ERROR automaton
[2026-06-06 13:46:43,686 INFO  L100   FreeRefinementEngine]: Using predicate unifier PredicateUnifier provided by strategy CAMEL
[2026-06-06 13:46:43,686 INFO  L185   GeneralizationEngine]: Constructing SIMPLE_ERROR_AUTOMATON automaton for trace of length 19
[2026-06-06 13:46:43,687 INFO  L111    AnnotateAndAsserter]: Assert order MIX_INSIDE_OUTSIDE issued 10 check-sat command(s) and asserted 21 of 21 statements.
[2026-06-06 13:46:43,687 INFO  L114    AnnotateAndAsserter]: Assert order MIX_INSIDE_OUTSIDE issued 10 check-sat command(s)
[2026-06-06 13:46:43,687 INFO  L115    AnnotateAndAsserter]: Conjunction of SSA is unsat
[2026-06-06 13:46:43,687 INFO  L419   CegarNwaWorkerThread]: Difference in Worker for Generalization
[2026-06-06 13:46:43,687 INFO  L224   CegarNwaWorkerThread]: Done with Thread: 86#
[2026-06-06 13:46:43,687 INFO  L196   CegarNwaWorkerThread]: WorkerThread: Thread[#86,Worker for 682622467,5,main] is Waiting for a Task
[2026-06-06 13:46:43,687 INFO  L657   ParallelNwaCegarLoop]: Waking up, a worker is done.
[2026-06-06 13:46:43,687 INFO  L297   ParallelNwaCegarLoop]: Main: A Thread is Done
[2026-06-06 13:46:43,690 INFO  L546       MonitoredProcess]: [MP /usr/bin/z3 SMTLIB2_COMPLIANT=true -memory:1024 -smt2 -in -t:12000 (5)] Ended with exit code 0
[2026-06-06 13:46:43,891 INFO  L546       MonitoredProcess]: [MP /usr/bin/z3 -smt2 -in SMTLIB2_COMPLIANT=true (12)] Ended with exit code 0
[2026-06-06 13:46:44,091 INFO  L546       MonitoredProcess]: [MP /usr/bin/z3 -smt2 -in SMTLIB2_COMPLIANT=true (9)] Ended with exit code 0
[2026-06-06 13:46:44,291 INFO  L546       MonitoredProcess]: [MP /usr/bin/z3 -smt2 -in SMTLIB2_COMPLIANT=true (15)] Ended with exit code 0
[2026-06-06 13:46:44,489 WARN  L718   oredProcess$PipePump]: [MP /usr/bin/z3 -smt2 -in SMTLIB2_COMPLIANT=true (10)] The stream was forcibly closed: stdIn
[2026-06-06 13:46:44,492 INFO  L546       MonitoredProcess]: [MP /usr/bin/z3 -smt2 -in SMTLIB2_COMPLIANT=true (10)] Ended with exit code 0
[2026-06-06 13:46:44,692 INFO  L546       MonitoredProcess]: [MP /usr/bin/z3 -smt2 -in SMTLIB2_COMPLIANT=true (7)] Ended with exit code 0
[2026-06-06 13:46:44,890 WARN  L718   oredProcess$PipePump]: [MP /usr/bin/z3 -smt2 -in SMTLIB2_COMPLIANT=true (13)] The stream was forcibly closed: stdIn
[2026-06-06 13:46:44,892 INFO  L546       MonitoredProcess]: [MP /usr/bin/z3 -smt2 -in SMTLIB2_COMPLIANT=true (13)] Ended with exit code 0
[2026-06-06 13:46:45,092 INFO  L546       MonitoredProcess]: [MP /usr/bin/z3 SMTLIB2_COMPLIANT=true -memory:1024 -smt2 -in -t:12000 (2)] Ended with exit code 0
[2026-06-06 13:46:45,294 INFO  L546       MonitoredProcess]: [MP /usr/bin/z3 -smt2 -in SMTLIB2_COMPLIANT=true (8)] Ended with exit code 0
[2026-06-06 13:46:45,491 WARN  L718   oredProcess$PipePump]: [MP /usr/bin/z3 SMTLIB2_COMPLIANT=true -memory:1024 -smt2 -in -t:12000 (3)] The stream was forcibly closed: stdIn
[2026-06-06 13:46:45,493 INFO  L546       MonitoredProcess]: [MP /usr/bin/z3 SMTLIB2_COMPLIANT=true -memory:1024 -smt2 -in -t:12000 (3)] Ended with exit code 0
[2026-06-06 13:46:45,694 INFO  L546       MonitoredProcess]: [MP /usr/bin/z3 -smt2 -in SMTLIB2_COMPLIANT=true (11)] Ended with exit code 0
[2026-06-06 13:46:45,891 WARN  L718   oredProcess$PipePump]: [MP /usr/bin/z3 -smt2 -in SMTLIB2_COMPLIANT=true (6)] The stream was forcibly closed: stdIn
[2026-06-06 13:46:45,894 INFO  L546       MonitoredProcess]: [MP /usr/bin/z3 -smt2 -in SMTLIB2_COMPLIANT=true (6)] Ended with exit code 0
[2026-06-06 13:46:46,095 INFO  L546       MonitoredProcess]: [MP /usr/bin/z3 -smt2 -in SMTLIB2_COMPLIANT=true (14)] Ended with exit code 0
[2026-06-06 13:46:46,294 INFO  L546       MonitoredProcess]: [MP /usr/bin/z3 SMTLIB2_COMPLIANT=true -memory:1024 -smt2 -in -t:12000 (4)] Ended with exit code 0
[2026-06-06 13:46:46,492 WARN  L668   ParallelNwaCegarLoop]: Destroyed unattended storables created during the last iteration: 5 /usr/bin/z3 SMTLIB2_COMPLIANT=true -memory:1024 -smt2 -in -t:12000,12 /usr/bin/z3 -smt2 -in SMTLIB2_COMPLIANT=true,9 /usr/bin/z3 -smt2 -in SMTLIB2_COMPLIANT=true,15 /usr/bin/z3 -smt2 -in SMTLIB2_COMPLIANT=true,SelfDestructingSolverStorable4,SelfDestructingSolverStorable3,SelfDestructingSolverStorable2,SelfDestructingSolverStorable1,SelfDestructingSolverStorable8,10 /usr/bin/z3 -smt2 -in SMTLIB2_COMPLIANT=true,SelfDestructingSolverStorable7,SelfDestructingSolverStorable6,SelfDestructingSolverStorable5,SelfDestructingSolverStorable10,7 /usr/bin/z3 -smt2 -in SMTLIB2_COMPLIANT=true,SelfDestructingSolverStorable11,SelfDestructingSolverStorable12,SelfDestructingSolverStorable9,13 /usr/bin/z3 -smt2 -in SMTLIB2_COMPLIANT=true,2 /usr/bin/z3 SMTLIB2_COMPLIANT=true -memory:1024 -smt2 -in -t:12000,8 /usr/bin/z3 -smt2 -in SMTLIB2_COMPLIANT=true,3 /usr/bin/z3 SMTLIB2_COMPLIANT=true -memory:1024 -smt2 -in -t:12000,SelfDestructingSolverStorable0,11 /usr/bin/z3 -smt2 -in SMTLIB2_COMPLIANT=true,6 /usr/bin/z3 -smt2 -in SMTLIB2_COMPLIANT=true,14 /usr/bin/z3 -smt2 -in SMTLIB2_COMPLIANT=true,4 /usr/bin/z3 SMTLIB2_COMPLIANT=true -memory:1024 -smt2 -in -t:12000
[2026-06-06 13:46:46,492 INFO  L310   ParallelNwaCegarLoop]: Result: UNSAFE
[2026-06-06 13:46:46,492 INFO  L525   ParallelNwaCegarLoop]: Iteration 11
[2026-06-06 13:46:46,492 INFO  L526   ParallelNwaCegarLoop]: SearchMode: ADAPTIVE_BATCH_LCPS
[2026-06-06 13:46:46,492 INFO  L527   ParallelNwaCegarLoop]: Refinements: 9
[2026-06-06 13:46:46,492 INFO  L528   ParallelNwaCegarLoop]: Counterexamples: 13
[2026-06-06 13:46:46,492 INFO  L529   ParallelNwaCegarLoop]: SearchTimeout: 0
[2026-06-06 13:46:46,492 INFO  L530   ParallelNwaCegarLoop]: RunConstructionFailed: 0
[2026-06-06 13:46:46,492 INFO  L531   ParallelNwaCegarLoop]: SearchFailed: 0
[2026-06-06 13:46:46,492 INFO  L532   ParallelNwaCegarLoop]: Duplicate freshness failures: 2
[2026-06-06 13:46:46,492 INFO  L533   ParallelNwaCegarLoop]: DuplicateFreshnessFailures: 2
[2026-06-06 13:46:46,492 INFO  L534   ParallelNwaCegarLoop]: BFS: 8
[2026-06-06 13:46:46,492 INFO  L535   ParallelNwaCegarLoop]: IsEmptyParallel: 2
[2026-06-06 13:46:46,492 INFO  L536   ParallelNwaCegarLoop]: ActiveThreads: 4
[2026-06-06 13:46:46,492 INFO  L537   ParallelNwaCegarLoop]: ActiveExecutorsForPathPrograms: 0
[2026-06-06 13:46:46,492 INFO  L140   InterpolantAutomaton]: Switched to read-only mode: deterministic interpolant automaton has 16 states. 
[2026-06-06 13:46:46,493 INFO  L538   ParallelNwaCegarLoop]: IterationsWithMaxThreads: 11
[2026-06-06 13:46:46,493 INFO  L539   ParallelNwaCegarLoop]: IterationsWithONEThread: 0
[2026-06-06 13:46:46,493 INFO  L540   ParallelNwaCegarLoop]: SearchTime: 0 s
[2026-06-06 13:46:46,493 INFO  L541   ParallelNwaCegarLoop]: WorkerSetUpTime: 0 s
[2026-06-06 13:46:46,493 INFO  L542   ParallelNwaCegarLoop]: ExceptionInWorker: 0
[2026-06-06 13:46:46,493 INFO  L487   CegarNwaWorkerThread]: 0 DeclaredPredicates, 36 GetRequests, 11 SyntacticMatches, 0 SemanticMatches, 24 ConstructedPredicates, 0 IntricatePredicates, 0 DeprecatedPredicates, 53 ImplicationChecksByTransitivity, 0.4s TimeCoverageRelationStatistics Valid=231, Invalid=419, Unknown=0, NotChecked=0, Total=650
[2026-06-06 13:46:46,493 INFO  L543   ParallelNwaCegarLoop]: mRefinementTime: 0
[2026-06-06 13:46:46,493 INFO  L544   ParallelNwaCegarLoop]: Prefix cache checked paths: 13
[2026-06-06 13:46:46,493 WARN  L310   FreeRefinementEngine]: Global settings require throwing the following exception
[2026-06-06 13:46:46,493 INFO  L545   ParallelNwaCegarLoop]: Prefix cache stale paths: 7
[2026-06-06 13:46:46,493 INFO  L546   ParallelNwaCegarLoop]: Stale paths: 7
[2026-06-06 13:46:46,493 INFO  L547   ParallelNwaCegarLoop]: LcpsCheckedPrefixQueries: 0
[2026-06-06 13:46:46,493 INFO  L548   ParallelNwaCegarLoop]: LcpsStalePrefixQueries: 0
[2026-06-06 13:46:46,493 INFO  L549   ParallelNwaCegarLoop]: LcpsCheckedPrefixHits: 0
[2026-06-06 13:46:46,493 INFO  L550   ParallelNwaCegarLoop]: LcpsStalePrefixHits: 0
[2026-06-06 13:46:46,493 INFO  L488   CegarNwaWorkerThread]: 1 mSDtfsCounter, 0 mSDsluCounter, 0 mSDsCounter, 0 mSdLazyCounter, 85 mSolverCounterSat, 0 mSolverCounterUnsat, 0 mSolverCounterUnknown, 0 mSolverCounterNotChecked, 0.0s Time, 0 mProtectedPredicate, 0 mProtectedAction, 0 SdHoareTripleChecker+Valid, 1 SdHoareTripleChecker+Invalid, 85 SdHoareTripleChecker+Unknown, 0 SdHoareTripleChecker+Unchecked, 0.0s SdHoareTripleChecker+Time, 0 IncrementalHoareTripleChecker+Valid, 85 IncrementalHoareTripleChecker+Invalid, 0 IncrementalHoareTripleChecker+Unknown, 0 IncrementalHoareTripleChecker+Unchecked, 0.0s IncrementalHoareTripleChecker+Time
[2026-06-06 13:46:46,493 INFO  L551   ParallelNwaCegarLoop]: LcpsSearchInvocations: 0
[2026-06-06 13:46:46,493 INFO  L552   ParallelNwaCegarLoop]: LcpsFullCacheSuffixInvocations: 0
[2026-06-06 13:46:46,493 INFO  L553   ParallelNwaCegarLoop]: LcpsFullCacheSuffixFallbacks: 0
[2026-06-06 13:46:46,493 INFO  L489   CegarNwaWorkerThread]: SdHoareTripleChecker [0 Valid, 1 Invalid, 85 Unknown, 0 Unchecked, 0.0s Time], IncrementalHoareTripleChecker [0 Valid, 85 Invalid, 0 Unknown, 0 Unchecked, 0.0s Time]
[2026-06-06 13:46:46,493 INFO  L554   ParallelNwaCegarLoop]: LcpsEffectivePriorityDecisions: 0
[2026-06-06 13:46:46,493 INFO  L555   ParallelNwaCegarLoop]: BatchLcpsInvocations: 1
[2026-06-06 13:46:46,493 INFO  L556   ParallelNwaCegarLoop]: BatchLcpsAvailableSlotsTotal: 3
[2026-06-06 13:46:46,493 INFO  L557   ParallelNwaCegarLoop]: BatchLcpsCandidatesGenerated: 12
[2026-06-06 13:46:46,493 INFO  L558   ParallelNwaCegarLoop]: BatchLcpsCandidatesSelected: 3
[2026-06-06 13:46:46,493 INFO  L559   ParallelNwaCegarLoop]: BatchLcpsCandidateGenerationFailures: 0
[2026-06-06 13:46:46,493 INFO  L560   ParallelNwaCegarLoop]: BatchLcpsAvgCandidatePoolSize: 12.0
[2026-06-06 13:46:46,493 INFO  L561   ParallelNwaCegarLoop]: BatchLcpsAvgSelectedBatchSize: 3.0
[2026-06-06 13:46:46,493 INFO  L562   ParallelNwaCegarLoop]: BatchLcpsEffectiveBatchDecisions: 1
[2026-06-06 13:46:46,493 INFO  L563   ParallelNwaCegarLoop]: BatchLcpsCandidateGenerationTimeMs: 21
[2026-06-06 13:46:46,493 INFO  L564   ParallelNwaCegarLoop]: BatchLcpsSelectionTimeMs: 3
[2026-06-06 13:46:46,493 INFO  L565   ParallelNwaCegarLoop]: AdaptiveBatchTriggerMode: FIRST_FILL_ONLY
[2026-06-06 13:46:46,493 INFO  L566   ParallelNwaCegarLoop]: AdaptiveBatchInvocations: 1
[2026-06-06 13:46:46,493 INFO  L567   ParallelNwaCegarLoop]: AdaptiveBatchFallbacks: 9
[2026-06-06 13:46:46,493 INFO  L568   ParallelNwaCegarLoop]: AdaptiveTriggeredByDuplicate: 0
[2026-06-06 13:46:46,493 INFO  L569   ParallelNwaCegarLoop]: AdaptiveTriggeredByStale: 0
[2026-06-06 13:46:46,493 INFO  L570   ParallelNwaCegarLoop]: AdaptiveTriggeredBySearchFailed: 0
[2026-06-06 13:46:46,494 INFO  L571   ParallelNwaCegarLoop]: AdaptiveTriggeredByIdleSlot: 0
[2026-06-06 13:46:46,494 INFO  L572   ParallelNwaCegarLoop]: AdaptiveTriggeredByFirstFill: 1
[2026-06-06 13:46:46,494 INFO  L573   ParallelNwaCegarLoop]: AdaptiveTriggeredByFirstFillOrStale: 0
[2026-06-06 13:46:46,494 INFO  L574   ParallelNwaCegarLoop]: AdaptiveTriggeredByThreadsGe4FirstFill: 0
[2026-06-06 13:46:46,494 INFO  L576   ParallelNwaCegarLoop]: FirstDispatchInCurrentAbstraction: false
[2026-06-06 13:46:46,494 INFO  L577   ParallelNwaCegarLoop]: AdaptiveMinAvailableSlots: 2
[2026-06-06 13:46:46,494 INFO  L580   ParallelNwaCegarLoop]: Checked paths: 13
[2026-06-06 13:46:46,494 INFO  L581   ParallelNwaCegarLoop]: Total pairwise prefix-LCA divergence: 75.4
[2026-06-06 13:46:46,494 INFO  L583   ParallelNwaCegarLoop]: Avg pairwise prefix-LCA divergence: 0.9666666666666668
[2026-06-06 13:46:46,495 INFO  L424         BasicCegarLoop]: Path program histogram: []
[2026-06-06 13:46:46,495 INFO  L429         BasicCegarLoop]: Checked paths: 13
[2026-06-06 13:46:46,495 INFO  L430         BasicCegarLoop]: Total pairwise prefix-LCA divergence: 75.4
[2026-06-06 13:46:46,495 INFO  L432         BasicCegarLoop]: Avg pairwise prefix-LCA divergence: 0.9666666666666668
[2026-06-06 13:46:46,500 INFO  L171   ceAbstractionStarter]: Computing trace abstraction results
[2026-06-06 13:46:46,501 INFO  L201        PluginConnector]: Adding new model interleave_bits.i_3.bpl de.uni_freiburg.informatik.ultimate.plugins.generator.traceabstraction CFG 06.06 01:46:46 BoogieIcfgContainer
[2026-06-06 13:46:46,501 INFO  L131        PluginConnector]: ------------------------ END TraceAbstraction----------------------------
[2026-06-06 13:46:46,502 INFO  L158              Benchmark]: Toolchain (without parser) took 3681.36ms. Allocated memory was 48.2MB in the beginning and 107.0MB in the end (delta: 58.7MB). Free memory was 15.7MB in the beginning and 68.5MB in the end (delta: -52.8MB). Peak memory consumption was 44.5MB. Max. memory is 4.3GB.
[2026-06-06 13:46:46,502 INFO  L158              Benchmark]: Boogie PL CUP Parser took 0.07ms. Allocated memory is still 48.2MB. Free memory is still 16.7MB. There was no memory consumed. Max. memory is 4.3GB.
[2026-06-06 13:46:46,502 INFO  L158              Benchmark]: Boogie Preprocessor took 18.87ms. Allocated memory is still 48.2MB. Free memory was 15.6MB in the beginning and 12.7MB in the end (delta: 2.9MB). Peak memory consumption was 2.1MB. Max. memory is 4.3GB.
[2026-06-06 13:46:46,502 INFO  L158              Benchmark]: RCFGBuilder took 71.57ms. Allocated memory is still 48.2MB. Free memory was 12.7MB in the beginning and 16.7MB in the end (delta: -4.0MB). Peak memory consumption was 5.0MB. Max. memory is 4.3GB.
[2026-06-06 13:46:46,502 INFO  L158              Benchmark]: TraceAbstraction took 3589.05ms. Allocated memory was 48.2MB in the beginning and 107.0MB in the end (delta: 58.7MB). Free memory was 15.5MB in the beginning and 68.5MB in the end (delta: -53.0MB). Peak memory consumption was 45.8MB. Max. memory is 4.3GB.
[2026-06-06 13:46:46,502 INFO  L338   ainManager$Toolchain]: #######################  End [Toolchain 1] #######################
 --- Results ---
 * Results from de.uni_freiburg.informatik.ultimate.core:
  - StatisticsResult: Toolchain Benchmarks
    Benchmark results are:
 * Boogie PL CUP Parser took 0.07ms. Allocated memory is still 48.2MB. Free memory is still 16.7MB. There was no memory consumed. Max. memory is 4.3GB.
 * Boogie Preprocessor took 18.87ms. Allocated memory is still 48.2MB. Free memory was 15.6MB in the beginning and 12.7MB in the end (delta: 2.9MB). Peak memory consumption was 2.1MB. Max. memory is 4.3GB.
 * RCFGBuilder took 71.57ms. Allocated memory is still 48.2MB. Free memory was 12.7MB in the beginning and 16.7MB in the end (delta: -4.0MB). Peak memory consumption was 5.0MB. Max. memory is 4.3GB.
 * TraceAbstraction took 3589.05ms. Allocated memory was 48.2MB in the beginning and 107.0MB in the end (delta: 58.7MB). Free memory was 15.5MB in the beginning and 68.5MB in the end (delta: -53.0MB). Peak memory consumption was 45.8MB. Max. memory is 4.3GB.
 * Results from de.uni_freiburg.informatik.ultimate.plugins.generator.traceabstraction:
  - StatisticsResult: ErrorAutomatonStatistics
    NumberErrorTraces: 0, NumberStatementsAllTraces: 0, NumberRelevantStatements: 0, 0.0s ErrorAutomatonConstructionTimeTotal, 0.0s FaulLocalizationTime, NumberStatementsFirstTrace: -1, TraceLengthAvg: 0, 0.0s ErrorAutomatonConstructionTimeAvg, 0.0s ErrorAutomatonDifferenceTimeAvg, 0.0s ErrorAutomatonDifferenceTimeTotal, NumberOfNoEnhancement: 0, NumberOfFiniteEnhancement: 0, NumberOfInfiniteEnhancement: 0
  - UnprovableResult [Line: 62]: Unable to prove that assertion always holds
    Unable to prove that assertion always holds
 Reason: overapproximation of bitwiseOr at line 49, overapproximation of bitwiseOr at line 58, overapproximation of bitwiseAnd at line 41. 
Possible FailurePath: 
[L20]        havoc main_#res;
[L21]        havoc main_#t~nondet0, main_#t~nondet1, main_~x~5, main_~y~5, main_~xx~5, main_~yy~5, main_~zz~5, main_~z~5, main_~i~5;
[L22]        main_~x~5 := main_#t~nondet0;
[L23]        havoc main_#t~nondet0;
[L24]        main_~y~5 := main_#t~nondet1;
[L25]        havoc main_#t~nondet1;
[L26]        havoc main_~xx~5;
[L27]        havoc main_~yy~5;
[L28]        havoc main_~zz~5;
[L29]        main_~z~5 := 0;
[L30]        main_~i~5 := 0;
       VAL   [main_~i~5=0, main_~z~5=0]
[L57]        assume !!(main_~i~5 % 4294967296 < 16);
[L58]        main_~z~5 := ~bitwiseOr(main_~z~5, ~bitwiseOr(~shiftLeft(~bitwiseAnd(main_~x~5 % 65536, ~shiftLeft(1, main_~i~5)), main_~i~5), ~shiftLeft(~bitwiseAnd(main_~y~5 % 65536, ~shiftLeft(1, main_~i~5)), main_~i~5 + 1)));
[L59]        main_~i~5 := main_~i~5 + 1;
       VAL   [main_~i~5=1]
[L57]        assume !!(main_~i~5 % 4294967296 < 16);
[L58]        main_~z~5 := ~bitwiseOr(main_~z~5, ~bitwiseOr(~shiftLeft(~bitwiseAnd(main_~x~5 % 65536, ~shiftLeft(1, main_~i~5)), main_~i~5), ~shiftLeft(~bitwiseAnd(main_~y~5 % 65536, ~shiftLeft(1, main_~i~5)), main_~i~5 + 1)));
[L59]        main_~i~5 := main_~i~5 + 1;
       VAL   [main_~i~5=2]
[L57]        assume !!(main_~i~5 % 4294967296 < 16);
[L58]        main_~z~5 := ~bitwiseOr(main_~z~5, ~bitwiseOr(~shiftLeft(~bitwiseAnd(main_~x~5 % 65536, ~shiftLeft(1, main_~i~5)), main_~i~5), ~shiftLeft(~bitwiseAnd(main_~y~5 % 65536, ~shiftLeft(1, main_~i~5)), main_~i~5 + 1)));
[L59]        main_~i~5 := main_~i~5 + 1;
       VAL   [main_~i~5=3]
[L57]        assume !!(main_~i~5 % 4294967296 < 16);
[L58]        main_~z~5 := ~bitwiseOr(main_~z~5, ~bitwiseOr(~shiftLeft(~bitwiseAnd(main_~x~5 % 65536, ~shiftLeft(1, main_~i~5)), main_~i~5), ~shiftLeft(~bitwiseAnd(main_~y~5 % 65536, ~shiftLeft(1, main_~i~5)), main_~i~5 + 1)));
[L59]        main_~i~5 := main_~i~5 + 1;
       VAL   [main_~i~5=4]
[L57]        assume !!(main_~i~5 % 4294967296 < 16);
[L58]        main_~z~5 := ~bitwiseOr(main_~z~5, ~bitwiseOr(~shiftLeft(~bitwiseAnd(main_~x~5 % 65536, ~shiftLeft(1, main_~i~5)), main_~i~5), ~shiftLeft(~bitwiseAnd(main_~y~5 % 65536, ~shiftLeft(1, main_~i~5)), main_~i~5 + 1)));
[L59]        main_~i~5 := main_~i~5 + 1;
       VAL   [main_~i~5=5]
[L57]        assume !!(main_~i~5 % 4294967296 < 16);
[L58]        main_~z~5 := ~bitwiseOr(main_~z~5, ~bitwiseOr(~shiftLeft(~bitwiseAnd(main_~x~5 % 65536, ~shiftLeft(1, main_~i~5)), main_~i~5), ~shiftLeft(~bitwiseAnd(main_~y~5 % 65536, ~shiftLeft(1, main_~i~5)), main_~i~5 + 1)));
[L59]        main_~i~5 := main_~i~5 + 1;
       VAL   [main_~i~5=6]
[L57]        assume !!(main_~i~5 % 4294967296 < 16);
[L58]        main_~z~5 := ~bitwiseOr(main_~z~5, ~bitwiseOr(~shiftLeft(~bitwiseAnd(main_~x~5 % 65536, ~shiftLeft(1, main_~i~5)), main_~i~5), ~shiftLeft(~bitwiseAnd(main_~y~5 % 65536, ~shiftLeft(1, main_~i~5)), main_~i~5 + 1)));
[L59]        main_~i~5 := main_~i~5 + 1;
       VAL   [main_~i~5=7]
[L57]        assume !!(main_~i~5 % 4294967296 < 16);
[L58]        main_~z~5 := ~bitwiseOr(main_~z~5, ~bitwiseOr(~shiftLeft(~bitwiseAnd(main_~x~5 % 65536, ~shiftLeft(1, main_~i~5)), main_~i~5), ~shiftLeft(~bitwiseAnd(main_~y~5 % 65536, ~shiftLeft(1, main_~i~5)), main_~i~5 + 1)));
[L59]        main_~i~5 := main_~i~5 + 1;
       VAL   [main_~i~5=8]
[L57]        assume !!(main_~i~5 % 4294967296 < 16);
[L58]        main_~z~5 := ~bitwiseOr(main_~z~5, ~bitwiseOr(~shiftLeft(~bitwiseAnd(main_~x~5 % 65536, ~shiftLeft(1, main_~i~5)), main_~i~5), ~shiftLeft(~bitwiseAnd(main_~y~5 % 65536, ~shiftLeft(1, main_~i~5)), main_~i~5 + 1)));
[L59]        main_~i~5 := main_~i~5 + 1;
       VAL   [main_~i~5=9]
[L57]        assume !!(main_~i~5 % 4294967296 < 16);
[L58]        main_~z~5 := ~bitwiseOr(main_~z~5, ~bitwiseOr(~shiftLeft(~bitwiseAnd(main_~x~5 % 65536, ~shiftLeft(1, main_~i~5)), main_~i~5), ~shiftLeft(~bitwiseAnd(main_~y~5 % 65536, ~shiftLeft(1, main_~i~5)), main_~i~5 + 1)));
[L59]        main_~i~5 := main_~i~5 + 1;
       VAL   [main_~i~5=10]
[L57]        assume !!(main_~i~5 % 4294967296 < 16);
[L58]        main_~z~5 := ~bitwiseOr(main_~z~5, ~bitwiseOr(~shiftLeft(~bitwiseAnd(main_~x~5 % 65536, ~shiftLeft(1, main_~i~5)), main_~i~5), ~shiftLeft(~bitwiseAnd(main_~y~5 % 65536, ~shiftLeft(1, main_~i~5)), main_~i~5 + 1)));
[L59]        main_~i~5 := main_~i~5 + 1;
       VAL   [main_~i~5=11]
[L57]        assume !!(main_~i~5 % 4294967296 < 16);
[L58]        main_~z~5 := ~bitwiseOr(main_~z~5, ~bitwiseOr(~shiftLeft(~bitwiseAnd(main_~x~5 % 65536, ~shiftLeft(1, main_~i~5)), main_~i~5), ~shiftLeft(~bitwiseAnd(main_~y~5 % 65536, ~shiftLeft(1, main_~i~5)), main_~i~5 + 1)));
[L59]        main_~i~5 := main_~i~5 + 1;
       VAL   [main_~i~5=12]
[L57]        assume !!(main_~i~5 % 4294967296 < 16);
[L58]        main_~z~5 := ~bitwiseOr(main_~z~5, ~bitwiseOr(~shiftLeft(~bitwiseAnd(main_~x~5 % 65536, ~shiftLeft(1, main_~i~5)), main_~i~5), ~shiftLeft(~bitwiseAnd(main_~y~5 % 65536, ~shiftLeft(1, main_~i~5)), main_~i~5 + 1)));
[L59]        main_~i~5 := main_~i~5 + 1;
       VAL   [main_~i~5=13]
[L57]        assume !!(main_~i~5 % 4294967296 < 16);
[L58]        main_~z~5 := ~bitwiseOr(main_~z~5, ~bitwiseOr(~shiftLeft(~bitwiseAnd(main_~x~5 % 65536, ~shiftLeft(1, main_~i~5)), main_~i~5), ~shiftLeft(~bitwiseAnd(main_~y~5 % 65536, ~shiftLeft(1, main_~i~5)), main_~i~5 + 1)));
[L59]        main_~i~5 := main_~i~5 + 1;
       VAL   [main_~i~5=14]
[L57]        assume !!(main_~i~5 % 4294967296 < 16);
[L58]        main_~z~5 := ~bitwiseOr(main_~z~5, ~bitwiseOr(~shiftLeft(~bitwiseAnd(main_~x~5 % 65536, ~shiftLeft(1, main_~i~5)), main_~i~5), ~shiftLeft(~bitwiseAnd(main_~y~5 % 65536, ~shiftLeft(1, main_~i~5)), main_~i~5 + 1)));
[L59]        main_~i~5 := main_~i~5 + 1;
       VAL   [main_~i~5=15]
[L57]        assume !!(main_~i~5 % 4294967296 < 16);
[L58]        main_~z~5 := ~bitwiseOr(main_~z~5, ~bitwiseOr(~shiftLeft(~bitwiseAnd(main_~x~5 % 65536, ~shiftLeft(1, main_~i~5)), main_~i~5), ~shiftLeft(~bitwiseAnd(main_~y~5 % 65536, ~shiftLeft(1, main_~i~5)), main_~i~5 + 1)));
[L59]        main_~i~5 := main_~i~5 + 1;
       VAL   [main_~i~5=16]
[L38]        assume !(main_~i~5 % 4294967296 < 16);
[L39]        main_~xx~5 := main_~x~5 % 65536;
[L40]        main_~yy~5 := main_~y~5 % 65536;
[L41]        main_~xx~5 := ~bitwiseAnd(~bitwiseOr(main_~xx~5, ~shiftLeft(main_~xx~5, 8)), 16711935);
[L42]        main_~xx~5 := ~bitwiseAnd(~bitwiseOr(main_~xx~5, ~shiftLeft(main_~xx~5, 4)), 252645135);
[L43]        main_~xx~5 := ~bitwiseAnd(~bitwiseOr(main_~xx~5, ~shiftLeft(main_~xx~5, 2)), 858993459);
[L44]        main_~xx~5 := ~bitwiseAnd(~bitwiseOr(main_~xx~5, ~shiftLeft(main_~xx~5, 1)), 1431655765);
[L45]        main_~yy~5 := ~bitwiseAnd(~bitwiseOr(main_~yy~5, ~shiftLeft(main_~yy~5, 8)), 16711935);
[L46]        main_~yy~5 := ~bitwiseAnd(~bitwiseOr(main_~yy~5, ~shiftLeft(main_~yy~5, 4)), 252645135);
[L47]        main_~yy~5 := ~bitwiseAnd(~bitwiseOr(main_~yy~5, ~shiftLeft(main_~yy~5, 2)), 858993459);
[L48]        main_~yy~5 := ~bitwiseAnd(~bitwiseOr(main_~yy~5, ~shiftLeft(main_~yy~5, 1)), 1431655765);
[L49]        main_~zz~5 := ~bitwiseOr(main_~xx~5, ~shiftLeft(main_~yy~5, 1));
[L50]        __VERIFIER_assert_#in~cond := (if main_~z~5 % 4294967296 == main_~zz~5 % 4294967296 then 1 else 0);
[L51]        havoc __VERIFIER_assert_~cond;
[L52]        __VERIFIER_assert_~cond := __VERIFIER_assert_#in~cond;
[L53]        assume __VERIFIER_assert_~cond == 0;
[L54]        assume !false;
[L62]        assert false;

  - StatisticsResult: Ultimate Automizer benchmark data
    CFG has 1 procedures, 5 locations, 5 edges, 1 error locations. Started 1 CEGAR loops. OverallTime: 3.6s, OverallIterations: 9, TraceHistogramMax: 16, PathProgramHistogramMax: 0, CheckedPaths: 13, TotalPairwisePrefixLcaDivergence: 75.4, AvgPairwisePrefixLcaDivergence: 0.9666666666666668, SearchMode: ADAPTIVE_BATCH_LCPS, DuplicateFreshnessFailures: 2, FailedToFindCounterexamples: 0, StalePaths: 7, LcpsCheckedPrefixQueries: 0, LcpsStalePrefixQueries: 0, LcpsCheckedPrefixHits: 0, LcpsStalePrefixHits: 0, LcpsSearchInvocations: 0, LcpsFullCacheSuffixInvocations: 0, LcpsFullCacheSuffixFallbacks: 0, LcpsEffectivePriorityDecisions: 0, BatchLcpsInvocations: 1, BatchLcpsAvailableSlotsTotal: 3, BatchLcpsCandidatesGenerated: 12, BatchLcpsCandidatesSelected: 3, BatchLcpsCandidateGenerationFailures: 0, BatchLcpsAvgCandidatePoolSize: 12.0, BatchLcpsAvgSelectedBatchSize: 3.0, BatchLcpsEffectiveBatchDecisions: 1, BatchLcpsCandidateGenerationTimeMs: 21, BatchLcpsSelectionTimeMs: 3, AdaptiveBatchTriggerMode: FIRST_FILL_ONLY, AdaptiveBatchInvocations: 1, AdaptiveBatchFallbacks: 9, AdaptiveTriggeredByDuplicate: 0, AdaptiveTriggeredByStale: 0, AdaptiveTriggeredBySearchFailed: 0, AdaptiveTriggeredByIdleSlot: 0, AdaptiveTriggeredByFirstFill: 1, AdaptiveTriggeredByFirstFillOrStale: 0, AdaptiveTriggeredByThreadsGe4FirstFill: 0, AdaptiveMinAvailableSlots: 2, EmptinessCheckTime: 0.0s, AutomataDifference: 0.0s, DeadEndRemovalTime: 0.0s, HoareAnnotationTime: 0.0s, InitialAbstractionConstructionTime: 0.0s, HoareTripleCheckerStatistics: , PredicateUnifierStatistics: No data available, 0.0s BasicInterpolantAutomatonTime, BiggestAbstraction: size=5occurred in iteration=0, InterpolantAutomatonStates: 105, traceCheckStatistics: No data available, InterpolantConsolidationStatistics: No data available, PathInvariantsStatistics: No data available, 0/0 InterpolantCoveringCapability, TotalInterpolationStatistics: No data available, 0.0s DumpTime, AutomataMinimizationStatistics: 0.0s AutomataMinimizationTime, 9 MinimizatonAttempts, 0 StatesRemovedByMinimization, 0 NontrivialMinimizations, HoareAnnotationStatistics: No data available, RefinementEngineStatistics: No data available, ReuseStatistics: No data available, ConComCheckerStatistics: No data available
RESULT: Ultimate could not prove your program: unable to determine feasibility of some traces
[2026-06-06 13:46:46,507 INFO  L546       MonitoredProcess]: [MP /usr/bin/z3 SMTLIB2_COMPLIANT=true -memory:1024 -smt2 -in -t:12000 (1)] Ended with exit code 0
Received shutdown request...

