This is Ultimate 0.3.1-cache-f5c6788a5b-m
[2026-06-06 01:20:49,739 INFO  L188        SettingsManager]: Resetting all preferences to default values...
[2026-06-06 01:20:49,765 INFO  L114        SettingsManager]: Loading settings from /home/hschi1106/ultimate/trunk/examples/Interactive/settings/ResetSettingsCamel.epf
[2026-06-06 01:20:49,768 WARN  L101        SettingsManager]: Preference file contains the following unknown settings:
[2026-06-06 01:20:49,768 WARN  L103        SettingsManager]:   * de.uni_freiburg.informatik.ultimate.plugins.blockencoding.Rewrite not-equals during SBE
[2026-06-06 01:20:49,768 WARN  L103        SettingsManager]:   * de.uni_freiburg.informatik.ultimate.plugins.blockencoding.Simplify codeblocks
[2026-06-06 01:20:49,768 WARN  L103        SettingsManager]:   * de.uni_freiburg.informatik.ultimate.plugins.blockencoding.Simplify assume statements
[2026-06-06 01:20:49,768 WARN  L103        SettingsManager]:   * de.uni_freiburg.informatik.ultimate.plugins.blockencoding.Use SBE during assume simplification
[2026-06-06 01:20:49,768 WARN  L103        SettingsManager]:   * de.uni_freiburg.informatik.ultimate.plugins.blockencoding.Use SBE for initial RCFG
[2026-06-06 01:20:49,768 WARN  L103        SettingsManager]:   * de.uni_freiburg.informatik.ultimate.plugins.blockencoding.Rewrite not equals when simplifying assume statements with SBE
[2026-06-06 01:20:49,768 WARN  L103        SettingsManager]:   * de.uni_freiburg.informatik.ultimate.core.Debug log message color
[2026-06-06 01:20:49,768 WARN  L103        SettingsManager]:   * de.uni_freiburg.informatik.ultimate.core.Drop models when Ultimate exits
[2026-06-06 01:20:49,768 WARN  L103        SettingsManager]:   * de.uni_freiburg.informatik.ultimate.core.Generate benchmark results
[2026-06-06 01:20:49,768 WARN  L103        SettingsManager]:   * de.uni_freiburg.informatik.ultimate.core.Log level for controller plugin
[2026-06-06 01:20:49,768 WARN  L103        SettingsManager]:   * de.uni_freiburg.informatik.ultimate.core.Warning log message color
[2026-06-06 01:20:49,768 WARN  L103        SettingsManager]:   * de.uni_freiburg.informatik.ultimate.core.Root log level
[2026-06-06 01:20:49,768 WARN  L103        SettingsManager]:   * de.uni_freiburg.informatik.ultimate.core.UI logger pattern
[2026-06-06 01:20:49,768 WARN  L103        SettingsManager]:   * de.uni_freiburg.informatik.ultimate.core.Log level for external tools
[2026-06-06 01:20:49,768 WARN  L103        SettingsManager]:   * de.uni_freiburg.informatik.ultimate.core.ultimate.logging.details
[2026-06-06 01:20:49,768 WARN  L103        SettingsManager]:   * de.uni_freiburg.informatik.ultimate.core.Toolchain timeout in seconds
[2026-06-06 01:20:49,768 WARN  L103        SettingsManager]:   * de.uni_freiburg.informatik.ultimate.core.Name of the log file
[2026-06-06 01:20:49,768 WARN  L103        SettingsManager]:   * de.uni_freiburg.informatik.ultimate.core.Info log message color
[2026-06-06 01:20:49,768 WARN  L103        SettingsManager]:   * de.uni_freiburg.informatik.ultimate.core.Create a Logfile
[2026-06-06 01:20:49,768 WARN  L103        SettingsManager]:   * de.uni_freiburg.informatik.ultimate.core.Logger pattern
[2026-06-06 01:20:49,768 WARN  L103        SettingsManager]:   * de.uni_freiburg.informatik.ultimate.core.Log level for core plugin
[2026-06-06 01:20:49,768 WARN  L103        SettingsManager]:   * de.uni_freiburg.informatik.ultimate.core.Show usable parsers
[2026-06-06 01:20:49,768 WARN  L103        SettingsManager]:   * de.uni_freiburg.informatik.ultimate.core.Log level for plugins
[2026-06-06 01:20:49,768 WARN  L103        SettingsManager]:   * de.uni_freiburg.informatik.ultimate.core.Fatal log message color
[2026-06-06 01:20:49,768 WARN  L103        SettingsManager]:   * de.uni_freiburg.informatik.ultimate.core.Show long description of results
[2026-06-06 01:20:49,768 WARN  L103        SettingsManager]:   * de.uni_freiburg.informatik.ultimate.core.Error log message color
[2026-06-06 01:20:49,768 WARN  L103        SettingsManager]:   * de.uni_freiburg.informatik.ultimate.core.Show result in pop-up window after toolchain execution
[2026-06-06 01:20:49,769 WARN  L103        SettingsManager]:   * de.uni_freiburg.informatik.ultimate.core.Directory (default: instance location)
[2026-06-06 01:20:49,769 WARN  L103        SettingsManager]:   * de.uni_freiburg.informatik.ultimate.core.Append to exisiting log file
[2026-06-06 01:20:49,769 WARN  L103        SettingsManager]:   * CDTParser.Please specify include paths that will be parsed with the given C-File
[2026-06-06 01:20:49,769 WARN  L103        SettingsManager]:   * de.uni_freiburg.informatik.ultimate.plugins.generator.rcfgbuilder.Translate Boogie integers to SMT bitvectors
[2026-06-06 01:20:49,769 WARN  L103        SettingsManager]:   * de.uni_freiburg.informatik.ultimate.plugins.generator.cacsl2boogietranslator.How to treat unsigned ints differently from normal ones
[2026-06-06 01:20:49,769 WARN  L103        SettingsManager]:   * de.uni_freiburg.informatik.ultimate.witnessprinter.Generate witnesses
[2026-06-06 01:20:49,769 WARN  L103        SettingsManager]:   * de.uni_freiburg.informatik.ultimate.witnessprinter.Write witness to working directory
[2026-06-06 01:20:49,769 WARN  L103        SettingsManager]:   * de.uni_freiburg.informatik.ultimate.plugins.analysis.irsdependencies.Mode
[2026-06-06 01:20:49,769 WARN  L103        SettingsManager]:   * de.uni_freiburg.informatik.ultimate.plugins.analysis.abstractinterpretationv2.Number type
[2026-06-06 01:20:49,769 WARN  L103        SettingsManager]:   * de.uni_freiburg.informatik.ultimate.plugins.analysis.abstractinterpretationv2.Congruence Widening operator
[2026-06-06 01:20:49,769 WARN  L103        SettingsManager]:   * de.uni_freiburg.informatik.ultimate.plugins.output.jungvisualization.Annotate edges
[2026-06-06 01:20:49,769 WARN  L103        SettingsManager]:   * de.uni_freiburg.informatik.ultimate.plugins.output.jungvisualization.Background color:
[2026-06-06 01:20:49,769 WARN  L103        SettingsManager]:   * de.uni_freiburg.informatik.ultimate.plugins.output.jungvisualization.Which models should be visualized?
[2026-06-06 01:20:49,769 WARN  L103        SettingsManager]:   * de.uni_freiburg.informatik.ultimate.plugins.output.jungvisualization.Choose node shape:
[2026-06-06 01:20:49,769 WARN  L103        SettingsManager]:   * de.uni_freiburg.informatik.ultimate.plugins.output.jungvisualization.Node color:
[2026-06-06 01:20:49,769 WARN  L103        SettingsManager]:   * de.uni_freiburg.informatik.ultimate.plugins.output.jungvisualization.Picked node color:
[2026-06-06 01:20:49,769 WARN  L103        SettingsManager]:   * de.uni_freiburg.informatik.ultimate.plugins.output.jungvisualization.Annotate nodes
[2026-06-06 01:20:49,769 WARN  L103        SettingsManager]:   * de.uni_freiburg.informatik.ultimate.plugins.output.jungvisualization.SVG Export directory:
[2026-06-06 01:20:49,769 WARN  L103        SettingsManager]:   * de.uni_freiburg.informatik.ultimate.plugins.output.jungvisualization.Default graph layout:
[2026-06-06 01:20:49,769 WARN  L103        SettingsManager]:   * de.uni_freiburg.informatik.ultimate.boogie.procedureinliner.to and inside polymorphic procedures
[2026-06-06 01:20:49,769 WARN  L103        SettingsManager]:   * de.uni_freiburg.informatik.ultimate.boogie.procedureinliner.to procedures with 'free requires' specifications
[2026-06-06 01:20:49,769 WARN  L103        SettingsManager]:   * de.uni_freiburg.informatik.ultimate.boogie.procedureinliner.calls to unimplemented procedures
[2026-06-06 01:20:49,769 WARN  L103        SettingsManager]:   * de.uni_freiburg.informatik.ultimate.boogie.procedureinliner.to recursive procedures
[2026-06-06 01:20:49,769 WARN  L103        SettingsManager]:   * de.uni_freiburg.informatik.ultimate.boogie.procedureinliner.with 'forall' modifier
[2026-06-06 01:20:49,769 WARN  L103        SettingsManager]:   * de.uni_freiburg.informatik.ultimate.boogie.procedureinliner.calls to implemented procedures
[2026-06-06 01:20:49,769 WARN  L103        SettingsManager]:   * de.uni_freiburg.informatik.ultimate.boogie.procedureinliner.to procedures, called more than once
[2026-06-06 01:20:49,769 WARN  L103        SettingsManager]:   * de.uni_freiburg.informatik.ultimate.plugins.generator.traceabstraction.Non-flow-sensitive error trace relevance analysis
[2026-06-06 01:20:49,769 WARN  L103        SettingsManager]:   * de.uni_freiburg.informatik.ultimate.plugins.generator.traceabstraction.use unfolding as abstraction
[2026-06-06 01:20:49,769 WARN  L103        SettingsManager]:   * de.uni_freiburg.informatik.ultimate.plugins.generator.traceabstraction.Iterations until the model checker surrenders
[2026-06-06 01:20:49,769 WARN  L103        SettingsManager]:   * de.uni_freiburg.informatik.ultimate.plugins.generator.traceabstraction.Enable interactive Verification?
[2026-06-06 01:20:49,769 WARN  L103        SettingsManager]:   * de.uni_freiburg.informatik.ultimate.plugins.generator.traceabstraction.Flow-sensitive error trace relevance analysis
[2026-06-06 01:20:49,769 WARN  L103        SettingsManager]:   * de.uni_freiburg.informatik.ultimate.gui.LASTTOOLCHAINPATH
[2026-06-06 01:20:49,769 WARN  L103        SettingsManager]:   * de.uni_freiburg.informatik.ultimate.gui.LASTPATH
[2026-06-06 01:20:49,785 INFO  L130        SettingsManager]: Preferences different from defaults after loading the file:
[2026-06-06 01:20:49,786 INFO  L151        SettingsManager]: Preferences of UltimateCore differ from their defaults:
[2026-06-06 01:20:49,786 INFO  L153        SettingsManager]:  * Directory (default: instance location)=/home/iari/src/ultimate/trunk/runtime-Debug-E4.product/
[2026-06-06 01:20:49,786 INFO  L151        SettingsManager]: Preferences of Abstract Interpretation differ from their defaults:
[2026-06-06 01:20:49,786 INFO  L153        SettingsManager]:  * Log string format=HALF_MATRIX
[2026-06-06 01:20:49,786 INFO  L151        SettingsManager]: Preferences of BuchiAutomizer differ from their defaults:
[2026-06-06 01:20:49,786 INFO  L153        SettingsManager]:  * Buchi interpolant automaton=Staged
[2026-06-06 01:20:49,786 INFO  L153        SettingsManager]:  * Buchi complementation construction=Ncsb
[2026-06-06 01:20:49,786 INFO  L151        SettingsManager]: Preferences of CACSL2BoogieTranslator differ from their defaults:
[2026-06-06 01:20:49,786 INFO  L153        SettingsManager]:  * Report unsoundness warnings=false
[2026-06-06 01:20:49,786 INFO  L151        SettingsManager]: Preferences of RCFGBuilder differ from their defaults:
[2026-06-06 01:20:49,786 INFO  L153        SettingsManager]:  * Logic for external solver=AUFNIRA
[2026-06-06 01:20:49,786 INFO  L153        SettingsManager]:  * Convert code blocks to CNF=true
[2026-06-06 01:20:49,786 INFO  L151        SettingsManager]: Preferences of TraceAbstraction differ from their defaults:
[2026-06-06 01:20:49,786 INFO  L153        SettingsManager]:  * cut-off requires same transition=true
[2026-06-06 01:20:49,786 INFO  L153        SettingsManager]:  * Trace refinement strategy=CAMEL
Applying setting for plugin de.uni_freiburg.informatik.ultimate.plugins.generator.traceabstraction: Use CEGAR loop for Parallel Trace Abstraction -> true
Applying setting for plugin de.uni_freiburg.informatik.ultimate.plugins.generator.traceabstraction: Threadlimit for Parallel CEGAR -> 16
Applying setting for plugin de.uni_freiburg.informatik.ultimate.plugins.generator.traceabstraction: Parallel trace search selection mode -> BATCH_LCPS
Applying setting for plugin de.uni_freiburg.informatik.ultimate.plugins.generator.traceabstraction: Track stale prefixes in parallel search -> true
Applying setting for plugin de.uni_freiburg.informatik.ultimate.plugins.generator.traceabstraction: Use initial BFS in PAPER/LCPS parallel search -> true
Applying setting for plugin de.uni_freiburg.informatik.ultimate.plugins.generator.traceabstraction: Batch LCPS candidate multiplier -> 4
Applying setting for plugin de.uni_freiburg.informatik.ultimate.plugins.generator.traceabstraction: Batch LCPS candidate cap -> 32
[2026-06-06 01:20:49,892 INFO  L75    nceAwareModelManager]: Repository-Root is: /tmp
[2026-06-06 01:20:49,897 INFO  L261   ainManager$Toolchain]: [Toolchain 1]: Applicable parser(s) successfully (re)initialized
[2026-06-06 01:20:49,898 INFO  L217   ainManager$Toolchain]: [Toolchain 1]: Toolchain selected.
[2026-06-06 01:20:49,898 INFO  L270        PluginConnector]: Initializing Boogie PL CUP Parser...
[2026-06-06 01:20:49,899 INFO  L274        PluginConnector]: Boogie PL CUP Parser initialized
[2026-06-06 01:20:49,899 INFO  L431   ainManager$Toolchain]: [Toolchain 1]: Parsing single file: /home/hschi1106/ultimate/trunk/examples/programs/20170304-DifficultPathPrograms/resultKnown/diamond2.i_4.bpl
[2026-06-06 01:20:49,899 INFO  L110           BoogieParser]: Parsing: '/home/hschi1106/ultimate/trunk/examples/programs/20170304-DifficultPathPrograms/resultKnown/diamond2.i_4.bpl'
[2026-06-06 01:20:49,909 INFO  L299   ainManager$Toolchain]: ####################### [Toolchain 1] #######################
[2026-06-06 01:20:49,911 INFO  L133        ToolchainWalker]: Walking toolchain with 3 elements.
[2026-06-06 01:20:49,911 INFO  L112        PluginConnector]: ------------------------Boogie Preprocessor----------------------------
[2026-06-06 01:20:49,911 INFO  L270        PluginConnector]: Initializing Boogie Preprocessor...
[2026-06-06 01:20:49,911 INFO  L274        PluginConnector]: Boogie Preprocessor initialized
[2026-06-06 01:20:49,917 INFO  L184        PluginConnector]: Executing the observer EnsureBoogieModelObserver from plugin Boogie Preprocessor for "diamond2.i_4.bpl de.uni_freiburg.informatik.ultimate.boogie.parser AST 06.06 01:20:49" (1/1) ...
[2026-06-06 01:20:49,917 INFO  L184        PluginConnector]: Executing the observer TypeChecker from plugin Boogie Preprocessor for "diamond2.i_4.bpl de.uni_freiburg.informatik.ultimate.boogie.parser AST 06.06 01:20:49" (1/1) ...
[2026-06-06 01:20:49,926 INFO  L184        PluginConnector]: Executing the observer ConstExpander from plugin Boogie Preprocessor for "diamond2.i_4.bpl de.uni_freiburg.informatik.ultimate.boogie.parser AST 06.06 01:20:49" (1/1) ...
[2026-06-06 01:20:49,926 INFO  L184        PluginConnector]: Executing the observer StructExpander from plugin Boogie Preprocessor for "diamond2.i_4.bpl de.uni_freiburg.informatik.ultimate.boogie.parser AST 06.06 01:20:49" (1/1) ...
[2026-06-06 01:20:49,927 INFO  L184        PluginConnector]: Executing the observer ReplaceArrayAssignments from plugin Boogie Preprocessor for "diamond2.i_4.bpl de.uni_freiburg.informatik.ultimate.boogie.parser AST 06.06 01:20:49" (1/1) ...
[2026-06-06 01:20:49,927 INFO  L184        PluginConnector]: Executing the observer UnstructureCode from plugin Boogie Preprocessor for "diamond2.i_4.bpl de.uni_freiburg.informatik.ultimate.boogie.parser AST 06.06 01:20:49" (1/1) ...
[2026-06-06 01:20:49,928 INFO  L184        PluginConnector]: Executing the observer FunctionInliner from plugin Boogie Preprocessor for "diamond2.i_4.bpl de.uni_freiburg.informatik.ultimate.boogie.parser AST 06.06 01:20:49" (1/1) ...
[2026-06-06 01:20:49,928 INFO  L184        PluginConnector]: Executing the observer LTLStepAnnotator from plugin Boogie Preprocessor for "diamond2.i_4.bpl de.uni_freiburg.informatik.ultimate.boogie.parser AST 06.06 01:20:49" (1/1) ...
[2026-06-06 01:20:49,929 INFO  L184        PluginConnector]: Executing the observer BoogieSymbolTableConstructor from plugin Boogie Preprocessor for "diamond2.i_4.bpl de.uni_freiburg.informatik.ultimate.boogie.parser AST 06.06 01:20:49" (1/1) ...
[2026-06-06 01:20:49,930 INFO  L131        PluginConnector]: ------------------------ END Boogie Preprocessor----------------------------
[2026-06-06 01:20:49,931 INFO  L112        PluginConnector]: ------------------------RCFGBuilder----------------------------
[2026-06-06 01:20:49,931 INFO  L270        PluginConnector]: Initializing RCFGBuilder...
[2026-06-06 01:20:49,931 INFO  L274        PluginConnector]: RCFGBuilder initialized
[2026-06-06 01:20:49,931 INFO  L184        PluginConnector]: Executing the observer RCFGBuilderObserver from plugin RCFGBuilder for "diamond2.i_4.bpl de.uni_freiburg.informatik.ultimate.boogie.parser AST 06.06 01:20:49" (1/1) ...
[2026-06-06 01:20:49,933 INFO  L173          SolverBuilder]: Constructing external solver with command: z3 SMTLIB2_COMPLIANT=true -memory:1024 -smt2 -in -t:12000
[2026-06-06 01:20:49,938 INFO  L189       MonitoredProcess]: No working directory specified, using /usr/bin/z3
[2026-06-06 01:20:49,943 INFO  L229       MonitoredProcess]: Starting monitored process 1 with /usr/bin/z3 SMTLIB2_COMPLIANT=true -memory:1024 -smt2 -in -t:12000 (exit command is (exit), workingDir is null)
[2026-06-06 01:20:49,944 INFO  L327       MonitoredProcess]: [MP /usr/bin/z3 SMTLIB2_COMPLIANT=true -memory:1024 -smt2 -in -t:12000 (1)] Waiting until timeout for monitored process
[2026-06-06 01:20:49,952 INFO  L138     BoogieDeclarations]: Found implementation of procedure ULTIMATE.start
[2026-06-06 01:20:49,952 INFO  L130     BoogieDeclarations]: Found specification of procedure ULTIMATE.start
[2026-06-06 01:20:49,970 INFO  L234             CfgBuilder]: Building ICFG
[2026-06-06 01:20:49,971 INFO  L260             CfgBuilder]: Building CFG for each procedure with an implementation
[2026-06-06 01:20:50,005 INFO  L?                        ?]: Removed 4 outVars from TransFormulas that were not future-live.
[2026-06-06 01:20:50,005 INFO  L283             CfgBuilder]: Performing block encoding
[2026-06-06 01:20:50,009 INFO  L89      LargeBlockEncoding]: Applying CFG Large Block Encoding to ICFG that has 1 procedures, 6 locations, 6 edges, 0 initial locations, 0 loop locations, and 1 error locations.
[2026-06-06 01:20:50,012 INFO  L139     LargeBlockEncoding]: LargeBlockEncoding completed in 6 ms, with 1 straightline sequential compositions, 0 parallel compositions, 0 1:n/n:1 sequential compositions and 0 complex sequential compositions.
[2026-06-06 01:20:50,012 INFO  L307             CfgBuilder]: Using the 1 location(s) as analysis (start of procedure ULTIMATE.start)
[2026-06-06 01:20:50,013 INFO  L312             CfgBuilder]: Removed 1 assume(true) statements.
[2026-06-06 01:20:50,013 INFO  L314             CfgBuilder]: Constructed ICFG has 1 procedures, 5 locations, 5 edges, 1 initial locations, 0 loop locations, and 1 error locations.
[2026-06-06 01:20:50,013 INFO  L201        PluginConnector]: Adding new model diamond2.i_4.bpl de.uni_freiburg.informatik.ultimate.plugins.generator.rcfgbuilder CFG 06.06 01:20:50 BoogieIcfgContainer
[2026-06-06 01:20:50,013 INFO  L131        PluginConnector]: ------------------------ END RCFGBuilder----------------------------
[2026-06-06 01:20:50,014 INFO  L112        PluginConnector]: ------------------------TraceAbstraction----------------------------
[2026-06-06 01:20:50,014 INFO  L270        PluginConnector]: Initializing TraceAbstraction...
[2026-06-06 01:20:50,016 INFO  L274        PluginConnector]: TraceAbstraction initialized
[2026-06-06 01:20:50,016 INFO  L184        PluginConnector]: Executing the observer TraceAbstractionObserver from plugin TraceAbstraction for "diamond2.i_4.bpl de.uni_freiburg.informatik.ultimate.boogie.parser AST 06.06 01:20:49" (1/2) ...
[2026-06-06 01:20:50,016 INFO  L204        PluginConnector]: Invalid model from TraceAbstraction for observer de.uni_freiburg.informatik.ultimate.plugins.generator.traceabstraction.TraceAbstractionObserver@6e548cd and model type diamond2.i_4.bpl de.uni_freiburg.informatik.ultimate.plugins.generator.traceabstraction AST 06.06 01:20:50, skipping insertion in model container
[2026-06-06 01:20:50,016 INFO  L184        PluginConnector]: Executing the observer TraceAbstractionObserver from plugin TraceAbstraction for "diamond2.i_4.bpl de.uni_freiburg.informatik.ultimate.plugins.generator.rcfgbuilder CFG 06.06 01:20:50" (2/2) ...
[2026-06-06 01:20:50,016 INFO  L128   eAbstractionObserver]: Analyzing ICFG diamond2.i_4.bpl
[2026-06-06 01:20:50,022 INFO  L217   ceAbstractionStarter]: Automizer settings: Hoare:None NWA Interpolation:ForwardPredicates Determinization: PREDICATE_ABSTRACTION
[2026-06-06 01:20:50,022 INFO  L151   ceAbstractionStarter]: Applying trace abstraction to ICFG diamond2.i_4.bpl that has 1 procedures, 5 locations, 5 edges, 1 initial locations, 0 loop locations, and 1 error locations.
[2026-06-06 01:20:50,036 INFO  L344      AbstractCegarLoop]: ======== Iteration 0 == of CEGAR loop == AllErrorsAtOnce ========
[2026-06-06 01:20:50,041 INFO  L345      AbstractCegarLoop]: Settings: SEPARATE_VIOLATION_CHECK=true, mInterprocedural=true, mMaxIterations=1000000, mWatchIteration=1000000, mArtifact=RCFG, mInterpolation=ForwardPredicates, mInterpolantAutomaton=STRAIGHT_LINE, mDumpAutomata=false, mAutomataFormat=ATS_NUMERATE, mDumpPath=., mDeterminiation=PREDICATE_ABSTRACTION, mMinimize=MINIMIZE_SEVPA, mAutomataTypeConcurrency=FINITE_AUTOMATA, mHoareTripleChecks=INCREMENTAL, mHoareAnnotationPositions=None, mDumpOnlyReuseAutomata=false, mLimitTraceHistogram=0, mErrorLocTimeLimit=0, mLimitPathProgramCount=0, mCollectInterpolantStatistics=true, mHeuristicEmptinessCheck=false, mHeuristicEmptinessCheckAStarHeuristic=ZERO, mHeuristicEmptinessCheckAStarHeuristicRandomSeed=1337, mHeuristicEmptinessCheckSmtFeatureScoringMethod=DAGSIZE, mSMTFeatureExtraction=false, mSMTFeatureExtractionDumpPath=., mOverrideInterpolantAutomaton=false, mMcrInterpolantMethod=WP, mPorIndependenceSettings=[Lde.uni_freiburg.informatik.ultimate.lib.tracecheckerutils.partialorder.independence.IndependenceSettings;@15c9f177, mLbeIndependenceSettings=[IndependenceType=SEMANTIC, AbstractionType=NONE, UseConditional=false, UseSemiCommutativity=true, Solver=Z3, SolverTimeout=1000ms], mThreadLimit=16, mParallelCegarLoop=true, mConsiderOnlyActiveCounterexamplesInIsEmptyParallel=true, mMinimizeAbstractionPerWorker=true, mSearchLoopBound=-1, mParallelTraceSearchSelectionMode=BATCH_LCPS, mParallelTraceSearchUseInitialBfs=true, mParallelTraceSearchTrackStalePrefixes=true, mBatchLcpsCandidateMultiplier=4, mBatchLcpsCandidateCap=32
[2026-06-06 01:20:50,041 INFO  L346      AbstractCegarLoop]: Starting to check reachability of 1 error locations.
[2026-06-06 01:20:50,042 INFO  L290                IsEmpty]: Start isEmpty. Operand  has 5 states, 3 states have (on average 1.6666666666666667) internal successors, (5), 4 states have internal predecessors, (5), 0 states have call successors, (0), 0 states have call predecessors, (0), 0 states have return successors, (0), 0 states have call predecessors, (0), 0 states have call successors, (0)
[2026-06-06 01:20:50,043 INFO  L300                IsEmpty]: Finished isEmpty. Found accepting run of length 4
[2026-06-06 01:20:50,043 INFO  L199           NwaCegarLoop]: Found error trace
[2026-06-06 01:20:50,043 INFO  L207           NwaCegarLoop]: trace histogram [1, 1, 1]
[2026-06-06 01:20:50,044 INFO  L173          SolverBuilder]: Constructing external solver with command: z3 SMTLIB2_COMPLIANT=true -memory:1024 -smt2 -in -t:12000
[2026-06-06 01:20:50,046 INFO  L189       MonitoredProcess]: No working directory specified, using /usr/bin/z3
[2026-06-06 01:20:50,048 INFO  L229       MonitoredProcess]: Starting monitored process 2 with /usr/bin/z3 SMTLIB2_COMPLIANT=true -memory:1024 -smt2 -in -t:12000 (exit command is (exit), workingDir is null)
[2026-06-06 01:20:50,048 INFO  L327       MonitoredProcess]: [MP /usr/bin/z3 SMTLIB2_COMPLIANT=true -memory:1024 -smt2 -in -t:12000 (2)] Waiting until timeout for monitored process
[2026-06-06 01:20:50,060 WARN  L330   ript$VariableManager]: TermVariable v_ULTIMATE.start___VERIFIER_assert_~cond_3 not constructed by VariableManager. Cannot ensure absence of name clashes.
[2026-06-06 01:20:50,060 WARN  L330   ript$VariableManager]: TermVariable |v_ULTIMATE.start___VERIFIER_assert_#in~cond_2| not constructed by VariableManager. Cannot ensure absence of name clashes.
[2026-06-06 01:20:50,062 INFO  L173          SolverBuilder]: Constructing external solver with command: z3 SMTLIB2_COMPLIANT=true -memory:1024 -smt2 -in -t:12000
[2026-06-06 01:20:50,062 INFO  L196   CegarNwaWorkerThread]: WorkerThread: Thread[#80,pool-1-thread-1,5,main] is Waiting for a Task
[2026-06-06 01:20:50,064 INFO  L189       MonitoredProcess]: No working directory specified, using /usr/bin/z3
[2026-06-06 01:20:50,065 INFO  L229       MonitoredProcess]: Starting monitored process 3 with /usr/bin/z3 SMTLIB2_COMPLIANT=true -memory:1024 -smt2 -in -t:12000 (exit command is (exit), workingDir is null)
[2026-06-06 01:20:50,065 INFO  L327       MonitoredProcess]: [MP /usr/bin/z3 SMTLIB2_COMPLIANT=true -memory:1024 -smt2 -in -t:12000 (3)] Waiting until timeout for monitored process
[2026-06-06 01:20:50,073 WARN  L330   ript$VariableManager]: TermVariable v_ULTIMATE.start___VERIFIER_assert_~cond_3 not constructed by VariableManager. Cannot ensure absence of name clashes.
[2026-06-06 01:20:50,073 WARN  L330   ript$VariableManager]: TermVariable |v_ULTIMATE.start___VERIFIER_assert_#in~cond_2| not constructed by VariableManager. Cannot ensure absence of name clashes.
[2026-06-06 01:20:50,075 INFO  L173          SolverBuilder]: Constructing external solver with command: z3 SMTLIB2_COMPLIANT=true -memory:1024 -smt2 -in -t:12000
[2026-06-06 01:20:50,075 INFO  L196   CegarNwaWorkerThread]: WorkerThread: Thread[#86,pool-1-thread-2,5,main] is Waiting for a Task
[2026-06-06 01:20:50,076 INFO  L189       MonitoredProcess]: No working directory specified, using /usr/bin/z3
[2026-06-06 01:20:50,077 INFO  L229       MonitoredProcess]: Starting monitored process 4 with /usr/bin/z3 SMTLIB2_COMPLIANT=true -memory:1024 -smt2 -in -t:12000 (exit command is (exit), workingDir is null)
[2026-06-06 01:20:50,078 INFO  L327       MonitoredProcess]: [MP /usr/bin/z3 SMTLIB2_COMPLIANT=true -memory:1024 -smt2 -in -t:12000 (4)] Waiting until timeout for monitored process
[2026-06-06 01:20:50,086 WARN  L330   ript$VariableManager]: TermVariable v_ULTIMATE.start___VERIFIER_assert_~cond_3 not constructed by VariableManager. Cannot ensure absence of name clashes.
[2026-06-06 01:20:50,086 WARN  L330   ript$VariableManager]: TermVariable |v_ULTIMATE.start___VERIFIER_assert_#in~cond_2| not constructed by VariableManager. Cannot ensure absence of name clashes.
[2026-06-06 01:20:50,087 INFO  L173          SolverBuilder]: Constructing external solver with command: z3 SMTLIB2_COMPLIANT=true -memory:1024 -smt2 -in -t:12000
[2026-06-06 01:20:50,087 INFO  L196   CegarNwaWorkerThread]: WorkerThread: Thread[#92,pool-1-thread-3,5,main] is Waiting for a Task
[2026-06-06 01:20:50,090 INFO  L189       MonitoredProcess]: No working directory specified, using /usr/bin/z3
[2026-06-06 01:20:50,091 INFO  L229       MonitoredProcess]: Starting monitored process 5 with /usr/bin/z3 SMTLIB2_COMPLIANT=true -memory:1024 -smt2 -in -t:12000 (exit command is (exit), workingDir is null)
[2026-06-06 01:20:50,092 INFO  L327       MonitoredProcess]: [MP /usr/bin/z3 SMTLIB2_COMPLIANT=true -memory:1024 -smt2 -in -t:12000 (5)] Waiting until timeout for monitored process
[2026-06-06 01:20:50,100 WARN  L330   ript$VariableManager]: TermVariable v_ULTIMATE.start___VERIFIER_assert_~cond_3 not constructed by VariableManager. Cannot ensure absence of name clashes.
[2026-06-06 01:20:50,100 WARN  L330   ript$VariableManager]: TermVariable |v_ULTIMATE.start___VERIFIER_assert_#in~cond_2| not constructed by VariableManager. Cannot ensure absence of name clashes.
[2026-06-06 01:20:50,101 INFO  L173          SolverBuilder]: Constructing external solver with command: z3 SMTLIB2_COMPLIANT=true -memory:1024 -smt2 -in -t:12000
[2026-06-06 01:20:50,101 INFO  L196   CegarNwaWorkerThread]: WorkerThread: Thread[#101,pool-1-thread-4,5,main] is Waiting for a Task
[2026-06-06 01:20:50,103 INFO  L189       MonitoredProcess]: No working directory specified, using /usr/bin/z3
[2026-06-06 01:20:50,104 INFO  L229       MonitoredProcess]: Starting monitored process 6 with /usr/bin/z3 SMTLIB2_COMPLIANT=true -memory:1024 -smt2 -in -t:12000 (exit command is (exit), workingDir is null)
[2026-06-06 01:20:50,104 INFO  L327       MonitoredProcess]: [MP /usr/bin/z3 SMTLIB2_COMPLIANT=true -memory:1024 -smt2 -in -t:12000 (6)] Waiting until timeout for monitored process
[2026-06-06 01:20:50,112 WARN  L330   ript$VariableManager]: TermVariable v_ULTIMATE.start___VERIFIER_assert_~cond_3 not constructed by VariableManager. Cannot ensure absence of name clashes.
[2026-06-06 01:20:50,112 WARN  L330   ript$VariableManager]: TermVariable |v_ULTIMATE.start___VERIFIER_assert_#in~cond_2| not constructed by VariableManager. Cannot ensure absence of name clashes.
[2026-06-06 01:20:50,113 INFO  L173          SolverBuilder]: Constructing external solver with command: z3 SMTLIB2_COMPLIANT=true -memory:1024 -smt2 -in -t:12000
[2026-06-06 01:20:50,113 INFO  L196   CegarNwaWorkerThread]: WorkerThread: Thread[#107,pool-1-thread-5,5,main] is Waiting for a Task
[2026-06-06 01:20:50,115 INFO  L189       MonitoredProcess]: No working directory specified, using /usr/bin/z3
[2026-06-06 01:20:50,116 INFO  L229       MonitoredProcess]: Starting monitored process 7 with /usr/bin/z3 SMTLIB2_COMPLIANT=true -memory:1024 -smt2 -in -t:12000 (exit command is (exit), workingDir is null)
[2026-06-06 01:20:50,117 INFO  L327       MonitoredProcess]: [MP /usr/bin/z3 SMTLIB2_COMPLIANT=true -memory:1024 -smt2 -in -t:12000 (7)] Waiting until timeout for monitored process
[2026-06-06 01:20:50,125 WARN  L330   ript$VariableManager]: TermVariable v_ULTIMATE.start___VERIFIER_assert_~cond_3 not constructed by VariableManager. Cannot ensure absence of name clashes.
[2026-06-06 01:20:50,125 WARN  L330   ript$VariableManager]: TermVariable |v_ULTIMATE.start___VERIFIER_assert_#in~cond_2| not constructed by VariableManager. Cannot ensure absence of name clashes.
[2026-06-06 01:20:50,126 INFO  L173          SolverBuilder]: Constructing external solver with command: z3 SMTLIB2_COMPLIANT=true -memory:1024 -smt2 -in -t:12000
[2026-06-06 01:20:50,126 INFO  L196   CegarNwaWorkerThread]: WorkerThread: Thread[#113,pool-1-thread-6,5,main] is Waiting for a Task
[2026-06-06 01:20:50,128 INFO  L189       MonitoredProcess]: No working directory specified, using /usr/bin/z3
[2026-06-06 01:20:50,129 INFO  L229       MonitoredProcess]: Starting monitored process 8 with /usr/bin/z3 SMTLIB2_COMPLIANT=true -memory:1024 -smt2 -in -t:12000 (exit command is (exit), workingDir is null)
[2026-06-06 01:20:50,129 INFO  L327       MonitoredProcess]: [MP /usr/bin/z3 SMTLIB2_COMPLIANT=true -memory:1024 -smt2 -in -t:12000 (8)] Waiting until timeout for monitored process
[2026-06-06 01:20:50,138 WARN  L330   ript$VariableManager]: TermVariable v_ULTIMATE.start___VERIFIER_assert_~cond_3 not constructed by VariableManager. Cannot ensure absence of name clashes.
[2026-06-06 01:20:50,138 WARN  L330   ript$VariableManager]: TermVariable |v_ULTIMATE.start___VERIFIER_assert_#in~cond_2| not constructed by VariableManager. Cannot ensure absence of name clashes.
[2026-06-06 01:20:50,139 INFO  L173          SolverBuilder]: Constructing external solver with command: z3 SMTLIB2_COMPLIANT=true -memory:1024 -smt2 -in -t:12000
[2026-06-06 01:20:50,139 INFO  L196   CegarNwaWorkerThread]: WorkerThread: Thread[#119,pool-1-thread-7,5,main] is Waiting for a Task
[2026-06-06 01:20:50,140 INFO  L189       MonitoredProcess]: No working directory specified, using /usr/bin/z3
[2026-06-06 01:20:50,142 INFO  L229       MonitoredProcess]: Starting monitored process 9 with /usr/bin/z3 SMTLIB2_COMPLIANT=true -memory:1024 -smt2 -in -t:12000 (exit command is (exit), workingDir is null)
[2026-06-06 01:20:50,142 INFO  L327       MonitoredProcess]: [MP /usr/bin/z3 SMTLIB2_COMPLIANT=true -memory:1024 -smt2 -in -t:12000 (9)] Waiting until timeout for monitored process
[2026-06-06 01:20:50,150 WARN  L330   ript$VariableManager]: TermVariable v_ULTIMATE.start___VERIFIER_assert_~cond_3 not constructed by VariableManager. Cannot ensure absence of name clashes.
[2026-06-06 01:20:50,150 WARN  L330   ript$VariableManager]: TermVariable |v_ULTIMATE.start___VERIFIER_assert_#in~cond_2| not constructed by VariableManager. Cannot ensure absence of name clashes.
[2026-06-06 01:20:50,151 INFO  L173          SolverBuilder]: Constructing external solver with command: z3 SMTLIB2_COMPLIANT=true -memory:1024 -smt2 -in -t:12000
[2026-06-06 01:20:50,151 INFO  L196   CegarNwaWorkerThread]: WorkerThread: Thread[#125,pool-1-thread-8,5,main] is Waiting for a Task
[2026-06-06 01:20:50,152 INFO  L189       MonitoredProcess]: No working directory specified, using /usr/bin/z3
[2026-06-06 01:20:50,154 INFO  L229       MonitoredProcess]: Starting monitored process 10 with /usr/bin/z3 SMTLIB2_COMPLIANT=true -memory:1024 -smt2 -in -t:12000 (exit command is (exit), workingDir is null)
[2026-06-06 01:20:50,154 INFO  L327       MonitoredProcess]: [MP /usr/bin/z3 SMTLIB2_COMPLIANT=true -memory:1024 -smt2 -in -t:12000 (10)] Waiting until timeout for monitored process
[2026-06-06 01:20:50,161 WARN  L330   ript$VariableManager]: TermVariable v_ULTIMATE.start___VERIFIER_assert_~cond_3 not constructed by VariableManager. Cannot ensure absence of name clashes.
[2026-06-06 01:20:50,162 WARN  L330   ript$VariableManager]: TermVariable |v_ULTIMATE.start___VERIFIER_assert_#in~cond_2| not constructed by VariableManager. Cannot ensure absence of name clashes.
[2026-06-06 01:20:50,162 INFO  L173          SolverBuilder]: Constructing external solver with command: z3 SMTLIB2_COMPLIANT=true -memory:1024 -smt2 -in -t:12000
[2026-06-06 01:20:50,162 INFO  L196   CegarNwaWorkerThread]: WorkerThread: Thread[#131,pool-1-thread-9,5,main] is Waiting for a Task
[2026-06-06 01:20:50,164 INFO  L189       MonitoredProcess]: No working directory specified, using /usr/bin/z3
[2026-06-06 01:20:50,165 INFO  L229       MonitoredProcess]: Starting monitored process 11 with /usr/bin/z3 SMTLIB2_COMPLIANT=true -memory:1024 -smt2 -in -t:12000 (exit command is (exit), workingDir is null)
[2026-06-06 01:20:50,165 INFO  L327       MonitoredProcess]: [MP /usr/bin/z3 SMTLIB2_COMPLIANT=true -memory:1024 -smt2 -in -t:12000 (11)] Waiting until timeout for monitored process
[2026-06-06 01:20:50,173 WARN  L330   ript$VariableManager]: TermVariable v_ULTIMATE.start___VERIFIER_assert_~cond_3 not constructed by VariableManager. Cannot ensure absence of name clashes.
[2026-06-06 01:20:50,173 WARN  L330   ript$VariableManager]: TermVariable |v_ULTIMATE.start___VERIFIER_assert_#in~cond_2| not constructed by VariableManager. Cannot ensure absence of name clashes.
[2026-06-06 01:20:50,173 INFO  L173          SolverBuilder]: Constructing external solver with command: z3 SMTLIB2_COMPLIANT=true -memory:1024 -smt2 -in -t:12000
[2026-06-06 01:20:50,173 INFO  L196   CegarNwaWorkerThread]: WorkerThread: Thread[#137,pool-1-thread-10,5,main] is Waiting for a Task
[2026-06-06 01:20:50,175 INFO  L189       MonitoredProcess]: No working directory specified, using /usr/bin/z3
[2026-06-06 01:20:50,176 INFO  L229       MonitoredProcess]: Starting monitored process 12 with /usr/bin/z3 SMTLIB2_COMPLIANT=true -memory:1024 -smt2 -in -t:12000 (exit command is (exit), workingDir is null)
[2026-06-06 01:20:50,177 INFO  L327       MonitoredProcess]: [MP /usr/bin/z3 SMTLIB2_COMPLIANT=true -memory:1024 -smt2 -in -t:12000 (12)] Waiting until timeout for monitored process
[2026-06-06 01:20:50,184 WARN  L330   ript$VariableManager]: TermVariable v_ULTIMATE.start___VERIFIER_assert_~cond_3 not constructed by VariableManager. Cannot ensure absence of name clashes.
[2026-06-06 01:20:50,184 WARN  L330   ript$VariableManager]: TermVariable |v_ULTIMATE.start___VERIFIER_assert_#in~cond_2| not constructed by VariableManager. Cannot ensure absence of name clashes.
[2026-06-06 01:20:50,185 INFO  L173          SolverBuilder]: Constructing external solver with command: z3 SMTLIB2_COMPLIANT=true -memory:1024 -smt2 -in -t:12000
[2026-06-06 01:20:50,185 INFO  L196   CegarNwaWorkerThread]: WorkerThread: Thread[#143,pool-1-thread-11,5,main] is Waiting for a Task
[2026-06-06 01:20:50,188 INFO  L189       MonitoredProcess]: No working directory specified, using /usr/bin/z3
[2026-06-06 01:20:50,189 INFO  L229       MonitoredProcess]: Starting monitored process 13 with /usr/bin/z3 SMTLIB2_COMPLIANT=true -memory:1024 -smt2 -in -t:12000 (exit command is (exit), workingDir is null)
[2026-06-06 01:20:50,190 INFO  L327       MonitoredProcess]: [MP /usr/bin/z3 SMTLIB2_COMPLIANT=true -memory:1024 -smt2 -in -t:12000 (13)] Waiting until timeout for monitored process
[2026-06-06 01:20:50,197 WARN  L330   ript$VariableManager]: TermVariable v_ULTIMATE.start___VERIFIER_assert_~cond_3 not constructed by VariableManager. Cannot ensure absence of name clashes.
[2026-06-06 01:20:50,197 WARN  L330   ript$VariableManager]: TermVariable |v_ULTIMATE.start___VERIFIER_assert_#in~cond_2| not constructed by VariableManager. Cannot ensure absence of name clashes.
[2026-06-06 01:20:50,198 INFO  L173          SolverBuilder]: Constructing external solver with command: z3 SMTLIB2_COMPLIANT=true -memory:1024 -smt2 -in -t:12000
[2026-06-06 01:20:50,198 INFO  L196   CegarNwaWorkerThread]: WorkerThread: Thread[#149,pool-1-thread-12,5,main] is Waiting for a Task
[2026-06-06 01:20:50,200 INFO  L189       MonitoredProcess]: No working directory specified, using /usr/bin/z3
[2026-06-06 01:20:50,201 INFO  L229       MonitoredProcess]: Starting monitored process 14 with /usr/bin/z3 SMTLIB2_COMPLIANT=true -memory:1024 -smt2 -in -t:12000 (exit command is (exit), workingDir is null)
[2026-06-06 01:20:50,201 INFO  L327       MonitoredProcess]: [MP /usr/bin/z3 SMTLIB2_COMPLIANT=true -memory:1024 -smt2 -in -t:12000 (14)] Waiting until timeout for monitored process
[2026-06-06 01:20:50,209 WARN  L330   ript$VariableManager]: TermVariable v_ULTIMATE.start___VERIFIER_assert_~cond_3 not constructed by VariableManager. Cannot ensure absence of name clashes.
[2026-06-06 01:20:50,209 WARN  L330   ript$VariableManager]: TermVariable |v_ULTIMATE.start___VERIFIER_assert_#in~cond_2| not constructed by VariableManager. Cannot ensure absence of name clashes.
[2026-06-06 01:20:50,210 INFO  L173          SolverBuilder]: Constructing external solver with command: z3 SMTLIB2_COMPLIANT=true -memory:1024 -smt2 -in -t:12000
[2026-06-06 01:20:50,210 INFO  L196   CegarNwaWorkerThread]: WorkerThread: Thread[#155,pool-1-thread-13,5,main] is Waiting for a Task
[2026-06-06 01:20:50,212 INFO  L189       MonitoredProcess]: No working directory specified, using /usr/bin/z3
[2026-06-06 01:20:50,213 INFO  L229       MonitoredProcess]: Starting monitored process 15 with /usr/bin/z3 SMTLIB2_COMPLIANT=true -memory:1024 -smt2 -in -t:12000 (exit command is (exit), workingDir is null)
[2026-06-06 01:20:50,213 INFO  L327       MonitoredProcess]: [MP /usr/bin/z3 SMTLIB2_COMPLIANT=true -memory:1024 -smt2 -in -t:12000 (15)] Waiting until timeout for monitored process
[2026-06-06 01:20:50,220 WARN  L330   ript$VariableManager]: TermVariable v_ULTIMATE.start___VERIFIER_assert_~cond_3 not constructed by VariableManager. Cannot ensure absence of name clashes.
[2026-06-06 01:20:50,220 WARN  L330   ript$VariableManager]: TermVariable |v_ULTIMATE.start___VERIFIER_assert_#in~cond_2| not constructed by VariableManager. Cannot ensure absence of name clashes.
[2026-06-06 01:20:50,221 INFO  L173          SolverBuilder]: Constructing external solver with command: z3 SMTLIB2_COMPLIANT=true -memory:1024 -smt2 -in -t:12000
[2026-06-06 01:20:50,221 INFO  L196   CegarNwaWorkerThread]: WorkerThread: Thread[#161,pool-1-thread-14,5,main] is Waiting for a Task
[2026-06-06 01:20:50,223 INFO  L189       MonitoredProcess]: No working directory specified, using /usr/bin/z3
[2026-06-06 01:20:50,224 INFO  L229       MonitoredProcess]: Starting monitored process 16 with /usr/bin/z3 SMTLIB2_COMPLIANT=true -memory:1024 -smt2 -in -t:12000 (exit command is (exit), workingDir is null)
[2026-06-06 01:20:50,225 INFO  L327       MonitoredProcess]: [MP /usr/bin/z3 SMTLIB2_COMPLIANT=true -memory:1024 -smt2 -in -t:12000 (16)] Waiting until timeout for monitored process
[2026-06-06 01:20:50,231 WARN  L330   ript$VariableManager]: TermVariable v_ULTIMATE.start___VERIFIER_assert_~cond_3 not constructed by VariableManager. Cannot ensure absence of name clashes.
[2026-06-06 01:20:50,232 WARN  L330   ript$VariableManager]: TermVariable |v_ULTIMATE.start___VERIFIER_assert_#in~cond_2| not constructed by VariableManager. Cannot ensure absence of name clashes.
[2026-06-06 01:20:50,232 INFO  L173          SolverBuilder]: Constructing external solver with command: z3 SMTLIB2_COMPLIANT=true -memory:1024 -smt2 -in -t:12000
[2026-06-06 01:20:50,232 INFO  L196   CegarNwaWorkerThread]: WorkerThread: Thread[#167,pool-1-thread-15,5,main] is Waiting for a Task
[2026-06-06 01:20:50,234 INFO  L189       MonitoredProcess]: No working directory specified, using /usr/bin/z3
[2026-06-06 01:20:50,235 INFO  L229       MonitoredProcess]: Starting monitored process 17 with /usr/bin/z3 SMTLIB2_COMPLIANT=true -memory:1024 -smt2 -in -t:12000 (exit command is (exit), workingDir is null)
[2026-06-06 01:20:50,236 INFO  L327       MonitoredProcess]: [MP /usr/bin/z3 SMTLIB2_COMPLIANT=true -memory:1024 -smt2 -in -t:12000 (17)] Waiting until timeout for monitored process
[2026-06-06 01:20:50,242 WARN  L330   ript$VariableManager]: TermVariable v_ULTIMATE.start___VERIFIER_assert_~cond_3 not constructed by VariableManager. Cannot ensure absence of name clashes.
[2026-06-06 01:20:50,243 WARN  L330   ript$VariableManager]: TermVariable |v_ULTIMATE.start___VERIFIER_assert_#in~cond_2| not constructed by VariableManager. Cannot ensure absence of name clashes.
[2026-06-06 01:20:50,243 INFO  L196   CegarNwaWorkerThread]: WorkerThread: Thread[#173,pool-1-thread-16,5,main] is Waiting for a Task
[2026-06-06 01:20:50,244 INFO  L86        PathProgramCache]: Analyzing trace with hash 29955, now seen corresponding path program 1 times
[2026-06-06 01:20:50,244 INFO  L484   ParallelNwaCegarLoop]: Main: Starting Thread
[2026-06-06 01:20:50,244 INFO  L266   ParallelNwaCegarLoop]: === Iteration 1 ===
[2026-06-06 01:20:50,244 INFO  L319   ParallelNwaCegarLoop]: No more worker results to process
[2026-06-06 01:20:50,244 INFO  L290                IsEmpty]: Start isEmptyParallel. Operand  has 5 states, 3 states have (on average 1.6666666666666667) internal successors, (5), 4 states have internal predecessors, (5), 0 states have call successors, (0), 0 states have call predecessors, (0), 0 states have return successors, (0), 0 states have call predecessors, (0), 0 states have call successors, (0)
[2026-06-06 01:20:50,244 INFO  L300                IsEmpty]: Finished isEmptyParallel. No accepting run.
[2026-06-06 01:20:50,244 INFO  L156        IsEmptyParallel]: Start isEmptyParallel. Operand  has 5 states, 3 states have (on average 1.6666666666666667) internal successors, (5), 4 states have internal predecessors, (5), 0 states have call successors, (0), 0 states have call predecessors, (0), 0 states have return successors, (0), 0 states have call predecessors, (0), 0 states have call successors, (0)
[2026-06-06 01:20:50,245 INFO  L209   CegarNwaWorkerThread]: Starting Thread: 80# for Trace Check: 29955
[2026-06-06 01:20:50,246 INFO  L182       IsEmptyHeuristic]: Start isEmptyHeuristic. Operand  has 5 states, 3 states have (on average 1.6666666666666667) internal successors, (5), 4 states have internal predecessors, (5), 0 states have call successors, (0), 0 states have call predecessors, (0), 0 states have return successors, (0), 0 states have call predecessors, (0), 0 states have call successors, (0)
[2026-06-06 01:20:50,247 INFO  L156       PredicateUnifier]: Initialized classic predicate unifier
[2026-06-06 01:20:50,247 INFO  L86        PathProgramCache]: Analyzing trace with hash 29955, now seen corresponding path program 1 times
[2026-06-06 01:20:50,248 INFO  L188       IsEmptyHeuristic]: Finished isEmptyHeuristic. Found accepting run of length 6
[2026-06-06 01:20:50,248 INFO  L163        IsEmptyParallel]: Finished isEmptyParallel. Found accepting run of length 6
[2026-06-06 01:20:50,248 WARN  L753                IsEmpty]: Correctness of emptinessCheck not tested.
[2026-06-06 01:20:50,249 INFO  L79                 Accepts]: Start accepts. Automaton has  has 5 states, 3 states have (on average 1.6666666666666667) internal successors, (5), 4 states have internal predecessors, (5), 0 states have call successors, (0), 0 states have call predecessors, (0), 0 states have return successors, (0), 0 states have call predecessors, (0), 0 states have call successors, (0) Word has length 5
[2026-06-06 01:20:50,250 INFO  L118   FreeRefinementEngine]: Executing refinement strategy CAMEL
[2026-06-06 01:20:50,250 INFO  L324   FreeRefinementEngine]: Using trace check IpTcStrategyModuleSmtInterpolCraig [49764289]
[2026-06-06 01:20:50,250 INFO  L97    rtionOrderModulation]: Keeping assertion order NOT_INCREMENTALLY
[2026-06-06 01:20:50,250 INFO  L127          SolverBuilder]: Constructing new instance of SMTInterpol with explicit timeout -1 ms and remaining time -1 ms
[2026-06-06 01:20:50,250 INFO  L85                 Accepts]: Finished accepts. word is accepted.
[2026-06-06 01:20:50,250 INFO  L757                IsEmpty]: Finished testing correctness of emptinessCheck
[2026-06-06 01:20:50,250 INFO  L290                IsEmpty]: Start isEmptyParallel. Operand  has 5 states, 3 states have (on average 1.6666666666666667) internal successors, (5), 4 states have internal predecessors, (5), 0 states have call successors, (0), 0 states have call predecessors, (0), 0 states have return successors, (0), 0 states have call predecessors, (0), 0 states have call successors, (0)
[2026-06-06 01:20:50,250 INFO  L300                IsEmpty]: Finished isEmptyParallel. No accepting run.
[2026-06-06 01:20:50,250 INFO  L156        IsEmptyParallel]: Start isEmptyParallel. Operand  has 5 states, 3 states have (on average 1.6666666666666667) internal successors, (5), 4 states have internal predecessors, (5), 0 states have call successors, (0), 0 states have call predecessors, (0), 0 states have return successors, (0), 0 states have call predecessors, (0), 0 states have call successors, (0)
[2026-06-06 01:20:50,250 INFO  L182       IsEmptyHeuristic]: Start isEmptyHeuristic. Operand  has 5 states, 3 states have (on average 1.6666666666666667) internal successors, (5), 4 states have internal predecessors, (5), 0 states have call successors, (0), 0 states have call predecessors, (0), 0 states have return successors, (0), 0 states have call predecessors, (0), 0 states have call successors, (0)
[2026-06-06 01:20:50,251 INFO  L188       IsEmptyHeuristic]: Finished isEmptyHeuristic. No accepting run.
[2026-06-06 01:20:50,251 INFO  L182       IsEmptyHeuristic]: Start isEmptyHeuristic. Operand  has 5 states, 3 states have (on average 1.6666666666666667) internal successors, (5), 4 states have internal predecessors, (5), 0 states have call successors, (0), 0 states have call predecessors, (0), 0 states have return successors, (0), 0 states have call predecessors, (0), 0 states have call successors, (0)
[2026-06-06 01:20:50,251 INFO  L188       IsEmptyHeuristic]: Finished isEmptyHeuristic. Found accepting run of length 5
[2026-06-06 01:20:50,251 INFO  L163        IsEmptyParallel]: Finished isEmptyParallel. Found accepting run of length 5
[2026-06-06 01:20:50,251 WARN  L753                IsEmpty]: Correctness of emptinessCheck not tested.
[2026-06-06 01:20:50,251 INFO  L79                 Accepts]: Start accepts. Automaton has  has 5 states, 3 states have (on average 1.6666666666666667) internal successors, (5), 4 states have internal predecessors, (5), 0 states have call successors, (0), 0 states have call predecessors, (0), 0 states have return successors, (0), 0 states have call predecessors, (0), 0 states have call successors, (0) Word has length 4
[2026-06-06 01:20:50,251 INFO  L85                 Accepts]: Finished accepts. word is accepted.
[2026-06-06 01:20:50,251 INFO  L757                IsEmpty]: Finished testing correctness of emptinessCheck
[2026-06-06 01:20:50,251 INFO  L290                IsEmpty]: Start isEmptyParallel. Operand  has 5 states, 3 states have (on average 1.6666666666666667) internal successors, (5), 4 states have internal predecessors, (5), 0 states have call successors, (0), 0 states have call predecessors, (0), 0 states have return successors, (0), 0 states have call predecessors, (0), 0 states have call successors, (0)
[2026-06-06 01:20:50,251 INFO  L300                IsEmpty]: Finished isEmptyParallel. No accepting run.
[2026-06-06 01:20:50,251 INFO  L156        IsEmptyParallel]: Start isEmptyParallel. Operand  has 5 states, 3 states have (on average 1.6666666666666667) internal successors, (5), 4 states have internal predecessors, (5), 0 states have call successors, (0), 0 states have call predecessors, (0), 0 states have return successors, (0), 0 states have call predecessors, (0), 0 states have call successors, (0)
[2026-06-06 01:20:50,251 INFO  L182       IsEmptyHeuristic]: Start isEmptyHeuristic. Operand  has 5 states, 3 states have (on average 1.6666666666666667) internal successors, (5), 4 states have internal predecessors, (5), 0 states have call successors, (0), 0 states have call predecessors, (0), 0 states have return successors, (0), 0 states have call predecessors, (0), 0 states have call successors, (0)
[2026-06-06 01:20:50,251 INFO  L188       IsEmptyHeuristic]: Finished isEmptyHeuristic. No accepting run.
[2026-06-06 01:20:50,251 INFO  L182       IsEmptyHeuristic]: Start isEmptyHeuristic. Operand  has 5 states, 3 states have (on average 1.6666666666666667) internal successors, (5), 4 states have internal predecessors, (5), 0 states have call successors, (0), 0 states have call predecessors, (0), 0 states have return successors, (0), 0 states have call predecessors, (0), 0 states have call successors, (0)
[2026-06-06 01:20:50,251 INFO  L188       IsEmptyHeuristic]: Finished isEmptyHeuristic. No accepting run.
[2026-06-06 01:20:50,251 INFO  L182       IsEmptyHeuristic]: Start isEmptyHeuristic. Operand  has 5 states, 3 states have (on average 1.6666666666666667) internal successors, (5), 4 states have internal predecessors, (5), 0 states have call successors, (0), 0 states have call predecessors, (0), 0 states have return successors, (0), 0 states have call predecessors, (0), 0 states have call successors, (0)
[2026-06-06 01:20:50,252 INFO  L188       IsEmptyHeuristic]: Finished isEmptyHeuristic. Found accepting run of length 8
[2026-06-06 01:20:50,252 INFO  L163        IsEmptyParallel]: Finished isEmptyParallel. Found accepting run of length 8
[2026-06-06 01:20:50,252 WARN  L753                IsEmpty]: Correctness of emptinessCheck not tested.
[2026-06-06 01:20:50,252 INFO  L79                 Accepts]: Start accepts. Automaton has  has 5 states, 3 states have (on average 1.6666666666666667) internal successors, (5), 4 states have internal predecessors, (5), 0 states have call successors, (0), 0 states have call predecessors, (0), 0 states have return successors, (0), 0 states have call predecessors, (0), 0 states have call successors, (0) Word has length 7
[2026-06-06 01:20:50,252 INFO  L85                 Accepts]: Finished accepts. word is accepted.
[2026-06-06 01:20:50,252 INFO  L757                IsEmpty]: Finished testing correctness of emptinessCheck
[2026-06-06 01:20:50,252 INFO  L290                IsEmpty]: Start isEmptyParallel. Operand  has 5 states, 3 states have (on average 1.6666666666666667) internal successors, (5), 4 states have internal predecessors, (5), 0 states have call successors, (0), 0 states have call predecessors, (0), 0 states have return successors, (0), 0 states have call predecessors, (0), 0 states have call successors, (0)
[2026-06-06 01:20:50,252 INFO  L300                IsEmpty]: Finished isEmptyParallel. No accepting run.
[2026-06-06 01:20:50,252 INFO  L156        IsEmptyParallel]: Start isEmptyParallel. Operand  has 5 states, 3 states have (on average 1.6666666666666667) internal successors, (5), 4 states have internal predecessors, (5), 0 states have call successors, (0), 0 states have call predecessors, (0), 0 states have return successors, (0), 0 states have call predecessors, (0), 0 states have call successors, (0)
[2026-06-06 01:20:50,252 INFO  L182       IsEmptyHeuristic]: Start isEmptyHeuristic. Operand  has 5 states, 3 states have (on average 1.6666666666666667) internal successors, (5), 4 states have internal predecessors, (5), 0 states have call successors, (0), 0 states have call predecessors, (0), 0 states have return successors, (0), 0 states have call predecessors, (0), 0 states have call successors, (0)
[2026-06-06 01:20:50,252 INFO  L188       IsEmptyHeuristic]: Finished isEmptyHeuristic. No accepting run.
[2026-06-06 01:20:50,252 INFO  L182       IsEmptyHeuristic]: Start isEmptyHeuristic. Operand  has 5 states, 3 states have (on average 1.6666666666666667) internal successors, (5), 4 states have internal predecessors, (5), 0 states have call successors, (0), 0 states have call predecessors, (0), 0 states have return successors, (0), 0 states have call predecessors, (0), 0 states have call successors, (0)
[2026-06-06 01:20:50,252 INFO  L188       IsEmptyHeuristic]: Finished isEmptyHeuristic. No accepting run.
[2026-06-06 01:20:50,252 INFO  L182       IsEmptyHeuristic]: Start isEmptyHeuristic. Operand  has 5 states, 3 states have (on average 1.6666666666666667) internal successors, (5), 4 states have internal predecessors, (5), 0 states have call successors, (0), 0 states have call predecessors, (0), 0 states have return successors, (0), 0 states have call predecessors, (0), 0 states have call successors, (0)
[2026-06-06 01:20:50,252 INFO  L188       IsEmptyHeuristic]: Finished isEmptyHeuristic. No accepting run.
[2026-06-06 01:20:50,252 INFO  L182       IsEmptyHeuristic]: Start isEmptyHeuristic. Operand  has 5 states, 3 states have (on average 1.6666666666666667) internal successors, (5), 4 states have internal predecessors, (5), 0 states have call successors, (0), 0 states have call predecessors, (0), 0 states have return successors, (0), 0 states have call predecessors, (0), 0 states have call successors, (0)
[2026-06-06 01:20:50,252 INFO  L188       IsEmptyHeuristic]: Finished isEmptyHeuristic. Found accepting run of length 7
[2026-06-06 01:20:50,252 INFO  L163        IsEmptyParallel]: Finished isEmptyParallel. Found accepting run of length 7
[2026-06-06 01:20:50,252 WARN  L753                IsEmpty]: Correctness of emptinessCheck not tested.
[2026-06-06 01:20:50,252 INFO  L79                 Accepts]: Start accepts. Automaton has  has 5 states, 3 states have (on average 1.6666666666666667) internal successors, (5), 4 states have internal predecessors, (5), 0 states have call successors, (0), 0 states have call predecessors, (0), 0 states have return successors, (0), 0 states have call predecessors, (0), 0 states have call successors, (0) Word has length 6
[2026-06-06 01:20:50,252 INFO  L85                 Accepts]: Finished accepts. word is accepted.
[2026-06-06 01:20:50,252 INFO  L757                IsEmpty]: Finished testing correctness of emptinessCheck
[2026-06-06 01:20:50,252 INFO  L290                IsEmpty]: Start isEmptyParallel. Operand  has 5 states, 3 states have (on average 1.6666666666666667) internal successors, (5), 4 states have internal predecessors, (5), 0 states have call successors, (0), 0 states have call predecessors, (0), 0 states have return successors, (0), 0 states have call predecessors, (0), 0 states have call successors, (0)
[2026-06-06 01:20:50,252 INFO  L300                IsEmpty]: Finished isEmptyParallel. No accepting run.
[2026-06-06 01:20:50,252 INFO  L156        IsEmptyParallel]: Start isEmptyParallel. Operand  has 5 states, 3 states have (on average 1.6666666666666667) internal successors, (5), 4 states have internal predecessors, (5), 0 states have call successors, (0), 0 states have call predecessors, (0), 0 states have return successors, (0), 0 states have call predecessors, (0), 0 states have call successors, (0)
[2026-06-06 01:20:50,252 INFO  L182       IsEmptyHeuristic]: Start isEmptyHeuristic. Operand  has 5 states, 3 states have (on average 1.6666666666666667) internal successors, (5), 4 states have internal predecessors, (5), 0 states have call successors, (0), 0 states have call predecessors, (0), 0 states have return successors, (0), 0 states have call predecessors, (0), 0 states have call successors, (0)
[2026-06-06 01:20:50,253 INFO  L188       IsEmptyHeuristic]: Finished isEmptyHeuristic. No accepting run.
[2026-06-06 01:20:50,253 INFO  L182       IsEmptyHeuristic]: Start isEmptyHeuristic. Operand  has 5 states, 3 states have (on average 1.6666666666666667) internal successors, (5), 4 states have internal predecessors, (5), 0 states have call successors, (0), 0 states have call predecessors, (0), 0 states have return successors, (0), 0 states have call predecessors, (0), 0 states have call successors, (0)
[2026-06-06 01:20:50,253 INFO  L188       IsEmptyHeuristic]: Finished isEmptyHeuristic. No accepting run.
[2026-06-06 01:20:50,253 INFO  L182       IsEmptyHeuristic]: Start isEmptyHeuristic. Operand  has 5 states, 3 states have (on average 1.6666666666666667) internal successors, (5), 4 states have internal predecessors, (5), 0 states have call successors, (0), 0 states have call predecessors, (0), 0 states have return successors, (0), 0 states have call predecessors, (0), 0 states have call successors, (0)
[2026-06-06 01:20:50,253 INFO  L188       IsEmptyHeuristic]: Finished isEmptyHeuristic. No accepting run.
[2026-06-06 01:20:50,253 INFO  L182       IsEmptyHeuristic]: Start isEmptyHeuristic. Operand  has 5 states, 3 states have (on average 1.6666666666666667) internal successors, (5), 4 states have internal predecessors, (5), 0 states have call successors, (0), 0 states have call predecessors, (0), 0 states have return successors, (0), 0 states have call predecessors, (0), 0 states have call successors, (0)
[2026-06-06 01:20:50,253 INFO  L188       IsEmptyHeuristic]: Finished isEmptyHeuristic. No accepting run.
[2026-06-06 01:20:50,253 INFO  L182       IsEmptyHeuristic]: Start isEmptyHeuristic. Operand  has 5 states, 3 states have (on average 1.6666666666666667) internal successors, (5), 4 states have internal predecessors, (5), 0 states have call successors, (0), 0 states have call predecessors, (0), 0 states have return successors, (0), 0 states have call predecessors, (0), 0 states have call successors, (0)
[2026-06-06 01:20:50,253 INFO  L188       IsEmptyHeuristic]: Finished isEmptyHeuristic. Found accepting run of length 10
[2026-06-06 01:20:50,253 INFO  L163        IsEmptyParallel]: Finished isEmptyParallel. Found accepting run of length 10
[2026-06-06 01:20:50,253 WARN  L753                IsEmpty]: Correctness of emptinessCheck not tested.
[2026-06-06 01:20:50,253 INFO  L79                 Accepts]: Start accepts. Automaton has  has 5 states, 3 states have (on average 1.6666666666666667) internal successors, (5), 4 states have internal predecessors, (5), 0 states have call successors, (0), 0 states have call predecessors, (0), 0 states have return successors, (0), 0 states have call predecessors, (0), 0 states have call successors, (0) Word has length 9
[2026-06-06 01:20:50,253 INFO  L85                 Accepts]: Finished accepts. word is accepted.
[2026-06-06 01:20:50,253 INFO  L757                IsEmpty]: Finished testing correctness of emptinessCheck
[2026-06-06 01:20:50,253 INFO  L290                IsEmpty]: Start isEmptyParallel. Operand  has 5 states, 3 states have (on average 1.6666666666666667) internal successors, (5), 4 states have internal predecessors, (5), 0 states have call successors, (0), 0 states have call predecessors, (0), 0 states have return successors, (0), 0 states have call predecessors, (0), 0 states have call successors, (0)
[2026-06-06 01:20:50,253 INFO  L300                IsEmpty]: Finished isEmptyParallel. No accepting run.
[2026-06-06 01:20:50,253 INFO  L156        IsEmptyParallel]: Start isEmptyParallel. Operand  has 5 states, 3 states have (on average 1.6666666666666667) internal successors, (5), 4 states have internal predecessors, (5), 0 states have call successors, (0), 0 states have call predecessors, (0), 0 states have return successors, (0), 0 states have call predecessors, (0), 0 states have call successors, (0)
[2026-06-06 01:20:50,253 INFO  L182       IsEmptyHeuristic]: Start isEmptyHeuristic. Operand  has 5 states, 3 states have (on average 1.6666666666666667) internal successors, (5), 4 states have internal predecessors, (5), 0 states have call successors, (0), 0 states have call predecessors, (0), 0 states have return successors, (0), 0 states have call predecessors, (0), 0 states have call successors, (0)
[2026-06-06 01:20:50,253 INFO  L188       IsEmptyHeuristic]: Finished isEmptyHeuristic. No accepting run.
[2026-06-06 01:20:50,254 INFO  L182       IsEmptyHeuristic]: Start isEmptyHeuristic. Operand  has 5 states, 3 states have (on average 1.6666666666666667) internal successors, (5), 4 states have internal predecessors, (5), 0 states have call successors, (0), 0 states have call predecessors, (0), 0 states have return successors, (0), 0 states have call predecessors, (0), 0 states have call successors, (0)
[2026-06-06 01:20:50,254 INFO  L188       IsEmptyHeuristic]: Finished isEmptyHeuristic. No accepting run.
[2026-06-06 01:20:50,254 INFO  L182       IsEmptyHeuristic]: Start isEmptyHeuristic. Operand  has 5 states, 3 states have (on average 1.6666666666666667) internal successors, (5), 4 states have internal predecessors, (5), 0 states have call successors, (0), 0 states have call predecessors, (0), 0 states have return successors, (0), 0 states have call predecessors, (0), 0 states have call successors, (0)
[2026-06-06 01:20:50,254 INFO  L188       IsEmptyHeuristic]: Finished isEmptyHeuristic. No accepting run.
[2026-06-06 01:20:50,254 INFO  L182       IsEmptyHeuristic]: Start isEmptyHeuristic. Operand  has 5 states, 3 states have (on average 1.6666666666666667) internal successors, (5), 4 states have internal predecessors, (5), 0 states have call successors, (0), 0 states have call predecessors, (0), 0 states have return successors, (0), 0 states have call predecessors, (0), 0 states have call successors, (0)
[2026-06-06 01:20:50,254 INFO  L188       IsEmptyHeuristic]: Finished isEmptyHeuristic. No accepting run.
[2026-06-06 01:20:50,254 INFO  L182       IsEmptyHeuristic]: Start isEmptyHeuristic. Operand  has 5 states, 3 states have (on average 1.6666666666666667) internal successors, (5), 4 states have internal predecessors, (5), 0 states have call successors, (0), 0 states have call predecessors, (0), 0 states have return successors, (0), 0 states have call predecessors, (0), 0 states have call successors, (0)
[2026-06-06 01:20:50,254 INFO  L188       IsEmptyHeuristic]: Finished isEmptyHeuristic. No accepting run.
[2026-06-06 01:20:50,254 INFO  L182       IsEmptyHeuristic]: Start isEmptyHeuristic. Operand  has 5 states, 3 states have (on average 1.6666666666666667) internal successors, (5), 4 states have internal predecessors, (5), 0 states have call successors, (0), 0 states have call predecessors, (0), 0 states have return successors, (0), 0 states have call predecessors, (0), 0 states have call successors, (0)
[2026-06-06 01:20:50,254 INFO  L188       IsEmptyHeuristic]: Finished isEmptyHeuristic. Found accepting run of length 9
[2026-06-06 01:20:50,254 INFO  L163        IsEmptyParallel]: Finished isEmptyParallel. Found accepting run of length 9
[2026-06-06 01:20:50,254 WARN  L753                IsEmpty]: Correctness of emptinessCheck not tested.
[2026-06-06 01:20:50,254 INFO  L79                 Accepts]: Start accepts. Automaton has  has 5 states, 3 states have (on average 1.6666666666666667) internal successors, (5), 4 states have internal predecessors, (5), 0 states have call successors, (0), 0 states have call predecessors, (0), 0 states have return successors, (0), 0 states have call predecessors, (0), 0 states have call successors, (0) Word has length 8
[2026-06-06 01:20:50,254 INFO  L85                 Accepts]: Finished accepts. word is accepted.
[2026-06-06 01:20:50,254 INFO  L757                IsEmpty]: Finished testing correctness of emptinessCheck
[2026-06-06 01:20:50,254 INFO  L290                IsEmpty]: Start isEmptyParallel. Operand  has 5 states, 3 states have (on average 1.6666666666666667) internal successors, (5), 4 states have internal predecessors, (5), 0 states have call successors, (0), 0 states have call predecessors, (0), 0 states have return successors, (0), 0 states have call predecessors, (0), 0 states have call successors, (0)
[2026-06-06 01:20:50,254 INFO  L300                IsEmpty]: Finished isEmptyParallel. No accepting run.
[2026-06-06 01:20:50,254 INFO  L156        IsEmptyParallel]: Start isEmptyParallel. Operand  has 5 states, 3 states have (on average 1.6666666666666667) internal successors, (5), 4 states have internal predecessors, (5), 0 states have call successors, (0), 0 states have call predecessors, (0), 0 states have return successors, (0), 0 states have call predecessors, (0), 0 states have call successors, (0)
[2026-06-06 01:20:50,255 INFO  L182       IsEmptyHeuristic]: Start isEmptyHeuristic. Operand  has 5 states, 3 states have (on average 1.6666666666666667) internal successors, (5), 4 states have internal predecessors, (5), 0 states have call successors, (0), 0 states have call predecessors, (0), 0 states have return successors, (0), 0 states have call predecessors, (0), 0 states have call successors, (0)
[2026-06-06 01:20:50,255 INFO  L188       IsEmptyHeuristic]: Finished isEmptyHeuristic. No accepting run.
[2026-06-06 01:20:50,255 INFO  L182       IsEmptyHeuristic]: Start isEmptyHeuristic. Operand  has 5 states, 3 states have (on average 1.6666666666666667) internal successors, (5), 4 states have internal predecessors, (5), 0 states have call successors, (0), 0 states have call predecessors, (0), 0 states have return successors, (0), 0 states have call predecessors, (0), 0 states have call successors, (0)
[2026-06-06 01:20:50,255 INFO  L188       IsEmptyHeuristic]: Finished isEmptyHeuristic. No accepting run.
[2026-06-06 01:20:50,255 INFO  L182       IsEmptyHeuristic]: Start isEmptyHeuristic. Operand  has 5 states, 3 states have (on average 1.6666666666666667) internal successors, (5), 4 states have internal predecessors, (5), 0 states have call successors, (0), 0 states have call predecessors, (0), 0 states have return successors, (0), 0 states have call predecessors, (0), 0 states have call successors, (0)
[2026-06-06 01:20:50,255 INFO  L188       IsEmptyHeuristic]: Finished isEmptyHeuristic. No accepting run.
[2026-06-06 01:20:50,255 INFO  L182       IsEmptyHeuristic]: Start isEmptyHeuristic. Operand  has 5 states, 3 states have (on average 1.6666666666666667) internal successors, (5), 4 states have internal predecessors, (5), 0 states have call successors, (0), 0 states have call predecessors, (0), 0 states have return successors, (0), 0 states have call predecessors, (0), 0 states have call successors, (0)
[2026-06-06 01:20:50,255 INFO  L188       IsEmptyHeuristic]: Finished isEmptyHeuristic. No accepting run.
[2026-06-06 01:20:50,255 INFO  L182       IsEmptyHeuristic]: Start isEmptyHeuristic. Operand  has 5 states, 3 states have (on average 1.6666666666666667) internal successors, (5), 4 states have internal predecessors, (5), 0 states have call successors, (0), 0 states have call predecessors, (0), 0 states have return successors, (0), 0 states have call predecessors, (0), 0 states have call successors, (0)
[2026-06-06 01:20:50,255 INFO  L188       IsEmptyHeuristic]: Finished isEmptyHeuristic. No accepting run.
[2026-06-06 01:20:50,255 INFO  L182       IsEmptyHeuristic]: Start isEmptyHeuristic. Operand  has 5 states, 3 states have (on average 1.6666666666666667) internal successors, (5), 4 states have internal predecessors, (5), 0 states have call successors, (0), 0 states have call predecessors, (0), 0 states have return successors, (0), 0 states have call predecessors, (0), 0 states have call successors, (0)
[2026-06-06 01:20:50,255 INFO  L188       IsEmptyHeuristic]: Finished isEmptyHeuristic. No accepting run.
[2026-06-06 01:20:50,255 INFO  L182       IsEmptyHeuristic]: Start isEmptyHeuristic. Operand  has 5 states, 3 states have (on average 1.6666666666666667) internal successors, (5), 4 states have internal predecessors, (5), 0 states have call successors, (0), 0 states have call predecessors, (0), 0 states have return successors, (0), 0 states have call predecessors, (0), 0 states have call successors, (0)
[2026-06-06 01:20:50,255 INFO  L188       IsEmptyHeuristic]: Finished isEmptyHeuristic. Found accepting run of length 12
[2026-06-06 01:20:50,255 INFO  L163        IsEmptyParallel]: Finished isEmptyParallel. Found accepting run of length 12
[2026-06-06 01:20:50,255 WARN  L753                IsEmpty]: Correctness of emptinessCheck not tested.
[2026-06-06 01:20:50,256 INFO  L79                 Accepts]: Start accepts. Automaton has  has 5 states, 3 states have (on average 1.6666666666666667) internal successors, (5), 4 states have internal predecessors, (5), 0 states have call successors, (0), 0 states have call predecessors, (0), 0 states have return successors, (0), 0 states have call predecessors, (0), 0 states have call successors, (0) Word has length 11
[2026-06-06 01:20:50,256 INFO  L85                 Accepts]: Finished accepts. word is accepted.
[2026-06-06 01:20:50,256 INFO  L757                IsEmpty]: Finished testing correctness of emptinessCheck
[2026-06-06 01:20:50,256 INFO  L290                IsEmpty]: Start isEmptyParallel. Operand  has 5 states, 3 states have (on average 1.6666666666666667) internal successors, (5), 4 states have internal predecessors, (5), 0 states have call successors, (0), 0 states have call predecessors, (0), 0 states have return successors, (0), 0 states have call predecessors, (0), 0 states have call successors, (0)
[2026-06-06 01:20:50,256 INFO  L300                IsEmpty]: Finished isEmptyParallel. No accepting run.
[2026-06-06 01:20:50,256 INFO  L156        IsEmptyParallel]: Start isEmptyParallel. Operand  has 5 states, 3 states have (on average 1.6666666666666667) internal successors, (5), 4 states have internal predecessors, (5), 0 states have call successors, (0), 0 states have call predecessors, (0), 0 states have return successors, (0), 0 states have call predecessors, (0), 0 states have call successors, (0)
[2026-06-06 01:20:50,256 INFO  L182       IsEmptyHeuristic]: Start isEmptyHeuristic. Operand  has 5 states, 3 states have (on average 1.6666666666666667) internal successors, (5), 4 states have internal predecessors, (5), 0 states have call successors, (0), 0 states have call predecessors, (0), 0 states have return successors, (0), 0 states have call predecessors, (0), 0 states have call successors, (0)
[2026-06-06 01:20:50,256 INFO  L188       IsEmptyHeuristic]: Finished isEmptyHeuristic. No accepting run.
[2026-06-06 01:20:50,256 INFO  L182       IsEmptyHeuristic]: Start isEmptyHeuristic. Operand  has 5 states, 3 states have (on average 1.6666666666666667) internal successors, (5), 4 states have internal predecessors, (5), 0 states have call successors, (0), 0 states have call predecessors, (0), 0 states have return successors, (0), 0 states have call predecessors, (0), 0 states have call successors, (0)
[2026-06-06 01:20:50,256 INFO  L188       IsEmptyHeuristic]: Finished isEmptyHeuristic. No accepting run.
[2026-06-06 01:20:50,256 INFO  L182       IsEmptyHeuristic]: Start isEmptyHeuristic. Operand  has 5 states, 3 states have (on average 1.6666666666666667) internal successors, (5), 4 states have internal predecessors, (5), 0 states have call successors, (0), 0 states have call predecessors, (0), 0 states have return successors, (0), 0 states have call predecessors, (0), 0 states have call successors, (0)
[2026-06-06 01:20:50,256 INFO  L188       IsEmptyHeuristic]: Finished isEmptyHeuristic. No accepting run.
[2026-06-06 01:20:50,256 INFO  L182       IsEmptyHeuristic]: Start isEmptyHeuristic. Operand  has 5 states, 3 states have (on average 1.6666666666666667) internal successors, (5), 4 states have internal predecessors, (5), 0 states have call successors, (0), 0 states have call predecessors, (0), 0 states have return successors, (0), 0 states have call predecessors, (0), 0 states have call successors, (0)
[2026-06-06 01:20:50,256 INFO  L188       IsEmptyHeuristic]: Finished isEmptyHeuristic. No accepting run.
[2026-06-06 01:20:50,256 INFO  L182       IsEmptyHeuristic]: Start isEmptyHeuristic. Operand  has 5 states, 3 states have (on average 1.6666666666666667) internal successors, (5), 4 states have internal predecessors, (5), 0 states have call successors, (0), 0 states have call predecessors, (0), 0 states have return successors, (0), 0 states have call predecessors, (0), 0 states have call successors, (0)
[2026-06-06 01:20:50,256 INFO  L188       IsEmptyHeuristic]: Finished isEmptyHeuristic. No accepting run.
[2026-06-06 01:20:50,257 INFO  L182       IsEmptyHeuristic]: Start isEmptyHeuristic. Operand  has 5 states, 3 states have (on average 1.6666666666666667) internal successors, (5), 4 states have internal predecessors, (5), 0 states have call successors, (0), 0 states have call predecessors, (0), 0 states have return successors, (0), 0 states have call predecessors, (0), 0 states have call successors, (0)
[2026-06-06 01:20:50,257 INFO  L188       IsEmptyHeuristic]: Finished isEmptyHeuristic. No accepting run.
[2026-06-06 01:20:50,257 INFO  L182       IsEmptyHeuristic]: Start isEmptyHeuristic. Operand  has 5 states, 3 states have (on average 1.6666666666666667) internal successors, (5), 4 states have internal predecessors, (5), 0 states have call successors, (0), 0 states have call predecessors, (0), 0 states have return successors, (0), 0 states have call predecessors, (0), 0 states have call successors, (0)
[2026-06-06 01:20:50,257 INFO  L188       IsEmptyHeuristic]: Finished isEmptyHeuristic. No accepting run.
[2026-06-06 01:20:50,257 INFO  L182       IsEmptyHeuristic]: Start isEmptyHeuristic. Operand  has 5 states, 3 states have (on average 1.6666666666666667) internal successors, (5), 4 states have internal predecessors, (5), 0 states have call successors, (0), 0 states have call predecessors, (0), 0 states have return successors, (0), 0 states have call predecessors, (0), 0 states have call successors, (0)
[2026-06-06 01:20:50,257 INFO  L188       IsEmptyHeuristic]: Finished isEmptyHeuristic. Found accepting run of length 11
[2026-06-06 01:20:50,257 INFO  L163        IsEmptyParallel]: Finished isEmptyParallel. Found accepting run of length 11
[2026-06-06 01:20:50,257 WARN  L753                IsEmpty]: Correctness of emptinessCheck not tested.
[2026-06-06 01:20:50,257 INFO  L79                 Accepts]: Start accepts. Automaton has  has 5 states, 3 states have (on average 1.6666666666666667) internal successors, (5), 4 states have internal predecessors, (5), 0 states have call successors, (0), 0 states have call predecessors, (0), 0 states have return successors, (0), 0 states have call predecessors, (0), 0 states have call successors, (0) Word has length 10
[2026-06-06 01:20:50,257 INFO  L85                 Accepts]: Finished accepts. word is accepted.
[2026-06-06 01:20:50,257 INFO  L757                IsEmpty]: Finished testing correctness of emptinessCheck
[2026-06-06 01:20:50,257 INFO  L290                IsEmpty]: Start isEmptyParallel. Operand  has 5 states, 3 states have (on average 1.6666666666666667) internal successors, (5), 4 states have internal predecessors, (5), 0 states have call successors, (0), 0 states have call predecessors, (0), 0 states have return successors, (0), 0 states have call predecessors, (0), 0 states have call successors, (0)
[2026-06-06 01:20:50,257 INFO  L300                IsEmpty]: Finished isEmptyParallel. No accepting run.
[2026-06-06 01:20:50,257 INFO  L156        IsEmptyParallel]: Start isEmptyParallel. Operand  has 5 states, 3 states have (on average 1.6666666666666667) internal successors, (5), 4 states have internal predecessors, (5), 0 states have call successors, (0), 0 states have call predecessors, (0), 0 states have return successors, (0), 0 states have call predecessors, (0), 0 states have call successors, (0)
[2026-06-06 01:20:50,257 INFO  L182       IsEmptyHeuristic]: Start isEmptyHeuristic. Operand  has 5 states, 3 states have (on average 1.6666666666666667) internal successors, (5), 4 states have internal predecessors, (5), 0 states have call successors, (0), 0 states have call predecessors, (0), 0 states have return successors, (0), 0 states have call predecessors, (0), 0 states have call successors, (0)
[2026-06-06 01:20:50,257 INFO  L188       IsEmptyHeuristic]: Finished isEmptyHeuristic. No accepting run.
[2026-06-06 01:20:50,257 INFO  L182       IsEmptyHeuristic]: Start isEmptyHeuristic. Operand  has 5 states, 3 states have (on average 1.6666666666666667) internal successors, (5), 4 states have internal predecessors, (5), 0 states have call successors, (0), 0 states have call predecessors, (0), 0 states have return successors, (0), 0 states have call predecessors, (0), 0 states have call successors, (0)
[2026-06-06 01:20:50,257 INFO  L188       IsEmptyHeuristic]: Finished isEmptyHeuristic. No accepting run.
[2026-06-06 01:20:50,257 INFO  L182       IsEmptyHeuristic]: Start isEmptyHeuristic. Operand  has 5 states, 3 states have (on average 1.6666666666666667) internal successors, (5), 4 states have internal predecessors, (5), 0 states have call successors, (0), 0 states have call predecessors, (0), 0 states have return successors, (0), 0 states have call predecessors, (0), 0 states have call successors, (0)
[2026-06-06 01:20:50,257 INFO  L188       IsEmptyHeuristic]: Finished isEmptyHeuristic. No accepting run.
[2026-06-06 01:20:50,257 INFO  L182       IsEmptyHeuristic]: Start isEmptyHeuristic. Operand  has 5 states, 3 states have (on average 1.6666666666666667) internal successors, (5), 4 states have internal predecessors, (5), 0 states have call successors, (0), 0 states have call predecessors, (0), 0 states have return successors, (0), 0 states have call predecessors, (0), 0 states have call successors, (0)
[2026-06-06 01:20:50,257 INFO  L188       IsEmptyHeuristic]: Finished isEmptyHeuristic. No accepting run.
[2026-06-06 01:20:50,257 INFO  L182       IsEmptyHeuristic]: Start isEmptyHeuristic. Operand  has 5 states, 3 states have (on average 1.6666666666666667) internal successors, (5), 4 states have internal predecessors, (5), 0 states have call successors, (0), 0 states have call predecessors, (0), 0 states have return successors, (0), 0 states have call predecessors, (0), 0 states have call successors, (0)
[2026-06-06 01:20:50,258 INFO  L188       IsEmptyHeuristic]: Finished isEmptyHeuristic. No accepting run.
[2026-06-06 01:20:50,258 INFO  L182       IsEmptyHeuristic]: Start isEmptyHeuristic. Operand  has 5 states, 3 states have (on average 1.6666666666666667) internal successors, (5), 4 states have internal predecessors, (5), 0 states have call successors, (0), 0 states have call predecessors, (0), 0 states have return successors, (0), 0 states have call predecessors, (0), 0 states have call successors, (0)
[2026-06-06 01:20:50,258 INFO  L188       IsEmptyHeuristic]: Finished isEmptyHeuristic. No accepting run.
[2026-06-06 01:20:50,258 INFO  L182       IsEmptyHeuristic]: Start isEmptyHeuristic. Operand  has 5 states, 3 states have (on average 1.6666666666666667) internal successors, (5), 4 states have internal predecessors, (5), 0 states have call successors, (0), 0 states have call predecessors, (0), 0 states have return successors, (0), 0 states have call predecessors, (0), 0 states have call successors, (0)
[2026-06-06 01:20:50,258 INFO  L188       IsEmptyHeuristic]: Finished isEmptyHeuristic. No accepting run.
[2026-06-06 01:20:50,258 INFO  L182       IsEmptyHeuristic]: Start isEmptyHeuristic. Operand  has 5 states, 3 states have (on average 1.6666666666666667) internal successors, (5), 4 states have internal predecessors, (5), 0 states have call successors, (0), 0 states have call predecessors, (0), 0 states have return successors, (0), 0 states have call predecessors, (0), 0 states have call successors, (0)
[2026-06-06 01:20:50,258 INFO  L188       IsEmptyHeuristic]: Finished isEmptyHeuristic. No accepting run.
[2026-06-06 01:20:50,258 INFO  L182       IsEmptyHeuristic]: Start isEmptyHeuristic. Operand  has 5 states, 3 states have (on average 1.6666666666666667) internal successors, (5), 4 states have internal predecessors, (5), 0 states have call successors, (0), 0 states have call predecessors, (0), 0 states have return successors, (0), 0 states have call predecessors, (0), 0 states have call successors, (0)
[2026-06-06 01:20:50,258 INFO  L188       IsEmptyHeuristic]: Finished isEmptyHeuristic. Found accepting run of length 14
[2026-06-06 01:20:50,258 INFO  L163        IsEmptyParallel]: Finished isEmptyParallel. Found accepting run of length 14
[2026-06-06 01:20:50,258 WARN  L753                IsEmpty]: Correctness of emptinessCheck not tested.
[2026-06-06 01:20:50,258 INFO  L79                 Accepts]: Start accepts. Automaton has  has 5 states, 3 states have (on average 1.6666666666666667) internal successors, (5), 4 states have internal predecessors, (5), 0 states have call successors, (0), 0 states have call predecessors, (0), 0 states have return successors, (0), 0 states have call predecessors, (0), 0 states have call successors, (0) Word has length 13
[2026-06-06 01:20:50,258 INFO  L85                 Accepts]: Finished accepts. word is accepted.
[2026-06-06 01:20:50,258 INFO  L757                IsEmpty]: Finished testing correctness of emptinessCheck
[2026-06-06 01:20:50,258 INFO  L290                IsEmpty]: Start isEmptyParallel. Operand  has 5 states, 3 states have (on average 1.6666666666666667) internal successors, (5), 4 states have internal predecessors, (5), 0 states have call successors, (0), 0 states have call predecessors, (0), 0 states have return successors, (0), 0 states have call predecessors, (0), 0 states have call successors, (0)
[2026-06-06 01:20:50,258 INFO  L300                IsEmpty]: Finished isEmptyParallel. No accepting run.
[2026-06-06 01:20:50,258 INFO  L156        IsEmptyParallel]: Start isEmptyParallel. Operand  has 5 states, 3 states have (on average 1.6666666666666667) internal successors, (5), 4 states have internal predecessors, (5), 0 states have call successors, (0), 0 states have call predecessors, (0), 0 states have return successors, (0), 0 states have call predecessors, (0), 0 states have call successors, (0)
[2026-06-06 01:20:50,258 INFO  L182       IsEmptyHeuristic]: Start isEmptyHeuristic. Operand  has 5 states, 3 states have (on average 1.6666666666666667) internal successors, (5), 4 states have internal predecessors, (5), 0 states have call successors, (0), 0 states have call predecessors, (0), 0 states have return successors, (0), 0 states have call predecessors, (0), 0 states have call successors, (0)
[2026-06-06 01:20:50,258 INFO  L188       IsEmptyHeuristic]: Finished isEmptyHeuristic. No accepting run.
[2026-06-06 01:20:50,258 INFO  L182       IsEmptyHeuristic]: Start isEmptyHeuristic. Operand  has 5 states, 3 states have (on average 1.6666666666666667) internal successors, (5), 4 states have internal predecessors, (5), 0 states have call successors, (0), 0 states have call predecessors, (0), 0 states have return successors, (0), 0 states have call predecessors, (0), 0 states have call successors, (0)
[2026-06-06 01:20:50,258 INFO  L188       IsEmptyHeuristic]: Finished isEmptyHeuristic. No accepting run.
[2026-06-06 01:20:50,258 INFO  L182       IsEmptyHeuristic]: Start isEmptyHeuristic. Operand  has 5 states, 3 states have (on average 1.6666666666666667) internal successors, (5), 4 states have internal predecessors, (5), 0 states have call successors, (0), 0 states have call predecessors, (0), 0 states have return successors, (0), 0 states have call predecessors, (0), 0 states have call successors, (0)
[2026-06-06 01:20:50,258 INFO  L188       IsEmptyHeuristic]: Finished isEmptyHeuristic. No accepting run.
[2026-06-06 01:20:50,259 INFO  L182       IsEmptyHeuristic]: Start isEmptyHeuristic. Operand  has 5 states, 3 states have (on average 1.6666666666666667) internal successors, (5), 4 states have internal predecessors, (5), 0 states have call successors, (0), 0 states have call predecessors, (0), 0 states have return successors, (0), 0 states have call predecessors, (0), 0 states have call successors, (0)
[2026-06-06 01:20:50,259 INFO  L188       IsEmptyHeuristic]: Finished isEmptyHeuristic. No accepting run.
[2026-06-06 01:20:50,259 INFO  L182       IsEmptyHeuristic]: Start isEmptyHeuristic. Operand  has 5 states, 3 states have (on average 1.6666666666666667) internal successors, (5), 4 states have internal predecessors, (5), 0 states have call successors, (0), 0 states have call predecessors, (0), 0 states have return successors, (0), 0 states have call predecessors, (0), 0 states have call successors, (0)
[2026-06-06 01:20:50,259 INFO  L188       IsEmptyHeuristic]: Finished isEmptyHeuristic. No accepting run.
[2026-06-06 01:20:50,259 INFO  L182       IsEmptyHeuristic]: Start isEmptyHeuristic. Operand  has 5 states, 3 states have (on average 1.6666666666666667) internal successors, (5), 4 states have internal predecessors, (5), 0 states have call successors, (0), 0 states have call predecessors, (0), 0 states have return successors, (0), 0 states have call predecessors, (0), 0 states have call successors, (0)
[2026-06-06 01:20:50,259 INFO  L188       IsEmptyHeuristic]: Finished isEmptyHeuristic. No accepting run.
[2026-06-06 01:20:50,259 INFO  L182       IsEmptyHeuristic]: Start isEmptyHeuristic. Operand  has 5 states, 3 states have (on average 1.6666666666666667) internal successors, (5), 4 states have internal predecessors, (5), 0 states have call successors, (0), 0 states have call predecessors, (0), 0 states have return successors, (0), 0 states have call predecessors, (0), 0 states have call successors, (0)
[2026-06-06 01:20:50,259 INFO  L188       IsEmptyHeuristic]: Finished isEmptyHeuristic. No accepting run.
[2026-06-06 01:20:50,259 INFO  L182       IsEmptyHeuristic]: Start isEmptyHeuristic. Operand  has 5 states, 3 states have (on average 1.6666666666666667) internal successors, (5), 4 states have internal predecessors, (5), 0 states have call successors, (0), 0 states have call predecessors, (0), 0 states have return successors, (0), 0 states have call predecessors, (0), 0 states have call successors, (0)
[2026-06-06 01:20:50,259 INFO  L188       IsEmptyHeuristic]: Finished isEmptyHeuristic. No accepting run.
[2026-06-06 01:20:50,259 INFO  L182       IsEmptyHeuristic]: Start isEmptyHeuristic. Operand  has 5 states, 3 states have (on average 1.6666666666666667) internal successors, (5), 4 states have internal predecessors, (5), 0 states have call successors, (0), 0 states have call predecessors, (0), 0 states have return successors, (0), 0 states have call predecessors, (0), 0 states have call successors, (0)
[2026-06-06 01:20:50,260 INFO  L188       IsEmptyHeuristic]: Finished isEmptyHeuristic. No accepting run.
[2026-06-06 01:20:50,260 INFO  L182       IsEmptyHeuristic]: Start isEmptyHeuristic. Operand  has 5 states, 3 states have (on average 1.6666666666666667) internal successors, (5), 4 states have internal predecessors, (5), 0 states have call successors, (0), 0 states have call predecessors, (0), 0 states have return successors, (0), 0 states have call predecessors, (0), 0 states have call successors, (0)
[2026-06-06 01:20:50,260 INFO  L188       IsEmptyHeuristic]: Finished isEmptyHeuristic. Found accepting run of length 13
[2026-06-06 01:20:50,260 INFO  L163        IsEmptyParallel]: Finished isEmptyParallel. Found accepting run of length 13
[2026-06-06 01:20:50,260 WARN  L753                IsEmpty]: Correctness of emptinessCheck not tested.
[2026-06-06 01:20:50,260 INFO  L79                 Accepts]: Start accepts. Automaton has  has 5 states, 3 states have (on average 1.6666666666666667) internal successors, (5), 4 states have internal predecessors, (5), 0 states have call successors, (0), 0 states have call predecessors, (0), 0 states have return successors, (0), 0 states have call predecessors, (0), 0 states have call successors, (0) Word has length 12
[2026-06-06 01:20:50,260 INFO  L85                 Accepts]: Finished accepts. word is accepted.
[2026-06-06 01:20:50,260 INFO  L757                IsEmpty]: Finished testing correctness of emptinessCheck
[2026-06-06 01:20:50,260 INFO  L290                IsEmpty]: Start isEmptyParallel. Operand  has 5 states, 3 states have (on average 1.6666666666666667) internal successors, (5), 4 states have internal predecessors, (5), 0 states have call successors, (0), 0 states have call predecessors, (0), 0 states have return successors, (0), 0 states have call predecessors, (0), 0 states have call successors, (0)
[2026-06-06 01:20:50,260 INFO  L300                IsEmpty]: Finished isEmptyParallel. No accepting run.
[2026-06-06 01:20:50,260 INFO  L156        IsEmptyParallel]: Start isEmptyParallel. Operand  has 5 states, 3 states have (on average 1.6666666666666667) internal successors, (5), 4 states have internal predecessors, (5), 0 states have call successors, (0), 0 states have call predecessors, (0), 0 states have return successors, (0), 0 states have call predecessors, (0), 0 states have call successors, (0)
[2026-06-06 01:20:50,260 INFO  L182       IsEmptyHeuristic]: Start isEmptyHeuristic. Operand  has 5 states, 3 states have (on average 1.6666666666666667) internal successors, (5), 4 states have internal predecessors, (5), 0 states have call successors, (0), 0 states have call predecessors, (0), 0 states have return successors, (0), 0 states have call predecessors, (0), 0 states have call successors, (0)
[2026-06-06 01:20:50,261 INFO  L188       IsEmptyHeuristic]: Finished isEmptyHeuristic. No accepting run.
[2026-06-06 01:20:50,261 INFO  L182       IsEmptyHeuristic]: Start isEmptyHeuristic. Operand  has 5 states, 3 states have (on average 1.6666666666666667) internal successors, (5), 4 states have internal predecessors, (5), 0 states have call successors, (0), 0 states have call predecessors, (0), 0 states have return successors, (0), 0 states have call predecessors, (0), 0 states have call successors, (0)
[2026-06-06 01:20:50,261 INFO  L188       IsEmptyHeuristic]: Finished isEmptyHeuristic. No accepting run.
[2026-06-06 01:20:50,261 INFO  L182       IsEmptyHeuristic]: Start isEmptyHeuristic. Operand  has 5 states, 3 states have (on average 1.6666666666666667) internal successors, (5), 4 states have internal predecessors, (5), 0 states have call successors, (0), 0 states have call predecessors, (0), 0 states have return successors, (0), 0 states have call predecessors, (0), 0 states have call successors, (0)
[2026-06-06 01:20:50,261 INFO  L188       IsEmptyHeuristic]: Finished isEmptyHeuristic. No accepting run.
[2026-06-06 01:20:50,261 INFO  L182       IsEmptyHeuristic]: Start isEmptyHeuristic. Operand  has 5 states, 3 states have (on average 1.6666666666666667) internal successors, (5), 4 states have internal predecessors, (5), 0 states have call successors, (0), 0 states have call predecessors, (0), 0 states have return successors, (0), 0 states have call predecessors, (0), 0 states have call successors, (0)
[2026-06-06 01:20:50,261 INFO  L188       IsEmptyHeuristic]: Finished isEmptyHeuristic. No accepting run.
[2026-06-06 01:20:50,261 INFO  L182       IsEmptyHeuristic]: Start isEmptyHeuristic. Operand  has 5 states, 3 states have (on average 1.6666666666666667) internal successors, (5), 4 states have internal predecessors, (5), 0 states have call successors, (0), 0 states have call predecessors, (0), 0 states have return successors, (0), 0 states have call predecessors, (0), 0 states have call successors, (0)
[2026-06-06 01:20:50,261 INFO  L188       IsEmptyHeuristic]: Finished isEmptyHeuristic. No accepting run.
[2026-06-06 01:20:50,261 INFO  L182       IsEmptyHeuristic]: Start isEmptyHeuristic. Operand  has 5 states, 3 states have (on average 1.6666666666666667) internal successors, (5), 4 states have internal predecessors, (5), 0 states have call successors, (0), 0 states have call predecessors, (0), 0 states have return successors, (0), 0 states have call predecessors, (0), 0 states have call successors, (0)
[2026-06-06 01:20:50,261 INFO  L188       IsEmptyHeuristic]: Finished isEmptyHeuristic. No accepting run.
[2026-06-06 01:20:50,261 INFO  L182       IsEmptyHeuristic]: Start isEmptyHeuristic. Operand  has 5 states, 3 states have (on average 1.6666666666666667) internal successors, (5), 4 states have internal predecessors, (5), 0 states have call successors, (0), 0 states have call predecessors, (0), 0 states have return successors, (0), 0 states have call predecessors, (0), 0 states have call successors, (0)
[2026-06-06 01:20:50,261 INFO  L188       IsEmptyHeuristic]: Finished isEmptyHeuristic. No accepting run.
[2026-06-06 01:20:50,261 INFO  L182       IsEmptyHeuristic]: Start isEmptyHeuristic. Operand  has 5 states, 3 states have (on average 1.6666666666666667) internal successors, (5), 4 states have internal predecessors, (5), 0 states have call successors, (0), 0 states have call predecessors, (0), 0 states have return successors, (0), 0 states have call predecessors, (0), 0 states have call successors, (0)
[2026-06-06 01:20:50,261 INFO  L188       IsEmptyHeuristic]: Finished isEmptyHeuristic. No accepting run.
[2026-06-06 01:20:50,261 INFO  L182       IsEmptyHeuristic]: Start isEmptyHeuristic. Operand  has 5 states, 3 states have (on average 1.6666666666666667) internal successors, (5), 4 states have internal predecessors, (5), 0 states have call successors, (0), 0 states have call predecessors, (0), 0 states have return successors, (0), 0 states have call predecessors, (0), 0 states have call successors, (0)
[2026-06-06 01:20:50,261 INFO  L188       IsEmptyHeuristic]: Finished isEmptyHeuristic. No accepting run.
[2026-06-06 01:20:50,261 INFO  L182       IsEmptyHeuristic]: Start isEmptyHeuristic. Operand  has 5 states, 3 states have (on average 1.6666666666666667) internal successors, (5), 4 states have internal predecessors, (5), 0 states have call successors, (0), 0 states have call predecessors, (0), 0 states have return successors, (0), 0 states have call predecessors, (0), 0 states have call successors, (0)
[2026-06-06 01:20:50,261 INFO  L188       IsEmptyHeuristic]: Finished isEmptyHeuristic. No accepting run.
[2026-06-06 01:20:50,262 INFO  L182       IsEmptyHeuristic]: Start isEmptyHeuristic. Operand  has 5 states, 3 states have (on average 1.6666666666666667) internal successors, (5), 4 states have internal predecessors, (5), 0 states have call successors, (0), 0 states have call predecessors, (0), 0 states have return successors, (0), 0 states have call predecessors, (0), 0 states have call successors, (0)
[2026-06-06 01:20:50,262 INFO  L188       IsEmptyHeuristic]: Finished isEmptyHeuristic. Found accepting run of length 16
[2026-06-06 01:20:50,262 INFO  L163        IsEmptyParallel]: Finished isEmptyParallel. Found accepting run of length 16
[2026-06-06 01:20:50,262 WARN  L753                IsEmpty]: Correctness of emptinessCheck not tested.
[2026-06-06 01:20:50,262 INFO  L79                 Accepts]: Start accepts. Automaton has  has 5 states, 3 states have (on average 1.6666666666666667) internal successors, (5), 4 states have internal predecessors, (5), 0 states have call successors, (0), 0 states have call predecessors, (0), 0 states have return successors, (0), 0 states have call predecessors, (0), 0 states have call successors, (0) Word has length 15
[2026-06-06 01:20:50,262 INFO  L85                 Accepts]: Finished accepts. word is accepted.
[2026-06-06 01:20:50,262 INFO  L757                IsEmpty]: Finished testing correctness of emptinessCheck
[2026-06-06 01:20:50,262 INFO  L290                IsEmpty]: Start isEmptyParallel. Operand  has 5 states, 3 states have (on average 1.6666666666666667) internal successors, (5), 4 states have internal predecessors, (5), 0 states have call successors, (0), 0 states have call predecessors, (0), 0 states have return successors, (0), 0 states have call predecessors, (0), 0 states have call successors, (0)
[2026-06-06 01:20:50,262 INFO  L300                IsEmpty]: Finished isEmptyParallel. No accepting run.
[2026-06-06 01:20:50,262 INFO  L156        IsEmptyParallel]: Start isEmptyParallel. Operand  has 5 states, 3 states have (on average 1.6666666666666667) internal successors, (5), 4 states have internal predecessors, (5), 0 states have call successors, (0), 0 states have call predecessors, (0), 0 states have return successors, (0), 0 states have call predecessors, (0), 0 states have call successors, (0)
[2026-06-06 01:20:50,262 INFO  L182       IsEmptyHeuristic]: Start isEmptyHeuristic. Operand  has 5 states, 3 states have (on average 1.6666666666666667) internal successors, (5), 4 states have internal predecessors, (5), 0 states have call successors, (0), 0 states have call predecessors, (0), 0 states have return successors, (0), 0 states have call predecessors, (0), 0 states have call successors, (0)
[2026-06-06 01:20:50,262 INFO  L188       IsEmptyHeuristic]: Finished isEmptyHeuristic. No accepting run.
[2026-06-06 01:20:50,262 INFO  L182       IsEmptyHeuristic]: Start isEmptyHeuristic. Operand  has 5 states, 3 states have (on average 1.6666666666666667) internal successors, (5), 4 states have internal predecessors, (5), 0 states have call successors, (0), 0 states have call predecessors, (0), 0 states have return successors, (0), 0 states have call predecessors, (0), 0 states have call successors, (0)
[2026-06-06 01:20:50,262 INFO  L188       IsEmptyHeuristic]: Finished isEmptyHeuristic. No accepting run.
[2026-06-06 01:20:50,262 INFO  L182       IsEmptyHeuristic]: Start isEmptyHeuristic. Operand  has 5 states, 3 states have (on average 1.6666666666666667) internal successors, (5), 4 states have internal predecessors, (5), 0 states have call successors, (0), 0 states have call predecessors, (0), 0 states have return successors, (0), 0 states have call predecessors, (0), 0 states have call successors, (0)
[2026-06-06 01:20:50,262 INFO  L188       IsEmptyHeuristic]: Finished isEmptyHeuristic. No accepting run.
[2026-06-06 01:20:50,262 INFO  L182       IsEmptyHeuristic]: Start isEmptyHeuristic. Operand  has 5 states, 3 states have (on average 1.6666666666666667) internal successors, (5), 4 states have internal predecessors, (5), 0 states have call successors, (0), 0 states have call predecessors, (0), 0 states have return successors, (0), 0 states have call predecessors, (0), 0 states have call successors, (0)
[2026-06-06 01:20:50,263 INFO  L188       IsEmptyHeuristic]: Finished isEmptyHeuristic. No accepting run.
[2026-06-06 01:20:50,263 INFO  L182       IsEmptyHeuristic]: Start isEmptyHeuristic. Operand  has 5 states, 3 states have (on average 1.6666666666666667) internal successors, (5), 4 states have internal predecessors, (5), 0 states have call successors, (0), 0 states have call predecessors, (0), 0 states have return successors, (0), 0 states have call predecessors, (0), 0 states have call successors, (0)
[2026-06-06 01:20:50,263 INFO  L188       IsEmptyHeuristic]: Finished isEmptyHeuristic. No accepting run.
[2026-06-06 01:20:50,263 INFO  L182       IsEmptyHeuristic]: Start isEmptyHeuristic. Operand  has 5 states, 3 states have (on average 1.6666666666666667) internal successors, (5), 4 states have internal predecessors, (5), 0 states have call successors, (0), 0 states have call predecessors, (0), 0 states have return successors, (0), 0 states have call predecessors, (0), 0 states have call successors, (0)
[2026-06-06 01:20:50,263 INFO  L188       IsEmptyHeuristic]: Finished isEmptyHeuristic. No accepting run.
[2026-06-06 01:20:50,263 INFO  L182       IsEmptyHeuristic]: Start isEmptyHeuristic. Operand  has 5 states, 3 states have (on average 1.6666666666666667) internal successors, (5), 4 states have internal predecessors, (5), 0 states have call successors, (0), 0 states have call predecessors, (0), 0 states have return successors, (0), 0 states have call predecessors, (0), 0 states have call successors, (0)
[2026-06-06 01:20:50,263 INFO  L188       IsEmptyHeuristic]: Finished isEmptyHeuristic. No accepting run.
[2026-06-06 01:20:50,263 INFO  L182       IsEmptyHeuristic]: Start isEmptyHeuristic. Operand  has 5 states, 3 states have (on average 1.6666666666666667) internal successors, (5), 4 states have internal predecessors, (5), 0 states have call successors, (0), 0 states have call predecessors, (0), 0 states have return successors, (0), 0 states have call predecessors, (0), 0 states have call successors, (0)
[2026-06-06 01:20:50,263 INFO  L188       IsEmptyHeuristic]: Finished isEmptyHeuristic. No accepting run.
[2026-06-06 01:20:50,263 INFO  L182       IsEmptyHeuristic]: Start isEmptyHeuristic. Operand  has 5 states, 3 states have (on average 1.6666666666666667) internal successors, (5), 4 states have internal predecessors, (5), 0 states have call successors, (0), 0 states have call predecessors, (0), 0 states have return successors, (0), 0 states have call predecessors, (0), 0 states have call successors, (0)
[2026-06-06 01:20:50,263 INFO  L188       IsEmptyHeuristic]: Finished isEmptyHeuristic. No accepting run.
[2026-06-06 01:20:50,263 INFO  L182       IsEmptyHeuristic]: Start isEmptyHeuristic. Operand  has 5 states, 3 states have (on average 1.6666666666666667) internal successors, (5), 4 states have internal predecessors, (5), 0 states have call successors, (0), 0 states have call predecessors, (0), 0 states have return successors, (0), 0 states have call predecessors, (0), 0 states have call successors, (0)
[2026-06-06 01:20:50,263 INFO  L188       IsEmptyHeuristic]: Finished isEmptyHeuristic. No accepting run.
[2026-06-06 01:20:50,263 INFO  L182       IsEmptyHeuristic]: Start isEmptyHeuristic. Operand  has 5 states, 3 states have (on average 1.6666666666666667) internal successors, (5), 4 states have internal predecessors, (5), 0 states have call successors, (0), 0 states have call predecessors, (0), 0 states have return successors, (0), 0 states have call predecessors, (0), 0 states have call successors, (0)
[2026-06-06 01:20:50,263 INFO  L188       IsEmptyHeuristic]: Finished isEmptyHeuristic. No accepting run.
[2026-06-06 01:20:50,263 INFO  L182       IsEmptyHeuristic]: Start isEmptyHeuristic. Operand  has 5 states, 3 states have (on average 1.6666666666666667) internal successors, (5), 4 states have internal predecessors, (5), 0 states have call successors, (0), 0 states have call predecessors, (0), 0 states have return successors, (0), 0 states have call predecessors, (0), 0 states have call successors, (0)
[2026-06-06 01:20:50,263 INFO  L188       IsEmptyHeuristic]: Finished isEmptyHeuristic. Found accepting run of length 15
[2026-06-06 01:20:50,263 INFO  L163        IsEmptyParallel]: Finished isEmptyParallel. Found accepting run of length 15
[2026-06-06 01:20:50,263 WARN  L753                IsEmpty]: Correctness of emptinessCheck not tested.
[2026-06-06 01:20:50,263 INFO  L79                 Accepts]: Start accepts. Automaton has  has 5 states, 3 states have (on average 1.6666666666666667) internal successors, (5), 4 states have internal predecessors, (5), 0 states have call successors, (0), 0 states have call predecessors, (0), 0 states have return successors, (0), 0 states have call predecessors, (0), 0 states have call successors, (0) Word has length 14
[2026-06-06 01:20:50,263 INFO  L85                 Accepts]: Finished accepts. word is accepted.
[2026-06-06 01:20:50,263 INFO  L757                IsEmpty]: Finished testing correctness of emptinessCheck
[2026-06-06 01:20:50,263 INFO  L290                IsEmpty]: Start isEmptyParallel. Operand  has 5 states, 3 states have (on average 1.6666666666666667) internal successors, (5), 4 states have internal predecessors, (5), 0 states have call successors, (0), 0 states have call predecessors, (0), 0 states have return successors, (0), 0 states have call predecessors, (0), 0 states have call successors, (0)
[2026-06-06 01:20:50,263 INFO  L300                IsEmpty]: Finished isEmptyParallel. No accepting run.
[2026-06-06 01:20:50,263 INFO  L156        IsEmptyParallel]: Start isEmptyParallel. Operand  has 5 states, 3 states have (on average 1.6666666666666667) internal successors, (5), 4 states have internal predecessors, (5), 0 states have call successors, (0), 0 states have call predecessors, (0), 0 states have return successors, (0), 0 states have call predecessors, (0), 0 states have call successors, (0)
[2026-06-06 01:20:50,265 INFO  L182       IsEmptyHeuristic]: Start isEmptyHeuristic. Operand  has 5 states, 3 states have (on average 1.6666666666666667) internal successors, (5), 4 states have internal predecessors, (5), 0 states have call successors, (0), 0 states have call predecessors, (0), 0 states have return successors, (0), 0 states have call predecessors, (0), 0 states have call successors, (0)
[2026-06-06 01:20:50,265 INFO  L188       IsEmptyHeuristic]: Finished isEmptyHeuristic. No accepting run.
[2026-06-06 01:20:50,265 INFO  L182       IsEmptyHeuristic]: Start isEmptyHeuristic. Operand  has 5 states, 3 states have (on average 1.6666666666666667) internal successors, (5), 4 states have internal predecessors, (5), 0 states have call successors, (0), 0 states have call predecessors, (0), 0 states have return successors, (0), 0 states have call predecessors, (0), 0 states have call successors, (0)
[2026-06-06 01:20:50,265 INFO  L188       IsEmptyHeuristic]: Finished isEmptyHeuristic. No accepting run.
[2026-06-06 01:20:50,265 INFO  L182       IsEmptyHeuristic]: Start isEmptyHeuristic. Operand  has 5 states, 3 states have (on average 1.6666666666666667) internal successors, (5), 4 states have internal predecessors, (5), 0 states have call successors, (0), 0 states have call predecessors, (0), 0 states have return successors, (0), 0 states have call predecessors, (0), 0 states have call successors, (0)
[2026-06-06 01:20:50,265 INFO  L188       IsEmptyHeuristic]: Finished isEmptyHeuristic. No accepting run.
[2026-06-06 01:20:50,265 INFO  L182       IsEmptyHeuristic]: Start isEmptyHeuristic. Operand  has 5 states, 3 states have (on average 1.6666666666666667) internal successors, (5), 4 states have internal predecessors, (5), 0 states have call successors, (0), 0 states have call predecessors, (0), 0 states have return successors, (0), 0 states have call predecessors, (0), 0 states have call successors, (0)
[2026-06-06 01:20:50,265 INFO  L188       IsEmptyHeuristic]: Finished isEmptyHeuristic. No accepting run.
[2026-06-06 01:20:50,265 INFO  L182       IsEmptyHeuristic]: Start isEmptyHeuristic. Operand  has 5 states, 3 states have (on average 1.6666666666666667) internal successors, (5), 4 states have internal predecessors, (5), 0 states have call successors, (0), 0 states have call predecessors, (0), 0 states have return successors, (0), 0 states have call predecessors, (0), 0 states have call successors, (0)
[2026-06-06 01:20:50,265 INFO  L188       IsEmptyHeuristic]: Finished isEmptyHeuristic. No accepting run.
[2026-06-06 01:20:50,265 INFO  L182       IsEmptyHeuristic]: Start isEmptyHeuristic. Operand  has 5 states, 3 states have (on average 1.6666666666666667) internal successors, (5), 4 states have internal predecessors, (5), 0 states have call successors, (0), 0 states have call predecessors, (0), 0 states have return successors, (0), 0 states have call predecessors, (0), 0 states have call successors, (0)
[2026-06-06 01:20:50,265 INFO  L188       IsEmptyHeuristic]: Finished isEmptyHeuristic. No accepting run.
[2026-06-06 01:20:50,265 INFO  L182       IsEmptyHeuristic]: Start isEmptyHeuristic. Operand  has 5 states, 3 states have (on average 1.6666666666666667) internal successors, (5), 4 states have internal predecessors, (5), 0 states have call successors, (0), 0 states have call predecessors, (0), 0 states have return successors, (0), 0 states have call predecessors, (0), 0 states have call successors, (0)
[2026-06-06 01:20:50,265 INFO  L188       IsEmptyHeuristic]: Finished isEmptyHeuristic. No accepting run.
[2026-06-06 01:20:50,266 INFO  L182       IsEmptyHeuristic]: Start isEmptyHeuristic. Operand  has 5 states, 3 states have (on average 1.6666666666666667) internal successors, (5), 4 states have internal predecessors, (5), 0 states have call successors, (0), 0 states have call predecessors, (0), 0 states have return successors, (0), 0 states have call predecessors, (0), 0 states have call successors, (0)
[2026-06-06 01:20:50,266 INFO  L188       IsEmptyHeuristic]: Finished isEmptyHeuristic. No accepting run.
[2026-06-06 01:20:50,266 INFO  L182       IsEmptyHeuristic]: Start isEmptyHeuristic. Operand  has 5 states, 3 states have (on average 1.6666666666666667) internal successors, (5), 4 states have internal predecessors, (5), 0 states have call successors, (0), 0 states have call predecessors, (0), 0 states have return successors, (0), 0 states have call predecessors, (0), 0 states have call successors, (0)
[2026-06-06 01:20:50,266 INFO  L188       IsEmptyHeuristic]: Finished isEmptyHeuristic. No accepting run.
[2026-06-06 01:20:50,266 INFO  L182       IsEmptyHeuristic]: Start isEmptyHeuristic. Operand  has 5 states, 3 states have (on average 1.6666666666666667) internal successors, (5), 4 states have internal predecessors, (5), 0 states have call successors, (0), 0 states have call predecessors, (0), 0 states have return successors, (0), 0 states have call predecessors, (0), 0 states have call successors, (0)
[2026-06-06 01:20:50,266 INFO  L188       IsEmptyHeuristic]: Finished isEmptyHeuristic. No accepting run.
[2026-06-06 01:20:50,266 INFO  L182       IsEmptyHeuristic]: Start isEmptyHeuristic. Operand  has 5 states, 3 states have (on average 1.6666666666666667) internal successors, (5), 4 states have internal predecessors, (5), 0 states have call successors, (0), 0 states have call predecessors, (0), 0 states have return successors, (0), 0 states have call predecessors, (0), 0 states have call successors, (0)
[2026-06-06 01:20:50,266 INFO  L188       IsEmptyHeuristic]: Finished isEmptyHeuristic. No accepting run.
[2026-06-06 01:20:50,266 INFO  L182       IsEmptyHeuristic]: Start isEmptyHeuristic. Operand  has 5 states, 3 states have (on average 1.6666666666666667) internal successors, (5), 4 states have internal predecessors, (5), 0 states have call successors, (0), 0 states have call predecessors, (0), 0 states have return successors, (0), 0 states have call predecessors, (0), 0 states have call successors, (0)
[2026-06-06 01:20:50,266 INFO  L188       IsEmptyHeuristic]: Finished isEmptyHeuristic. No accepting run.
[2026-06-06 01:20:50,266 INFO  L182       IsEmptyHeuristic]: Start isEmptyHeuristic. Operand  has 5 states, 3 states have (on average 1.6666666666666667) internal successors, (5), 4 states have internal predecessors, (5), 0 states have call successors, (0), 0 states have call predecessors, (0), 0 states have return successors, (0), 0 states have call predecessors, (0), 0 states have call successors, (0)
[2026-06-06 01:20:50,266 INFO  L188       IsEmptyHeuristic]: Finished isEmptyHeuristic. Found accepting run of length 18
[2026-06-06 01:20:50,266 INFO  L163        IsEmptyParallel]: Finished isEmptyParallel. Found accepting run of length 18
[2026-06-06 01:20:50,266 WARN  L753                IsEmpty]: Correctness of emptinessCheck not tested.
[2026-06-06 01:20:50,266 INFO  L79                 Accepts]: Start accepts. Automaton has  has 5 states, 3 states have (on average 1.6666666666666667) internal successors, (5), 4 states have internal predecessors, (5), 0 states have call successors, (0), 0 states have call predecessors, (0), 0 states have return successors, (0), 0 states have call predecessors, (0), 0 states have call successors, (0) Word has length 17
[2026-06-06 01:20:50,267 INFO  L85                 Accepts]: Finished accepts. word is accepted.
[2026-06-06 01:20:50,267 INFO  L757                IsEmpty]: Finished testing correctness of emptinessCheck
[2026-06-06 01:20:50,267 INFO  L290                IsEmpty]: Start isEmptyParallel. Operand  has 5 states, 3 states have (on average 1.6666666666666667) internal successors, (5), 4 states have internal predecessors, (5), 0 states have call successors, (0), 0 states have call predecessors, (0), 0 states have return successors, (0), 0 states have call predecessors, (0), 0 states have call successors, (0)
[2026-06-06 01:20:50,267 INFO  L300                IsEmpty]: Finished isEmptyParallel. No accepting run.
[2026-06-06 01:20:50,267 INFO  L156        IsEmptyParallel]: Start isEmptyParallel. Operand  has 5 states, 3 states have (on average 1.6666666666666667) internal successors, (5), 4 states have internal predecessors, (5), 0 states have call successors, (0), 0 states have call predecessors, (0), 0 states have return successors, (0), 0 states have call predecessors, (0), 0 states have call successors, (0)
[2026-06-06 01:20:50,267 INFO  L182       IsEmptyHeuristic]: Start isEmptyHeuristic. Operand  has 5 states, 3 states have (on average 1.6666666666666667) internal successors, (5), 4 states have internal predecessors, (5), 0 states have call successors, (0), 0 states have call predecessors, (0), 0 states have return successors, (0), 0 states have call predecessors, (0), 0 states have call successors, (0)
[2026-06-06 01:20:50,267 INFO  L188       IsEmptyHeuristic]: Finished isEmptyHeuristic. No accepting run.
[2026-06-06 01:20:50,267 INFO  L182       IsEmptyHeuristic]: Start isEmptyHeuristic. Operand  has 5 states, 3 states have (on average 1.6666666666666667) internal successors, (5), 4 states have internal predecessors, (5), 0 states have call successors, (0), 0 states have call predecessors, (0), 0 states have return successors, (0), 0 states have call predecessors, (0), 0 states have call successors, (0)
[2026-06-06 01:20:50,267 INFO  L188       IsEmptyHeuristic]: Finished isEmptyHeuristic. No accepting run.
[2026-06-06 01:20:50,267 INFO  L182       IsEmptyHeuristic]: Start isEmptyHeuristic. Operand  has 5 states, 3 states have (on average 1.6666666666666667) internal successors, (5), 4 states have internal predecessors, (5), 0 states have call successors, (0), 0 states have call predecessors, (0), 0 states have return successors, (0), 0 states have call predecessors, (0), 0 states have call successors, (0)
[2026-06-06 01:20:50,267 INFO  L188       IsEmptyHeuristic]: Finished isEmptyHeuristic. No accepting run.
[2026-06-06 01:20:50,267 INFO  L182       IsEmptyHeuristic]: Start isEmptyHeuristic. Operand  has 5 states, 3 states have (on average 1.6666666666666667) internal successors, (5), 4 states have internal predecessors, (5), 0 states have call successors, (0), 0 states have call predecessors, (0), 0 states have return successors, (0), 0 states have call predecessors, (0), 0 states have call successors, (0)
[2026-06-06 01:20:50,267 INFO  L188       IsEmptyHeuristic]: Finished isEmptyHeuristic. No accepting run.
[2026-06-06 01:20:50,267 INFO  L182       IsEmptyHeuristic]: Start isEmptyHeuristic. Operand  has 5 states, 3 states have (on average 1.6666666666666667) internal successors, (5), 4 states have internal predecessors, (5), 0 states have call successors, (0), 0 states have call predecessors, (0), 0 states have return successors, (0), 0 states have call predecessors, (0), 0 states have call successors, (0)
[2026-06-06 01:20:50,267 INFO  L188       IsEmptyHeuristic]: Finished isEmptyHeuristic. No accepting run.
[2026-06-06 01:20:50,267 INFO  L182       IsEmptyHeuristic]: Start isEmptyHeuristic. Operand  has 5 states, 3 states have (on average 1.6666666666666667) internal successors, (5), 4 states have internal predecessors, (5), 0 states have call successors, (0), 0 states have call predecessors, (0), 0 states have return successors, (0), 0 states have call predecessors, (0), 0 states have call successors, (0)
[2026-06-06 01:20:50,267 INFO  L188       IsEmptyHeuristic]: Finished isEmptyHeuristic. No accepting run.
[2026-06-06 01:20:50,267 INFO  L182       IsEmptyHeuristic]: Start isEmptyHeuristic. Operand  has 5 states, 3 states have (on average 1.6666666666666667) internal successors, (5), 4 states have internal predecessors, (5), 0 states have call successors, (0), 0 states have call predecessors, (0), 0 states have return successors, (0), 0 states have call predecessors, (0), 0 states have call successors, (0)
[2026-06-06 01:20:50,267 INFO  L188       IsEmptyHeuristic]: Finished isEmptyHeuristic. No accepting run.
[2026-06-06 01:20:50,267 INFO  L182       IsEmptyHeuristic]: Start isEmptyHeuristic. Operand  has 5 states, 3 states have (on average 1.6666666666666667) internal successors, (5), 4 states have internal predecessors, (5), 0 states have call successors, (0), 0 states have call predecessors, (0), 0 states have return successors, (0), 0 states have call predecessors, (0), 0 states have call successors, (0)
[2026-06-06 01:20:50,267 INFO  L188       IsEmptyHeuristic]: Finished isEmptyHeuristic. No accepting run.
[2026-06-06 01:20:50,267 INFO  L182       IsEmptyHeuristic]: Start isEmptyHeuristic. Operand  has 5 states, 3 states have (on average 1.6666666666666667) internal successors, (5), 4 states have internal predecessors, (5), 0 states have call successors, (0), 0 states have call predecessors, (0), 0 states have return successors, (0), 0 states have call predecessors, (0), 0 states have call successors, (0)
[2026-06-06 01:20:50,267 INFO  L188       IsEmptyHeuristic]: Finished isEmptyHeuristic. No accepting run.
[2026-06-06 01:20:50,267 INFO  L182       IsEmptyHeuristic]: Start isEmptyHeuristic. Operand  has 5 states, 3 states have (on average 1.6666666666666667) internal successors, (5), 4 states have internal predecessors, (5), 0 states have call successors, (0), 0 states have call predecessors, (0), 0 states have return successors, (0), 0 states have call predecessors, (0), 0 states have call successors, (0)
[2026-06-06 01:20:50,267 INFO  L188       IsEmptyHeuristic]: Finished isEmptyHeuristic. No accepting run.
[2026-06-06 01:20:50,268 INFO  L182       IsEmptyHeuristic]: Start isEmptyHeuristic. Operand  has 5 states, 3 states have (on average 1.6666666666666667) internal successors, (5), 4 states have internal predecessors, (5), 0 states have call successors, (0), 0 states have call predecessors, (0), 0 states have return successors, (0), 0 states have call predecessors, (0), 0 states have call successors, (0)
[2026-06-06 01:20:50,268 INFO  L188       IsEmptyHeuristic]: Finished isEmptyHeuristic. No accepting run.
[2026-06-06 01:20:50,268 INFO  L182       IsEmptyHeuristic]: Start isEmptyHeuristic. Operand  has 5 states, 3 states have (on average 1.6666666666666667) internal successors, (5), 4 states have internal predecessors, (5), 0 states have call successors, (0), 0 states have call predecessors, (0), 0 states have return successors, (0), 0 states have call predecessors, (0), 0 states have call successors, (0)
[2026-06-06 01:20:50,268 INFO  L188       IsEmptyHeuristic]: Finished isEmptyHeuristic. No accepting run.
[2026-06-06 01:20:50,269 INFO  L182       IsEmptyHeuristic]: Start isEmptyHeuristic. Operand  has 5 states, 3 states have (on average 1.6666666666666667) internal successors, (5), 4 states have internal predecessors, (5), 0 states have call successors, (0), 0 states have call predecessors, (0), 0 states have return successors, (0), 0 states have call predecessors, (0), 0 states have call successors, (0)
[2026-06-06 01:20:50,269 INFO  L188       IsEmptyHeuristic]: Finished isEmptyHeuristic. No accepting run.
[2026-06-06 01:20:50,269 INFO  L182       IsEmptyHeuristic]: Start isEmptyHeuristic. Operand  has 5 states, 3 states have (on average 1.6666666666666667) internal successors, (5), 4 states have internal predecessors, (5), 0 states have call successors, (0), 0 states have call predecessors, (0), 0 states have return successors, (0), 0 states have call predecessors, (0), 0 states have call successors, (0)
[2026-06-06 01:20:50,269 INFO  L188       IsEmptyHeuristic]: Finished isEmptyHeuristic. Found accepting run of length 17
[2026-06-06 01:20:50,269 INFO  L163        IsEmptyParallel]: Finished isEmptyParallel. Found accepting run of length 17
[2026-06-06 01:20:50,269 WARN  L753                IsEmpty]: Correctness of emptinessCheck not tested.
[2026-06-06 01:20:50,269 INFO  L79                 Accepts]: Start accepts. Automaton has  has 5 states, 3 states have (on average 1.6666666666666667) internal successors, (5), 4 states have internal predecessors, (5), 0 states have call successors, (0), 0 states have call predecessors, (0), 0 states have return successors, (0), 0 states have call predecessors, (0), 0 states have call successors, (0) Word has length 16
[2026-06-06 01:20:50,269 INFO  L85                 Accepts]: Finished accepts. word is accepted.
[2026-06-06 01:20:50,269 INFO  L757                IsEmpty]: Finished testing correctness of emptinessCheck
[2026-06-06 01:20:50,269 INFO  L290                IsEmpty]: Start isEmptyParallel. Operand  has 5 states, 3 states have (on average 1.6666666666666667) internal successors, (5), 4 states have internal predecessors, (5), 0 states have call successors, (0), 0 states have call predecessors, (0), 0 states have return successors, (0), 0 states have call predecessors, (0), 0 states have call successors, (0)
[2026-06-06 01:20:50,269 INFO  L300                IsEmpty]: Finished isEmptyParallel. No accepting run.
[2026-06-06 01:20:50,269 INFO  L156        IsEmptyParallel]: Start isEmptyParallel. Operand  has 5 states, 3 states have (on average 1.6666666666666667) internal successors, (5), 4 states have internal predecessors, (5), 0 states have call successors, (0), 0 states have call predecessors, (0), 0 states have return successors, (0), 0 states have call predecessors, (0), 0 states have call successors, (0)
[2026-06-06 01:20:50,269 INFO  L182       IsEmptyHeuristic]: Start isEmptyHeuristic. Operand  has 5 states, 3 states have (on average 1.6666666666666667) internal successors, (5), 4 states have internal predecessors, (5), 0 states have call successors, (0), 0 states have call predecessors, (0), 0 states have return successors, (0), 0 states have call predecessors, (0), 0 states have call successors, (0)
[2026-06-06 01:20:50,269 INFO  L188       IsEmptyHeuristic]: Finished isEmptyHeuristic. No accepting run.
[2026-06-06 01:20:50,269 INFO  L182       IsEmptyHeuristic]: Start isEmptyHeuristic. Operand  has 5 states, 3 states have (on average 1.6666666666666667) internal successors, (5), 4 states have internal predecessors, (5), 0 states have call successors, (0), 0 states have call predecessors, (0), 0 states have return successors, (0), 0 states have call predecessors, (0), 0 states have call successors, (0)
[2026-06-06 01:20:50,269 INFO  L188       IsEmptyHeuristic]: Finished isEmptyHeuristic. No accepting run.
[2026-06-06 01:20:50,269 INFO  L182       IsEmptyHeuristic]: Start isEmptyHeuristic. Operand  has 5 states, 3 states have (on average 1.6666666666666667) internal successors, (5), 4 states have internal predecessors, (5), 0 states have call successors, (0), 0 states have call predecessors, (0), 0 states have return successors, (0), 0 states have call predecessors, (0), 0 states have call successors, (0)
[2026-06-06 01:20:50,269 INFO  L188       IsEmptyHeuristic]: Finished isEmptyHeuristic. No accepting run.
[2026-06-06 01:20:50,269 INFO  L182       IsEmptyHeuristic]: Start isEmptyHeuristic. Operand  has 5 states, 3 states have (on average 1.6666666666666667) internal successors, (5), 4 states have internal predecessors, (5), 0 states have call successors, (0), 0 states have call predecessors, (0), 0 states have return successors, (0), 0 states have call predecessors, (0), 0 states have call successors, (0)
[2026-06-06 01:20:50,269 INFO  L188       IsEmptyHeuristic]: Finished isEmptyHeuristic. No accepting run.
[2026-06-06 01:20:50,269 INFO  L182       IsEmptyHeuristic]: Start isEmptyHeuristic. Operand  has 5 states, 3 states have (on average 1.6666666666666667) internal successors, (5), 4 states have internal predecessors, (5), 0 states have call successors, (0), 0 states have call predecessors, (0), 0 states have return successors, (0), 0 states have call predecessors, (0), 0 states have call successors, (0)
[2026-06-06 01:20:50,270 INFO  L188       IsEmptyHeuristic]: Finished isEmptyHeuristic. No accepting run.
[2026-06-06 01:20:50,270 INFO  L182       IsEmptyHeuristic]: Start isEmptyHeuristic. Operand  has 5 states, 3 states have (on average 1.6666666666666667) internal successors, (5), 4 states have internal predecessors, (5), 0 states have call successors, (0), 0 states have call predecessors, (0), 0 states have return successors, (0), 0 states have call predecessors, (0), 0 states have call successors, (0)
[2026-06-06 01:20:50,270 INFO  L188       IsEmptyHeuristic]: Finished isEmptyHeuristic. No accepting run.
[2026-06-06 01:20:50,270 INFO  L182       IsEmptyHeuristic]: Start isEmptyHeuristic. Operand  has 5 states, 3 states have (on average 1.6666666666666667) internal successors, (5), 4 states have internal predecessors, (5), 0 states have call successors, (0), 0 states have call predecessors, (0), 0 states have return successors, (0), 0 states have call predecessors, (0), 0 states have call successors, (0)
[2026-06-06 01:20:50,270 INFO  L188       IsEmptyHeuristic]: Finished isEmptyHeuristic. No accepting run.
[2026-06-06 01:20:50,270 INFO  L182       IsEmptyHeuristic]: Start isEmptyHeuristic. Operand  has 5 states, 3 states have (on average 1.6666666666666667) internal successors, (5), 4 states have internal predecessors, (5), 0 states have call successors, (0), 0 states have call predecessors, (0), 0 states have return successors, (0), 0 states have call predecessors, (0), 0 states have call successors, (0)
[2026-06-06 01:20:50,270 INFO  L188       IsEmptyHeuristic]: Finished isEmptyHeuristic. No accepting run.
[2026-06-06 01:20:50,270 INFO  L182       IsEmptyHeuristic]: Start isEmptyHeuristic. Operand  has 5 states, 3 states have (on average 1.6666666666666667) internal successors, (5), 4 states have internal predecessors, (5), 0 states have call successors, (0), 0 states have call predecessors, (0), 0 states have return successors, (0), 0 states have call predecessors, (0), 0 states have call successors, (0)
[2026-06-06 01:20:50,270 INFO  L188       IsEmptyHeuristic]: Finished isEmptyHeuristic. No accepting run.
[2026-06-06 01:20:50,270 INFO  L182       IsEmptyHeuristic]: Start isEmptyHeuristic. Operand  has 5 states, 3 states have (on average 1.6666666666666667) internal successors, (5), 4 states have internal predecessors, (5), 0 states have call successors, (0), 0 states have call predecessors, (0), 0 states have return successors, (0), 0 states have call predecessors, (0), 0 states have call successors, (0)
[2026-06-06 01:20:50,270 INFO  L188       IsEmptyHeuristic]: Finished isEmptyHeuristic. No accepting run.
[2026-06-06 01:20:50,270 INFO  L182       IsEmptyHeuristic]: Start isEmptyHeuristic. Operand  has 5 states, 3 states have (on average 1.6666666666666667) internal successors, (5), 4 states have internal predecessors, (5), 0 states have call successors, (0), 0 states have call predecessors, (0), 0 states have return successors, (0), 0 states have call predecessors, (0), 0 states have call successors, (0)
[2026-06-06 01:20:50,270 INFO  L188       IsEmptyHeuristic]: Finished isEmptyHeuristic. No accepting run.
[2026-06-06 01:20:50,270 INFO  L182       IsEmptyHeuristic]: Start isEmptyHeuristic. Operand  has 5 states, 3 states have (on average 1.6666666666666667) internal successors, (5), 4 states have internal predecessors, (5), 0 states have call successors, (0), 0 states have call predecessors, (0), 0 states have return successors, (0), 0 states have call predecessors, (0), 0 states have call successors, (0)
[2026-06-06 01:20:50,270 INFO  L188       IsEmptyHeuristic]: Finished isEmptyHeuristic. No accepting run.
[2026-06-06 01:20:50,270 INFO  L182       IsEmptyHeuristic]: Start isEmptyHeuristic. Operand  has 5 states, 3 states have (on average 1.6666666666666667) internal successors, (5), 4 states have internal predecessors, (5), 0 states have call successors, (0), 0 states have call predecessors, (0), 0 states have return successors, (0), 0 states have call predecessors, (0), 0 states have call successors, (0)
[2026-06-06 01:20:50,270 INFO  L188       IsEmptyHeuristic]: Finished isEmptyHeuristic. No accepting run.
[2026-06-06 01:20:50,270 INFO  L182       IsEmptyHeuristic]: Start isEmptyHeuristic. Operand  has 5 states, 3 states have (on average 1.6666666666666667) internal successors, (5), 4 states have internal predecessors, (5), 0 states have call successors, (0), 0 states have call predecessors, (0), 0 states have return successors, (0), 0 states have call predecessors, (0), 0 states have call successors, (0)
[2026-06-06 01:20:50,270 INFO  L188       IsEmptyHeuristic]: Finished isEmptyHeuristic. No accepting run.
[2026-06-06 01:20:50,270 INFO  L182       IsEmptyHeuristic]: Start isEmptyHeuristic. Operand  has 5 states, 3 states have (on average 1.6666666666666667) internal successors, (5), 4 states have internal predecessors, (5), 0 states have call successors, (0), 0 states have call predecessors, (0), 0 states have return successors, (0), 0 states have call predecessors, (0), 0 states have call successors, (0)
[2026-06-06 01:20:50,270 INFO  L188       IsEmptyHeuristic]: Finished isEmptyHeuristic. Found accepting run of length 20
[2026-06-06 01:20:50,270 INFO  L163        IsEmptyParallel]: Finished isEmptyParallel. Found accepting run of length 20
[2026-06-06 01:20:50,270 WARN  L753                IsEmpty]: Correctness of emptinessCheck not tested.
[2026-06-06 01:20:50,270 INFO  L79                 Accepts]: Start accepts. Automaton has  has 5 states, 3 states have (on average 1.6666666666666667) internal successors, (5), 4 states have internal predecessors, (5), 0 states have call successors, (0), 0 states have call predecessors, (0), 0 states have return successors, (0), 0 states have call predecessors, (0), 0 states have call successors, (0) Word has length 19
[2026-06-06 01:20:50,271 INFO  L85                 Accepts]: Finished accepts. word is accepted.
[2026-06-06 01:20:50,271 INFO  L757                IsEmpty]: Finished testing correctness of emptinessCheck
[2026-06-06 01:20:50,271 INFO  L290                IsEmpty]: Start isEmptyParallel. Operand  has 5 states, 3 states have (on average 1.6666666666666667) internal successors, (5), 4 states have internal predecessors, (5), 0 states have call successors, (0), 0 states have call predecessors, (0), 0 states have return successors, (0), 0 states have call predecessors, (0), 0 states have call successors, (0)
[2026-06-06 01:20:50,271 INFO  L300                IsEmpty]: Finished isEmptyParallel. No accepting run.
[2026-06-06 01:20:50,271 INFO  L156        IsEmptyParallel]: Start isEmptyParallel. Operand  has 5 states, 3 states have (on average 1.6666666666666667) internal successors, (5), 4 states have internal predecessors, (5), 0 states have call successors, (0), 0 states have call predecessors, (0), 0 states have return successors, (0), 0 states have call predecessors, (0), 0 states have call successors, (0)
[2026-06-06 01:20:50,271 INFO  L182       IsEmptyHeuristic]: Start isEmptyHeuristic. Operand  has 5 states, 3 states have (on average 1.6666666666666667) internal successors, (5), 4 states have internal predecessors, (5), 0 states have call successors, (0), 0 states have call predecessors, (0), 0 states have return successors, (0), 0 states have call predecessors, (0), 0 states have call successors, (0)
[2026-06-06 01:20:50,271 INFO  L188       IsEmptyHeuristic]: Finished isEmptyHeuristic. No accepting run.
[2026-06-06 01:20:50,271 INFO  L182       IsEmptyHeuristic]: Start isEmptyHeuristic. Operand  has 5 states, 3 states have (on average 1.6666666666666667) internal successors, (5), 4 states have internal predecessors, (5), 0 states have call successors, (0), 0 states have call predecessors, (0), 0 states have return successors, (0), 0 states have call predecessors, (0), 0 states have call successors, (0)
[2026-06-06 01:20:50,271 INFO  L188       IsEmptyHeuristic]: Finished isEmptyHeuristic. No accepting run.
[2026-06-06 01:20:50,271 INFO  L182       IsEmptyHeuristic]: Start isEmptyHeuristic. Operand  has 5 states, 3 states have (on average 1.6666666666666667) internal successors, (5), 4 states have internal predecessors, (5), 0 states have call successors, (0), 0 states have call predecessors, (0), 0 states have return successors, (0), 0 states have call predecessors, (0), 0 states have call successors, (0)
[2026-06-06 01:20:50,271 INFO  L188       IsEmptyHeuristic]: Finished isEmptyHeuristic. No accepting run.
[2026-06-06 01:20:50,271 INFO  L182       IsEmptyHeuristic]: Start isEmptyHeuristic. Operand  has 5 states, 3 states have (on average 1.6666666666666667) internal successors, (5), 4 states have internal predecessors, (5), 0 states have call successors, (0), 0 states have call predecessors, (0), 0 states have return successors, (0), 0 states have call predecessors, (0), 0 states have call successors, (0)
[2026-06-06 01:20:50,271 INFO  L188       IsEmptyHeuristic]: Finished isEmptyHeuristic. No accepting run.
[2026-06-06 01:20:50,271 INFO  L182       IsEmptyHeuristic]: Start isEmptyHeuristic. Operand  has 5 states, 3 states have (on average 1.6666666666666667) internal successors, (5), 4 states have internal predecessors, (5), 0 states have call successors, (0), 0 states have call predecessors, (0), 0 states have return successors, (0), 0 states have call predecessors, (0), 0 states have call successors, (0)
[2026-06-06 01:20:50,271 INFO  L188       IsEmptyHeuristic]: Finished isEmptyHeuristic. No accepting run.
[2026-06-06 01:20:50,271 INFO  L182       IsEmptyHeuristic]: Start isEmptyHeuristic. Operand  has 5 states, 3 states have (on average 1.6666666666666667) internal successors, (5), 4 states have internal predecessors, (5), 0 states have call successors, (0), 0 states have call predecessors, (0), 0 states have return successors, (0), 0 states have call predecessors, (0), 0 states have call successors, (0)
[2026-06-06 01:20:50,271 INFO  L188       IsEmptyHeuristic]: Finished isEmptyHeuristic. No accepting run.
[2026-06-06 01:20:50,271 INFO  L182       IsEmptyHeuristic]: Start isEmptyHeuristic. Operand  has 5 states, 3 states have (on average 1.6666666666666667) internal successors, (5), 4 states have internal predecessors, (5), 0 states have call successors, (0), 0 states have call predecessors, (0), 0 states have return successors, (0), 0 states have call predecessors, (0), 0 states have call successors, (0)
[2026-06-06 01:20:50,271 INFO  L188       IsEmptyHeuristic]: Finished isEmptyHeuristic. No accepting run.
[2026-06-06 01:20:50,271 INFO  L182       IsEmptyHeuristic]: Start isEmptyHeuristic. Operand  has 5 states, 3 states have (on average 1.6666666666666667) internal successors, (5), 4 states have internal predecessors, (5), 0 states have call successors, (0), 0 states have call predecessors, (0), 0 states have return successors, (0), 0 states have call predecessors, (0), 0 states have call successors, (0)
[2026-06-06 01:20:50,271 INFO  L188       IsEmptyHeuristic]: Finished isEmptyHeuristic. No accepting run.
[2026-06-06 01:20:50,271 INFO  L182       IsEmptyHeuristic]: Start isEmptyHeuristic. Operand  has 5 states, 3 states have (on average 1.6666666666666667) internal successors, (5), 4 states have internal predecessors, (5), 0 states have call successors, (0), 0 states have call predecessors, (0), 0 states have return successors, (0), 0 states have call predecessors, (0), 0 states have call successors, (0)
[2026-06-06 01:20:50,271 INFO  L188       IsEmptyHeuristic]: Finished isEmptyHeuristic. No accepting run.
[2026-06-06 01:20:50,271 INFO  L182       IsEmptyHeuristic]: Start isEmptyHeuristic. Operand  has 5 states, 3 states have (on average 1.6666666666666667) internal successors, (5), 4 states have internal predecessors, (5), 0 states have call successors, (0), 0 states have call predecessors, (0), 0 states have return successors, (0), 0 states have call predecessors, (0), 0 states have call successors, (0)
[2026-06-06 01:20:50,271 INFO  L188       IsEmptyHeuristic]: Finished isEmptyHeuristic. No accepting run.
[2026-06-06 01:20:50,272 INFO  L182       IsEmptyHeuristic]: Start isEmptyHeuristic. Operand  has 5 states, 3 states have (on average 1.6666666666666667) internal successors, (5), 4 states have internal predecessors, (5), 0 states have call successors, (0), 0 states have call predecessors, (0), 0 states have return successors, (0), 0 states have call predecessors, (0), 0 states have call successors, (0)
[2026-06-06 01:20:50,272 INFO  L188       IsEmptyHeuristic]: Finished isEmptyHeuristic. No accepting run.
[2026-06-06 01:20:50,272 INFO  L182       IsEmptyHeuristic]: Start isEmptyHeuristic. Operand  has 5 states, 3 states have (on average 1.6666666666666667) internal successors, (5), 4 states have internal predecessors, (5), 0 states have call successors, (0), 0 states have call predecessors, (0), 0 states have return successors, (0), 0 states have call predecessors, (0), 0 states have call successors, (0)
[2026-06-06 01:20:50,272 INFO  L188       IsEmptyHeuristic]: Finished isEmptyHeuristic. No accepting run.
[2026-06-06 01:20:50,272 INFO  L182       IsEmptyHeuristic]: Start isEmptyHeuristic. Operand  has 5 states, 3 states have (on average 1.6666666666666667) internal successors, (5), 4 states have internal predecessors, (5), 0 states have call successors, (0), 0 states have call predecessors, (0), 0 states have return successors, (0), 0 states have call predecessors, (0), 0 states have call successors, (0)
[2026-06-06 01:20:50,272 INFO  L188       IsEmptyHeuristic]: Finished isEmptyHeuristic. No accepting run.
[2026-06-06 01:20:50,272 INFO  L182       IsEmptyHeuristic]: Start isEmptyHeuristic. Operand  has 5 states, 3 states have (on average 1.6666666666666667) internal successors, (5), 4 states have internal predecessors, (5), 0 states have call successors, (0), 0 states have call predecessors, (0), 0 states have return successors, (0), 0 states have call predecessors, (0), 0 states have call successors, (0)
[2026-06-06 01:20:50,272 INFO  L188       IsEmptyHeuristic]: Finished isEmptyHeuristic. No accepting run.
[2026-06-06 01:20:50,272 INFO  L182       IsEmptyHeuristic]: Start isEmptyHeuristic. Operand  has 5 states, 3 states have (on average 1.6666666666666667) internal successors, (5), 4 states have internal predecessors, (5), 0 states have call successors, (0), 0 states have call predecessors, (0), 0 states have return successors, (0), 0 states have call predecessors, (0), 0 states have call successors, (0)
[2026-06-06 01:20:50,272 INFO  L188       IsEmptyHeuristic]: Finished isEmptyHeuristic. No accepting run.
[2026-06-06 01:20:50,272 INFO  L182       IsEmptyHeuristic]: Start isEmptyHeuristic. Operand  has 5 states, 3 states have (on average 1.6666666666666667) internal successors, (5), 4 states have internal predecessors, (5), 0 states have call successors, (0), 0 states have call predecessors, (0), 0 states have return successors, (0), 0 states have call predecessors, (0), 0 states have call successors, (0)
[2026-06-06 01:20:50,272 INFO  L188       IsEmptyHeuristic]: Finished isEmptyHeuristic. Found accepting run of length 19
[2026-06-06 01:20:50,272 INFO  L163        IsEmptyParallel]: Finished isEmptyParallel. Found accepting run of length 19
[2026-06-06 01:20:50,272 WARN  L753                IsEmpty]: Correctness of emptinessCheck not tested.
[2026-06-06 01:20:50,272 INFO  L79                 Accepts]: Start accepts. Automaton has  has 5 states, 3 states have (on average 1.6666666666666667) internal successors, (5), 4 states have internal predecessors, (5), 0 states have call successors, (0), 0 states have call predecessors, (0), 0 states have return successors, (0), 0 states have call predecessors, (0), 0 states have call successors, (0) Word has length 18
[2026-06-06 01:20:50,272 INFO  L85                 Accepts]: Finished accepts. word is accepted.
[2026-06-06 01:20:50,273 INFO  L757                IsEmpty]: Finished testing correctness of emptinessCheck
[2026-06-06 01:20:50,273 INFO  L290                IsEmpty]: Start isEmptyParallel. Operand  has 5 states, 3 states have (on average 1.6666666666666667) internal successors, (5), 4 states have internal predecessors, (5), 0 states have call successors, (0), 0 states have call predecessors, (0), 0 states have return successors, (0), 0 states have call predecessors, (0), 0 states have call successors, (0)
[2026-06-06 01:20:50,273 INFO  L300                IsEmpty]: Finished isEmptyParallel. No accepting run.
[2026-06-06 01:20:50,273 INFO  L156        IsEmptyParallel]: Start isEmptyParallel. Operand  has 5 states, 3 states have (on average 1.6666666666666667) internal successors, (5), 4 states have internal predecessors, (5), 0 states have call successors, (0), 0 states have call predecessors, (0), 0 states have return successors, (0), 0 states have call predecessors, (0), 0 states have call successors, (0)
[2026-06-06 01:20:50,273 INFO  L182       IsEmptyHeuristic]: Start isEmptyHeuristic. Operand  has 5 states, 3 states have (on average 1.6666666666666667) internal successors, (5), 4 states have internal predecessors, (5), 0 states have call successors, (0), 0 states have call predecessors, (0), 0 states have return successors, (0), 0 states have call predecessors, (0), 0 states have call successors, (0)
[2026-06-06 01:20:50,273 INFO  L188       IsEmptyHeuristic]: Finished isEmptyHeuristic. No accepting run.
[2026-06-06 01:20:50,273 INFO  L182       IsEmptyHeuristic]: Start isEmptyHeuristic. Operand  has 5 states, 3 states have (on average 1.6666666666666667) internal successors, (5), 4 states have internal predecessors, (5), 0 states have call successors, (0), 0 states have call predecessors, (0), 0 states have return successors, (0), 0 states have call predecessors, (0), 0 states have call successors, (0)
[2026-06-06 01:20:50,273 INFO  L188       IsEmptyHeuristic]: Finished isEmptyHeuristic. No accepting run.
[2026-06-06 01:20:50,273 INFO  L182       IsEmptyHeuristic]: Start isEmptyHeuristic. Operand  has 5 states, 3 states have (on average 1.6666666666666667) internal successors, (5), 4 states have internal predecessors, (5), 0 states have call successors, (0), 0 states have call predecessors, (0), 0 states have return successors, (0), 0 states have call predecessors, (0), 0 states have call successors, (0)
[2026-06-06 01:20:50,273 INFO  L188       IsEmptyHeuristic]: Finished isEmptyHeuristic. No accepting run.
[2026-06-06 01:20:50,273 INFO  L182       IsEmptyHeuristic]: Start isEmptyHeuristic. Operand  has 5 states, 3 states have (on average 1.6666666666666667) internal successors, (5), 4 states have internal predecessors, (5), 0 states have call successors, (0), 0 states have call predecessors, (0), 0 states have return successors, (0), 0 states have call predecessors, (0), 0 states have call successors, (0)
[2026-06-06 01:20:50,273 INFO  L188       IsEmptyHeuristic]: Finished isEmptyHeuristic. No accepting run.
[2026-06-06 01:20:50,273 INFO  L182       IsEmptyHeuristic]: Start isEmptyHeuristic. Operand  has 5 states, 3 states have (on average 1.6666666666666667) internal successors, (5), 4 states have internal predecessors, (5), 0 states have call successors, (0), 0 states have call predecessors, (0), 0 states have return successors, (0), 0 states have call predecessors, (0), 0 states have call successors, (0)
[2026-06-06 01:20:50,273 INFO  L188       IsEmptyHeuristic]: Finished isEmptyHeuristic. No accepting run.
[2026-06-06 01:20:50,273 INFO  L182       IsEmptyHeuristic]: Start isEmptyHeuristic. Operand  has 5 states, 3 states have (on average 1.6666666666666667) internal successors, (5), 4 states have internal predecessors, (5), 0 states have call successors, (0), 0 states have call predecessors, (0), 0 states have return successors, (0), 0 states have call predecessors, (0), 0 states have call successors, (0)
[2026-06-06 01:20:50,273 INFO  L188       IsEmptyHeuristic]: Finished isEmptyHeuristic. No accepting run.
[2026-06-06 01:20:50,273 INFO  L182       IsEmptyHeuristic]: Start isEmptyHeuristic. Operand  has 5 states, 3 states have (on average 1.6666666666666667) internal successors, (5), 4 states have internal predecessors, (5), 0 states have call successors, (0), 0 states have call predecessors, (0), 0 states have return successors, (0), 0 states have call predecessors, (0), 0 states have call successors, (0)
[2026-06-06 01:20:50,273 INFO  L188       IsEmptyHeuristic]: Finished isEmptyHeuristic. No accepting run.
[2026-06-06 01:20:50,273 INFO  L182       IsEmptyHeuristic]: Start isEmptyHeuristic. Operand  has 5 states, 3 states have (on average 1.6666666666666667) internal successors, (5), 4 states have internal predecessors, (5), 0 states have call successors, (0), 0 states have call predecessors, (0), 0 states have return successors, (0), 0 states have call predecessors, (0), 0 states have call successors, (0)
[2026-06-06 01:20:50,274 INFO  L188       IsEmptyHeuristic]: Finished isEmptyHeuristic. No accepting run.
[2026-06-06 01:20:50,274 INFO  L182       IsEmptyHeuristic]: Start isEmptyHeuristic. Operand  has 5 states, 3 states have (on average 1.6666666666666667) internal successors, (5), 4 states have internal predecessors, (5), 0 states have call successors, (0), 0 states have call predecessors, (0), 0 states have return successors, (0), 0 states have call predecessors, (0), 0 states have call successors, (0)
[2026-06-06 01:20:50,274 INFO  L188       IsEmptyHeuristic]: Finished isEmptyHeuristic. No accepting run.
[2026-06-06 01:20:50,274 INFO  L182       IsEmptyHeuristic]: Start isEmptyHeuristic. Operand  has 5 states, 3 states have (on average 1.6666666666666667) internal successors, (5), 4 states have internal predecessors, (5), 0 states have call successors, (0), 0 states have call predecessors, (0), 0 states have return successors, (0), 0 states have call predecessors, (0), 0 states have call successors, (0)
[2026-06-06 01:20:50,274 INFO  L188       IsEmptyHeuristic]: Finished isEmptyHeuristic. No accepting run.
[2026-06-06 01:20:50,274 INFO  L182       IsEmptyHeuristic]: Start isEmptyHeuristic. Operand  has 5 states, 3 states have (on average 1.6666666666666667) internal successors, (5), 4 states have internal predecessors, (5), 0 states have call successors, (0), 0 states have call predecessors, (0), 0 states have return successors, (0), 0 states have call predecessors, (0), 0 states have call successors, (0)
[2026-06-06 01:20:50,274 INFO  L188       IsEmptyHeuristic]: Finished isEmptyHeuristic. No accepting run.
[2026-06-06 01:20:50,274 INFO  L182       IsEmptyHeuristic]: Start isEmptyHeuristic. Operand  has 5 states, 3 states have (on average 1.6666666666666667) internal successors, (5), 4 states have internal predecessors, (5), 0 states have call successors, (0), 0 states have call predecessors, (0), 0 states have return successors, (0), 0 states have call predecessors, (0), 0 states have call successors, (0)
[2026-06-06 01:20:50,274 INFO  L188       IsEmptyHeuristic]: Finished isEmptyHeuristic. No accepting run.
[2026-06-06 01:20:50,274 INFO  L182       IsEmptyHeuristic]: Start isEmptyHeuristic. Operand  has 5 states, 3 states have (on average 1.6666666666666667) internal successors, (5), 4 states have internal predecessors, (5), 0 states have call successors, (0), 0 states have call predecessors, (0), 0 states have return successors, (0), 0 states have call predecessors, (0), 0 states have call successors, (0)
[2026-06-06 01:20:50,274 INFO  L188       IsEmptyHeuristic]: Finished isEmptyHeuristic. No accepting run.
[2026-06-06 01:20:50,274 INFO  L182       IsEmptyHeuristic]: Start isEmptyHeuristic. Operand  has 5 states, 3 states have (on average 1.6666666666666667) internal successors, (5), 4 states have internal predecessors, (5), 0 states have call successors, (0), 0 states have call predecessors, (0), 0 states have return successors, (0), 0 states have call predecessors, (0), 0 states have call successors, (0)
[2026-06-06 01:20:50,274 INFO  L188       IsEmptyHeuristic]: Finished isEmptyHeuristic. No accepting run.
[2026-06-06 01:20:50,274 INFO  L182       IsEmptyHeuristic]: Start isEmptyHeuristic. Operand  has 5 states, 3 states have (on average 1.6666666666666667) internal successors, (5), 4 states have internal predecessors, (5), 0 states have call successors, (0), 0 states have call predecessors, (0), 0 states have return successors, (0), 0 states have call predecessors, (0), 0 states have call successors, (0)
[2026-06-06 01:20:50,274 INFO  L188       IsEmptyHeuristic]: Finished isEmptyHeuristic. No accepting run.
[2026-06-06 01:20:50,275 INFO  L182       IsEmptyHeuristic]: Start isEmptyHeuristic. Operand  has 5 states, 3 states have (on average 1.6666666666666667) internal successors, (5), 4 states have internal predecessors, (5), 0 states have call successors, (0), 0 states have call predecessors, (0), 0 states have return successors, (0), 0 states have call predecessors, (0), 0 states have call successors, (0)
[2026-06-06 01:20:50,275 INFO  L188       IsEmptyHeuristic]: Finished isEmptyHeuristic. No accepting run.
[2026-06-06 01:20:50,275 INFO  L182       IsEmptyHeuristic]: Start isEmptyHeuristic. Operand  has 5 states, 3 states have (on average 1.6666666666666667) internal successors, (5), 4 states have internal predecessors, (5), 0 states have call successors, (0), 0 states have call predecessors, (0), 0 states have return successors, (0), 0 states have call predecessors, (0), 0 states have call successors, (0)
[2026-06-06 01:20:50,275 INFO  L188       IsEmptyHeuristic]: Finished isEmptyHeuristic. Found accepting run of length 22
[2026-06-06 01:20:50,275 INFO  L163        IsEmptyParallel]: Finished isEmptyParallel. Found accepting run of length 22
[2026-06-06 01:20:50,275 WARN  L753                IsEmpty]: Correctness of emptinessCheck not tested.
[2026-06-06 01:20:50,275 INFO  L79                 Accepts]: Start accepts. Automaton has  has 5 states, 3 states have (on average 1.6666666666666667) internal successors, (5), 4 states have internal predecessors, (5), 0 states have call successors, (0), 0 states have call predecessors, (0), 0 states have return successors, (0), 0 states have call predecessors, (0), 0 states have call successors, (0) Word has length 21
[2026-06-06 01:20:50,275 INFO  L85                 Accepts]: Finished accepts. word is accepted.
[2026-06-06 01:20:50,275 INFO  L757                IsEmpty]: Finished testing correctness of emptinessCheck
[2026-06-06 01:20:50,275 INFO  L290                IsEmpty]: Start isEmptyParallel. Operand  has 5 states, 3 states have (on average 1.6666666666666667) internal successors, (5), 4 states have internal predecessors, (5), 0 states have call successors, (0), 0 states have call predecessors, (0), 0 states have return successors, (0), 0 states have call predecessors, (0), 0 states have call successors, (0)
[2026-06-06 01:20:50,275 INFO  L300                IsEmpty]: Finished isEmptyParallel. No accepting run.
[2026-06-06 01:20:50,275 INFO  L156        IsEmptyParallel]: Start isEmptyParallel. Operand  has 5 states, 3 states have (on average 1.6666666666666667) internal successors, (5), 4 states have internal predecessors, (5), 0 states have call successors, (0), 0 states have call predecessors, (0), 0 states have return successors, (0), 0 states have call predecessors, (0), 0 states have call successors, (0)
[2026-06-06 01:20:50,275 INFO  L182       IsEmptyHeuristic]: Start isEmptyHeuristic. Operand  has 5 states, 3 states have (on average 1.6666666666666667) internal successors, (5), 4 states have internal predecessors, (5), 0 states have call successors, (0), 0 states have call predecessors, (0), 0 states have return successors, (0), 0 states have call predecessors, (0), 0 states have call successors, (0)
[2026-06-06 01:20:50,275 INFO  L188       IsEmptyHeuristic]: Finished isEmptyHeuristic. No accepting run.
[2026-06-06 01:20:50,275 INFO  L182       IsEmptyHeuristic]: Start isEmptyHeuristic. Operand  has 5 states, 3 states have (on average 1.6666666666666667) internal successors, (5), 4 states have internal predecessors, (5), 0 states have call successors, (0), 0 states have call predecessors, (0), 0 states have return successors, (0), 0 states have call predecessors, (0), 0 states have call successors, (0)
[2026-06-06 01:20:50,275 INFO  L188       IsEmptyHeuristic]: Finished isEmptyHeuristic. No accepting run.
[2026-06-06 01:20:50,275 INFO  L182       IsEmptyHeuristic]: Start isEmptyHeuristic. Operand  has 5 states, 3 states have (on average 1.6666666666666667) internal successors, (5), 4 states have internal predecessors, (5), 0 states have call successors, (0), 0 states have call predecessors, (0), 0 states have return successors, (0), 0 states have call predecessors, (0), 0 states have call successors, (0)
[2026-06-06 01:20:50,275 INFO  L188       IsEmptyHeuristic]: Finished isEmptyHeuristic. No accepting run.
[2026-06-06 01:20:50,275 INFO  L182       IsEmptyHeuristic]: Start isEmptyHeuristic. Operand  has 5 states, 3 states have (on average 1.6666666666666667) internal successors, (5), 4 states have internal predecessors, (5), 0 states have call successors, (0), 0 states have call predecessors, (0), 0 states have return successors, (0), 0 states have call predecessors, (0), 0 states have call successors, (0)
[2026-06-06 01:20:50,275 INFO  L188       IsEmptyHeuristic]: Finished isEmptyHeuristic. No accepting run.
[2026-06-06 01:20:50,275 INFO  L182       IsEmptyHeuristic]: Start isEmptyHeuristic. Operand  has 5 states, 3 states have (on average 1.6666666666666667) internal successors, (5), 4 states have internal predecessors, (5), 0 states have call successors, (0), 0 states have call predecessors, (0), 0 states have return successors, (0), 0 states have call predecessors, (0), 0 states have call successors, (0)
[2026-06-06 01:20:50,275 INFO  L188       IsEmptyHeuristic]: Finished isEmptyHeuristic. No accepting run.
[2026-06-06 01:20:50,276 INFO  L182       IsEmptyHeuristic]: Start isEmptyHeuristic. Operand  has 5 states, 3 states have (on average 1.6666666666666667) internal successors, (5), 4 states have internal predecessors, (5), 0 states have call successors, (0), 0 states have call predecessors, (0), 0 states have return successors, (0), 0 states have call predecessors, (0), 0 states have call successors, (0)
[2026-06-06 01:20:50,276 INFO  L188       IsEmptyHeuristic]: Finished isEmptyHeuristic. No accepting run.
[2026-06-06 01:20:50,276 INFO  L182       IsEmptyHeuristic]: Start isEmptyHeuristic. Operand  has 5 states, 3 states have (on average 1.6666666666666667) internal successors, (5), 4 states have internal predecessors, (5), 0 states have call successors, (0), 0 states have call predecessors, (0), 0 states have return successors, (0), 0 states have call predecessors, (0), 0 states have call successors, (0)
[2026-06-06 01:20:50,276 INFO  L188       IsEmptyHeuristic]: Finished isEmptyHeuristic. No accepting run.
[2026-06-06 01:20:50,276 INFO  L182       IsEmptyHeuristic]: Start isEmptyHeuristic. Operand  has 5 states, 3 states have (on average 1.6666666666666667) internal successors, (5), 4 states have internal predecessors, (5), 0 states have call successors, (0), 0 states have call predecessors, (0), 0 states have return successors, (0), 0 states have call predecessors, (0), 0 states have call successors, (0)
[2026-06-06 01:20:50,276 INFO  L188       IsEmptyHeuristic]: Finished isEmptyHeuristic. No accepting run.
[2026-06-06 01:20:50,276 INFO  L182       IsEmptyHeuristic]: Start isEmptyHeuristic. Operand  has 5 states, 3 states have (on average 1.6666666666666667) internal successors, (5), 4 states have internal predecessors, (5), 0 states have call successors, (0), 0 states have call predecessors, (0), 0 states have return successors, (0), 0 states have call predecessors, (0), 0 states have call successors, (0)
[2026-06-06 01:20:50,276 INFO  L188       IsEmptyHeuristic]: Finished isEmptyHeuristic. No accepting run.
[2026-06-06 01:20:50,276 INFO  L182       IsEmptyHeuristic]: Start isEmptyHeuristic. Operand  has 5 states, 3 states have (on average 1.6666666666666667) internal successors, (5), 4 states have internal predecessors, (5), 0 states have call successors, (0), 0 states have call predecessors, (0), 0 states have return successors, (0), 0 states have call predecessors, (0), 0 states have call successors, (0)
[2026-06-06 01:20:50,276 INFO  L188       IsEmptyHeuristic]: Finished isEmptyHeuristic. No accepting run.
[2026-06-06 01:20:50,276 INFO  L182       IsEmptyHeuristic]: Start isEmptyHeuristic. Operand  has 5 states, 3 states have (on average 1.6666666666666667) internal successors, (5), 4 states have internal predecessors, (5), 0 states have call successors, (0), 0 states have call predecessors, (0), 0 states have return successors, (0), 0 states have call predecessors, (0), 0 states have call successors, (0)
[2026-06-06 01:20:50,276 INFO  L188       IsEmptyHeuristic]: Finished isEmptyHeuristic. No accepting run.
[2026-06-06 01:20:50,276 INFO  L182       IsEmptyHeuristic]: Start isEmptyHeuristic. Operand  has 5 states, 3 states have (on average 1.6666666666666667) internal successors, (5), 4 states have internal predecessors, (5), 0 states have call successors, (0), 0 states have call predecessors, (0), 0 states have return successors, (0), 0 states have call predecessors, (0), 0 states have call successors, (0)
[2026-06-06 01:20:50,276 INFO  L188       IsEmptyHeuristic]: Finished isEmptyHeuristic. No accepting run.
[2026-06-06 01:20:50,276 INFO  L182       IsEmptyHeuristic]: Start isEmptyHeuristic. Operand  has 5 states, 3 states have (on average 1.6666666666666667) internal successors, (5), 4 states have internal predecessors, (5), 0 states have call successors, (0), 0 states have call predecessors, (0), 0 states have return successors, (0), 0 states have call predecessors, (0), 0 states have call successors, (0)
[2026-06-06 01:20:50,276 INFO  L188       IsEmptyHeuristic]: Finished isEmptyHeuristic. No accepting run.
[2026-06-06 01:20:50,276 INFO  L182       IsEmptyHeuristic]: Start isEmptyHeuristic. Operand  has 5 states, 3 states have (on average 1.6666666666666667) internal successors, (5), 4 states have internal predecessors, (5), 0 states have call successors, (0), 0 states have call predecessors, (0), 0 states have return successors, (0), 0 states have call predecessors, (0), 0 states have call successors, (0)
[2026-06-06 01:20:50,277 INFO  L188       IsEmptyHeuristic]: Finished isEmptyHeuristic. No accepting run.
[2026-06-06 01:20:50,277 INFO  L182       IsEmptyHeuristic]: Start isEmptyHeuristic. Operand  has 5 states, 3 states have (on average 1.6666666666666667) internal successors, (5), 4 states have internal predecessors, (5), 0 states have call successors, (0), 0 states have call predecessors, (0), 0 states have return successors, (0), 0 states have call predecessors, (0), 0 states have call successors, (0)
[2026-06-06 01:20:50,277 INFO  L188       IsEmptyHeuristic]: Finished isEmptyHeuristic. No accepting run.
[2026-06-06 01:20:50,277 INFO  L182       IsEmptyHeuristic]: Start isEmptyHeuristic. Operand  has 5 states, 3 states have (on average 1.6666666666666667) internal successors, (5), 4 states have internal predecessors, (5), 0 states have call successors, (0), 0 states have call predecessors, (0), 0 states have return successors, (0), 0 states have call predecessors, (0), 0 states have call successors, (0)
[2026-06-06 01:20:50,277 INFO  L188       IsEmptyHeuristic]: Finished isEmptyHeuristic. No accepting run.
[2026-06-06 01:20:50,277 INFO  L182       IsEmptyHeuristic]: Start isEmptyHeuristic. Operand  has 5 states, 3 states have (on average 1.6666666666666667) internal successors, (5), 4 states have internal predecessors, (5), 0 states have call successors, (0), 0 states have call predecessors, (0), 0 states have return successors, (0), 0 states have call predecessors, (0), 0 states have call successors, (0)
[2026-06-06 01:20:50,277 INFO  L188       IsEmptyHeuristic]: Finished isEmptyHeuristic. No accepting run.
[2026-06-06 01:20:50,277 INFO  L182       IsEmptyHeuristic]: Start isEmptyHeuristic. Operand  has 5 states, 3 states have (on average 1.6666666666666667) internal successors, (5), 4 states have internal predecessors, (5), 0 states have call successors, (0), 0 states have call predecessors, (0), 0 states have return successors, (0), 0 states have call predecessors, (0), 0 states have call successors, (0)
[2026-06-06 01:20:50,277 INFO  L188       IsEmptyHeuristic]: Finished isEmptyHeuristic. Found accepting run of length 21
[2026-06-06 01:20:50,277 INFO  L163        IsEmptyParallel]: Finished isEmptyParallel. Found accepting run of length 21
[2026-06-06 01:20:50,277 WARN  L753                IsEmpty]: Correctness of emptinessCheck not tested.
[2026-06-06 01:20:50,277 INFO  L79                 Accepts]: Start accepts. Automaton has  has 5 states, 3 states have (on average 1.6666666666666667) internal successors, (5), 4 states have internal predecessors, (5), 0 states have call successors, (0), 0 states have call predecessors, (0), 0 states have return successors, (0), 0 states have call predecessors, (0), 0 states have call successors, (0) Word has length 20
[2026-06-06 01:20:50,277 INFO  L85                 Accepts]: Finished accepts. word is accepted.
[2026-06-06 01:20:50,277 INFO  L757                IsEmpty]: Finished testing correctness of emptinessCheck
[2026-06-06 01:20:50,278 INFO  L290                IsEmpty]: Start isEmptyParallel. Operand  has 5 states, 3 states have (on average 1.6666666666666667) internal successors, (5), 4 states have internal predecessors, (5), 0 states have call successors, (0), 0 states have call predecessors, (0), 0 states have return successors, (0), 0 states have call predecessors, (0), 0 states have call successors, (0)
[2026-06-06 01:20:50,278 INFO  L300                IsEmpty]: Finished isEmptyParallel. No accepting run.
[2026-06-06 01:20:50,278 INFO  L156        IsEmptyParallel]: Start isEmptyParallel. Operand  has 5 states, 3 states have (on average 1.6666666666666667) internal successors, (5), 4 states have internal predecessors, (5), 0 states have call successors, (0), 0 states have call predecessors, (0), 0 states have return successors, (0), 0 states have call predecessors, (0), 0 states have call successors, (0)
[2026-06-06 01:20:50,278 INFO  L182       IsEmptyHeuristic]: Start isEmptyHeuristic. Operand  has 5 states, 3 states have (on average 1.6666666666666667) internal successors, (5), 4 states have internal predecessors, (5), 0 states have call successors, (0), 0 states have call predecessors, (0), 0 states have return successors, (0), 0 states have call predecessors, (0), 0 states have call successors, (0)
[2026-06-06 01:20:50,278 INFO  L188       IsEmptyHeuristic]: Finished isEmptyHeuristic. No accepting run.
[2026-06-06 01:20:50,278 INFO  L182       IsEmptyHeuristic]: Start isEmptyHeuristic. Operand  has 5 states, 3 states have (on average 1.6666666666666667) internal successors, (5), 4 states have internal predecessors, (5), 0 states have call successors, (0), 0 states have call predecessors, (0), 0 states have return successors, (0), 0 states have call predecessors, (0), 0 states have call successors, (0)
[2026-06-06 01:20:50,278 INFO  L188       IsEmptyHeuristic]: Finished isEmptyHeuristic. No accepting run.
[2026-06-06 01:20:50,278 INFO  L182       IsEmptyHeuristic]: Start isEmptyHeuristic. Operand  has 5 states, 3 states have (on average 1.6666666666666667) internal successors, (5), 4 states have internal predecessors, (5), 0 states have call successors, (0), 0 states have call predecessors, (0), 0 states have return successors, (0), 0 states have call predecessors, (0), 0 states have call successors, (0)
[2026-06-06 01:20:50,278 INFO  L188       IsEmptyHeuristic]: Finished isEmptyHeuristic. No accepting run.
[2026-06-06 01:20:50,278 INFO  L182       IsEmptyHeuristic]: Start isEmptyHeuristic. Operand  has 5 states, 3 states have (on average 1.6666666666666667) internal successors, (5), 4 states have internal predecessors, (5), 0 states have call successors, (0), 0 states have call predecessors, (0), 0 states have return successors, (0), 0 states have call predecessors, (0), 0 states have call successors, (0)
[2026-06-06 01:20:50,278 INFO  L188       IsEmptyHeuristic]: Finished isEmptyHeuristic. No accepting run.
[2026-06-06 01:20:50,278 INFO  L182       IsEmptyHeuristic]: Start isEmptyHeuristic. Operand  has 5 states, 3 states have (on average 1.6666666666666667) internal successors, (5), 4 states have internal predecessors, (5), 0 states have call successors, (0), 0 states have call predecessors, (0), 0 states have return successors, (0), 0 states have call predecessors, (0), 0 states have call successors, (0)
[2026-06-06 01:20:50,278 INFO  L188       IsEmptyHeuristic]: Finished isEmptyHeuristic. No accepting run.
[2026-06-06 01:20:50,278 INFO  L182       IsEmptyHeuristic]: Start isEmptyHeuristic. Operand  has 5 states, 3 states have (on average 1.6666666666666667) internal successors, (5), 4 states have internal predecessors, (5), 0 states have call successors, (0), 0 states have call predecessors, (0), 0 states have return successors, (0), 0 states have call predecessors, (0), 0 states have call successors, (0)
[2026-06-06 01:20:50,278 INFO  L188       IsEmptyHeuristic]: Finished isEmptyHeuristic. No accepting run.
[2026-06-06 01:20:50,278 INFO  L182       IsEmptyHeuristic]: Start isEmptyHeuristic. Operand  has 5 states, 3 states have (on average 1.6666666666666667) internal successors, (5), 4 states have internal predecessors, (5), 0 states have call successors, (0), 0 states have call predecessors, (0), 0 states have return successors, (0), 0 states have call predecessors, (0), 0 states have call successors, (0)
[2026-06-06 01:20:50,278 INFO  L188       IsEmptyHeuristic]: Finished isEmptyHeuristic. No accepting run.
[2026-06-06 01:20:50,278 INFO  L182       IsEmptyHeuristic]: Start isEmptyHeuristic. Operand  has 5 states, 3 states have (on average 1.6666666666666667) internal successors, (5), 4 states have internal predecessors, (5), 0 states have call successors, (0), 0 states have call predecessors, (0), 0 states have return successors, (0), 0 states have call predecessors, (0), 0 states have call successors, (0)
[2026-06-06 01:20:50,279 INFO  L188       IsEmptyHeuristic]: Finished isEmptyHeuristic. No accepting run.
[2026-06-06 01:20:50,279 INFO  L182       IsEmptyHeuristic]: Start isEmptyHeuristic. Operand  has 5 states, 3 states have (on average 1.6666666666666667) internal successors, (5), 4 states have internal predecessors, (5), 0 states have call successors, (0), 0 states have call predecessors, (0), 0 states have return successors, (0), 0 states have call predecessors, (0), 0 states have call successors, (0)
[2026-06-06 01:20:50,279 INFO  L188       IsEmptyHeuristic]: Finished isEmptyHeuristic. No accepting run.
[2026-06-06 01:20:50,279 INFO  L182       IsEmptyHeuristic]: Start isEmptyHeuristic. Operand  has 5 states, 3 states have (on average 1.6666666666666667) internal successors, (5), 4 states have internal predecessors, (5), 0 states have call successors, (0), 0 states have call predecessors, (0), 0 states have return successors, (0), 0 states have call predecessors, (0), 0 states have call successors, (0)
[2026-06-06 01:20:50,279 INFO  L188       IsEmptyHeuristic]: Finished isEmptyHeuristic. No accepting run.
[2026-06-06 01:20:50,279 INFO  L182       IsEmptyHeuristic]: Start isEmptyHeuristic. Operand  has 5 states, 3 states have (on average 1.6666666666666667) internal successors, (5), 4 states have internal predecessors, (5), 0 states have call successors, (0), 0 states have call predecessors, (0), 0 states have return successors, (0), 0 states have call predecessors, (0), 0 states have call successors, (0)
[2026-06-06 01:20:50,279 INFO  L108    AnnotateAndAsserter]: Assert order NOT_INCREMENTALLY partitioned 3 statements into 1 equivalence classes.
[2026-06-06 01:20:50,279 INFO  L188       IsEmptyHeuristic]: Finished isEmptyHeuristic. No accepting run.
[2026-06-06 01:20:50,279 INFO  L182       IsEmptyHeuristic]: Start isEmptyHeuristic. Operand  has 5 states, 3 states have (on average 1.6666666666666667) internal successors, (5), 4 states have internal predecessors, (5), 0 states have call successors, (0), 0 states have call predecessors, (0), 0 states have return successors, (0), 0 states have call predecessors, (0), 0 states have call successors, (0)
[2026-06-06 01:20:50,279 INFO  L188       IsEmptyHeuristic]: Finished isEmptyHeuristic. No accepting run.
[2026-06-06 01:20:50,279 INFO  L182       IsEmptyHeuristic]: Start isEmptyHeuristic. Operand  has 5 states, 3 states have (on average 1.6666666666666667) internal successors, (5), 4 states have internal predecessors, (5), 0 states have call successors, (0), 0 states have call predecessors, (0), 0 states have return successors, (0), 0 states have call predecessors, (0), 0 states have call successors, (0)
[2026-06-06 01:20:50,279 INFO  L188       IsEmptyHeuristic]: Finished isEmptyHeuristic. No accepting run.
[2026-06-06 01:20:50,279 INFO  L182       IsEmptyHeuristic]: Start isEmptyHeuristic. Operand  has 5 states, 3 states have (on average 1.6666666666666667) internal successors, (5), 4 states have internal predecessors, (5), 0 states have call successors, (0), 0 states have call predecessors, (0), 0 states have return successors, (0), 0 states have call predecessors, (0), 0 states have call successors, (0)
[2026-06-06 01:20:50,279 INFO  L188       IsEmptyHeuristic]: Finished isEmptyHeuristic. No accepting run.
[2026-06-06 01:20:50,279 INFO  L182       IsEmptyHeuristic]: Start isEmptyHeuristic. Operand  has 5 states, 3 states have (on average 1.6666666666666667) internal successors, (5), 4 states have internal predecessors, (5), 0 states have call successors, (0), 0 states have call predecessors, (0), 0 states have return successors, (0), 0 states have call predecessors, (0), 0 states have call successors, (0)
[2026-06-06 01:20:50,280 INFO  L188       IsEmptyHeuristic]: Finished isEmptyHeuristic. No accepting run.
[2026-06-06 01:20:50,280 INFO  L182       IsEmptyHeuristic]: Start isEmptyHeuristic. Operand  has 5 states, 3 states have (on average 1.6666666666666667) internal successors, (5), 4 states have internal predecessors, (5), 0 states have call successors, (0), 0 states have call predecessors, (0), 0 states have return successors, (0), 0 states have call predecessors, (0), 0 states have call successors, (0)
[2026-06-06 01:20:50,280 INFO  L188       IsEmptyHeuristic]: Finished isEmptyHeuristic. No accepting run.
[2026-06-06 01:20:50,280 INFO  L182       IsEmptyHeuristic]: Start isEmptyHeuristic. Operand  has 5 states, 3 states have (on average 1.6666666666666667) internal successors, (5), 4 states have internal predecessors, (5), 0 states have call successors, (0), 0 states have call predecessors, (0), 0 states have return successors, (0), 0 states have call predecessors, (0), 0 states have call successors, (0)
[2026-06-06 01:20:50,280 INFO  L188       IsEmptyHeuristic]: Finished isEmptyHeuristic. No accepting run.
[2026-06-06 01:20:50,280 INFO  L182       IsEmptyHeuristic]: Start isEmptyHeuristic. Operand  has 5 states, 3 states have (on average 1.6666666666666667) internal successors, (5), 4 states have internal predecessors, (5), 0 states have call successors, (0), 0 states have call predecessors, (0), 0 states have return successors, (0), 0 states have call predecessors, (0), 0 states have call successors, (0)
[2026-06-06 01:20:50,280 INFO  L188       IsEmptyHeuristic]: Finished isEmptyHeuristic. No accepting run.
[2026-06-06 01:20:50,280 INFO  L182       IsEmptyHeuristic]: Start isEmptyHeuristic. Operand  has 5 states, 3 states have (on average 1.6666666666666667) internal successors, (5), 4 states have internal predecessors, (5), 0 states have call successors, (0), 0 states have call predecessors, (0), 0 states have return successors, (0), 0 states have call predecessors, (0), 0 states have call successors, (0)
[2026-06-06 01:20:50,281 INFO  L188       IsEmptyHeuristic]: Finished isEmptyHeuristic. Found accepting run of length 24
[2026-06-06 01:20:50,281 INFO  L163        IsEmptyParallel]: Finished isEmptyParallel. Found accepting run of length 24
[2026-06-06 01:20:50,281 WARN  L753                IsEmpty]: Correctness of emptinessCheck not tested.
[2026-06-06 01:20:50,281 INFO  L79                 Accepts]: Start accepts. Automaton has  has 5 states, 3 states have (on average 1.6666666666666667) internal successors, (5), 4 states have internal predecessors, (5), 0 states have call successors, (0), 0 states have call predecessors, (0), 0 states have return successors, (0), 0 states have call predecessors, (0), 0 states have call successors, (0) Word has length 23
[2026-06-06 01:20:50,281 INFO  L85                 Accepts]: Finished accepts. word is accepted.
[2026-06-06 01:20:50,281 INFO  L757                IsEmpty]: Finished testing correctness of emptinessCheck
[2026-06-06 01:20:50,281 INFO  L290                IsEmpty]: Start isEmptyParallel. Operand  has 5 states, 3 states have (on average 1.6666666666666667) internal successors, (5), 4 states have internal predecessors, (5), 0 states have call successors, (0), 0 states have call predecessors, (0), 0 states have return successors, (0), 0 states have call predecessors, (0), 0 states have call successors, (0)
[2026-06-06 01:20:50,281 INFO  L300                IsEmpty]: Finished isEmptyParallel. No accepting run.
[2026-06-06 01:20:50,281 INFO  L156        IsEmptyParallel]: Start isEmptyParallel. Operand  has 5 states, 3 states have (on average 1.6666666666666667) internal successors, (5), 4 states have internal predecessors, (5), 0 states have call successors, (0), 0 states have call predecessors, (0), 0 states have return successors, (0), 0 states have call predecessors, (0), 0 states have call successors, (0)
[2026-06-06 01:20:50,281 INFO  L182       IsEmptyHeuristic]: Start isEmptyHeuristic. Operand  has 5 states, 3 states have (on average 1.6666666666666667) internal successors, (5), 4 states have internal predecessors, (5), 0 states have call successors, (0), 0 states have call predecessors, (0), 0 states have return successors, (0), 0 states have call predecessors, (0), 0 states have call successors, (0)
[2026-06-06 01:20:50,281 INFO  L188       IsEmptyHeuristic]: Finished isEmptyHeuristic. No accepting run.
[2026-06-06 01:20:50,281 INFO  L182       IsEmptyHeuristic]: Start isEmptyHeuristic. Operand  has 5 states, 3 states have (on average 1.6666666666666667) internal successors, (5), 4 states have internal predecessors, (5), 0 states have call successors, (0), 0 states have call predecessors, (0), 0 states have return successors, (0), 0 states have call predecessors, (0), 0 states have call successors, (0)
[2026-06-06 01:20:50,281 INFO  L188       IsEmptyHeuristic]: Finished isEmptyHeuristic. No accepting run.
[2026-06-06 01:20:50,281 INFO  L182       IsEmptyHeuristic]: Start isEmptyHeuristic. Operand  has 5 states, 3 states have (on average 1.6666666666666667) internal successors, (5), 4 states have internal predecessors, (5), 0 states have call successors, (0), 0 states have call predecessors, (0), 0 states have return successors, (0), 0 states have call predecessors, (0), 0 states have call successors, (0)
[2026-06-06 01:20:50,281 INFO  L188       IsEmptyHeuristic]: Finished isEmptyHeuristic. No accepting run.
[2026-06-06 01:20:50,281 INFO  L182       IsEmptyHeuristic]: Start isEmptyHeuristic. Operand  has 5 states, 3 states have (on average 1.6666666666666667) internal successors, (5), 4 states have internal predecessors, (5), 0 states have call successors, (0), 0 states have call predecessors, (0), 0 states have return successors, (0), 0 states have call predecessors, (0), 0 states have call successors, (0)
[2026-06-06 01:20:50,281 INFO  L188       IsEmptyHeuristic]: Finished isEmptyHeuristic. No accepting run.
[2026-06-06 01:20:50,281 INFO  L182       IsEmptyHeuristic]: Start isEmptyHeuristic. Operand  has 5 states, 3 states have (on average 1.6666666666666667) internal successors, (5), 4 states have internal predecessors, (5), 0 states have call successors, (0), 0 states have call predecessors, (0), 0 states have return successors, (0), 0 states have call predecessors, (0), 0 states have call successors, (0)
[2026-06-06 01:20:50,281 INFO  L188       IsEmptyHeuristic]: Finished isEmptyHeuristic. No accepting run.
[2026-06-06 01:20:50,282 INFO  L182       IsEmptyHeuristic]: Start isEmptyHeuristic. Operand  has 5 states, 3 states have (on average 1.6666666666666667) internal successors, (5), 4 states have internal predecessors, (5), 0 states have call successors, (0), 0 states have call predecessors, (0), 0 states have return successors, (0), 0 states have call predecessors, (0), 0 states have call successors, (0)
[2026-06-06 01:20:50,282 INFO  L188       IsEmptyHeuristic]: Finished isEmptyHeuristic. No accepting run.
[2026-06-06 01:20:50,282 INFO  L182       IsEmptyHeuristic]: Start isEmptyHeuristic. Operand  has 5 states, 3 states have (on average 1.6666666666666667) internal successors, (5), 4 states have internal predecessors, (5), 0 states have call successors, (0), 0 states have call predecessors, (0), 0 states have return successors, (0), 0 states have call predecessors, (0), 0 states have call successors, (0)
[2026-06-06 01:20:50,282 INFO  L188       IsEmptyHeuristic]: Finished isEmptyHeuristic. No accepting run.
[2026-06-06 01:20:50,282 INFO  L182       IsEmptyHeuristic]: Start isEmptyHeuristic. Operand  has 5 states, 3 states have (on average 1.6666666666666667) internal successors, (5), 4 states have internal predecessors, (5), 0 states have call successors, (0), 0 states have call predecessors, (0), 0 states have return successors, (0), 0 states have call predecessors, (0), 0 states have call successors, (0)
[2026-06-06 01:20:50,282 INFO  L188       IsEmptyHeuristic]: Finished isEmptyHeuristic. No accepting run.
[2026-06-06 01:20:50,282 INFO  L182       IsEmptyHeuristic]: Start isEmptyHeuristic. Operand  has 5 states, 3 states have (on average 1.6666666666666667) internal successors, (5), 4 states have internal predecessors, (5), 0 states have call successors, (0), 0 states have call predecessors, (0), 0 states have return successors, (0), 0 states have call predecessors, (0), 0 states have call successors, (0)
[2026-06-06 01:20:50,282 INFO  L188       IsEmptyHeuristic]: Finished isEmptyHeuristic. No accepting run.
[2026-06-06 01:20:50,282 INFO  L182       IsEmptyHeuristic]: Start isEmptyHeuristic. Operand  has 5 states, 3 states have (on average 1.6666666666666667) internal successors, (5), 4 states have internal predecessors, (5), 0 states have call successors, (0), 0 states have call predecessors, (0), 0 states have return successors, (0), 0 states have call predecessors, (0), 0 states have call successors, (0)
[2026-06-06 01:20:50,282 INFO  L188       IsEmptyHeuristic]: Finished isEmptyHeuristic. No accepting run.
[2026-06-06 01:20:50,282 INFO  L182       IsEmptyHeuristic]: Start isEmptyHeuristic. Operand  has 5 states, 3 states have (on average 1.6666666666666667) internal successors, (5), 4 states have internal predecessors, (5), 0 states have call successors, (0), 0 states have call predecessors, (0), 0 states have return successors, (0), 0 states have call predecessors, (0), 0 states have call successors, (0)
[2026-06-06 01:20:50,282 INFO  L188       IsEmptyHeuristic]: Finished isEmptyHeuristic. No accepting run.
[2026-06-06 01:20:50,282 INFO  L182       IsEmptyHeuristic]: Start isEmptyHeuristic. Operand  has 5 states, 3 states have (on average 1.6666666666666667) internal successors, (5), 4 states have internal predecessors, (5), 0 states have call successors, (0), 0 states have call predecessors, (0), 0 states have return successors, (0), 0 states have call predecessors, (0), 0 states have call successors, (0)
[2026-06-06 01:20:50,282 INFO  L188       IsEmptyHeuristic]: Finished isEmptyHeuristic. No accepting run.
[2026-06-06 01:20:50,282 INFO  L182       IsEmptyHeuristic]: Start isEmptyHeuristic. Operand  has 5 states, 3 states have (on average 1.6666666666666667) internal successors, (5), 4 states have internal predecessors, (5), 0 states have call successors, (0), 0 states have call predecessors, (0), 0 states have return successors, (0), 0 states have call predecessors, (0), 0 states have call successors, (0)
[2026-06-06 01:20:50,283 INFO  L188       IsEmptyHeuristic]: Finished isEmptyHeuristic. No accepting run.
[2026-06-06 01:20:50,283 INFO  L182       IsEmptyHeuristic]: Start isEmptyHeuristic. Operand  has 5 states, 3 states have (on average 1.6666666666666667) internal successors, (5), 4 states have internal predecessors, (5), 0 states have call successors, (0), 0 states have call predecessors, (0), 0 states have return successors, (0), 0 states have call predecessors, (0), 0 states have call successors, (0)
[2026-06-06 01:20:50,283 INFO  L188       IsEmptyHeuristic]: Finished isEmptyHeuristic. No accepting run.
[2026-06-06 01:20:50,283 INFO  L182       IsEmptyHeuristic]: Start isEmptyHeuristic. Operand  has 5 states, 3 states have (on average 1.6666666666666667) internal successors, (5), 4 states have internal predecessors, (5), 0 states have call successors, (0), 0 states have call predecessors, (0), 0 states have return successors, (0), 0 states have call predecessors, (0), 0 states have call successors, (0)
[2026-06-06 01:20:50,283 INFO  L188       IsEmptyHeuristic]: Finished isEmptyHeuristic. No accepting run.
[2026-06-06 01:20:50,283 INFO  L182       IsEmptyHeuristic]: Start isEmptyHeuristic. Operand  has 5 states, 3 states have (on average 1.6666666666666667) internal successors, (5), 4 states have internal predecessors, (5), 0 states have call successors, (0), 0 states have call predecessors, (0), 0 states have return successors, (0), 0 states have call predecessors, (0), 0 states have call successors, (0)
[2026-06-06 01:20:50,283 INFO  L188       IsEmptyHeuristic]: Finished isEmptyHeuristic. No accepting run.
[2026-06-06 01:20:50,283 INFO  L182       IsEmptyHeuristic]: Start isEmptyHeuristic. Operand  has 5 states, 3 states have (on average 1.6666666666666667) internal successors, (5), 4 states have internal predecessors, (5), 0 states have call successors, (0), 0 states have call predecessors, (0), 0 states have return successors, (0), 0 states have call predecessors, (0), 0 states have call successors, (0)
[2026-06-06 01:20:50,283 INFO  L188       IsEmptyHeuristic]: Finished isEmptyHeuristic. No accepting run.
[2026-06-06 01:20:50,283 INFO  L182       IsEmptyHeuristic]: Start isEmptyHeuristic. Operand  has 5 states, 3 states have (on average 1.6666666666666667) internal successors, (5), 4 states have internal predecessors, (5), 0 states have call successors, (0), 0 states have call predecessors, (0), 0 states have return successors, (0), 0 states have call predecessors, (0), 0 states have call successors, (0)
[2026-06-06 01:20:50,283 INFO  L188       IsEmptyHeuristic]: Finished isEmptyHeuristic. No accepting run.
[2026-06-06 01:20:50,283 INFO  L182       IsEmptyHeuristic]: Start isEmptyHeuristic. Operand  has 5 states, 3 states have (on average 1.6666666666666667) internal successors, (5), 4 states have internal predecessors, (5), 0 states have call successors, (0), 0 states have call predecessors, (0), 0 states have return successors, (0), 0 states have call predecessors, (0), 0 states have call successors, (0)
[2026-06-06 01:20:50,283 INFO  L188       IsEmptyHeuristic]: Finished isEmptyHeuristic. No accepting run.
[2026-06-06 01:20:50,283 INFO  L182       IsEmptyHeuristic]: Start isEmptyHeuristic. Operand  has 5 states, 3 states have (on average 1.6666666666666667) internal successors, (5), 4 states have internal predecessors, (5), 0 states have call successors, (0), 0 states have call predecessors, (0), 0 states have return successors, (0), 0 states have call predecessors, (0), 0 states have call successors, (0)
[2026-06-06 01:20:50,283 INFO  L188       IsEmptyHeuristic]: Finished isEmptyHeuristic. Found accepting run of length 23
[2026-06-06 01:20:50,283 INFO  L163        IsEmptyParallel]: Finished isEmptyParallel. Found accepting run of length 23
[2026-06-06 01:20:50,283 WARN  L753                IsEmpty]: Correctness of emptinessCheck not tested.
[2026-06-06 01:20:50,284 INFO  L79                 Accepts]: Start accepts. Automaton has  has 5 states, 3 states have (on average 1.6666666666666667) internal successors, (5), 4 states have internal predecessors, (5), 0 states have call successors, (0), 0 states have call predecessors, (0), 0 states have return successors, (0), 0 states have call predecessors, (0), 0 states have call successors, (0) Word has length 22
[2026-06-06 01:20:50,284 INFO  L85                 Accepts]: Finished accepts. word is accepted.
[2026-06-06 01:20:50,284 INFO  L757                IsEmpty]: Finished testing correctness of emptinessCheck
[2026-06-06 01:20:50,284 INFO  L290                IsEmpty]: Start isEmptyParallel. Operand  has 5 states, 3 states have (on average 1.6666666666666667) internal successors, (5), 4 states have internal predecessors, (5), 0 states have call successors, (0), 0 states have call predecessors, (0), 0 states have return successors, (0), 0 states have call predecessors, (0), 0 states have call successors, (0)
[2026-06-06 01:20:50,284 INFO  L300                IsEmpty]: Finished isEmptyParallel. No accepting run.
[2026-06-06 01:20:50,284 INFO  L156        IsEmptyParallel]: Start isEmptyParallel. Operand  has 5 states, 3 states have (on average 1.6666666666666667) internal successors, (5), 4 states have internal predecessors, (5), 0 states have call successors, (0), 0 states have call predecessors, (0), 0 states have return successors, (0), 0 states have call predecessors, (0), 0 states have call successors, (0)
[2026-06-06 01:20:50,284 INFO  L182       IsEmptyHeuristic]: Start isEmptyHeuristic. Operand  has 5 states, 3 states have (on average 1.6666666666666667) internal successors, (5), 4 states have internal predecessors, (5), 0 states have call successors, (0), 0 states have call predecessors, (0), 0 states have return successors, (0), 0 states have call predecessors, (0), 0 states have call successors, (0)
[2026-06-06 01:20:50,284 INFO  L188       IsEmptyHeuristic]: Finished isEmptyHeuristic. No accepting run.
[2026-06-06 01:20:50,284 INFO  L182       IsEmptyHeuristic]: Start isEmptyHeuristic. Operand  has 5 states, 3 states have (on average 1.6666666666666667) internal successors, (5), 4 states have internal predecessors, (5), 0 states have call successors, (0), 0 states have call predecessors, (0), 0 states have return successors, (0), 0 states have call predecessors, (0), 0 states have call successors, (0)
[2026-06-06 01:20:50,284 INFO  L188       IsEmptyHeuristic]: Finished isEmptyHeuristic. No accepting run.
[2026-06-06 01:20:50,284 INFO  L182       IsEmptyHeuristic]: Start isEmptyHeuristic. Operand  has 5 states, 3 states have (on average 1.6666666666666667) internal successors, (5), 4 states have internal predecessors, (5), 0 states have call successors, (0), 0 states have call predecessors, (0), 0 states have return successors, (0), 0 states have call predecessors, (0), 0 states have call successors, (0)
[2026-06-06 01:20:50,284 INFO  L188       IsEmptyHeuristic]: Finished isEmptyHeuristic. No accepting run.
[2026-06-06 01:20:50,284 INFO  L182       IsEmptyHeuristic]: Start isEmptyHeuristic. Operand  has 5 states, 3 states have (on average 1.6666666666666667) internal successors, (5), 4 states have internal predecessors, (5), 0 states have call successors, (0), 0 states have call predecessors, (0), 0 states have return successors, (0), 0 states have call predecessors, (0), 0 states have call successors, (0)
[2026-06-06 01:20:50,284 INFO  L188       IsEmptyHeuristic]: Finished isEmptyHeuristic. No accepting run.
[2026-06-06 01:20:50,284 INFO  L182       IsEmptyHeuristic]: Start isEmptyHeuristic. Operand  has 5 states, 3 states have (on average 1.6666666666666667) internal successors, (5), 4 states have internal predecessors, (5), 0 states have call successors, (0), 0 states have call predecessors, (0), 0 states have return successors, (0), 0 states have call predecessors, (0), 0 states have call successors, (0)
[2026-06-06 01:20:50,284 INFO  L188       IsEmptyHeuristic]: Finished isEmptyHeuristic. No accepting run.
[2026-06-06 01:20:50,284 INFO  L182       IsEmptyHeuristic]: Start isEmptyHeuristic. Operand  has 5 states, 3 states have (on average 1.6666666666666667) internal successors, (5), 4 states have internal predecessors, (5), 0 states have call successors, (0), 0 states have call predecessors, (0), 0 states have return successors, (0), 0 states have call predecessors, (0), 0 states have call successors, (0)
[2026-06-06 01:20:50,284 INFO  L188       IsEmptyHeuristic]: Finished isEmptyHeuristic. No accepting run.
[2026-06-06 01:20:50,284 INFO  L182       IsEmptyHeuristic]: Start isEmptyHeuristic. Operand  has 5 states, 3 states have (on average 1.6666666666666667) internal successors, (5), 4 states have internal predecessors, (5), 0 states have call successors, (0), 0 states have call predecessors, (0), 0 states have return successors, (0), 0 states have call predecessors, (0), 0 states have call successors, (0)
[2026-06-06 01:20:50,284 INFO  L188       IsEmptyHeuristic]: Finished isEmptyHeuristic. No accepting run.
[2026-06-06 01:20:50,285 INFO  L182       IsEmptyHeuristic]: Start isEmptyHeuristic. Operand  has 5 states, 3 states have (on average 1.6666666666666667) internal successors, (5), 4 states have internal predecessors, (5), 0 states have call successors, (0), 0 states have call predecessors, (0), 0 states have return successors, (0), 0 states have call predecessors, (0), 0 states have call successors, (0)
[2026-06-06 01:20:50,285 INFO  L188       IsEmptyHeuristic]: Finished isEmptyHeuristic. No accepting run.
[2026-06-06 01:20:50,285 INFO  L182       IsEmptyHeuristic]: Start isEmptyHeuristic. Operand  has 5 states, 3 states have (on average 1.6666666666666667) internal successors, (5), 4 states have internal predecessors, (5), 0 states have call successors, (0), 0 states have call predecessors, (0), 0 states have return successors, (0), 0 states have call predecessors, (0), 0 states have call successors, (0)
[2026-06-06 01:20:50,285 INFO  L188       IsEmptyHeuristic]: Finished isEmptyHeuristic. No accepting run.
[2026-06-06 01:20:50,285 INFO  L182       IsEmptyHeuristic]: Start isEmptyHeuristic. Operand  has 5 states, 3 states have (on average 1.6666666666666667) internal successors, (5), 4 states have internal predecessors, (5), 0 states have call successors, (0), 0 states have call predecessors, (0), 0 states have return successors, (0), 0 states have call predecessors, (0), 0 states have call successors, (0)
[2026-06-06 01:20:50,285 INFO  L188       IsEmptyHeuristic]: Finished isEmptyHeuristic. No accepting run.
[2026-06-06 01:20:50,285 INFO  L182       IsEmptyHeuristic]: Start isEmptyHeuristic. Operand  has 5 states, 3 states have (on average 1.6666666666666667) internal successors, (5), 4 states have internal predecessors, (5), 0 states have call successors, (0), 0 states have call predecessors, (0), 0 states have return successors, (0), 0 states have call predecessors, (0), 0 states have call successors, (0)
[2026-06-06 01:20:50,285 INFO  L188       IsEmptyHeuristic]: Finished isEmptyHeuristic. No accepting run.
[2026-06-06 01:20:50,285 INFO  L182       IsEmptyHeuristic]: Start isEmptyHeuristic. Operand  has 5 states, 3 states have (on average 1.6666666666666667) internal successors, (5), 4 states have internal predecessors, (5), 0 states have call successors, (0), 0 states have call predecessors, (0), 0 states have return successors, (0), 0 states have call predecessors, (0), 0 states have call successors, (0)
[2026-06-06 01:20:50,285 INFO  L188       IsEmptyHeuristic]: Finished isEmptyHeuristic. No accepting run.
[2026-06-06 01:20:50,285 INFO  L182       IsEmptyHeuristic]: Start isEmptyHeuristic. Operand  has 5 states, 3 states have (on average 1.6666666666666667) internal successors, (5), 4 states have internal predecessors, (5), 0 states have call successors, (0), 0 states have call predecessors, (0), 0 states have return successors, (0), 0 states have call predecessors, (0), 0 states have call successors, (0)
[2026-06-06 01:20:50,285 INFO  L188       IsEmptyHeuristic]: Finished isEmptyHeuristic. No accepting run.
[2026-06-06 01:20:50,285 INFO  L182       IsEmptyHeuristic]: Start isEmptyHeuristic. Operand  has 5 states, 3 states have (on average 1.6666666666666667) internal successors, (5), 4 states have internal predecessors, (5), 0 states have call successors, (0), 0 states have call predecessors, (0), 0 states have return successors, (0), 0 states have call predecessors, (0), 0 states have call successors, (0)
[2026-06-06 01:20:50,286 INFO  L188       IsEmptyHeuristic]: Finished isEmptyHeuristic. No accepting run.
[2026-06-06 01:20:50,286 INFO  L182       IsEmptyHeuristic]: Start isEmptyHeuristic. Operand  has 5 states, 3 states have (on average 1.6666666666666667) internal successors, (5), 4 states have internal predecessors, (5), 0 states have call successors, (0), 0 states have call predecessors, (0), 0 states have return successors, (0), 0 states have call predecessors, (0), 0 states have call successors, (0)
[2026-06-06 01:20:50,286 INFO  L188       IsEmptyHeuristic]: Finished isEmptyHeuristic. No accepting run.
[2026-06-06 01:20:50,286 INFO  L182       IsEmptyHeuristic]: Start isEmptyHeuristic. Operand  has 5 states, 3 states have (on average 1.6666666666666667) internal successors, (5), 4 states have internal predecessors, (5), 0 states have call successors, (0), 0 states have call predecessors, (0), 0 states have return successors, (0), 0 states have call predecessors, (0), 0 states have call successors, (0)
[2026-06-06 01:20:50,286 INFO  L188       IsEmptyHeuristic]: Finished isEmptyHeuristic. No accepting run.
[2026-06-06 01:20:50,286 INFO  L182       IsEmptyHeuristic]: Start isEmptyHeuristic. Operand  has 5 states, 3 states have (on average 1.6666666666666667) internal successors, (5), 4 states have internal predecessors, (5), 0 states have call successors, (0), 0 states have call predecessors, (0), 0 states have return successors, (0), 0 states have call predecessors, (0), 0 states have call successors, (0)
[2026-06-06 01:20:50,286 INFO  L188       IsEmptyHeuristic]: Finished isEmptyHeuristic. No accepting run.
[2026-06-06 01:20:50,286 INFO  L182       IsEmptyHeuristic]: Start isEmptyHeuristic. Operand  has 5 states, 3 states have (on average 1.6666666666666667) internal successors, (5), 4 states have internal predecessors, (5), 0 states have call successors, (0), 0 states have call predecessors, (0), 0 states have return successors, (0), 0 states have call predecessors, (0), 0 states have call successors, (0)
[2026-06-06 01:20:50,286 INFO  L188       IsEmptyHeuristic]: Finished isEmptyHeuristic. No accepting run.
[2026-06-06 01:20:50,286 INFO  L182       IsEmptyHeuristic]: Start isEmptyHeuristic. Operand  has 5 states, 3 states have (on average 1.6666666666666667) internal successors, (5), 4 states have internal predecessors, (5), 0 states have call successors, (0), 0 states have call predecessors, (0), 0 states have return successors, (0), 0 states have call predecessors, (0), 0 states have call successors, (0)
[2026-06-06 01:20:50,286 INFO  L188       IsEmptyHeuristic]: Finished isEmptyHeuristic. No accepting run.
[2026-06-06 01:20:50,286 INFO  L182       IsEmptyHeuristic]: Start isEmptyHeuristic. Operand  has 5 states, 3 states have (on average 1.6666666666666667) internal successors, (5), 4 states have internal predecessors, (5), 0 states have call successors, (0), 0 states have call predecessors, (0), 0 states have return successors, (0), 0 states have call predecessors, (0), 0 states have call successors, (0)
[2026-06-06 01:20:50,286 INFO  L188       IsEmptyHeuristic]: Finished isEmptyHeuristic. No accepting run.
[2026-06-06 01:20:50,287 INFO  L182       IsEmptyHeuristic]: Start isEmptyHeuristic. Operand  has 5 states, 3 states have (on average 1.6666666666666667) internal successors, (5), 4 states have internal predecessors, (5), 0 states have call successors, (0), 0 states have call predecessors, (0), 0 states have return successors, (0), 0 states have call predecessors, (0), 0 states have call successors, (0)
[2026-06-06 01:20:50,287 INFO  L188       IsEmptyHeuristic]: Finished isEmptyHeuristic. Found accepting run of length 26
[2026-06-06 01:20:50,287 INFO  L163        IsEmptyParallel]: Finished isEmptyParallel. Found accepting run of length 26
[2026-06-06 01:20:50,287 WARN  L753                IsEmpty]: Correctness of emptinessCheck not tested.
[2026-06-06 01:20:50,287 INFO  L79                 Accepts]: Start accepts. Automaton has  has 5 states, 3 states have (on average 1.6666666666666667) internal successors, (5), 4 states have internal predecessors, (5), 0 states have call successors, (0), 0 states have call predecessors, (0), 0 states have return successors, (0), 0 states have call predecessors, (0), 0 states have call successors, (0) Word has length 25
[2026-06-06 01:20:50,287 INFO  L85                 Accepts]: Finished accepts. word is accepted.
[2026-06-06 01:20:50,287 INFO  L757                IsEmpty]: Finished testing correctness of emptinessCheck
[2026-06-06 01:20:50,287 INFO  L290                IsEmpty]: Start isEmptyParallel. Operand  has 5 states, 3 states have (on average 1.6666666666666667) internal successors, (5), 4 states have internal predecessors, (5), 0 states have call successors, (0), 0 states have call predecessors, (0), 0 states have return successors, (0), 0 states have call predecessors, (0), 0 states have call successors, (0)
[2026-06-06 01:20:50,287 INFO  L300                IsEmpty]: Finished isEmptyParallel. No accepting run.
[2026-06-06 01:20:50,287 INFO  L156        IsEmptyParallel]: Start isEmptyParallel. Operand  has 5 states, 3 states have (on average 1.6666666666666667) internal successors, (5), 4 states have internal predecessors, (5), 0 states have call successors, (0), 0 states have call predecessors, (0), 0 states have return successors, (0), 0 states have call predecessors, (0), 0 states have call successors, (0)
[2026-06-06 01:20:50,287 INFO  L182       IsEmptyHeuristic]: Start isEmptyHeuristic. Operand  has 5 states, 3 states have (on average 1.6666666666666667) internal successors, (5), 4 states have internal predecessors, (5), 0 states have call successors, (0), 0 states have call predecessors, (0), 0 states have return successors, (0), 0 states have call predecessors, (0), 0 states have call successors, (0)
[2026-06-06 01:20:50,287 INFO  L188       IsEmptyHeuristic]: Finished isEmptyHeuristic. No accepting run.
[2026-06-06 01:20:50,287 INFO  L182       IsEmptyHeuristic]: Start isEmptyHeuristic. Operand  has 5 states, 3 states have (on average 1.6666666666666667) internal successors, (5), 4 states have internal predecessors, (5), 0 states have call successors, (0), 0 states have call predecessors, (0), 0 states have return successors, (0), 0 states have call predecessors, (0), 0 states have call successors, (0)
[2026-06-06 01:20:50,287 INFO  L111    AnnotateAndAsserter]: Assert order NOT_INCREMENTALLY issued 1 check-sat command(s) and asserted 3 of 3 statements.
[2026-06-06 01:20:50,287 INFO  L188       IsEmptyHeuristic]: Finished isEmptyHeuristic. No accepting run.
[2026-06-06 01:20:50,287 INFO  L182       IsEmptyHeuristic]: Start isEmptyHeuristic. Operand  has 5 states, 3 states have (on average 1.6666666666666667) internal successors, (5), 4 states have internal predecessors, (5), 0 states have call successors, (0), 0 states have call predecessors, (0), 0 states have return successors, (0), 0 states have call predecessors, (0), 0 states have call successors, (0)
[2026-06-06 01:20:50,287 INFO  L114    AnnotateAndAsserter]: Assert order NOT_INCREMENTALLY issued 1 check-sat command(s)
[2026-06-06 01:20:50,287 INFO  L188       IsEmptyHeuristic]: Finished isEmptyHeuristic. No accepting run.
[2026-06-06 01:20:50,287 INFO  L115    AnnotateAndAsserter]: Conjunction of SSA is unsat
[2026-06-06 01:20:50,287 INFO  L182       IsEmptyHeuristic]: Start isEmptyHeuristic. Operand  has 5 states, 3 states have (on average 1.6666666666666667) internal successors, (5), 4 states have internal predecessors, (5), 0 states have call successors, (0), 0 states have call predecessors, (0), 0 states have return successors, (0), 0 states have call predecessors, (0), 0 states have call successors, (0)
[2026-06-06 01:20:50,287 INFO  L188       IsEmptyHeuristic]: Finished isEmptyHeuristic. No accepting run.
[2026-06-06 01:20:50,288 INFO  L182       IsEmptyHeuristic]: Start isEmptyHeuristic. Operand  has 5 states, 3 states have (on average 1.6666666666666667) internal successors, (5), 4 states have internal predecessors, (5), 0 states have call successors, (0), 0 states have call predecessors, (0), 0 states have return successors, (0), 0 states have call predecessors, (0), 0 states have call successors, (0)
[2026-06-06 01:20:50,288 INFO  L188       IsEmptyHeuristic]: Finished isEmptyHeuristic. No accepting run.
[2026-06-06 01:20:50,288 INFO  L182       IsEmptyHeuristic]: Start isEmptyHeuristic. Operand  has 5 states, 3 states have (on average 1.6666666666666667) internal successors, (5), 4 states have internal predecessors, (5), 0 states have call successors, (0), 0 states have call predecessors, (0), 0 states have return successors, (0), 0 states have call predecessors, (0), 0 states have call successors, (0)
[2026-06-06 01:20:50,288 INFO  L188       IsEmptyHeuristic]: Finished isEmptyHeuristic. No accepting run.
[2026-06-06 01:20:50,288 INFO  L182       IsEmptyHeuristic]: Start isEmptyHeuristic. Operand  has 5 states, 3 states have (on average 1.6666666666666667) internal successors, (5), 4 states have internal predecessors, (5), 0 states have call successors, (0), 0 states have call predecessors, (0), 0 states have return successors, (0), 0 states have call predecessors, (0), 0 states have call successors, (0)
[2026-06-06 01:20:50,288 INFO  L188       IsEmptyHeuristic]: Finished isEmptyHeuristic. No accepting run.
[2026-06-06 01:20:50,288 INFO  L182       IsEmptyHeuristic]: Start isEmptyHeuristic. Operand  has 5 states, 3 states have (on average 1.6666666666666667) internal successors, (5), 4 states have internal predecessors, (5), 0 states have call successors, (0), 0 states have call predecessors, (0), 0 states have return successors, (0), 0 states have call predecessors, (0), 0 states have call successors, (0)
[2026-06-06 01:20:50,288 INFO  L188       IsEmptyHeuristic]: Finished isEmptyHeuristic. No accepting run.
[2026-06-06 01:20:50,288 INFO  L182       IsEmptyHeuristic]: Start isEmptyHeuristic. Operand  has 5 states, 3 states have (on average 1.6666666666666667) internal successors, (5), 4 states have internal predecessors, (5), 0 states have call successors, (0), 0 states have call predecessors, (0), 0 states have return successors, (0), 0 states have call predecessors, (0), 0 states have call successors, (0)
[2026-06-06 01:20:50,288 INFO  L188       IsEmptyHeuristic]: Finished isEmptyHeuristic. No accepting run.
[2026-06-06 01:20:50,288 INFO  L182       IsEmptyHeuristic]: Start isEmptyHeuristic. Operand  has 5 states, 3 states have (on average 1.6666666666666667) internal successors, (5), 4 states have internal predecessors, (5), 0 states have call successors, (0), 0 states have call predecessors, (0), 0 states have return successors, (0), 0 states have call predecessors, (0), 0 states have call successors, (0)
[2026-06-06 01:20:50,288 INFO  L188       IsEmptyHeuristic]: Finished isEmptyHeuristic. No accepting run.
[2026-06-06 01:20:50,288 INFO  L182       IsEmptyHeuristic]: Start isEmptyHeuristic. Operand  has 5 states, 3 states have (on average 1.6666666666666667) internal successors, (5), 4 states have internal predecessors, (5), 0 states have call successors, (0), 0 states have call predecessors, (0), 0 states have return successors, (0), 0 states have call predecessors, (0), 0 states have call successors, (0)
[2026-06-06 01:20:50,288 INFO  L188       IsEmptyHeuristic]: Finished isEmptyHeuristic. No accepting run.
[2026-06-06 01:20:50,288 INFO  L182       IsEmptyHeuristic]: Start isEmptyHeuristic. Operand  has 5 states, 3 states have (on average 1.6666666666666667) internal successors, (5), 4 states have internal predecessors, (5), 0 states have call successors, (0), 0 states have call predecessors, (0), 0 states have return successors, (0), 0 states have call predecessors, (0), 0 states have call successors, (0)
[2026-06-06 01:20:50,288 INFO  L188       IsEmptyHeuristic]: Finished isEmptyHeuristic. No accepting run.
[2026-06-06 01:20:50,288 INFO  L182       IsEmptyHeuristic]: Start isEmptyHeuristic. Operand  has 5 states, 3 states have (on average 1.6666666666666667) internal successors, (5), 4 states have internal predecessors, (5), 0 states have call successors, (0), 0 states have call predecessors, (0), 0 states have return successors, (0), 0 states have call predecessors, (0), 0 states have call successors, (0)
[2026-06-06 01:20:50,288 INFO  L188       IsEmptyHeuristic]: Finished isEmptyHeuristic. No accepting run.
[2026-06-06 01:20:50,288 INFO  L182       IsEmptyHeuristic]: Start isEmptyHeuristic. Operand  has 5 states, 3 states have (on average 1.6666666666666667) internal successors, (5), 4 states have internal predecessors, (5), 0 states have call successors, (0), 0 states have call predecessors, (0), 0 states have return successors, (0), 0 states have call predecessors, (0), 0 states have call successors, (0)
[2026-06-06 01:20:50,288 INFO  L188       IsEmptyHeuristic]: Finished isEmptyHeuristic. No accepting run.
[2026-06-06 01:20:50,289 INFO  L182       IsEmptyHeuristic]: Start isEmptyHeuristic. Operand  has 5 states, 3 states have (on average 1.6666666666666667) internal successors, (5), 4 states have internal predecessors, (5), 0 states have call successors, (0), 0 states have call predecessors, (0), 0 states have return successors, (0), 0 states have call predecessors, (0), 0 states have call successors, (0)
[2026-06-06 01:20:50,289 INFO  L188       IsEmptyHeuristic]: Finished isEmptyHeuristic. No accepting run.
[2026-06-06 01:20:50,289 INFO  L182       IsEmptyHeuristic]: Start isEmptyHeuristic. Operand  has 5 states, 3 states have (on average 1.6666666666666667) internal successors, (5), 4 states have internal predecessors, (5), 0 states have call successors, (0), 0 states have call predecessors, (0), 0 states have return successors, (0), 0 states have call predecessors, (0), 0 states have call successors, (0)
[2026-06-06 01:20:50,289 INFO  L188       IsEmptyHeuristic]: Finished isEmptyHeuristic. No accepting run.
[2026-06-06 01:20:50,289 INFO  L182       IsEmptyHeuristic]: Start isEmptyHeuristic. Operand  has 5 states, 3 states have (on average 1.6666666666666667) internal successors, (5), 4 states have internal predecessors, (5), 0 states have call successors, (0), 0 states have call predecessors, (0), 0 states have return successors, (0), 0 states have call predecessors, (0), 0 states have call successors, (0)
[2026-06-06 01:20:50,289 INFO  L188       IsEmptyHeuristic]: Finished isEmptyHeuristic. No accepting run.
[2026-06-06 01:20:50,289 INFO  L182       IsEmptyHeuristic]: Start isEmptyHeuristic. Operand  has 5 states, 3 states have (on average 1.6666666666666667) internal successors, (5), 4 states have internal predecessors, (5), 0 states have call successors, (0), 0 states have call predecessors, (0), 0 states have return successors, (0), 0 states have call predecessors, (0), 0 states have call successors, (0)
[2026-06-06 01:20:50,289 INFO  L188       IsEmptyHeuristic]: Finished isEmptyHeuristic. No accepting run.
[2026-06-06 01:20:50,289 INFO  L182       IsEmptyHeuristic]: Start isEmptyHeuristic. Operand  has 5 states, 3 states have (on average 1.6666666666666667) internal successors, (5), 4 states have internal predecessors, (5), 0 states have call successors, (0), 0 states have call predecessors, (0), 0 states have return successors, (0), 0 states have call predecessors, (0), 0 states have call successors, (0)
[2026-06-06 01:20:50,289 INFO  L188       IsEmptyHeuristic]: Finished isEmptyHeuristic. No accepting run.
[2026-06-06 01:20:50,289 INFO  L182       IsEmptyHeuristic]: Start isEmptyHeuristic. Operand  has 5 states, 3 states have (on average 1.6666666666666667) internal successors, (5), 4 states have internal predecessors, (5), 0 states have call successors, (0), 0 states have call predecessors, (0), 0 states have return successors, (0), 0 states have call predecessors, (0), 0 states have call successors, (0)
[2026-06-06 01:20:50,289 INFO  L188       IsEmptyHeuristic]: Finished isEmptyHeuristic. No accepting run.
[2026-06-06 01:20:50,289 INFO  L182       IsEmptyHeuristic]: Start isEmptyHeuristic. Operand  has 5 states, 3 states have (on average 1.6666666666666667) internal successors, (5), 4 states have internal predecessors, (5), 0 states have call successors, (0), 0 states have call predecessors, (0), 0 states have return successors, (0), 0 states have call predecessors, (0), 0 states have call successors, (0)
[2026-06-06 01:20:50,289 INFO  L188       IsEmptyHeuristic]: Finished isEmptyHeuristic. No accepting run.
[2026-06-06 01:20:50,289 INFO  L182       IsEmptyHeuristic]: Start isEmptyHeuristic. Operand  has 5 states, 3 states have (on average 1.6666666666666667) internal successors, (5), 4 states have internal predecessors, (5), 0 states have call successors, (0), 0 states have call predecessors, (0), 0 states have return successors, (0), 0 states have call predecessors, (0), 0 states have call successors, (0)
[2026-06-06 01:20:50,290 INFO  L188       IsEmptyHeuristic]: Finished isEmptyHeuristic. Found accepting run of length 25
[2026-06-06 01:20:50,290 INFO  L163        IsEmptyParallel]: Finished isEmptyParallel. Found accepting run of length 25
[2026-06-06 01:20:50,290 WARN  L753                IsEmpty]: Correctness of emptinessCheck not tested.
[2026-06-06 01:20:50,290 INFO  L79                 Accepts]: Start accepts. Automaton has  has 5 states, 3 states have (on average 1.6666666666666667) internal successors, (5), 4 states have internal predecessors, (5), 0 states have call successors, (0), 0 states have call predecessors, (0), 0 states have return successors, (0), 0 states have call predecessors, (0), 0 states have call successors, (0) Word has length 24
[2026-06-06 01:20:50,290 INFO  L85                 Accepts]: Finished accepts. word is accepted.
[2026-06-06 01:20:50,290 INFO  L757                IsEmpty]: Finished testing correctness of emptinessCheck
[2026-06-06 01:20:50,290 INFO  L290                IsEmpty]: Start isEmptyParallel. Operand  has 5 states, 3 states have (on average 1.6666666666666667) internal successors, (5), 4 states have internal predecessors, (5), 0 states have call successors, (0), 0 states have call predecessors, (0), 0 states have return successors, (0), 0 states have call predecessors, (0), 0 states have call successors, (0)
[2026-06-06 01:20:50,290 INFO  L300                IsEmpty]: Finished isEmptyParallel. No accepting run.
[2026-06-06 01:20:50,290 INFO  L156        IsEmptyParallel]: Start isEmptyParallel. Operand  has 5 states, 3 states have (on average 1.6666666666666667) internal successors, (5), 4 states have internal predecessors, (5), 0 states have call successors, (0), 0 states have call predecessors, (0), 0 states have return successors, (0), 0 states have call predecessors, (0), 0 states have call successors, (0)
[2026-06-06 01:20:50,290 INFO  L182       IsEmptyHeuristic]: Start isEmptyHeuristic. Operand  has 5 states, 3 states have (on average 1.6666666666666667) internal successors, (5), 4 states have internal predecessors, (5), 0 states have call successors, (0), 0 states have call predecessors, (0), 0 states have return successors, (0), 0 states have call predecessors, (0), 0 states have call successors, (0)
[2026-06-06 01:20:50,290 INFO  L188       IsEmptyHeuristic]: Finished isEmptyHeuristic. No accepting run.
[2026-06-06 01:20:50,290 INFO  L182       IsEmptyHeuristic]: Start isEmptyHeuristic. Operand  has 5 states, 3 states have (on average 1.6666666666666667) internal successors, (5), 4 states have internal predecessors, (5), 0 states have call successors, (0), 0 states have call predecessors, (0), 0 states have return successors, (0), 0 states have call predecessors, (0), 0 states have call successors, (0)
[2026-06-06 01:20:50,290 INFO  L188       IsEmptyHeuristic]: Finished isEmptyHeuristic. No accepting run.
[2026-06-06 01:20:50,290 INFO  L182       IsEmptyHeuristic]: Start isEmptyHeuristic. Operand  has 5 states, 3 states have (on average 1.6666666666666667) internal successors, (5), 4 states have internal predecessors, (5), 0 states have call successors, (0), 0 states have call predecessors, (0), 0 states have return successors, (0), 0 states have call predecessors, (0), 0 states have call successors, (0)
[2026-06-06 01:20:50,290 INFO  L188       IsEmptyHeuristic]: Finished isEmptyHeuristic. No accepting run.
[2026-06-06 01:20:50,290 INFO  L182       IsEmptyHeuristic]: Start isEmptyHeuristic. Operand  has 5 states, 3 states have (on average 1.6666666666666667) internal successors, (5), 4 states have internal predecessors, (5), 0 states have call successors, (0), 0 states have call predecessors, (0), 0 states have return successors, (0), 0 states have call predecessors, (0), 0 states have call successors, (0)
[2026-06-06 01:20:50,290 INFO  L188       IsEmptyHeuristic]: Finished isEmptyHeuristic. No accepting run.
[2026-06-06 01:20:50,290 INFO  L182       IsEmptyHeuristic]: Start isEmptyHeuristic. Operand  has 5 states, 3 states have (on average 1.6666666666666667) internal successors, (5), 4 states have internal predecessors, (5), 0 states have call successors, (0), 0 states have call predecessors, (0), 0 states have return successors, (0), 0 states have call predecessors, (0), 0 states have call successors, (0)
[2026-06-06 01:20:50,290 INFO  L188       IsEmptyHeuristic]: Finished isEmptyHeuristic. No accepting run.
[2026-06-06 01:20:50,290 INFO  L182       IsEmptyHeuristic]: Start isEmptyHeuristic. Operand  has 5 states, 3 states have (on average 1.6666666666666667) internal successors, (5), 4 states have internal predecessors, (5), 0 states have call successors, (0), 0 states have call predecessors, (0), 0 states have return successors, (0), 0 states have call predecessors, (0), 0 states have call successors, (0)
[2026-06-06 01:20:50,290 INFO  L188       IsEmptyHeuristic]: Finished isEmptyHeuristic. No accepting run.
[2026-06-06 01:20:50,290 INFO  L182       IsEmptyHeuristic]: Start isEmptyHeuristic. Operand  has 5 states, 3 states have (on average 1.6666666666666667) internal successors, (5), 4 states have internal predecessors, (5), 0 states have call successors, (0), 0 states have call predecessors, (0), 0 states have return successors, (0), 0 states have call predecessors, (0), 0 states have call successors, (0)
[2026-06-06 01:20:50,290 INFO  L188       IsEmptyHeuristic]: Finished isEmptyHeuristic. No accepting run.
[2026-06-06 01:20:50,291 INFO  L182       IsEmptyHeuristic]: Start isEmptyHeuristic. Operand  has 5 states, 3 states have (on average 1.6666666666666667) internal successors, (5), 4 states have internal predecessors, (5), 0 states have call successors, (0), 0 states have call predecessors, (0), 0 states have return successors, (0), 0 states have call predecessors, (0), 0 states have call successors, (0)
[2026-06-06 01:20:50,291 INFO  L188       IsEmptyHeuristic]: Finished isEmptyHeuristic. No accepting run.
[2026-06-06 01:20:50,291 INFO  L182       IsEmptyHeuristic]: Start isEmptyHeuristic. Operand  has 5 states, 3 states have (on average 1.6666666666666667) internal successors, (5), 4 states have internal predecessors, (5), 0 states have call successors, (0), 0 states have call predecessors, (0), 0 states have return successors, (0), 0 states have call predecessors, (0), 0 states have call successors, (0)
[2026-06-06 01:20:50,291 INFO  L188       IsEmptyHeuristic]: Finished isEmptyHeuristic. No accepting run.
[2026-06-06 01:20:50,291 INFO  L182       IsEmptyHeuristic]: Start isEmptyHeuristic. Operand  has 5 states, 3 states have (on average 1.6666666666666667) internal successors, (5), 4 states have internal predecessors, (5), 0 states have call successors, (0), 0 states have call predecessors, (0), 0 states have return successors, (0), 0 states have call predecessors, (0), 0 states have call successors, (0)
[2026-06-06 01:20:50,291 INFO  L188       IsEmptyHeuristic]: Finished isEmptyHeuristic. No accepting run.
[2026-06-06 01:20:50,291 INFO  L182       IsEmptyHeuristic]: Start isEmptyHeuristic. Operand  has 5 states, 3 states have (on average 1.6666666666666667) internal successors, (5), 4 states have internal predecessors, (5), 0 states have call successors, (0), 0 states have call predecessors, (0), 0 states have return successors, (0), 0 states have call predecessors, (0), 0 states have call successors, (0)
[2026-06-06 01:20:50,291 INFO  L188       IsEmptyHeuristic]: Finished isEmptyHeuristic. No accepting run.
[2026-06-06 01:20:50,291 INFO  L182       IsEmptyHeuristic]: Start isEmptyHeuristic. Operand  has 5 states, 3 states have (on average 1.6666666666666667) internal successors, (5), 4 states have internal predecessors, (5), 0 states have call successors, (0), 0 states have call predecessors, (0), 0 states have return successors, (0), 0 states have call predecessors, (0), 0 states have call successors, (0)
[2026-06-06 01:20:50,291 INFO  L188       IsEmptyHeuristic]: Finished isEmptyHeuristic. No accepting run.
[2026-06-06 01:20:50,291 INFO  L182       IsEmptyHeuristic]: Start isEmptyHeuristic. Operand  has 5 states, 3 states have (on average 1.6666666666666667) internal successors, (5), 4 states have internal predecessors, (5), 0 states have call successors, (0), 0 states have call predecessors, (0), 0 states have return successors, (0), 0 states have call predecessors, (0), 0 states have call successors, (0)
[2026-06-06 01:20:50,291 INFO  L188       IsEmptyHeuristic]: Finished isEmptyHeuristic. No accepting run.
[2026-06-06 01:20:50,291 INFO  L182       IsEmptyHeuristic]: Start isEmptyHeuristic. Operand  has 5 states, 3 states have (on average 1.6666666666666667) internal successors, (5), 4 states have internal predecessors, (5), 0 states have call successors, (0), 0 states have call predecessors, (0), 0 states have return successors, (0), 0 states have call predecessors, (0), 0 states have call successors, (0)
[2026-06-06 01:20:50,291 INFO  L188       IsEmptyHeuristic]: Finished isEmptyHeuristic. No accepting run.
[2026-06-06 01:20:50,291 INFO  L182       IsEmptyHeuristic]: Start isEmptyHeuristic. Operand  has 5 states, 3 states have (on average 1.6666666666666667) internal successors, (5), 4 states have internal predecessors, (5), 0 states have call successors, (0), 0 states have call predecessors, (0), 0 states have return successors, (0), 0 states have call predecessors, (0), 0 states have call successors, (0)
[2026-06-06 01:20:50,291 INFO  L188       IsEmptyHeuristic]: Finished isEmptyHeuristic. No accepting run.
[2026-06-06 01:20:50,291 INFO  L182       IsEmptyHeuristic]: Start isEmptyHeuristic. Operand  has 5 states, 3 states have (on average 1.6666666666666667) internal successors, (5), 4 states have internal predecessors, (5), 0 states have call successors, (0), 0 states have call predecessors, (0), 0 states have return successors, (0), 0 states have call predecessors, (0), 0 states have call successors, (0)
[2026-06-06 01:20:50,291 INFO  L188       IsEmptyHeuristic]: Finished isEmptyHeuristic. No accepting run.
[2026-06-06 01:20:50,291 INFO  L182       IsEmptyHeuristic]: Start isEmptyHeuristic. Operand  has 5 states, 3 states have (on average 1.6666666666666667) internal successors, (5), 4 states have internal predecessors, (5), 0 states have call successors, (0), 0 states have call predecessors, (0), 0 states have return successors, (0), 0 states have call predecessors, (0), 0 states have call successors, (0)
[2026-06-06 01:20:50,291 INFO  L188       IsEmptyHeuristic]: Finished isEmptyHeuristic. No accepting run.
[2026-06-06 01:20:50,291 INFO  L182       IsEmptyHeuristic]: Start isEmptyHeuristic. Operand  has 5 states, 3 states have (on average 1.6666666666666667) internal successors, (5), 4 states have internal predecessors, (5), 0 states have call successors, (0), 0 states have call predecessors, (0), 0 states have return successors, (0), 0 states have call predecessors, (0), 0 states have call successors, (0)
[2026-06-06 01:20:50,291 INFO  L188       IsEmptyHeuristic]: Finished isEmptyHeuristic. No accepting run.
[2026-06-06 01:20:50,292 INFO  L182       IsEmptyHeuristic]: Start isEmptyHeuristic. Operand  has 5 states, 3 states have (on average 1.6666666666666667) internal successors, (5), 4 states have internal predecessors, (5), 0 states have call successors, (0), 0 states have call predecessors, (0), 0 states have return successors, (0), 0 states have call predecessors, (0), 0 states have call successors, (0)
[2026-06-06 01:20:50,292 INFO  L188       IsEmptyHeuristic]: Finished isEmptyHeuristic. No accepting run.
[2026-06-06 01:20:50,292 INFO  L182       IsEmptyHeuristic]: Start isEmptyHeuristic. Operand  has 5 states, 3 states have (on average 1.6666666666666667) internal successors, (5), 4 states have internal predecessors, (5), 0 states have call successors, (0), 0 states have call predecessors, (0), 0 states have return successors, (0), 0 states have call predecessors, (0), 0 states have call successors, (0)
[2026-06-06 01:20:50,292 INFO  L188       IsEmptyHeuristic]: Finished isEmptyHeuristic. No accepting run.
[2026-06-06 01:20:50,292 INFO  L182       IsEmptyHeuristic]: Start isEmptyHeuristic. Operand  has 5 states, 3 states have (on average 1.6666666666666667) internal successors, (5), 4 states have internal predecessors, (5), 0 states have call successors, (0), 0 states have call predecessors, (0), 0 states have return successors, (0), 0 states have call predecessors, (0), 0 states have call successors, (0)
[2026-06-06 01:20:50,292 INFO  L188       IsEmptyHeuristic]: Finished isEmptyHeuristic. No accepting run.
[2026-06-06 01:20:50,292 INFO  L182       IsEmptyHeuristic]: Start isEmptyHeuristic. Operand  has 5 states, 3 states have (on average 1.6666666666666667) internal successors, (5), 4 states have internal predecessors, (5), 0 states have call successors, (0), 0 states have call predecessors, (0), 0 states have return successors, (0), 0 states have call predecessors, (0), 0 states have call successors, (0)
[2026-06-06 01:20:50,292 INFO  L188       IsEmptyHeuristic]: Finished isEmptyHeuristic. No accepting run.
[2026-06-06 01:20:50,292 INFO  L182       IsEmptyHeuristic]: Start isEmptyHeuristic. Operand  has 5 states, 3 states have (on average 1.6666666666666667) internal successors, (5), 4 states have internal predecessors, (5), 0 states have call successors, (0), 0 states have call predecessors, (0), 0 states have return successors, (0), 0 states have call predecessors, (0), 0 states have call successors, (0)
[2026-06-06 01:20:50,292 INFO  L188       IsEmptyHeuristic]: Finished isEmptyHeuristic. Found accepting run of length 28
[2026-06-06 01:20:50,292 INFO  L163        IsEmptyParallel]: Finished isEmptyParallel. Found accepting run of length 28
[2026-06-06 01:20:50,292 WARN  L753                IsEmpty]: Correctness of emptinessCheck not tested.
[2026-06-06 01:20:50,292 INFO  L79                 Accepts]: Start accepts. Automaton has  has 5 states, 3 states have (on average 1.6666666666666667) internal successors, (5), 4 states have internal predecessors, (5), 0 states have call successors, (0), 0 states have call predecessors, (0), 0 states have return successors, (0), 0 states have call predecessors, (0), 0 states have call successors, (0) Word has length 27
[2026-06-06 01:20:50,292 INFO  L85                 Accepts]: Finished accepts. word is accepted.
[2026-06-06 01:20:50,292 INFO  L757                IsEmpty]: Finished testing correctness of emptinessCheck
[2026-06-06 01:20:50,292 INFO  L290                IsEmpty]: Start isEmptyParallel. Operand  has 5 states, 3 states have (on average 1.6666666666666667) internal successors, (5), 4 states have internal predecessors, (5), 0 states have call successors, (0), 0 states have call predecessors, (0), 0 states have return successors, (0), 0 states have call predecessors, (0), 0 states have call successors, (0)
[2026-06-06 01:20:50,292 INFO  L300                IsEmpty]: Finished isEmptyParallel. No accepting run.
[2026-06-06 01:20:50,292 INFO  L156        IsEmptyParallel]: Start isEmptyParallel. Operand  has 5 states, 3 states have (on average 1.6666666666666667) internal successors, (5), 4 states have internal predecessors, (5), 0 states have call successors, (0), 0 states have call predecessors, (0), 0 states have return successors, (0), 0 states have call predecessors, (0), 0 states have call successors, (0)
[2026-06-06 01:20:50,292 INFO  L182       IsEmptyHeuristic]: Start isEmptyHeuristic. Operand  has 5 states, 3 states have (on average 1.6666666666666667) internal successors, (5), 4 states have internal predecessors, (5), 0 states have call successors, (0), 0 states have call predecessors, (0), 0 states have return successors, (0), 0 states have call predecessors, (0), 0 states have call successors, (0)
[2026-06-06 01:20:50,292 INFO  L188       IsEmptyHeuristic]: Finished isEmptyHeuristic. No accepting run.
[2026-06-06 01:20:50,292 INFO  L182       IsEmptyHeuristic]: Start isEmptyHeuristic. Operand  has 5 states, 3 states have (on average 1.6666666666666667) internal successors, (5), 4 states have internal predecessors, (5), 0 states have call successors, (0), 0 states have call predecessors, (0), 0 states have return successors, (0), 0 states have call predecessors, (0), 0 states have call successors, (0)
[2026-06-06 01:20:50,293 INFO  L188       IsEmptyHeuristic]: Finished isEmptyHeuristic. No accepting run.
[2026-06-06 01:20:50,293 INFO  L182       IsEmptyHeuristic]: Start isEmptyHeuristic. Operand  has 5 states, 3 states have (on average 1.6666666666666667) internal successors, (5), 4 states have internal predecessors, (5), 0 states have call successors, (0), 0 states have call predecessors, (0), 0 states have return successors, (0), 0 states have call predecessors, (0), 0 states have call successors, (0)
[2026-06-06 01:20:50,293 INFO  L188       IsEmptyHeuristic]: Finished isEmptyHeuristic. No accepting run.
[2026-06-06 01:20:50,293 INFO  L182       IsEmptyHeuristic]: Start isEmptyHeuristic. Operand  has 5 states, 3 states have (on average 1.6666666666666667) internal successors, (5), 4 states have internal predecessors, (5), 0 states have call successors, (0), 0 states have call predecessors, (0), 0 states have return successors, (0), 0 states have call predecessors, (0), 0 states have call successors, (0)
[2026-06-06 01:20:50,293 INFO  L188       IsEmptyHeuristic]: Finished isEmptyHeuristic. No accepting run.
[2026-06-06 01:20:50,293 INFO  L182       IsEmptyHeuristic]: Start isEmptyHeuristic. Operand  has 5 states, 3 states have (on average 1.6666666666666667) internal successors, (5), 4 states have internal predecessors, (5), 0 states have call successors, (0), 0 states have call predecessors, (0), 0 states have return successors, (0), 0 states have call predecessors, (0), 0 states have call successors, (0)
[2026-06-06 01:20:50,293 INFO  L188       IsEmptyHeuristic]: Finished isEmptyHeuristic. No accepting run.
[2026-06-06 01:20:50,293 INFO  L182       IsEmptyHeuristic]: Start isEmptyHeuristic. Operand  has 5 states, 3 states have (on average 1.6666666666666667) internal successors, (5), 4 states have internal predecessors, (5), 0 states have call successors, (0), 0 states have call predecessors, (0), 0 states have return successors, (0), 0 states have call predecessors, (0), 0 states have call successors, (0)
[2026-06-06 01:20:50,293 INFO  L188       IsEmptyHeuristic]: Finished isEmptyHeuristic. No accepting run.
[2026-06-06 01:20:50,293 INFO  L182       IsEmptyHeuristic]: Start isEmptyHeuristic. Operand  has 5 states, 3 states have (on average 1.6666666666666667) internal successors, (5), 4 states have internal predecessors, (5), 0 states have call successors, (0), 0 states have call predecessors, (0), 0 states have return successors, (0), 0 states have call predecessors, (0), 0 states have call successors, (0)
[2026-06-06 01:20:50,293 INFO  L188       IsEmptyHeuristic]: Finished isEmptyHeuristic. No accepting run.
[2026-06-06 01:20:50,293 INFO  L182       IsEmptyHeuristic]: Start isEmptyHeuristic. Operand  has 5 states, 3 states have (on average 1.6666666666666667) internal successors, (5), 4 states have internal predecessors, (5), 0 states have call successors, (0), 0 states have call predecessors, (0), 0 states have return successors, (0), 0 states have call predecessors, (0), 0 states have call successors, (0)
[2026-06-06 01:20:50,293 INFO  L188       IsEmptyHeuristic]: Finished isEmptyHeuristic. No accepting run.
[2026-06-06 01:20:50,293 INFO  L182       IsEmptyHeuristic]: Start isEmptyHeuristic. Operand  has 5 states, 3 states have (on average 1.6666666666666667) internal successors, (5), 4 states have internal predecessors, (5), 0 states have call successors, (0), 0 states have call predecessors, (0), 0 states have return successors, (0), 0 states have call predecessors, (0), 0 states have call successors, (0)
[2026-06-06 01:20:50,293 INFO  L188       IsEmptyHeuristic]: Finished isEmptyHeuristic. No accepting run.
[2026-06-06 01:20:50,293 INFO  L182       IsEmptyHeuristic]: Start isEmptyHeuristic. Operand  has 5 states, 3 states have (on average 1.6666666666666667) internal successors, (5), 4 states have internal predecessors, (5), 0 states have call successors, (0), 0 states have call predecessors, (0), 0 states have return successors, (0), 0 states have call predecessors, (0), 0 states have call successors, (0)
[2026-06-06 01:20:50,293 INFO  L188       IsEmptyHeuristic]: Finished isEmptyHeuristic. No accepting run.
[2026-06-06 01:20:50,294 INFO  L182       IsEmptyHeuristic]: Start isEmptyHeuristic. Operand  has 5 states, 3 states have (on average 1.6666666666666667) internal successors, (5), 4 states have internal predecessors, (5), 0 states have call successors, (0), 0 states have call predecessors, (0), 0 states have return successors, (0), 0 states have call predecessors, (0), 0 states have call successors, (0)
[2026-06-06 01:20:50,294 INFO  L188       IsEmptyHeuristic]: Finished isEmptyHeuristic. No accepting run.
[2026-06-06 01:20:50,294 INFO  L182       IsEmptyHeuristic]: Start isEmptyHeuristic. Operand  has 5 states, 3 states have (on average 1.6666666666666667) internal successors, (5), 4 states have internal predecessors, (5), 0 states have call successors, (0), 0 states have call predecessors, (0), 0 states have return successors, (0), 0 states have call predecessors, (0), 0 states have call successors, (0)
[2026-06-06 01:20:50,294 INFO  L188       IsEmptyHeuristic]: Finished isEmptyHeuristic. No accepting run.
[2026-06-06 01:20:50,294 INFO  L182       IsEmptyHeuristic]: Start isEmptyHeuristic. Operand  has 5 states, 3 states have (on average 1.6666666666666667) internal successors, (5), 4 states have internal predecessors, (5), 0 states have call successors, (0), 0 states have call predecessors, (0), 0 states have return successors, (0), 0 states have call predecessors, (0), 0 states have call successors, (0)
[2026-06-06 01:20:50,294 INFO  L188       IsEmptyHeuristic]: Finished isEmptyHeuristic. No accepting run.
[2026-06-06 01:20:50,294 INFO  L182       IsEmptyHeuristic]: Start isEmptyHeuristic. Operand  has 5 states, 3 states have (on average 1.6666666666666667) internal successors, (5), 4 states have internal predecessors, (5), 0 states have call successors, (0), 0 states have call predecessors, (0), 0 states have return successors, (0), 0 states have call predecessors, (0), 0 states have call successors, (0)
[2026-06-06 01:20:50,295 INFO  L188       IsEmptyHeuristic]: Finished isEmptyHeuristic. No accepting run.
[2026-06-06 01:20:50,295 INFO  L182       IsEmptyHeuristic]: Start isEmptyHeuristic. Operand  has 5 states, 3 states have (on average 1.6666666666666667) internal successors, (5), 4 states have internal predecessors, (5), 0 states have call successors, (0), 0 states have call predecessors, (0), 0 states have return successors, (0), 0 states have call predecessors, (0), 0 states have call successors, (0)
[2026-06-06 01:20:50,295 INFO  L188       IsEmptyHeuristic]: Finished isEmptyHeuristic. No accepting run.
[2026-06-06 01:20:50,295 INFO  L182       IsEmptyHeuristic]: Start isEmptyHeuristic. Operand  has 5 states, 3 states have (on average 1.6666666666666667) internal successors, (5), 4 states have internal predecessors, (5), 0 states have call successors, (0), 0 states have call predecessors, (0), 0 states have return successors, (0), 0 states have call predecessors, (0), 0 states have call successors, (0)
[2026-06-06 01:20:50,295 INFO  L188       IsEmptyHeuristic]: Finished isEmptyHeuristic. No accepting run.
[2026-06-06 01:20:50,295 INFO  L182       IsEmptyHeuristic]: Start isEmptyHeuristic. Operand  has 5 states, 3 states have (on average 1.6666666666666667) internal successors, (5), 4 states have internal predecessors, (5), 0 states have call successors, (0), 0 states have call predecessors, (0), 0 states have return successors, (0), 0 states have call predecessors, (0), 0 states have call successors, (0)
[2026-06-06 01:20:50,295 INFO  L188       IsEmptyHeuristic]: Finished isEmptyHeuristic. No accepting run.
[2026-06-06 01:20:50,295 INFO  L182       IsEmptyHeuristic]: Start isEmptyHeuristic. Operand  has 5 states, 3 states have (on average 1.6666666666666667) internal successors, (5), 4 states have internal predecessors, (5), 0 states have call successors, (0), 0 states have call predecessors, (0), 0 states have return successors, (0), 0 states have call predecessors, (0), 0 states have call successors, (0)
[2026-06-06 01:20:50,295 INFO  L188       IsEmptyHeuristic]: Finished isEmptyHeuristic. No accepting run.
[2026-06-06 01:20:50,295 INFO  L182       IsEmptyHeuristic]: Start isEmptyHeuristic. Operand  has 5 states, 3 states have (on average 1.6666666666666667) internal successors, (5), 4 states have internal predecessors, (5), 0 states have call successors, (0), 0 states have call predecessors, (0), 0 states have return successors, (0), 0 states have call predecessors, (0), 0 states have call successors, (0)
[2026-06-06 01:20:50,295 INFO  L188       IsEmptyHeuristic]: Finished isEmptyHeuristic. No accepting run.
[2026-06-06 01:20:50,295 INFO  L182       IsEmptyHeuristic]: Start isEmptyHeuristic. Operand  has 5 states, 3 states have (on average 1.6666666666666667) internal successors, (5), 4 states have internal predecessors, (5), 0 states have call successors, (0), 0 states have call predecessors, (0), 0 states have return successors, (0), 0 states have call predecessors, (0), 0 states have call successors, (0)
[2026-06-06 01:20:50,295 INFO  L188       IsEmptyHeuristic]: Finished isEmptyHeuristic. No accepting run.
[2026-06-06 01:20:50,295 INFO  L182       IsEmptyHeuristic]: Start isEmptyHeuristic. Operand  has 5 states, 3 states have (on average 1.6666666666666667) internal successors, (5), 4 states have internal predecessors, (5), 0 states have call successors, (0), 0 states have call predecessors, (0), 0 states have return successors, (0), 0 states have call predecessors, (0), 0 states have call successors, (0)
[2026-06-06 01:20:50,295 INFO  L188       IsEmptyHeuristic]: Finished isEmptyHeuristic. No accepting run.
[2026-06-06 01:20:50,295 INFO  L182       IsEmptyHeuristic]: Start isEmptyHeuristic. Operand  has 5 states, 3 states have (on average 1.6666666666666667) internal successors, (5), 4 states have internal predecessors, (5), 0 states have call successors, (0), 0 states have call predecessors, (0), 0 states have return successors, (0), 0 states have call predecessors, (0), 0 states have call successors, (0)
[2026-06-06 01:20:50,295 INFO  L188       IsEmptyHeuristic]: Finished isEmptyHeuristic. No accepting run.
[2026-06-06 01:20:50,295 INFO  L182       IsEmptyHeuristic]: Start isEmptyHeuristic. Operand  has 5 states, 3 states have (on average 1.6666666666666667) internal successors, (5), 4 states have internal predecessors, (5), 0 states have call successors, (0), 0 states have call predecessors, (0), 0 states have return successors, (0), 0 states have call predecessors, (0), 0 states have call successors, (0)
[2026-06-06 01:20:50,295 INFO  L188       IsEmptyHeuristic]: Finished isEmptyHeuristic. No accepting run.
[2026-06-06 01:20:50,296 INFO  L182       IsEmptyHeuristic]: Start isEmptyHeuristic. Operand  has 5 states, 3 states have (on average 1.6666666666666667) internal successors, (5), 4 states have internal predecessors, (5), 0 states have call successors, (0), 0 states have call predecessors, (0), 0 states have return successors, (0), 0 states have call predecessors, (0), 0 states have call successors, (0)
[2026-06-06 01:20:50,296 INFO  L188       IsEmptyHeuristic]: Finished isEmptyHeuristic. Found accepting run of length 27
[2026-06-06 01:20:50,296 INFO  L163        IsEmptyParallel]: Finished isEmptyParallel. Found accepting run of length 27
[2026-06-06 01:20:50,296 WARN  L753                IsEmpty]: Correctness of emptinessCheck not tested.
[2026-06-06 01:20:50,296 INFO  L79                 Accepts]: Start accepts. Automaton has  has 5 states, 3 states have (on average 1.6666666666666667) internal successors, (5), 4 states have internal predecessors, (5), 0 states have call successors, (0), 0 states have call predecessors, (0), 0 states have return successors, (0), 0 states have call predecessors, (0), 0 states have call successors, (0) Word has length 26
[2026-06-06 01:20:50,296 INFO  L85                 Accepts]: Finished accepts. word is accepted.
[2026-06-06 01:20:50,296 INFO  L757                IsEmpty]: Finished testing correctness of emptinessCheck
[2026-06-06 01:20:50,296 INFO  L290                IsEmpty]: Start isEmptyParallel. Operand  has 5 states, 3 states have (on average 1.6666666666666667) internal successors, (5), 4 states have internal predecessors, (5), 0 states have call successors, (0), 0 states have call predecessors, (0), 0 states have return successors, (0), 0 states have call predecessors, (0), 0 states have call successors, (0)
[2026-06-06 01:20:50,296 INFO  L300                IsEmpty]: Finished isEmptyParallel. No accepting run.
[2026-06-06 01:20:50,296 INFO  L156        IsEmptyParallel]: Start isEmptyParallel. Operand  has 5 states, 3 states have (on average 1.6666666666666667) internal successors, (5), 4 states have internal predecessors, (5), 0 states have call successors, (0), 0 states have call predecessors, (0), 0 states have return successors, (0), 0 states have call predecessors, (0), 0 states have call successors, (0)
[2026-06-06 01:20:50,296 INFO  L182       IsEmptyHeuristic]: Start isEmptyHeuristic. Operand  has 5 states, 3 states have (on average 1.6666666666666667) internal successors, (5), 4 states have internal predecessors, (5), 0 states have call successors, (0), 0 states have call predecessors, (0), 0 states have return successors, (0), 0 states have call predecessors, (0), 0 states have call successors, (0)
[2026-06-06 01:20:50,296 INFO  L188       IsEmptyHeuristic]: Finished isEmptyHeuristic. No accepting run.
[2026-06-06 01:20:50,296 INFO  L182       IsEmptyHeuristic]: Start isEmptyHeuristic. Operand  has 5 states, 3 states have (on average 1.6666666666666667) internal successors, (5), 4 states have internal predecessors, (5), 0 states have call successors, (0), 0 states have call predecessors, (0), 0 states have return successors, (0), 0 states have call predecessors, (0), 0 states have call successors, (0)
[2026-06-06 01:20:50,296 INFO  L188       IsEmptyHeuristic]: Finished isEmptyHeuristic. No accepting run.
[2026-06-06 01:20:50,296 INFO  L182       IsEmptyHeuristic]: Start isEmptyHeuristic. Operand  has 5 states, 3 states have (on average 1.6666666666666667) internal successors, (5), 4 states have internal predecessors, (5), 0 states have call successors, (0), 0 states have call predecessors, (0), 0 states have return successors, (0), 0 states have call predecessors, (0), 0 states have call successors, (0)
[2026-06-06 01:20:50,296 INFO  L188       IsEmptyHeuristic]: Finished isEmptyHeuristic. No accepting run.
[2026-06-06 01:20:50,296 INFO  L182       IsEmptyHeuristic]: Start isEmptyHeuristic. Operand  has 5 states, 3 states have (on average 1.6666666666666667) internal successors, (5), 4 states have internal predecessors, (5), 0 states have call successors, (0), 0 states have call predecessors, (0), 0 states have return successors, (0), 0 states have call predecessors, (0), 0 states have call successors, (0)
[2026-06-06 01:20:50,296 INFO  L188       IsEmptyHeuristic]: Finished isEmptyHeuristic. No accepting run.
[2026-06-06 01:20:50,296 INFO  L182       IsEmptyHeuristic]: Start isEmptyHeuristic. Operand  has 5 states, 3 states have (on average 1.6666666666666667) internal successors, (5), 4 states have internal predecessors, (5), 0 states have call successors, (0), 0 states have call predecessors, (0), 0 states have return successors, (0), 0 states have call predecessors, (0), 0 states have call successors, (0)
[2026-06-06 01:20:50,296 INFO  L188       IsEmptyHeuristic]: Finished isEmptyHeuristic. No accepting run.
[2026-06-06 01:20:50,296 INFO  L182       IsEmptyHeuristic]: Start isEmptyHeuristic. Operand  has 5 states, 3 states have (on average 1.6666666666666667) internal successors, (5), 4 states have internal predecessors, (5), 0 states have call successors, (0), 0 states have call predecessors, (0), 0 states have return successors, (0), 0 states have call predecessors, (0), 0 states have call successors, (0)
[2026-06-06 01:20:50,296 INFO  L188       IsEmptyHeuristic]: Finished isEmptyHeuristic. No accepting run.
[2026-06-06 01:20:50,296 INFO  L182       IsEmptyHeuristic]: Start isEmptyHeuristic. Operand  has 5 states, 3 states have (on average 1.6666666666666667) internal successors, (5), 4 states have internal predecessors, (5), 0 states have call successors, (0), 0 states have call predecessors, (0), 0 states have return successors, (0), 0 states have call predecessors, (0), 0 states have call successors, (0)
[2026-06-06 01:20:50,296 INFO  L188       IsEmptyHeuristic]: Finished isEmptyHeuristic. No accepting run.
[2026-06-06 01:20:50,296 INFO  L182       IsEmptyHeuristic]: Start isEmptyHeuristic. Operand  has 5 states, 3 states have (on average 1.6666666666666667) internal successors, (5), 4 states have internal predecessors, (5), 0 states have call successors, (0), 0 states have call predecessors, (0), 0 states have return successors, (0), 0 states have call predecessors, (0), 0 states have call successors, (0)
[2026-06-06 01:20:50,296 INFO  L188       IsEmptyHeuristic]: Finished isEmptyHeuristic. No accepting run.
[2026-06-06 01:20:50,296 INFO  L182       IsEmptyHeuristic]: Start isEmptyHeuristic. Operand  has 5 states, 3 states have (on average 1.6666666666666667) internal successors, (5), 4 states have internal predecessors, (5), 0 states have call successors, (0), 0 states have call predecessors, (0), 0 states have return successors, (0), 0 states have call predecessors, (0), 0 states have call successors, (0)
[2026-06-06 01:20:50,297 INFO  L188       IsEmptyHeuristic]: Finished isEmptyHeuristic. No accepting run.
[2026-06-06 01:20:50,297 INFO  L182       IsEmptyHeuristic]: Start isEmptyHeuristic. Operand  has 5 states, 3 states have (on average 1.6666666666666667) internal successors, (5), 4 states have internal predecessors, (5), 0 states have call successors, (0), 0 states have call predecessors, (0), 0 states have return successors, (0), 0 states have call predecessors, (0), 0 states have call successors, (0)
[2026-06-06 01:20:50,297 INFO  L188       IsEmptyHeuristic]: Finished isEmptyHeuristic. No accepting run.
[2026-06-06 01:20:50,297 INFO  L182       IsEmptyHeuristic]: Start isEmptyHeuristic. Operand  has 5 states, 3 states have (on average 1.6666666666666667) internal successors, (5), 4 states have internal predecessors, (5), 0 states have call successors, (0), 0 states have call predecessors, (0), 0 states have return successors, (0), 0 states have call predecessors, (0), 0 states have call successors, (0)
[2026-06-06 01:20:50,297 INFO  L188       IsEmptyHeuristic]: Finished isEmptyHeuristic. No accepting run.
[2026-06-06 01:20:50,297 INFO  L182       IsEmptyHeuristic]: Start isEmptyHeuristic. Operand  has 5 states, 3 states have (on average 1.6666666666666667) internal successors, (5), 4 states have internal predecessors, (5), 0 states have call successors, (0), 0 states have call predecessors, (0), 0 states have return successors, (0), 0 states have call predecessors, (0), 0 states have call successors, (0)
[2026-06-06 01:20:50,297 INFO  L188       IsEmptyHeuristic]: Finished isEmptyHeuristic. No accepting run.
[2026-06-06 01:20:50,297 INFO  L182       IsEmptyHeuristic]: Start isEmptyHeuristic. Operand  has 5 states, 3 states have (on average 1.6666666666666667) internal successors, (5), 4 states have internal predecessors, (5), 0 states have call successors, (0), 0 states have call predecessors, (0), 0 states have return successors, (0), 0 states have call predecessors, (0), 0 states have call successors, (0)
[2026-06-06 01:20:50,297 INFO  L188       IsEmptyHeuristic]: Finished isEmptyHeuristic. No accepting run.
[2026-06-06 01:20:50,297 INFO  L182       IsEmptyHeuristic]: Start isEmptyHeuristic. Operand  has 5 states, 3 states have (on average 1.6666666666666667) internal successors, (5), 4 states have internal predecessors, (5), 0 states have call successors, (0), 0 states have call predecessors, (0), 0 states have return successors, (0), 0 states have call predecessors, (0), 0 states have call successors, (0)
[2026-06-06 01:20:50,297 INFO  L188       IsEmptyHeuristic]: Finished isEmptyHeuristic. No accepting run.
[2026-06-06 01:20:50,297 INFO  L182       IsEmptyHeuristic]: Start isEmptyHeuristic. Operand  has 5 states, 3 states have (on average 1.6666666666666667) internal successors, (5), 4 states have internal predecessors, (5), 0 states have call successors, (0), 0 states have call predecessors, (0), 0 states have return successors, (0), 0 states have call predecessors, (0), 0 states have call successors, (0)
[2026-06-06 01:20:50,297 INFO  L188       IsEmptyHeuristic]: Finished isEmptyHeuristic. No accepting run.
[2026-06-06 01:20:50,297 INFO  L182       IsEmptyHeuristic]: Start isEmptyHeuristic. Operand  has 5 states, 3 states have (on average 1.6666666666666667) internal successors, (5), 4 states have internal predecessors, (5), 0 states have call successors, (0), 0 states have call predecessors, (0), 0 states have return successors, (0), 0 states have call predecessors, (0), 0 states have call successors, (0)
[2026-06-06 01:20:50,297 INFO  L188       IsEmptyHeuristic]: Finished isEmptyHeuristic. No accepting run.
[2026-06-06 01:20:50,297 INFO  L182       IsEmptyHeuristic]: Start isEmptyHeuristic. Operand  has 5 states, 3 states have (on average 1.6666666666666667) internal successors, (5), 4 states have internal predecessors, (5), 0 states have call successors, (0), 0 states have call predecessors, (0), 0 states have return successors, (0), 0 states have call predecessors, (0), 0 states have call successors, (0)
[2026-06-06 01:20:50,297 INFO  L188       IsEmptyHeuristic]: Finished isEmptyHeuristic. No accepting run.
[2026-06-06 01:20:50,297 INFO  L182       IsEmptyHeuristic]: Start isEmptyHeuristic. Operand  has 5 states, 3 states have (on average 1.6666666666666667) internal successors, (5), 4 states have internal predecessors, (5), 0 states have call successors, (0), 0 states have call predecessors, (0), 0 states have return successors, (0), 0 states have call predecessors, (0), 0 states have call successors, (0)
[2026-06-06 01:20:50,297 INFO  L188       IsEmptyHeuristic]: Finished isEmptyHeuristic. No accepting run.
[2026-06-06 01:20:50,297 INFO  L182       IsEmptyHeuristic]: Start isEmptyHeuristic. Operand  has 5 states, 3 states have (on average 1.6666666666666667) internal successors, (5), 4 states have internal predecessors, (5), 0 states have call successors, (0), 0 states have call predecessors, (0), 0 states have return successors, (0), 0 states have call predecessors, (0), 0 states have call successors, (0)
[2026-06-06 01:20:50,297 INFO  L188       IsEmptyHeuristic]: Finished isEmptyHeuristic. No accepting run.
[2026-06-06 01:20:50,297 INFO  L182       IsEmptyHeuristic]: Start isEmptyHeuristic. Operand  has 5 states, 3 states have (on average 1.6666666666666667) internal successors, (5), 4 states have internal predecessors, (5), 0 states have call successors, (0), 0 states have call predecessors, (0), 0 states have return successors, (0), 0 states have call predecessors, (0), 0 states have call successors, (0)
[2026-06-06 01:20:50,298 INFO  L188       IsEmptyHeuristic]: Finished isEmptyHeuristic. No accepting run.
[2026-06-06 01:20:50,298 INFO  L182       IsEmptyHeuristic]: Start isEmptyHeuristic. Operand  has 5 states, 3 states have (on average 1.6666666666666667) internal successors, (5), 4 states have internal predecessors, (5), 0 states have call successors, (0), 0 states have call predecessors, (0), 0 states have return successors, (0), 0 states have call predecessors, (0), 0 states have call successors, (0)
[2026-06-06 01:20:50,298 INFO  L188       IsEmptyHeuristic]: Finished isEmptyHeuristic. No accepting run.
[2026-06-06 01:20:50,298 INFO  L182       IsEmptyHeuristic]: Start isEmptyHeuristic. Operand  has 5 states, 3 states have (on average 1.6666666666666667) internal successors, (5), 4 states have internal predecessors, (5), 0 states have call successors, (0), 0 states have call predecessors, (0), 0 states have return successors, (0), 0 states have call predecessors, (0), 0 states have call successors, (0)
[2026-06-06 01:20:50,298 INFO  L188       IsEmptyHeuristic]: Finished isEmptyHeuristic. No accepting run.
[2026-06-06 01:20:50,298 INFO  L182       IsEmptyHeuristic]: Start isEmptyHeuristic. Operand  has 5 states, 3 states have (on average 1.6666666666666667) internal successors, (5), 4 states have internal predecessors, (5), 0 states have call successors, (0), 0 states have call predecessors, (0), 0 states have return successors, (0), 0 states have call predecessors, (0), 0 states have call successors, (0)
[2026-06-06 01:20:50,298 INFO  L188       IsEmptyHeuristic]: Finished isEmptyHeuristic. No accepting run.
[2026-06-06 01:20:50,298 INFO  L182       IsEmptyHeuristic]: Start isEmptyHeuristic. Operand  has 5 states, 3 states have (on average 1.6666666666666667) internal successors, (5), 4 states have internal predecessors, (5), 0 states have call successors, (0), 0 states have call predecessors, (0), 0 states have return successors, (0), 0 states have call predecessors, (0), 0 states have call successors, (0)
[2026-06-06 01:20:50,298 INFO  L188       IsEmptyHeuristic]: Finished isEmptyHeuristic. No accepting run.
[2026-06-06 01:20:50,298 INFO  L182       IsEmptyHeuristic]: Start isEmptyHeuristic. Operand  has 5 states, 3 states have (on average 1.6666666666666667) internal successors, (5), 4 states have internal predecessors, (5), 0 states have call successors, (0), 0 states have call predecessors, (0), 0 states have return successors, (0), 0 states have call predecessors, (0), 0 states have call successors, (0)
[2026-06-06 01:20:50,298 INFO  L188       IsEmptyHeuristic]: Finished isEmptyHeuristic. Found accepting run of length 30
[2026-06-06 01:20:50,298 INFO  L163        IsEmptyParallel]: Finished isEmptyParallel. Found accepting run of length 30
[2026-06-06 01:20:50,298 WARN  L753                IsEmpty]: Correctness of emptinessCheck not tested.
[2026-06-06 01:20:50,298 INFO  L79                 Accepts]: Start accepts. Automaton has  has 5 states, 3 states have (on average 1.6666666666666667) internal successors, (5), 4 states have internal predecessors, (5), 0 states have call successors, (0), 0 states have call predecessors, (0), 0 states have return successors, (0), 0 states have call predecessors, (0), 0 states have call successors, (0) Word has length 29
[2026-06-06 01:20:50,298 INFO  L85                 Accepts]: Finished accepts. word is accepted.
[2026-06-06 01:20:50,298 INFO  L757                IsEmpty]: Finished testing correctness of emptinessCheck
[2026-06-06 01:20:50,298 INFO  L290                IsEmpty]: Start isEmptyParallel. Operand  has 5 states, 3 states have (on average 1.6666666666666667) internal successors, (5), 4 states have internal predecessors, (5), 0 states have call successors, (0), 0 states have call predecessors, (0), 0 states have return successors, (0), 0 states have call predecessors, (0), 0 states have call successors, (0)
[2026-06-06 01:20:50,298 INFO  L300                IsEmpty]: Finished isEmptyParallel. No accepting run.
[2026-06-06 01:20:50,298 INFO  L156        IsEmptyParallel]: Start isEmptyParallel. Operand  has 5 states, 3 states have (on average 1.6666666666666667) internal successors, (5), 4 states have internal predecessors, (5), 0 states have call successors, (0), 0 states have call predecessors, (0), 0 states have return successors, (0), 0 states have call predecessors, (0), 0 states have call successors, (0)
[2026-06-06 01:20:50,298 INFO  L182       IsEmptyHeuristic]: Start isEmptyHeuristic. Operand  has 5 states, 3 states have (on average 1.6666666666666667) internal successors, (5), 4 states have internal predecessors, (5), 0 states have call successors, (0), 0 states have call predecessors, (0), 0 states have return successors, (0), 0 states have call predecessors, (0), 0 states have call successors, (0)
[2026-06-06 01:20:50,298 INFO  L188       IsEmptyHeuristic]: Finished isEmptyHeuristic. No accepting run.
[2026-06-06 01:20:50,298 INFO  L182       IsEmptyHeuristic]: Start isEmptyHeuristic. Operand  has 5 states, 3 states have (on average 1.6666666666666667) internal successors, (5), 4 states have internal predecessors, (5), 0 states have call successors, (0), 0 states have call predecessors, (0), 0 states have return successors, (0), 0 states have call predecessors, (0), 0 states have call successors, (0)
[2026-06-06 01:20:50,298 INFO  L188       IsEmptyHeuristic]: Finished isEmptyHeuristic. No accepting run.
[2026-06-06 01:20:50,299 INFO  L182       IsEmptyHeuristic]: Start isEmptyHeuristic. Operand  has 5 states, 3 states have (on average 1.6666666666666667) internal successors, (5), 4 states have internal predecessors, (5), 0 states have call successors, (0), 0 states have call predecessors, (0), 0 states have return successors, (0), 0 states have call predecessors, (0), 0 states have call successors, (0)
[2026-06-06 01:20:50,299 INFO  L188       IsEmptyHeuristic]: Finished isEmptyHeuristic. No accepting run.
[2026-06-06 01:20:50,299 INFO  L182       IsEmptyHeuristic]: Start isEmptyHeuristic. Operand  has 5 states, 3 states have (on average 1.6666666666666667) internal successors, (5), 4 states have internal predecessors, (5), 0 states have call successors, (0), 0 states have call predecessors, (0), 0 states have return successors, (0), 0 states have call predecessors, (0), 0 states have call successors, (0)
[2026-06-06 01:20:50,299 INFO  L188       IsEmptyHeuristic]: Finished isEmptyHeuristic. No accepting run.
[2026-06-06 01:20:50,299 INFO  L182       IsEmptyHeuristic]: Start isEmptyHeuristic. Operand  has 5 states, 3 states have (on average 1.6666666666666667) internal successors, (5), 4 states have internal predecessors, (5), 0 states have call successors, (0), 0 states have call predecessors, (0), 0 states have return successors, (0), 0 states have call predecessors, (0), 0 states have call successors, (0)
[2026-06-06 01:20:50,299 INFO  L188       IsEmptyHeuristic]: Finished isEmptyHeuristic. No accepting run.
[2026-06-06 01:20:50,299 INFO  L182       IsEmptyHeuristic]: Start isEmptyHeuristic. Operand  has 5 states, 3 states have (on average 1.6666666666666667) internal successors, (5), 4 states have internal predecessors, (5), 0 states have call successors, (0), 0 states have call predecessors, (0), 0 states have return successors, (0), 0 states have call predecessors, (0), 0 states have call successors, (0)
[2026-06-06 01:20:50,299 INFO  L188       IsEmptyHeuristic]: Finished isEmptyHeuristic. No accepting run.
[2026-06-06 01:20:50,299 INFO  L182       IsEmptyHeuristic]: Start isEmptyHeuristic. Operand  has 5 states, 3 states have (on average 1.6666666666666667) internal successors, (5), 4 states have internal predecessors, (5), 0 states have call successors, (0), 0 states have call predecessors, (0), 0 states have return successors, (0), 0 states have call predecessors, (0), 0 states have call successors, (0)
[2026-06-06 01:20:50,299 INFO  L188       IsEmptyHeuristic]: Finished isEmptyHeuristic. No accepting run.
[2026-06-06 01:20:50,299 INFO  L182       IsEmptyHeuristic]: Start isEmptyHeuristic. Operand  has 5 states, 3 states have (on average 1.6666666666666667) internal successors, (5), 4 states have internal predecessors, (5), 0 states have call successors, (0), 0 states have call predecessors, (0), 0 states have return successors, (0), 0 states have call predecessors, (0), 0 states have call successors, (0)
[2026-06-06 01:20:50,299 INFO  L188       IsEmptyHeuristic]: Finished isEmptyHeuristic. No accepting run.
[2026-06-06 01:20:50,299 INFO  L182       IsEmptyHeuristic]: Start isEmptyHeuristic. Operand  has 5 states, 3 states have (on average 1.6666666666666667) internal successors, (5), 4 states have internal predecessors, (5), 0 states have call successors, (0), 0 states have call predecessors, (0), 0 states have return successors, (0), 0 states have call predecessors, (0), 0 states have call successors, (0)
[2026-06-06 01:20:50,299 INFO  L188       IsEmptyHeuristic]: Finished isEmptyHeuristic. No accepting run.
[2026-06-06 01:20:50,299 INFO  L182       IsEmptyHeuristic]: Start isEmptyHeuristic. Operand  has 5 states, 3 states have (on average 1.6666666666666667) internal successors, (5), 4 states have internal predecessors, (5), 0 states have call successors, (0), 0 states have call predecessors, (0), 0 states have return successors, (0), 0 states have call predecessors, (0), 0 states have call successors, (0)
[2026-06-06 01:20:50,299 INFO  L188       IsEmptyHeuristic]: Finished isEmptyHeuristic. No accepting run.
[2026-06-06 01:20:50,299 INFO  L182       IsEmptyHeuristic]: Start isEmptyHeuristic. Operand  has 5 states, 3 states have (on average 1.6666666666666667) internal successors, (5), 4 states have internal predecessors, (5), 0 states have call successors, (0), 0 states have call predecessors, (0), 0 states have return successors, (0), 0 states have call predecessors, (0), 0 states have call successors, (0)
[2026-06-06 01:20:50,299 INFO  L188       IsEmptyHeuristic]: Finished isEmptyHeuristic. No accepting run.
[2026-06-06 01:20:50,299 INFO  L182       IsEmptyHeuristic]: Start isEmptyHeuristic. Operand  has 5 states, 3 states have (on average 1.6666666666666667) internal successors, (5), 4 states have internal predecessors, (5), 0 states have call successors, (0), 0 states have call predecessors, (0), 0 states have return successors, (0), 0 states have call predecessors, (0), 0 states have call successors, (0)
[2026-06-06 01:20:50,299 INFO  L188       IsEmptyHeuristic]: Finished isEmptyHeuristic. No accepting run.
[2026-06-06 01:20:50,299 INFO  L182       IsEmptyHeuristic]: Start isEmptyHeuristic. Operand  has 5 states, 3 states have (on average 1.6666666666666667) internal successors, (5), 4 states have internal predecessors, (5), 0 states have call successors, (0), 0 states have call predecessors, (0), 0 states have return successors, (0), 0 states have call predecessors, (0), 0 states have call successors, (0)
[2026-06-06 01:20:50,299 INFO  L188       IsEmptyHeuristic]: Finished isEmptyHeuristic. No accepting run.
[2026-06-06 01:20:50,299 INFO  L182       IsEmptyHeuristic]: Start isEmptyHeuristic. Operand  has 5 states, 3 states have (on average 1.6666666666666667) internal successors, (5), 4 states have internal predecessors, (5), 0 states have call successors, (0), 0 states have call predecessors, (0), 0 states have return successors, (0), 0 states have call predecessors, (0), 0 states have call successors, (0)
[2026-06-06 01:20:50,299 INFO  L188       IsEmptyHeuristic]: Finished isEmptyHeuristic. No accepting run.
[2026-06-06 01:20:50,299 INFO  L182       IsEmptyHeuristic]: Start isEmptyHeuristic. Operand  has 5 states, 3 states have (on average 1.6666666666666667) internal successors, (5), 4 states have internal predecessors, (5), 0 states have call successors, (0), 0 states have call predecessors, (0), 0 states have return successors, (0), 0 states have call predecessors, (0), 0 states have call successors, (0)
[2026-06-06 01:20:50,299 INFO  L188       IsEmptyHeuristic]: Finished isEmptyHeuristic. No accepting run.
[2026-06-06 01:20:50,299 INFO  L182       IsEmptyHeuristic]: Start isEmptyHeuristic. Operand  has 5 states, 3 states have (on average 1.6666666666666667) internal successors, (5), 4 states have internal predecessors, (5), 0 states have call successors, (0), 0 states have call predecessors, (0), 0 states have return successors, (0), 0 states have call predecessors, (0), 0 states have call successors, (0)
[2026-06-06 01:20:50,299 INFO  L188       IsEmptyHeuristic]: Finished isEmptyHeuristic. No accepting run.
[2026-06-06 01:20:50,299 INFO  L182       IsEmptyHeuristic]: Start isEmptyHeuristic. Operand  has 5 states, 3 states have (on average 1.6666666666666667) internal successors, (5), 4 states have internal predecessors, (5), 0 states have call successors, (0), 0 states have call predecessors, (0), 0 states have return successors, (0), 0 states have call predecessors, (0), 0 states have call successors, (0)
[2026-06-06 01:20:50,299 INFO  L188       IsEmptyHeuristic]: Finished isEmptyHeuristic. No accepting run.
[2026-06-06 01:20:50,300 INFO  L182       IsEmptyHeuristic]: Start isEmptyHeuristic. Operand  has 5 states, 3 states have (on average 1.6666666666666667) internal successors, (5), 4 states have internal predecessors, (5), 0 states have call successors, (0), 0 states have call predecessors, (0), 0 states have return successors, (0), 0 states have call predecessors, (0), 0 states have call successors, (0)
[2026-06-06 01:20:50,300 INFO  L188       IsEmptyHeuristic]: Finished isEmptyHeuristic. No accepting run.
[2026-06-06 01:20:50,300 INFO  L182       IsEmptyHeuristic]: Start isEmptyHeuristic. Operand  has 5 states, 3 states have (on average 1.6666666666666667) internal successors, (5), 4 states have internal predecessors, (5), 0 states have call successors, (0), 0 states have call predecessors, (0), 0 states have return successors, (0), 0 states have call predecessors, (0), 0 states have call successors, (0)
[2026-06-06 01:20:50,300 INFO  L188       IsEmptyHeuristic]: Finished isEmptyHeuristic. No accepting run.
[2026-06-06 01:20:50,300 INFO  L182       IsEmptyHeuristic]: Start isEmptyHeuristic. Operand  has 5 states, 3 states have (on average 1.6666666666666667) internal successors, (5), 4 states have internal predecessors, (5), 0 states have call successors, (0), 0 states have call predecessors, (0), 0 states have return successors, (0), 0 states have call predecessors, (0), 0 states have call successors, (0)
[2026-06-06 01:20:50,300 INFO  L188       IsEmptyHeuristic]: Finished isEmptyHeuristic. No accepting run.
[2026-06-06 01:20:50,300 INFO  L182       IsEmptyHeuristic]: Start isEmptyHeuristic. Operand  has 5 states, 3 states have (on average 1.6666666666666667) internal successors, (5), 4 states have internal predecessors, (5), 0 states have call successors, (0), 0 states have call predecessors, (0), 0 states have return successors, (0), 0 states have call predecessors, (0), 0 states have call successors, (0)
[2026-06-06 01:20:50,300 INFO  L188       IsEmptyHeuristic]: Finished isEmptyHeuristic. No accepting run.
[2026-06-06 01:20:50,300 INFO  L182       IsEmptyHeuristic]: Start isEmptyHeuristic. Operand  has 5 states, 3 states have (on average 1.6666666666666667) internal successors, (5), 4 states have internal predecessors, (5), 0 states have call successors, (0), 0 states have call predecessors, (0), 0 states have return successors, (0), 0 states have call predecessors, (0), 0 states have call successors, (0)
[2026-06-06 01:20:50,300 INFO  L188       IsEmptyHeuristic]: Finished isEmptyHeuristic. No accepting run.
[2026-06-06 01:20:50,300 INFO  L182       IsEmptyHeuristic]: Start isEmptyHeuristic. Operand  has 5 states, 3 states have (on average 1.6666666666666667) internal successors, (5), 4 states have internal predecessors, (5), 0 states have call successors, (0), 0 states have call predecessors, (0), 0 states have return successors, (0), 0 states have call predecessors, (0), 0 states have call successors, (0)
[2026-06-06 01:20:50,300 INFO  L188       IsEmptyHeuristic]: Finished isEmptyHeuristic. No accepting run.
[2026-06-06 01:20:50,300 INFO  L182       IsEmptyHeuristic]: Start isEmptyHeuristic. Operand  has 5 states, 3 states have (on average 1.6666666666666667) internal successors, (5), 4 states have internal predecessors, (5), 0 states have call successors, (0), 0 states have call predecessors, (0), 0 states have return successors, (0), 0 states have call predecessors, (0), 0 states have call successors, (0)
[2026-06-06 01:20:50,300 INFO  L188       IsEmptyHeuristic]: Finished isEmptyHeuristic. No accepting run.
[2026-06-06 01:20:50,300 INFO  L182       IsEmptyHeuristic]: Start isEmptyHeuristic. Operand  has 5 states, 3 states have (on average 1.6666666666666667) internal successors, (5), 4 states have internal predecessors, (5), 0 states have call successors, (0), 0 states have call predecessors, (0), 0 states have return successors, (0), 0 states have call predecessors, (0), 0 states have call successors, (0)
[2026-06-06 01:20:50,300 INFO  L188       IsEmptyHeuristic]: Finished isEmptyHeuristic. No accepting run.
[2026-06-06 01:20:50,300 INFO  L182       IsEmptyHeuristic]: Start isEmptyHeuristic. Operand  has 5 states, 3 states have (on average 1.6666666666666667) internal successors, (5), 4 states have internal predecessors, (5), 0 states have call successors, (0), 0 states have call predecessors, (0), 0 states have return successors, (0), 0 states have call predecessors, (0), 0 states have call successors, (0)
[2026-06-06 01:20:50,300 INFO  L188       IsEmptyHeuristic]: Finished isEmptyHeuristic. Found accepting run of length 29
[2026-06-06 01:20:50,300 INFO  L163        IsEmptyParallel]: Finished isEmptyParallel. Found accepting run of length 29
[2026-06-06 01:20:50,300 WARN  L753                IsEmpty]: Correctness of emptinessCheck not tested.
[2026-06-06 01:20:50,300 INFO  L79                 Accepts]: Start accepts. Automaton has  has 5 states, 3 states have (on average 1.6666666666666667) internal successors, (5), 4 states have internal predecessors, (5), 0 states have call successors, (0), 0 states have call predecessors, (0), 0 states have return successors, (0), 0 states have call predecessors, (0), 0 states have call successors, (0) Word has length 28
[2026-06-06 01:20:50,300 INFO  L85                 Accepts]: Finished accepts. word is accepted.
[2026-06-06 01:20:50,300 INFO  L757                IsEmpty]: Finished testing correctness of emptinessCheck
[2026-06-06 01:20:50,300 INFO  L290                IsEmpty]: Start isEmptyParallel. Operand  has 5 states, 3 states have (on average 1.6666666666666667) internal successors, (5), 4 states have internal predecessors, (5), 0 states have call successors, (0), 0 states have call predecessors, (0), 0 states have return successors, (0), 0 states have call predecessors, (0), 0 states have call successors, (0)
[2026-06-06 01:20:50,300 INFO  L300                IsEmpty]: Finished isEmptyParallel. No accepting run.
[2026-06-06 01:20:50,300 INFO  L156        IsEmptyParallel]: Start isEmptyParallel. Operand  has 5 states, 3 states have (on average 1.6666666666666667) internal successors, (5), 4 states have internal predecessors, (5), 0 states have call successors, (0), 0 states have call predecessors, (0), 0 states have return successors, (0), 0 states have call predecessors, (0), 0 states have call successors, (0)
[2026-06-06 01:20:50,300 INFO  L182       IsEmptyHeuristic]: Start isEmptyHeuristic. Operand  has 5 states, 3 states have (on average 1.6666666666666667) internal successors, (5), 4 states have internal predecessors, (5), 0 states have call successors, (0), 0 states have call predecessors, (0), 0 states have return successors, (0), 0 states have call predecessors, (0), 0 states have call successors, (0)
[2026-06-06 01:20:50,301 INFO  L188       IsEmptyHeuristic]: Finished isEmptyHeuristic. No accepting run.
[2026-06-06 01:20:50,301 INFO  L182       IsEmptyHeuristic]: Start isEmptyHeuristic. Operand  has 5 states, 3 states have (on average 1.6666666666666667) internal successors, (5), 4 states have internal predecessors, (5), 0 states have call successors, (0), 0 states have call predecessors, (0), 0 states have return successors, (0), 0 states have call predecessors, (0), 0 states have call successors, (0)
[2026-06-06 01:20:50,301 INFO  L188       IsEmptyHeuristic]: Finished isEmptyHeuristic. No accepting run.
[2026-06-06 01:20:50,301 INFO  L182       IsEmptyHeuristic]: Start isEmptyHeuristic. Operand  has 5 states, 3 states have (on average 1.6666666666666667) internal successors, (5), 4 states have internal predecessors, (5), 0 states have call successors, (0), 0 states have call predecessors, (0), 0 states have return successors, (0), 0 states have call predecessors, (0), 0 states have call successors, (0)
[2026-06-06 01:20:50,301 INFO  L188       IsEmptyHeuristic]: Finished isEmptyHeuristic. No accepting run.
[2026-06-06 01:20:50,301 INFO  L182       IsEmptyHeuristic]: Start isEmptyHeuristic. Operand  has 5 states, 3 states have (on average 1.6666666666666667) internal successors, (5), 4 states have internal predecessors, (5), 0 states have call successors, (0), 0 states have call predecessors, (0), 0 states have return successors, (0), 0 states have call predecessors, (0), 0 states have call successors, (0)
[2026-06-06 01:20:50,301 INFO  L188       IsEmptyHeuristic]: Finished isEmptyHeuristic. No accepting run.
[2026-06-06 01:20:50,301 INFO  L182       IsEmptyHeuristic]: Start isEmptyHeuristic. Operand  has 5 states, 3 states have (on average 1.6666666666666667) internal successors, (5), 4 states have internal predecessors, (5), 0 states have call successors, (0), 0 states have call predecessors, (0), 0 states have return successors, (0), 0 states have call predecessors, (0), 0 states have call successors, (0)
[2026-06-06 01:20:50,301 INFO  L188       IsEmptyHeuristic]: Finished isEmptyHeuristic. No accepting run.
[2026-06-06 01:20:50,301 INFO  L182       IsEmptyHeuristic]: Start isEmptyHeuristic. Operand  has 5 states, 3 states have (on average 1.6666666666666667) internal successors, (5), 4 states have internal predecessors, (5), 0 states have call successors, (0), 0 states have call predecessors, (0), 0 states have return successors, (0), 0 states have call predecessors, (0), 0 states have call successors, (0)
[2026-06-06 01:20:50,301 INFO  L188       IsEmptyHeuristic]: Finished isEmptyHeuristic. No accepting run.
[2026-06-06 01:20:50,301 INFO  L182       IsEmptyHeuristic]: Start isEmptyHeuristic. Operand  has 5 states, 3 states have (on average 1.6666666666666667) internal successors, (5), 4 states have internal predecessors, (5), 0 states have call successors, (0), 0 states have call predecessors, (0), 0 states have return successors, (0), 0 states have call predecessors, (0), 0 states have call successors, (0)
[2026-06-06 01:20:50,301 INFO  L188       IsEmptyHeuristic]: Finished isEmptyHeuristic. No accepting run.
[2026-06-06 01:20:50,301 INFO  L182       IsEmptyHeuristic]: Start isEmptyHeuristic. Operand  has 5 states, 3 states have (on average 1.6666666666666667) internal successors, (5), 4 states have internal predecessors, (5), 0 states have call successors, (0), 0 states have call predecessors, (0), 0 states have return successors, (0), 0 states have call predecessors, (0), 0 states have call successors, (0)
[2026-06-06 01:20:50,301 INFO  L188       IsEmptyHeuristic]: Finished isEmptyHeuristic. No accepting run.
[2026-06-06 01:20:50,301 INFO  L182       IsEmptyHeuristic]: Start isEmptyHeuristic. Operand  has 5 states, 3 states have (on average 1.6666666666666667) internal successors, (5), 4 states have internal predecessors, (5), 0 states have call successors, (0), 0 states have call predecessors, (0), 0 states have return successors, (0), 0 states have call predecessors, (0), 0 states have call successors, (0)
[2026-06-06 01:20:50,301 INFO  L188       IsEmptyHeuristic]: Finished isEmptyHeuristic. No accepting run.
[2026-06-06 01:20:50,301 INFO  L182       IsEmptyHeuristic]: Start isEmptyHeuristic. Operand  has 5 states, 3 states have (on average 1.6666666666666667) internal successors, (5), 4 states have internal predecessors, (5), 0 states have call successors, (0), 0 states have call predecessors, (0), 0 states have return successors, (0), 0 states have call predecessors, (0), 0 states have call successors, (0)
[2026-06-06 01:20:50,301 INFO  L188       IsEmptyHeuristic]: Finished isEmptyHeuristic. No accepting run.
[2026-06-06 01:20:50,301 INFO  L182       IsEmptyHeuristic]: Start isEmptyHeuristic. Operand  has 5 states, 3 states have (on average 1.6666666666666667) internal successors, (5), 4 states have internal predecessors, (5), 0 states have call successors, (0), 0 states have call predecessors, (0), 0 states have return successors, (0), 0 states have call predecessors, (0), 0 states have call successors, (0)
[2026-06-06 01:20:50,301 INFO  L188       IsEmptyHeuristic]: Finished isEmptyHeuristic. No accepting run.
[2026-06-06 01:20:50,301 INFO  L182       IsEmptyHeuristic]: Start isEmptyHeuristic. Operand  has 5 states, 3 states have (on average 1.6666666666666667) internal successors, (5), 4 states have internal predecessors, (5), 0 states have call successors, (0), 0 states have call predecessors, (0), 0 states have return successors, (0), 0 states have call predecessors, (0), 0 states have call successors, (0)
[2026-06-06 01:20:50,301 INFO  L188       IsEmptyHeuristic]: Finished isEmptyHeuristic. No accepting run.
[2026-06-06 01:20:50,301 INFO  L182       IsEmptyHeuristic]: Start isEmptyHeuristic. Operand  has 5 states, 3 states have (on average 1.6666666666666667) internal successors, (5), 4 states have internal predecessors, (5), 0 states have call successors, (0), 0 states have call predecessors, (0), 0 states have return successors, (0), 0 states have call predecessors, (0), 0 states have call successors, (0)
[2026-06-06 01:20:50,301 INFO  L188       IsEmptyHeuristic]: Finished isEmptyHeuristic. No accepting run.
[2026-06-06 01:20:50,301 INFO  L182       IsEmptyHeuristic]: Start isEmptyHeuristic. Operand  has 5 states, 3 states have (on average 1.6666666666666667) internal successors, (5), 4 states have internal predecessors, (5), 0 states have call successors, (0), 0 states have call predecessors, (0), 0 states have return successors, (0), 0 states have call predecessors, (0), 0 states have call successors, (0)
[2026-06-06 01:20:50,301 INFO  L188       IsEmptyHeuristic]: Finished isEmptyHeuristic. No accepting run.
[2026-06-06 01:20:50,301 INFO  L182       IsEmptyHeuristic]: Start isEmptyHeuristic. Operand  has 5 states, 3 states have (on average 1.6666666666666667) internal successors, (5), 4 states have internal predecessors, (5), 0 states have call successors, (0), 0 states have call predecessors, (0), 0 states have return successors, (0), 0 states have call predecessors, (0), 0 states have call successors, (0)
[2026-06-06 01:20:50,301 INFO  L188       IsEmptyHeuristic]: Finished isEmptyHeuristic. No accepting run.
[2026-06-06 01:20:50,301 INFO  L182       IsEmptyHeuristic]: Start isEmptyHeuristic. Operand  has 5 states, 3 states have (on average 1.6666666666666667) internal successors, (5), 4 states have internal predecessors, (5), 0 states have call successors, (0), 0 states have call predecessors, (0), 0 states have return successors, (0), 0 states have call predecessors, (0), 0 states have call successors, (0)
[2026-06-06 01:20:50,301 INFO  L188       IsEmptyHeuristic]: Finished isEmptyHeuristic. No accepting run.
[2026-06-06 01:20:50,301 INFO  L182       IsEmptyHeuristic]: Start isEmptyHeuristic. Operand  has 5 states, 3 states have (on average 1.6666666666666667) internal successors, (5), 4 states have internal predecessors, (5), 0 states have call successors, (0), 0 states have call predecessors, (0), 0 states have return successors, (0), 0 states have call predecessors, (0), 0 states have call successors, (0)
[2026-06-06 01:20:50,302 INFO  L188       IsEmptyHeuristic]: Finished isEmptyHeuristic. No accepting run.
[2026-06-06 01:20:50,302 INFO  L182       IsEmptyHeuristic]: Start isEmptyHeuristic. Operand  has 5 states, 3 states have (on average 1.6666666666666667) internal successors, (5), 4 states have internal predecessors, (5), 0 states have call successors, (0), 0 states have call predecessors, (0), 0 states have return successors, (0), 0 states have call predecessors, (0), 0 states have call successors, (0)
[2026-06-06 01:20:50,302 INFO  L188       IsEmptyHeuristic]: Finished isEmptyHeuristic. No accepting run.
[2026-06-06 01:20:50,302 INFO  L182       IsEmptyHeuristic]: Start isEmptyHeuristic. Operand  has 5 states, 3 states have (on average 1.6666666666666667) internal successors, (5), 4 states have internal predecessors, (5), 0 states have call successors, (0), 0 states have call predecessors, (0), 0 states have return successors, (0), 0 states have call predecessors, (0), 0 states have call successors, (0)
[2026-06-06 01:20:50,302 INFO  L188       IsEmptyHeuristic]: Finished isEmptyHeuristic. No accepting run.
[2026-06-06 01:20:50,302 INFO  L182       IsEmptyHeuristic]: Start isEmptyHeuristic. Operand  has 5 states, 3 states have (on average 1.6666666666666667) internal successors, (5), 4 states have internal predecessors, (5), 0 states have call successors, (0), 0 states have call predecessors, (0), 0 states have return successors, (0), 0 states have call predecessors, (0), 0 states have call successors, (0)
[2026-06-06 01:20:50,302 INFO  L188       IsEmptyHeuristic]: Finished isEmptyHeuristic. No accepting run.
[2026-06-06 01:20:50,302 INFO  L182       IsEmptyHeuristic]: Start isEmptyHeuristic. Operand  has 5 states, 3 states have (on average 1.6666666666666667) internal successors, (5), 4 states have internal predecessors, (5), 0 states have call successors, (0), 0 states have call predecessors, (0), 0 states have return successors, (0), 0 states have call predecessors, (0), 0 states have call successors, (0)
[2026-06-06 01:20:50,302 INFO  L188       IsEmptyHeuristic]: Finished isEmptyHeuristic. No accepting run.
[2026-06-06 01:20:50,302 INFO  L182       IsEmptyHeuristic]: Start isEmptyHeuristic. Operand  has 5 states, 3 states have (on average 1.6666666666666667) internal successors, (5), 4 states have internal predecessors, (5), 0 states have call successors, (0), 0 states have call predecessors, (0), 0 states have return successors, (0), 0 states have call predecessors, (0), 0 states have call successors, (0)
[2026-06-06 01:20:50,302 INFO  L188       IsEmptyHeuristic]: Finished isEmptyHeuristic. No accepting run.
[2026-06-06 01:20:50,302 INFO  L182       IsEmptyHeuristic]: Start isEmptyHeuristic. Operand  has 5 states, 3 states have (on average 1.6666666666666667) internal successors, (5), 4 states have internal predecessors, (5), 0 states have call successors, (0), 0 states have call predecessors, (0), 0 states have return successors, (0), 0 states have call predecessors, (0), 0 states have call successors, (0)
[2026-06-06 01:20:50,302 INFO  L188       IsEmptyHeuristic]: Finished isEmptyHeuristic. No accepting run.
[2026-06-06 01:20:50,302 INFO  L182       IsEmptyHeuristic]: Start isEmptyHeuristic. Operand  has 5 states, 3 states have (on average 1.6666666666666667) internal successors, (5), 4 states have internal predecessors, (5), 0 states have call successors, (0), 0 states have call predecessors, (0), 0 states have return successors, (0), 0 states have call predecessors, (0), 0 states have call successors, (0)
[2026-06-06 01:20:50,302 INFO  L188       IsEmptyHeuristic]: Finished isEmptyHeuristic. No accepting run.
[2026-06-06 01:20:50,302 INFO  L182       IsEmptyHeuristic]: Start isEmptyHeuristic. Operand  has 5 states, 3 states have (on average 1.6666666666666667) internal successors, (5), 4 states have internal predecessors, (5), 0 states have call successors, (0), 0 states have call predecessors, (0), 0 states have return successors, (0), 0 states have call predecessors, (0), 0 states have call successors, (0)
[2026-06-06 01:20:50,302 INFO  L188       IsEmptyHeuristic]: Finished isEmptyHeuristic. No accepting run.
[2026-06-06 01:20:50,302 INFO  L182       IsEmptyHeuristic]: Start isEmptyHeuristic. Operand  has 5 states, 3 states have (on average 1.6666666666666667) internal successors, (5), 4 states have internal predecessors, (5), 0 states have call successors, (0), 0 states have call predecessors, (0), 0 states have return successors, (0), 0 states have call predecessors, (0), 0 states have call successors, (0)
[2026-06-06 01:20:50,302 INFO  L188       IsEmptyHeuristic]: Finished isEmptyHeuristic. No accepting run.
[2026-06-06 01:20:50,302 INFO  L182       IsEmptyHeuristic]: Start isEmptyHeuristic. Operand  has 5 states, 3 states have (on average 1.6666666666666667) internal successors, (5), 4 states have internal predecessors, (5), 0 states have call successors, (0), 0 states have call predecessors, (0), 0 states have return successors, (0), 0 states have call predecessors, (0), 0 states have call successors, (0)
[2026-06-06 01:20:50,302 INFO  L188       IsEmptyHeuristic]: Finished isEmptyHeuristic. Found accepting run of length 32
[2026-06-06 01:20:50,302 INFO  L163        IsEmptyParallel]: Finished isEmptyParallel. Found accepting run of length 32
[2026-06-06 01:20:50,302 WARN  L753                IsEmpty]: Correctness of emptinessCheck not tested.
[2026-06-06 01:20:50,302 INFO  L79                 Accepts]: Start accepts. Automaton has  has 5 states, 3 states have (on average 1.6666666666666667) internal successors, (5), 4 states have internal predecessors, (5), 0 states have call successors, (0), 0 states have call predecessors, (0), 0 states have return successors, (0), 0 states have call predecessors, (0), 0 states have call successors, (0) Word has length 31
[2026-06-06 01:20:50,303 INFO  L85                 Accepts]: Finished accepts. word is accepted.
[2026-06-06 01:20:50,303 INFO  L757                IsEmpty]: Finished testing correctness of emptinessCheck
[2026-06-06 01:20:50,303 INFO  L290                IsEmpty]: Start isEmptyParallel. Operand  has 5 states, 3 states have (on average 1.6666666666666667) internal successors, (5), 4 states have internal predecessors, (5), 0 states have call successors, (0), 0 states have call predecessors, (0), 0 states have return successors, (0), 0 states have call predecessors, (0), 0 states have call successors, (0)
[2026-06-06 01:20:50,303 INFO  L300                IsEmpty]: Finished isEmptyParallel. No accepting run.
[2026-06-06 01:20:50,303 INFO  L156        IsEmptyParallel]: Start isEmptyParallel. Operand  has 5 states, 3 states have (on average 1.6666666666666667) internal successors, (5), 4 states have internal predecessors, (5), 0 states have call successors, (0), 0 states have call predecessors, (0), 0 states have return successors, (0), 0 states have call predecessors, (0), 0 states have call successors, (0)
[2026-06-06 01:20:50,303 INFO  L182       IsEmptyHeuristic]: Start isEmptyHeuristic. Operand  has 5 states, 3 states have (on average 1.6666666666666667) internal successors, (5), 4 states have internal predecessors, (5), 0 states have call successors, (0), 0 states have call predecessors, (0), 0 states have return successors, (0), 0 states have call predecessors, (0), 0 states have call successors, (0)
[2026-06-06 01:20:50,303 INFO  L188       IsEmptyHeuristic]: Finished isEmptyHeuristic. No accepting run.
[2026-06-06 01:20:50,303 INFO  L182       IsEmptyHeuristic]: Start isEmptyHeuristic. Operand  has 5 states, 3 states have (on average 1.6666666666666667) internal successors, (5), 4 states have internal predecessors, (5), 0 states have call successors, (0), 0 states have call predecessors, (0), 0 states have return successors, (0), 0 states have call predecessors, (0), 0 states have call successors, (0)
[2026-06-06 01:20:50,303 INFO  L188       IsEmptyHeuristic]: Finished isEmptyHeuristic. No accepting run.
[2026-06-06 01:20:50,303 INFO  L182       IsEmptyHeuristic]: Start isEmptyHeuristic. Operand  has 5 states, 3 states have (on average 1.6666666666666667) internal successors, (5), 4 states have internal predecessors, (5), 0 states have call successors, (0), 0 states have call predecessors, (0), 0 states have return successors, (0), 0 states have call predecessors, (0), 0 states have call successors, (0)
[2026-06-06 01:20:50,303 INFO  L188       IsEmptyHeuristic]: Finished isEmptyHeuristic. No accepting run.
[2026-06-06 01:20:50,303 INFO  L182       IsEmptyHeuristic]: Start isEmptyHeuristic. Operand  has 5 states, 3 states have (on average 1.6666666666666667) internal successors, (5), 4 states have internal predecessors, (5), 0 states have call successors, (0), 0 states have call predecessors, (0), 0 states have return successors, (0), 0 states have call predecessors, (0), 0 states have call successors, (0)
[2026-06-06 01:20:50,303 INFO  L188       IsEmptyHeuristic]: Finished isEmptyHeuristic. No accepting run.
[2026-06-06 01:20:50,303 INFO  L182       IsEmptyHeuristic]: Start isEmptyHeuristic. Operand  has 5 states, 3 states have (on average 1.6666666666666667) internal successors, (5), 4 states have internal predecessors, (5), 0 states have call successors, (0), 0 states have call predecessors, (0), 0 states have return successors, (0), 0 states have call predecessors, (0), 0 states have call successors, (0)
[2026-06-06 01:20:50,303 INFO  L188       IsEmptyHeuristic]: Finished isEmptyHeuristic. No accepting run.
[2026-06-06 01:20:50,303 INFO  L182       IsEmptyHeuristic]: Start isEmptyHeuristic. Operand  has 5 states, 3 states have (on average 1.6666666666666667) internal successors, (5), 4 states have internal predecessors, (5), 0 states have call successors, (0), 0 states have call predecessors, (0), 0 states have return successors, (0), 0 states have call predecessors, (0), 0 states have call successors, (0)
[2026-06-06 01:20:50,303 INFO  L188       IsEmptyHeuristic]: Finished isEmptyHeuristic. No accepting run.
[2026-06-06 01:20:50,303 INFO  L182       IsEmptyHeuristic]: Start isEmptyHeuristic. Operand  has 5 states, 3 states have (on average 1.6666666666666667) internal successors, (5), 4 states have internal predecessors, (5), 0 states have call successors, (0), 0 states have call predecessors, (0), 0 states have return successors, (0), 0 states have call predecessors, (0), 0 states have call successors, (0)
[2026-06-06 01:20:50,303 INFO  L188       IsEmptyHeuristic]: Finished isEmptyHeuristic. No accepting run.
[2026-06-06 01:20:50,303 INFO  L182       IsEmptyHeuristic]: Start isEmptyHeuristic. Operand  has 5 states, 3 states have (on average 1.6666666666666667) internal successors, (5), 4 states have internal predecessors, (5), 0 states have call successors, (0), 0 states have call predecessors, (0), 0 states have return successors, (0), 0 states have call predecessors, (0), 0 states have call successors, (0)
[2026-06-06 01:20:50,303 INFO  L188       IsEmptyHeuristic]: Finished isEmptyHeuristic. No accepting run.
[2026-06-06 01:20:50,303 INFO  L182       IsEmptyHeuristic]: Start isEmptyHeuristic. Operand  has 5 states, 3 states have (on average 1.6666666666666667) internal successors, (5), 4 states have internal predecessors, (5), 0 states have call successors, (0), 0 states have call predecessors, (0), 0 states have return successors, (0), 0 states have call predecessors, (0), 0 states have call successors, (0)
[2026-06-06 01:20:50,303 INFO  L188       IsEmptyHeuristic]: Finished isEmptyHeuristic. No accepting run.
[2026-06-06 01:20:50,303 INFO  L182       IsEmptyHeuristic]: Start isEmptyHeuristic. Operand  has 5 states, 3 states have (on average 1.6666666666666667) internal successors, (5), 4 states have internal predecessors, (5), 0 states have call successors, (0), 0 states have call predecessors, (0), 0 states have return successors, (0), 0 states have call predecessors, (0), 0 states have call successors, (0)
[2026-06-06 01:20:50,303 INFO  L188       IsEmptyHeuristic]: Finished isEmptyHeuristic. No accepting run.
[2026-06-06 01:20:50,303 INFO  L182       IsEmptyHeuristic]: Start isEmptyHeuristic. Operand  has 5 states, 3 states have (on average 1.6666666666666667) internal successors, (5), 4 states have internal predecessors, (5), 0 states have call successors, (0), 0 states have call predecessors, (0), 0 states have return successors, (0), 0 states have call predecessors, (0), 0 states have call successors, (0)
[2026-06-06 01:20:50,303 INFO  L188       IsEmptyHeuristic]: Finished isEmptyHeuristic. No accepting run.
[2026-06-06 01:20:50,303 INFO  L182       IsEmptyHeuristic]: Start isEmptyHeuristic. Operand  has 5 states, 3 states have (on average 1.6666666666666667) internal successors, (5), 4 states have internal predecessors, (5), 0 states have call successors, (0), 0 states have call predecessors, (0), 0 states have return successors, (0), 0 states have call predecessors, (0), 0 states have call successors, (0)
[2026-06-06 01:20:50,303 INFO  L188       IsEmptyHeuristic]: Finished isEmptyHeuristic. No accepting run.
[2026-06-06 01:20:50,303 INFO  L182       IsEmptyHeuristic]: Start isEmptyHeuristic. Operand  has 5 states, 3 states have (on average 1.6666666666666667) internal successors, (5), 4 states have internal predecessors, (5), 0 states have call successors, (0), 0 states have call predecessors, (0), 0 states have return successors, (0), 0 states have call predecessors, (0), 0 states have call successors, (0)
[2026-06-06 01:20:50,303 INFO  L188       IsEmptyHeuristic]: Finished isEmptyHeuristic. No accepting run.
[2026-06-06 01:20:50,303 INFO  L182       IsEmptyHeuristic]: Start isEmptyHeuristic. Operand  has 5 states, 3 states have (on average 1.6666666666666667) internal successors, (5), 4 states have internal predecessors, (5), 0 states have call successors, (0), 0 states have call predecessors, (0), 0 states have return successors, (0), 0 states have call predecessors, (0), 0 states have call successors, (0)
[2026-06-06 01:20:50,303 INFO  L188       IsEmptyHeuristic]: Finished isEmptyHeuristic. No accepting run.
[2026-06-06 01:20:50,303 INFO  L182       IsEmptyHeuristic]: Start isEmptyHeuristic. Operand  has 5 states, 3 states have (on average 1.6666666666666667) internal successors, (5), 4 states have internal predecessors, (5), 0 states have call successors, (0), 0 states have call predecessors, (0), 0 states have return successors, (0), 0 states have call predecessors, (0), 0 states have call successors, (0)
[2026-06-06 01:20:50,304 INFO  L188       IsEmptyHeuristic]: Finished isEmptyHeuristic. No accepting run.
[2026-06-06 01:20:50,304 INFO  L182       IsEmptyHeuristic]: Start isEmptyHeuristic. Operand  has 5 states, 3 states have (on average 1.6666666666666667) internal successors, (5), 4 states have internal predecessors, (5), 0 states have call successors, (0), 0 states have call predecessors, (0), 0 states have return successors, (0), 0 states have call predecessors, (0), 0 states have call successors, (0)
[2026-06-06 01:20:50,304 INFO  L188       IsEmptyHeuristic]: Finished isEmptyHeuristic. No accepting run.
[2026-06-06 01:20:50,304 INFO  L182       IsEmptyHeuristic]: Start isEmptyHeuristic. Operand  has 5 states, 3 states have (on average 1.6666666666666667) internal successors, (5), 4 states have internal predecessors, (5), 0 states have call successors, (0), 0 states have call predecessors, (0), 0 states have return successors, (0), 0 states have call predecessors, (0), 0 states have call successors, (0)
[2026-06-06 01:20:50,304 INFO  L188       IsEmptyHeuristic]: Finished isEmptyHeuristic. No accepting run.
[2026-06-06 01:20:50,304 INFO  L182       IsEmptyHeuristic]: Start isEmptyHeuristic. Operand  has 5 states, 3 states have (on average 1.6666666666666667) internal successors, (5), 4 states have internal predecessors, (5), 0 states have call successors, (0), 0 states have call predecessors, (0), 0 states have return successors, (0), 0 states have call predecessors, (0), 0 states have call successors, (0)
[2026-06-06 01:20:50,304 INFO  L188       IsEmptyHeuristic]: Finished isEmptyHeuristic. No accepting run.
[2026-06-06 01:20:50,304 INFO  L182       IsEmptyHeuristic]: Start isEmptyHeuristic. Operand  has 5 states, 3 states have (on average 1.6666666666666667) internal successors, (5), 4 states have internal predecessors, (5), 0 states have call successors, (0), 0 states have call predecessors, (0), 0 states have return successors, (0), 0 states have call predecessors, (0), 0 states have call successors, (0)
[2026-06-06 01:20:50,304 INFO  L188       IsEmptyHeuristic]: Finished isEmptyHeuristic. No accepting run.
[2026-06-06 01:20:50,304 INFO  L182       IsEmptyHeuristic]: Start isEmptyHeuristic. Operand  has 5 states, 3 states have (on average 1.6666666666666667) internal successors, (5), 4 states have internal predecessors, (5), 0 states have call successors, (0), 0 states have call predecessors, (0), 0 states have return successors, (0), 0 states have call predecessors, (0), 0 states have call successors, (0)
[2026-06-06 01:20:50,304 INFO  L188       IsEmptyHeuristic]: Finished isEmptyHeuristic. No accepting run.
[2026-06-06 01:20:50,304 INFO  L182       IsEmptyHeuristic]: Start isEmptyHeuristic. Operand  has 5 states, 3 states have (on average 1.6666666666666667) internal successors, (5), 4 states have internal predecessors, (5), 0 states have call successors, (0), 0 states have call predecessors, (0), 0 states have return successors, (0), 0 states have call predecessors, (0), 0 states have call successors, (0)
[2026-06-06 01:20:50,304 INFO  L188       IsEmptyHeuristic]: Finished isEmptyHeuristic. No accepting run.
[2026-06-06 01:20:50,304 INFO  L182       IsEmptyHeuristic]: Start isEmptyHeuristic. Operand  has 5 states, 3 states have (on average 1.6666666666666667) internal successors, (5), 4 states have internal predecessors, (5), 0 states have call successors, (0), 0 states have call predecessors, (0), 0 states have return successors, (0), 0 states have call predecessors, (0), 0 states have call successors, (0)
[2026-06-06 01:20:50,304 INFO  L188       IsEmptyHeuristic]: Finished isEmptyHeuristic. No accepting run.
[2026-06-06 01:20:50,304 INFO  L182       IsEmptyHeuristic]: Start isEmptyHeuristic. Operand  has 5 states, 3 states have (on average 1.6666666666666667) internal successors, (5), 4 states have internal predecessors, (5), 0 states have call successors, (0), 0 states have call predecessors, (0), 0 states have return successors, (0), 0 states have call predecessors, (0), 0 states have call successors, (0)
[2026-06-06 01:20:50,304 INFO  L188       IsEmptyHeuristic]: Finished isEmptyHeuristic. No accepting run.
[2026-06-06 01:20:50,304 INFO  L182       IsEmptyHeuristic]: Start isEmptyHeuristic. Operand  has 5 states, 3 states have (on average 1.6666666666666667) internal successors, (5), 4 states have internal predecessors, (5), 0 states have call successors, (0), 0 states have call predecessors, (0), 0 states have return successors, (0), 0 states have call predecessors, (0), 0 states have call successors, (0)
[2026-06-06 01:20:50,304 INFO  L188       IsEmptyHeuristic]: Finished isEmptyHeuristic. No accepting run.
[2026-06-06 01:20:50,304 INFO  L182       IsEmptyHeuristic]: Start isEmptyHeuristic. Operand  has 5 states, 3 states have (on average 1.6666666666666667) internal successors, (5), 4 states have internal predecessors, (5), 0 states have call successors, (0), 0 states have call predecessors, (0), 0 states have return successors, (0), 0 states have call predecessors, (0), 0 states have call successors, (0)
[2026-06-06 01:20:50,304 INFO  L188       IsEmptyHeuristic]: Finished isEmptyHeuristic. No accepting run.
[2026-06-06 01:20:50,304 INFO  L182       IsEmptyHeuristic]: Start isEmptyHeuristic. Operand  has 5 states, 3 states have (on average 1.6666666666666667) internal successors, (5), 4 states have internal predecessors, (5), 0 states have call successors, (0), 0 states have call predecessors, (0), 0 states have return successors, (0), 0 states have call predecessors, (0), 0 states have call successors, (0)
[2026-06-06 01:20:50,304 INFO  L188       IsEmptyHeuristic]: Finished isEmptyHeuristic. No accepting run.
[2026-06-06 01:20:50,304 INFO  L182       IsEmptyHeuristic]: Start isEmptyHeuristic. Operand  has 5 states, 3 states have (on average 1.6666666666666667) internal successors, (5), 4 states have internal predecessors, (5), 0 states have call successors, (0), 0 states have call predecessors, (0), 0 states have return successors, (0), 0 states have call predecessors, (0), 0 states have call successors, (0)
[2026-06-06 01:20:50,305 INFO  L188       IsEmptyHeuristic]: Finished isEmptyHeuristic. No accepting run.
[2026-06-06 01:20:50,305 INFO  L182       IsEmptyHeuristic]: Start isEmptyHeuristic. Operand  has 5 states, 3 states have (on average 1.6666666666666667) internal successors, (5), 4 states have internal predecessors, (5), 0 states have call successors, (0), 0 states have call predecessors, (0), 0 states have return successors, (0), 0 states have call predecessors, (0), 0 states have call successors, (0)
[2026-06-06 01:20:50,305 INFO  L188       IsEmptyHeuristic]: Finished isEmptyHeuristic. Found accepting run of length 31
[2026-06-06 01:20:50,305 INFO  L163        IsEmptyParallel]: Finished isEmptyParallel. Found accepting run of length 31
[2026-06-06 01:20:50,305 WARN  L753                IsEmpty]: Correctness of emptinessCheck not tested.
[2026-06-06 01:20:50,305 INFO  L79                 Accepts]: Start accepts. Automaton has  has 5 states, 3 states have (on average 1.6666666666666667) internal successors, (5), 4 states have internal predecessors, (5), 0 states have call successors, (0), 0 states have call predecessors, (0), 0 states have return successors, (0), 0 states have call predecessors, (0), 0 states have call successors, (0) Word has length 30
[2026-06-06 01:20:50,305 INFO  L85                 Accepts]: Finished accepts. word is accepted.
[2026-06-06 01:20:50,305 INFO  L757                IsEmpty]: Finished testing correctness of emptinessCheck
[2026-06-06 01:20:50,305 INFO  L290                IsEmpty]: Start isEmptyParallel. Operand  has 5 states, 3 states have (on average 1.6666666666666667) internal successors, (5), 4 states have internal predecessors, (5), 0 states have call successors, (0), 0 states have call predecessors, (0), 0 states have return successors, (0), 0 states have call predecessors, (0), 0 states have call successors, (0)
[2026-06-06 01:20:50,305 INFO  L300                IsEmpty]: Finished isEmptyParallel. No accepting run.
[2026-06-06 01:20:50,305 INFO  L156        IsEmptyParallel]: Start isEmptyParallel. Operand  has 5 states, 3 states have (on average 1.6666666666666667) internal successors, (5), 4 states have internal predecessors, (5), 0 states have call successors, (0), 0 states have call predecessors, (0), 0 states have return successors, (0), 0 states have call predecessors, (0), 0 states have call successors, (0)
[2026-06-06 01:20:50,305 INFO  L182       IsEmptyHeuristic]: Start isEmptyHeuristic. Operand  has 5 states, 3 states have (on average 1.6666666666666667) internal successors, (5), 4 states have internal predecessors, (5), 0 states have call successors, (0), 0 states have call predecessors, (0), 0 states have return successors, (0), 0 states have call predecessors, (0), 0 states have call successors, (0)
[2026-06-06 01:20:50,305 INFO  L188       IsEmptyHeuristic]: Finished isEmptyHeuristic. No accepting run.
[2026-06-06 01:20:50,305 INFO  L182       IsEmptyHeuristic]: Start isEmptyHeuristic. Operand  has 5 states, 3 states have (on average 1.6666666666666667) internal successors, (5), 4 states have internal predecessors, (5), 0 states have call successors, (0), 0 states have call predecessors, (0), 0 states have return successors, (0), 0 states have call predecessors, (0), 0 states have call successors, (0)
[2026-06-06 01:20:50,305 INFO  L188       IsEmptyHeuristic]: Finished isEmptyHeuristic. No accepting run.
[2026-06-06 01:20:50,305 INFO  L182       IsEmptyHeuristic]: Start isEmptyHeuristic. Operand  has 5 states, 3 states have (on average 1.6666666666666667) internal successors, (5), 4 states have internal predecessors, (5), 0 states have call successors, (0), 0 states have call predecessors, (0), 0 states have return successors, (0), 0 states have call predecessors, (0), 0 states have call successors, (0)
[2026-06-06 01:20:50,305 INFO  L188       IsEmptyHeuristic]: Finished isEmptyHeuristic. No accepting run.
[2026-06-06 01:20:50,305 INFO  L182       IsEmptyHeuristic]: Start isEmptyHeuristic. Operand  has 5 states, 3 states have (on average 1.6666666666666667) internal successors, (5), 4 states have internal predecessors, (5), 0 states have call successors, (0), 0 states have call predecessors, (0), 0 states have return successors, (0), 0 states have call predecessors, (0), 0 states have call successors, (0)
[2026-06-06 01:20:50,305 INFO  L188       IsEmptyHeuristic]: Finished isEmptyHeuristic. No accepting run.
[2026-06-06 01:20:50,305 INFO  L182       IsEmptyHeuristic]: Start isEmptyHeuristic. Operand  has 5 states, 3 states have (on average 1.6666666666666667) internal successors, (5), 4 states have internal predecessors, (5), 0 states have call successors, (0), 0 states have call predecessors, (0), 0 states have return successors, (0), 0 states have call predecessors, (0), 0 states have call successors, (0)
[2026-06-06 01:20:50,305 INFO  L188       IsEmptyHeuristic]: Finished isEmptyHeuristic. No accepting run.
[2026-06-06 01:20:50,305 INFO  L182       IsEmptyHeuristic]: Start isEmptyHeuristic. Operand  has 5 states, 3 states have (on average 1.6666666666666667) internal successors, (5), 4 states have internal predecessors, (5), 0 states have call successors, (0), 0 states have call predecessors, (0), 0 states have return successors, (0), 0 states have call predecessors, (0), 0 states have call successors, (0)
[2026-06-06 01:20:50,305 INFO  L188       IsEmptyHeuristic]: Finished isEmptyHeuristic. No accepting run.
[2026-06-06 01:20:50,305 INFO  L182       IsEmptyHeuristic]: Start isEmptyHeuristic. Operand  has 5 states, 3 states have (on average 1.6666666666666667) internal successors, (5), 4 states have internal predecessors, (5), 0 states have call successors, (0), 0 states have call predecessors, (0), 0 states have return successors, (0), 0 states have call predecessors, (0), 0 states have call successors, (0)
[2026-06-06 01:20:50,305 INFO  L188       IsEmptyHeuristic]: Finished isEmptyHeuristic. No accepting run.
[2026-06-06 01:20:50,305 INFO  L182       IsEmptyHeuristic]: Start isEmptyHeuristic. Operand  has 5 states, 3 states have (on average 1.6666666666666667) internal successors, (5), 4 states have internal predecessors, (5), 0 states have call successors, (0), 0 states have call predecessors, (0), 0 states have return successors, (0), 0 states have call predecessors, (0), 0 states have call successors, (0)
[2026-06-06 01:20:50,305 INFO  L188       IsEmptyHeuristic]: Finished isEmptyHeuristic. No accepting run.
[2026-06-06 01:20:50,305 INFO  L182       IsEmptyHeuristic]: Start isEmptyHeuristic. Operand  has 5 states, 3 states have (on average 1.6666666666666667) internal successors, (5), 4 states have internal predecessors, (5), 0 states have call successors, (0), 0 states have call predecessors, (0), 0 states have return successors, (0), 0 states have call predecessors, (0), 0 states have call successors, (0)
[2026-06-06 01:20:50,305 INFO  L188       IsEmptyHeuristic]: Finished isEmptyHeuristic. No accepting run.
[2026-06-06 01:20:50,305 INFO  L182       IsEmptyHeuristic]: Start isEmptyHeuristic. Operand  has 5 states, 3 states have (on average 1.6666666666666667) internal successors, (5), 4 states have internal predecessors, (5), 0 states have call successors, (0), 0 states have call predecessors, (0), 0 states have return successors, (0), 0 states have call predecessors, (0), 0 states have call successors, (0)
[2026-06-06 01:20:50,305 INFO  L188       IsEmptyHeuristic]: Finished isEmptyHeuristic. No accepting run.
[2026-06-06 01:20:50,305 INFO  L182       IsEmptyHeuristic]: Start isEmptyHeuristic. Operand  has 5 states, 3 states have (on average 1.6666666666666667) internal successors, (5), 4 states have internal predecessors, (5), 0 states have call successors, (0), 0 states have call predecessors, (0), 0 states have return successors, (0), 0 states have call predecessors, (0), 0 states have call successors, (0)
[2026-06-06 01:20:50,305 INFO  L188       IsEmptyHeuristic]: Finished isEmptyHeuristic. No accepting run.
[2026-06-06 01:20:50,306 INFO  L182       IsEmptyHeuristic]: Start isEmptyHeuristic. Operand  has 5 states, 3 states have (on average 1.6666666666666667) internal successors, (5), 4 states have internal predecessors, (5), 0 states have call successors, (0), 0 states have call predecessors, (0), 0 states have return successors, (0), 0 states have call predecessors, (0), 0 states have call successors, (0)
[2026-06-06 01:20:50,306 INFO  L188       IsEmptyHeuristic]: Finished isEmptyHeuristic. No accepting run.
[2026-06-06 01:20:50,306 INFO  L182       IsEmptyHeuristic]: Start isEmptyHeuristic. Operand  has 5 states, 3 states have (on average 1.6666666666666667) internal successors, (5), 4 states have internal predecessors, (5), 0 states have call successors, (0), 0 states have call predecessors, (0), 0 states have return successors, (0), 0 states have call predecessors, (0), 0 states have call successors, (0)
[2026-06-06 01:20:50,306 INFO  L188       IsEmptyHeuristic]: Finished isEmptyHeuristic. No accepting run.
[2026-06-06 01:20:50,306 INFO  L182       IsEmptyHeuristic]: Start isEmptyHeuristic. Operand  has 5 states, 3 states have (on average 1.6666666666666667) internal successors, (5), 4 states have internal predecessors, (5), 0 states have call successors, (0), 0 states have call predecessors, (0), 0 states have return successors, (0), 0 states have call predecessors, (0), 0 states have call successors, (0)
[2026-06-06 01:20:50,306 INFO  L188       IsEmptyHeuristic]: Finished isEmptyHeuristic. No accepting run.
[2026-06-06 01:20:50,306 INFO  L182       IsEmptyHeuristic]: Start isEmptyHeuristic. Operand  has 5 states, 3 states have (on average 1.6666666666666667) internal successors, (5), 4 states have internal predecessors, (5), 0 states have call successors, (0), 0 states have call predecessors, (0), 0 states have return successors, (0), 0 states have call predecessors, (0), 0 states have call successors, (0)
[2026-06-06 01:20:50,306 INFO  L188       IsEmptyHeuristic]: Finished isEmptyHeuristic. No accepting run.
[2026-06-06 01:20:50,306 INFO  L182       IsEmptyHeuristic]: Start isEmptyHeuristic. Operand  has 5 states, 3 states have (on average 1.6666666666666667) internal successors, (5), 4 states have internal predecessors, (5), 0 states have call successors, (0), 0 states have call predecessors, (0), 0 states have return successors, (0), 0 states have call predecessors, (0), 0 states have call successors, (0)
[2026-06-06 01:20:50,306 INFO  L188       IsEmptyHeuristic]: Finished isEmptyHeuristic. No accepting run.
[2026-06-06 01:20:50,306 INFO  L182       IsEmptyHeuristic]: Start isEmptyHeuristic. Operand  has 5 states, 3 states have (on average 1.6666666666666667) internal successors, (5), 4 states have internal predecessors, (5), 0 states have call successors, (0), 0 states have call predecessors, (0), 0 states have return successors, (0), 0 states have call predecessors, (0), 0 states have call successors, (0)
[2026-06-06 01:20:50,306 INFO  L188       IsEmptyHeuristic]: Finished isEmptyHeuristic. No accepting run.
[2026-06-06 01:20:50,306 INFO  L182       IsEmptyHeuristic]: Start isEmptyHeuristic. Operand  has 5 states, 3 states have (on average 1.6666666666666667) internal successors, (5), 4 states have internal predecessors, (5), 0 states have call successors, (0), 0 states have call predecessors, (0), 0 states have return successors, (0), 0 states have call predecessors, (0), 0 states have call successors, (0)
[2026-06-06 01:20:50,306 INFO  L188       IsEmptyHeuristic]: Finished isEmptyHeuristic. No accepting run.
[2026-06-06 01:20:50,306 INFO  L182       IsEmptyHeuristic]: Start isEmptyHeuristic. Operand  has 5 states, 3 states have (on average 1.6666666666666667) internal successors, (5), 4 states have internal predecessors, (5), 0 states have call successors, (0), 0 states have call predecessors, (0), 0 states have return successors, (0), 0 states have call predecessors, (0), 0 states have call successors, (0)
[2026-06-06 01:20:50,306 INFO  L188       IsEmptyHeuristic]: Finished isEmptyHeuristic. No accepting run.
[2026-06-06 01:20:50,306 INFO  L182       IsEmptyHeuristic]: Start isEmptyHeuristic. Operand  has 5 states, 3 states have (on average 1.6666666666666667) internal successors, (5), 4 states have internal predecessors, (5), 0 states have call successors, (0), 0 states have call predecessors, (0), 0 states have return successors, (0), 0 states have call predecessors, (0), 0 states have call successors, (0)
[2026-06-06 01:20:50,306 INFO  L188       IsEmptyHeuristic]: Finished isEmptyHeuristic. No accepting run.
[2026-06-06 01:20:50,306 INFO  L182       IsEmptyHeuristic]: Start isEmptyHeuristic. Operand  has 5 states, 3 states have (on average 1.6666666666666667) internal successors, (5), 4 states have internal predecessors, (5), 0 states have call successors, (0), 0 states have call predecessors, (0), 0 states have return successors, (0), 0 states have call predecessors, (0), 0 states have call successors, (0)
[2026-06-06 01:20:50,306 INFO  L188       IsEmptyHeuristic]: Finished isEmptyHeuristic. No accepting run.
[2026-06-06 01:20:50,306 INFO  L182       IsEmptyHeuristic]: Start isEmptyHeuristic. Operand  has 5 states, 3 states have (on average 1.6666666666666667) internal successors, (5), 4 states have internal predecessors, (5), 0 states have call successors, (0), 0 states have call predecessors, (0), 0 states have return successors, (0), 0 states have call predecessors, (0), 0 states have call successors, (0)
[2026-06-06 01:20:50,306 INFO  L188       IsEmptyHeuristic]: Finished isEmptyHeuristic. No accepting run.
[2026-06-06 01:20:50,306 INFO  L182       IsEmptyHeuristic]: Start isEmptyHeuristic. Operand  has 5 states, 3 states have (on average 1.6666666666666667) internal successors, (5), 4 states have internal predecessors, (5), 0 states have call successors, (0), 0 states have call predecessors, (0), 0 states have return successors, (0), 0 states have call predecessors, (0), 0 states have call successors, (0)
[2026-06-06 01:20:50,306 INFO  L188       IsEmptyHeuristic]: Finished isEmptyHeuristic. No accepting run.
[2026-06-06 01:20:50,306 INFO  L182       IsEmptyHeuristic]: Start isEmptyHeuristic. Operand  has 5 states, 3 states have (on average 1.6666666666666667) internal successors, (5), 4 states have internal predecessors, (5), 0 states have call successors, (0), 0 states have call predecessors, (0), 0 states have return successors, (0), 0 states have call predecessors, (0), 0 states have call successors, (0)
[2026-06-06 01:20:50,306 INFO  L188       IsEmptyHeuristic]: Finished isEmptyHeuristic. No accepting run.
[2026-06-06 01:20:50,307 INFO  L182       IsEmptyHeuristic]: Start isEmptyHeuristic. Operand  has 5 states, 3 states have (on average 1.6666666666666667) internal successors, (5), 4 states have internal predecessors, (5), 0 states have call successors, (0), 0 states have call predecessors, (0), 0 states have return successors, (0), 0 states have call predecessors, (0), 0 states have call successors, (0)
[2026-06-06 01:20:50,307 INFO  L188       IsEmptyHeuristic]: Finished isEmptyHeuristic. No accepting run.
[2026-06-06 01:20:50,307 INFO  L182       IsEmptyHeuristic]: Start isEmptyHeuristic. Operand  has 5 states, 3 states have (on average 1.6666666666666667) internal successors, (5), 4 states have internal predecessors, (5), 0 states have call successors, (0), 0 states have call predecessors, (0), 0 states have return successors, (0), 0 states have call predecessors, (0), 0 states have call successors, (0)
[2026-06-06 01:20:50,307 INFO  L188       IsEmptyHeuristic]: Finished isEmptyHeuristic. No accepting run.
[2026-06-06 01:20:50,307 INFO  L182       IsEmptyHeuristic]: Start isEmptyHeuristic. Operand  has 5 states, 3 states have (on average 1.6666666666666667) internal successors, (5), 4 states have internal predecessors, (5), 0 states have call successors, (0), 0 states have call predecessors, (0), 0 states have return successors, (0), 0 states have call predecessors, (0), 0 states have call successors, (0)
[2026-06-06 01:20:50,307 INFO  L188       IsEmptyHeuristic]: Finished isEmptyHeuristic. No accepting run.
[2026-06-06 01:20:50,307 INFO  L182       IsEmptyHeuristic]: Start isEmptyHeuristic. Operand  has 5 states, 3 states have (on average 1.6666666666666667) internal successors, (5), 4 states have internal predecessors, (5), 0 states have call successors, (0), 0 states have call predecessors, (0), 0 states have return successors, (0), 0 states have call predecessors, (0), 0 states have call successors, (0)
[2026-06-06 01:20:50,307 INFO  L188       IsEmptyHeuristic]: Finished isEmptyHeuristic. No accepting run.
[2026-06-06 01:20:50,307 INFO  L182       IsEmptyHeuristic]: Start isEmptyHeuristic. Operand  has 5 states, 3 states have (on average 1.6666666666666667) internal successors, (5), 4 states have internal predecessors, (5), 0 states have call successors, (0), 0 states have call predecessors, (0), 0 states have return successors, (0), 0 states have call predecessors, (0), 0 states have call successors, (0)
[2026-06-06 01:20:50,307 INFO  L188       IsEmptyHeuristic]: Finished isEmptyHeuristic. Found accepting run of length 34
[2026-06-06 01:20:50,307 INFO  L163        IsEmptyParallel]: Finished isEmptyParallel. Found accepting run of length 34
[2026-06-06 01:20:50,307 WARN  L753                IsEmpty]: Correctness of emptinessCheck not tested.
[2026-06-06 01:20:50,307 INFO  L79                 Accepts]: Start accepts. Automaton has  has 5 states, 3 states have (on average 1.6666666666666667) internal successors, (5), 4 states have internal predecessors, (5), 0 states have call successors, (0), 0 states have call predecessors, (0), 0 states have return successors, (0), 0 states have call predecessors, (0), 0 states have call successors, (0) Word has length 33
[2026-06-06 01:20:50,307 INFO  L85                 Accepts]: Finished accepts. word is accepted.
[2026-06-06 01:20:50,307 INFO  L757                IsEmpty]: Finished testing correctness of emptinessCheck
[2026-06-06 01:20:50,307 INFO  L290                IsEmpty]: Start isEmptyParallel. Operand  has 5 states, 3 states have (on average 1.6666666666666667) internal successors, (5), 4 states have internal predecessors, (5), 0 states have call successors, (0), 0 states have call predecessors, (0), 0 states have return successors, (0), 0 states have call predecessors, (0), 0 states have call successors, (0)
[2026-06-06 01:20:50,307 INFO  L300                IsEmpty]: Finished isEmptyParallel. No accepting run.
[2026-06-06 01:20:50,307 INFO  L156        IsEmptyParallel]: Start isEmptyParallel. Operand  has 5 states, 3 states have (on average 1.6666666666666667) internal successors, (5), 4 states have internal predecessors, (5), 0 states have call successors, (0), 0 states have call predecessors, (0), 0 states have return successors, (0), 0 states have call predecessors, (0), 0 states have call successors, (0)
[2026-06-06 01:20:50,307 INFO  L182       IsEmptyHeuristic]: Start isEmptyHeuristic. Operand  has 5 states, 3 states have (on average 1.6666666666666667) internal successors, (5), 4 states have internal predecessors, (5), 0 states have call successors, (0), 0 states have call predecessors, (0), 0 states have return successors, (0), 0 states have call predecessors, (0), 0 states have call successors, (0)
[2026-06-06 01:20:50,307 INFO  L188       IsEmptyHeuristic]: Finished isEmptyHeuristic. No accepting run.
[2026-06-06 01:20:50,307 INFO  L182       IsEmptyHeuristic]: Start isEmptyHeuristic. Operand  has 5 states, 3 states have (on average 1.6666666666666667) internal successors, (5), 4 states have internal predecessors, (5), 0 states have call successors, (0), 0 states have call predecessors, (0), 0 states have return successors, (0), 0 states have call predecessors, (0), 0 states have call successors, (0)
[2026-06-06 01:20:50,307 INFO  L188       IsEmptyHeuristic]: Finished isEmptyHeuristic. No accepting run.
[2026-06-06 01:20:50,307 INFO  L182       IsEmptyHeuristic]: Start isEmptyHeuristic. Operand  has 5 states, 3 states have (on average 1.6666666666666667) internal successors, (5), 4 states have internal predecessors, (5), 0 states have call successors, (0), 0 states have call predecessors, (0), 0 states have return successors, (0), 0 states have call predecessors, (0), 0 states have call successors, (0)
[2026-06-06 01:20:50,307 INFO  L188       IsEmptyHeuristic]: Finished isEmptyHeuristic. No accepting run.
[2026-06-06 01:20:50,307 INFO  L182       IsEmptyHeuristic]: Start isEmptyHeuristic. Operand  has 5 states, 3 states have (on average 1.6666666666666667) internal successors, (5), 4 states have internal predecessors, (5), 0 states have call successors, (0), 0 states have call predecessors, (0), 0 states have return successors, (0), 0 states have call predecessors, (0), 0 states have call successors, (0)
[2026-06-06 01:20:50,307 INFO  L188       IsEmptyHeuristic]: Finished isEmptyHeuristic. No accepting run.
[2026-06-06 01:20:50,307 INFO  L182       IsEmptyHeuristic]: Start isEmptyHeuristic. Operand  has 5 states, 3 states have (on average 1.6666666666666667) internal successors, (5), 4 states have internal predecessors, (5), 0 states have call successors, (0), 0 states have call predecessors, (0), 0 states have return successors, (0), 0 states have call predecessors, (0), 0 states have call successors, (0)
[2026-06-06 01:20:50,307 INFO  L188       IsEmptyHeuristic]: Finished isEmptyHeuristic. No accepting run.
[2026-06-06 01:20:50,308 INFO  L182       IsEmptyHeuristic]: Start isEmptyHeuristic. Operand  has 5 states, 3 states have (on average 1.6666666666666667) internal successors, (5), 4 states have internal predecessors, (5), 0 states have call successors, (0), 0 states have call predecessors, (0), 0 states have return successors, (0), 0 states have call predecessors, (0), 0 states have call successors, (0)
[2026-06-06 01:20:50,308 INFO  L188       IsEmptyHeuristic]: Finished isEmptyHeuristic. No accepting run.
[2026-06-06 01:20:50,308 INFO  L182       IsEmptyHeuristic]: Start isEmptyHeuristic. Operand  has 5 states, 3 states have (on average 1.6666666666666667) internal successors, (5), 4 states have internal predecessors, (5), 0 states have call successors, (0), 0 states have call predecessors, (0), 0 states have return successors, (0), 0 states have call predecessors, (0), 0 states have call successors, (0)
[2026-06-06 01:20:50,308 INFO  L188       IsEmptyHeuristic]: Finished isEmptyHeuristic. No accepting run.
[2026-06-06 01:20:50,308 INFO  L182       IsEmptyHeuristic]: Start isEmptyHeuristic. Operand  has 5 states, 3 states have (on average 1.6666666666666667) internal successors, (5), 4 states have internal predecessors, (5), 0 states have call successors, (0), 0 states have call predecessors, (0), 0 states have return successors, (0), 0 states have call predecessors, (0), 0 states have call successors, (0)
[2026-06-06 01:20:50,308 INFO  L188       IsEmptyHeuristic]: Finished isEmptyHeuristic. No accepting run.
[2026-06-06 01:20:50,308 INFO  L182       IsEmptyHeuristic]: Start isEmptyHeuristic. Operand  has 5 states, 3 states have (on average 1.6666666666666667) internal successors, (5), 4 states have internal predecessors, (5), 0 states have call successors, (0), 0 states have call predecessors, (0), 0 states have return successors, (0), 0 states have call predecessors, (0), 0 states have call successors, (0)
[2026-06-06 01:20:50,308 INFO  L188       IsEmptyHeuristic]: Finished isEmptyHeuristic. No accepting run.
[2026-06-06 01:20:50,308 INFO  L182       IsEmptyHeuristic]: Start isEmptyHeuristic. Operand  has 5 states, 3 states have (on average 1.6666666666666667) internal successors, (5), 4 states have internal predecessors, (5), 0 states have call successors, (0), 0 states have call predecessors, (0), 0 states have return successors, (0), 0 states have call predecessors, (0), 0 states have call successors, (0)
[2026-06-06 01:20:50,308 INFO  L188       IsEmptyHeuristic]: Finished isEmptyHeuristic. No accepting run.
[2026-06-06 01:20:50,308 INFO  L182       IsEmptyHeuristic]: Start isEmptyHeuristic. Operand  has 5 states, 3 states have (on average 1.6666666666666667) internal successors, (5), 4 states have internal predecessors, (5), 0 states have call successors, (0), 0 states have call predecessors, (0), 0 states have return successors, (0), 0 states have call predecessors, (0), 0 states have call successors, (0)
[2026-06-06 01:20:50,308 INFO  L188       IsEmptyHeuristic]: Finished isEmptyHeuristic. No accepting run.
[2026-06-06 01:20:50,308 INFO  L182       IsEmptyHeuristic]: Start isEmptyHeuristic. Operand  has 5 states, 3 states have (on average 1.6666666666666667) internal successors, (5), 4 states have internal predecessors, (5), 0 states have call successors, (0), 0 states have call predecessors, (0), 0 states have return successors, (0), 0 states have call predecessors, (0), 0 states have call successors, (0)
[2026-06-06 01:20:50,308 INFO  L188       IsEmptyHeuristic]: Finished isEmptyHeuristic. No accepting run.
[2026-06-06 01:20:50,308 INFO  L182       IsEmptyHeuristic]: Start isEmptyHeuristic. Operand  has 5 states, 3 states have (on average 1.6666666666666667) internal successors, (5), 4 states have internal predecessors, (5), 0 states have call successors, (0), 0 states have call predecessors, (0), 0 states have return successors, (0), 0 states have call predecessors, (0), 0 states have call successors, (0)
[2026-06-06 01:20:50,308 INFO  L188       IsEmptyHeuristic]: Finished isEmptyHeuristic. No accepting run.
[2026-06-06 01:20:50,308 INFO  L182       IsEmptyHeuristic]: Start isEmptyHeuristic. Operand  has 5 states, 3 states have (on average 1.6666666666666667) internal successors, (5), 4 states have internal predecessors, (5), 0 states have call successors, (0), 0 states have call predecessors, (0), 0 states have return successors, (0), 0 states have call predecessors, (0), 0 states have call successors, (0)
[2026-06-06 01:20:50,308 INFO  L188       IsEmptyHeuristic]: Finished isEmptyHeuristic. No accepting run.
[2026-06-06 01:20:50,308 INFO  L182       IsEmptyHeuristic]: Start isEmptyHeuristic. Operand  has 5 states, 3 states have (on average 1.6666666666666667) internal successors, (5), 4 states have internal predecessors, (5), 0 states have call successors, (0), 0 states have call predecessors, (0), 0 states have return successors, (0), 0 states have call predecessors, (0), 0 states have call successors, (0)
[2026-06-06 01:20:50,308 INFO  L188       IsEmptyHeuristic]: Finished isEmptyHeuristic. No accepting run.
[2026-06-06 01:20:50,308 INFO  L182       IsEmptyHeuristic]: Start isEmptyHeuristic. Operand  has 5 states, 3 states have (on average 1.6666666666666667) internal successors, (5), 4 states have internal predecessors, (5), 0 states have call successors, (0), 0 states have call predecessors, (0), 0 states have return successors, (0), 0 states have call predecessors, (0), 0 states have call successors, (0)
[2026-06-06 01:20:50,308 INFO  L188       IsEmptyHeuristic]: Finished isEmptyHeuristic. No accepting run.
[2026-06-06 01:20:50,308 INFO  L182       IsEmptyHeuristic]: Start isEmptyHeuristic. Operand  has 5 states, 3 states have (on average 1.6666666666666667) internal successors, (5), 4 states have internal predecessors, (5), 0 states have call successors, (0), 0 states have call predecessors, (0), 0 states have return successors, (0), 0 states have call predecessors, (0), 0 states have call successors, (0)
[2026-06-06 01:20:50,308 INFO  L188       IsEmptyHeuristic]: Finished isEmptyHeuristic. No accepting run.
[2026-06-06 01:20:50,308 INFO  L182       IsEmptyHeuristic]: Start isEmptyHeuristic. Operand  has 5 states, 3 states have (on average 1.6666666666666667) internal successors, (5), 4 states have internal predecessors, (5), 0 states have call successors, (0), 0 states have call predecessors, (0), 0 states have return successors, (0), 0 states have call predecessors, (0), 0 states have call successors, (0)
[2026-06-06 01:20:50,308 INFO  L188       IsEmptyHeuristic]: Finished isEmptyHeuristic. No accepting run.
[2026-06-06 01:20:50,308 INFO  L182       IsEmptyHeuristic]: Start isEmptyHeuristic. Operand  has 5 states, 3 states have (on average 1.6666666666666667) internal successors, (5), 4 states have internal predecessors, (5), 0 states have call successors, (0), 0 states have call predecessors, (0), 0 states have return successors, (0), 0 states have call predecessors, (0), 0 states have call successors, (0)
[2026-06-06 01:20:50,308 INFO  L188       IsEmptyHeuristic]: Finished isEmptyHeuristic. No accepting run.
[2026-06-06 01:20:50,309 INFO  L182       IsEmptyHeuristic]: Start isEmptyHeuristic. Operand  has 5 states, 3 states have (on average 1.6666666666666667) internal successors, (5), 4 states have internal predecessors, (5), 0 states have call successors, (0), 0 states have call predecessors, (0), 0 states have return successors, (0), 0 states have call predecessors, (0), 0 states have call successors, (0)
[2026-06-06 01:20:50,309 INFO  L188       IsEmptyHeuristic]: Finished isEmptyHeuristic. No accepting run.
[2026-06-06 01:20:50,309 INFO  L182       IsEmptyHeuristic]: Start isEmptyHeuristic. Operand  has 5 states, 3 states have (on average 1.6666666666666667) internal successors, (5), 4 states have internal predecessors, (5), 0 states have call successors, (0), 0 states have call predecessors, (0), 0 states have return successors, (0), 0 states have call predecessors, (0), 0 states have call successors, (0)
[2026-06-06 01:20:50,309 INFO  L188       IsEmptyHeuristic]: Finished isEmptyHeuristic. No accepting run.
[2026-06-06 01:20:50,309 INFO  L182       IsEmptyHeuristic]: Start isEmptyHeuristic. Operand  has 5 states, 3 states have (on average 1.6666666666666667) internal successors, (5), 4 states have internal predecessors, (5), 0 states have call successors, (0), 0 states have call predecessors, (0), 0 states have return successors, (0), 0 states have call predecessors, (0), 0 states have call successors, (0)
[2026-06-06 01:20:50,309 INFO  L188       IsEmptyHeuristic]: Finished isEmptyHeuristic. No accepting run.
[2026-06-06 01:20:50,310 INFO  L182       IsEmptyHeuristic]: Start isEmptyHeuristic. Operand  has 5 states, 3 states have (on average 1.6666666666666667) internal successors, (5), 4 states have internal predecessors, (5), 0 states have call successors, (0), 0 states have call predecessors, (0), 0 states have return successors, (0), 0 states have call predecessors, (0), 0 states have call successors, (0)
[2026-06-06 01:20:50,310 INFO  L188       IsEmptyHeuristic]: Finished isEmptyHeuristic. No accepting run.
[2026-06-06 01:20:50,310 INFO  L182       IsEmptyHeuristic]: Start isEmptyHeuristic. Operand  has 5 states, 3 states have (on average 1.6666666666666667) internal successors, (5), 4 states have internal predecessors, (5), 0 states have call successors, (0), 0 states have call predecessors, (0), 0 states have return successors, (0), 0 states have call predecessors, (0), 0 states have call successors, (0)
[2026-06-06 01:20:50,310 INFO  L188       IsEmptyHeuristic]: Finished isEmptyHeuristic. No accepting run.
[2026-06-06 01:20:50,310 INFO  L182       IsEmptyHeuristic]: Start isEmptyHeuristic. Operand  has 5 states, 3 states have (on average 1.6666666666666667) internal successors, (5), 4 states have internal predecessors, (5), 0 states have call successors, (0), 0 states have call predecessors, (0), 0 states have return successors, (0), 0 states have call predecessors, (0), 0 states have call successors, (0)
[2026-06-06 01:20:50,310 INFO  L188       IsEmptyHeuristic]: Finished isEmptyHeuristic. No accepting run.
[2026-06-06 01:20:50,310 INFO  L182       IsEmptyHeuristic]: Start isEmptyHeuristic. Operand  has 5 states, 3 states have (on average 1.6666666666666667) internal successors, (5), 4 states have internal predecessors, (5), 0 states have call successors, (0), 0 states have call predecessors, (0), 0 states have return successors, (0), 0 states have call predecessors, (0), 0 states have call successors, (0)
[2026-06-06 01:20:50,310 INFO  L188       IsEmptyHeuristic]: Finished isEmptyHeuristic. No accepting run.
[2026-06-06 01:20:50,310 INFO  L182       IsEmptyHeuristic]: Start isEmptyHeuristic. Operand  has 5 states, 3 states have (on average 1.6666666666666667) internal successors, (5), 4 states have internal predecessors, (5), 0 states have call successors, (0), 0 states have call predecessors, (0), 0 states have return successors, (0), 0 states have call predecessors, (0), 0 states have call successors, (0)
[2026-06-06 01:20:50,310 INFO  L188       IsEmptyHeuristic]: Finished isEmptyHeuristic. No accepting run.
[2026-06-06 01:20:50,310 INFO  L182       IsEmptyHeuristic]: Start isEmptyHeuristic. Operand  has 5 states, 3 states have (on average 1.6666666666666667) internal successors, (5), 4 states have internal predecessors, (5), 0 states have call successors, (0), 0 states have call predecessors, (0), 0 states have return successors, (0), 0 states have call predecessors, (0), 0 states have call successors, (0)
[2026-06-06 01:20:50,310 INFO  L188       IsEmptyHeuristic]: Finished isEmptyHeuristic. No accepting run.
[2026-06-06 01:20:50,310 INFO  L182       IsEmptyHeuristic]: Start isEmptyHeuristic. Operand  has 5 states, 3 states have (on average 1.6666666666666667) internal successors, (5), 4 states have internal predecessors, (5), 0 states have call successors, (0), 0 states have call predecessors, (0), 0 states have return successors, (0), 0 states have call predecessors, (0), 0 states have call successors, (0)
[2026-06-06 01:20:50,310 INFO  L188       IsEmptyHeuristic]: Finished isEmptyHeuristic. No accepting run.
[2026-06-06 01:20:50,311 INFO  L182       IsEmptyHeuristic]: Start isEmptyHeuristic. Operand  has 5 states, 3 states have (on average 1.6666666666666667) internal successors, (5), 4 states have internal predecessors, (5), 0 states have call successors, (0), 0 states have call predecessors, (0), 0 states have return successors, (0), 0 states have call predecessors, (0), 0 states have call successors, (0)
[2026-06-06 01:20:50,311 INFO  L188       IsEmptyHeuristic]: Finished isEmptyHeuristic. Found accepting run of length 33
[2026-06-06 01:20:50,311 INFO  L163        IsEmptyParallel]: Finished isEmptyParallel. Found accepting run of length 33
[2026-06-06 01:20:50,311 WARN  L753                IsEmpty]: Correctness of emptinessCheck not tested.
[2026-06-06 01:20:50,311 INFO  L79                 Accepts]: Start accepts. Automaton has  has 5 states, 3 states have (on average 1.6666666666666667) internal successors, (5), 4 states have internal predecessors, (5), 0 states have call successors, (0), 0 states have call predecessors, (0), 0 states have return successors, (0), 0 states have call predecessors, (0), 0 states have call successors, (0) Word has length 32
[2026-06-06 01:20:50,311 INFO  L85                 Accepts]: Finished accepts. word is accepted.
[2026-06-06 01:20:50,311 INFO  L757                IsEmpty]: Finished testing correctness of emptinessCheck
[2026-06-06 01:20:50,311 INFO  L290                IsEmpty]: Start isEmptyParallel. Operand  has 5 states, 3 states have (on average 1.6666666666666667) internal successors, (5), 4 states have internal predecessors, (5), 0 states have call successors, (0), 0 states have call predecessors, (0), 0 states have return successors, (0), 0 states have call predecessors, (0), 0 states have call successors, (0)
[2026-06-06 01:20:50,311 INFO  L300                IsEmpty]: Finished isEmptyParallel. No accepting run.
[2026-06-06 01:20:50,311 INFO  L156        IsEmptyParallel]: Start isEmptyParallel. Operand  has 5 states, 3 states have (on average 1.6666666666666667) internal successors, (5), 4 states have internal predecessors, (5), 0 states have call successors, (0), 0 states have call predecessors, (0), 0 states have return successors, (0), 0 states have call predecessors, (0), 0 states have call successors, (0)
[2026-06-06 01:20:50,311 INFO  L182       IsEmptyHeuristic]: Start isEmptyHeuristic. Operand  has 5 states, 3 states have (on average 1.6666666666666667) internal successors, (5), 4 states have internal predecessors, (5), 0 states have call successors, (0), 0 states have call predecessors, (0), 0 states have return successors, (0), 0 states have call predecessors, (0), 0 states have call successors, (0)
[2026-06-06 01:20:50,311 INFO  L188       IsEmptyHeuristic]: Finished isEmptyHeuristic. No accepting run.
[2026-06-06 01:20:50,311 INFO  L182       IsEmptyHeuristic]: Start isEmptyHeuristic. Operand  has 5 states, 3 states have (on average 1.6666666666666667) internal successors, (5), 4 states have internal predecessors, (5), 0 states have call successors, (0), 0 states have call predecessors, (0), 0 states have return successors, (0), 0 states have call predecessors, (0), 0 states have call successors, (0)
[2026-06-06 01:20:50,311 INFO  L188       IsEmptyHeuristic]: Finished isEmptyHeuristic. No accepting run.
[2026-06-06 01:20:50,311 INFO  L182       IsEmptyHeuristic]: Start isEmptyHeuristic. Operand  has 5 states, 3 states have (on average 1.6666666666666667) internal successors, (5), 4 states have internal predecessors, (5), 0 states have call successors, (0), 0 states have call predecessors, (0), 0 states have return successors, (0), 0 states have call predecessors, (0), 0 states have call successors, (0)
[2026-06-06 01:20:50,311 INFO  L188       IsEmptyHeuristic]: Finished isEmptyHeuristic. No accepting run.
[2026-06-06 01:20:50,311 INFO  L182       IsEmptyHeuristic]: Start isEmptyHeuristic. Operand  has 5 states, 3 states have (on average 1.6666666666666667) internal successors, (5), 4 states have internal predecessors, (5), 0 states have call successors, (0), 0 states have call predecessors, (0), 0 states have return successors, (0), 0 states have call predecessors, (0), 0 states have call successors, (0)
[2026-06-06 01:20:50,311 INFO  L188       IsEmptyHeuristic]: Finished isEmptyHeuristic. No accepting run.
[2026-06-06 01:20:50,311 INFO  L182       IsEmptyHeuristic]: Start isEmptyHeuristic. Operand  has 5 states, 3 states have (on average 1.6666666666666667) internal successors, (5), 4 states have internal predecessors, (5), 0 states have call successors, (0), 0 states have call predecessors, (0), 0 states have return successors, (0), 0 states have call predecessors, (0), 0 states have call successors, (0)
[2026-06-06 01:20:50,311 INFO  L188       IsEmptyHeuristic]: Finished isEmptyHeuristic. No accepting run.
[2026-06-06 01:20:50,311 INFO  L182       IsEmptyHeuristic]: Start isEmptyHeuristic. Operand  has 5 states, 3 states have (on average 1.6666666666666667) internal successors, (5), 4 states have internal predecessors, (5), 0 states have call successors, (0), 0 states have call predecessors, (0), 0 states have return successors, (0), 0 states have call predecessors, (0), 0 states have call successors, (0)
[2026-06-06 01:20:50,311 INFO  L188       IsEmptyHeuristic]: Finished isEmptyHeuristic. No accepting run.
[2026-06-06 01:20:50,311 INFO  L182       IsEmptyHeuristic]: Start isEmptyHeuristic. Operand  has 5 states, 3 states have (on average 1.6666666666666667) internal successors, (5), 4 states have internal predecessors, (5), 0 states have call successors, (0), 0 states have call predecessors, (0), 0 states have return successors, (0), 0 states have call predecessors, (0), 0 states have call successors, (0)
[2026-06-06 01:20:50,311 INFO  L188       IsEmptyHeuristic]: Finished isEmptyHeuristic. No accepting run.
[2026-06-06 01:20:50,311 INFO  L182       IsEmptyHeuristic]: Start isEmptyHeuristic. Operand  has 5 states, 3 states have (on average 1.6666666666666667) internal successors, (5), 4 states have internal predecessors, (5), 0 states have call successors, (0), 0 states have call predecessors, (0), 0 states have return successors, (0), 0 states have call predecessors, (0), 0 states have call successors, (0)
[2026-06-06 01:20:50,311 INFO  L188       IsEmptyHeuristic]: Finished isEmptyHeuristic. No accepting run.
[2026-06-06 01:20:50,311 INFO  L182       IsEmptyHeuristic]: Start isEmptyHeuristic. Operand  has 5 states, 3 states have (on average 1.6666666666666667) internal successors, (5), 4 states have internal predecessors, (5), 0 states have call successors, (0), 0 states have call predecessors, (0), 0 states have return successors, (0), 0 states have call predecessors, (0), 0 states have call successors, (0)
[2026-06-06 01:20:50,311 INFO  L188       IsEmptyHeuristic]: Finished isEmptyHeuristic. No accepting run.
[2026-06-06 01:20:50,311 INFO  L182       IsEmptyHeuristic]: Start isEmptyHeuristic. Operand  has 5 states, 3 states have (on average 1.6666666666666667) internal successors, (5), 4 states have internal predecessors, (5), 0 states have call successors, (0), 0 states have call predecessors, (0), 0 states have return successors, (0), 0 states have call predecessors, (0), 0 states have call successors, (0)
[2026-06-06 01:20:50,311 INFO  L188       IsEmptyHeuristic]: Finished isEmptyHeuristic. No accepting run.
[2026-06-06 01:20:50,311 INFO  L182       IsEmptyHeuristic]: Start isEmptyHeuristic. Operand  has 5 states, 3 states have (on average 1.6666666666666667) internal successors, (5), 4 states have internal predecessors, (5), 0 states have call successors, (0), 0 states have call predecessors, (0), 0 states have return successors, (0), 0 states have call predecessors, (0), 0 states have call successors, (0)
[2026-06-06 01:20:50,311 INFO  L188       IsEmptyHeuristic]: Finished isEmptyHeuristic. No accepting run.
[2026-06-06 01:20:50,311 INFO  L182       IsEmptyHeuristic]: Start isEmptyHeuristic. Operand  has 5 states, 3 states have (on average 1.6666666666666667) internal successors, (5), 4 states have internal predecessors, (5), 0 states have call successors, (0), 0 states have call predecessors, (0), 0 states have return successors, (0), 0 states have call predecessors, (0), 0 states have call successors, (0)
[2026-06-06 01:20:50,312 INFO  L188       IsEmptyHeuristic]: Finished isEmptyHeuristic. No accepting run.
[2026-06-06 01:20:50,312 INFO  L182       IsEmptyHeuristic]: Start isEmptyHeuristic. Operand  has 5 states, 3 states have (on average 1.6666666666666667) internal successors, (5), 4 states have internal predecessors, (5), 0 states have call successors, (0), 0 states have call predecessors, (0), 0 states have return successors, (0), 0 states have call predecessors, (0), 0 states have call successors, (0)
[2026-06-06 01:20:50,312 INFO  L188       IsEmptyHeuristic]: Finished isEmptyHeuristic. No accepting run.
[2026-06-06 01:20:50,312 INFO  L182       IsEmptyHeuristic]: Start isEmptyHeuristic. Operand  has 5 states, 3 states have (on average 1.6666666666666667) internal successors, (5), 4 states have internal predecessors, (5), 0 states have call successors, (0), 0 states have call predecessors, (0), 0 states have return successors, (0), 0 states have call predecessors, (0), 0 states have call successors, (0)
[2026-06-06 01:20:50,312 INFO  L188       IsEmptyHeuristic]: Finished isEmptyHeuristic. No accepting run.
[2026-06-06 01:20:50,312 INFO  L182       IsEmptyHeuristic]: Start isEmptyHeuristic. Operand  has 5 states, 3 states have (on average 1.6666666666666667) internal successors, (5), 4 states have internal predecessors, (5), 0 states have call successors, (0), 0 states have call predecessors, (0), 0 states have return successors, (0), 0 states have call predecessors, (0), 0 states have call successors, (0)
[2026-06-06 01:20:50,312 INFO  L188       IsEmptyHeuristic]: Finished isEmptyHeuristic. No accepting run.
[2026-06-06 01:20:50,312 INFO  L182       IsEmptyHeuristic]: Start isEmptyHeuristic. Operand  has 5 states, 3 states have (on average 1.6666666666666667) internal successors, (5), 4 states have internal predecessors, (5), 0 states have call successors, (0), 0 states have call predecessors, (0), 0 states have return successors, (0), 0 states have call predecessors, (0), 0 states have call successors, (0)
[2026-06-06 01:20:50,312 INFO  L188       IsEmptyHeuristic]: Finished isEmptyHeuristic. No accepting run.
[2026-06-06 01:20:50,312 INFO  L182       IsEmptyHeuristic]: Start isEmptyHeuristic. Operand  has 5 states, 3 states have (on average 1.6666666666666667) internal successors, (5), 4 states have internal predecessors, (5), 0 states have call successors, (0), 0 states have call predecessors, (0), 0 states have return successors, (0), 0 states have call predecessors, (0), 0 states have call successors, (0)
[2026-06-06 01:20:50,312 INFO  L188       IsEmptyHeuristic]: Finished isEmptyHeuristic. No accepting run.
[2026-06-06 01:20:50,312 INFO  L182       IsEmptyHeuristic]: Start isEmptyHeuristic. Operand  has 5 states, 3 states have (on average 1.6666666666666667) internal successors, (5), 4 states have internal predecessors, (5), 0 states have call successors, (0), 0 states have call predecessors, (0), 0 states have return successors, (0), 0 states have call predecessors, (0), 0 states have call successors, (0)
[2026-06-06 01:20:50,312 INFO  L188       IsEmptyHeuristic]: Finished isEmptyHeuristic. No accepting run.
[2026-06-06 01:20:50,312 INFO  L182       IsEmptyHeuristic]: Start isEmptyHeuristic. Operand  has 5 states, 3 states have (on average 1.6666666666666667) internal successors, (5), 4 states have internal predecessors, (5), 0 states have call successors, (0), 0 states have call predecessors, (0), 0 states have return successors, (0), 0 states have call predecessors, (0), 0 states have call successors, (0)
[2026-06-06 01:20:50,312 INFO  L188       IsEmptyHeuristic]: Finished isEmptyHeuristic. No accepting run.
[2026-06-06 01:20:50,312 INFO  L182       IsEmptyHeuristic]: Start isEmptyHeuristic. Operand  has 5 states, 3 states have (on average 1.6666666666666667) internal successors, (5), 4 states have internal predecessors, (5), 0 states have call successors, (0), 0 states have call predecessors, (0), 0 states have return successors, (0), 0 states have call predecessors, (0), 0 states have call successors, (0)
[2026-06-06 01:20:50,312 INFO  L188       IsEmptyHeuristic]: Finished isEmptyHeuristic. No accepting run.
[2026-06-06 01:20:50,312 INFO  L182       IsEmptyHeuristic]: Start isEmptyHeuristic. Operand  has 5 states, 3 states have (on average 1.6666666666666667) internal successors, (5), 4 states have internal predecessors, (5), 0 states have call successors, (0), 0 states have call predecessors, (0), 0 states have return successors, (0), 0 states have call predecessors, (0), 0 states have call successors, (0)
[2026-06-06 01:20:50,312 INFO  L188       IsEmptyHeuristic]: Finished isEmptyHeuristic. No accepting run.
[2026-06-06 01:20:50,312 INFO  L182       IsEmptyHeuristic]: Start isEmptyHeuristic. Operand  has 5 states, 3 states have (on average 1.6666666666666667) internal successors, (5), 4 states have internal predecessors, (5), 0 states have call successors, (0), 0 states have call predecessors, (0), 0 states have return successors, (0), 0 states have call predecessors, (0), 0 states have call successors, (0)
[2026-06-06 01:20:50,312 INFO  L188       IsEmptyHeuristic]: Finished isEmptyHeuristic. No accepting run.
[2026-06-06 01:20:50,312 INFO  L182       IsEmptyHeuristic]: Start isEmptyHeuristic. Operand  has 5 states, 3 states have (on average 1.6666666666666667) internal successors, (5), 4 states have internal predecessors, (5), 0 states have call successors, (0), 0 states have call predecessors, (0), 0 states have return successors, (0), 0 states have call predecessors, (0), 0 states have call successors, (0)
[2026-06-06 01:20:50,312 INFO  L188       IsEmptyHeuristic]: Finished isEmptyHeuristic. No accepting run.
[2026-06-06 01:20:50,313 INFO  L182       IsEmptyHeuristic]: Start isEmptyHeuristic. Operand  has 5 states, 3 states have (on average 1.6666666666666667) internal successors, (5), 4 states have internal predecessors, (5), 0 states have call successors, (0), 0 states have call predecessors, (0), 0 states have return successors, (0), 0 states have call predecessors, (0), 0 states have call successors, (0)
[2026-06-06 01:20:50,313 INFO  L188       IsEmptyHeuristic]: Finished isEmptyHeuristic. No accepting run.
[2026-06-06 01:20:50,313 INFO  L182       IsEmptyHeuristic]: Start isEmptyHeuristic. Operand  has 5 states, 3 states have (on average 1.6666666666666667) internal successors, (5), 4 states have internal predecessors, (5), 0 states have call successors, (0), 0 states have call predecessors, (0), 0 states have return successors, (0), 0 states have call predecessors, (0), 0 states have call successors, (0)
[2026-06-06 01:20:50,313 INFO  L188       IsEmptyHeuristic]: Finished isEmptyHeuristic. No accepting run.
[2026-06-06 01:20:50,313 INFO  L182       IsEmptyHeuristic]: Start isEmptyHeuristic. Operand  has 5 states, 3 states have (on average 1.6666666666666667) internal successors, (5), 4 states have internal predecessors, (5), 0 states have call successors, (0), 0 states have call predecessors, (0), 0 states have return successors, (0), 0 states have call predecessors, (0), 0 states have call successors, (0)
[2026-06-06 01:20:50,313 INFO  L188       IsEmptyHeuristic]: Finished isEmptyHeuristic. No accepting run.
[2026-06-06 01:20:50,313 INFO  L182       IsEmptyHeuristic]: Start isEmptyHeuristic. Operand  has 5 states, 3 states have (on average 1.6666666666666667) internal successors, (5), 4 states have internal predecessors, (5), 0 states have call successors, (0), 0 states have call predecessors, (0), 0 states have return successors, (0), 0 states have call predecessors, (0), 0 states have call successors, (0)
[2026-06-06 01:20:50,313 INFO  L188       IsEmptyHeuristic]: Finished isEmptyHeuristic. No accepting run.
[2026-06-06 01:20:50,313 INFO  L182       IsEmptyHeuristic]: Start isEmptyHeuristic. Operand  has 5 states, 3 states have (on average 1.6666666666666667) internal successors, (5), 4 states have internal predecessors, (5), 0 states have call successors, (0), 0 states have call predecessors, (0), 0 states have return successors, (0), 0 states have call predecessors, (0), 0 states have call successors, (0)
[2026-06-06 01:20:50,313 INFO  L188       IsEmptyHeuristic]: Finished isEmptyHeuristic. No accepting run.
[2026-06-06 01:20:50,313 INFO  L182       IsEmptyHeuristic]: Start isEmptyHeuristic. Operand  has 5 states, 3 states have (on average 1.6666666666666667) internal successors, (5), 4 states have internal predecessors, (5), 0 states have call successors, (0), 0 states have call predecessors, (0), 0 states have return successors, (0), 0 states have call predecessors, (0), 0 states have call successors, (0)
[2026-06-06 01:20:50,313 INFO  L188       IsEmptyHeuristic]: Finished isEmptyHeuristic. No accepting run.
[2026-06-06 01:20:50,313 INFO  L182       IsEmptyHeuristic]: Start isEmptyHeuristic. Operand  has 5 states, 3 states have (on average 1.6666666666666667) internal successors, (5), 4 states have internal predecessors, (5), 0 states have call successors, (0), 0 states have call predecessors, (0), 0 states have return successors, (0), 0 states have call predecessors, (0), 0 states have call successors, (0)
[2026-06-06 01:20:50,313 INFO  L188       IsEmptyHeuristic]: Finished isEmptyHeuristic. No accepting run.
[2026-06-06 01:20:50,313 INFO  L182       IsEmptyHeuristic]: Start isEmptyHeuristic. Operand  has 5 states, 3 states have (on average 1.6666666666666667) internal successors, (5), 4 states have internal predecessors, (5), 0 states have call successors, (0), 0 states have call predecessors, (0), 0 states have return successors, (0), 0 states have call predecessors, (0), 0 states have call successors, (0)
[2026-06-06 01:20:50,313 INFO  L188       IsEmptyHeuristic]: Finished isEmptyHeuristic. Found accepting run of length 36
[2026-06-06 01:20:50,313 INFO  L163        IsEmptyParallel]: Finished isEmptyParallel. Found accepting run of length 36
[2026-06-06 01:20:50,313 WARN  L753                IsEmpty]: Correctness of emptinessCheck not tested.
[2026-06-06 01:20:50,313 INFO  L79                 Accepts]: Start accepts. Automaton has  has 5 states, 3 states have (on average 1.6666666666666667) internal successors, (5), 4 states have internal predecessors, (5), 0 states have call successors, (0), 0 states have call predecessors, (0), 0 states have return successors, (0), 0 states have call predecessors, (0), 0 states have call successors, (0) Word has length 35
[2026-06-06 01:20:50,313 INFO  L85                 Accepts]: Finished accepts. word is accepted.
[2026-06-06 01:20:50,313 INFO  L757                IsEmpty]: Finished testing correctness of emptinessCheck
[2026-06-06 01:20:50,313 INFO  L290                IsEmpty]: Start isEmptyParallel. Operand  has 5 states, 3 states have (on average 1.6666666666666667) internal successors, (5), 4 states have internal predecessors, (5), 0 states have call successors, (0), 0 states have call predecessors, (0), 0 states have return successors, (0), 0 states have call predecessors, (0), 0 states have call successors, (0)
[2026-06-06 01:20:50,313 INFO  L300                IsEmpty]: Finished isEmptyParallel. No accepting run.
[2026-06-06 01:20:50,313 INFO  L156        IsEmptyParallel]: Start isEmptyParallel. Operand  has 5 states, 3 states have (on average 1.6666666666666667) internal successors, (5), 4 states have internal predecessors, (5), 0 states have call successors, (0), 0 states have call predecessors, (0), 0 states have return successors, (0), 0 states have call predecessors, (0), 0 states have call successors, (0)
[2026-06-06 01:20:50,314 INFO  L182       IsEmptyHeuristic]: Start isEmptyHeuristic. Operand  has 5 states, 3 states have (on average 1.6666666666666667) internal successors, (5), 4 states have internal predecessors, (5), 0 states have call successors, (0), 0 states have call predecessors, (0), 0 states have return successors, (0), 0 states have call predecessors, (0), 0 states have call successors, (0)
[2026-06-06 01:20:50,314 INFO  L188       IsEmptyHeuristic]: Finished isEmptyHeuristic. No accepting run.
[2026-06-06 01:20:50,314 INFO  L182       IsEmptyHeuristic]: Start isEmptyHeuristic. Operand  has 5 states, 3 states have (on average 1.6666666666666667) internal successors, (5), 4 states have internal predecessors, (5), 0 states have call successors, (0), 0 states have call predecessors, (0), 0 states have return successors, (0), 0 states have call predecessors, (0), 0 states have call successors, (0)
[2026-06-06 01:20:50,314 INFO  L188       IsEmptyHeuristic]: Finished isEmptyHeuristic. No accepting run.
[2026-06-06 01:20:50,314 INFO  L182       IsEmptyHeuristic]: Start isEmptyHeuristic. Operand  has 5 states, 3 states have (on average 1.6666666666666667) internal successors, (5), 4 states have internal predecessors, (5), 0 states have call successors, (0), 0 states have call predecessors, (0), 0 states have return successors, (0), 0 states have call predecessors, (0), 0 states have call successors, (0)
[2026-06-06 01:20:50,314 INFO  L188       IsEmptyHeuristic]: Finished isEmptyHeuristic. No accepting run.
[2026-06-06 01:20:50,314 INFO  L182       IsEmptyHeuristic]: Start isEmptyHeuristic. Operand  has 5 states, 3 states have (on average 1.6666666666666667) internal successors, (5), 4 states have internal predecessors, (5), 0 states have call successors, (0), 0 states have call predecessors, (0), 0 states have return successors, (0), 0 states have call predecessors, (0), 0 states have call successors, (0)
[2026-06-06 01:20:50,314 INFO  L188       IsEmptyHeuristic]: Finished isEmptyHeuristic. No accepting run.
[2026-06-06 01:20:50,314 INFO  L182       IsEmptyHeuristic]: Start isEmptyHeuristic. Operand  has 5 states, 3 states have (on average 1.6666666666666667) internal successors, (5), 4 states have internal predecessors, (5), 0 states have call successors, (0), 0 states have call predecessors, (0), 0 states have return successors, (0), 0 states have call predecessors, (0), 0 states have call successors, (0)
[2026-06-06 01:20:50,314 INFO  L188       IsEmptyHeuristic]: Finished isEmptyHeuristic. No accepting run.
[2026-06-06 01:20:50,314 INFO  L182       IsEmptyHeuristic]: Start isEmptyHeuristic. Operand  has 5 states, 3 states have (on average 1.6666666666666667) internal successors, (5), 4 states have internal predecessors, (5), 0 states have call successors, (0), 0 states have call predecessors, (0), 0 states have return successors, (0), 0 states have call predecessors, (0), 0 states have call successors, (0)
[2026-06-06 01:20:50,314 INFO  L188       IsEmptyHeuristic]: Finished isEmptyHeuristic. No accepting run.
[2026-06-06 01:20:50,314 INFO  L182       IsEmptyHeuristic]: Start isEmptyHeuristic. Operand  has 5 states, 3 states have (on average 1.6666666666666667) internal successors, (5), 4 states have internal predecessors, (5), 0 states have call successors, (0), 0 states have call predecessors, (0), 0 states have return successors, (0), 0 states have call predecessors, (0), 0 states have call successors, (0)
[2026-06-06 01:20:50,314 INFO  L188       IsEmptyHeuristic]: Finished isEmptyHeuristic. No accepting run.
[2026-06-06 01:20:50,314 INFO  L182       IsEmptyHeuristic]: Start isEmptyHeuristic. Operand  has 5 states, 3 states have (on average 1.6666666666666667) internal successors, (5), 4 states have internal predecessors, (5), 0 states have call successors, (0), 0 states have call predecessors, (0), 0 states have return successors, (0), 0 states have call predecessors, (0), 0 states have call successors, (0)
[2026-06-06 01:20:50,314 INFO  L188       IsEmptyHeuristic]: Finished isEmptyHeuristic. No accepting run.
[2026-06-06 01:20:50,314 INFO  L182       IsEmptyHeuristic]: Start isEmptyHeuristic. Operand  has 5 states, 3 states have (on average 1.6666666666666667) internal successors, (5), 4 states have internal predecessors, (5), 0 states have call successors, (0), 0 states have call predecessors, (0), 0 states have return successors, (0), 0 states have call predecessors, (0), 0 states have call successors, (0)
[2026-06-06 01:20:50,314 INFO  L188       IsEmptyHeuristic]: Finished isEmptyHeuristic. No accepting run.
[2026-06-06 01:20:50,314 INFO  L182       IsEmptyHeuristic]: Start isEmptyHeuristic. Operand  has 5 states, 3 states have (on average 1.6666666666666667) internal successors, (5), 4 states have internal predecessors, (5), 0 states have call successors, (0), 0 states have call predecessors, (0), 0 states have return successors, (0), 0 states have call predecessors, (0), 0 states have call successors, (0)
[2026-06-06 01:20:50,314 INFO  L188       IsEmptyHeuristic]: Finished isEmptyHeuristic. No accepting run.
[2026-06-06 01:20:50,314 INFO  L182       IsEmptyHeuristic]: Start isEmptyHeuristic. Operand  has 5 states, 3 states have (on average 1.6666666666666667) internal successors, (5), 4 states have internal predecessors, (5), 0 states have call successors, (0), 0 states have call predecessors, (0), 0 states have return successors, (0), 0 states have call predecessors, (0), 0 states have call successors, (0)
[2026-06-06 01:20:50,314 INFO  L188       IsEmptyHeuristic]: Finished isEmptyHeuristic. No accepting run.
[2026-06-06 01:20:50,314 INFO  L182       IsEmptyHeuristic]: Start isEmptyHeuristic. Operand  has 5 states, 3 states have (on average 1.6666666666666667) internal successors, (5), 4 states have internal predecessors, (5), 0 states have call successors, (0), 0 states have call predecessors, (0), 0 states have return successors, (0), 0 states have call predecessors, (0), 0 states have call successors, (0)
[2026-06-06 01:20:50,314 INFO  L188       IsEmptyHeuristic]: Finished isEmptyHeuristic. No accepting run.
[2026-06-06 01:20:50,314 INFO  L182       IsEmptyHeuristic]: Start isEmptyHeuristic. Operand  has 5 states, 3 states have (on average 1.6666666666666667) internal successors, (5), 4 states have internal predecessors, (5), 0 states have call successors, (0), 0 states have call predecessors, (0), 0 states have return successors, (0), 0 states have call predecessors, (0), 0 states have call successors, (0)
[2026-06-06 01:20:50,314 INFO  L188       IsEmptyHeuristic]: Finished isEmptyHeuristic. No accepting run.
[2026-06-06 01:20:50,314 INFO  L182       IsEmptyHeuristic]: Start isEmptyHeuristic. Operand  has 5 states, 3 states have (on average 1.6666666666666667) internal successors, (5), 4 states have internal predecessors, (5), 0 states have call successors, (0), 0 states have call predecessors, (0), 0 states have return successors, (0), 0 states have call predecessors, (0), 0 states have call successors, (0)
[2026-06-06 01:20:50,314 INFO  L188       IsEmptyHeuristic]: Finished isEmptyHeuristic. No accepting run.
[2026-06-06 01:20:50,314 INFO  L182       IsEmptyHeuristic]: Start isEmptyHeuristic. Operand  has 5 states, 3 states have (on average 1.6666666666666667) internal successors, (5), 4 states have internal predecessors, (5), 0 states have call successors, (0), 0 states have call predecessors, (0), 0 states have return successors, (0), 0 states have call predecessors, (0), 0 states have call successors, (0)
[2026-06-06 01:20:50,314 INFO  L188       IsEmptyHeuristic]: Finished isEmptyHeuristic. No accepting run.
[2026-06-06 01:20:50,314 INFO  L182       IsEmptyHeuristic]: Start isEmptyHeuristic. Operand  has 5 states, 3 states have (on average 1.6666666666666667) internal successors, (5), 4 states have internal predecessors, (5), 0 states have call successors, (0), 0 states have call predecessors, (0), 0 states have return successors, (0), 0 states have call predecessors, (0), 0 states have call successors, (0)
[2026-06-06 01:20:50,314 INFO  L188       IsEmptyHeuristic]: Finished isEmptyHeuristic. No accepting run.
[2026-06-06 01:20:50,314 INFO  L182       IsEmptyHeuristic]: Start isEmptyHeuristic. Operand  has 5 states, 3 states have (on average 1.6666666666666667) internal successors, (5), 4 states have internal predecessors, (5), 0 states have call successors, (0), 0 states have call predecessors, (0), 0 states have return successors, (0), 0 states have call predecessors, (0), 0 states have call successors, (0)
[2026-06-06 01:20:50,314 INFO  L188       IsEmptyHeuristic]: Finished isEmptyHeuristic. No accepting run.
[2026-06-06 01:20:50,314 INFO  L182       IsEmptyHeuristic]: Start isEmptyHeuristic. Operand  has 5 states, 3 states have (on average 1.6666666666666667) internal successors, (5), 4 states have internal predecessors, (5), 0 states have call successors, (0), 0 states have call predecessors, (0), 0 states have return successors, (0), 0 states have call predecessors, (0), 0 states have call successors, (0)
[2026-06-06 01:20:50,314 INFO  L188       IsEmptyHeuristic]: Finished isEmptyHeuristic. No accepting run.
[2026-06-06 01:20:50,314 INFO  L182       IsEmptyHeuristic]: Start isEmptyHeuristic. Operand  has 5 states, 3 states have (on average 1.6666666666666667) internal successors, (5), 4 states have internal predecessors, (5), 0 states have call successors, (0), 0 states have call predecessors, (0), 0 states have return successors, (0), 0 states have call predecessors, (0), 0 states have call successors, (0)
[2026-06-06 01:20:50,314 INFO  L188       IsEmptyHeuristic]: Finished isEmptyHeuristic. No accepting run.
[2026-06-06 01:20:50,315 INFO  L182       IsEmptyHeuristic]: Start isEmptyHeuristic. Operand  has 5 states, 3 states have (on average 1.6666666666666667) internal successors, (5), 4 states have internal predecessors, (5), 0 states have call successors, (0), 0 states have call predecessors, (0), 0 states have return successors, (0), 0 states have call predecessors, (0), 0 states have call successors, (0)
[2026-06-06 01:20:50,315 INFO  L188       IsEmptyHeuristic]: Finished isEmptyHeuristic. No accepting run.
[2026-06-06 01:20:50,315 INFO  L182       IsEmptyHeuristic]: Start isEmptyHeuristic. Operand  has 5 states, 3 states have (on average 1.6666666666666667) internal successors, (5), 4 states have internal predecessors, (5), 0 states have call successors, (0), 0 states have call predecessors, (0), 0 states have return successors, (0), 0 states have call predecessors, (0), 0 states have call successors, (0)
[2026-06-06 01:20:50,315 INFO  L188       IsEmptyHeuristic]: Finished isEmptyHeuristic. No accepting run.
[2026-06-06 01:20:50,315 INFO  L182       IsEmptyHeuristic]: Start isEmptyHeuristic. Operand  has 5 states, 3 states have (on average 1.6666666666666667) internal successors, (5), 4 states have internal predecessors, (5), 0 states have call successors, (0), 0 states have call predecessors, (0), 0 states have return successors, (0), 0 states have call predecessors, (0), 0 states have call successors, (0)
[2026-06-06 01:20:50,315 INFO  L188       IsEmptyHeuristic]: Finished isEmptyHeuristic. No accepting run.
[2026-06-06 01:20:50,315 INFO  L182       IsEmptyHeuristic]: Start isEmptyHeuristic. Operand  has 5 states, 3 states have (on average 1.6666666666666667) internal successors, (5), 4 states have internal predecessors, (5), 0 states have call successors, (0), 0 states have call predecessors, (0), 0 states have return successors, (0), 0 states have call predecessors, (0), 0 states have call successors, (0)
[2026-06-06 01:20:50,315 INFO  L188       IsEmptyHeuristic]: Finished isEmptyHeuristic. No accepting run.
[2026-06-06 01:20:50,315 INFO  L182       IsEmptyHeuristic]: Start isEmptyHeuristic. Operand  has 5 states, 3 states have (on average 1.6666666666666667) internal successors, (5), 4 states have internal predecessors, (5), 0 states have call successors, (0), 0 states have call predecessors, (0), 0 states have return successors, (0), 0 states have call predecessors, (0), 0 states have call successors, (0)
[2026-06-06 01:20:50,315 INFO  L188       IsEmptyHeuristic]: Finished isEmptyHeuristic. No accepting run.
[2026-06-06 01:20:50,315 INFO  L182       IsEmptyHeuristic]: Start isEmptyHeuristic. Operand  has 5 states, 3 states have (on average 1.6666666666666667) internal successors, (5), 4 states have internal predecessors, (5), 0 states have call successors, (0), 0 states have call predecessors, (0), 0 states have return successors, (0), 0 states have call predecessors, (0), 0 states have call successors, (0)
[2026-06-06 01:20:50,315 INFO  L188       IsEmptyHeuristic]: Finished isEmptyHeuristic. No accepting run.
[2026-06-06 01:20:50,315 INFO  L182       IsEmptyHeuristic]: Start isEmptyHeuristic. Operand  has 5 states, 3 states have (on average 1.6666666666666667) internal successors, (5), 4 states have internal predecessors, (5), 0 states have call successors, (0), 0 states have call predecessors, (0), 0 states have return successors, (0), 0 states have call predecessors, (0), 0 states have call successors, (0)
[2026-06-06 01:20:50,315 INFO  L188       IsEmptyHeuristic]: Finished isEmptyHeuristic. No accepting run.
[2026-06-06 01:20:50,315 INFO  L182       IsEmptyHeuristic]: Start isEmptyHeuristic. Operand  has 5 states, 3 states have (on average 1.6666666666666667) internal successors, (5), 4 states have internal predecessors, (5), 0 states have call successors, (0), 0 states have call predecessors, (0), 0 states have return successors, (0), 0 states have call predecessors, (0), 0 states have call successors, (0)
[2026-06-06 01:20:50,315 INFO  L188       IsEmptyHeuristic]: Finished isEmptyHeuristic. No accepting run.
[2026-06-06 01:20:50,315 INFO  L182       IsEmptyHeuristic]: Start isEmptyHeuristic. Operand  has 5 states, 3 states have (on average 1.6666666666666667) internal successors, (5), 4 states have internal predecessors, (5), 0 states have call successors, (0), 0 states have call predecessors, (0), 0 states have return successors, (0), 0 states have call predecessors, (0), 0 states have call successors, (0)
[2026-06-06 01:20:50,315 INFO  L188       IsEmptyHeuristic]: Finished isEmptyHeuristic. No accepting run.
[2026-06-06 01:20:50,315 INFO  L182       IsEmptyHeuristic]: Start isEmptyHeuristic. Operand  has 5 states, 3 states have (on average 1.6666666666666667) internal successors, (5), 4 states have internal predecessors, (5), 0 states have call successors, (0), 0 states have call predecessors, (0), 0 states have return successors, (0), 0 states have call predecessors, (0), 0 states have call successors, (0)
[2026-06-06 01:20:50,315 INFO  L188       IsEmptyHeuristic]: Finished isEmptyHeuristic. No accepting run.
[2026-06-06 01:20:50,315 INFO  L182       IsEmptyHeuristic]: Start isEmptyHeuristic. Operand  has 5 states, 3 states have (on average 1.6666666666666667) internal successors, (5), 4 states have internal predecessors, (5), 0 states have call successors, (0), 0 states have call predecessors, (0), 0 states have return successors, (0), 0 states have call predecessors, (0), 0 states have call successors, (0)
[2026-06-06 01:20:50,315 INFO  L188       IsEmptyHeuristic]: Finished isEmptyHeuristic. No accepting run.
[2026-06-06 01:20:50,315 INFO  L182       IsEmptyHeuristic]: Start isEmptyHeuristic. Operand  has 5 states, 3 states have (on average 1.6666666666666667) internal successors, (5), 4 states have internal predecessors, (5), 0 states have call successors, (0), 0 states have call predecessors, (0), 0 states have return successors, (0), 0 states have call predecessors, (0), 0 states have call successors, (0)
[2026-06-06 01:20:50,315 INFO  L188       IsEmptyHeuristic]: Finished isEmptyHeuristic. No accepting run.
[2026-06-06 01:20:50,316 INFO  L182       IsEmptyHeuristic]: Start isEmptyHeuristic. Operand  has 5 states, 3 states have (on average 1.6666666666666667) internal successors, (5), 4 states have internal predecessors, (5), 0 states have call successors, (0), 0 states have call predecessors, (0), 0 states have return successors, (0), 0 states have call predecessors, (0), 0 states have call successors, (0)
[2026-06-06 01:20:50,316 INFO  L188       IsEmptyHeuristic]: Finished isEmptyHeuristic. Found accepting run of length 35
[2026-06-06 01:20:50,316 INFO  L163        IsEmptyParallel]: Finished isEmptyParallel. Found accepting run of length 35
[2026-06-06 01:20:50,316 WARN  L753                IsEmpty]: Correctness of emptinessCheck not tested.
[2026-06-06 01:20:50,316 INFO  L79                 Accepts]: Start accepts. Automaton has  has 5 states, 3 states have (on average 1.6666666666666667) internal successors, (5), 4 states have internal predecessors, (5), 0 states have call successors, (0), 0 states have call predecessors, (0), 0 states have return successors, (0), 0 states have call predecessors, (0), 0 states have call successors, (0) Word has length 34
[2026-06-06 01:20:50,316 INFO  L85                 Accepts]: Finished accepts. word is accepted.
[2026-06-06 01:20:50,316 INFO  L757                IsEmpty]: Finished testing correctness of emptinessCheck
[2026-06-06 01:20:50,321 INFO  L86        PathProgramCache]: Analyzing trace with hash 930412, now seen corresponding path program 1 times
[2026-06-06 01:20:50,321 INFO  L484   ParallelNwaCegarLoop]: Main: Starting Thread
[2026-06-06 01:20:50,321 INFO  L86        PathProgramCache]: Analyzing trace with hash 28844579, now seen corresponding path program 2 times
[2026-06-06 01:20:50,321 INFO  L484   ParallelNwaCegarLoop]: Main: Starting Thread
[2026-06-06 01:20:50,321 INFO  L86        PathProgramCache]: Analyzing trace with hash 894183756, now seen corresponding path program 3 times
[2026-06-06 01:20:50,321 INFO  L209   CegarNwaWorkerThread]: Starting Thread: 86# for Trace Check: 930412
[2026-06-06 01:20:50,321 INFO  L209   CegarNwaWorkerThread]: Starting Thread: 101# for Trace Check: 894183756
[2026-06-06 01:20:50,321 INFO  L209   CegarNwaWorkerThread]: Starting Thread: 92# for Trace Check: 28844579
[2026-06-06 01:20:50,321 INFO  L484   ParallelNwaCegarLoop]: Main: Starting Thread
[2026-06-06 01:20:50,321 INFO  L86        PathProgramCache]: Analyzing trace with hash 1949894467, now seen corresponding path program 4 times
[2026-06-06 01:20:50,321 INFO  L484   ParallelNwaCegarLoop]: Main: Starting Thread
[2026-06-06 01:20:50,321 INFO  L86        PathProgramCache]: Analyzing trace with hash 317188140, now seen corresponding path program 5 times
[2026-06-06 01:20:50,321 INFO  L484   ParallelNwaCegarLoop]: Main: Starting Thread
[2026-06-06 01:20:50,321 INFO  L86        PathProgramCache]: Analyzing trace with hash 1242899555, now seen corresponding path program 6 times
[2026-06-06 01:20:50,321 INFO  L484   ParallelNwaCegarLoop]: Main: Starting Thread
[2026-06-06 01:20:50,321 INFO  L209   CegarNwaWorkerThread]: Starting Thread: 107# for Trace Check: 1949894467
[2026-06-06 01:20:50,321 INFO  L86        PathProgramCache]: Analyzing trace with hash -124817652, now seen corresponding path program 7 times
[2026-06-06 01:20:50,321 INFO  L209   CegarNwaWorkerThread]: Starting Thread: 119# for Trace Check: 1242899555
[2026-06-06 01:20:50,321 INFO  L209   CegarNwaWorkerThread]: Starting Thread: 113# for Trace Check: 317188140
[2026-06-06 01:20:50,321 INFO  L156       PredicateUnifier]: Initialized classic predicate unifier
[2026-06-06 01:20:50,321 INFO  L156       PredicateUnifier]: Initialized classic predicate unifier
[2026-06-06 01:20:50,321 INFO  L86        PathProgramCache]: Analyzing trace with hash 930412, now seen corresponding path program 2 times
[2026-06-06 01:20:50,321 INFO  L156       PredicateUnifier]: Initialized classic predicate unifier
[2026-06-06 01:20:50,321 INFO  L209   CegarNwaWorkerThread]: Starting Thread: 125# for Trace Check: -124817652
[2026-06-06 01:20:50,321 INFO  L484   ParallelNwaCegarLoop]: Main: Starting Thread
[2026-06-06 01:20:50,322 INFO  L118   FreeRefinementEngine]: Executing refinement strategy CAMEL
[2026-06-06 01:20:50,322 INFO  L156       PredicateUnifier]: Initialized classic predicate unifier
[2026-06-06 01:20:50,322 INFO  L86        PathProgramCache]: Analyzing trace with hash 894183756, now seen corresponding path program 3 times
[2026-06-06 01:20:50,322 INFO  L324   FreeRefinementEngine]: Using trace check IpTcStrategyModuleSmtInterpolCraig [1996727641]
[2026-06-06 01:20:50,322 INFO  L156       PredicateUnifier]: Initialized classic predicate unifier
[2026-06-06 01:20:50,322 INFO  L95    rtionOrderModulation]: Changing assertion order to OUTSIDE_LOOP_FIRST1
[2026-06-06 01:20:50,321 INFO  L156       PredicateUnifier]: Initialized classic predicate unifier
[2026-06-06 01:20:50,321 INFO  L86        PathProgramCache]: Analyzing trace with hash 28844579, now seen corresponding path program 3 times
[2026-06-06 01:20:50,322 INFO  L127          SolverBuilder]: Constructing new instance of SMTInterpol with explicit timeout -1 ms and remaining time -1 ms
[2026-06-06 01:20:50,322 INFO  L86        PathProgramCache]: Analyzing trace with hash 1242899555, now seen corresponding path program 7 times
[2026-06-06 01:20:50,322 INFO  L118   FreeRefinementEngine]: Executing refinement strategy CAMEL
[2026-06-06 01:20:50,322 INFO  L156       PredicateUnifier]: Initialized classic predicate unifier
[2026-06-06 01:20:50,322 INFO  L86        PathProgramCache]: Analyzing trace with hash 317188140, now seen corresponding path program 7 times
[2026-06-06 01:20:50,322 INFO  L209   CegarNwaWorkerThread]: Starting Thread: 131# for Trace Check: 425621891
[2026-06-06 01:20:50,322 INFO  L86        PathProgramCache]: Analyzing trace with hash 425621891, now seen corresponding path program 8 times
[2026-06-06 01:20:50,322 INFO  L484   ParallelNwaCegarLoop]: Main: Starting Thread
[2026-06-06 01:20:50,322 INFO  L118   FreeRefinementEngine]: Executing refinement strategy CAMEL
[2026-06-06 01:20:50,322 INFO  L86        PathProgramCache]: Analyzing trace with hash -124817652, now seen corresponding path program 7 times
[2026-06-06 01:20:50,322 INFO  L324   FreeRefinementEngine]: Using trace check IpTcStrategyModuleSmtInterpolCraig [2010157318]
[2026-06-06 01:20:50,322 INFO  L118   FreeRefinementEngine]: Executing refinement strategy CAMEL
[2026-06-06 01:20:50,322 INFO  L156       PredicateUnifier]: Initialized classic predicate unifier
[2026-06-06 01:20:50,322 INFO  L118   FreeRefinementEngine]: Executing refinement strategy CAMEL
[2026-06-06 01:20:50,322 INFO  L86        PathProgramCache]: Analyzing trace with hash 425621891, now seen corresponding path program 8 times
[2026-06-06 01:20:50,322 INFO  L86        PathProgramCache]: Analyzing trace with hash 1949894467, now seen corresponding path program 5 times
[2026-06-06 01:20:50,322 INFO  L324   FreeRefinementEngine]: Using trace check IpTcStrategyModuleSmtInterpolCraig [141359958]
[2026-06-06 01:20:50,322 INFO  L324   FreeRefinementEngine]: Using trace check IpTcStrategyModuleSmtInterpolCraig [950263410]
[2026-06-06 01:20:50,322 INFO  L118   FreeRefinementEngine]: Executing refinement strategy CAMEL
[2026-06-06 01:20:50,322 INFO  L118   FreeRefinementEngine]: Executing refinement strategy CAMEL
[2026-06-06 01:20:50,322 INFO  L324   FreeRefinementEngine]: Using trace check IpTcStrategyModuleSmtInterpolCraig [89049137]
[2026-06-06 01:20:50,322 INFO  L95    rtionOrderModulation]: Changing assertion order to OUTSIDE_LOOP_FIRST2
[2026-06-06 01:20:50,322 INFO  L209   CegarNwaWorkerThread]: Starting Thread: 137# for Trace Check: 309378540
[2026-06-06 01:20:50,322 INFO  L127          SolverBuilder]: Constructing new instance of SMTInterpol with explicit timeout -1 ms and remaining time -1 ms
[2026-06-06 01:20:50,322 INFO  L324   FreeRefinementEngine]: Using trace check IpTcStrategyModuleSmtInterpolCraig [393685359]
[2026-06-06 01:20:50,322 INFO  L86        PathProgramCache]: Analyzing trace with hash 309378540, now seen corresponding path program 9 times
[2026-06-06 01:20:50,322 INFO  L484   ParallelNwaCegarLoop]: Main: Starting Thread
[2026-06-06 01:20:50,322 INFO  L95    rtionOrderModulation]: Changing assertion order to NOT_INCREMENTALLY
[2026-06-06 01:20:50,322 INFO  L95    rtionOrderModulation]: Changing assertion order to NOT_INCREMENTALLY
[2026-06-06 01:20:50,322 INFO  L324   FreeRefinementEngine]: Using trace check IpTcStrategyModuleSmtInterpolCraig [1290919469]
[2026-06-06 01:20:50,323 INFO  L156       PredicateUnifier]: Initialized classic predicate unifier
[2026-06-06 01:20:50,322 INFO  L95    rtionOrderModulation]: Changing assertion order to NOT_INCREMENTALLY
[2026-06-06 01:20:50,323 INFO  L86        PathProgramCache]: Analyzing trace with hash 309378540, now seen corresponding path program 9 times
[2026-06-06 01:20:50,323 INFO  L127          SolverBuilder]: Constructing new instance of SMTInterpol with explicit timeout -1 ms and remaining time -1 ms
[2026-06-06 01:20:50,322 INFO  L95    rtionOrderModulation]: Changing assertion order to OUTSIDE_LOOP_FIRST2
[2026-06-06 01:20:50,322 INFO  L118   FreeRefinementEngine]: Executing refinement strategy CAMEL
[2026-06-06 01:20:50,323 INFO  L127          SolverBuilder]: Constructing new instance of SMTInterpol with explicit timeout -1 ms and remaining time -1 ms
[2026-06-06 01:20:50,323 INFO  L209   CegarNwaWorkerThread]: Starting Thread: 143# for Trace Check: 1000801955
[2026-06-06 01:20:50,323 INFO  L118   FreeRefinementEngine]: Executing refinement strategy CAMEL
[2026-06-06 01:20:50,323 INFO  L95    rtionOrderModulation]: Changing assertion order to INSIDE_LOOP_FIRST1
[2026-06-06 01:20:50,323 INFO  L127          SolverBuilder]: Constructing new instance of SMTInterpol with explicit timeout -1 ms and remaining time -1 ms
[2026-06-06 01:20:50,323 INFO  L127          SolverBuilder]: Constructing new instance of SMTInterpol with explicit timeout -1 ms and remaining time -1 ms
[2026-06-06 01:20:50,323 INFO  L86        PathProgramCache]: Analyzing trace with hash 1000801955, now seen corresponding path program 10 times
[2026-06-06 01:20:50,323 INFO  L484   ParallelNwaCegarLoop]: Main: Starting Thread
[2026-06-06 01:20:50,323 INFO  L156       PredicateUnifier]: Initialized classic predicate unifier
[2026-06-06 01:20:50,323 INFO  L127          SolverBuilder]: Constructing new instance of SMTInterpol with explicit timeout -1 ms and remaining time -1 ms
[2026-06-06 01:20:50,323 INFO  L324   FreeRefinementEngine]: Using trace check IpTcStrategyModuleSmtInterpolCraig [821369510]
[2026-06-06 01:20:50,323 INFO  L324   FreeRefinementEngine]: Using trace check IpTcStrategyModuleSmtInterpolCraig [1614470964]
[2026-06-06 01:20:50,323 INFO  L209   CegarNwaWorkerThread]: Starting Thread: 149# for Trace Check: 960091340
[2026-06-06 01:20:50,323 INFO  L86        PathProgramCache]: Analyzing trace with hash 960091340, now seen corresponding path program 11 times
[2026-06-06 01:20:50,323 INFO  L484   ParallelNwaCegarLoop]: Main: Starting Thread
[2026-06-06 01:20:50,323 INFO  L95    rtionOrderModulation]: Changing assertion order to OUTSIDE_LOOP_FIRST2
[2026-06-06 01:20:50,323 INFO  L86        PathProgramCache]: Analyzing trace with hash 1000801955, now seen corresponding path program 10 times
[2026-06-06 01:20:50,323 INFO  L156       PredicateUnifier]: Initialized classic predicate unifier
[2026-06-06 01:20:50,323 INFO  L86        PathProgramCache]: Analyzing trace with hash -301937725, now seen corresponding path program 12 times
[2026-06-06 01:20:50,323 INFO  L484   ParallelNwaCegarLoop]: Main: Starting Thread
[2026-06-06 01:20:50,323 INFO  L95    rtionOrderModulation]: Changing assertion order to OUTSIDE_LOOP_FIRST1
[2026-06-06 01:20:50,323 INFO  L209   CegarNwaWorkerThread]: Starting Thread: 155# for Trace Check: -301937725
[2026-06-06 01:20:50,323 INFO  L118   FreeRefinementEngine]: Executing refinement strategy CAMEL
[2026-06-06 01:20:50,323 INFO  L86        PathProgramCache]: Analyzing trace with hash 960091340, now seen corresponding path program 10 times
[2026-06-06 01:20:50,323 INFO  L324   FreeRefinementEngine]: Using trace check IpTcStrategyModuleSmtInterpolCraig [1779286041]
[2026-06-06 01:20:50,323 INFO  L127          SolverBuilder]: Constructing new instance of SMTInterpol with explicit timeout -1 ms and remaining time -1 ms
[2026-06-06 01:20:50,323 INFO  L95    rtionOrderModulation]: Changing assertion order to TERMS_WITH_SMALL_CONSTANTS_FIRST
[2026-06-06 01:20:50,323 INFO  L118   FreeRefinementEngine]: Executing refinement strategy CAMEL
[2026-06-06 01:20:50,323 INFO  L209   CegarNwaWorkerThread]: Starting Thread: 161# for Trace Check: -770133076
[2026-06-06 01:20:50,323 INFO  L127          SolverBuilder]: Constructing new instance of SMTInterpol with explicit timeout -1 ms and remaining time -1 ms
[2026-06-06 01:20:50,323 INFO  L86        PathProgramCache]: Analyzing trace with hash -770133076, now seen corresponding path program 13 times
[2026-06-06 01:20:50,324 INFO  L484   ParallelNwaCegarLoop]: Main: Starting Thread
[2026-06-06 01:20:50,324 INFO  L127          SolverBuilder]: Constructing new instance of SMTInterpol with explicit timeout -1 ms and remaining time -1 ms
[2026-06-06 01:20:50,324 INFO  L156       PredicateUnifier]: Initialized classic predicate unifier
[2026-06-06 01:20:50,324 INFO  L324   FreeRefinementEngine]: Using trace check IpTcStrategyModuleSmtInterpolCraig [1694144115]
[2026-06-06 01:20:50,324 INFO  L86        PathProgramCache]: Analyzing trace with hash -770133076, now seen corresponding path program 13 times
[2026-06-06 01:20:50,324 INFO  L86        PathProgramCache]: Analyzing trace with hash 1895680227, now seen corresponding path program 14 times
[2026-06-06 01:20:50,324 INFO  L484   ParallelNwaCegarLoop]: Main: Starting Thread
[2026-06-06 01:20:50,324 INFO  L156       PredicateUnifier]: Initialized classic predicate unifier
[2026-06-06 01:20:50,324 INFO  L86        PathProgramCache]: Analyzing trace with hash -1363453300, now seen corresponding path program 15 times
[2026-06-06 01:20:50,324 INFO  L86        PathProgramCache]: Analyzing trace with hash -301937725, now seen corresponding path program 12 times
[2026-06-06 01:20:50,324 INFO  L118   FreeRefinementEngine]: Executing refinement strategy CAMEL
[2026-06-06 01:20:50,324 INFO  L209   CegarNwaWorkerThread]: Starting Thread: 167# for Trace Check: 1895680227
[2026-06-06 01:20:50,324 INFO  L95    rtionOrderModulation]: Changing assertion order to TERMS_WITH_SMALL_CONSTANTS_FIRST
[2026-06-06 01:20:50,324 INFO  L324   FreeRefinementEngine]: Using trace check IpTcStrategyModuleSmtInterpolCraig [1384688450]
[2026-06-06 01:20:50,324 INFO  L118   FreeRefinementEngine]: Executing refinement strategy CAMEL
[2026-06-06 01:20:50,324 INFO  L209   CegarNwaWorkerThread]: Starting Thread: 173# for Trace Check: -1363453300
[2026-06-06 01:20:50,324 INFO  L484   ParallelNwaCegarLoop]: Main: Starting Thread
[2026-06-06 01:20:50,324 INFO  L324   FreeRefinementEngine]: Using trace check IpTcStrategyModuleSmtInterpolCraig [1840417069]
[2026-06-06 01:20:50,324 INFO  L95    rtionOrderModulation]: Changing assertion order to NOT_INCREMENTALLY
[2026-06-06 01:20:50,324 INFO  L127          SolverBuilder]: Constructing new instance of SMTInterpol with explicit timeout -1 ms and remaining time -1 ms
[2026-06-06 01:20:50,325 INFO  L127          SolverBuilder]: Constructing new instance of SMTInterpol with explicit timeout -1 ms and remaining time -1 ms
[2026-06-06 01:20:50,324 INFO  L95    rtionOrderModulation]: Changing assertion order to MIX_INSIDE_OUTSIDE
[2026-06-06 01:20:50,324 INFO  L266   ParallelNwaCegarLoop]: === Iteration 2 ===
[2026-06-06 01:20:50,325 INFO  L501   ParallelNwaCegarLoop]: All threads busy, going to sleep.
[2026-06-06 01:20:50,325 INFO  L127          SolverBuilder]: Constructing new instance of SMTInterpol with explicit timeout -1 ms and remaining time -1 ms
[2026-06-06 01:20:50,325 INFO  L156       PredicateUnifier]: Initialized classic predicate unifier
[2026-06-06 01:20:50,325 INFO  L86        PathProgramCache]: Analyzing trace with hash -1363453300, now seen corresponding path program 15 times
[2026-06-06 01:20:50,325 INFO  L156       PredicateUnifier]: Initialized classic predicate unifier
[2026-06-06 01:20:50,325 INFO  L118   FreeRefinementEngine]: Executing refinement strategy CAMEL
[2026-06-06 01:20:50,325 INFO  L86        PathProgramCache]: Analyzing trace with hash 1895680227, now seen corresponding path program 14 times
[2026-06-06 01:20:50,325 INFO  L324   FreeRefinementEngine]: Using trace check IpTcStrategyModuleSmtInterpolCraig [801826193]
[2026-06-06 01:20:50,325 INFO  L95    rtionOrderModulation]: Changing assertion order to OUTSIDE_LOOP_FIRST2
[2026-06-06 01:20:50,325 INFO  L127          SolverBuilder]: Constructing new instance of SMTInterpol with explicit timeout -1 ms and remaining time -1 ms
[2026-06-06 01:20:50,325 INFO  L118   FreeRefinementEngine]: Executing refinement strategy CAMEL
[2026-06-06 01:20:50,325 INFO  L324   FreeRefinementEngine]: Using trace check IpTcStrategyModuleSmtInterpolCraig [489482858]
[2026-06-06 01:20:50,325 INFO  L95    rtionOrderModulation]: Changing assertion order to OUTSIDE_LOOP_FIRST1
[2026-06-06 01:20:50,325 INFO  L127          SolverBuilder]: Constructing new instance of SMTInterpol with explicit timeout -1 ms and remaining time -1 ms
[2026-06-06 01:20:50,326 INFO  L108    AnnotateAndAsserter]: Assert order OUTSIDE_LOOP_FIRST2 partitioned 6 statements into 3 equivalence classes.
[2026-06-06 01:20:50,326 INFO  L108    AnnotateAndAsserter]: Assert order OUTSIDE_LOOP_FIRST2 partitioned 5 statements into 2 equivalence classes.
[2026-06-06 01:20:50,326 INFO  L108    AnnotateAndAsserter]: Assert order OUTSIDE_LOOP_FIRST1 partitioned 4 statements into 2 equivalence classes.
[2026-06-06 01:20:50,328 INFO  L108    AnnotateAndAsserter]: Assert order NOT_INCREMENTALLY partitioned 9 statements into 1 equivalence classes.
[2026-06-06 01:20:50,328 INFO  L108    AnnotateAndAsserter]: Assert order NOT_INCREMENTALLY partitioned 8 statements into 1 equivalence classes.
[2026-06-06 01:20:50,329 INFO  L108    AnnotateAndAsserter]: Assert order INSIDE_LOOP_FIRST1 partitioned 7 statements into 3 equivalence classes.
[2026-06-06 01:20:50,331 INFO  L108    AnnotateAndAsserter]: Assert order OUTSIDE_LOOP_FIRST1 partitioned 11 statements into 2 equivalence classes.
[2026-06-06 01:20:50,331 INFO  L108    AnnotateAndAsserter]: Assert order OUTSIDE_LOOP_FIRST2 partitioned 12 statements into 6 equivalence classes.
[2026-06-06 01:20:50,332 INFO  L108    AnnotateAndAsserter]: Assert order NOT_INCREMENTALLY partitioned 10 statements into 1 equivalence classes.
[2026-06-06 01:20:50,333 INFO  L108    AnnotateAndAsserter]: Assert order TERMS_WITH_SMALL_CONSTANTS_FIRST partitioned 13 statements into 2 equivalence classes.
[2026-06-06 01:20:50,338 INFO  L108    AnnotateAndAsserter]: Assert order NOT_INCREMENTALLY partitioned 16 statements into 1 equivalence classes.
[2026-06-06 01:20:50,338 INFO  L111    AnnotateAndAsserter]: Assert order OUTSIDE_LOOP_FIRST1 issued 2 check-sat command(s) and asserted 4 of 4 statements.
[2026-06-06 01:20:50,338 INFO  L114    AnnotateAndAsserter]: Assert order OUTSIDE_LOOP_FIRST1 issued 2 check-sat command(s)
[2026-06-06 01:20:50,338 INFO  L115    AnnotateAndAsserter]: Conjunction of SSA is unsat
[2026-06-06 01:20:50,338 INFO  L108    AnnotateAndAsserter]: Assert order MIX_INSIDE_OUTSIDE partitioned 15 statements into 7 equivalence classes.
[2026-06-06 01:20:50,339 INFO  L108    AnnotateAndAsserter]: Assert order TERMS_WITH_SMALL_CONSTANTS_FIRST partitioned 14 statements into 2 equivalence classes.
[2026-06-06 01:20:50,339 INFO  L111    AnnotateAndAsserter]: Assert order OUTSIDE_LOOP_FIRST2 issued 2 check-sat command(s) and asserted 5 of 5 statements.
[2026-06-06 01:20:50,339 INFO  L114    AnnotateAndAsserter]: Assert order OUTSIDE_LOOP_FIRST2 issued 2 check-sat command(s)
[2026-06-06 01:20:50,339 INFO  L115    AnnotateAndAsserter]: Conjunction of SSA is unsat
[2026-06-06 01:20:50,340 INFO  L108    AnnotateAndAsserter]: Assert order OUTSIDE_LOOP_FIRST2 partitioned 18 statements into 9 equivalence classes.
[2026-06-06 01:20:50,341 INFO  L108    AnnotateAndAsserter]: Assert order OUTSIDE_LOOP_FIRST1 partitioned 17 statements into 2 equivalence classes.
[2026-06-06 01:20:50,344 INFO  L111    AnnotateAndAsserter]: Assert order OUTSIDE_LOOP_FIRST2 issued 3 check-sat command(s) and asserted 6 of 6 statements.
[2026-06-06 01:20:50,345 INFO  L111    AnnotateAndAsserter]: Assert order INSIDE_LOOP_FIRST1 issued 3 check-sat command(s) and asserted 7 of 7 statements.
[2026-06-06 01:20:50,345 INFO  L114    AnnotateAndAsserter]: Assert order OUTSIDE_LOOP_FIRST2 issued 3 check-sat command(s)
[2026-06-06 01:20:50,345 INFO  L114    AnnotateAndAsserter]: Assert order INSIDE_LOOP_FIRST1 issued 3 check-sat command(s)
[2026-06-06 01:20:50,345 INFO  L115    AnnotateAndAsserter]: Conjunction of SSA is unsat
[2026-06-06 01:20:50,345 INFO  L115    AnnotateAndAsserter]: Conjunction of SSA is unsat
[2026-06-06 01:20:50,345 INFO  L111    AnnotateAndAsserter]: Assert order NOT_INCREMENTALLY issued 1 check-sat command(s) and asserted 8 of 8 statements.
[2026-06-06 01:20:50,345 INFO  L114    AnnotateAndAsserter]: Assert order NOT_INCREMENTALLY issued 1 check-sat command(s)
[2026-06-06 01:20:50,345 INFO  L115    AnnotateAndAsserter]: Conjunction of SSA is unsat
[2026-06-06 01:20:50,345 INFO  L111    AnnotateAndAsserter]: Assert order NOT_INCREMENTALLY issued 1 check-sat command(s) and asserted 9 of 9 statements.
[2026-06-06 01:20:50,345 INFO  L114    AnnotateAndAsserter]: Assert order NOT_INCREMENTALLY issued 1 check-sat command(s)
[2026-06-06 01:20:50,345 INFO  L115    AnnotateAndAsserter]: Conjunction of SSA is unsat
[2026-06-06 01:20:50,350 INFO  L111    AnnotateAndAsserter]: Assert order NOT_INCREMENTALLY issued 1 check-sat command(s) and asserted 10 of 10 statements.
[2026-06-06 01:20:50,350 INFO  L114    AnnotateAndAsserter]: Assert order NOT_INCREMENTALLY issued 1 check-sat command(s)
[2026-06-06 01:20:50,350 INFO  L115    AnnotateAndAsserter]: Conjunction of SSA is unsat
[2026-06-06 01:20:50,353 INFO  L111    AnnotateAndAsserter]: Assert order OUTSIDE_LOOP_FIRST1 issued 2 check-sat command(s) and asserted 11 of 11 statements.
[2026-06-06 01:20:50,353 INFO  L114    AnnotateAndAsserter]: Assert order OUTSIDE_LOOP_FIRST1 issued 2 check-sat command(s)
[2026-06-06 01:20:50,353 INFO  L115    AnnotateAndAsserter]: Conjunction of SSA is unsat
[2026-06-06 01:20:50,354 INFO  L134       CoverageAnalysis]: Checked inductivity of 0 backedges. 0 proven. 0 refuted. 0 times theorem prover too weak. 0 trivial. 0 not checked.
[2026-06-06 01:20:50,354 INFO  L136   FreeRefinementEngine]: Strategy CAMEL found an infeasible trace
[2026-06-06 01:20:50,354 INFO  L324   FreeRefinementEngine]: Using interpolant generator IpTcStrategyModuleSmtInterpolCraig [49764289]
[2026-06-06 01:20:50,354 INFO  L158   FreeRefinementEngine]: IpTcStrategyModuleSmtInterpolCraig [49764289] provided 1 perfect and 0 imperfect interpolant sequences
[2026-06-06 01:20:50,354 INFO  L185   FreeRefinementEngine]: Found 1 perfect and 0 imperfect interpolant sequences.
[2026-06-06 01:20:50,354 INFO  L198   FreeRefinementEngine]: Number of different interpolants: perfect sequences [2] imperfect sequences [] total 2
[2026-06-06 01:20:50,355 INFO  L122   tionRefinementEngine]: Using interpolant automaton builder IpAbStrategyModuleStraightlineAll [1801811919]
[2026-06-06 01:20:50,356 INFO  L85    oduleStraightlineAll]: Using 1 perfect interpolants to construct interpolant automaton
[2026-06-06 01:20:50,356 INFO  L111    AnnotateAndAsserter]: Assert order TERMS_WITH_SMALL_CONSTANTS_FIRST issued 2 check-sat command(s) and asserted 13 of 13 statements.
[2026-06-06 01:20:50,356 INFO  L114    AnnotateAndAsserter]: Assert order TERMS_WITH_SMALL_CONSTANTS_FIRST issued 2 check-sat command(s)
[2026-06-06 01:20:50,356 INFO  L115    AnnotateAndAsserter]: Conjunction of SSA is unsat
[2026-06-06 01:20:50,359 INFO  L100   FreeRefinementEngine]: Using predicate unifier PredicateUnifier provided by strategy CAMEL
[2026-06-06 01:20:50,361 INFO  L111    AnnotateAndAsserter]: Assert order OUTSIDE_LOOP_FIRST2 issued 6 check-sat command(s) and asserted 12 of 12 statements.
[2026-06-06 01:20:50,361 INFO  L114    AnnotateAndAsserter]: Assert order OUTSIDE_LOOP_FIRST2 issued 6 check-sat command(s)
[2026-06-06 01:20:50,361 INFO  L115    AnnotateAndAsserter]: Conjunction of SSA is unsat
[2026-06-06 01:20:50,366 INFO  L111    AnnotateAndAsserter]: Assert order TERMS_WITH_SMALL_CONSTANTS_FIRST issued 2 check-sat command(s) and asserted 14 of 14 statements.
[2026-06-06 01:20:50,367 INFO  L114    AnnotateAndAsserter]: Assert order TERMS_WITH_SMALL_CONSTANTS_FIRST issued 2 check-sat command(s)
[2026-06-06 01:20:50,367 INFO  L115    AnnotateAndAsserter]: Conjunction of SSA is unsat
[2026-06-06 01:20:50,370 INFO  L111    AnnotateAndAsserter]: Assert order NOT_INCREMENTALLY issued 1 check-sat command(s) and asserted 16 of 16 statements.
[2026-06-06 01:20:50,370 INFO  L114    AnnotateAndAsserter]: Assert order NOT_INCREMENTALLY issued 1 check-sat command(s)
[2026-06-06 01:20:50,370 INFO  L115    AnnotateAndAsserter]: Conjunction of SSA is unsat
[2026-06-06 01:20:50,371 INFO  L111    AnnotateAndAsserter]: Assert order MIX_INSIDE_OUTSIDE issued 7 check-sat command(s) and asserted 15 of 15 statements.
[2026-06-06 01:20:50,371 INFO  L114    AnnotateAndAsserter]: Assert order MIX_INSIDE_OUTSIDE issued 7 check-sat command(s)
[2026-06-06 01:20:50,372 INFO  L115    AnnotateAndAsserter]: Conjunction of SSA is unsat
[2026-06-06 01:20:50,373 INFO  L144   InterpolantAutomaton]: Constructing interpolant automaton starting with 3 interpolants.
[2026-06-06 01:20:50,373 INFO  L146   InterpolantAutomaton]: CoverageRelationStatistics Valid=3, Invalid=3, Unknown=0, NotChecked=0, Total=6
[2026-06-06 01:20:50,373 INFO  L419   CegarNwaWorkerThread]: Difference in Worker for Generalization
[2026-06-06 01:20:50,376 INFO  L87              Difference]: Start difference. First operand  has 5 states, 3 states have (on average 1.6666666666666667) internal successors, (5), 4 states have internal predecessors, (5), 0 states have call successors, (0), 0 states have call predecessors, (0), 0 states have return successors, (0), 0 states have call predecessors, (0), 0 states have call successors, (0) Second operand  has 3 states, 3 states have (on average 1.0) internal successors, (3), 2 states have internal predecessors, (3), 0 states have call successors, (0), 0 states have call predecessors, (0), 0 states have return successors, (0), 0 states have call predecessors, (0), 0 states have call successors, (0)
[2026-06-06 01:20:50,376 INFO  L111    AnnotateAndAsserter]: Assert order OUTSIDE_LOOP_FIRST1 issued 2 check-sat command(s) and asserted 17 of 17 statements.
[2026-06-06 01:20:50,376 INFO  L114    AnnotateAndAsserter]: Assert order OUTSIDE_LOOP_FIRST1 issued 2 check-sat command(s)
[2026-06-06 01:20:50,376 INFO  L115    AnnotateAndAsserter]: Conjunction of SSA is unsat
[2026-06-06 01:20:50,387 INFO  L111    AnnotateAndAsserter]: Assert order OUTSIDE_LOOP_FIRST2 issued 8 check-sat command(s) and asserted 17 of 18 statements.
[2026-06-06 01:20:50,387 INFO  L114    AnnotateAndAsserter]: Assert order OUTSIDE_LOOP_FIRST2 issued 8 check-sat command(s)
[2026-06-06 01:20:50,387 INFO  L115    AnnotateAndAsserter]: Conjunction of SSA is unsat
[2026-06-06 01:20:50,389 INFO  L144             Difference]: Subtrahend was deterministic. Have not used determinization.
[2026-06-06 01:20:50,389 INFO  L93              Difference]: Finished difference Result 5 states and 5 transitions.
[2026-06-06 01:20:50,390 INFO  L140   InterpolantAutomaton]: Switched to read-only mode: deterministic interpolant automaton has 3 states. 
[2026-06-06 01:20:50,393 INFO  L225             Difference]: With dead ends: 5
[2026-06-06 01:20:50,393 INFO  L226             Difference]: Without dead ends: 5
[2026-06-06 01:20:50,394 INFO  L487   CegarNwaWorkerThread]: 0 DeclaredPredicates, 2 GetRequests, 1 SyntacticMatches, 0 SemanticMatches, 1 ConstructedPredicates, 0 IntricatePredicates, 0 DeprecatedPredicates, 0 ImplicationChecksByTransitivity, 0.0s TimeCoverageRelationStatistics Valid=3, Invalid=3, Unknown=0, NotChecked=0, Total=6
[2026-06-06 01:20:50,396 INFO  L488   CegarNwaWorkerThread]: 3 mSDtfsCounter, 0 mSDsluCounter, 1 mSDsCounter, 0 mSdLazyCounter, 3 mSolverCounterSat, 0 mSolverCounterUnsat, 0 mSolverCounterUnknown, 0 mSolverCounterNotChecked, 0.0s Time, 0 mProtectedPredicate, 0 mProtectedAction, 0 SdHoareTripleChecker+Valid, 4 SdHoareTripleChecker+Invalid, 3 SdHoareTripleChecker+Unknown, 0 SdHoareTripleChecker+Unchecked, 0.0s SdHoareTripleChecker+Time, 0 IncrementalHoareTripleChecker+Valid, 3 IncrementalHoareTripleChecker+Invalid, 0 IncrementalHoareTripleChecker+Unknown, 0 IncrementalHoareTripleChecker+Unchecked, 0.0s IncrementalHoareTripleChecker+Time
[2026-06-06 01:20:50,396 INFO  L489   CegarNwaWorkerThread]: SdHoareTripleChecker [0 Valid, 4 Invalid, 3 Unknown, 0 Unchecked, 0.0s Time], IncrementalHoareTripleChecker [0 Valid, 3 Invalid, 0 Unknown, 0 Unchecked, 0.0s Time]
[2026-06-06 01:20:50,397 INFO  L224   CegarNwaWorkerThread]: Done with Thread: 80#
[2026-06-06 01:20:50,397 INFO  L196   CegarNwaWorkerThread]: WorkerThread: Thread[#80,Worker for 29955,5,main] is Waiting for a Task
[2026-06-06 01:20:50,397 INFO  L504   ParallelNwaCegarLoop]: Waking up, a worker is done.
[2026-06-06 01:20:50,397 INFO  L276   ParallelNwaCegarLoop]: Main: A Thread is Done
[2026-06-06 01:20:50,397 INFO  L294   ParallelNwaCegarLoop]: Worker Automaton Type: FLOYD_HOARE
[2026-06-06 01:20:50,398 INFO  L79                 Accepts]: Start accepts. Automaton has  has 5 states, 3 states have (on average 1.6666666666666667) internal successors, (5), 4 states have internal predecessors, (5), 0 states have call successors, (0), 0 states have call predecessors, (0), 0 states have return successors, (0), 0 states have call predecessors, (0), 0 states have call successors, (0) Word has length 3
[2026-06-06 01:20:50,398 INFO  L85                 Accepts]: Finished accepts. word is accepted.
[2026-06-06 01:20:50,398 INFO  L296   ParallelNwaCegarLoop]: Refining Abstraction
[2026-06-06 01:20:50,398 INFO  L567   ParallelNwaCegarLoop]: Subtrahend traceHash: 29955
[2026-06-06 01:20:50,398 INFO  L534   ParallelNwaCegarLoop]: Difference in Main
[2026-06-06 01:20:50,398 INFO  L87              Difference]: Start difference. First operand  has 5 states, 3 states have (on average 1.6666666666666667) internal successors, (5), 4 states have internal predecessors, (5), 0 states have call successors, (0), 0 states have call predecessors, (0), 0 states have return successors, (0), 0 states have call predecessors, (0), 0 states have call successors, (0) Second operand  has 3 states, 2 states have (on average 3.5) internal successors, (7), 3 states have internal predecessors, (7), 0 states have call successors, (0), 0 states have call predecessors, (0), 0 states have return successors, (0), 0 states have call predecessors, (0), 0 states have call successors, (0)
[2026-06-06 01:20:50,398 INFO  L144             Difference]: Subtrahend was deterministic. Have not used determinization.
[2026-06-06 01:20:50,398 INFO  L93              Difference]: Finished difference Result 5 states and 5 transitions.
[2026-06-06 01:20:50,398 INFO  L225             Difference]: With dead ends: 5
[2026-06-06 01:20:50,398 INFO  L226             Difference]: Without dead ends: 5
[2026-06-06 01:20:50,407 INFO  L82        GeneralOperation]: Start minimizeSevpa. Operand 5 states.
[2026-06-06 01:20:50,414 INFO  L88        GeneralOperation]: Finished minimizeSevpa. Reduced states from 5 to 5.
[2026-06-06 01:20:50,414 INFO  L82        GeneralOperation]: Start removeUnreachable. Operand  has 5 states, 4 states have (on average 1.25) internal successors, (5), 4 states have internal predecessors, (5), 0 states have call successors, (0), 0 states have call predecessors, (0), 0 states have return successors, (0), 0 states have call predecessors, (0), 0 states have call successors, (0)
[2026-06-06 01:20:50,416 INFO  L88        GeneralOperation]: Finished removeUnreachable. Reduced from 5 states to 5 states and 5 transitions.
[2026-06-06 01:20:50,417 INFO  L545   ParallelNwaCegarLoop]: Main: Refinement done.
[2026-06-06 01:20:50,417 INFO  L464   ParallelNwaCegarLoop]: Checking if program is safe
[2026-06-06 01:20:50,417 INFO  L290                IsEmpty]: Start isEmpty. Operand 5 states and 5 transitions.
[2026-06-06 01:20:50,417 INFO  L300                IsEmpty]: Finished isEmpty. Found accepting run of length 5
[2026-06-06 01:20:50,417 INFO  L199           NwaCegarLoop]: Found error trace
[2026-06-06 01:20:50,417 INFO  L207           NwaCegarLoop]: trace histogram [1, 1, 1, 1]
[2026-06-06 01:20:50,417 INFO  L319   ParallelNwaCegarLoop]: No more worker results to process
[2026-06-06 01:20:50,417 INFO  L290                IsEmpty]: Start isEmptyParallel. Operand 5 states and 5 transitions.
[2026-06-06 01:20:50,417 INFO  L300                IsEmpty]: Finished isEmptyParallel. No accepting run.
[2026-06-06 01:20:50,417 INFO  L156        IsEmptyParallel]: Start isEmptyParallel. Operand 5 states and 5 transitions.
[2026-06-06 01:20:50,418 INFO  L182       IsEmptyHeuristic]: Start isEmptyHeuristic. Operand 5 states and 5 transitions.
[2026-06-06 01:20:50,419 INFO  L188       IsEmptyHeuristic]: Finished isEmptyHeuristic. Found accepting run of length 21
[2026-06-06 01:20:50,419 INFO  L163        IsEmptyParallel]: Finished isEmptyParallel. Found accepting run of length 21
[2026-06-06 01:20:50,419 WARN  L753                IsEmpty]: Correctness of emptinessCheck not tested.
[2026-06-06 01:20:50,419 INFO  L79                 Accepts]: Start accepts. Automaton has 5 states and 5 transitions. Word has length 20
[2026-06-06 01:20:50,419 INFO  L85                 Accepts]: Finished accepts. word is accepted.
[2026-06-06 01:20:50,419 INFO  L757                IsEmpty]: Finished testing correctness of emptinessCheck
[2026-06-06 01:20:50,419 INFO  L290                IsEmpty]: Start isEmptyParallel. Operand 5 states and 5 transitions.
[2026-06-06 01:20:50,419 INFO  L300                IsEmpty]: Finished isEmptyParallel. No accepting run.
[2026-06-06 01:20:50,419 INFO  L156        IsEmptyParallel]: Start isEmptyParallel. Operand 5 states and 5 transitions.
[2026-06-06 01:20:50,420 INFO  L182       IsEmptyHeuristic]: Start isEmptyHeuristic. Operand 5 states and 5 transitions.
[2026-06-06 01:20:50,420 INFO  L188       IsEmptyHeuristic]: Finished isEmptyHeuristic. Found accepting run of length 20
[2026-06-06 01:20:50,420 INFO  L163        IsEmptyParallel]: Finished isEmptyParallel. Found accepting run of length 20
[2026-06-06 01:20:50,420 WARN  L753                IsEmpty]: Correctness of emptinessCheck not tested.
[2026-06-06 01:20:50,420 INFO  L79                 Accepts]: Start accepts. Automaton has 5 states and 5 transitions. Word has length 19
[2026-06-06 01:20:50,420 INFO  L85                 Accepts]: Finished accepts. word is accepted.
[2026-06-06 01:20:50,420 INFO  L757                IsEmpty]: Finished testing correctness of emptinessCheck
[2026-06-06 01:20:50,420 INFO  L290                IsEmpty]: Start isEmptyParallel. Operand 5 states and 5 transitions.
[2026-06-06 01:20:50,420 INFO  L300                IsEmpty]: Finished isEmptyParallel. No accepting run.
[2026-06-06 01:20:50,420 INFO  L156        IsEmptyParallel]: Start isEmptyParallel. Operand 5 states and 5 transitions.
[2026-06-06 01:20:50,422 INFO  L182       IsEmptyHeuristic]: Start isEmptyHeuristic. Operand 5 states and 5 transitions.
[2026-06-06 01:20:50,422 INFO  L188       IsEmptyHeuristic]: Finished isEmptyHeuristic. Found accepting run of length 23
[2026-06-06 01:20:50,422 INFO  L163        IsEmptyParallel]: Finished isEmptyParallel. Found accepting run of length 23
[2026-06-06 01:20:50,422 WARN  L753                IsEmpty]: Correctness of emptinessCheck not tested.
[2026-06-06 01:20:50,422 INFO  L79                 Accepts]: Start accepts. Automaton has 5 states and 5 transitions. Word has length 22
[2026-06-06 01:20:50,422 INFO  L85                 Accepts]: Finished accepts. word is accepted.
[2026-06-06 01:20:50,422 INFO  L757                IsEmpty]: Finished testing correctness of emptinessCheck
[2026-06-06 01:20:50,422 INFO  L290                IsEmpty]: Start isEmptyParallel. Operand 5 states and 5 transitions.
[2026-06-06 01:20:50,422 INFO  L300                IsEmpty]: Finished isEmptyParallel. No accepting run.
[2026-06-06 01:20:50,422 INFO  L156        IsEmptyParallel]: Start isEmptyParallel. Operand 5 states and 5 transitions.
[2026-06-06 01:20:50,423 INFO  L182       IsEmptyHeuristic]: Start isEmptyHeuristic. Operand 5 states and 5 transitions.
[2026-06-06 01:20:50,423 INFO  L188       IsEmptyHeuristic]: Finished isEmptyHeuristic. Found accepting run of length 22
[2026-06-06 01:20:50,423 INFO  L163        IsEmptyParallel]: Finished isEmptyParallel. Found accepting run of length 22
[2026-06-06 01:20:50,423 WARN  L753                IsEmpty]: Correctness of emptinessCheck not tested.
[2026-06-06 01:20:50,423 INFO  L79                 Accepts]: Start accepts. Automaton has 5 states and 5 transitions. Word has length 21
[2026-06-06 01:20:50,423 INFO  L85                 Accepts]: Finished accepts. word is accepted.
[2026-06-06 01:20:50,424 INFO  L757                IsEmpty]: Finished testing correctness of emptinessCheck
[2026-06-06 01:20:50,424 INFO  L86        PathProgramCache]: Analyzing trace with hash 682622467, now seen corresponding path program 16 times
[2026-06-06 01:20:50,424 INFO  L484   ParallelNwaCegarLoop]: Main: Starting Thread
[2026-06-06 01:20:50,424 INFO  L266   ParallelNwaCegarLoop]: === Iteration 3 ===
[2026-06-06 01:20:50,424 INFO  L209   CegarNwaWorkerThread]: Starting Thread: 80# for Trace Check: 682622467
[2026-06-06 01:20:50,424 INFO  L501   ParallelNwaCegarLoop]: All threads busy, going to sleep.
[2026-06-06 01:20:50,424 INFO  L156       PredicateUnifier]: Initialized classic predicate unifier
[2026-06-06 01:20:50,424 INFO  L86        PathProgramCache]: Analyzing trace with hash 682622467, now seen corresponding path program 16 times
[2026-06-06 01:20:50,425 INFO  L118   FreeRefinementEngine]: Executing refinement strategy CAMEL
[2026-06-06 01:20:50,425 INFO  L324   FreeRefinementEngine]: Using trace check IpTcStrategyModuleSmtInterpolCraig [1971107038]
[2026-06-06 01:20:50,425 INFO  L95    rtionOrderModulation]: Changing assertion order to TERMS_WITH_SMALL_CONSTANTS_FIRST
[2026-06-06 01:20:50,426 INFO  L127          SolverBuilder]: Constructing new instance of SMTInterpol with explicit timeout -1 ms and remaining time -1 ms
[2026-06-06 01:20:50,428 INFO  L134       CoverageAnalysis]: Checked inductivity of 1 backedges. 0 proven. 1 refuted. 0 times theorem prover too weak. 0 trivial. 0 not checked.
[2026-06-06 01:20:50,428 INFO  L136   FreeRefinementEngine]: Strategy CAMEL found an infeasible trace
[2026-06-06 01:20:50,428 INFO  L324   FreeRefinementEngine]: Using interpolant generator IpTcStrategyModuleSmtInterpolCraig [1996727641]
[2026-06-06 01:20:50,428 INFO  L158   FreeRefinementEngine]: IpTcStrategyModuleSmtInterpolCraig [1996727641] provided 0 perfect and 1 imperfect interpolant sequences
[2026-06-06 01:20:50,428 INFO  L324   FreeRefinementEngine]: Using interpolant generator IpTcStrategyModuleZ3 [1298604760]
[2026-06-06 01:20:50,428 INFO  L95    rtionOrderModulation]: Changing assertion order to OUTSIDE_LOOP_FIRST1
[2026-06-06 01:20:50,428 INFO  L173          SolverBuilder]: Constructing external solver with command: z3 -smt2 -in SMTLIB2_COMPLIANT=true
[2026-06-06 01:20:50,431 INFO  L189       MonitoredProcess]: No working directory specified, using /usr/bin/z3
[2026-06-06 01:20:50,433 INFO  L229       MonitoredProcess]: Starting monitored process 18 with /usr/bin/z3 -smt2 -in SMTLIB2_COMPLIANT=true (exit command is (exit), workingDir is null)
[2026-06-06 01:20:50,433 INFO  L327       MonitoredProcess]: [MP /usr/bin/z3 -smt2 -in SMTLIB2_COMPLIANT=true (18)] Waiting until timeout for monitored process
[2026-06-06 01:20:50,436 INFO  L108    AnnotateAndAsserter]: Assert order TERMS_WITH_SMALL_CONSTANTS_FIRST partitioned 19 statements into 2 equivalence classes.
[2026-06-06 01:20:50,451 INFO  L134       CoverageAnalysis]: Checked inductivity of 3 backedges. 0 proven. 3 refuted. 0 times theorem prover too weak. 0 trivial. 0 not checked.
[2026-06-06 01:20:50,451 INFO  L136   FreeRefinementEngine]: Strategy CAMEL found an infeasible trace
[2026-06-06 01:20:50,451 INFO  L324   FreeRefinementEngine]: Using interpolant generator IpTcStrategyModuleSmtInterpolCraig [141359958]
[2026-06-06 01:20:50,451 INFO  L158   FreeRefinementEngine]: IpTcStrategyModuleSmtInterpolCraig [141359958] provided 0 perfect and 1 imperfect interpolant sequences
[2026-06-06 01:20:50,451 INFO  L324   FreeRefinementEngine]: Using interpolant generator IpTcStrategyModuleZ3 [1733741596]
[2026-06-06 01:20:50,451 INFO  L95    rtionOrderModulation]: Changing assertion order to OUTSIDE_LOOP_FIRST2
[2026-06-06 01:20:50,451 INFO  L173          SolverBuilder]: Constructing external solver with command: z3 -smt2 -in SMTLIB2_COMPLIANT=true
[2026-06-06 01:20:50,453 INFO  L111    AnnotateAndAsserter]: Assert order TERMS_WITH_SMALL_CONSTANTS_FIRST issued 2 check-sat command(s) and asserted 19 of 19 statements.
[2026-06-06 01:20:50,453 INFO  L114    AnnotateAndAsserter]: Assert order TERMS_WITH_SMALL_CONSTANTS_FIRST issued 2 check-sat command(s)
[2026-06-06 01:20:50,453 INFO  L115    AnnotateAndAsserter]: Conjunction of SSA is unsat
[2026-06-06 01:20:50,454 INFO  L189       MonitoredProcess]: No working directory specified, using /usr/bin/z3
[2026-06-06 01:20:50,454 INFO  L108    AnnotateAndAsserter]: Assert order OUTSIDE_LOOP_FIRST1 partitioned 4 statements into 2 equivalence classes.
[2026-06-06 01:20:50,456 INFO  L229       MonitoredProcess]: Starting monitored process 19 with /usr/bin/z3 -smt2 -in SMTLIB2_COMPLIANT=true (exit command is (exit), workingDir is null)
[2026-06-06 01:20:50,456 INFO  L327       MonitoredProcess]: [MP /usr/bin/z3 -smt2 -in SMTLIB2_COMPLIANT=true (19)] Waiting until timeout for monitored process
[2026-06-06 01:20:50,458 INFO  L111    AnnotateAndAsserter]: Assert order OUTSIDE_LOOP_FIRST1 issued 2 check-sat command(s) and asserted 4 of 4 statements.
[2026-06-06 01:20:50,458 INFO  L114    AnnotateAndAsserter]: Assert order OUTSIDE_LOOP_FIRST1 issued 2 check-sat command(s)
[2026-06-06 01:20:50,458 INFO  L115    AnnotateAndAsserter]: Conjunction of SSA is unsat
[2026-06-06 01:20:50,459 INFO  L256         TraceCheckSpWp]: Trace formula consists of 17 conjuncts, 5 conjuncts are in the unsatisfiable core
[2026-06-06 01:20:50,461 INFO  L279         TraceCheckSpWp]: Computing forward predicates...
[2026-06-06 01:20:50,471 INFO  L134       CoverageAnalysis]: Checked inductivity of 6 backedges. 0 proven. 6 refuted. 0 times theorem prover too weak. 0 trivial. 0 not checked.
[2026-06-06 01:20:50,471 INFO  L136   FreeRefinementEngine]: Strategy CAMEL found an infeasible trace
[2026-06-06 01:20:50,471 INFO  L324   FreeRefinementEngine]: Using interpolant generator IpTcStrategyModuleSmtInterpolCraig [2010157318]
[2026-06-06 01:20:50,471 INFO  L158   FreeRefinementEngine]: IpTcStrategyModuleSmtInterpolCraig [2010157318] provided 0 perfect and 1 imperfect interpolant sequences
[2026-06-06 01:20:50,471 INFO  L324   FreeRefinementEngine]: Using interpolant generator IpTcStrategyModuleZ3 [1711258016]
[2026-06-06 01:20:50,471 INFO  L95    rtionOrderModulation]: Changing assertion order to OUTSIDE_LOOP_FIRST2
[2026-06-06 01:20:50,472 INFO  L173          SolverBuilder]: Constructing external solver with command: z3 -smt2 -in SMTLIB2_COMPLIANT=true
[2026-06-06 01:20:50,474 INFO  L189       MonitoredProcess]: No working directory specified, using /usr/bin/z3
[2026-06-06 01:20:50,476 INFO  L229       MonitoredProcess]: Starting monitored process 20 with /usr/bin/z3 -smt2 -in SMTLIB2_COMPLIANT=true (exit command is (exit), workingDir is null)
[2026-06-06 01:20:50,476 INFO  L108    AnnotateAndAsserter]: Assert order OUTSIDE_LOOP_FIRST2 partitioned 5 statements into 2 equivalence classes.
[2026-06-06 01:20:50,477 INFO  L327       MonitoredProcess]: [MP /usr/bin/z3 -smt2 -in SMTLIB2_COMPLIANT=true (20)] Waiting until timeout for monitored process
[2026-06-06 01:20:50,477 INFO  L134       CoverageAnalysis]: Checked inductivity of 10 backedges. 0 proven. 10 refuted. 0 times theorem prover too weak. 0 trivial. 0 not checked.
[2026-06-06 01:20:50,477 INFO  L136   FreeRefinementEngine]: Strategy CAMEL found an infeasible trace
[2026-06-06 01:20:50,477 INFO  L324   FreeRefinementEngine]: Using interpolant generator IpTcStrategyModuleSmtInterpolCraig [1290919469]
[2026-06-06 01:20:50,477 INFO  L158   FreeRefinementEngine]: IpTcStrategyModuleSmtInterpolCraig [1290919469] provided 0 perfect and 1 imperfect interpolant sequences
[2026-06-06 01:20:50,477 INFO  L324   FreeRefinementEngine]: Using interpolant generator IpTcStrategyModuleZ3 [286843502]
[2026-06-06 01:20:50,477 INFO  L95    rtionOrderModulation]: Changing assertion order to INSIDE_LOOP_FIRST1
[2026-06-06 01:20:50,477 INFO  L173          SolverBuilder]: Constructing external solver with command: z3 -smt2 -in SMTLIB2_COMPLIANT=true
[2026-06-06 01:20:50,480 INFO  L134       CoverageAnalysis]: Checked inductivity of 1 backedges. 0 proven. 1 refuted. 0 times theorem prover too weak. 0 trivial. 0 not checked.
[2026-06-06 01:20:50,480 INFO  L189       MonitoredProcess]: No working directory specified, using /usr/bin/z3
[2026-06-06 01:20:50,480 INFO  L312         TraceCheckSpWp]: Computing backward predicates...
[2026-06-06 01:20:50,481 INFO  L111    AnnotateAndAsserter]: Assert order OUTSIDE_LOOP_FIRST2 issued 2 check-sat command(s) and asserted 5 of 5 statements.
[2026-06-06 01:20:50,481 INFO  L114    AnnotateAndAsserter]: Assert order OUTSIDE_LOOP_FIRST2 issued 2 check-sat command(s)
[2026-06-06 01:20:50,481 INFO  L115    AnnotateAndAsserter]: Conjunction of SSA is unsat
[2026-06-06 01:20:50,481 INFO  L256         TraceCheckSpWp]: Trace formula consists of 22 conjuncts, 7 conjuncts are in the unsatisfiable core
[2026-06-06 01:20:50,482 INFO  L229       MonitoredProcess]: Starting monitored process 21 with /usr/bin/z3 -smt2 -in SMTLIB2_COMPLIANT=true (exit command is (exit), workingDir is null)
[2026-06-06 01:20:50,482 INFO  L279         TraceCheckSpWp]: Computing forward predicates...
[2026-06-06 01:20:50,483 INFO  L327       MonitoredProcess]: [MP /usr/bin/z3 -smt2 -in SMTLIB2_COMPLIANT=true (21)] Waiting until timeout for monitored process
[2026-06-06 01:20:50,496 INFO  L108    AnnotateAndAsserter]: Assert order OUTSIDE_LOOP_FIRST2 partitioned 6 statements into 3 equivalence classes.
[2026-06-06 01:20:50,498 INFO  L108    AnnotateAndAsserter]: Assert order INSIDE_LOOP_FIRST1 partitioned 7 statements into 3 equivalence classes.
[2026-06-06 01:20:50,503 INFO  L134       CoverageAnalysis]: Checked inductivity of 3 backedges. 0 proven. 3 refuted. 0 times theorem prover too weak. 0 trivial. 0 not checked.
[2026-06-06 01:20:50,503 INFO  L312         TraceCheckSpWp]: Computing backward predicates...
[2026-06-06 01:20:50,503 INFO  L111    AnnotateAndAsserter]: Assert order OUTSIDE_LOOP_FIRST2 issued 3 check-sat command(s) and asserted 6 of 6 statements.
[2026-06-06 01:20:50,503 INFO  L114    AnnotateAndAsserter]: Assert order OUTSIDE_LOOP_FIRST2 issued 3 check-sat command(s)
[2026-06-06 01:20:50,503 INFO  L115    AnnotateAndAsserter]: Conjunction of SSA is unsat
[2026-06-06 01:20:50,504 INFO  L256         TraceCheckSpWp]: Trace formula consists of 27 conjuncts, 9 conjuncts are in the unsatisfiable core
[2026-06-06 01:20:50,505 INFO  L279         TraceCheckSpWp]: Computing forward predicates...
[2026-06-06 01:20:50,506 INFO  L111    AnnotateAndAsserter]: Assert order INSIDE_LOOP_FIRST1 issued 3 check-sat command(s) and asserted 7 of 7 statements.
[2026-06-06 01:20:50,506 INFO  L114    AnnotateAndAsserter]: Assert order INSIDE_LOOP_FIRST1 issued 3 check-sat command(s)
[2026-06-06 01:20:50,506 INFO  L115    AnnotateAndAsserter]: Conjunction of SSA is unsat
[2026-06-06 01:20:50,507 INFO  L256         TraceCheckSpWp]: Trace formula consists of 32 conjuncts, 11 conjuncts are in the unsatisfiable core
[2026-06-06 01:20:50,508 INFO  L134       CoverageAnalysis]: Checked inductivity of 1 backedges. 0 proven. 1 refuted. 0 times theorem prover too weak. 0 trivial. 0 not checked.
[2026-06-06 01:20:50,508 INFO  L158   FreeRefinementEngine]: IpTcStrategyModuleZ3 [1298604760] provided 0 perfect and 2 imperfect interpolant sequences
[2026-06-06 01:20:50,508 INFO  L185   FreeRefinementEngine]: Found 0 perfect and 3 imperfect interpolant sequences.
[2026-06-06 01:20:50,508 INFO  L198   FreeRefinementEngine]: Number of different interpolants: perfect sequences [] imperfect sequences [3, 3, 3] total 6
[2026-06-06 01:20:50,508 INFO  L279         TraceCheckSpWp]: Computing forward predicates...
[2026-06-06 01:20:50,508 INFO  L122   tionRefinementEngine]: Using interpolant automaton builder IpAbStrategyModuleStraightlineAll [1234051586]
[2026-06-06 01:20:50,508 INFO  L85    oduleStraightlineAll]: Using 3 imperfect interpolants to construct interpolant automaton
[2026-06-06 01:20:50,508 INFO  L100   FreeRefinementEngine]: Using predicate unifier PredicateUnifier provided by strategy CAMEL
[2026-06-06 01:20:50,513 INFO  L144   InterpolantAutomaton]: Constructing interpolant automaton starting with 7 interpolants.
[2026-06-06 01:20:50,513 INFO  L146   InterpolantAutomaton]: CoverageRelationStatistics Valid=19, Invalid=23, Unknown=0, NotChecked=0, Total=42
[2026-06-06 01:20:50,513 INFO  L419   CegarNwaWorkerThread]: Difference in Worker for Generalization
[2026-06-06 01:20:50,513 INFO  L87              Difference]: Start difference. First operand  has 5 states, 3 states have (on average 1.6666666666666667) internal successors, (5), 4 states have internal predecessors, (5), 0 states have call successors, (0), 0 states have call predecessors, (0), 0 states have return successors, (0), 0 states have call predecessors, (0), 0 states have call successors, (0) Second operand  has 7 states, 7 states have (on average 1.2857142857142858) internal successors, (9), 6 states have internal predecessors, (9), 0 states have call successors, (0), 0 states have call predecessors, (0), 0 states have return successors, (0), 0 states have call predecessors, (0), 0 states have call successors, (0)
[2026-06-06 01:20:50,514 INFO  L134       CoverageAnalysis]: Checked inductivity of 15 backedges. 0 proven. 15 refuted. 0 times theorem prover too weak. 0 trivial. 0 not checked.
[2026-06-06 01:20:50,514 INFO  L136   FreeRefinementEngine]: Strategy CAMEL found an infeasible trace
[2026-06-06 01:20:50,514 INFO  L324   FreeRefinementEngine]: Using interpolant generator IpTcStrategyModuleSmtInterpolCraig [393685359]
[2026-06-06 01:20:50,514 INFO  L158   FreeRefinementEngine]: IpTcStrategyModuleSmtInterpolCraig [393685359] provided 0 perfect and 1 imperfect interpolant sequences
[2026-06-06 01:20:50,514 INFO  L324   FreeRefinementEngine]: Using interpolant generator IpTcStrategyModuleZ3 [1227150989]
[2026-06-06 01:20:50,514 INFO  L95    rtionOrderModulation]: Changing assertion order to NOT_INCREMENTALLY
[2026-06-06 01:20:50,514 INFO  L173          SolverBuilder]: Constructing external solver with command: z3 -smt2 -in SMTLIB2_COMPLIANT=true
[2026-06-06 01:20:50,517 INFO  L189       MonitoredProcess]: No working directory specified, using /usr/bin/z3
[2026-06-06 01:20:50,520 INFO  L229       MonitoredProcess]: Starting monitored process 22 with /usr/bin/z3 -smt2 -in SMTLIB2_COMPLIANT=true (exit command is (exit), workingDir is null)
[2026-06-06 01:20:50,521 INFO  L327       MonitoredProcess]: [MP /usr/bin/z3 -smt2 -in SMTLIB2_COMPLIANT=true (22)] Waiting until timeout for monitored process
[2026-06-06 01:20:50,524 INFO  L134       CoverageAnalysis]: Checked inductivity of 6 backedges. 0 proven. 6 refuted. 0 times theorem prover too weak. 0 trivial. 0 not checked.
[2026-06-06 01:20:50,524 INFO  L312         TraceCheckSpWp]: Computing backward predicates...
[2026-06-06 01:20:50,531 INFO  L134       CoverageAnalysis]: Checked inductivity of 10 backedges. 0 proven. 10 refuted. 0 times theorem prover too weak. 0 trivial. 0 not checked.
[2026-06-06 01:20:50,531 INFO  L312         TraceCheckSpWp]: Computing backward predicates...
[2026-06-06 01:20:50,537 INFO  L134       CoverageAnalysis]: Checked inductivity of 28 backedges. 7 proven. 21 refuted. 0 times theorem prover too weak. 0 trivial. 0 not checked.
[2026-06-06 01:20:50,537 INFO  L136   FreeRefinementEngine]: Strategy CAMEL found an infeasible trace
[2026-06-06 01:20:50,537 INFO  L324   FreeRefinementEngine]: Using interpolant generator IpTcStrategyModuleSmtInterpolCraig [89049137]
[2026-06-06 01:20:50,537 INFO  L158   FreeRefinementEngine]: IpTcStrategyModuleSmtInterpolCraig [89049137] provided 0 perfect and 1 imperfect interpolant sequences
[2026-06-06 01:20:50,537 INFO  L324   FreeRefinementEngine]: Using interpolant generator IpTcStrategyModuleZ3 [631441794]
[2026-06-06 01:20:50,537 INFO  L95    rtionOrderModulation]: Changing assertion order to NOT_INCREMENTALLY
[2026-06-06 01:20:50,537 INFO  L173          SolverBuilder]: Constructing external solver with command: z3 -smt2 -in SMTLIB2_COMPLIANT=true
[2026-06-06 01:20:50,537 INFO  L108    AnnotateAndAsserter]: Assert order NOT_INCREMENTALLY partitioned 8 statements into 1 equivalence classes.
[2026-06-06 01:20:50,539 INFO  L189       MonitoredProcess]: No working directory specified, using /usr/bin/z3
[2026-06-06 01:20:50,541 INFO  L134       CoverageAnalysis]: Checked inductivity of 36 backedges. 14 proven. 21 refuted. 0 times theorem prover too weak. 1 trivial. 0 not checked.
[2026-06-06 01:20:50,541 INFO  L136   FreeRefinementEngine]: Strategy CAMEL found an infeasible trace
[2026-06-06 01:20:50,541 INFO  L324   FreeRefinementEngine]: Using interpolant generator IpTcStrategyModuleSmtInterpolCraig [1614470964]
[2026-06-06 01:20:50,541 INFO  L158   FreeRefinementEngine]: IpTcStrategyModuleSmtInterpolCraig [1614470964] provided 0 perfect and 1 imperfect interpolant sequences
[2026-06-06 01:20:50,541 INFO  L324   FreeRefinementEngine]: Using interpolant generator IpTcStrategyModuleZ3 [1964716760]
[2026-06-06 01:20:50,541 INFO  L95    rtionOrderModulation]: Changing assertion order to OUTSIDE_LOOP_FIRST1
[2026-06-06 01:20:50,541 INFO  L173          SolverBuilder]: Constructing external solver with command: z3 -smt2 -in SMTLIB2_COMPLIANT=true
[2026-06-06 01:20:50,543 INFO  L144             Difference]: Subtrahend was deterministic. Have not used determinization.
[2026-06-06 01:20:50,543 INFO  L111    AnnotateAndAsserter]: Assert order NOT_INCREMENTALLY issued 1 check-sat command(s) and asserted 8 of 8 statements.
[2026-06-06 01:20:50,543 INFO  L114    AnnotateAndAsserter]: Assert order NOT_INCREMENTALLY issued 1 check-sat command(s)
[2026-06-06 01:20:50,543 INFO  L115    AnnotateAndAsserter]: Conjunction of SSA is unsat
[2026-06-06 01:20:50,543 INFO  L229       MonitoredProcess]: Starting monitored process 23 with /usr/bin/z3 -smt2 -in SMTLIB2_COMPLIANT=true (exit command is (exit), workingDir is null)
[2026-06-06 01:20:50,543 INFO  L93              Difference]: Finished difference Result 8 states and 8 transitions.
[2026-06-06 01:20:50,543 INFO  L140   InterpolantAutomaton]: Switched to read-only mode: deterministic interpolant automaton has 6 states. 
[2026-06-06 01:20:50,543 INFO  L225             Difference]: With dead ends: 8
[2026-06-06 01:20:50,543 INFO  L226             Difference]: Without dead ends: 8
[2026-06-06 01:20:50,543 INFO  L487   CegarNwaWorkerThread]: 0 DeclaredPredicates, 10 GetRequests, 4 SyntacticMatches, 0 SemanticMatches, 6 ConstructedPredicates, 0 IntricatePredicates, 0 DeprecatedPredicates, 7 ImplicationChecksByTransitivity, 0.0s TimeCoverageRelationStatistics Valid=26, Invalid=30, Unknown=0, NotChecked=0, Total=56
[2026-06-06 01:20:50,543 INFO  L327       MonitoredProcess]: [MP /usr/bin/z3 -smt2 -in SMTLIB2_COMPLIANT=true (23)] Waiting until timeout for monitored process
[2026-06-06 01:20:50,543 INFO  L256         TraceCheckSpWp]: Trace formula consists of 37 conjuncts, 13 conjuncts are in the unsatisfiable core
[2026-06-06 01:20:50,544 INFO  L189       MonitoredProcess]: No working directory specified, using /usr/bin/z3
[2026-06-06 01:20:50,544 INFO  L488   CegarNwaWorkerThread]: 3 mSDtfsCounter, 0 mSDsluCounter, 3 mSDsCounter, 0 mSdLazyCounter, 11 mSolverCounterSat, 1 mSolverCounterUnsat, 0 mSolverCounterUnknown, 0 mSolverCounterNotChecked, 0.0s Time, 0 mProtectedPredicate, 0 mProtectedAction, 0 SdHoareTripleChecker+Valid, 6 SdHoareTripleChecker+Invalid, 12 SdHoareTripleChecker+Unknown, 0 SdHoareTripleChecker+Unchecked, 0.0s SdHoareTripleChecker+Time, 1 IncrementalHoareTripleChecker+Valid, 11 IncrementalHoareTripleChecker+Invalid, 0 IncrementalHoareTripleChecker+Unknown, 0 IncrementalHoareTripleChecker+Unchecked, 0.0s IncrementalHoareTripleChecker+Time
[2026-06-06 01:20:50,544 INFO  L279         TraceCheckSpWp]: Computing forward predicates...
[2026-06-06 01:20:50,545 INFO  L489   CegarNwaWorkerThread]: SdHoareTripleChecker [0 Valid, 6 Invalid, 12 Unknown, 0 Unchecked, 0.0s Time], IncrementalHoareTripleChecker [1 Valid, 11 Invalid, 0 Unknown, 0 Unchecked, 0.0s Time]
[2026-06-06 01:20:50,545 INFO  L224   CegarNwaWorkerThread]: Done with Thread: 86#
[2026-06-06 01:20:50,546 INFO  L196   CegarNwaWorkerThread]: WorkerThread: Thread[#86,Worker for 930412,5,main] is Waiting for a Task
[2026-06-06 01:20:50,546 INFO  L504   ParallelNwaCegarLoop]: Waking up, a worker is done.
[2026-06-06 01:20:50,546 INFO  L276   ParallelNwaCegarLoop]: Main: A Thread is Done
[2026-06-06 01:20:50,546 INFO  L294   ParallelNwaCegarLoop]: Worker Automaton Type: FLOYD_HOARE
[2026-06-06 01:20:50,546 INFO  L79                 Accepts]: Start accepts. Automaton has 5 states and 5 transitions. Word has length 4
[2026-06-06 01:20:50,546 INFO  L85                 Accepts]: Finished accepts. word is accepted.
[2026-06-06 01:20:50,546 INFO  L296   ParallelNwaCegarLoop]: Refining Abstraction
[2026-06-06 01:20:50,546 INFO  L567   ParallelNwaCegarLoop]: Subtrahend traceHash: 930412
[2026-06-06 01:20:50,546 INFO  L534   ParallelNwaCegarLoop]: Difference in Main
[2026-06-06 01:20:50,546 INFO  L87              Difference]: Start difference. First operand 5 states and 5 transitions. Second operand  has 6 states, 5 states have (on average 2.6) internal successors, (13), 6 states have internal predecessors, (13), 0 states have call successors, (0), 0 states have call predecessors, (0), 0 states have return successors, (0), 0 states have call predecessors, (0), 0 states have call successors, (0)
[2026-06-06 01:20:50,547 INFO  L144             Difference]: Subtrahend was deterministic. Have not used determinization.
[2026-06-06 01:20:50,547 INFO  L93              Difference]: Finished difference Result 8 states and 8 transitions.
[2026-06-06 01:20:50,547 INFO  L229       MonitoredProcess]: Starting monitored process 24 with /usr/bin/z3 -smt2 -in SMTLIB2_COMPLIANT=true (exit command is (exit), workingDir is null)
[2026-06-06 01:20:50,548 INFO  L225             Difference]: With dead ends: 8
[2026-06-06 01:20:50,548 INFO  L226             Difference]: Without dead ends: 8
[2026-06-06 01:20:50,548 INFO  L82        GeneralOperation]: Start minimizeSevpa. Operand 8 states.
[2026-06-06 01:20:50,548 INFO  L327       MonitoredProcess]: [MP /usr/bin/z3 -smt2 -in SMTLIB2_COMPLIANT=true (24)] Waiting until timeout for monitored process
[2026-06-06 01:20:50,548 INFO  L88        GeneralOperation]: Finished minimizeSevpa. Reduced states from 8 to 8.
[2026-06-06 01:20:50,548 INFO  L82        GeneralOperation]: Start removeUnreachable. Operand  has 8 states, 7 states have (on average 1.1428571428571428) internal successors, (8), 7 states have internal predecessors, (8), 0 states have call successors, (0), 0 states have call predecessors, (0), 0 states have return successors, (0), 0 states have call predecessors, (0), 0 states have call successors, (0)
[2026-06-06 01:20:50,548 INFO  L88        GeneralOperation]: Finished removeUnreachable. Reduced from 8 states to 8 states and 8 transitions.
[2026-06-06 01:20:50,548 INFO  L545   ParallelNwaCegarLoop]: Main: Refinement done.
[2026-06-06 01:20:50,548 INFO  L464   ParallelNwaCegarLoop]: Checking if program is safe
[2026-06-06 01:20:50,548 INFO  L290                IsEmpty]: Start isEmpty. Operand 8 states and 8 transitions.
[2026-06-06 01:20:50,549 INFO  L300                IsEmpty]: Finished isEmpty. Found accepting run of length 8
[2026-06-06 01:20:50,549 INFO  L199           NwaCegarLoop]: Found error trace
[2026-06-06 01:20:50,549 INFO  L207           NwaCegarLoop]: trace histogram [4, 1, 1, 1]
[2026-06-06 01:20:50,549 INFO  L319   ParallelNwaCegarLoop]: No more worker results to process
[2026-06-06 01:20:50,549 INFO  L290                IsEmpty]: Start isEmptyParallel. Operand 8 states and 8 transitions.
[2026-06-06 01:20:50,549 INFO  L300                IsEmpty]: Finished isEmptyParallel. No accepting run.
[2026-06-06 01:20:50,549 INFO  L156        IsEmptyParallel]: Start isEmptyParallel. Operand 8 states and 8 transitions.
[2026-06-06 01:20:50,549 INFO  L182       IsEmptyHeuristic]: Start isEmptyHeuristic. Operand 8 states and 8 transitions.
[2026-06-06 01:20:50,549 INFO  L188       IsEmptyHeuristic]: Finished isEmptyHeuristic. Found accepting run of length 22
[2026-06-06 01:20:50,549 INFO  L163        IsEmptyParallel]: Finished isEmptyParallel. Found accepting run of length 22
[2026-06-06 01:20:50,549 WARN  L753                IsEmpty]: Correctness of emptinessCheck not tested.
[2026-06-06 01:20:50,549 INFO  L79                 Accepts]: Start accepts. Automaton has 8 states and 8 transitions. Word has length 21
[2026-06-06 01:20:50,550 INFO  L85                 Accepts]: Finished accepts. word is accepted.
[2026-06-06 01:20:50,550 INFO  L757                IsEmpty]: Finished testing correctness of emptinessCheck
[2026-06-06 01:20:50,550 INFO  L290                IsEmpty]: Start isEmptyParallel. Operand 8 states and 8 transitions.
[2026-06-06 01:20:50,550 INFO  L300                IsEmpty]: Finished isEmptyParallel. No accepting run.
[2026-06-06 01:20:50,550 INFO  L156        IsEmptyParallel]: Start isEmptyParallel. Operand 8 states and 8 transitions.
[2026-06-06 01:20:50,550 INFO  L182       IsEmptyHeuristic]: Start isEmptyHeuristic. Operand 8 states and 8 transitions.
[2026-06-06 01:20:50,550 INFO  L188       IsEmptyHeuristic]: Finished isEmptyHeuristic. Found accepting run of length 21
[2026-06-06 01:20:50,550 INFO  L163        IsEmptyParallel]: Finished isEmptyParallel. Found accepting run of length 21
[2026-06-06 01:20:50,550 WARN  L753                IsEmpty]: Correctness of emptinessCheck not tested.
[2026-06-06 01:20:50,550 INFO  L79                 Accepts]: Start accepts. Automaton has 8 states and 8 transitions. Word has length 20
[2026-06-06 01:20:50,550 INFO  L85                 Accepts]: Finished accepts. word is accepted.
[2026-06-06 01:20:50,550 INFO  L757                IsEmpty]: Finished testing correctness of emptinessCheck
[2026-06-06 01:20:50,550 INFO  L290                IsEmpty]: Start isEmptyParallel. Operand 8 states and 8 transitions.
[2026-06-06 01:20:50,550 INFO  L300                IsEmpty]: Finished isEmptyParallel. No accepting run.
[2026-06-06 01:20:50,550 INFO  L156        IsEmptyParallel]: Start isEmptyParallel. Operand 8 states and 8 transitions.
[2026-06-06 01:20:50,551 INFO  L182       IsEmptyHeuristic]: Start isEmptyHeuristic. Operand 8 states and 8 transitions.
[2026-06-06 01:20:50,551 INFO  L188       IsEmptyHeuristic]: Finished isEmptyHeuristic. Found accepting run of length 24
[2026-06-06 01:20:50,551 INFO  L163        IsEmptyParallel]: Finished isEmptyParallel. Found accepting run of length 24
[2026-06-06 01:20:50,551 WARN  L753                IsEmpty]: Correctness of emptinessCheck not tested.
[2026-06-06 01:20:50,551 INFO  L79                 Accepts]: Start accepts. Automaton has 8 states and 8 transitions. Word has length 23
[2026-06-06 01:20:50,551 INFO  L134       CoverageAnalysis]: Checked inductivity of 3 backedges. 0 proven. 3 refuted. 0 times theorem prover too weak. 0 trivial. 0 not checked.
[2026-06-06 01:20:50,551 INFO  L85                 Accepts]: Finished accepts. word is accepted.
[2026-06-06 01:20:50,551 INFO  L757                IsEmpty]: Finished testing correctness of emptinessCheck
[2026-06-06 01:20:50,551 INFO  L158   FreeRefinementEngine]: IpTcStrategyModuleZ3 [1733741596] provided 0 perfect and 2 imperfect interpolant sequences
[2026-06-06 01:20:50,551 INFO  L290                IsEmpty]: Start isEmptyParallel. Operand 8 states and 8 transitions.
[2026-06-06 01:20:50,551 INFO  L300                IsEmpty]: Finished isEmptyParallel. No accepting run.
[2026-06-06 01:20:50,551 INFO  L156        IsEmptyParallel]: Start isEmptyParallel. Operand 8 states and 8 transitions.
[2026-06-06 01:20:50,551 INFO  L185   FreeRefinementEngine]: Found 0 perfect and 3 imperfect interpolant sequences.
[2026-06-06 01:20:50,551 INFO  L198   FreeRefinementEngine]: Number of different interpolants: perfect sequences [] imperfect sequences [4, 4, 4] total 8
[2026-06-06 01:20:50,551 INFO  L122   tionRefinementEngine]: Using interpolant automaton builder IpAbStrategyModuleStraightlineAll [443013269]
[2026-06-06 01:20:50,551 INFO  L85    oduleStraightlineAll]: Using 3 imperfect interpolants to construct interpolant automaton
[2026-06-06 01:20:50,551 INFO  L182       IsEmptyHeuristic]: Start isEmptyHeuristic. Operand 8 states and 8 transitions.
[2026-06-06 01:20:50,551 INFO  L100   FreeRefinementEngine]: Using predicate unifier PredicateUnifier provided by strategy CAMEL
[2026-06-06 01:20:50,552 INFO  L188       IsEmptyHeuristic]: Finished isEmptyHeuristic. Found accepting run of length 23
[2026-06-06 01:20:50,552 INFO  L163        IsEmptyParallel]: Finished isEmptyParallel. Found accepting run of length 23
[2026-06-06 01:20:50,552 WARN  L753                IsEmpty]: Correctness of emptinessCheck not tested.
[2026-06-06 01:20:50,552 INFO  L79                 Accepts]: Start accepts. Automaton has 8 states and 8 transitions. Word has length 22
[2026-06-06 01:20:50,552 INFO  L144   InterpolantAutomaton]: Constructing interpolant automaton starting with 9 interpolants.
[2026-06-06 01:20:50,552 INFO  L85                 Accepts]: Finished accepts. word is accepted.
[2026-06-06 01:20:50,552 INFO  L757                IsEmpty]: Finished testing correctness of emptinessCheck
[2026-06-06 01:20:50,552 INFO  L146   InterpolantAutomaton]: CoverageRelationStatistics Valid=30, Invalid=42, Unknown=0, NotChecked=0, Total=72
[2026-06-06 01:20:50,552 INFO  L419   CegarNwaWorkerThread]: Difference in Worker for Generalization
[2026-06-06 01:20:50,552 INFO  L134       CoverageAnalysis]: Checked inductivity of 55 backedges. 28 proven. 21 refuted. 0 times theorem prover too weak. 6 trivial. 0 not checked.
[2026-06-06 01:20:50,552 INFO  L136   FreeRefinementEngine]: Strategy CAMEL found an infeasible trace
[2026-06-06 01:20:50,552 INFO  L324   FreeRefinementEngine]: Using interpolant generator IpTcStrategyModuleSmtInterpolCraig [1779286041]
[2026-06-06 01:20:50,552 INFO  L87              Difference]: Start difference. First operand  has 5 states, 3 states have (on average 1.6666666666666667) internal successors, (5), 4 states have internal predecessors, (5), 0 states have call successors, (0), 0 states have call predecessors, (0), 0 states have return successors, (0), 0 states have call predecessors, (0), 0 states have call successors, (0) Second operand  has 9 states, 9 states have (on average 1.2222222222222223) internal successors, (11), 8 states have internal predecessors, (11), 0 states have call successors, (0), 0 states have call predecessors, (0), 0 states have return successors, (0), 0 states have call predecessors, (0), 0 states have call successors, (0)
[2026-06-06 01:20:50,552 INFO  L158   FreeRefinementEngine]: IpTcStrategyModuleSmtInterpolCraig [1779286041] provided 0 perfect and 1 imperfect interpolant sequences
[2026-06-06 01:20:50,552 INFO  L324   FreeRefinementEngine]: Using interpolant generator IpTcStrategyModuleZ3 [941523566]
[2026-06-06 01:20:50,552 INFO  L95    rtionOrderModulation]: Changing assertion order to TERMS_WITH_SMALL_CONSTANTS_FIRST
[2026-06-06 01:20:50,552 INFO  L173          SolverBuilder]: Constructing external solver with command: z3 -smt2 -in SMTLIB2_COMPLIANT=true
[2026-06-06 01:20:50,553 INFO  L86        PathProgramCache]: Analyzing trace with hash -313538196, now seen corresponding path program 17 times
[2026-06-06 01:20:50,553 INFO  L484   ParallelNwaCegarLoop]: Main: Starting Thread
[2026-06-06 01:20:50,553 INFO  L266   ParallelNwaCegarLoop]: === Iteration 4 ===
[2026-06-06 01:20:50,553 INFO  L501   ParallelNwaCegarLoop]: All threads busy, going to sleep.
[2026-06-06 01:20:50,553 INFO  L209   CegarNwaWorkerThread]: Starting Thread: 86# for Trace Check: -313538196
[2026-06-06 01:20:50,553 INFO  L156       PredicateUnifier]: Initialized classic predicate unifier
[2026-06-06 01:20:50,554 INFO  L86        PathProgramCache]: Analyzing trace with hash -313538196, now seen corresponding path program 17 times
[2026-06-06 01:20:50,554 INFO  L118   FreeRefinementEngine]: Executing refinement strategy CAMEL
[2026-06-06 01:20:50,554 INFO  L324   FreeRefinementEngine]: Using trace check IpTcStrategyModuleSmtInterpolCraig [1696112419]
[2026-06-06 01:20:50,554 INFO  L95    rtionOrderModulation]: Changing assertion order to INSIDE_LOOP_FIRST1
[2026-06-06 01:20:50,554 INFO  L127          SolverBuilder]: Constructing new instance of SMTInterpol with explicit timeout -1 ms and remaining time -1 ms
[2026-06-06 01:20:50,554 INFO  L189       MonitoredProcess]: No working directory specified, using /usr/bin/z3
[2026-06-06 01:20:50,556 INFO  L229       MonitoredProcess]: Starting monitored process 25 with /usr/bin/z3 -smt2 -in SMTLIB2_COMPLIANT=true (exit command is (exit), workingDir is null)
[2026-06-06 01:20:50,557 INFO  L134       CoverageAnalysis]: Checked inductivity of 66 backedges. 35 proven. 21 refuted. 0 times theorem prover too weak. 10 trivial. 0 not checked.
[2026-06-06 01:20:50,557 INFO  L136   FreeRefinementEngine]: Strategy CAMEL found an infeasible trace
[2026-06-06 01:20:50,557 INFO  L324   FreeRefinementEngine]: Using interpolant generator IpTcStrategyModuleSmtInterpolCraig [1694144115]
[2026-06-06 01:20:50,557 INFO  L158   FreeRefinementEngine]: IpTcStrategyModuleSmtInterpolCraig [1694144115] provided 0 perfect and 1 imperfect interpolant sequences
[2026-06-06 01:20:50,557 INFO  L324   FreeRefinementEngine]: Using interpolant generator IpTcStrategyModuleZ3 [1179536678]
[2026-06-06 01:20:50,557 INFO  L327       MonitoredProcess]: [MP /usr/bin/z3 -smt2 -in SMTLIB2_COMPLIANT=true (25)] Waiting until timeout for monitored process
[2026-06-06 01:20:50,557 INFO  L95    rtionOrderModulation]: Changing assertion order to TERMS_WITH_SMALL_CONSTANTS_FIRST
[2026-06-06 01:20:50,557 INFO  L173          SolverBuilder]: Constructing external solver with command: z3 -smt2 -in SMTLIB2_COMPLIANT=true
[2026-06-06 01:20:50,560 INFO  L189       MonitoredProcess]: No working directory specified, using /usr/bin/z3
[2026-06-06 01:20:50,560 INFO  L134       CoverageAnalysis]: Checked inductivity of 91 backedges. 49 proven. 21 refuted. 0 times theorem prover too weak. 21 trivial. 0 not checked.
[2026-06-06 01:20:50,560 INFO  L108    AnnotateAndAsserter]: Assert order NOT_INCREMENTALLY partitioned 10 statements into 1 equivalence classes.
[2026-06-06 01:20:50,560 INFO  L136   FreeRefinementEngine]: Strategy CAMEL found an infeasible trace
[2026-06-06 01:20:50,560 INFO  L324   FreeRefinementEngine]: Using interpolant generator IpTcStrategyModuleSmtInterpolCraig [1384688450]
[2026-06-06 01:20:50,560 INFO  L158   FreeRefinementEngine]: IpTcStrategyModuleSmtInterpolCraig [1384688450] provided 0 perfect and 1 imperfect interpolant sequences
[2026-06-06 01:20:50,560 INFO  L324   FreeRefinementEngine]: Using interpolant generator IpTcStrategyModuleZ3 [402202008]
[2026-06-06 01:20:50,560 INFO  L95    rtionOrderModulation]: Changing assertion order to NOT_INCREMENTALLY
[2026-06-06 01:20:50,560 INFO  L173          SolverBuilder]: Constructing external solver with command: z3 -smt2 -in SMTLIB2_COMPLIANT=true
[2026-06-06 01:20:50,560 INFO  L108    AnnotateAndAsserter]: Assert order INSIDE_LOOP_FIRST1 partitioned 20 statements into 10 equivalence classes.
[2026-06-06 01:20:50,561 INFO  L134       CoverageAnalysis]: Checked inductivity of 15 backedges. 0 proven. 15 refuted. 0 times theorem prover too weak. 0 trivial. 0 not checked.
[2026-06-06 01:20:50,562 INFO  L312         TraceCheckSpWp]: Computing backward predicates...
[2026-06-06 01:20:50,562 INFO  L229       MonitoredProcess]: Starting monitored process 26 with /usr/bin/z3 -smt2 -in SMTLIB2_COMPLIANT=true (exit command is (exit), workingDir is null)
[2026-06-06 01:20:50,563 INFO  L327       MonitoredProcess]: [MP /usr/bin/z3 -smt2 -in SMTLIB2_COMPLIANT=true (26)] Waiting until timeout for monitored process
[2026-06-06 01:20:50,564 INFO  L108    AnnotateAndAsserter]: Assert order OUTSIDE_LOOP_FIRST1 partitioned 11 statements into 2 equivalence classes.
[2026-06-06 01:20:50,564 INFO  L134       CoverageAnalysis]: Checked inductivity of 120 backedges. 63 proven. 21 refuted. 0 times theorem prover too weak. 36 trivial. 0 not checked.
[2026-06-06 01:20:50,564 INFO  L134       CoverageAnalysis]: Checked inductivity of 78 backedges. 42 proven. 21 refuted. 0 times theorem prover too weak. 15 trivial. 0 not checked.
[2026-06-06 01:20:50,564 INFO  L189       MonitoredProcess]: No working directory specified, using /usr/bin/z3
[2026-06-06 01:20:50,564 INFO  L136   FreeRefinementEngine]: Strategy CAMEL found an infeasible trace
[2026-06-06 01:20:50,564 INFO  L136   FreeRefinementEngine]: Strategy CAMEL found an infeasible trace
[2026-06-06 01:20:50,564 INFO  L324   FreeRefinementEngine]: Using interpolant generator IpTcStrategyModuleSmtInterpolCraig [801826193]
[2026-06-06 01:20:50,564 INFO  L324   FreeRefinementEngine]: Using interpolant generator IpTcStrategyModuleSmtInterpolCraig [1840417069]
[2026-06-06 01:20:50,564 INFO  L158   FreeRefinementEngine]: IpTcStrategyModuleSmtInterpolCraig [801826193] provided 0 perfect and 1 imperfect interpolant sequences
[2026-06-06 01:20:50,564 INFO  L158   FreeRefinementEngine]: IpTcStrategyModuleSmtInterpolCraig [1840417069] provided 0 perfect and 1 imperfect interpolant sequences
[2026-06-06 01:20:50,564 INFO  L324   FreeRefinementEngine]: Using interpolant generator IpTcStrategyModuleZ3 [760579991]
[2026-06-06 01:20:50,564 INFO  L324   FreeRefinementEngine]: Using interpolant generator IpTcStrategyModuleZ3 [1347625082]
[2026-06-06 01:20:50,564 INFO  L95    rtionOrderModulation]: Changing assertion order to OUTSIDE_LOOP_FIRST2
[2026-06-06 01:20:50,564 INFO  L95    rtionOrderModulation]: Changing assertion order to MIX_INSIDE_OUTSIDE
[2026-06-06 01:20:50,564 INFO  L173          SolverBuilder]: Constructing external solver with command: z3 -smt2 -in SMTLIB2_COMPLIANT=true
[2026-06-06 01:20:50,564 INFO  L173          SolverBuilder]: Constructing external solver with command: z3 -smt2 -in SMTLIB2_COMPLIANT=true
[2026-06-06 01:20:50,566 INFO  L229       MonitoredProcess]: Starting monitored process 27 with /usr/bin/z3 -smt2 -in SMTLIB2_COMPLIANT=true (exit command is (exit), workingDir is null)
[2026-06-06 01:20:50,566 INFO  L189       MonitoredProcess]: No working directory specified, using /usr/bin/z3
[2026-06-06 01:20:50,566 INFO  L189       MonitoredProcess]: No working directory specified, using /usr/bin/z3
[2026-06-06 01:20:50,567 INFO  L134       CoverageAnalysis]: Checked inductivity of 105 backedges. 56 proven. 21 refuted. 0 times theorem prover too weak. 28 trivial. 0 not checked.
[2026-06-06 01:20:50,567 INFO  L136   FreeRefinementEngine]: Strategy CAMEL found an infeasible trace
[2026-06-06 01:20:50,567 INFO  L324   FreeRefinementEngine]: Using interpolant generator IpTcStrategyModuleSmtInterpolCraig [489482858]
[2026-06-06 01:20:50,567 INFO  L158   FreeRefinementEngine]: IpTcStrategyModuleSmtInterpolCraig [489482858] provided 0 perfect and 1 imperfect interpolant sequences
[2026-06-06 01:20:50,567 INFO  L324   FreeRefinementEngine]: Using interpolant generator IpTcStrategyModuleZ3 [1693022391]
[2026-06-06 01:20:50,567 INFO  L95    rtionOrderModulation]: Changing assertion order to OUTSIDE_LOOP_FIRST1
[2026-06-06 01:20:50,567 INFO  L173          SolverBuilder]: Constructing external solver with command: z3 -smt2 -in SMTLIB2_COMPLIANT=true
[2026-06-06 01:20:50,568 INFO  L327       MonitoredProcess]: [MP /usr/bin/z3 -smt2 -in SMTLIB2_COMPLIANT=true (27)] Waiting until timeout for monitored process
[2026-06-06 01:20:50,568 INFO  L111    AnnotateAndAsserter]: Assert order NOT_INCREMENTALLY issued 1 check-sat command(s) and asserted 10 of 10 statements.
[2026-06-06 01:20:50,568 INFO  L114    AnnotateAndAsserter]: Assert order NOT_INCREMENTALLY issued 1 check-sat command(s)
[2026-06-06 01:20:50,568 INFO  L115    AnnotateAndAsserter]: Conjunction of SSA is unsat
[2026-06-06 01:20:50,568 INFO  L229       MonitoredProcess]: Starting monitored process 28 with /usr/bin/z3 -smt2 -in SMTLIB2_COMPLIANT=true (exit command is (exit), workingDir is null)
[2026-06-06 01:20:50,568 INFO  L229       MonitoredProcess]: Starting monitored process 29 with /usr/bin/z3 -smt2 -in SMTLIB2_COMPLIANT=true (exit command is (exit), workingDir is null)
[2026-06-06 01:20:50,569 INFO  L189       MonitoredProcess]: No working directory specified, using /usr/bin/z3
[2026-06-06 01:20:50,569 INFO  L327       MonitoredProcess]: [MP /usr/bin/z3 -smt2 -in SMTLIB2_COMPLIANT=true (28)] Waiting until timeout for monitored process
[2026-06-06 01:20:50,569 INFO  L256         TraceCheckSpWp]: Trace formula consists of 47 conjuncts, 15 conjuncts are in the unsatisfiable core
[2026-06-06 01:20:50,570 INFO  L111    AnnotateAndAsserter]: Assert order OUTSIDE_LOOP_FIRST1 issued 2 check-sat command(s) and asserted 11 of 11 statements.
[2026-06-06 01:20:50,570 INFO  L114    AnnotateAndAsserter]: Assert order OUTSIDE_LOOP_FIRST1 issued 2 check-sat command(s)
[2026-06-06 01:20:50,570 INFO  L115    AnnotateAndAsserter]: Conjunction of SSA is unsat
[2026-06-06 01:20:50,570 INFO  L327       MonitoredProcess]: [MP /usr/bin/z3 -smt2 -in SMTLIB2_COMPLIANT=true (29)] Waiting until timeout for monitored process
[2026-06-06 01:20:50,570 INFO  L279         TraceCheckSpWp]: Computing forward predicates...
[2026-06-06 01:20:50,570 INFO  L256         TraceCheckSpWp]: Trace formula consists of 52 conjuncts, 22 conjuncts are in the unsatisfiable core
[2026-06-06 01:20:50,570 INFO  L229       MonitoredProcess]: Starting monitored process 30 with /usr/bin/z3 -smt2 -in SMTLIB2_COMPLIANT=true (exit command is (exit), workingDir is null)
[2026-06-06 01:20:50,571 INFO  L111    AnnotateAndAsserter]: Assert order INSIDE_LOOP_FIRST1 issued 4 check-sat command(s) and asserted 7 of 20 statements.
[2026-06-06 01:20:50,571 INFO  L114    AnnotateAndAsserter]: Assert order INSIDE_LOOP_FIRST1 issued 4 check-sat command(s)
[2026-06-06 01:20:50,571 INFO  L115    AnnotateAndAsserter]: Conjunction of SSA is unsat
[2026-06-06 01:20:50,571 INFO  L327       MonitoredProcess]: [MP /usr/bin/z3 -smt2 -in SMTLIB2_COMPLIANT=true (30)] Waiting until timeout for monitored process
[2026-06-06 01:20:50,571 INFO  L279         TraceCheckSpWp]: Computing forward predicates...
[2026-06-06 01:20:50,574 INFO  L134       CoverageAnalysis]: Checked inductivity of 6 backedges. 0 proven. 6 refuted. 0 times theorem prover too weak. 0 trivial. 0 not checked.
[2026-06-06 01:20:50,574 INFO  L158   FreeRefinementEngine]: IpTcStrategyModuleZ3 [1711258016] provided 0 perfect and 2 imperfect interpolant sequences
[2026-06-06 01:20:50,574 INFO  L185   FreeRefinementEngine]: Found 0 perfect and 3 imperfect interpolant sequences.
[2026-06-06 01:20:50,574 INFO  L198   FreeRefinementEngine]: Number of different interpolants: perfect sequences [] imperfect sequences [5, 5, 5] total 10
[2026-06-06 01:20:50,574 INFO  L122   tionRefinementEngine]: Using interpolant automaton builder IpAbStrategyModuleStraightlineAll [1230332784]
[2026-06-06 01:20:50,574 INFO  L85    oduleStraightlineAll]: Using 3 imperfect interpolants to construct interpolant automaton
[2026-06-06 01:20:50,575 INFO  L100   FreeRefinementEngine]: Using predicate unifier PredicateUnifier provided by strategy CAMEL
[2026-06-06 01:20:50,575 INFO  L108    AnnotateAndAsserter]: Assert order TERMS_WITH_SMALL_CONSTANTS_FIRST partitioned 13 statements into 2 equivalence classes.
[2026-06-06 01:20:50,575 INFO  L144   InterpolantAutomaton]: Constructing interpolant automaton starting with 11 interpolants.
[2026-06-06 01:20:50,575 INFO  L146   InterpolantAutomaton]: CoverageRelationStatistics Valid=41, Invalid=69, Unknown=0, NotChecked=0, Total=110
[2026-06-06 01:20:50,575 INFO  L419   CegarNwaWorkerThread]: Difference in Worker for Generalization
[2026-06-06 01:20:50,575 INFO  L87              Difference]: Start difference. First operand  has 5 states, 3 states have (on average 1.6666666666666667) internal successors, (5), 4 states have internal predecessors, (5), 0 states have call successors, (0), 0 states have call predecessors, (0), 0 states have return successors, (0), 0 states have call predecessors, (0), 0 states have call successors, (0) Second operand  has 11 states, 11 states have (on average 1.1818181818181819) internal successors, (13), 10 states have internal predecessors, (13), 0 states have call successors, (0), 0 states have call predecessors, (0), 0 states have return successors, (0), 0 states have call predecessors, (0), 0 states have call successors, (0)
[2026-06-06 01:20:50,576 INFO  L134       CoverageAnalysis]: Checked inductivity of 45 backedges. 9 proven. 36 refuted. 0 times theorem prover too weak. 0 trivial. 0 not checked.
[2026-06-06 01:20:50,576 INFO  L136   FreeRefinementEngine]: Strategy CAMEL found an infeasible trace
[2026-06-06 01:20:50,576 INFO  L324   FreeRefinementEngine]: Using interpolant generator IpTcStrategyModuleSmtInterpolCraig [821369510]
[2026-06-06 01:20:50,576 INFO  L158   FreeRefinementEngine]: IpTcStrategyModuleSmtInterpolCraig [821369510] provided 0 perfect and 1 imperfect interpolant sequences
[2026-06-06 01:20:50,576 INFO  L324   FreeRefinementEngine]: Using interpolant generator IpTcStrategyModuleZ3 [2131830355]
[2026-06-06 01:20:50,576 INFO  L95    rtionOrderModulation]: Changing assertion order to OUTSIDE_LOOP_FIRST2
[2026-06-06 01:20:50,576 INFO  L173          SolverBuilder]: Constructing external solver with command: z3 -smt2 -in SMTLIB2_COMPLIANT=true
[2026-06-06 01:20:50,577 INFO  L134       CoverageAnalysis]: Checked inductivity of 136 backedges. 70 proven. 21 refuted. 0 times theorem prover too weak. 45 trivial. 0 not checked.
[2026-06-06 01:20:50,577 INFO  L136   FreeRefinementEngine]: Strategy CAMEL found an infeasible trace
[2026-06-06 01:20:50,577 INFO  L324   FreeRefinementEngine]: Using interpolant generator IpTcStrategyModuleSmtInterpolCraig [1971107038]
[2026-06-06 01:20:50,577 INFO  L158   FreeRefinementEngine]: IpTcStrategyModuleSmtInterpolCraig [1971107038] provided 0 perfect and 1 imperfect interpolant sequences
[2026-06-06 01:20:50,577 INFO  L324   FreeRefinementEngine]: Using interpolant generator IpTcStrategyModuleZ3 [1136537341]
[2026-06-06 01:20:50,577 INFO  L95    rtionOrderModulation]: Changing assertion order to TERMS_WITH_SMALL_CONSTANTS_FIRST
[2026-06-06 01:20:50,577 INFO  L173          SolverBuilder]: Constructing external solver with command: z3 -smt2 -in SMTLIB2_COMPLIANT=true
[2026-06-06 01:20:50,578 INFO  L189       MonitoredProcess]: No working directory specified, using /usr/bin/z3
[2026-06-06 01:20:50,579 INFO  L108    AnnotateAndAsserter]: Assert order TERMS_WITH_SMALL_CONSTANTS_FIRST partitioned 14 statements into 2 equivalence classes.
[2026-06-06 01:20:50,579 INFO  L189       MonitoredProcess]: No working directory specified, using /usr/bin/z3
[2026-06-06 01:20:50,580 INFO  L229       MonitoredProcess]: Starting monitored process 31 with /usr/bin/z3 -smt2 -in SMTLIB2_COMPLIANT=true (exit command is (exit), workingDir is null)
[2026-06-06 01:20:50,581 INFO  L229       MonitoredProcess]: Starting monitored process 32 with /usr/bin/z3 -smt2 -in SMTLIB2_COMPLIANT=true (exit command is (exit), workingDir is null)
[2026-06-06 01:20:50,582 INFO  L327       MonitoredProcess]: [MP /usr/bin/z3 -smt2 -in SMTLIB2_COMPLIANT=true (32)] Waiting until timeout for monitored process
[2026-06-06 01:20:50,583 INFO  L327       MonitoredProcess]: [MP /usr/bin/z3 -smt2 -in SMTLIB2_COMPLIANT=true (31)] Waiting until timeout for monitored process
[2026-06-06 01:20:50,584 INFO  L108    AnnotateAndAsserter]: Assert order MIX_INSIDE_OUTSIDE partitioned 15 statements into 7 equivalence classes.
[2026-06-06 01:20:50,584 INFO  L111    AnnotateAndAsserter]: Assert order TERMS_WITH_SMALL_CONSTANTS_FIRST issued 2 check-sat command(s) and asserted 13 of 13 statements.
[2026-06-06 01:20:50,584 INFO  L114    AnnotateAndAsserter]: Assert order TERMS_WITH_SMALL_CONSTANTS_FIRST issued 2 check-sat command(s)
[2026-06-06 01:20:50,584 INFO  L115    AnnotateAndAsserter]: Conjunction of SSA is unsat
[2026-06-06 01:20:50,584 INFO  L108    AnnotateAndAsserter]: Assert order NOT_INCREMENTALLY partitioned 16 statements into 1 equivalence classes.
[2026-06-06 01:20:50,585 INFO  L256         TraceCheckSpWp]: Trace formula consists of 62 conjuncts, 19 conjuncts are in the unsatisfiable core
[2026-06-06 01:20:50,585 INFO  L108    AnnotateAndAsserter]: Assert order OUTSIDE_LOOP_FIRST2 partitioned 18 statements into 9 equivalence classes.
[2026-06-06 01:20:50,586 INFO  L279         TraceCheckSpWp]: Computing forward predicates...
[2026-06-06 01:20:50,587 INFO  L108    AnnotateAndAsserter]: Assert order OUTSIDE_LOOP_FIRST1 partitioned 17 statements into 2 equivalence classes.
[2026-06-06 01:20:50,588 INFO  L111    AnnotateAndAsserter]: Assert order TERMS_WITH_SMALL_CONSTANTS_FIRST issued 2 check-sat command(s) and asserted 14 of 14 statements.
[2026-06-06 01:20:50,588 INFO  L114    AnnotateAndAsserter]: Assert order TERMS_WITH_SMALL_CONSTANTS_FIRST issued 2 check-sat command(s)
[2026-06-06 01:20:50,588 INFO  L115    AnnotateAndAsserter]: Conjunction of SSA is unsat
[2026-06-06 01:20:50,588 INFO  L256         TraceCheckSpWp]: Trace formula consists of 67 conjuncts, 17 conjuncts are in the unsatisfiable core
[2026-06-06 01:20:50,589 INFO  L134       CoverageAnalysis]: Checked inductivity of 28 backedges. 7 proven. 21 refuted. 0 times theorem prover too weak. 0 trivial. 0 not checked.
[2026-06-06 01:20:50,589 INFO  L312         TraceCheckSpWp]: Computing backward predicates...
[2026-06-06 01:20:50,589 INFO  L279         TraceCheckSpWp]: Computing forward predicates...
[2026-06-06 01:20:50,594 INFO  L111    AnnotateAndAsserter]: Assert order NOT_INCREMENTALLY issued 1 check-sat command(s) and asserted 16 of 16 statements.
[2026-06-06 01:20:50,595 INFO  L114    AnnotateAndAsserter]: Assert order NOT_INCREMENTALLY issued 1 check-sat command(s)
[2026-06-06 01:20:50,595 INFO  L115    AnnotateAndAsserter]: Conjunction of SSA is unsat
[2026-06-06 01:20:50,595 INFO  L256         TraceCheckSpWp]: Trace formula consists of 77 conjuncts, 27 conjuncts are in the unsatisfiable core
[2026-06-06 01:20:50,597 INFO  L279         TraceCheckSpWp]: Computing forward predicates...
[2026-06-06 01:20:50,597 INFO  L108    AnnotateAndAsserter]: Assert order TERMS_WITH_SMALL_CONSTANTS_FIRST partitioned 19 statements into 2 equivalence classes.
[2026-06-06 01:20:50,599 INFO  L108    AnnotateAndAsserter]: Assert order OUTSIDE_LOOP_FIRST2 partitioned 12 statements into 6 equivalence classes.
[2026-06-06 01:20:50,601 INFO  L111    AnnotateAndAsserter]: Assert order OUTSIDE_LOOP_FIRST1 issued 2 check-sat command(s) and asserted 17 of 17 statements.
[2026-06-06 01:20:50,601 INFO  L114    AnnotateAndAsserter]: Assert order OUTSIDE_LOOP_FIRST1 issued 2 check-sat command(s)
[2026-06-06 01:20:50,601 INFO  L115    AnnotateAndAsserter]: Conjunction of SSA is unsat
[2026-06-06 01:20:50,602 INFO  L256         TraceCheckSpWp]: Trace formula consists of 82 conjuncts, 34 conjuncts are in the unsatisfiable core
[2026-06-06 01:20:50,604 INFO  L111    AnnotateAndAsserter]: Assert order MIX_INSIDE_OUTSIDE issued 7 check-sat command(s) and asserted 15 of 15 statements.
[2026-06-06 01:20:50,604 INFO  L114    AnnotateAndAsserter]: Assert order MIX_INSIDE_OUTSIDE issued 7 check-sat command(s)
[2026-06-06 01:20:50,604 INFO  L115    AnnotateAndAsserter]: Conjunction of SSA is unsat
[2026-06-06 01:20:50,604 INFO  L279         TraceCheckSpWp]: Computing forward predicates...
[2026-06-06 01:20:50,604 INFO  L256         TraceCheckSpWp]: Trace formula consists of 72 conjuncts, 21 conjuncts are in the unsatisfiable core
[2026-06-06 01:20:50,605 INFO  L279         TraceCheckSpWp]: Computing forward predicates...
[2026-06-06 01:20:50,606 INFO  L134       CoverageAnalysis]: Checked inductivity of 10 backedges. 0 proven. 10 refuted. 0 times theorem prover too weak. 0 trivial. 0 not checked.
[2026-06-06 01:20:50,606 INFO  L158   FreeRefinementEngine]: IpTcStrategyModuleZ3 [286843502] provided 0 perfect and 2 imperfect interpolant sequences
[2026-06-06 01:20:50,606 INFO  L185   FreeRefinementEngine]: Found 0 perfect and 3 imperfect interpolant sequences.
[2026-06-06 01:20:50,606 INFO  L198   FreeRefinementEngine]: Number of different interpolants: perfect sequences [] imperfect sequences [6, 6, 6] total 12
[2026-06-06 01:20:50,606 INFO  L122   tionRefinementEngine]: Using interpolant automaton builder IpAbStrategyModuleStraightlineAll [1363168838]
[2026-06-06 01:20:50,606 INFO  L85    oduleStraightlineAll]: Using 3 imperfect interpolants to construct interpolant automaton
[2026-06-06 01:20:50,606 INFO  L100   FreeRefinementEngine]: Using predicate unifier PredicateUnifier provided by strategy CAMEL
[2026-06-06 01:20:50,606 INFO  L144   InterpolantAutomaton]: Constructing interpolant automaton starting with 13 interpolants.
[2026-06-06 01:20:50,606 INFO  L146   InterpolantAutomaton]: CoverageRelationStatistics Valid=49, Invalid=107, Unknown=0, NotChecked=0, Total=156
[2026-06-06 01:20:50,607 INFO  L419   CegarNwaWorkerThread]: Difference in Worker for Generalization
[2026-06-06 01:20:50,607 INFO  L87              Difference]: Start difference. First operand  has 5 states, 3 states have (on average 1.6666666666666667) internal successors, (5), 4 states have internal predecessors, (5), 0 states have call successors, (0), 0 states have call predecessors, (0), 0 states have return successors, (0), 0 states have call predecessors, (0), 0 states have call successors, (0) Second operand  has 13 states, 13 states have (on average 1.1538461538461537) internal successors, (15), 12 states have internal predecessors, (15), 0 states have call successors, (0), 0 states have call predecessors, (0), 0 states have return successors, (0), 0 states have call predecessors, (0), 0 states have call successors, (0)
[2026-06-06 01:20:50,608 INFO  L144             Difference]: Subtrahend was deterministic. Have not used determinization.
[2026-06-06 01:20:50,608 INFO  L93              Difference]: Finished difference Result 10 states and 10 transitions.
[2026-06-06 01:20:50,608 INFO  L140   InterpolantAutomaton]: Switched to read-only mode: deterministic interpolant automaton has 8 states. 
[2026-06-06 01:20:50,608 INFO  L225             Difference]: With dead ends: 10
[2026-06-06 01:20:50,608 INFO  L226             Difference]: Without dead ends: 10
[2026-06-06 01:20:50,609 INFO  L487   CegarNwaWorkerThread]: 0 DeclaredPredicates, 16 GetRequests, 6 SyntacticMatches, 0 SemanticMatches, 10 ConstructedPredicates, 0 IntricatePredicates, 0 DeprecatedPredicates, 13 ImplicationChecksByTransitivity, 0.1s TimeCoverageRelationStatistics Valid=50, Invalid=82, Unknown=0, NotChecked=0, Total=132
[2026-06-06 01:20:50,609 INFO  L488   CegarNwaWorkerThread]: 3 mSDtfsCounter, 0 mSDsluCounter, 6 mSDsCounter, 0 mSdLazyCounter, 29 mSolverCounterSat, 0 mSolverCounterUnsat, 0 mSolverCounterUnknown, 0 mSolverCounterNotChecked, 0.0s Time, 0 mProtectedPredicate, 0 mProtectedAction, 0 SdHoareTripleChecker+Valid, 9 SdHoareTripleChecker+Invalid, 29 SdHoareTripleChecker+Unknown, 0 SdHoareTripleChecker+Unchecked, 0.0s SdHoareTripleChecker+Time, 0 IncrementalHoareTripleChecker+Valid, 29 IncrementalHoareTripleChecker+Invalid, 0 IncrementalHoareTripleChecker+Unknown, 0 IncrementalHoareTripleChecker+Unchecked, 0.0s IncrementalHoareTripleChecker+Time
[2026-06-06 01:20:50,609 INFO  L489   CegarNwaWorkerThread]: SdHoareTripleChecker [0 Valid, 9 Invalid, 29 Unknown, 0 Unchecked, 0.0s Time], IncrementalHoareTripleChecker [0 Valid, 29 Invalid, 0 Unknown, 0 Unchecked, 0.0s Time]
[2026-06-06 01:20:50,610 INFO  L224   CegarNwaWorkerThread]: Done with Thread: 101#
[2026-06-06 01:20:50,610 INFO  L196   CegarNwaWorkerThread]: WorkerThread: Thread[#101,Worker for 894183756,5,main] is Waiting for a Task
[2026-06-06 01:20:50,610 INFO  L504   ParallelNwaCegarLoop]: Waking up, a worker is done.
[2026-06-06 01:20:50,610 INFO  L276   ParallelNwaCegarLoop]: Main: A Thread is Done
[2026-06-06 01:20:50,610 INFO  L294   ParallelNwaCegarLoop]: Worker Automaton Type: FLOYD_HOARE
[2026-06-06 01:20:50,610 INFO  L79                 Accepts]: Start accepts. Automaton has 8 states and 8 transitions. Word has length 6
[2026-06-06 01:20:50,610 INFO  L85                 Accepts]: Finished accepts. word is rejected.
[2026-06-06 01:20:50,610 INFO  L616   ParallelNwaCegarLoop]: Recorded stale counterexample prefix coverage.
[2026-06-06 01:20:50,610 INFO  L296   ParallelNwaCegarLoop]: Refining Abstraction
[2026-06-06 01:20:50,610 INFO  L567   ParallelNwaCegarLoop]: Subtrahend traceHash: 894183756
[2026-06-06 01:20:50,610 INFO  L534   ParallelNwaCegarLoop]: Difference in Main
[2026-06-06 01:20:50,610 INFO  L87              Difference]: Start difference. First operand 8 states and 8 transitions. Second operand  has 8 states, 7 states have (on average 2.4285714285714284) internal successors, (17), 8 states have internal predecessors, (17), 0 states have call successors, (0), 0 states have call predecessors, (0), 0 states have return successors, (0), 0 states have call predecessors, (0), 0 states have call successors, (0)
[2026-06-06 01:20:50,611 INFO  L144             Difference]: Subtrahend was deterministic. Have not used determinization.
[2026-06-06 01:20:50,611 INFO  L93              Difference]: Finished difference Result 10 states and 10 transitions.
[2026-06-06 01:20:50,611 INFO  L225             Difference]: With dead ends: 10
[2026-06-06 01:20:50,611 INFO  L226             Difference]: Without dead ends: 10
[2026-06-06 01:20:50,611 INFO  L82        GeneralOperation]: Start minimizeSevpa. Operand 10 states.
[2026-06-06 01:20:50,611 INFO  L88        GeneralOperation]: Finished minimizeSevpa. Reduced states from 10 to 10.
[2026-06-06 01:20:50,611 INFO  L82        GeneralOperation]: Start removeUnreachable. Operand  has 10 states, 9 states have (on average 1.1111111111111112) internal successors, (10), 9 states have internal predecessors, (10), 0 states have call successors, (0), 0 states have call predecessors, (0), 0 states have return successors, (0), 0 states have call predecessors, (0), 0 states have call successors, (0)
[2026-06-06 01:20:50,612 INFO  L88        GeneralOperation]: Finished removeUnreachable. Reduced from 10 states to 10 states and 10 transitions.
[2026-06-06 01:20:50,612 INFO  L545   ParallelNwaCegarLoop]: Main: Refinement done.
[2026-06-06 01:20:50,612 INFO  L464   ParallelNwaCegarLoop]: Checking if program is safe
[2026-06-06 01:20:50,612 INFO  L290                IsEmpty]: Start isEmpty. Operand 10 states and 10 transitions.
[2026-06-06 01:20:50,612 INFO  L300                IsEmpty]: Finished isEmpty. Found accepting run of length 10
[2026-06-06 01:20:50,612 INFO  L199           NwaCegarLoop]: Found error trace
[2026-06-06 01:20:50,612 INFO  L207           NwaCegarLoop]: trace histogram [6, 1, 1, 1]
[2026-06-06 01:20:50,612 INFO  L319   ParallelNwaCegarLoop]: No more worker results to process
[2026-06-06 01:20:50,612 INFO  L290                IsEmpty]: Start isEmptyParallel. Operand 10 states and 10 transitions.
[2026-06-06 01:20:50,612 INFO  L300                IsEmpty]: Finished isEmptyParallel. No accepting run.
[2026-06-06 01:20:50,612 INFO  L156        IsEmptyParallel]: Start isEmptyParallel. Operand 10 states and 10 transitions.
[2026-06-06 01:20:50,612 INFO  L182       IsEmptyHeuristic]: Start isEmptyHeuristic. Operand 10 states and 10 transitions.
[2026-06-06 01:20:50,613 INFO  L188       IsEmptyHeuristic]: Finished isEmptyHeuristic. Found accepting run of length 23
[2026-06-06 01:20:50,613 INFO  L111    AnnotateAndAsserter]: Assert order TERMS_WITH_SMALL_CONSTANTS_FIRST issued 2 check-sat command(s) and asserted 19 of 19 statements.
[2026-06-06 01:20:50,613 INFO  L114    AnnotateAndAsserter]: Assert order TERMS_WITH_SMALL_CONSTANTS_FIRST issued 2 check-sat command(s)
[2026-06-06 01:20:50,613 INFO  L115    AnnotateAndAsserter]: Conjunction of SSA is unsat
[2026-06-06 01:20:50,613 INFO  L163        IsEmptyParallel]: Finished isEmptyParallel. Found accepting run of length 23
[2026-06-06 01:20:50,613 WARN  L753                IsEmpty]: Correctness of emptinessCheck not tested.
[2026-06-06 01:20:50,613 INFO  L79                 Accepts]: Start accepts. Automaton has 10 states and 10 transitions. Word has length 22
[2026-06-06 01:20:50,613 INFO  L85                 Accepts]: Finished accepts. word is accepted.
[2026-06-06 01:20:50,613 INFO  L757                IsEmpty]: Finished testing correctness of emptinessCheck
[2026-06-06 01:20:50,613 INFO  L290                IsEmpty]: Start isEmptyParallel. Operand 10 states and 10 transitions.
[2026-06-06 01:20:50,613 INFO  L300                IsEmpty]: Finished isEmptyParallel. No accepting run.
[2026-06-06 01:20:50,613 INFO  L156        IsEmptyParallel]: Start isEmptyParallel. Operand 10 states and 10 transitions.
[2026-06-06 01:20:50,613 INFO  L182       IsEmptyHeuristic]: Start isEmptyHeuristic. Operand 10 states and 10 transitions.
[2026-06-06 01:20:50,614 INFO  L188       IsEmptyHeuristic]: Finished isEmptyHeuristic. Found accepting run of length 22
[2026-06-06 01:20:50,614 INFO  L163        IsEmptyParallel]: Finished isEmptyParallel. Found accepting run of length 22
[2026-06-06 01:20:50,614 WARN  L753                IsEmpty]: Correctness of emptinessCheck not tested.
[2026-06-06 01:20:50,614 INFO  L79                 Accepts]: Start accepts. Automaton has 10 states and 10 transitions. Word has length 21
[2026-06-06 01:20:50,614 INFO  L85                 Accepts]: Finished accepts. word is accepted.
[2026-06-06 01:20:50,614 INFO  L757                IsEmpty]: Finished testing correctness of emptinessCheck
[2026-06-06 01:20:50,614 INFO  L290                IsEmpty]: Start isEmptyParallel. Operand 10 states and 10 transitions.
[2026-06-06 01:20:50,614 INFO  L300                IsEmpty]: Finished isEmptyParallel. No accepting run.
[2026-06-06 01:20:50,614 INFO  L156        IsEmptyParallel]: Start isEmptyParallel. Operand 10 states and 10 transitions.
[2026-06-06 01:20:50,614 INFO  L182       IsEmptyHeuristic]: Start isEmptyHeuristic. Operand 10 states and 10 transitions.
[2026-06-06 01:20:50,614 INFO  L188       IsEmptyHeuristic]: Finished isEmptyHeuristic. Found accepting run of length 25
[2026-06-06 01:20:50,614 INFO  L163        IsEmptyParallel]: Finished isEmptyParallel. Found accepting run of length 25
[2026-06-06 01:20:50,614 WARN  L753                IsEmpty]: Correctness of emptinessCheck not tested.
[2026-06-06 01:20:50,615 INFO  L79                 Accepts]: Start accepts. Automaton has 10 states and 10 transitions. Word has length 24
[2026-06-06 01:20:50,615 INFO  L85                 Accepts]: Finished accepts. word is accepted.
[2026-06-06 01:20:50,615 INFO  L757                IsEmpty]: Finished testing correctness of emptinessCheck
[2026-06-06 01:20:50,615 INFO  L290                IsEmpty]: Start isEmptyParallel. Operand 10 states and 10 transitions.
[2026-06-06 01:20:50,615 INFO  L300                IsEmpty]: Finished isEmptyParallel. No accepting run.
[2026-06-06 01:20:50,615 INFO  L156        IsEmptyParallel]: Start isEmptyParallel. Operand 10 states and 10 transitions.
[2026-06-06 01:20:50,615 INFO  L256         TraceCheckSpWp]: Trace formula consists of 92 conjuncts, 15 conjuncts are in the unsatisfiable core
[2026-06-06 01:20:50,615 INFO  L182       IsEmptyHeuristic]: Start isEmptyHeuristic. Operand 10 states and 10 transitions.
[2026-06-06 01:20:50,615 INFO  L188       IsEmptyHeuristic]: Finished isEmptyHeuristic. Found accepting run of length 24
[2026-06-06 01:20:50,615 INFO  L163        IsEmptyParallel]: Finished isEmptyParallel. Found accepting run of length 24
[2026-06-06 01:20:50,615 WARN  L753                IsEmpty]: Correctness of emptinessCheck not tested.
[2026-06-06 01:20:50,615 INFO  L79                 Accepts]: Start accepts. Automaton has 10 states and 10 transitions. Word has length 23
[2026-06-06 01:20:50,616 INFO  L85                 Accepts]: Finished accepts. word is accepted.
[2026-06-06 01:20:50,616 INFO  L757                IsEmpty]: Finished testing correctness of emptinessCheck
[2026-06-06 01:20:50,616 INFO  L86        PathProgramCache]: Analyzing trace with hash -1129747677, now seen corresponding path program 18 times
[2026-06-06 01:20:50,616 INFO  L484   ParallelNwaCegarLoop]: Main: Starting Thread
[2026-06-06 01:20:50,616 INFO  L266   ParallelNwaCegarLoop]: === Iteration 5 ===
[2026-06-06 01:20:50,616 INFO  L501   ParallelNwaCegarLoop]: All threads busy, going to sleep.
[2026-06-06 01:20:50,616 INFO  L209   CegarNwaWorkerThread]: Starting Thread: 101# for Trace Check: -1129747677
[2026-06-06 01:20:50,617 INFO  L279         TraceCheckSpWp]: Computing forward predicates...
[2026-06-06 01:20:50,617 INFO  L156       PredicateUnifier]: Initialized classic predicate unifier
[2026-06-06 01:20:50,617 INFO  L86        PathProgramCache]: Analyzing trace with hash -1129747677, now seen corresponding path program 18 times
[2026-06-06 01:20:50,617 INFO  L118   FreeRefinementEngine]: Executing refinement strategy CAMEL
[2026-06-06 01:20:50,617 INFO  L324   FreeRefinementEngine]: Using trace check IpTcStrategyModuleSmtInterpolCraig [1367339331]
[2026-06-06 01:20:50,617 INFO  L95    rtionOrderModulation]: Changing assertion order to MIX_INSIDE_OUTSIDE
[2026-06-06 01:20:50,617 INFO  L127          SolverBuilder]: Constructing new instance of SMTInterpol with explicit timeout -1 ms and remaining time -1 ms
[2026-06-06 01:20:50,622 INFO  L134       CoverageAnalysis]: Checked inductivity of 66 backedges. 32 proven. 28 refuted. 0 times theorem prover too weak. 6 trivial. 0 not checked.
[2026-06-06 01:20:50,622 INFO  L312         TraceCheckSpWp]: Computing backward predicates...
[2026-06-06 01:20:50,623 INFO  L144             Difference]: Subtrahend was deterministic. Have not used determinization.
[2026-06-06 01:20:50,623 INFO  L93              Difference]: Finished difference Result 10 states and 10 transitions.
[2026-06-06 01:20:50,624 INFO  L140   InterpolantAutomaton]: Switched to read-only mode: deterministic interpolant automaton has 8 states. 
[2026-06-06 01:20:50,624 INFO  L225             Difference]: With dead ends: 10
[2026-06-06 01:20:50,624 INFO  L226             Difference]: Without dead ends: 10
[2026-06-06 01:20:50,625 INFO  L487   CegarNwaWorkerThread]: 0 DeclaredPredicates, 14 GetRequests, 5 SyntacticMatches, 0 SemanticMatches, 9 ConstructedPredicates, 0 IntricatePredicates, 0 DeprecatedPredicates, 12 ImplicationChecksByTransitivity, 0.1s TimeCoverageRelationStatistics Valid=48, Invalid=62, Unknown=0, NotChecked=0, Total=110
[2026-06-06 01:20:50,625 INFO  L488   CegarNwaWorkerThread]: 3 mSDtfsCounter, 0 mSDsluCounter, 5 mSDsCounter, 0 mSdLazyCounter, 21 mSolverCounterSat, 1 mSolverCounterUnsat, 0 mSolverCounterUnknown, 0 mSolverCounterNotChecked, 0.0s Time, 0 mProtectedPredicate, 0 mProtectedAction, 0 SdHoareTripleChecker+Valid, 8 SdHoareTripleChecker+Invalid, 22 SdHoareTripleChecker+Unknown, 0 SdHoareTripleChecker+Unchecked, 0.0s SdHoareTripleChecker+Time, 1 IncrementalHoareTripleChecker+Valid, 21 IncrementalHoareTripleChecker+Invalid, 0 IncrementalHoareTripleChecker+Unknown, 0 IncrementalHoareTripleChecker+Unchecked, 0.0s IncrementalHoareTripleChecker+Time
[2026-06-06 01:20:50,625 INFO  L489   CegarNwaWorkerThread]: SdHoareTripleChecker [0 Valid, 8 Invalid, 22 Unknown, 0 Unchecked, 0.0s Time], IncrementalHoareTripleChecker [1 Valid, 21 Invalid, 0 Unknown, 0 Unchecked, 0.0s Time]
[2026-06-06 01:20:50,625 INFO  L224   CegarNwaWorkerThread]: Done with Thread: 92#
[2026-06-06 01:20:50,625 INFO  L504   ParallelNwaCegarLoop]: Waking up, a worker is done.
[2026-06-06 01:20:50,626 INFO  L276   ParallelNwaCegarLoop]: Main: A Thread is Done
[2026-06-06 01:20:50,626 INFO  L294   ParallelNwaCegarLoop]: Worker Automaton Type: FLOYD_HOARE
[2026-06-06 01:20:50,626 INFO  L79                 Accepts]: Start accepts. Automaton has 10 states and 10 transitions. Word has length 5
[2026-06-06 01:20:50,626 INFO  L85                 Accepts]: Finished accepts. word is rejected.
[2026-06-06 01:20:50,626 INFO  L616   ParallelNwaCegarLoop]: Recorded stale counterexample prefix coverage.
[2026-06-06 01:20:50,626 INFO  L296   ParallelNwaCegarLoop]: Refining Abstraction
[2026-06-06 01:20:50,626 INFO  L567   ParallelNwaCegarLoop]: Subtrahend traceHash: 28844579
[2026-06-06 01:20:50,626 INFO  L534   ParallelNwaCegarLoop]: Difference in Main
[2026-06-06 01:20:50,626 INFO  L87              Difference]: Start difference. First operand 10 states and 10 transitions. Second operand  has 8 states, 7 states have (on average 2.4285714285714284) internal successors, (17), 8 states have internal predecessors, (17), 0 states have call successors, (0), 0 states have call predecessors, (0), 0 states have return successors, (0), 0 states have call predecessors, (0), 0 states have call successors, (0)
[2026-06-06 01:20:50,625 INFO  L196   CegarNwaWorkerThread]: WorkerThread: Thread[#92,Worker for 28844579,5,main] is Waiting for a Task
[2026-06-06 01:20:50,626 INFO  L144             Difference]: Subtrahend was deterministic. Have not used determinization.
[2026-06-06 01:20:50,626 INFO  L93              Difference]: Finished difference Result 10 states and 10 transitions.
[2026-06-06 01:20:50,626 INFO  L108    AnnotateAndAsserter]: Assert order MIX_INSIDE_OUTSIDE partitioned 21 statements into 10 equivalence classes.
[2026-06-06 01:20:50,626 INFO  L225             Difference]: With dead ends: 10
[2026-06-06 01:20:50,626 INFO  L226             Difference]: Without dead ends: 10
[2026-06-06 01:20:50,626 INFO  L82        GeneralOperation]: Start minimizeSevpa. Operand 10 states.
[2026-06-06 01:20:50,627 INFO  L88        GeneralOperation]: Finished minimizeSevpa. Reduced states from 10 to 10.
[2026-06-06 01:20:50,627 INFO  L82        GeneralOperation]: Start removeUnreachable. Operand  has 10 states, 9 states have (on average 1.1111111111111112) internal successors, (10), 9 states have internal predecessors, (10), 0 states have call successors, (0), 0 states have call predecessors, (0), 0 states have return successors, (0), 0 states have call predecessors, (0), 0 states have call successors, (0)
[2026-06-06 01:20:50,627 INFO  L88        GeneralOperation]: Finished removeUnreachable. Reduced from 10 states to 10 states and 10 transitions.
[2026-06-06 01:20:50,627 INFO  L545   ParallelNwaCegarLoop]: Main: Refinement done.
[2026-06-06 01:20:50,627 INFO  L464   ParallelNwaCegarLoop]: Checking if program is safe
[2026-06-06 01:20:50,627 INFO  L290                IsEmpty]: Start isEmpty. Operand 10 states and 10 transitions.
[2026-06-06 01:20:50,627 INFO  L300                IsEmpty]: Finished isEmpty. Found accepting run of length 10
[2026-06-06 01:20:50,627 INFO  L199           NwaCegarLoop]: Found error trace
[2026-06-06 01:20:50,627 INFO  L207           NwaCegarLoop]: trace histogram [6, 1, 1, 1]
[2026-06-06 01:20:50,627 INFO  L319   ParallelNwaCegarLoop]: No more worker results to process
[2026-06-06 01:20:50,627 INFO  L290                IsEmpty]: Start isEmptyParallel. Operand 10 states and 10 transitions.
[2026-06-06 01:20:50,627 INFO  L300                IsEmpty]: Finished isEmptyParallel. No accepting run.
[2026-06-06 01:20:50,627 INFO  L156        IsEmptyParallel]: Start isEmptyParallel. Operand 10 states and 10 transitions.
[2026-06-06 01:20:50,628 INFO  L182       IsEmptyHeuristic]: Start isEmptyHeuristic. Operand 10 states and 10 transitions.
[2026-06-06 01:20:50,628 INFO  L188       IsEmptyHeuristic]: Finished isEmptyHeuristic. Found accepting run of length 24
[2026-06-06 01:20:50,628 INFO  L163        IsEmptyParallel]: Finished isEmptyParallel. Found accepting run of length 24
[2026-06-06 01:20:50,628 WARN  L753                IsEmpty]: Correctness of emptinessCheck not tested.
[2026-06-06 01:20:50,628 INFO  L79                 Accepts]: Start accepts. Automaton has 10 states and 10 transitions. Word has length 23
[2026-06-06 01:20:50,628 INFO  L85                 Accepts]: Finished accepts. word is accepted.
[2026-06-06 01:20:50,628 INFO  L757                IsEmpty]: Finished testing correctness of emptinessCheck
[2026-06-06 01:20:50,628 INFO  L290                IsEmpty]: Start isEmptyParallel. Operand 10 states and 10 transitions.
[2026-06-06 01:20:50,628 INFO  L300                IsEmpty]: Finished isEmptyParallel. No accepting run.
[2026-06-06 01:20:50,628 INFO  L156        IsEmptyParallel]: Start isEmptyParallel. Operand 10 states and 10 transitions.
[2026-06-06 01:20:50,628 INFO  L182       IsEmptyHeuristic]: Start isEmptyHeuristic. Operand 10 states and 10 transitions.
[2026-06-06 01:20:50,628 INFO  L188       IsEmptyHeuristic]: Finished isEmptyHeuristic. Found accepting run of length 23
[2026-06-06 01:20:50,628 INFO  L163        IsEmptyParallel]: Finished isEmptyParallel. Found accepting run of length 23
[2026-06-06 01:20:50,629 WARN  L753                IsEmpty]: Correctness of emptinessCheck not tested.
[2026-06-06 01:20:50,629 INFO  L79                 Accepts]: Start accepts. Automaton has 10 states and 10 transitions. Word has length 22
[2026-06-06 01:20:50,629 INFO  L85                 Accepts]: Finished accepts. word is accepted.
[2026-06-06 01:20:50,629 INFO  L757                IsEmpty]: Finished testing correctness of emptinessCheck
[2026-06-06 01:20:50,629 INFO  L290                IsEmpty]: Start isEmptyParallel. Operand 10 states and 10 transitions.
[2026-06-06 01:20:50,629 INFO  L300                IsEmpty]: Finished isEmptyParallel. No accepting run.
[2026-06-06 01:20:50,629 INFO  L156        IsEmptyParallel]: Start isEmptyParallel. Operand 10 states and 10 transitions.
[2026-06-06 01:20:50,629 INFO  L134       CoverageAnalysis]: Checked inductivity of 55 backedges. 18 proven. 36 refuted. 0 times theorem prover too weak. 1 trivial. 0 not checked.
[2026-06-06 01:20:50,629 INFO  L312         TraceCheckSpWp]: Computing backward predicates...
[2026-06-06 01:20:50,630 INFO  L182       IsEmptyHeuristic]: Start isEmptyHeuristic. Operand 10 states and 10 transitions.
[2026-06-06 01:20:50,630 INFO  L188       IsEmptyHeuristic]: Finished isEmptyHeuristic. Found accepting run of length 26
[2026-06-06 01:20:50,630 INFO  L163        IsEmptyParallel]: Finished isEmptyParallel. Found accepting run of length 26
[2026-06-06 01:20:50,630 WARN  L753                IsEmpty]: Correctness of emptinessCheck not tested.
[2026-06-06 01:20:50,630 INFO  L79                 Accepts]: Start accepts. Automaton has 10 states and 10 transitions. Word has length 25
[2026-06-06 01:20:50,630 INFO  L85                 Accepts]: Finished accepts. word is accepted.
[2026-06-06 01:20:50,630 INFO  L757                IsEmpty]: Finished testing correctness of emptinessCheck
[2026-06-06 01:20:50,630 INFO  L290                IsEmpty]: Start isEmptyParallel. Operand 10 states and 10 transitions.
[2026-06-06 01:20:50,630 INFO  L300                IsEmpty]: Finished isEmptyParallel. No accepting run.
[2026-06-06 01:20:50,630 INFO  L156        IsEmptyParallel]: Start isEmptyParallel. Operand 10 states and 10 transitions.
[2026-06-06 01:20:50,631 INFO  L182       IsEmptyHeuristic]: Start isEmptyHeuristic. Operand 10 states and 10 transitions.
[2026-06-06 01:20:50,631 INFO  L188       IsEmptyHeuristic]: Finished isEmptyHeuristic. Found accepting run of length 25
[2026-06-06 01:20:50,631 INFO  L163        IsEmptyParallel]: Finished isEmptyParallel. Found accepting run of length 25
[2026-06-06 01:20:50,631 WARN  L753                IsEmpty]: Correctness of emptinessCheck not tested.
[2026-06-06 01:20:50,631 INFO  L79                 Accepts]: Start accepts. Automaton has 10 states and 10 transitions. Word has length 24
[2026-06-06 01:20:50,631 INFO  L85                 Accepts]: Finished accepts. word is accepted.
[2026-06-06 01:20:50,631 INFO  L757                IsEmpty]: Finished testing correctness of emptinessCheck
[2026-06-06 01:20:50,631 INFO  L86        PathProgramCache]: Analyzing trace with hash -662437812, now seen corresponding path program 19 times
[2026-06-06 01:20:50,631 INFO  L484   ParallelNwaCegarLoop]: Main: Starting Thread
[2026-06-06 01:20:50,631 INFO  L266   ParallelNwaCegarLoop]: === Iteration 6 ===
[2026-06-06 01:20:50,631 INFO  L501   ParallelNwaCegarLoop]: All threads busy, going to sleep.
[2026-06-06 01:20:50,631 INFO  L209   CegarNwaWorkerThread]: Starting Thread: 92# for Trace Check: -662437812
[2026-06-06 01:20:50,632 INFO  L156       PredicateUnifier]: Initialized classic predicate unifier
[2026-06-06 01:20:50,632 INFO  L86        PathProgramCache]: Analyzing trace with hash -662437812, now seen corresponding path program 19 times
[2026-06-06 01:20:50,632 INFO  L118   FreeRefinementEngine]: Executing refinement strategy CAMEL
[2026-06-06 01:20:50,632 INFO  L324   FreeRefinementEngine]: Using trace check IpTcStrategyModuleSmtInterpolCraig [1266729449]
[2026-06-06 01:20:50,632 INFO  L95    rtionOrderModulation]: Changing assertion order to NOT_INCREMENTALLY
[2026-06-06 01:20:50,632 INFO  L127          SolverBuilder]: Constructing new instance of SMTInterpol with explicit timeout -1 ms and remaining time -1 ms
[2026-06-06 01:20:50,634 INFO  L144             Difference]: Subtrahend was deterministic. Have not used determinization.
[2026-06-06 01:20:50,634 INFO  L93              Difference]: Finished difference Result 10 states and 10 transitions.
[2026-06-06 01:20:50,634 INFO  L140   InterpolantAutomaton]: Switched to read-only mode: deterministic interpolant automaton has 8 states. 
[2026-06-06 01:20:50,634 INFO  L225             Difference]: With dead ends: 10
[2026-06-06 01:20:50,634 INFO  L226             Difference]: Without dead ends: 10
[2026-06-06 01:20:50,634 INFO  L487   CegarNwaWorkerThread]: 0 DeclaredPredicates, 18 GetRequests, 7 SyntacticMatches, 0 SemanticMatches, 11 ConstructedPredicates, 0 IntricatePredicates, 0 DeprecatedPredicates, 19 ImplicationChecksByTransitivity, 0.1s TimeCoverageRelationStatistics Valid=49, Invalid=107, Unknown=0, NotChecked=0, Total=156
[2026-06-06 01:20:50,635 INFO  L488   CegarNwaWorkerThread]: 3 mSDtfsCounter, 0 mSDsluCounter, 8 mSDsCounter, 0 mSdLazyCounter, 42 mSolverCounterSat, 0 mSolverCounterUnsat, 0 mSolverCounterUnknown, 0 mSolverCounterNotChecked, 0.0s Time, 0 mProtectedPredicate, 0 mProtectedAction, 0 SdHoareTripleChecker+Valid, 11 SdHoareTripleChecker+Invalid, 42 SdHoareTripleChecker+Unknown, 0 SdHoareTripleChecker+Unchecked, 0.0s SdHoareTripleChecker+Time, 0 IncrementalHoareTripleChecker+Valid, 42 IncrementalHoareTripleChecker+Invalid, 0 IncrementalHoareTripleChecker+Unknown, 0 IncrementalHoareTripleChecker+Unchecked, 0.0s IncrementalHoareTripleChecker+Time
[2026-06-06 01:20:50,635 INFO  L489   CegarNwaWorkerThread]: SdHoareTripleChecker [0 Valid, 11 Invalid, 42 Unknown, 0 Unchecked, 0.0s Time], IncrementalHoareTripleChecker [0 Valid, 42 Invalid, 0 Unknown, 0 Unchecked, 0.0s Time]
[2026-06-06 01:20:50,635 INFO  L111    AnnotateAndAsserter]: Assert order MIX_INSIDE_OUTSIDE issued 8 check-sat command(s) and asserted 17 of 21 statements.
[2026-06-06 01:20:50,635 INFO  L224   CegarNwaWorkerThread]: Done with Thread: 107#
[2026-06-06 01:20:50,635 INFO  L114    AnnotateAndAsserter]: Assert order MIX_INSIDE_OUTSIDE issued 8 check-sat command(s)
[2026-06-06 01:20:50,636 INFO  L115    AnnotateAndAsserter]: Conjunction of SSA is unsat
[2026-06-06 01:20:50,636 INFO  L111    AnnotateAndAsserter]: Assert order OUTSIDE_LOOP_FIRST2 issued 6 check-sat command(s) and asserted 12 of 12 statements.
[2026-06-06 01:20:50,635 INFO  L504   ParallelNwaCegarLoop]: Waking up, a worker is done.
[2026-06-06 01:20:50,636 INFO  L276   ParallelNwaCegarLoop]: Main: A Thread is Done
[2026-06-06 01:20:50,635 INFO  L196   CegarNwaWorkerThread]: WorkerThread: Thread[#107,Worker for 1949894467,5,main] is Waiting for a Task
[2026-06-06 01:20:50,636 INFO  L294   ParallelNwaCegarLoop]: Worker Automaton Type: FLOYD_HOARE
[2026-06-06 01:20:50,636 INFO  L114    AnnotateAndAsserter]: Assert order OUTSIDE_LOOP_FIRST2 issued 6 check-sat command(s)
[2026-06-06 01:20:50,636 INFO  L115    AnnotateAndAsserter]: Conjunction of SSA is unsat
[2026-06-06 01:20:50,636 INFO  L134       CoverageAnalysis]: Checked inductivity of 136 backedges. 70 proven. 21 refuted. 0 times theorem prover too weak. 45 trivial. 0 not checked.
[2026-06-06 01:20:50,636 INFO  L79                 Accepts]: Start accepts. Automaton has 10 states and 10 transitions. Word has length 7
[2026-06-06 01:20:50,636 INFO  L312         TraceCheckSpWp]: Computing backward predicates...
[2026-06-06 01:20:50,636 INFO  L85                 Accepts]: Finished accepts. word is rejected.
[2026-06-06 01:20:50,636 INFO  L616   ParallelNwaCegarLoop]: Recorded stale counterexample prefix coverage.
[2026-06-06 01:20:50,636 INFO  L296   ParallelNwaCegarLoop]: Refining Abstraction
[2026-06-06 01:20:50,636 INFO  L567   ParallelNwaCegarLoop]: Subtrahend traceHash: 1949894467
[2026-06-06 01:20:50,636 INFO  L534   ParallelNwaCegarLoop]: Difference in Main
[2026-06-06 01:20:50,636 INFO  L87              Difference]: Start difference. First operand 10 states and 10 transitions. Second operand  has 8 states, 7 states have (on average 2.4285714285714284) internal successors, (17), 8 states have internal predecessors, (17), 0 states have call successors, (0), 0 states have call predecessors, (0), 0 states have return successors, (0), 0 states have call predecessors, (0), 0 states have call successors, (0)
[2026-06-06 01:20:50,636 INFO  L144             Difference]: Subtrahend was deterministic. Have not used determinization.
[2026-06-06 01:20:50,636 INFO  L93              Difference]: Finished difference Result 10 states and 10 transitions.
[2026-06-06 01:20:50,636 INFO  L256         TraceCheckSpWp]: Trace formula consists of 57 conjuncts, 17 conjuncts are in the unsatisfiable core
[2026-06-06 01:20:50,636 INFO  L225             Difference]: With dead ends: 10
[2026-06-06 01:20:50,639 INFO  L226             Difference]: Without dead ends: 10
[2026-06-06 01:20:50,639 INFO  L82        GeneralOperation]: Start minimizeSevpa. Operand 10 states.
[2026-06-06 01:20:50,639 INFO  L88        GeneralOperation]: Finished minimizeSevpa. Reduced states from 10 to 10.
[2026-06-06 01:20:50,639 INFO  L279         TraceCheckSpWp]: Computing forward predicates...
[2026-06-06 01:20:50,639 INFO  L82        GeneralOperation]: Start removeUnreachable. Operand  has 10 states, 9 states have (on average 1.1111111111111112) internal successors, (10), 9 states have internal predecessors, (10), 0 states have call successors, (0), 0 states have call predecessors, (0), 0 states have return successors, (0), 0 states have call predecessors, (0), 0 states have call successors, (0)
[2026-06-06 01:20:50,640 INFO  L108    AnnotateAndAsserter]: Assert order NOT_INCREMENTALLY partitioned 22 statements into 1 equivalence classes.
[2026-06-06 01:20:50,640 INFO  L88        GeneralOperation]: Finished removeUnreachable. Reduced from 10 states to 10 states and 10 transitions.
[2026-06-06 01:20:50,640 INFO  L545   ParallelNwaCegarLoop]: Main: Refinement done.
[2026-06-06 01:20:50,640 INFO  L464   ParallelNwaCegarLoop]: Checking if program is safe
[2026-06-06 01:20:50,640 INFO  L290                IsEmpty]: Start isEmpty. Operand 10 states and 10 transitions.
[2026-06-06 01:20:50,640 INFO  L300                IsEmpty]: Finished isEmpty. Found accepting run of length 10
[2026-06-06 01:20:50,640 INFO  L199           NwaCegarLoop]: Found error trace
[2026-06-06 01:20:50,640 INFO  L207           NwaCegarLoop]: trace histogram [6, 1, 1, 1]
[2026-06-06 01:20:50,640 INFO  L319   ParallelNwaCegarLoop]: No more worker results to process
[2026-06-06 01:20:50,640 INFO  L290                IsEmpty]: Start isEmptyParallel. Operand 10 states and 10 transitions.
[2026-06-06 01:20:50,640 INFO  L300                IsEmpty]: Finished isEmptyParallel. No accepting run.
[2026-06-06 01:20:50,641 INFO  L156        IsEmptyParallel]: Start isEmptyParallel. Operand 10 states and 10 transitions.
[2026-06-06 01:20:50,641 INFO  L182       IsEmptyHeuristic]: Start isEmptyHeuristic. Operand 10 states and 10 transitions.
[2026-06-06 01:20:50,641 INFO  L188       IsEmptyHeuristic]: Finished isEmptyHeuristic. Found accepting run of length 25
[2026-06-06 01:20:50,641 INFO  L163        IsEmptyParallel]: Finished isEmptyParallel. Found accepting run of length 25
[2026-06-06 01:20:50,641 WARN  L753                IsEmpty]: Correctness of emptinessCheck not tested.
[2026-06-06 01:20:50,641 INFO  L79                 Accepts]: Start accepts. Automaton has 10 states and 10 transitions. Word has length 24
[2026-06-06 01:20:50,641 INFO  L85                 Accepts]: Finished accepts. word is accepted.
[2026-06-06 01:20:50,641 INFO  L757                IsEmpty]: Finished testing correctness of emptinessCheck
[2026-06-06 01:20:50,641 INFO  L290                IsEmpty]: Start isEmptyParallel. Operand 10 states and 10 transitions.
[2026-06-06 01:20:50,641 INFO  L300                IsEmpty]: Finished isEmptyParallel. No accepting run.
[2026-06-06 01:20:50,641 INFO  L156        IsEmptyParallel]: Start isEmptyParallel. Operand 10 states and 10 transitions.
[2026-06-06 01:20:50,642 INFO  L111    AnnotateAndAsserter]: Assert order OUTSIDE_LOOP_FIRST2 issued 8 check-sat command(s) and asserted 17 of 18 statements.
[2026-06-06 01:20:50,642 INFO  L114    AnnotateAndAsserter]: Assert order OUTSIDE_LOOP_FIRST2 issued 8 check-sat command(s)
[2026-06-06 01:20:50,642 INFO  L115    AnnotateAndAsserter]: Conjunction of SSA is unsat
[2026-06-06 01:20:50,642 INFO  L182       IsEmptyHeuristic]: Start isEmptyHeuristic. Operand 10 states and 10 transitions.
[2026-06-06 01:20:50,642 INFO  L188       IsEmptyHeuristic]: Finished isEmptyHeuristic. Found accepting run of length 24
[2026-06-06 01:20:50,642 INFO  L163        IsEmptyParallel]: Finished isEmptyParallel. Found accepting run of length 24
[2026-06-06 01:20:50,642 WARN  L753                IsEmpty]: Correctness of emptinessCheck not tested.
[2026-06-06 01:20:50,642 INFO  L79                 Accepts]: Start accepts. Automaton has 10 states and 10 transitions. Word has length 23
[2026-06-06 01:20:50,642 INFO  L134       CoverageAnalysis]: Checked inductivity of 15 backedges. 0 proven. 15 refuted. 0 times theorem prover too weak. 0 trivial. 0 not checked.
[2026-06-06 01:20:50,642 INFO  L85                 Accepts]: Finished accepts. word is accepted.
[2026-06-06 01:20:50,642 INFO  L757                IsEmpty]: Finished testing correctness of emptinessCheck
[2026-06-06 01:20:50,642 INFO  L290                IsEmpty]: Start isEmptyParallel. Operand 10 states and 10 transitions.
[2026-06-06 01:20:50,642 INFO  L300                IsEmpty]: Finished isEmptyParallel. No accepting run.
[2026-06-06 01:20:50,642 INFO  L156        IsEmptyParallel]: Start isEmptyParallel. Operand 10 states and 10 transitions.
[2026-06-06 01:20:50,643 INFO  L256         TraceCheckSpWp]: Trace formula consists of 82 conjuncts, 15 conjuncts are in the unsatisfiable core
[2026-06-06 01:20:50,642 INFO  L158   FreeRefinementEngine]: IpTcStrategyModuleZ3 [1227150989] provided 0 perfect and 2 imperfect interpolant sequences
[2026-06-06 01:20:50,643 INFO  L185   FreeRefinementEngine]: Found 0 perfect and 3 imperfect interpolant sequences.
[2026-06-06 01:20:50,643 INFO  L198   FreeRefinementEngine]: Number of different interpolants: perfect sequences [] imperfect sequences [7, 7, 7] total 14
[2026-06-06 01:20:50,643 INFO  L182       IsEmptyHeuristic]: Start isEmptyHeuristic. Operand 10 states and 10 transitions.
[2026-06-06 01:20:50,643 INFO  L122   tionRefinementEngine]: Using interpolant automaton builder IpAbStrategyModuleStraightlineAll [909492417]
[2026-06-06 01:20:50,643 INFO  L85    oduleStraightlineAll]: Using 3 imperfect interpolants to construct interpolant automaton
[2026-06-06 01:20:50,643 INFO  L188       IsEmptyHeuristic]: Finished isEmptyHeuristic. Found accepting run of length 27
[2026-06-06 01:20:50,643 INFO  L100   FreeRefinementEngine]: Using predicate unifier PredicateUnifier provided by strategy CAMEL
[2026-06-06 01:20:50,643 INFO  L163        IsEmptyParallel]: Finished isEmptyParallel. Found accepting run of length 27
[2026-06-06 01:20:50,643 WARN  L753                IsEmpty]: Correctness of emptinessCheck not tested.
[2026-06-06 01:20:50,643 INFO  L79                 Accepts]: Start accepts. Automaton has 10 states and 10 transitions. Word has length 26
[2026-06-06 01:20:50,643 INFO  L85                 Accepts]: Finished accepts. word is accepted.
[2026-06-06 01:20:50,643 INFO  L757                IsEmpty]: Finished testing correctness of emptinessCheck
[2026-06-06 01:20:50,643 INFO  L144   InterpolantAutomaton]: Constructing interpolant automaton starting with 15 interpolants.
[2026-06-06 01:20:50,643 INFO  L146   InterpolantAutomaton]: CoverageRelationStatistics Valid=55, Invalid=155, Unknown=0, NotChecked=0, Total=210
[2026-06-06 01:20:50,643 INFO  L419   CegarNwaWorkerThread]: Difference in Worker for Generalization
[2026-06-06 01:20:50,643 INFO  L290                IsEmpty]: Start isEmptyParallel. Operand 10 states and 10 transitions.
[2026-06-06 01:20:50,643 INFO  L87              Difference]: Start difference. First operand  has 5 states, 3 states have (on average 1.6666666666666667) internal successors, (5), 4 states have internal predecessors, (5), 0 states have call successors, (0), 0 states have call predecessors, (0), 0 states have return successors, (0), 0 states have call predecessors, (0), 0 states have call successors, (0) Second operand  has 15 states, 15 states have (on average 1.1333333333333333) internal successors, (17), 14 states have internal predecessors, (17), 0 states have call successors, (0), 0 states have call predecessors, (0), 0 states have return successors, (0), 0 states have call predecessors, (0), 0 states have call successors, (0)
[2026-06-06 01:20:50,643 INFO  L300                IsEmpty]: Finished isEmptyParallel. No accepting run.
[2026-06-06 01:20:50,643 INFO  L156        IsEmptyParallel]: Start isEmptyParallel. Operand 10 states and 10 transitions.
[2026-06-06 01:20:50,644 INFO  L279         TraceCheckSpWp]: Computing forward predicates...
[2026-06-06 01:20:50,644 INFO  L182       IsEmptyHeuristic]: Start isEmptyHeuristic. Operand 10 states and 10 transitions.
[2026-06-06 01:20:50,644 INFO  L188       IsEmptyHeuristic]: Finished isEmptyHeuristic. Found accepting run of length 26
[2026-06-06 01:20:50,644 INFO  L163        IsEmptyParallel]: Finished isEmptyParallel. Found accepting run of length 26
[2026-06-06 01:20:50,644 WARN  L753                IsEmpty]: Correctness of emptinessCheck not tested.
[2026-06-06 01:20:50,644 INFO  L79                 Accepts]: Start accepts. Automaton has 10 states and 10 transitions. Word has length 25
[2026-06-06 01:20:50,644 INFO  L85                 Accepts]: Finished accepts. word is accepted.
[2026-06-06 01:20:50,644 INFO  L757                IsEmpty]: Finished testing correctness of emptinessCheck
[2026-06-06 01:20:50,644 INFO  L86        PathProgramCache]: Analyzing trace with hash 939266115, now seen corresponding path program 20 times
[2026-06-06 01:20:50,644 INFO  L484   ParallelNwaCegarLoop]: Main: Starting Thread
[2026-06-06 01:20:50,644 INFO  L209   CegarNwaWorkerThread]: Starting Thread: 107# for Trace Check: 939266115
[2026-06-06 01:20:50,644 INFO  L266   ParallelNwaCegarLoop]: === Iteration 7 ===
[2026-06-06 01:20:50,644 INFO  L501   ParallelNwaCegarLoop]: All threads busy, going to sleep.
[2026-06-06 01:20:50,645 INFO  L156       PredicateUnifier]: Initialized classic predicate unifier
[2026-06-06 01:20:50,645 INFO  L86        PathProgramCache]: Analyzing trace with hash 939266115, now seen corresponding path program 20 times
[2026-06-06 01:20:50,645 INFO  L118   FreeRefinementEngine]: Executing refinement strategy CAMEL
[2026-06-06 01:20:50,645 INFO  L324   FreeRefinementEngine]: Using trace check IpTcStrategyModuleSmtInterpolCraig [127786386]
[2026-06-06 01:20:50,645 INFO  L95    rtionOrderModulation]: Changing assertion order to OUTSIDE_LOOP_FIRST1
[2026-06-06 01:20:50,645 INFO  L127          SolverBuilder]: Constructing new instance of SMTInterpol with explicit timeout -1 ms and remaining time -1 ms
[2026-06-06 01:20:50,647 INFO  L111    AnnotateAndAsserter]: Assert order NOT_INCREMENTALLY issued 1 check-sat command(s) and asserted 22 of 22 statements.
[2026-06-06 01:20:50,647 INFO  L114    AnnotateAndAsserter]: Assert order NOT_INCREMENTALLY issued 1 check-sat command(s)
[2026-06-06 01:20:50,647 INFO  L115    AnnotateAndAsserter]: Conjunction of SSA is unsat
[2026-06-06 01:20:50,649 INFO  L108    AnnotateAndAsserter]: Assert order OUTSIDE_LOOP_FIRST1 partitioned 23 statements into 2 equivalence classes.
[2026-06-06 01:20:50,654 INFO  L134       CoverageAnalysis]: Checked inductivity of 78 backedges. 30 proven. 45 refuted. 0 times theorem prover too weak. 3 trivial. 0 not checked.
[2026-06-06 01:20:50,654 INFO  L312         TraceCheckSpWp]: Computing backward predicates...
[2026-06-06 01:20:50,655 INFO  L134       CoverageAnalysis]: Checked inductivity of 45 backedges. 16 proven. 28 refuted. 0 times theorem prover too weak. 1 trivial. 0 not checked.
[2026-06-06 01:20:50,655 INFO  L312         TraceCheckSpWp]: Computing backward predicates...
[2026-06-06 01:20:50,660 INFO  L134       CoverageAnalysis]: Checked inductivity of 120 backedges. 63 proven. 21 refuted. 0 times theorem prover too weak. 36 trivial. 0 not checked.
[2026-06-06 01:20:50,661 INFO  L312         TraceCheckSpWp]: Computing backward predicates...
[2026-06-06 01:20:50,661 INFO  L111    AnnotateAndAsserter]: Assert order OUTSIDE_LOOP_FIRST1 issued 2 check-sat command(s) and asserted 23 of 23 statements.
[2026-06-06 01:20:50,661 INFO  L114    AnnotateAndAsserter]: Assert order OUTSIDE_LOOP_FIRST1 issued 2 check-sat command(s)
[2026-06-06 01:20:50,661 INFO  L115    AnnotateAndAsserter]: Conjunction of SSA is unsat
[2026-06-06 01:20:50,665 INFO  L134       CoverageAnalysis]: Checked inductivity of 153 backedges. 120 proven. 3 refuted. 0 times theorem prover too weak. 30 trivial. 0 not checked.
[2026-06-06 01:20:50,665 INFO  L136   FreeRefinementEngine]: Strategy CAMEL found an infeasible trace
[2026-06-06 01:20:50,665 INFO  L324   FreeRefinementEngine]: Using interpolant generator IpTcStrategyModuleSmtInterpolCraig [1696112419]
[2026-06-06 01:20:50,665 INFO  L158   FreeRefinementEngine]: IpTcStrategyModuleSmtInterpolCraig [1696112419] provided 0 perfect and 1 imperfect interpolant sequences
[2026-06-06 01:20:50,665 INFO  L324   FreeRefinementEngine]: Using interpolant generator IpTcStrategyModuleZ3 [1853913012]
[2026-06-06 01:20:50,665 INFO  L95    rtionOrderModulation]: Changing assertion order to INSIDE_LOOP_FIRST1
[2026-06-06 01:20:50,665 INFO  L173          SolverBuilder]: Constructing external solver with command: z3 -smt2 -in SMTLIB2_COMPLIANT=true
[2026-06-06 01:20:50,668 INFO  L189       MonitoredProcess]: No working directory specified, using /usr/bin/z3
[2026-06-06 01:20:50,669 INFO  L229       MonitoredProcess]: Starting monitored process 33 with /usr/bin/z3 -smt2 -in SMTLIB2_COMPLIANT=true (exit command is (exit), workingDir is null)
[2026-06-06 01:20:50,670 INFO  L327       MonitoredProcess]: [MP /usr/bin/z3 -smt2 -in SMTLIB2_COMPLIANT=true (33)] Waiting until timeout for monitored process
[2026-06-06 01:20:50,670 INFO  L134       CoverageAnalysis]: Checked inductivity of 21 backedges. 0 proven. 21 refuted. 0 times theorem prover too weak. 0 trivial. 0 not checked.
[2026-06-06 01:20:50,670 INFO  L136   FreeRefinementEngine]: Strategy CAMEL found an infeasible trace
[2026-06-06 01:20:50,670 INFO  L324   FreeRefinementEngine]: Using interpolant generator IpTcStrategyModuleSmtInterpolCraig [950263410]
[2026-06-06 01:20:50,670 INFO  L158   FreeRefinementEngine]: IpTcStrategyModuleSmtInterpolCraig [950263410] provided 0 perfect and 1 imperfect interpolant sequences
[2026-06-06 01:20:50,670 INFO  L324   FreeRefinementEngine]: Using interpolant generator IpTcStrategyModuleZ3 [735686880]
[2026-06-06 01:20:50,670 INFO  L95    rtionOrderModulation]: Changing assertion order to NOT_INCREMENTALLY
[2026-06-06 01:20:50,670 INFO  L173          SolverBuilder]: Constructing external solver with command: z3 -smt2 -in SMTLIB2_COMPLIANT=true
[2026-06-06 01:20:50,673 INFO  L189       MonitoredProcess]: No working directory specified, using /usr/bin/z3
[2026-06-06 01:20:50,673 INFO  L134       CoverageAnalysis]: Checked inductivity of 91 backedges. 13 proven. 78 refuted. 0 times theorem prover too weak. 0 trivial. 0 not checked.
[2026-06-06 01:20:50,673 INFO  L312         TraceCheckSpWp]: Computing backward predicates...
[2026-06-06 01:20:50,675 INFO  L229       MonitoredProcess]: Starting monitored process 34 with /usr/bin/z3 -smt2 -in SMTLIB2_COMPLIANT=true (exit command is (exit), workingDir is null)
[2026-06-06 01:20:50,675 INFO  L144             Difference]: Subtrahend was deterministic. Have not used determinization.
[2026-06-06 01:20:50,677 INFO  L93              Difference]: Finished difference Result 10 states and 10 transitions.
[2026-06-06 01:20:50,677 INFO  L140   InterpolantAutomaton]: Switched to read-only mode: deterministic interpolant automaton has 8 states. 
[2026-06-06 01:20:50,677 INFO  L225             Difference]: With dead ends: 10
[2026-06-06 01:20:50,677 INFO  L226             Difference]: Without dead ends: 10
[2026-06-06 01:20:50,677 INFO  L487   CegarNwaWorkerThread]: 0 DeclaredPredicates, 21 GetRequests, 8 SyntacticMatches, 0 SemanticMatches, 13 ConstructedPredicates, 0 IntricatePredicates, 0 DeprecatedPredicates, 27 ImplicationChecksByTransitivity, 0.1s TimeCoverageRelationStatistics Valid=55, Invalid=155, Unknown=0, NotChecked=0, Total=210
[2026-06-06 01:20:50,678 INFO  L327       MonitoredProcess]: [MP /usr/bin/z3 -smt2 -in SMTLIB2_COMPLIANT=true (34)] Waiting until timeout for monitored process
[2026-06-06 01:20:50,678 INFO  L488   CegarNwaWorkerThread]: 3 mSDtfsCounter, 0 mSDsluCounter, 11 mSDsCounter, 0 mSdLazyCounter, 65 mSolverCounterSat, 0 mSolverCounterUnsat, 0 mSolverCounterUnknown, 0 mSolverCounterNotChecked, 0.0s Time, 0 mProtectedPredicate, 0 mProtectedAction, 0 SdHoareTripleChecker+Valid, 14 SdHoareTripleChecker+Invalid, 65 SdHoareTripleChecker+Unknown, 0 SdHoareTripleChecker+Unchecked, 0.0s SdHoareTripleChecker+Time, 0 IncrementalHoareTripleChecker+Valid, 65 IncrementalHoareTripleChecker+Invalid, 0 IncrementalHoareTripleChecker+Unknown, 0 IncrementalHoareTripleChecker+Unchecked, 0.0s IncrementalHoareTripleChecker+Time
[2026-06-06 01:20:50,678 INFO  L489   CegarNwaWorkerThread]: SdHoareTripleChecker [0 Valid, 14 Invalid, 65 Unknown, 0 Unchecked, 0.0s Time], IncrementalHoareTripleChecker [0 Valid, 65 Invalid, 0 Unknown, 0 Unchecked, 0.0s Time]
[2026-06-06 01:20:50,678 INFO  L224   CegarNwaWorkerThread]: Done with Thread: 113#
[2026-06-06 01:20:50,678 INFO  L196   CegarNwaWorkerThread]: WorkerThread: Thread[#113,Worker for 317188140,5,main] is Waiting for a Task
[2026-06-06 01:20:50,678 INFO  L504   ParallelNwaCegarLoop]: Waking up, a worker is done.
[2026-06-06 01:20:50,679 INFO  L276   ParallelNwaCegarLoop]: Main: A Thread is Done
[2026-06-06 01:20:50,679 INFO  L294   ParallelNwaCegarLoop]: Worker Automaton Type: FLOYD_HOARE
[2026-06-06 01:20:50,679 INFO  L79                 Accepts]: Start accepts. Automaton has 10 states and 10 transitions. Word has length 8
[2026-06-06 01:20:50,679 INFO  L85                 Accepts]: Finished accepts. word is rejected.
[2026-06-06 01:20:50,679 INFO  L616   ParallelNwaCegarLoop]: Recorded stale counterexample prefix coverage.
[2026-06-06 01:20:50,679 INFO  L296   ParallelNwaCegarLoop]: Refining Abstraction
[2026-06-06 01:20:50,679 INFO  L567   ParallelNwaCegarLoop]: Subtrahend traceHash: 317188140
[2026-06-06 01:20:50,679 INFO  L534   ParallelNwaCegarLoop]: Difference in Main
[2026-06-06 01:20:50,679 INFO  L87              Difference]: Start difference. First operand 10 states and 10 transitions. Second operand  has 8 states, 7 states have (on average 2.4285714285714284) internal successors, (17), 8 states have internal predecessors, (17), 0 states have call successors, (0), 0 states have call predecessors, (0), 0 states have return successors, (0), 0 states have call predecessors, (0), 0 states have call successors, (0)
[2026-06-06 01:20:50,679 INFO  L144             Difference]: Subtrahend was deterministic. Have not used determinization.
[2026-06-06 01:20:50,679 INFO  L93              Difference]: Finished difference Result 10 states and 10 transitions.
[2026-06-06 01:20:50,679 INFO  L225             Difference]: With dead ends: 10
[2026-06-06 01:20:50,679 INFO  L226             Difference]: Without dead ends: 10
[2026-06-06 01:20:50,679 INFO  L82        GeneralOperation]: Start minimizeSevpa. Operand 10 states.
[2026-06-06 01:20:50,679 INFO  L88        GeneralOperation]: Finished minimizeSevpa. Reduced states from 10 to 10.
[2026-06-06 01:20:50,679 INFO  L82        GeneralOperation]: Start removeUnreachable. Operand  has 10 states, 9 states have (on average 1.1111111111111112) internal successors, (10), 9 states have internal predecessors, (10), 0 states have call successors, (0), 0 states have call predecessors, (0), 0 states have return successors, (0), 0 states have call predecessors, (0), 0 states have call successors, (0)
[2026-06-06 01:20:50,680 INFO  L88        GeneralOperation]: Finished removeUnreachable. Reduced from 10 states to 10 states and 10 transitions.
[2026-06-06 01:20:50,680 INFO  L545   ParallelNwaCegarLoop]: Main: Refinement done.
[2026-06-06 01:20:50,680 INFO  L464   ParallelNwaCegarLoop]: Checking if program is safe
[2026-06-06 01:20:50,680 INFO  L290                IsEmpty]: Start isEmpty. Operand 10 states and 10 transitions.
[2026-06-06 01:20:50,680 INFO  L300                IsEmpty]: Finished isEmpty. Found accepting run of length 10
[2026-06-06 01:20:50,680 INFO  L199           NwaCegarLoop]: Found error trace
[2026-06-06 01:20:50,680 INFO  L207           NwaCegarLoop]: trace histogram [6, 1, 1, 1]
[2026-06-06 01:20:50,680 INFO  L319   ParallelNwaCegarLoop]: No more worker results to process
[2026-06-06 01:20:50,680 INFO  L290                IsEmpty]: Start isEmptyParallel. Operand 10 states and 10 transitions.
[2026-06-06 01:20:50,680 INFO  L300                IsEmpty]: Finished isEmptyParallel. No accepting run.
[2026-06-06 01:20:50,680 INFO  L156        IsEmptyParallel]: Start isEmptyParallel. Operand 10 states and 10 transitions.
[2026-06-06 01:20:50,680 INFO  L182       IsEmptyHeuristic]: Start isEmptyHeuristic. Operand 10 states and 10 transitions.
[2026-06-06 01:20:50,680 INFO  L188       IsEmptyHeuristic]: Finished isEmptyHeuristic. Found accepting run of length 26
[2026-06-06 01:20:50,680 INFO  L163        IsEmptyParallel]: Finished isEmptyParallel. Found accepting run of length 26
[2026-06-06 01:20:50,680 WARN  L753                IsEmpty]: Correctness of emptinessCheck not tested.
[2026-06-06 01:20:50,680 INFO  L79                 Accepts]: Start accepts. Automaton has 10 states and 10 transitions. Word has length 25
[2026-06-06 01:20:50,680 INFO  L85                 Accepts]: Finished accepts. word is accepted.
[2026-06-06 01:20:50,680 INFO  L757                IsEmpty]: Finished testing correctness of emptinessCheck
[2026-06-06 01:20:50,680 INFO  L290                IsEmpty]: Start isEmptyParallel. Operand 10 states and 10 transitions.
[2026-06-06 01:20:50,680 INFO  L300                IsEmpty]: Finished isEmptyParallel. No accepting run.
[2026-06-06 01:20:50,680 INFO  L156        IsEmptyParallel]: Start isEmptyParallel. Operand 10 states and 10 transitions.
[2026-06-06 01:20:50,680 INFO  L182       IsEmptyHeuristic]: Start isEmptyHeuristic. Operand 10 states and 10 transitions.
[2026-06-06 01:20:50,681 INFO  L188       IsEmptyHeuristic]: Finished isEmptyHeuristic. Found accepting run of length 25
[2026-06-06 01:20:50,681 INFO  L163        IsEmptyParallel]: Finished isEmptyParallel. Found accepting run of length 25
[2026-06-06 01:20:50,681 WARN  L753                IsEmpty]: Correctness of emptinessCheck not tested.
[2026-06-06 01:20:50,681 INFO  L79                 Accepts]: Start accepts. Automaton has 10 states and 10 transitions. Word has length 24
[2026-06-06 01:20:50,681 INFO  L85                 Accepts]: Finished accepts. word is accepted.
[2026-06-06 01:20:50,681 INFO  L757                IsEmpty]: Finished testing correctness of emptinessCheck
[2026-06-06 01:20:50,681 INFO  L290                IsEmpty]: Start isEmptyParallel. Operand 10 states and 10 transitions.
[2026-06-06 01:20:50,681 INFO  L300                IsEmpty]: Finished isEmptyParallel. No accepting run.
[2026-06-06 01:20:50,681 INFO  L156        IsEmptyParallel]: Start isEmptyParallel. Operand 10 states and 10 transitions.
[2026-06-06 01:20:50,681 INFO  L182       IsEmptyHeuristic]: Start isEmptyHeuristic. Operand 10 states and 10 transitions.
[2026-06-06 01:20:50,681 INFO  L188       IsEmptyHeuristic]: Finished isEmptyHeuristic. Found accepting run of length 28
[2026-06-06 01:20:50,681 INFO  L163        IsEmptyParallel]: Finished isEmptyParallel. Found accepting run of length 28
[2026-06-06 01:20:50,681 WARN  L753                IsEmpty]: Correctness of emptinessCheck not tested.
[2026-06-06 01:20:50,681 INFO  L79                 Accepts]: Start accepts. Automaton has 10 states and 10 transitions. Word has length 27
[2026-06-06 01:20:50,681 INFO  L85                 Accepts]: Finished accepts. word is accepted.
[2026-06-06 01:20:50,681 INFO  L757                IsEmpty]: Finished testing correctness of emptinessCheck
[2026-06-06 01:20:50,681 INFO  L290                IsEmpty]: Start isEmptyParallel. Operand 10 states and 10 transitions.
[2026-06-06 01:20:50,681 INFO  L300                IsEmpty]: Finished isEmptyParallel. No accepting run.
[2026-06-06 01:20:50,681 INFO  L156        IsEmptyParallel]: Start isEmptyParallel. Operand 10 states and 10 transitions.
[2026-06-06 01:20:50,681 INFO  L182       IsEmptyHeuristic]: Start isEmptyHeuristic. Operand 10 states and 10 transitions.
[2026-06-06 01:20:50,682 INFO  L188       IsEmptyHeuristic]: Finished isEmptyHeuristic. Found accepting run of length 27
[2026-06-06 01:20:50,682 INFO  L163        IsEmptyParallel]: Finished isEmptyParallel. Found accepting run of length 27
[2026-06-06 01:20:50,682 WARN  L753                IsEmpty]: Correctness of emptinessCheck not tested.
[2026-06-06 01:20:50,682 INFO  L79                 Accepts]: Start accepts. Automaton has 10 states and 10 transitions. Word has length 26
[2026-06-06 01:20:50,682 INFO  L85                 Accepts]: Finished accepts. word is accepted.
[2026-06-06 01:20:50,682 INFO  L757                IsEmpty]: Finished testing correctness of emptinessCheck
[2026-06-06 01:20:50,682 INFO  L86        PathProgramCache]: Analyzing trace with hash -947519700, now seen corresponding path program 21 times
[2026-06-06 01:20:50,682 INFO  L484   ParallelNwaCegarLoop]: Main: Starting Thread
[2026-06-06 01:20:50,682 INFO  L266   ParallelNwaCegarLoop]: === Iteration 8 ===
[2026-06-06 01:20:50,682 INFO  L501   ParallelNwaCegarLoop]: All threads busy, going to sleep.
[2026-06-06 01:20:50,682 INFO  L209   CegarNwaWorkerThread]: Starting Thread: 113# for Trace Check: -947519700
[2026-06-06 01:20:50,682 INFO  L156       PredicateUnifier]: Initialized classic predicate unifier
[2026-06-06 01:20:50,682 INFO  L86        PathProgramCache]: Analyzing trace with hash -947519700, now seen corresponding path program 21 times
[2026-06-06 01:20:50,682 INFO  L118   FreeRefinementEngine]: Executing refinement strategy CAMEL
[2026-06-06 01:20:50,682 INFO  L324   FreeRefinementEngine]: Using trace check IpTcStrategyModuleSmtInterpolCraig [1506474036]
[2026-06-06 01:20:50,682 INFO  L95    rtionOrderModulation]: Changing assertion order to OUTSIDE_LOOP_FIRST2
[2026-06-06 01:20:50,682 INFO  L127          SolverBuilder]: Constructing new instance of SMTInterpol with explicit timeout -1 ms and remaining time -1 ms
[2026-06-06 01:20:50,685 INFO  L108    AnnotateAndAsserter]: Assert order OUTSIDE_LOOP_FIRST2 partitioned 24 statements into 12 equivalence classes.
[2026-06-06 01:20:50,686 INFO  L108    AnnotateAndAsserter]: Assert order INSIDE_LOOP_FIRST1 partitioned 20 statements into 10 equivalence classes.
[2026-06-06 01:20:50,692 INFO  L111    AnnotateAndAsserter]: Assert order OUTSIDE_LOOP_FIRST2 issued 8 check-sat command(s) and asserted 17 of 24 statements.
[2026-06-06 01:20:50,692 INFO  L114    AnnotateAndAsserter]: Assert order OUTSIDE_LOOP_FIRST2 issued 8 check-sat command(s)
[2026-06-06 01:20:50,692 INFO  L115    AnnotateAndAsserter]: Conjunction of SSA is unsat
[2026-06-06 01:20:50,693 INFO  L108    AnnotateAndAsserter]: Assert order NOT_INCREMENTALLY partitioned 9 statements into 1 equivalence classes.
[2026-06-06 01:20:50,698 INFO  L111    AnnotateAndAsserter]: Assert order NOT_INCREMENTALLY issued 1 check-sat command(s) and asserted 9 of 9 statements.
[2026-06-06 01:20:50,698 INFO  L134       CoverageAnalysis]: Checked inductivity of 28 backedges. 7 proven. 21 refuted. 0 times theorem prover too weak. 0 trivial. 0 not checked.
[2026-06-06 01:20:50,698 INFO  L114    AnnotateAndAsserter]: Assert order NOT_INCREMENTALLY issued 1 check-sat command(s)
[2026-06-06 01:20:50,698 INFO  L158   FreeRefinementEngine]: IpTcStrategyModuleZ3 [631441794] provided 0 perfect and 2 imperfect interpolant sequences
[2026-06-06 01:20:50,698 INFO  L115    AnnotateAndAsserter]: Conjunction of SSA is unsat
[2026-06-06 01:20:50,698 INFO  L185   FreeRefinementEngine]: Found 0 perfect and 3 imperfect interpolant sequences.
[2026-06-06 01:20:50,698 INFO  L198   FreeRefinementEngine]: Number of different interpolants: perfect sequences [] imperfect sequences [8, 8, 8] total 16
[2026-06-06 01:20:50,698 INFO  L122   tionRefinementEngine]: Using interpolant automaton builder IpAbStrategyModuleStraightlineAll [1240660692]
[2026-06-06 01:20:50,698 INFO  L85    oduleStraightlineAll]: Using 3 imperfect interpolants to construct interpolant automaton
[2026-06-06 01:20:50,698 INFO  L100   FreeRefinementEngine]: Using predicate unifier PredicateUnifier provided by strategy CAMEL
[2026-06-06 01:20:50,698 INFO  L256         TraceCheckSpWp]: Trace formula consists of 42 conjuncts, 18 conjuncts are in the unsatisfiable core
[2026-06-06 01:20:50,698 INFO  L144   InterpolantAutomaton]: Constructing interpolant automaton starting with 17 interpolants.
[2026-06-06 01:20:50,699 INFO  L146   InterpolantAutomaton]: CoverageRelationStatistics Valid=61, Invalid=211, Unknown=0, NotChecked=0, Total=272
[2026-06-06 01:20:50,699 INFO  L419   CegarNwaWorkerThread]: Difference in Worker for Generalization
[2026-06-06 01:20:50,699 INFO  L87              Difference]: Start difference. First operand  has 5 states, 3 states have (on average 1.6666666666666667) internal successors, (5), 4 states have internal predecessors, (5), 0 states have call successors, (0), 0 states have call predecessors, (0), 0 states have return successors, (0), 0 states have call predecessors, (0), 0 states have call successors, (0) Second operand  has 17 states, 17 states have (on average 1.1764705882352942) internal successors, (20), 16 states have internal predecessors, (20), 0 states have call successors, (0), 0 states have call predecessors, (0), 0 states have return successors, (0), 0 states have call predecessors, (0), 0 states have call successors, (0)
[2026-06-06 01:20:50,699 INFO  L111    AnnotateAndAsserter]: Assert order INSIDE_LOOP_FIRST1 issued 4 check-sat command(s) and asserted 7 of 20 statements.
[2026-06-06 01:20:50,699 INFO  L114    AnnotateAndAsserter]: Assert order INSIDE_LOOP_FIRST1 issued 4 check-sat command(s)
[2026-06-06 01:20:50,699 INFO  L115    AnnotateAndAsserter]: Conjunction of SSA is unsat
[2026-06-06 01:20:50,699 INFO  L279         TraceCheckSpWp]: Computing forward predicates...
[2026-06-06 01:20:50,700 INFO  L256         TraceCheckSpWp]: Trace formula consists of 37 conjuncts, 15 conjuncts are in the unsatisfiable core
[2026-06-06 01:20:50,700 INFO  L279         TraceCheckSpWp]: Computing forward predicates...
[2026-06-06 01:20:50,730 INFO  L134       CoverageAnalysis]: Checked inductivity of 36 backedges. 0 proven. 36 refuted. 0 times theorem prover too weak. 0 trivial. 0 not checked.
[2026-06-06 01:20:50,730 INFO  L312         TraceCheckSpWp]: Computing backward predicates...
[2026-06-06 01:20:50,740 INFO  L134       CoverageAnalysis]: Checked inductivity of 190 backedges. 91 proven. 21 refuted. 0 times theorem prover too weak. 78 trivial. 0 not checked.
[2026-06-06 01:20:50,741 INFO  L136   FreeRefinementEngine]: Strategy CAMEL found an infeasible trace
[2026-06-06 01:20:50,741 INFO  L324   FreeRefinementEngine]: Using interpolant generator IpTcStrategyModuleSmtInterpolCraig [1266729449]
[2026-06-06 01:20:50,741 INFO  L158   FreeRefinementEngine]: IpTcStrategyModuleSmtInterpolCraig [1266729449] provided 0 perfect and 1 imperfect interpolant sequences
[2026-06-06 01:20:50,741 INFO  L324   FreeRefinementEngine]: Using interpolant generator IpTcStrategyModuleZ3 [1728753228]
[2026-06-06 01:20:50,741 INFO  L95    rtionOrderModulation]: Changing assertion order to NOT_INCREMENTALLY
[2026-06-06 01:20:50,741 INFO  L173          SolverBuilder]: Constructing external solver with command: z3 -smt2 -in SMTLIB2_COMPLIANT=true
[2026-06-06 01:20:50,743 INFO  L189       MonitoredProcess]: No working directory specified, using /usr/bin/z3
[2026-06-06 01:20:50,744 INFO  L144             Difference]: Subtrahend was deterministic. Have not used determinization.
[2026-06-06 01:20:50,744 INFO  L93              Difference]: Finished difference Result 10 states and 9 transitions.
[2026-06-06 01:20:50,744 INFO  L140   InterpolantAutomaton]: Switched to read-only mode: deterministic interpolant automaton has 9 states. 
[2026-06-06 01:20:50,745 INFO  L225             Difference]: With dead ends: 10
[2026-06-06 01:20:50,745 INFO  L226             Difference]: Without dead ends: 10
[2026-06-06 01:20:50,745 INFO  L487   CegarNwaWorkerThread]: 0 DeclaredPredicates, 26 GetRequests, 11 SyntacticMatches, 0 SemanticMatches, 15 ConstructedPredicates, 0 IntricatePredicates, 0 DeprecatedPredicates, 14 ImplicationChecksByTransitivity, 0.1s TimeCoverageRelationStatistics Valid=61, Invalid=211, Unknown=0, NotChecked=0, Total=272
[2026-06-06 01:20:50,745 INFO  L488   CegarNwaWorkerThread]: 2 mSDtfsCounter, 0 mSDsluCounter, 10 mSDsCounter, 0 mSdLazyCounter, 73 mSolverCounterSat, 6 mSolverCounterUnsat, 0 mSolverCounterUnknown, 0 mSolverCounterNotChecked, 0.0s Time, 0 mProtectedPredicate, 0 mProtectedAction, 0 SdHoareTripleChecker+Valid, 12 SdHoareTripleChecker+Invalid, 79 SdHoareTripleChecker+Unknown, 0 SdHoareTripleChecker+Unchecked, 0.0s SdHoareTripleChecker+Time, 6 IncrementalHoareTripleChecker+Valid, 73 IncrementalHoareTripleChecker+Invalid, 0 IncrementalHoareTripleChecker+Unknown, 0 IncrementalHoareTripleChecker+Unchecked, 0.0s IncrementalHoareTripleChecker+Time
[2026-06-06 01:20:50,745 INFO  L229       MonitoredProcess]: Starting monitored process 35 with /usr/bin/z3 -smt2 -in SMTLIB2_COMPLIANT=true (exit command is (exit), workingDir is null)
[2026-06-06 01:20:50,745 INFO  L489   CegarNwaWorkerThread]: SdHoareTripleChecker [0 Valid, 12 Invalid, 79 Unknown, 0 Unchecked, 0.0s Time], IncrementalHoareTripleChecker [6 Valid, 73 Invalid, 0 Unknown, 0 Unchecked, 0.0s Time]
[2026-06-06 01:20:50,746 INFO  L224   CegarNwaWorkerThread]: Done with Thread: 125#
[2026-06-06 01:20:50,746 INFO  L196   CegarNwaWorkerThread]: WorkerThread: Thread[#125,Worker for -124817652,5,main] is Waiting for a Task
[2026-06-06 01:20:50,746 INFO  L504   ParallelNwaCegarLoop]: Waking up, a worker is done.
[2026-06-06 01:20:50,746 INFO  L276   ParallelNwaCegarLoop]: Main: A Thread is Done
[2026-06-06 01:20:50,746 INFO  L294   ParallelNwaCegarLoop]: Worker Automaton Type: FLOYD_HOARE
[2026-06-06 01:20:50,746 INFO  L79                 Accepts]: Start accepts. Automaton has 10 states and 10 transitions. Word has length 10
[2026-06-06 01:20:50,746 INFO  L327       MonitoredProcess]: [MP /usr/bin/z3 -smt2 -in SMTLIB2_COMPLIANT=true (35)] Waiting until timeout for monitored process
[2026-06-06 01:20:50,746 INFO  L85                 Accepts]: Finished accepts. word is accepted.
[2026-06-06 01:20:50,747 INFO  L296   ParallelNwaCegarLoop]: Refining Abstraction
[2026-06-06 01:20:50,747 INFO  L567   ParallelNwaCegarLoop]: Subtrahend traceHash: -124817652
[2026-06-06 01:20:50,747 INFO  L534   ParallelNwaCegarLoop]: Difference in Main
[2026-06-06 01:20:50,747 INFO  L87              Difference]: Start difference. First operand 10 states and 10 transitions. Second operand  has 9 states, 8 states have (on average 2.125) internal successors, (17), 9 states have internal predecessors, (17), 0 states have call successors, (0), 0 states have call predecessors, (0), 0 states have return successors, (0), 0 states have call predecessors, (0), 0 states have call successors, (0)
[2026-06-06 01:20:50,747 INFO  L134       CoverageAnalysis]: Checked inductivity of 210 backedges. 98 proven. 21 refuted. 0 times theorem prover too weak. 91 trivial. 0 not checked.
[2026-06-06 01:20:50,747 INFO  L144             Difference]: Subtrahend was deterministic. Have not used determinization.
[2026-06-06 01:20:50,747 INFO  L93              Difference]: Finished difference Result 10 states and 9 transitions.
[2026-06-06 01:20:50,747 INFO  L136   FreeRefinementEngine]: Strategy CAMEL found an infeasible trace
[2026-06-06 01:20:50,747 INFO  L324   FreeRefinementEngine]: Using interpolant generator IpTcStrategyModuleSmtInterpolCraig [127786386]
[2026-06-06 01:20:50,747 INFO  L225             Difference]: With dead ends: 10
[2026-06-06 01:20:50,747 INFO  L226             Difference]: Without dead ends: 10
[2026-06-06 01:20:50,747 INFO  L158   FreeRefinementEngine]: IpTcStrategyModuleSmtInterpolCraig [127786386] provided 0 perfect and 1 imperfect interpolant sequences
[2026-06-06 01:20:50,747 INFO  L324   FreeRefinementEngine]: Using interpolant generator IpTcStrategyModuleZ3 [132999899]
[2026-06-06 01:20:50,747 INFO  L82        GeneralOperation]: Start minimizeSevpa. Operand 10 states.
[2026-06-06 01:20:50,747 INFO  L95    rtionOrderModulation]: Changing assertion order to OUTSIDE_LOOP_FIRST1
[2026-06-06 01:20:50,747 INFO  L173          SolverBuilder]: Constructing external solver with command: z3 -smt2 -in SMTLIB2_COMPLIANT=true
[2026-06-06 01:20:50,747 INFO  L88        GeneralOperation]: Finished minimizeSevpa. Reduced states from 10 to 10.
[2026-06-06 01:20:50,748 INFO  L82        GeneralOperation]: Start removeUnreachable. Operand  has 10 states, 9 states have (on average 1.0) internal successors, (9), 9 states have internal predecessors, (9), 0 states have call successors, (0), 0 states have call predecessors, (0), 0 states have return successors, (0), 0 states have call predecessors, (0), 0 states have call successors, (0)
[2026-06-06 01:20:50,748 INFO  L88        GeneralOperation]: Finished removeUnreachable. Reduced from 10 states to 10 states and 9 transitions.
[2026-06-06 01:20:50,748 INFO  L545   ParallelNwaCegarLoop]: Main: Refinement done.
[2026-06-06 01:20:50,748 INFO  L464   ParallelNwaCegarLoop]: Checking if program is safe
[2026-06-06 01:20:50,748 INFO  L290                IsEmpty]: Start isEmpty. Operand 10 states and 9 transitions.
[2026-06-06 01:20:50,748 INFO  L300                IsEmpty]: Finished isEmpty. Found accepting run of length 10
[2026-06-06 01:20:50,748 INFO  L199           NwaCegarLoop]: Found error trace
[2026-06-06 01:20:50,748 INFO  L207           NwaCegarLoop]: trace histogram [6, 1, 1, 1]
[2026-06-06 01:20:50,748 INFO  L319   ParallelNwaCegarLoop]: No more worker results to process
[2026-06-06 01:20:50,748 INFO  L134       CoverageAnalysis]: Checked inductivity of 66 backedges. 32 proven. 28 refuted. 0 times theorem prover too weak. 6 trivial. 0 not checked.
[2026-06-06 01:20:50,748 INFO  L290                IsEmpty]: Start isEmptyParallel. Operand 10 states and 9 transitions.
[2026-06-06 01:20:50,748 INFO  L300                IsEmpty]: Finished isEmptyParallel. No accepting run.
[2026-06-06 01:20:50,748 INFO  L158   FreeRefinementEngine]: IpTcStrategyModuleZ3 [1179536678] provided 0 perfect and 2 imperfect interpolant sequences
[2026-06-06 01:20:50,748 INFO  L156        IsEmptyParallel]: Start isEmptyParallel. Operand 10 states and 9 transitions.
[2026-06-06 01:20:50,748 INFO  L185   FreeRefinementEngine]: Found 0 perfect and 3 imperfect interpolant sequences.
[2026-06-06 01:20:50,748 INFO  L163        IsEmptyParallel]: Finished isEmptyParallel. No accepting run.
[2026-06-06 01:20:50,748 WARN  L749                IsEmpty]: Emptiness not double checked 
[2026-06-06 01:20:50,748 INFO  L198   FreeRefinementEngine]: Number of different interpolants: perfect sequences [] imperfect sequences [8, 9, 9] total 18
[2026-06-06 01:20:50,748 INFO  L655   ParallelNwaCegarLoop]: BATCH_LCPS did not find a fresh counterexample batch.
[2026-06-06 01:20:50,748 INFO  L266   ParallelNwaCegarLoop]: === Iteration 9 ===
[2026-06-06 01:20:50,748 INFO  L501   ParallelNwaCegarLoop]: All threads busy, going to sleep.
[2026-06-06 01:20:50,749 INFO  L122   tionRefinementEngine]: Using interpolant automaton builder IpAbStrategyModuleStraightlineAll [1754803998]
[2026-06-06 01:20:50,749 INFO  L85    oduleStraightlineAll]: Using 3 imperfect interpolants to construct interpolant automaton
[2026-06-06 01:20:50,749 INFO  L100   FreeRefinementEngine]: Using predicate unifier PredicateUnifier provided by strategy CAMEL
[2026-06-06 01:20:50,749 INFO  L144   InterpolantAutomaton]: Constructing interpolant automaton starting with 19 interpolants.
[2026-06-06 01:20:50,749 INFO  L146   InterpolantAutomaton]: CoverageRelationStatistics Valid=81, Invalid=261, Unknown=0, NotChecked=0, Total=342
[2026-06-06 01:20:50,749 INFO  L419   CegarNwaWorkerThread]: Difference in Worker for Generalization
[2026-06-06 01:20:50,749 INFO  L87              Difference]: Start difference. First operand  has 5 states, 3 states have (on average 1.6666666666666667) internal successors, (5), 4 states have internal predecessors, (5), 0 states have call successors, (0), 0 states have call predecessors, (0), 0 states have return successors, (0), 0 states have call predecessors, (0), 0 states have call successors, (0) Second operand  has 19 states, 19 states have (on average 1.2105263157894737) internal successors, (23), 18 states have internal predecessors, (23), 0 states have call successors, (0), 0 states have call predecessors, (0), 0 states have return successors, (0), 0 states have call predecessors, (0), 0 states have call successors, (0)
[2026-06-06 01:20:50,749 INFO  L134       CoverageAnalysis]: Checked inductivity of 136 backedges. 70 proven. 21 refuted. 0 times theorem prover too weak. 45 trivial. 0 not checked.
[2026-06-06 01:20:50,749 INFO  L158   FreeRefinementEngine]: IpTcStrategyModuleZ3 [1136537341] provided 0 perfect and 2 imperfect interpolant sequences
[2026-06-06 01:20:50,749 INFO  L185   FreeRefinementEngine]: Found 0 perfect and 3 imperfect interpolant sequences.
[2026-06-06 01:20:50,749 INFO  L198   FreeRefinementEngine]: Number of different interpolants: perfect sequences [] imperfect sequences [8, 8, 8] total 16
[2026-06-06 01:20:50,749 INFO  L122   tionRefinementEngine]: Using interpolant automaton builder IpAbStrategyModuleStraightlineAll [634882180]
[2026-06-06 01:20:50,749 INFO  L85    oduleStraightlineAll]: Using 3 imperfect interpolants to construct interpolant automaton
[2026-06-06 01:20:50,750 INFO  L189       MonitoredProcess]: No working directory specified, using /usr/bin/z3
[2026-06-06 01:20:50,750 INFO  L100   FreeRefinementEngine]: Using predicate unifier PredicateUnifier provided by strategy CAMEL
[2026-06-06 01:20:50,750 INFO  L144   InterpolantAutomaton]: Constructing interpolant automaton starting with 17 interpolants.
[2026-06-06 01:20:50,750 INFO  L146   InterpolantAutomaton]: CoverageRelationStatistics Valid=61, Invalid=211, Unknown=0, NotChecked=0, Total=272
[2026-06-06 01:20:50,750 INFO  L419   CegarNwaWorkerThread]: Difference in Worker for Generalization
[2026-06-06 01:20:50,750 INFO  L87              Difference]: Start difference. First operand  has 5 states, 3 states have (on average 1.6666666666666667) internal successors, (5), 4 states have internal predecessors, (5), 0 states have call successors, (0), 0 states have call predecessors, (0), 0 states have return successors, (0), 0 states have call predecessors, (0), 0 states have call successors, (0) Second operand  has 17 states, 17 states have (on average 1.2352941176470589) internal successors, (21), 16 states have internal predecessors, (21), 0 states have call successors, (0), 0 states have call predecessors, (0), 0 states have return successors, (0), 0 states have call predecessors, (0), 0 states have call successors, (0)
[2026-06-06 01:20:50,751 INFO  L229       MonitoredProcess]: Starting monitored process 36 with /usr/bin/z3 -smt2 -in SMTLIB2_COMPLIANT=true (exit command is (exit), workingDir is null)
[2026-06-06 01:20:50,752 INFO  L134       CoverageAnalysis]: Checked inductivity of 55 backedges. 18 proven. 36 refuted. 0 times theorem prover too weak. 1 trivial. 0 not checked.
[2026-06-06 01:20:50,752 INFO  L158   FreeRefinementEngine]: IpTcStrategyModuleZ3 [941523566] provided 0 perfect and 2 imperfect interpolant sequences
[2026-06-06 01:20:50,752 INFO  L185   FreeRefinementEngine]: Found 0 perfect and 3 imperfect interpolant sequences.
[2026-06-06 01:20:50,752 INFO  L198   FreeRefinementEngine]: Number of different interpolants: perfect sequences [] imperfect sequences [8, 10, 10] total 20
[2026-06-06 01:20:50,752 INFO  L122   tionRefinementEngine]: Using interpolant automaton builder IpAbStrategyModuleStraightlineAll [159176348]
[2026-06-06 01:20:50,752 INFO  L85    oduleStraightlineAll]: Using 3 imperfect interpolants to construct interpolant automaton
[2026-06-06 01:20:50,752 INFO  L327       MonitoredProcess]: [MP /usr/bin/z3 -smt2 -in SMTLIB2_COMPLIANT=true (36)] Waiting until timeout for monitored process
[2026-06-06 01:20:50,752 INFO  L100   FreeRefinementEngine]: Using predicate unifier PredicateUnifier provided by strategy CAMEL
[2026-06-06 01:20:50,752 INFO  L144   InterpolantAutomaton]: Constructing interpolant automaton starting with 21 interpolants.
[2026-06-06 01:20:50,752 INFO  L146   InterpolantAutomaton]: CoverageRelationStatistics Valid=103, Invalid=317, Unknown=0, NotChecked=0, Total=420
[2026-06-06 01:20:50,752 INFO  L419   CegarNwaWorkerThread]: Difference in Worker for Generalization
[2026-06-06 01:20:50,753 INFO  L87              Difference]: Start difference. First operand  has 5 states, 3 states have (on average 1.6666666666666667) internal successors, (5), 4 states have internal predecessors, (5), 0 states have call successors, (0), 0 states have call predecessors, (0), 0 states have return successors, (0), 0 states have call predecessors, (0), 0 states have call successors, (0) Second operand  has 21 states, 21 states have (on average 1.1904761904761905) internal successors, (25), 20 states have internal predecessors, (25), 0 states have call successors, (0), 0 states have call predecessors, (0), 0 states have return successors, (0), 0 states have call predecessors, (0), 0 states have call successors, (0)
[2026-06-06 01:20:50,754 INFO  L134       CoverageAnalysis]: Checked inductivity of 231 backedges. 105 proven. 21 refuted. 0 times theorem prover too weak. 105 trivial. 0 not checked.
[2026-06-06 01:20:50,755 INFO  L136   FreeRefinementEngine]: Strategy CAMEL found an infeasible trace
[2026-06-06 01:20:50,755 INFO  L134       CoverageAnalysis]: Checked inductivity of 171 backedges. 126 proven. 15 refuted. 0 times theorem prover too weak. 30 trivial. 0 not checked.
[2026-06-06 01:20:50,755 INFO  L136   FreeRefinementEngine]: Strategy CAMEL found an infeasible trace
[2026-06-06 01:20:50,755 INFO  L324   FreeRefinementEngine]: Using interpolant generator IpTcStrategyModuleSmtInterpolCraig [1367339331]
[2026-06-06 01:20:50,755 INFO  L324   FreeRefinementEngine]: Using interpolant generator IpTcStrategyModuleSmtInterpolCraig [1506474036]
[2026-06-06 01:20:50,755 INFO  L158   FreeRefinementEngine]: IpTcStrategyModuleSmtInterpolCraig [1506474036] provided 0 perfect and 1 imperfect interpolant sequences
[2026-06-06 01:20:50,755 INFO  L324   FreeRefinementEngine]: Using interpolant generator IpTcStrategyModuleZ3 [1845460276]
[2026-06-06 01:20:50,755 INFO  L95    rtionOrderModulation]: Changing assertion order to OUTSIDE_LOOP_FIRST2
[2026-06-06 01:20:50,755 INFO  L173          SolverBuilder]: Constructing external solver with command: z3 -smt2 -in SMTLIB2_COMPLIANT=true
[2026-06-06 01:20:50,755 INFO  L158   FreeRefinementEngine]: IpTcStrategyModuleSmtInterpolCraig [1367339331] provided 0 perfect and 1 imperfect interpolant sequences
[2026-06-06 01:20:50,755 INFO  L324   FreeRefinementEngine]: Using interpolant generator IpTcStrategyModuleZ3 [1162746546]
[2026-06-06 01:20:50,755 INFO  L95    rtionOrderModulation]: Changing assertion order to MIX_INSIDE_OUTSIDE
[2026-06-06 01:20:50,755 INFO  L173          SolverBuilder]: Constructing external solver with command: z3 -smt2 -in SMTLIB2_COMPLIANT=true
[2026-06-06 01:20:50,759 INFO  L189       MonitoredProcess]: No working directory specified, using /usr/bin/z3
[2026-06-06 01:20:50,760 INFO  L189       MonitoredProcess]: No working directory specified, using /usr/bin/z3
[2026-06-06 01:20:50,761 INFO  L229       MonitoredProcess]: Starting monitored process 37 with /usr/bin/z3 -smt2 -in SMTLIB2_COMPLIANT=true (exit command is (exit), workingDir is null)
[2026-06-06 01:20:50,762 INFO  L229       MonitoredProcess]: Starting monitored process 38 with /usr/bin/z3 -smt2 -in SMTLIB2_COMPLIANT=true (exit command is (exit), workingDir is null)
[2026-06-06 01:20:50,762 INFO  L327       MonitoredProcess]: [MP /usr/bin/z3 -smt2 -in SMTLIB2_COMPLIANT=true (37)] Waiting until timeout for monitored process
[2026-06-06 01:20:50,763 INFO  L327       MonitoredProcess]: [MP /usr/bin/z3 -smt2 -in SMTLIB2_COMPLIANT=true (38)] Waiting until timeout for monitored process
[2026-06-06 01:20:50,764 INFO  L134       CoverageAnalysis]: Checked inductivity of 120 backedges. 63 proven. 21 refuted. 0 times theorem prover too weak. 36 trivial. 0 not checked.
[2026-06-06 01:20:50,764 INFO  L158   FreeRefinementEngine]: IpTcStrategyModuleZ3 [760579991] provided 0 perfect and 2 imperfect interpolant sequences
[2026-06-06 01:20:50,764 INFO  L185   FreeRefinementEngine]: Found 0 perfect and 3 imperfect interpolant sequences.
[2026-06-06 01:20:50,764 INFO  L198   FreeRefinementEngine]: Number of different interpolants: perfect sequences [] imperfect sequences [8, 8, 8] total 16
[2026-06-06 01:20:50,764 INFO  L122   tionRefinementEngine]: Using interpolant automaton builder IpAbStrategyModuleStraightlineAll [150464334]
[2026-06-06 01:20:50,764 INFO  L108    AnnotateAndAsserter]: Assert order NOT_INCREMENTALLY partitioned 22 statements into 1 equivalence classes.
[2026-06-06 01:20:50,764 INFO  L85    oduleStraightlineAll]: Using 3 imperfect interpolants to construct interpolant automaton
[2026-06-06 01:20:50,764 INFO  L100   FreeRefinementEngine]: Using predicate unifier PredicateUnifier provided by strategy CAMEL
[2026-06-06 01:20:50,764 INFO  L144   InterpolantAutomaton]: Constructing interpolant automaton starting with 17 interpolants.
[2026-06-06 01:20:50,765 INFO  L146   InterpolantAutomaton]: CoverageRelationStatistics Valid=61, Invalid=211, Unknown=0, NotChecked=0, Total=272
[2026-06-06 01:20:50,765 INFO  L419   CegarNwaWorkerThread]: Difference in Worker for Generalization
[2026-06-06 01:20:50,765 INFO  L87              Difference]: Start difference. First operand  has 5 states, 3 states have (on average 1.6666666666666667) internal successors, (5), 4 states have internal predecessors, (5), 0 states have call successors, (0), 0 states have call predecessors, (0), 0 states have return successors, (0), 0 states have call predecessors, (0), 0 states have call successors, (0) Second operand  has 17 states, 17 states have (on average 1.2352941176470589) internal successors, (21), 16 states have internal predecessors, (21), 0 states have call successors, (0), 0 states have call predecessors, (0), 0 states have return successors, (0), 0 states have call predecessors, (0), 0 states have call successors, (0)
[2026-06-06 01:20:50,768 INFO  L108    AnnotateAndAsserter]: Assert order OUTSIDE_LOOP_FIRST1 partitioned 23 statements into 2 equivalence classes.
[2026-06-06 01:20:50,778 INFO  L111    AnnotateAndAsserter]: Assert order NOT_INCREMENTALLY issued 1 check-sat command(s) and asserted 22 of 22 statements.
[2026-06-06 01:20:50,778 INFO  L114    AnnotateAndAsserter]: Assert order NOT_INCREMENTALLY issued 1 check-sat command(s)
[2026-06-06 01:20:50,778 INFO  L115    AnnotateAndAsserter]: Conjunction of SSA is unsat
[2026-06-06 01:20:50,779 INFO  L256         TraceCheckSpWp]: Trace formula consists of 107 conjuncts, 25 conjuncts are in the unsatisfiable core
[2026-06-06 01:20:50,779 INFO  L134       CoverageAnalysis]: Checked inductivity of 21 backedges. 0 proven. 21 refuted. 0 times theorem prover too weak. 0 trivial. 0 not checked.
[2026-06-06 01:20:50,779 INFO  L108    AnnotateAndAsserter]: Assert order OUTSIDE_LOOP_FIRST2 partitioned 24 statements into 12 equivalence classes.
[2026-06-06 01:20:50,779 INFO  L312         TraceCheckSpWp]: Computing backward predicates...
[2026-06-06 01:20:50,779 INFO  L279         TraceCheckSpWp]: Computing forward predicates...
[2026-06-06 01:20:50,782 INFO  L108    AnnotateAndAsserter]: Assert order MIX_INSIDE_OUTSIDE partitioned 21 statements into 10 equivalence classes.
[2026-06-06 01:20:50,783 INFO  L111    AnnotateAndAsserter]: Assert order OUTSIDE_LOOP_FIRST1 issued 2 check-sat command(s) and asserted 23 of 23 statements.
[2026-06-06 01:20:50,783 INFO  L114    AnnotateAndAsserter]: Assert order OUTSIDE_LOOP_FIRST1 issued 2 check-sat command(s)
[2026-06-06 01:20:50,783 INFO  L115    AnnotateAndAsserter]: Conjunction of SSA is unsat
[2026-06-06 01:20:50,784 INFO  L256         TraceCheckSpWp]: Trace formula consists of 112 conjuncts, 46 conjuncts are in the unsatisfiable core
[2026-06-06 01:20:50,786 INFO  L279         TraceCheckSpWp]: Computing forward predicates...
[2026-06-06 01:20:50,789 INFO  L134       CoverageAnalysis]: Checked inductivity of 45 backedges. 16 proven. 28 refuted. 0 times theorem prover too weak. 1 trivial. 0 not checked.
[2026-06-06 01:20:50,789 INFO  L158   FreeRefinementEngine]: IpTcStrategyModuleZ3 [2131830355] provided 0 perfect and 2 imperfect interpolant sequences
[2026-06-06 01:20:50,789 INFO  L185   FreeRefinementEngine]: Found 0 perfect and 3 imperfect interpolant sequences.
[2026-06-06 01:20:50,789 INFO  L198   FreeRefinementEngine]: Number of different interpolants: perfect sequences [] imperfect sequences [10, 9, 9] total 18
[2026-06-06 01:20:50,789 INFO  L122   tionRefinementEngine]: Using interpolant automaton builder IpAbStrategyModuleStraightlineAll [498102595]
[2026-06-06 01:20:50,789 INFO  L85    oduleStraightlineAll]: Using 3 imperfect interpolants to construct interpolant automaton
[2026-06-06 01:20:50,790 INFO  L100   FreeRefinementEngine]: Using predicate unifier PredicateUnifier provided by strategy CAMEL
[2026-06-06 01:20:50,790 INFO  L144   InterpolantAutomaton]: Constructing interpolant automaton starting with 19 interpolants.
[2026-06-06 01:20:50,790 INFO  L146   InterpolantAutomaton]: CoverageRelationStatistics Valid=79, Invalid=263, Unknown=0, NotChecked=0, Total=342
[2026-06-06 01:20:50,790 INFO  L419   CegarNwaWorkerThread]: Difference in Worker for Generalization
[2026-06-06 01:20:50,790 INFO  L87              Difference]: Start difference. First operand  has 5 states, 3 states have (on average 1.6666666666666667) internal successors, (5), 4 states have internal predecessors, (5), 0 states have call successors, (0), 0 states have call predecessors, (0), 0 states have return successors, (0), 0 states have call predecessors, (0), 0 states have call successors, (0) Second operand  has 19 states, 19 states have (on average 1.2105263157894737) internal successors, (23), 18 states have internal predecessors, (23), 0 states have call successors, (0), 0 states have call predecessors, (0), 0 states have return successors, (0), 0 states have call predecessors, (0), 0 states have call successors, (0)
[2026-06-06 01:20:50,793 INFO  L144             Difference]: Subtrahend was deterministic. Have not used determinization.
[2026-06-06 01:20:50,793 INFO  L93              Difference]: Finished difference Result 10 states and 9 transitions.
[2026-06-06 01:20:50,793 INFO  L140   InterpolantAutomaton]: Switched to read-only mode: deterministic interpolant automaton has 9 states. 
[2026-06-06 01:20:50,793 INFO  L144             Difference]: Subtrahend was deterministic. Have not used determinization.
[2026-06-06 01:20:50,793 INFO  L225             Difference]: With dead ends: 10
[2026-06-06 01:20:50,793 INFO  L226             Difference]: Without dead ends: 10
[2026-06-06 01:20:50,793 INFO  L93              Difference]: Finished difference Result 10 states and 9 transitions.
[2026-06-06 01:20:50,793 INFO  L487   CegarNwaWorkerThread]: 0 DeclaredPredicates, 34 GetRequests, 17 SyntacticMatches, 0 SemanticMatches, 17 ConstructedPredicates, 0 IntricatePredicates, 0 DeprecatedPredicates, 25 ImplicationChecksByTransitivity, 0.2s TimeCoverageRelationStatistics Valid=81, Invalid=261, Unknown=0, NotChecked=0, Total=342
[2026-06-06 01:20:50,793 INFO  L140   InterpolantAutomaton]: Switched to read-only mode: deterministic interpolant automaton has 9 states. 
[2026-06-06 01:20:50,794 INFO  L488   CegarNwaWorkerThread]: 2 mSDtfsCounter, 0 mSDsluCounter, 10 mSDsCounter, 0 mSdLazyCounter, 70 mSolverCounterSat, 6 mSolverCounterUnsat, 0 mSolverCounterUnknown, 0 mSolverCounterNotChecked, 0.0s Time, 0 mProtectedPredicate, 0 mProtectedAction, 0 SdHoareTripleChecker+Valid, 12 SdHoareTripleChecker+Invalid, 76 SdHoareTripleChecker+Unknown, 0 SdHoareTripleChecker+Unchecked, 0.0s SdHoareTripleChecker+Time, 6 IncrementalHoareTripleChecker+Valid, 70 IncrementalHoareTripleChecker+Invalid, 0 IncrementalHoareTripleChecker+Unknown, 0 IncrementalHoareTripleChecker+Unchecked, 0.0s IncrementalHoareTripleChecker+Time
[2026-06-06 01:20:50,794 INFO  L225             Difference]: With dead ends: 10
[2026-06-06 01:20:50,794 INFO  L226             Difference]: Without dead ends: 10
[2026-06-06 01:20:50,794 INFO  L489   CegarNwaWorkerThread]: SdHoareTripleChecker [0 Valid, 12 Invalid, 76 Unknown, 0 Unchecked, 0.0s Time], IncrementalHoareTripleChecker [6 Valid, 70 Invalid, 0 Unknown, 0 Unchecked, 0.0s Time]
[2026-06-06 01:20:50,794 INFO  L487   CegarNwaWorkerThread]: 0 DeclaredPredicates, 32 GetRequests, 13 SyntacticMatches, 0 SemanticMatches, 19 ConstructedPredicates, 0 IntricatePredicates, 0 DeprecatedPredicates, 38 ImplicationChecksByTransitivity, 0.2s TimeCoverageRelationStatistics Valid=103, Invalid=317, Unknown=0, NotChecked=0, Total=420
[2026-06-06 01:20:50,794 INFO  L224   CegarNwaWorkerThread]: Done with Thread: 149#
[2026-06-06 01:20:50,794 INFO  L196   CegarNwaWorkerThread]: WorkerThread: Thread[#149,Worker for 960091340,5,main] is Waiting for a Task
[2026-06-06 01:20:50,794 INFO  L504   ParallelNwaCegarLoop]: Waking up, a worker is done.
[2026-06-06 01:20:50,794 INFO  L276   ParallelNwaCegarLoop]: Main: A Thread is Done
[2026-06-06 01:20:50,794 INFO  L488   CegarNwaWorkerThread]: 2 mSDtfsCounter, 0 mSDsluCounter, 9 mSDsCounter, 0 mSdLazyCounter, 71 mSolverCounterSat, 6 mSolverCounterUnsat, 0 mSolverCounterUnknown, 0 mSolverCounterNotChecked, 0.0s Time, 0 mProtectedPredicate, 0 mProtectedAction, 0 SdHoareTripleChecker+Valid, 11 SdHoareTripleChecker+Invalid, 77 SdHoareTripleChecker+Unknown, 0 SdHoareTripleChecker+Unchecked, 0.0s SdHoareTripleChecker+Time, 6 IncrementalHoareTripleChecker+Valid, 71 IncrementalHoareTripleChecker+Invalid, 0 IncrementalHoareTripleChecker+Unknown, 0 IncrementalHoareTripleChecker+Unchecked, 0.0s IncrementalHoareTripleChecker+Time
[2026-06-06 01:20:50,795 INFO  L294   ParallelNwaCegarLoop]: Worker Automaton Type: FLOYD_HOARE
[2026-06-06 01:20:50,795 INFO  L79                 Accepts]: Start accepts. Automaton has 10 states and 9 transitions. Word has length 14
[2026-06-06 01:20:50,795 INFO  L85                 Accepts]: Finished accepts. word is rejected.
[2026-06-06 01:20:50,795 INFO  L489   CegarNwaWorkerThread]: SdHoareTripleChecker [0 Valid, 11 Invalid, 77 Unknown, 0 Unchecked, 0.0s Time], IncrementalHoareTripleChecker [6 Valid, 71 Invalid, 0 Unknown, 0 Unchecked, 0.0s Time]
[2026-06-06 01:20:50,795 INFO  L616   ParallelNwaCegarLoop]: Recorded stale counterexample prefix coverage.
[2026-06-06 01:20:50,795 INFO  L296   ParallelNwaCegarLoop]: Refining Abstraction
[2026-06-06 01:20:50,795 INFO  L567   ParallelNwaCegarLoop]: Subtrahend traceHash: 960091340
[2026-06-06 01:20:50,795 INFO  L534   ParallelNwaCegarLoop]: Difference in Main
[2026-06-06 01:20:50,795 INFO  L87              Difference]: Start difference. First operand 10 states and 9 transitions. Second operand  has 9 states, 8 states have (on average 2.125) internal successors, (17), 9 states have internal predecessors, (17), 0 states have call successors, (0), 0 states have call predecessors, (0), 0 states have return successors, (0), 0 states have call predecessors, (0), 0 states have call successors, (0)
[2026-06-06 01:20:50,795 INFO  L224   CegarNwaWorkerThread]: Done with Thread: 143#
[2026-06-06 01:20:50,795 INFO  L196   CegarNwaWorkerThread]: WorkerThread: Thread[#143,Worker for 1000801955,5,main] is Waiting for a Task
[2026-06-06 01:20:50,795 INFO  L144             Difference]: Subtrahend was deterministic. Have not used determinization.
[2026-06-06 01:20:50,795 INFO  L93              Difference]: Finished difference Result 10 states and 9 transitions.
[2026-06-06 01:20:50,795 INFO  L225             Difference]: With dead ends: 10
[2026-06-06 01:20:50,795 INFO  L226             Difference]: Without dead ends: 10
[2026-06-06 01:20:50,795 INFO  L82        GeneralOperation]: Start minimizeSevpa. Operand 10 states.
[2026-06-06 01:20:50,796 INFO  L88        GeneralOperation]: Finished minimizeSevpa. Reduced states from 10 to 10.
[2026-06-06 01:20:50,796 INFO  L82        GeneralOperation]: Start removeUnreachable. Operand  has 10 states, 9 states have (on average 1.0) internal successors, (9), 9 states have internal predecessors, (9), 0 states have call successors, (0), 0 states have call predecessors, (0), 0 states have return successors, (0), 0 states have call predecessors, (0), 0 states have call successors, (0)
[2026-06-06 01:20:50,796 INFO  L88        GeneralOperation]: Finished removeUnreachable. Reduced from 10 states to 10 states and 9 transitions.
[2026-06-06 01:20:50,796 INFO  L545   ParallelNwaCegarLoop]: Main: Refinement done.
[2026-06-06 01:20:50,796 INFO  L464   ParallelNwaCegarLoop]: Checking if program is safe
[2026-06-06 01:20:50,796 INFO  L290                IsEmpty]: Start isEmpty. Operand 10 states and 9 transitions.
[2026-06-06 01:20:50,796 INFO  L300                IsEmpty]: Finished isEmpty. Found accepting run of length 10
[2026-06-06 01:20:50,796 INFO  L199           NwaCegarLoop]: Found error trace
[2026-06-06 01:20:50,796 INFO  L207           NwaCegarLoop]: trace histogram [6, 1, 1, 1]
[2026-06-06 01:20:50,796 INFO  L276   ParallelNwaCegarLoop]: Main: A Thread is Done
[2026-06-06 01:20:50,796 INFO  L294   ParallelNwaCegarLoop]: Worker Automaton Type: FLOYD_HOARE
[2026-06-06 01:20:50,796 INFO  L79                 Accepts]: Start accepts. Automaton has 10 states and 9 transitions. Word has length 13
[2026-06-06 01:20:50,796 INFO  L85                 Accepts]: Finished accepts. word is rejected.
[2026-06-06 01:20:50,796 INFO  L616   ParallelNwaCegarLoop]: Recorded stale counterexample prefix coverage.
[2026-06-06 01:20:50,796 INFO  L296   ParallelNwaCegarLoop]: Refining Abstraction
[2026-06-06 01:20:50,796 INFO  L567   ParallelNwaCegarLoop]: Subtrahend traceHash: 1000801955
[2026-06-06 01:20:50,796 INFO  L534   ParallelNwaCegarLoop]: Difference in Main
[2026-06-06 01:20:50,796 INFO  L87              Difference]: Start difference. First operand 10 states and 9 transitions. Second operand  has 9 states, 8 states have (on average 2.125) internal successors, (17), 9 states have internal predecessors, (17), 0 states have call successors, (0), 0 states have call predecessors, (0), 0 states have return successors, (0), 0 states have call predecessors, (0), 0 states have call successors, (0)
[2026-06-06 01:20:50,797 INFO  L144             Difference]: Subtrahend was deterministic. Have not used determinization.
[2026-06-06 01:20:50,797 INFO  L93              Difference]: Finished difference Result 10 states and 9 transitions.
[2026-06-06 01:20:50,797 INFO  L225             Difference]: With dead ends: 10
[2026-06-06 01:20:50,797 INFO  L226             Difference]: Without dead ends: 10
[2026-06-06 01:20:50,797 INFO  L82        GeneralOperation]: Start minimizeSevpa. Operand 10 states.
[2026-06-06 01:20:50,797 INFO  L144             Difference]: Subtrahend was deterministic. Have not used determinization.
[2026-06-06 01:20:50,797 INFO  L93              Difference]: Finished difference Result 10 states and 9 transitions.
[2026-06-06 01:20:50,797 INFO  L88        GeneralOperation]: Finished minimizeSevpa. Reduced states from 10 to 10.
[2026-06-06 01:20:50,797 INFO  L82        GeneralOperation]: Start removeUnreachable. Operand  has 10 states, 9 states have (on average 1.0) internal successors, (9), 9 states have internal predecessors, (9), 0 states have call successors, (0), 0 states have call predecessors, (0), 0 states have return successors, (0), 0 states have call predecessors, (0), 0 states have call successors, (0)
[2026-06-06 01:20:50,797 INFO  L140   InterpolantAutomaton]: Switched to read-only mode: deterministic interpolant automaton has 9 states. 
[2026-06-06 01:20:50,798 INFO  L88        GeneralOperation]: Finished removeUnreachable. Reduced from 10 states to 10 states and 9 transitions.
[2026-06-06 01:20:50,798 INFO  L225             Difference]: With dead ends: 10
[2026-06-06 01:20:50,798 INFO  L545   ParallelNwaCegarLoop]: Main: Refinement done.
[2026-06-06 01:20:50,798 INFO  L464   ParallelNwaCegarLoop]: Checking if program is safe
[2026-06-06 01:20:50,798 INFO  L226             Difference]: Without dead ends: 10
[2026-06-06 01:20:50,798 INFO  L290                IsEmpty]: Start isEmpty. Operand 10 states and 9 transitions.
[2026-06-06 01:20:50,798 INFO  L300                IsEmpty]: Finished isEmpty. Found accepting run of length 10
[2026-06-06 01:20:50,798 INFO  L199           NwaCegarLoop]: Found error trace
[2026-06-06 01:20:50,798 INFO  L487   CegarNwaWorkerThread]: 0 DeclaredPredicates, 44 GetRequests, 29 SyntacticMatches, 0 SemanticMatches, 15 ConstructedPredicates, 0 IntricatePredicates, 0 DeprecatedPredicates, 14 ImplicationChecksByTransitivity, 0.1s TimeCoverageRelationStatistics Valid=61, Invalid=211, Unknown=0, NotChecked=0, Total=272
[2026-06-06 01:20:50,798 INFO  L207           NwaCegarLoop]: trace histogram [6, 1, 1, 1]
[2026-06-06 01:20:50,798 INFO  L319   ParallelNwaCegarLoop]: No more worker results to process
[2026-06-06 01:20:50,798 INFO  L290                IsEmpty]: Start isEmptyParallel. Operand 10 states and 9 transitions.
[2026-06-06 01:20:50,798 INFO  L300                IsEmpty]: Finished isEmptyParallel. No accepting run.
[2026-06-06 01:20:50,798 INFO  L156        IsEmptyParallel]: Start isEmptyParallel. Operand 10 states and 9 transitions.
[2026-06-06 01:20:50,798 INFO  L163        IsEmptyParallel]: Finished isEmptyParallel. No accepting run.
[2026-06-06 01:20:50,798 WARN  L749                IsEmpty]: Emptiness not double checked 
[2026-06-06 01:20:50,798 INFO  L655   ParallelNwaCegarLoop]: BATCH_LCPS did not find a fresh counterexample batch.
[2026-06-06 01:20:50,798 INFO  L266   ParallelNwaCegarLoop]: === Iteration 10 ===
[2026-06-06 01:20:50,798 INFO  L501   ParallelNwaCegarLoop]: All threads busy, going to sleep.
[2026-06-06 01:20:50,798 INFO  L488   CegarNwaWorkerThread]: 2 mSDtfsCounter, 0 mSDsluCounter, 10 mSDsCounter, 0 mSdLazyCounter, 69 mSolverCounterSat, 6 mSolverCounterUnsat, 0 mSolverCounterUnknown, 0 mSolverCounterNotChecked, 0.0s Time, 0 mProtectedPredicate, 0 mProtectedAction, 0 SdHoareTripleChecker+Valid, 12 SdHoareTripleChecker+Invalid, 75 SdHoareTripleChecker+Unknown, 0 SdHoareTripleChecker+Unchecked, 0.0s SdHoareTripleChecker+Time, 6 IncrementalHoareTripleChecker+Valid, 69 IncrementalHoareTripleChecker+Invalid, 0 IncrementalHoareTripleChecker+Unknown, 0 IncrementalHoareTripleChecker+Unchecked, 0.0s IncrementalHoareTripleChecker+Time
[2026-06-06 01:20:50,798 INFO  L489   CegarNwaWorkerThread]: SdHoareTripleChecker [0 Valid, 12 Invalid, 75 Unknown, 0 Unchecked, 0.0s Time], IncrementalHoareTripleChecker [6 Valid, 69 Invalid, 0 Unknown, 0 Unchecked, 0.0s Time]
[2026-06-06 01:20:50,799 INFO  L224   CegarNwaWorkerThread]: Done with Thread: 80#
[2026-06-06 01:20:50,799 INFO  L196   CegarNwaWorkerThread]: WorkerThread: Thread[#80,Worker for 682622467,5,main] is Waiting for a Task
[2026-06-06 01:20:50,799 INFO  L504   ParallelNwaCegarLoop]: Waking up, a worker is done.
[2026-06-06 01:20:50,799 INFO  L276   ParallelNwaCegarLoop]: Main: A Thread is Done
[2026-06-06 01:20:50,799 INFO  L294   ParallelNwaCegarLoop]: Worker Automaton Type: FLOYD_HOARE
[2026-06-06 01:20:50,799 INFO  L79                 Accepts]: Start accepts. Automaton has 10 states and 9 transitions. Word has length 19
[2026-06-06 01:20:50,799 INFO  L85                 Accepts]: Finished accepts. word is rejected.
[2026-06-06 01:20:50,799 INFO  L616   ParallelNwaCegarLoop]: Recorded stale counterexample prefix coverage.
[2026-06-06 01:20:50,799 INFO  L296   ParallelNwaCegarLoop]: Refining Abstraction
[2026-06-06 01:20:50,799 INFO  L567   ParallelNwaCegarLoop]: Subtrahend traceHash: 682622467
[2026-06-06 01:20:50,799 INFO  L534   ParallelNwaCegarLoop]: Difference in Main
[2026-06-06 01:20:50,799 INFO  L87              Difference]: Start difference. First operand 10 states and 9 transitions. Second operand  has 9 states, 8 states have (on average 2.125) internal successors, (17), 9 states have internal predecessors, (17), 0 states have call successors, (0), 0 states have call predecessors, (0), 0 states have return successors, (0), 0 states have call predecessors, (0), 0 states have call successors, (0)
[2026-06-06 01:20:50,799 INFO  L144             Difference]: Subtrahend was deterministic. Have not used determinization.
[2026-06-06 01:20:50,799 INFO  L93              Difference]: Finished difference Result 10 states and 9 transitions.
[2026-06-06 01:20:50,799 INFO  L225             Difference]: With dead ends: 10
[2026-06-06 01:20:50,799 INFO  L226             Difference]: Without dead ends: 10
[2026-06-06 01:20:50,799 INFO  L82        GeneralOperation]: Start minimizeSevpa. Operand 10 states.
[2026-06-06 01:20:50,800 INFO  L88        GeneralOperation]: Finished minimizeSevpa. Reduced states from 10 to 10.
[2026-06-06 01:20:50,800 INFO  L82        GeneralOperation]: Start removeUnreachable. Operand  has 10 states, 9 states have (on average 1.0) internal successors, (9), 9 states have internal predecessors, (9), 0 states have call successors, (0), 0 states have call predecessors, (0), 0 states have return successors, (0), 0 states have call predecessors, (0), 0 states have call successors, (0)
[2026-06-06 01:20:50,800 INFO  L88        GeneralOperation]: Finished removeUnreachable. Reduced from 10 states to 10 states and 9 transitions.
[2026-06-06 01:20:50,800 INFO  L545   ParallelNwaCegarLoop]: Main: Refinement done.
[2026-06-06 01:20:50,800 INFO  L464   ParallelNwaCegarLoop]: Checking if program is safe
[2026-06-06 01:20:50,800 INFO  L290                IsEmpty]: Start isEmpty. Operand 10 states and 9 transitions.
[2026-06-06 01:20:50,800 INFO  L300                IsEmpty]: Finished isEmpty. Found accepting run of length 10
[2026-06-06 01:20:50,800 INFO  L199           NwaCegarLoop]: Found error trace
[2026-06-06 01:20:50,800 INFO  L207           NwaCegarLoop]: trace histogram [6, 1, 1, 1]
[2026-06-06 01:20:50,800 INFO  L319   ParallelNwaCegarLoop]: No more worker results to process
[2026-06-06 01:20:50,800 INFO  L290                IsEmpty]: Start isEmptyParallel. Operand 10 states and 9 transitions.
[2026-06-06 01:20:50,800 INFO  L300                IsEmpty]: Finished isEmptyParallel. No accepting run.
[2026-06-06 01:20:50,800 INFO  L156        IsEmptyParallel]: Start isEmptyParallel. Operand 10 states and 9 transitions.
[2026-06-06 01:20:50,800 INFO  L163        IsEmptyParallel]: Finished isEmptyParallel. No accepting run.
[2026-06-06 01:20:50,800 WARN  L749                IsEmpty]: Emptiness not double checked 
[2026-06-06 01:20:50,800 INFO  L655   ParallelNwaCegarLoop]: BATCH_LCPS did not find a fresh counterexample batch.
[2026-06-06 01:20:50,800 INFO  L266   ParallelNwaCegarLoop]: === Iteration 11 ===
[2026-06-06 01:20:50,800 INFO  L501   ParallelNwaCegarLoop]: All threads busy, going to sleep.
[2026-06-06 01:20:50,802 INFO  L144             Difference]: Subtrahend was deterministic. Have not used determinization.
[2026-06-06 01:20:50,802 INFO  L93              Difference]: Finished difference Result 10 states and 9 transitions.
[2026-06-06 01:20:50,802 INFO  L134       CoverageAnalysis]: Checked inductivity of 36 backedges. 0 proven. 24 refuted. 0 times theorem prover too weak. 12 trivial. 0 not checked.
[2026-06-06 01:20:50,802 INFO  L140   InterpolantAutomaton]: Switched to read-only mode: deterministic interpolant automaton has 9 states. 
[2026-06-06 01:20:50,802 INFO  L158   FreeRefinementEngine]: IpTcStrategyModuleZ3 [1964716760] provided 0 perfect and 2 imperfect interpolant sequences
[2026-06-06 01:20:50,803 INFO  L185   FreeRefinementEngine]: Found 0 perfect and 3 imperfect interpolant sequences.
[2026-06-06 01:20:50,803 INFO  L225             Difference]: With dead ends: 10
[2026-06-06 01:20:50,803 INFO  L226             Difference]: Without dead ends: 10
[2026-06-06 01:20:50,803 INFO  L198   FreeRefinementEngine]: Number of different interpolants: perfect sequences [] imperfect sequences [8, 10, 4] total 19
[2026-06-06 01:20:50,803 INFO  L122   tionRefinementEngine]: Using interpolant automaton builder IpAbStrategyModuleStraightlineAll [337294155]
[2026-06-06 01:20:50,803 INFO  L85    oduleStraightlineAll]: Using 3 imperfect interpolants to construct interpolant automaton
[2026-06-06 01:20:50,803 INFO  L487   CegarNwaWorkerThread]: 0 DeclaredPredicates, 42 GetRequests, 27 SyntacticMatches, 0 SemanticMatches, 15 ConstructedPredicates, 0 IntricatePredicates, 0 DeprecatedPredicates, 14 ImplicationChecksByTransitivity, 0.1s TimeCoverageRelationStatistics Valid=61, Invalid=211, Unknown=0, NotChecked=0, Total=272
[2026-06-06 01:20:50,803 INFO  L100   FreeRefinementEngine]: Using predicate unifier PredicateUnifier provided by strategy CAMEL
[2026-06-06 01:20:50,803 INFO  L488   CegarNwaWorkerThread]: 2 mSDtfsCounter, 0 mSDsluCounter, 9 mSDsCounter, 0 mSdLazyCounter, 67 mSolverCounterSat, 6 mSolverCounterUnsat, 0 mSolverCounterUnknown, 0 mSolverCounterNotChecked, 0.0s Time, 0 mProtectedPredicate, 0 mProtectedAction, 0 SdHoareTripleChecker+Valid, 11 SdHoareTripleChecker+Invalid, 73 SdHoareTripleChecker+Unknown, 0 SdHoareTripleChecker+Unchecked, 0.0s SdHoareTripleChecker+Time, 6 IncrementalHoareTripleChecker+Valid, 67 IncrementalHoareTripleChecker+Invalid, 0 IncrementalHoareTripleChecker+Unknown, 0 IncrementalHoareTripleChecker+Unchecked, 0.0s IncrementalHoareTripleChecker+Time
[2026-06-06 01:20:50,803 INFO  L489   CegarNwaWorkerThread]: SdHoareTripleChecker [0 Valid, 11 Invalid, 73 Unknown, 0 Unchecked, 0.0s Time], IncrementalHoareTripleChecker [6 Valid, 67 Invalid, 0 Unknown, 0 Unchecked, 0.0s Time]
[2026-06-06 01:20:50,803 INFO  L144   InterpolantAutomaton]: Constructing interpolant automaton starting with 20 interpolants.
[2026-06-06 01:20:50,803 INFO  L224   CegarNwaWorkerThread]: Done with Thread: 173#
[2026-06-06 01:20:50,803 INFO  L196   CegarNwaWorkerThread]: WorkerThread: Thread[#173,Worker for -1363453300,5,main] is Waiting for a Task
[2026-06-06 01:20:50,803 INFO  L146   InterpolantAutomaton]: CoverageRelationStatistics Valid=60, Invalid=320, Unknown=0, NotChecked=0, Total=380
[2026-06-06 01:20:50,804 INFO  L419   CegarNwaWorkerThread]: Difference in Worker for Generalization
[2026-06-06 01:20:50,803 INFO  L504   ParallelNwaCegarLoop]: Waking up, a worker is done.
[2026-06-06 01:20:50,804 INFO  L276   ParallelNwaCegarLoop]: Main: A Thread is Done
[2026-06-06 01:20:50,804 INFO  L87              Difference]: Start difference. First operand  has 5 states, 3 states have (on average 1.6666666666666667) internal successors, (5), 4 states have internal predecessors, (5), 0 states have call successors, (0), 0 states have call predecessors, (0), 0 states have return successors, (0), 0 states have call predecessors, (0), 0 states have call successors, (0) Second operand  has 20 states, 20 states have (on average 1.25) internal successors, (25), 19 states have internal predecessors, (25), 0 states have call successors, (0), 0 states have call predecessors, (0), 0 states have return successors, (0), 0 states have call predecessors, (0), 0 states have call successors, (0)
[2026-06-06 01:20:50,804 INFO  L294   ParallelNwaCegarLoop]: Worker Automaton Type: FLOYD_HOARE
[2026-06-06 01:20:50,804 INFO  L79                 Accepts]: Start accepts. Automaton has 10 states and 9 transitions. Word has length 18
[2026-06-06 01:20:50,804 INFO  L85                 Accepts]: Finished accepts. word is rejected.
[2026-06-06 01:20:50,804 INFO  L616   ParallelNwaCegarLoop]: Recorded stale counterexample prefix coverage.
[2026-06-06 01:20:50,804 INFO  L296   ParallelNwaCegarLoop]: Refining Abstraction
[2026-06-06 01:20:50,804 INFO  L567   ParallelNwaCegarLoop]: Subtrahend traceHash: -1363453300
[2026-06-06 01:20:50,804 INFO  L534   ParallelNwaCegarLoop]: Difference in Main
[2026-06-06 01:20:50,804 INFO  L87              Difference]: Start difference. First operand 10 states and 9 transitions. Second operand  has 9 states, 8 states have (on average 2.125) internal successors, (17), 9 states have internal predecessors, (17), 0 states have call successors, (0), 0 states have call predecessors, (0), 0 states have return successors, (0), 0 states have call predecessors, (0), 0 states have call successors, (0)
[2026-06-06 01:20:50,804 INFO  L144             Difference]: Subtrahend was deterministic. Have not used determinization.
[2026-06-06 01:20:50,804 INFO  L93              Difference]: Finished difference Result 10 states and 9 transitions.
[2026-06-06 01:20:50,804 INFO  L225             Difference]: With dead ends: 10
[2026-06-06 01:20:50,804 INFO  L226             Difference]: Without dead ends: 10
[2026-06-06 01:20:50,804 INFO  L82        GeneralOperation]: Start minimizeSevpa. Operand 10 states.
[2026-06-06 01:20:50,804 INFO  L88        GeneralOperation]: Finished minimizeSevpa. Reduced states from 10 to 10.
[2026-06-06 01:20:50,805 INFO  L82        GeneralOperation]: Start removeUnreachable. Operand  has 10 states, 9 states have (on average 1.0) internal successors, (9), 9 states have internal predecessors, (9), 0 states have call successors, (0), 0 states have call predecessors, (0), 0 states have return successors, (0), 0 states have call predecessors, (0), 0 states have call successors, (0)
[2026-06-06 01:20:50,805 INFO  L88        GeneralOperation]: Finished removeUnreachable. Reduced from 10 states to 10 states and 9 transitions.
[2026-06-06 01:20:50,805 INFO  L545   ParallelNwaCegarLoop]: Main: Refinement done.
[2026-06-06 01:20:50,805 INFO  L464   ParallelNwaCegarLoop]: Checking if program is safe
[2026-06-06 01:20:50,805 INFO  L290                IsEmpty]: Start isEmpty. Operand 10 states and 9 transitions.
[2026-06-06 01:20:50,805 INFO  L300                IsEmpty]: Finished isEmpty. Found accepting run of length 10
[2026-06-06 01:20:50,805 INFO  L199           NwaCegarLoop]: Found error trace
[2026-06-06 01:20:50,805 INFO  L207           NwaCegarLoop]: trace histogram [6, 1, 1, 1]
[2026-06-06 01:20:50,805 INFO  L319   ParallelNwaCegarLoop]: No more worker results to process
[2026-06-06 01:20:50,805 INFO  L290                IsEmpty]: Start isEmptyParallel. Operand 10 states and 9 transitions.
[2026-06-06 01:20:50,805 INFO  L300                IsEmpty]: Finished isEmptyParallel. No accepting run.
[2026-06-06 01:20:50,805 INFO  L156        IsEmptyParallel]: Start isEmptyParallel. Operand 10 states and 9 transitions.
[2026-06-06 01:20:50,805 INFO  L163        IsEmptyParallel]: Finished isEmptyParallel. No accepting run.
[2026-06-06 01:20:50,805 WARN  L749                IsEmpty]: Emptiness not double checked 
[2026-06-06 01:20:50,805 INFO  L655   ParallelNwaCegarLoop]: BATCH_LCPS did not find a fresh counterexample batch.
[2026-06-06 01:20:50,805 INFO  L266   ParallelNwaCegarLoop]: === Iteration 12 ===
[2026-06-06 01:20:50,805 INFO  L501   ParallelNwaCegarLoop]: All threads busy, going to sleep.
[2026-06-06 01:20:50,807 INFO  L134       CoverageAnalysis]: Checked inductivity of 78 backedges. 30 proven. 45 refuted. 0 times theorem prover too weak. 3 trivial. 0 not checked.
[2026-06-06 01:20:50,807 INFO  L158   FreeRefinementEngine]: IpTcStrategyModuleZ3 [1347625082] provided 0 perfect and 2 imperfect interpolant sequences
[2026-06-06 01:20:50,807 INFO  L185   FreeRefinementEngine]: Found 0 perfect and 3 imperfect interpolant sequences.
[2026-06-06 01:20:50,807 INFO  L198   FreeRefinementEngine]: Number of different interpolants: perfect sequences [] imperfect sequences [8, 11, 11] total 22
[2026-06-06 01:20:50,807 INFO  L122   tionRefinementEngine]: Using interpolant automaton builder IpAbStrategyModuleStraightlineAll [1547561214]
[2026-06-06 01:20:50,807 INFO  L85    oduleStraightlineAll]: Using 3 imperfect interpolants to construct interpolant automaton
[2026-06-06 01:20:50,808 INFO  L100   FreeRefinementEngine]: Using predicate unifier PredicateUnifier provided by strategy CAMEL
[2026-06-06 01:20:50,808 INFO  L144   InterpolantAutomaton]: Constructing interpolant automaton starting with 23 interpolants.
[2026-06-06 01:20:50,808 INFO  L146   InterpolantAutomaton]: CoverageRelationStatistics Valid=127, Invalid=379, Unknown=0, NotChecked=0, Total=506
[2026-06-06 01:20:50,808 INFO  L419   CegarNwaWorkerThread]: Difference in Worker for Generalization
[2026-06-06 01:20:50,808 INFO  L87              Difference]: Start difference. First operand  has 5 states, 3 states have (on average 1.6666666666666667) internal successors, (5), 4 states have internal predecessors, (5), 0 states have call successors, (0), 0 states have call predecessors, (0), 0 states have return successors, (0), 0 states have call predecessors, (0), 0 states have call successors, (0) Second operand  has 23 states, 23 states have (on average 1.173913043478261) internal successors, (27), 22 states have internal predecessors, (27), 0 states have call successors, (0), 0 states have call predecessors, (0), 0 states have return successors, (0), 0 states have call predecessors, (0), 0 states have call successors, (0)
[2026-06-06 01:20:50,811 INFO  L134       CoverageAnalysis]: Checked inductivity of 153 backedges. 115 proven. 8 refuted. 0 times theorem prover too weak. 30 trivial. 0 not checked.
[2026-06-06 01:20:50,811 INFO  L312         TraceCheckSpWp]: Computing backward predicates...
[2026-06-06 01:20:50,812 INFO  L111    AnnotateAndAsserter]: Assert order OUTSIDE_LOOP_FIRST2 issued 8 check-sat command(s) and asserted 17 of 24 statements.
[2026-06-06 01:20:50,812 INFO  L114    AnnotateAndAsserter]: Assert order OUTSIDE_LOOP_FIRST2 issued 8 check-sat command(s)
[2026-06-06 01:20:50,812 INFO  L115    AnnotateAndAsserter]: Conjunction of SSA is unsat
[2026-06-06 01:20:50,813 INFO  L256         TraceCheckSpWp]: Trace formula consists of 82 conjuncts, 15 conjuncts are in the unsatisfiable core
[2026-06-06 01:20:50,813 INFO  L279         TraceCheckSpWp]: Computing forward predicates...
[2026-06-06 01:20:50,820 INFO  L111    AnnotateAndAsserter]: Assert order MIX_INSIDE_OUTSIDE issued 8 check-sat command(s) and asserted 17 of 21 statements.
[2026-06-06 01:20:50,820 INFO  L114    AnnotateAndAsserter]: Assert order MIX_INSIDE_OUTSIDE issued 8 check-sat command(s)
[2026-06-06 01:20:50,820 INFO  L115    AnnotateAndAsserter]: Conjunction of SSA is unsat
[2026-06-06 01:20:50,821 INFO  L256         TraceCheckSpWp]: Trace formula consists of 82 conjuncts, 18 conjuncts are in the unsatisfiable core
[2026-06-06 01:20:50,822 INFO  L279         TraceCheckSpWp]: Computing forward predicates...
[2026-06-06 01:20:50,828 INFO  L144             Difference]: Subtrahend was deterministic. Have not used determinization.
[2026-06-06 01:20:50,828 INFO  L93              Difference]: Finished difference Result 10 states and 9 transitions.
[2026-06-06 01:20:50,828 INFO  L140   InterpolantAutomaton]: Switched to read-only mode: deterministic interpolant automaton has 9 states. 
[2026-06-06 01:20:50,828 INFO  L225             Difference]: With dead ends: 10
[2026-06-06 01:20:50,828 INFO  L226             Difference]: Without dead ends: 10
[2026-06-06 01:20:50,828 INFO  L487   CegarNwaWorkerThread]: 0 DeclaredPredicates, 32 GetRequests, 15 SyntacticMatches, 0 SemanticMatches, 17 ConstructedPredicates, 0 IntricatePredicates, 0 DeprecatedPredicates, 7 ImplicationChecksByTransitivity, 0.2s TimeCoverageRelationStatistics Valid=79, Invalid=263, Unknown=0, NotChecked=0, Total=342
[2026-06-06 01:20:50,828 INFO  L488   CegarNwaWorkerThread]: 2 mSDtfsCounter, 0 mSDsluCounter, 8 mSDsCounter, 0 mSdLazyCounter, 62 mSolverCounterSat, 6 mSolverCounterUnsat, 0 mSolverCounterUnknown, 0 mSolverCounterNotChecked, 0.0s Time, 0 mProtectedPredicate, 0 mProtectedAction, 0 SdHoareTripleChecker+Valid, 10 SdHoareTripleChecker+Invalid, 68 SdHoareTripleChecker+Unknown, 0 SdHoareTripleChecker+Unchecked, 0.0s SdHoareTripleChecker+Time, 6 IncrementalHoareTripleChecker+Valid, 62 IncrementalHoareTripleChecker+Invalid, 0 IncrementalHoareTripleChecker+Unknown, 0 IncrementalHoareTripleChecker+Unchecked, 0.0s IncrementalHoareTripleChecker+Time
[2026-06-06 01:20:50,829 INFO  L489   CegarNwaWorkerThread]: SdHoareTripleChecker [0 Valid, 10 Invalid, 68 Unknown, 0 Unchecked, 0.0s Time], IncrementalHoareTripleChecker [6 Valid, 62 Invalid, 0 Unknown, 0 Unchecked, 0.0s Time]
[2026-06-06 01:20:50,829 INFO  L134       CoverageAnalysis]: Checked inductivity of 231 backedges. 105 proven. 21 refuted. 0 times theorem prover too weak. 105 trivial. 0 not checked.
[2026-06-06 01:20:50,829 INFO  L312         TraceCheckSpWp]: Computing backward predicates...
[2026-06-06 01:20:50,829 INFO  L224   CegarNwaWorkerThread]: Done with Thread: 137#
[2026-06-06 01:20:50,829 INFO  L196   CegarNwaWorkerThread]: WorkerThread: Thread[#137,Worker for 309378540,5,main] is Waiting for a Task
[2026-06-06 01:20:50,829 INFO  L504   ParallelNwaCegarLoop]: Waking up, a worker is done.
[2026-06-06 01:20:50,829 INFO  L276   ParallelNwaCegarLoop]: Main: A Thread is Done
[2026-06-06 01:20:50,829 INFO  L294   ParallelNwaCegarLoop]: Worker Automaton Type: FLOYD_HOARE
[2026-06-06 01:20:50,829 INFO  L79                 Accepts]: Start accepts. Automaton has 10 states and 9 transitions. Word has length 12
[2026-06-06 01:20:50,829 INFO  L85                 Accepts]: Finished accepts. word is rejected.
[2026-06-06 01:20:50,829 INFO  L616   ParallelNwaCegarLoop]: Recorded stale counterexample prefix coverage.
[2026-06-06 01:20:50,829 INFO  L296   ParallelNwaCegarLoop]: Refining Abstraction
[2026-06-06 01:20:50,829 INFO  L567   ParallelNwaCegarLoop]: Subtrahend traceHash: 309378540
[2026-06-06 01:20:50,829 INFO  L534   ParallelNwaCegarLoop]: Difference in Main
[2026-06-06 01:20:50,829 INFO  L87              Difference]: Start difference. First operand 10 states and 9 transitions. Second operand  has 9 states, 8 states have (on average 2.125) internal successors, (17), 9 states have internal predecessors, (17), 0 states have call successors, (0), 0 states have call predecessors, (0), 0 states have return successors, (0), 0 states have call predecessors, (0), 0 states have call successors, (0)
[2026-06-06 01:20:50,830 INFO  L144             Difference]: Subtrahend was deterministic. Have not used determinization.
[2026-06-06 01:20:50,830 INFO  L93              Difference]: Finished difference Result 10 states and 9 transitions.
[2026-06-06 01:20:50,830 INFO  L225             Difference]: With dead ends: 10
[2026-06-06 01:20:50,830 INFO  L226             Difference]: Without dead ends: 10
[2026-06-06 01:20:50,830 INFO  L82        GeneralOperation]: Start minimizeSevpa. Operand 10 states.
[2026-06-06 01:20:50,830 INFO  L88        GeneralOperation]: Finished minimizeSevpa. Reduced states from 10 to 10.
[2026-06-06 01:20:50,830 INFO  L82        GeneralOperation]: Start removeUnreachable. Operand  has 10 states, 9 states have (on average 1.0) internal successors, (9), 9 states have internal predecessors, (9), 0 states have call successors, (0), 0 states have call predecessors, (0), 0 states have return successors, (0), 0 states have call predecessors, (0), 0 states have call successors, (0)
[2026-06-06 01:20:50,830 INFO  L88        GeneralOperation]: Finished removeUnreachable. Reduced from 10 states to 10 states and 9 transitions.
[2026-06-06 01:20:50,830 INFO  L545   ParallelNwaCegarLoop]: Main: Refinement done.
[2026-06-06 01:20:50,830 INFO  L464   ParallelNwaCegarLoop]: Checking if program is safe
[2026-06-06 01:20:50,830 INFO  L290                IsEmpty]: Start isEmpty. Operand 10 states and 9 transitions.
[2026-06-06 01:20:50,830 INFO  L300                IsEmpty]: Finished isEmpty. Found accepting run of length 10
[2026-06-06 01:20:50,830 INFO  L199           NwaCegarLoop]: Found error trace
[2026-06-06 01:20:50,830 INFO  L207           NwaCegarLoop]: trace histogram [6, 1, 1, 1]
[2026-06-06 01:20:50,830 INFO  L319   ParallelNwaCegarLoop]: No more worker results to process
[2026-06-06 01:20:50,830 INFO  L290                IsEmpty]: Start isEmptyParallel. Operand 10 states and 9 transitions.
[2026-06-06 01:20:50,830 INFO  L300                IsEmpty]: Finished isEmptyParallel. No accepting run.
[2026-06-06 01:20:50,830 INFO  L156        IsEmptyParallel]: Start isEmptyParallel. Operand 10 states and 9 transitions.
[2026-06-06 01:20:50,831 INFO  L163        IsEmptyParallel]: Finished isEmptyParallel. No accepting run.
[2026-06-06 01:20:50,831 WARN  L749                IsEmpty]: Emptiness not double checked 
[2026-06-06 01:20:50,831 INFO  L655   ParallelNwaCegarLoop]: BATCH_LCPS did not find a fresh counterexample batch.
[2026-06-06 01:20:50,831 INFO  L266   ParallelNwaCegarLoop]: === Iteration 13 ===
[2026-06-06 01:20:50,831 INFO  L501   ParallelNwaCegarLoop]: All threads busy, going to sleep.
[2026-06-06 01:20:50,831 INFO  L134       CoverageAnalysis]: Checked inductivity of 21 backedges. 0 proven. 15 refuted. 0 times theorem prover too weak. 6 trivial. 0 not checked.
[2026-06-06 01:20:50,831 INFO  L158   FreeRefinementEngine]: IpTcStrategyModuleZ3 [735686880] provided 0 perfect and 2 imperfect interpolant sequences
[2026-06-06 01:20:50,831 INFO  L185   FreeRefinementEngine]: Found 0 perfect and 3 imperfect interpolant sequences.
[2026-06-06 01:20:50,831 INFO  L198   FreeRefinementEngine]: Number of different interpolants: perfect sequences [] imperfect sequences [8, 8, 4] total 12
[2026-06-06 01:20:50,831 INFO  L122   tionRefinementEngine]: Using interpolant automaton builder IpAbStrategyModuleStraightlineAll [624652703]
[2026-06-06 01:20:50,831 INFO  L85    oduleStraightlineAll]: Using 3 imperfect interpolants to construct interpolant automaton
[2026-06-06 01:20:50,831 INFO  L100   FreeRefinementEngine]: Using predicate unifier PredicateUnifier provided by strategy CAMEL
[2026-06-06 01:20:50,831 INFO  L144   InterpolantAutomaton]: Constructing interpolant automaton starting with 13 interpolants.
[2026-06-06 01:20:50,832 INFO  L146   InterpolantAutomaton]: CoverageRelationStatistics Valid=35, Invalid=121, Unknown=0, NotChecked=0, Total=156
[2026-06-06 01:20:50,832 INFO  L419   CegarNwaWorkerThread]: Difference in Worker for Generalization
[2026-06-06 01:20:50,832 INFO  L87              Difference]: Start difference. First operand  has 5 states, 3 states have (on average 1.6666666666666667) internal successors, (5), 4 states have internal predecessors, (5), 0 states have call successors, (0), 0 states have call predecessors, (0), 0 states have return successors, (0), 0 states have call predecessors, (0), 0 states have call successors, (0) Second operand  has 13 states, 13 states have (on average 1.2307692307692308) internal successors, (16), 12 states have internal predecessors, (16), 0 states have call successors, (0), 0 states have call predecessors, (0), 0 states have return successors, (0), 0 states have call predecessors, (0), 0 states have call successors, (0)
[2026-06-06 01:20:50,833 INFO  L134       CoverageAnalysis]: Checked inductivity of 105 backedges. 0 proven. 105 refuted. 0 times theorem prover too weak. 0 trivial. 0 not checked.
[2026-06-06 01:20:50,833 INFO  L312         TraceCheckSpWp]: Computing backward predicates...
[2026-06-06 01:20:50,834 INFO  L134       CoverageAnalysis]: Checked inductivity of 190 backedges. 96 proven. 66 refuted. 0 times theorem prover too weak. 28 trivial. 0 not checked.
[2026-06-06 01:20:50,834 INFO  L312         TraceCheckSpWp]: Computing backward predicates...
[2026-06-06 01:20:50,837 INFO  L144             Difference]: Subtrahend was deterministic. Have not used determinization.
[2026-06-06 01:20:50,837 INFO  L93              Difference]: Finished difference Result 8 states and 7 transitions.
[2026-06-06 01:20:50,837 INFO  L140   InterpolantAutomaton]: Switched to read-only mode: deterministic interpolant automaton has 9 states. 
[2026-06-06 01:20:50,837 INFO  L225             Difference]: With dead ends: 8
[2026-06-06 01:20:50,837 INFO  L226             Difference]: Without dead ends: 0
[2026-06-06 01:20:50,837 INFO  L487   CegarNwaWorkerThread]: 0 DeclaredPredicates, 28 GetRequests, 10 SyntacticMatches, 0 SemanticMatches, 18 ConstructedPredicates, 0 IntricatePredicates, 0 DeprecatedPredicates, 53 ImplicationChecksByTransitivity, 0.2s TimeCoverageRelationStatistics Valid=60, Invalid=320, Unknown=0, NotChecked=0, Total=380
[2026-06-06 01:20:50,838 INFO  L488   CegarNwaWorkerThread]: 1 mSDtfsCounter, 0 mSDsluCounter, 0 mSDsCounter, 0 mSdLazyCounter, 73 mSolverCounterSat, 4 mSolverCounterUnsat, 0 mSolverCounterUnknown, 0 mSolverCounterNotChecked, 0.0s Time, 0 mProtectedPredicate, 0 mProtectedAction, 0 SdHoareTripleChecker+Valid, 1 SdHoareTripleChecker+Invalid, 77 SdHoareTripleChecker+Unknown, 0 SdHoareTripleChecker+Unchecked, 0.0s SdHoareTripleChecker+Time, 4 IncrementalHoareTripleChecker+Valid, 73 IncrementalHoareTripleChecker+Invalid, 0 IncrementalHoareTripleChecker+Unknown, 0 IncrementalHoareTripleChecker+Unchecked, 0.0s IncrementalHoareTripleChecker+Time
[2026-06-06 01:20:50,838 INFO  L489   CegarNwaWorkerThread]: SdHoareTripleChecker [0 Valid, 1 Invalid, 77 Unknown, 0 Unchecked, 0.0s Time], IncrementalHoareTripleChecker [4 Valid, 73 Invalid, 0 Unknown, 0 Unchecked, 0.0s Time]
[2026-06-06 01:20:50,838 INFO  L224   CegarNwaWorkerThread]: Done with Thread: 131#
[2026-06-06 01:20:50,838 INFO  L196   CegarNwaWorkerThread]: WorkerThread: Thread[#131,Worker for 425621891,5,main] is Waiting for a Task
[2026-06-06 01:20:50,838 INFO  L504   ParallelNwaCegarLoop]: Waking up, a worker is done.
[2026-06-06 01:20:50,839 INFO  L276   ParallelNwaCegarLoop]: Main: A Thread is Done
[2026-06-06 01:20:50,839 INFO  L294   ParallelNwaCegarLoop]: Worker Automaton Type: FLOYD_HOARE
[2026-06-06 01:20:50,839 INFO  L79                 Accepts]: Start accepts. Automaton has 10 states and 9 transitions. Word has length 11
[2026-06-06 01:20:50,839 INFO  L85                 Accepts]: Finished accepts. word is rejected.
[2026-06-06 01:20:50,839 INFO  L616   ParallelNwaCegarLoop]: Recorded stale counterexample prefix coverage.
[2026-06-06 01:20:50,839 INFO  L296   ParallelNwaCegarLoop]: Refining Abstraction
[2026-06-06 01:20:50,839 INFO  L567   ParallelNwaCegarLoop]: Subtrahend traceHash: 425621891
[2026-06-06 01:20:50,839 INFO  L534   ParallelNwaCegarLoop]: Difference in Main
[2026-06-06 01:20:50,839 INFO  L87              Difference]: Start difference. First operand 10 states and 9 transitions. Second operand  has 9 states, 8 states have (on average 1.875) internal successors, (15), 8 states have internal predecessors, (15), 0 states have call successors, (0), 0 states have call predecessors, (0), 0 states have return successors, (0), 0 states have call predecessors, (0), 0 states have call successors, (0)
[2026-06-06 01:20:50,839 INFO  L144             Difference]: Subtrahend was deterministic. Have not used determinization.
[2026-06-06 01:20:50,839 INFO  L93              Difference]: Finished difference Result 8 states and 7 transitions.
[2026-06-06 01:20:50,839 INFO  L225             Difference]: With dead ends: 8
[2026-06-06 01:20:50,839 INFO  L226             Difference]: Without dead ends: 0
[2026-06-06 01:20:50,839 INFO  L82        GeneralOperation]: Start minimizeSevpa. Operand 0 states.
[2026-06-06 01:20:50,839 INFO  L88        GeneralOperation]: Finished minimizeSevpa. Reduced states from 0 to 0.
[2026-06-06 01:20:50,839 INFO  L82        GeneralOperation]: Start removeUnreachable. Operand  has 0 states, 0 states have (on average 0.0) internal successors, (0), 0 states have internal predecessors, (0), 0 states have call successors, (0), 0 states have call predecessors, (0), 0 states have return successors, (0), 0 states have call predecessors, (0), 0 states have call successors, (0)
[2026-06-06 01:20:50,839 INFO  L88        GeneralOperation]: Finished removeUnreachable. Reduced from 0 states to 0 states and 0 transitions.
[2026-06-06 01:20:50,839 INFO  L545   ParallelNwaCegarLoop]: Main: Refinement done.
[2026-06-06 01:20:50,839 INFO  L464   ParallelNwaCegarLoop]: Checking if program is safe
[2026-06-06 01:20:50,840 INFO  L290                IsEmpty]: Start isEmpty. Operand 0 states and 0 transitions.
[2026-06-06 01:20:50,840 INFO  L300                IsEmpty]: Finished isEmpty. No accepting run.
[2026-06-06 01:20:50,841 INFO  L796   garLoopResultBuilder]: Registering result SAFE for location ULTIMATE.startErr0ASSERT_VIOLATIONASSERT (0 of 1 remaining)
[2026-06-06 01:20:50,841 INFO  L467   ParallelNwaCegarLoop]: Result: SAFE
[2026-06-06 01:20:50,844 INFO  L546       MonitoredProcess]: [MP /usr/bin/z3 SMTLIB2_COMPLIANT=true -memory:1024 -smt2 -in -t:12000 (16)] Ended with exit code 0
[2026-06-06 01:20:51,042 WARN  L718   oredProcess$PipePump]: [MP /usr/bin/z3 -smt2 -in SMTLIB2_COMPLIANT=true (25)] The stream was forcibly closed: stdIn
[2026-06-06 01:20:51,044 INFO  L546       MonitoredProcess]: [MP /usr/bin/z3 -smt2 -in SMTLIB2_COMPLIANT=true (25)] Ended with exit code 0
[2026-06-06 01:20:51,245 INFO  L546       MonitoredProcess]: [MP /usr/bin/z3 SMTLIB2_COMPLIANT=true -memory:1024 -smt2 -in -t:12000 (5)] Ended with exit code 0
[2026-06-06 01:20:51,445 INFO  L546       MonitoredProcess]: [MP /usr/bin/z3 -smt2 -in SMTLIB2_COMPLIANT=true (28)] Ended with exit code 0
[2026-06-06 01:20:51,645 INFO  L546       MonitoredProcess]: [MP /usr/bin/z3 -smt2 -in SMTLIB2_COMPLIANT=true (33)] Ended with exit code 0
[2026-06-06 01:20:51,846 INFO  L546       MonitoredProcess]: [MP /usr/bin/z3 -smt2 -in SMTLIB2_COMPLIANT=true (30)] Ended with exit code 0
[2026-06-06 01:20:52,043 WARN  L718   oredProcess$PipePump]: [MP /usr/bin/z3 SMTLIB2_COMPLIANT=true -memory:1024 -smt2 -in -t:12000 (17)] The stream was forcibly closed: stdIn
[2026-06-06 01:20:52,045 INFO  L546       MonitoredProcess]: [MP /usr/bin/z3 SMTLIB2_COMPLIANT=true -memory:1024 -smt2 -in -t:12000 (17)] Ended with exit code 0
[2026-06-06 01:20:52,245 INFO  L546       MonitoredProcess]: [MP /usr/bin/z3 SMTLIB2_COMPLIANT=true -memory:1024 -smt2 -in -t:12000 (15)] Ended with exit code 0
[2026-06-06 01:20:52,447 INFO  L546       MonitoredProcess]: [MP /usr/bin/z3 -smt2 -in SMTLIB2_COMPLIANT=true (36)] Ended with exit code 0
[2026-06-06 01:20:52,644 WARN  L718   oredProcess$PipePump]: [MP /usr/bin/z3 -smt2 -in SMTLIB2_COMPLIANT=true (29)] The stream was forcibly closed: stdIn
[2026-06-06 01:20:52,647 INFO  L546       MonitoredProcess]: [MP /usr/bin/z3 -smt2 -in SMTLIB2_COMPLIANT=true (29)] Ended with exit code 0
[2026-06-06 01:20:52,847 INFO  L546       MonitoredProcess]: [MP /usr/bin/z3 -smt2 -in SMTLIB2_COMPLIANT=true (34)] Ended with exit code 0
[2026-06-06 01:20:53,046 INFO  L546       MonitoredProcess]: [MP /usr/bin/z3 -smt2 -in SMTLIB2_COMPLIANT=true (21)] Ended with exit code 0
[2026-06-06 01:20:53,247 INFO  L546       MonitoredProcess]: [MP /usr/bin/z3 SMTLIB2_COMPLIANT=true -memory:1024 -smt2 -in -t:12000 (14)] Ended with exit code 0
[2026-06-06 01:20:53,447 INFO  L534       MonitoredProcess]: [MP /usr/bin/z3 SMTLIB2_COMPLIANT=true -memory:1024 -smt2 -in -t:12000 (3)] Forceful destruction successful, exit code 0
[2026-06-06 01:20:53,648 INFO  L546       MonitoredProcess]: [MP /usr/bin/z3 -smt2 -in SMTLIB2_COMPLIANT=true (27)] Ended with exit code 0
[2026-06-06 01:20:53,848 INFO  L546       MonitoredProcess]: [MP /usr/bin/z3 -smt2 -in SMTLIB2_COMPLIANT=true (35)] Ended with exit code 0
[2026-06-06 01:20:54,049 INFO  L546       MonitoredProcess]: [MP /usr/bin/z3 -smt2 -in SMTLIB2_COMPLIANT=true (22)] Ended with exit code 0
[2026-06-06 01:20:54,246 WARN  L718   oredProcess$PipePump]: [MP /usr/bin/z3 SMTLIB2_COMPLIANT=true -memory:1024 -smt2 -in -t:12000 (9)] The stream was forcibly closed: stdIn
[2026-06-06 01:20:54,248 INFO  L546       MonitoredProcess]: [MP /usr/bin/z3 SMTLIB2_COMPLIANT=true -memory:1024 -smt2 -in -t:12000 (9)] Ended with exit code 0
[2026-06-06 01:20:54,449 INFO  L546       MonitoredProcess]: [MP /usr/bin/z3 -smt2 -in SMTLIB2_COMPLIANT=true (38)] Ended with exit code 0
[2026-06-06 01:20:54,650 INFO  L546       MonitoredProcess]: [MP /usr/bin/z3 -smt2 -in SMTLIB2_COMPLIANT=true (20)] Ended with exit code 0
[2026-06-06 01:20:54,847 WARN  L718   oredProcess$PipePump]: [MP /usr/bin/z3 SMTLIB2_COMPLIANT=true -memory:1024 -smt2 -in -t:12000 (12)] The stream was forcibly closed: stdIn
[2026-06-06 01:20:54,850 INFO  L546       MonitoredProcess]: [MP /usr/bin/z3 SMTLIB2_COMPLIANT=true -memory:1024 -smt2 -in -t:12000 (12)] Ended with exit code 0
[2026-06-06 01:20:55,050 INFO  L546       MonitoredProcess]: [MP /usr/bin/z3 SMTLIB2_COMPLIANT=true -memory:1024 -smt2 -in -t:12000 (8)] Ended with exit code 0
[2026-06-06 01:20:55,248 WARN  L718   oredProcess$PipePump]: [MP /usr/bin/z3 -smt2 -in SMTLIB2_COMPLIANT=true (23)] The stream was forcibly closed: stdIn
[2026-06-06 01:20:55,251 INFO  L546       MonitoredProcess]: [MP /usr/bin/z3 -smt2 -in SMTLIB2_COMPLIANT=true (23)] Ended with exit code 0
[2026-06-06 01:20:55,448 WARN  L718   oredProcess$PipePump]: [MP /usr/bin/z3 -smt2 -in SMTLIB2_COMPLIANT=true (31)] The stream was forcibly closed: stdIn
[2026-06-06 01:20:55,451 INFO  L546       MonitoredProcess]: [MP /usr/bin/z3 -smt2 -in SMTLIB2_COMPLIANT=true (31)] Ended with exit code 0
[2026-06-06 01:20:55,651 INFO  L546       MonitoredProcess]: [MP /usr/bin/z3 -smt2 -in SMTLIB2_COMPLIANT=true (19)] Ended with exit code 0
[2026-06-06 01:20:55,848 WARN  L718   oredProcess$PipePump]: [MP /usr/bin/z3 -smt2 -in SMTLIB2_COMPLIANT=true (26)] The stream was forcibly closed: stdIn
[2026-06-06 01:20:55,851 INFO  L546       MonitoredProcess]: [MP /usr/bin/z3 -smt2 -in SMTLIB2_COMPLIANT=true (26)] Ended with exit code 0
[2026-06-06 01:20:56,051 INFO  L546       MonitoredProcess]: [MP /usr/bin/z3 SMTLIB2_COMPLIANT=true -memory:1024 -smt2 -in -t:12000 (7)] Ended with exit code 0
[2026-06-06 01:20:56,249 WARN  L718   oredProcess$PipePump]: [MP /usr/bin/z3 SMTLIB2_COMPLIANT=true -memory:1024 -smt2 -in -t:12000 (2)] The stream was forcibly closed: stdIn
[2026-06-06 01:20:56,251 INFO  L546       MonitoredProcess]: [MP /usr/bin/z3 SMTLIB2_COMPLIANT=true -memory:1024 -smt2 -in -t:12000 (2)] Ended with exit code 0
[2026-06-06 01:20:56,449 WARN  L718   oredProcess$PipePump]: [MP /usr/bin/z3 SMTLIB2_COMPLIANT=true -memory:1024 -smt2 -in -t:12000 (11)] The stream was forcibly closed: stdIn
[2026-06-06 01:20:56,452 INFO  L546       MonitoredProcess]: [MP /usr/bin/z3 SMTLIB2_COMPLIANT=true -memory:1024 -smt2 -in -t:12000 (11)] Ended with exit code 0
[2026-06-06 01:20:56,650 WARN  L718   oredProcess$PipePump]: [MP /usr/bin/z3 SMTLIB2_COMPLIANT=true -memory:1024 -smt2 -in -t:12000 (10)] The stream was forcibly closed: stdIn
[2026-06-06 01:20:56,652 INFO  L546       MonitoredProcess]: [MP /usr/bin/z3 SMTLIB2_COMPLIANT=true -memory:1024 -smt2 -in -t:12000 (10)] Ended with exit code 0
[2026-06-06 01:20:56,852 INFO  L546       MonitoredProcess]: [MP /usr/bin/z3 SMTLIB2_COMPLIANT=true -memory:1024 -smt2 -in -t:12000 (6)] Ended with exit code 0
[2026-06-06 01:20:57,054 INFO  L546       MonitoredProcess]: [MP /usr/bin/z3 -smt2 -in SMTLIB2_COMPLIANT=true (37)] Ended with exit code 0
[2026-06-06 01:20:57,250 WARN  L718   oredProcess$PipePump]: [MP /usr/bin/z3 -smt2 -in SMTLIB2_COMPLIANT=true (24)] The stream was forcibly closed: stdIn
[2026-06-06 01:20:57,253 INFO  L546       MonitoredProcess]: [MP /usr/bin/z3 -smt2 -in SMTLIB2_COMPLIANT=true (24)] Ended with exit code 0
[2026-06-06 01:20:57,454 INFO  L546       MonitoredProcess]: [MP /usr/bin/z3 -smt2 -in SMTLIB2_COMPLIANT=true (18)] Ended with exit code 0
[2026-06-06 01:20:57,651 WARN  L718   oredProcess$PipePump]: [MP /usr/bin/z3 -smt2 -in SMTLIB2_COMPLIANT=true (32)] The stream was forcibly closed: stdIn
[2026-06-06 01:20:57,654 INFO  L546       MonitoredProcess]: [MP /usr/bin/z3 -smt2 -in SMTLIB2_COMPLIANT=true (32)] Ended with exit code 0
[2026-06-06 01:20:57,851 WARN  L718   oredProcess$PipePump]: [MP /usr/bin/z3 SMTLIB2_COMPLIANT=true -memory:1024 -smt2 -in -t:12000 (13)] The stream was forcibly closed: stdIn
[2026-06-06 01:20:57,854 INFO  L546       MonitoredProcess]: [MP /usr/bin/z3 SMTLIB2_COMPLIANT=true -memory:1024 -smt2 -in -t:12000 (13)] Ended with exit code 0
[2026-06-06 01:20:58,054 INFO  L546       MonitoredProcess]: [MP /usr/bin/z3 SMTLIB2_COMPLIANT=true -memory:1024 -smt2 -in -t:12000 (4)] Ended with exit code 0
[2026-06-06 01:20:58,252 WARN  L515   ParallelNwaCegarLoop]: Destroyed unattended storables created during the last iteration: 16 /usr/bin/z3 SMTLIB2_COMPLIANT=true -memory:1024 -smt2 -in -t:12000,25 /usr/bin/z3 -smt2 -in SMTLIB2_COMPLIANT=true,5 /usr/bin/z3 SMTLIB2_COMPLIANT=true -memory:1024 -smt2 -in -t:12000,28 /usr/bin/z3 -smt2 -in SMTLIB2_COMPLIANT=true,33 /usr/bin/z3 -smt2 -in SMTLIB2_COMPLIANT=true,30 /usr/bin/z3 -smt2 -in SMTLIB2_COMPLIANT=true,SelfDestructingSolverStorable4,17 /usr/bin/z3 SMTLIB2_COMPLIANT=true -memory:1024 -smt2 -in -t:12000,SelfDestructingSolverStorable3,SelfDestructingSolverStorable2,15 /usr/bin/z3 SMTLIB2_COMPLIANT=true -memory:1024 -smt2 -in -t:12000,SelfDestructingSolverStorable1,SelfDestructingSolverStorable8,SelfDestructingSolverStorable7,SelfDestructingSolverStorable6,SelfDestructingSolverStorable5,36 /usr/bin/z3 -smt2 -in SMTLIB2_COMPLIANT=true,SelfDestructingSolverStorable9,29 /usr/bin/z3 -smt2 -in SMTLIB2_COMPLIANT=true,34 /usr/bin/z3 -smt2 -in SMTLIB2_COMPLIANT=true,21 /usr/bin/z3 -smt2 -in SMTLIB2_COMPLIANT=true,14 /usr/bin/z3 SMTLIB2_COMPLIANT=true -memory:1024 -smt2 -in -t:12000,3 /usr/bin/z3 SMTLIB2_COMPLIANT=true -memory:1024 -smt2 -in -t:12000,SelfDestructingSolverStorable0,27 /usr/bin/z3 -smt2 -in SMTLIB2_COMPLIANT=true,35 /usr/bin/z3 -smt2 -in SMTLIB2_COMPLIANT=true,22 /usr/bin/z3 -smt2 -in SMTLIB2_COMPLIANT=true,9 /usr/bin/z3 SMTLIB2_COMPLIANT=true -memory:1024 -smt2 -in -t:12000,38 /usr/bin/z3 -smt2 -in SMTLIB2_COMPLIANT=true,20 /usr/bin/z3 -smt2 -in SMTLIB2_COMPLIANT=true,12 /usr/bin/z3 SMTLIB2_COMPLIANT=true -memory:1024 -smt2 -in -t:12000,SelfDestructingSolverStorable18,SelfDestructingSolverStorable19,8 /usr/bin/z3 SMTLIB2_COMPLIANT=true -memory:1024 -smt2 -in -t:12000,23 /usr/bin/z3 -smt2 -in SMTLIB2_COMPLIANT=true,31 /usr/bin/z3 -smt2 -in SMTLIB2_COMPLIANT=true,SelfDestructingSolverStorable10,19 /usr/bin/z3 -smt2 -in SMTLIB2_COMPLIANT=true,26 /usr/bin/z3 -smt2 -in SMTLIB2_COMPLIANT=true,SelfDestructingSolverStorable11,SelfDestructingSolverStorable12,SelfDestructingSolverStorable13,7 /usr/bin/z3 SMTLIB2_COMPLIANT=true -memory:1024 -smt2 -in -t:12000,SelfDestructingSolverStorable14,SelfDestructingSolverStorable15,SelfDestructingSolverStorable16,2 /usr/bin/z3 SMTLIB2_COMPLIANT=true -memory:1024 -smt2 -in -t:12000,11 /usr/bin/z3 SMTLIB2_COMPLIANT=true -memory:1024 -smt2 -in -t:12000,SelfDestructingSolverStorable17,SelfDestructingSolverStorable20,10 /usr/bin/z3 SMTLIB2_COMPLIANT=true -memory:1024 -smt2 -in -t:12000,6 /usr/bin/z3 SMTLIB2_COMPLIANT=true -memory:1024 -smt2 -in -t:12000,37 /usr/bin/z3 -smt2 -in SMTLIB2_COMPLIANT=true,24 /usr/bin/z3 -smt2 -in SMTLIB2_COMPLIANT=true,18 /usr/bin/z3 -smt2 -in SMTLIB2_COMPLIANT=true,32 /usr/bin/z3 -smt2 -in SMTLIB2_COMPLIANT=true,13 /usr/bin/z3 SMTLIB2_COMPLIANT=true -memory:1024 -smt2 -in -t:12000,4 /usr/bin/z3 SMTLIB2_COMPLIANT=true -memory:1024 -smt2 -in -t:12000
[2026-06-06 01:20:58,252 INFO  L393   ParallelNwaCegarLoop]: Iteration 13
[2026-06-06 01:20:58,252 INFO  L394   ParallelNwaCegarLoop]: SearchMode: BATCH_LCPS
[2026-06-06 01:20:58,252 INFO  L395   ParallelNwaCegarLoop]: Refinements: 13
[2026-06-06 01:20:58,252 INFO  L396   ParallelNwaCegarLoop]: Counterexamples: 22
[2026-06-06 01:20:58,252 INFO  L397   ParallelNwaCegarLoop]: SearchTimeout: 0
[2026-06-06 01:20:58,252 INFO  L398   ParallelNwaCegarLoop]: RunConstructionFailed: 0
[2026-06-06 01:20:58,252 INFO  L399   ParallelNwaCegarLoop]: SearchFailed: 5
[2026-06-06 01:20:58,252 INFO  L400   ParallelNwaCegarLoop]: Duplicate freshness failures: 0
[2026-06-06 01:20:58,252 INFO  L401   ParallelNwaCegarLoop]: DuplicateFreshnessFailures: 0
[2026-06-06 01:20:58,252 INFO  L402   ParallelNwaCegarLoop]: BFS: 1
[2026-06-06 01:20:58,252 INFO  L403   ParallelNwaCegarLoop]: IsEmptyParallel: 0
[2026-06-06 01:20:58,252 INFO  L404   ParallelNwaCegarLoop]: ActiveThreads: 16
[2026-06-06 01:20:58,252 INFO  L405   ParallelNwaCegarLoop]: ActiveExecutorsForPathPrograms: 0
[2026-06-06 01:20:58,252 INFO  L406   ParallelNwaCegarLoop]: IterationsWithMaxThreads: 7
[2026-06-06 01:20:58,252 INFO  L407   ParallelNwaCegarLoop]: IterationsWithONEThread: 0
[2026-06-06 01:20:58,253 INFO  L408   ParallelNwaCegarLoop]: SearchTime: 0 s
[2026-06-06 01:20:58,253 INFO  L409   ParallelNwaCegarLoop]: WorkerSetUpTime: 0 s
[2026-06-06 01:20:58,253 INFO  L410   ParallelNwaCegarLoop]: ExceptionInWorker: 0
[2026-06-06 01:20:58,253 INFO  L411   ParallelNwaCegarLoop]: mRefinementTime: 0
[2026-06-06 01:20:58,253 INFO  L412   ParallelNwaCegarLoop]: Prefix cache checked paths: 22
[2026-06-06 01:20:58,253 INFO  L413   ParallelNwaCegarLoop]: Prefix cache stale paths: 10
[2026-06-06 01:20:58,253 INFO  L414   ParallelNwaCegarLoop]: Stale paths: 10
[2026-06-06 01:20:58,253 INFO  L415   ParallelNwaCegarLoop]: LcpsCheckedPrefixQueries: 0
[2026-06-06 01:20:58,253 INFO  L416   ParallelNwaCegarLoop]: LcpsStalePrefixQueries: 0
[2026-06-06 01:20:58,253 INFO  L417   ParallelNwaCegarLoop]: LcpsCheckedPrefixHits: 0
[2026-06-06 01:20:58,253 INFO  L418   ParallelNwaCegarLoop]: LcpsStalePrefixHits: 0
[2026-06-06 01:20:58,253 INFO  L419   ParallelNwaCegarLoop]: LcpsSearchInvocations: 0
[2026-06-06 01:20:58,253 INFO  L487   CegarNwaWorkerThread]: 0 DeclaredPredicates, 24 GetRequests, 12 SyntacticMatches, 1 SemanticMatches, 11 ConstructedPredicates, 0 IntricatePredicates, 0 DeprecatedPredicates, 7 ImplicationChecksByTransitivity, 0.1s TimeCoverageRelationStatistics Valid=35, Invalid=121, Unknown=0, NotChecked=0, Total=156
[2026-06-06 01:20:58,253 INFO  L487   CegarNwaWorkerThread]: 0 DeclaredPredicates, 36 GetRequests, 15 SyntacticMatches, 0 SemanticMatches, 21 ConstructedPredicates, 0 IntricatePredicates, 0 DeprecatedPredicates, 53 ImplicationChecksByTransitivity, 0.2s TimeCoverageRelationStatistics Valid=127, Invalid=379, Unknown=0, NotChecked=0, Total=506
[2026-06-06 01:20:58,253 INFO  L420   ParallelNwaCegarLoop]: LcpsFullCacheSuffixInvocations: 0
[2026-06-06 01:20:58,253 INFO  L421   ParallelNwaCegarLoop]: LcpsFullCacheSuffixFallbacks: 0
[2026-06-06 01:20:58,253 INFO  L422   ParallelNwaCegarLoop]: LcpsEffectivePriorityDecisions: 0
[2026-06-06 01:20:58,253 INFO  L423   ParallelNwaCegarLoop]: BatchLcpsInvocations: 12
[2026-06-06 01:20:58,253 INFO  L424   ParallelNwaCegarLoop]: BatchLcpsAvailableSlotsTotal: 40
[2026-06-06 01:20:58,253 INFO  L425   ParallelNwaCegarLoop]: BatchLcpsCandidatesGenerated: 56
[2026-06-06 01:20:58,253 INFO  L426   ParallelNwaCegarLoop]: BatchLcpsCandidatesSelected: 21
[2026-06-06 01:20:58,253 INFO  L488   CegarNwaWorkerThread]: 1 mSDtfsCounter, 0 mSDsluCounter, 0 mSDsCounter, 0 mSdLazyCounter, 76 mSolverCounterSat, 6 mSolverCounterUnsat, 0 mSolverCounterUnknown, 0 mSolverCounterNotChecked, 0.0s Time, 0 mProtectedPredicate, 0 mProtectedAction, 0 SdHoareTripleChecker+Valid, 1 SdHoareTripleChecker+Invalid, 83 SdHoareTripleChecker+Unknown, 0 SdHoareTripleChecker+Unchecked, 0.0s SdHoareTripleChecker+Time, 6 IncrementalHoareTripleChecker+Valid, 76 IncrementalHoareTripleChecker+Invalid, 0 IncrementalHoareTripleChecker+Unknown, 0 IncrementalHoareTripleChecker+Unchecked, 0.0s IncrementalHoareTripleChecker+Time
[2026-06-06 01:20:58,253 INFO  L488   CegarNwaWorkerThread]: 1 mSDtfsCounter, 0 mSDsluCounter, 0 mSDsCounter, 0 mSdLazyCounter, 21 mSolverCounterSat, 2 mSolverCounterUnsat, 0 mSolverCounterUnknown, 0 mSolverCounterNotChecked, 0.0s Time, 0 mProtectedPredicate, 0 mProtectedAction, 0 SdHoareTripleChecker+Valid, 1 SdHoareTripleChecker+Invalid, 24 SdHoareTripleChecker+Unknown, 0 SdHoareTripleChecker+Unchecked, 0.0s SdHoareTripleChecker+Time, 2 IncrementalHoareTripleChecker+Valid, 21 IncrementalHoareTripleChecker+Invalid, 0 IncrementalHoareTripleChecker+Unknown, 0 IncrementalHoareTripleChecker+Unchecked, 0.0s IncrementalHoareTripleChecker+Time
[2026-06-06 01:20:58,253 INFO  L427   ParallelNwaCegarLoop]: BatchLcpsCandidateGenerationFailures: 5
[2026-06-06 01:20:58,253 INFO  L489   CegarNwaWorkerThread]: SdHoareTripleChecker [0 Valid, 1 Invalid, 83 Unknown, 0 Unchecked, 0.0s Time], IncrementalHoareTripleChecker [6 Valid, 76 Invalid, 0 Unknown, 0 Unchecked, 0.0s Time]
[2026-06-06 01:20:58,253 INFO  L489   CegarNwaWorkerThread]: SdHoareTripleChecker [0 Valid, 1 Invalid, 24 Unknown, 0 Unchecked, 0.0s Time], IncrementalHoareTripleChecker [2 Valid, 21 Invalid, 0 Unknown, 0 Unchecked, 0.0s Time]
[2026-06-06 01:20:58,253 WARN  L310   FreeRefinementEngine]: Global settings require throwing the following exception
[2026-06-06 01:20:58,253 WARN  L310   FreeRefinementEngine]: Global settings require throwing the following exception
[2026-06-06 01:20:58,253 WARN  L310   FreeRefinementEngine]: Global settings require throwing the following exception
[2026-06-06 01:20:58,253 INFO  L428   ParallelNwaCegarLoop]: BatchLcpsAvgCandidatePoolSize: 4.666666666666667
[2026-06-06 01:20:58,253 WARN  L310   FreeRefinementEngine]: Global settings require throwing the following exception
[2026-06-06 01:20:58,254 INFO  L429   ParallelNwaCegarLoop]: BatchLcpsAvgSelectedBatchSize: 1.75
[2026-06-06 01:20:58,253 WARN  L310   FreeRefinementEngine]: Global settings require throwing the following exception
[2026-06-06 01:20:58,253 WARN  L310   FreeRefinementEngine]: Global settings require throwing the following exception
[2026-06-06 01:20:58,253 WARN  L310   FreeRefinementEngine]: Global settings require throwing the following exception
[2026-06-06 01:20:58,254 INFO  L430   ParallelNwaCegarLoop]: BatchLcpsEffectiveBatchDecisions: 7
[2026-06-06 01:20:58,254 INFO  L433   ParallelNwaCegarLoop]: Checked paths: 22
[2026-06-06 01:20:58,254 INFO  L434   ParallelNwaCegarLoop]: Total pairwise prefix-LCA divergence: 150.82389081506727
[2026-06-06 01:20:58,254 INFO  L436   ParallelNwaCegarLoop]: Avg pairwise prefix-LCA divergence: 0.6529172762557025
[2026-06-06 01:20:58,256 INFO  L424         BasicCegarLoop]: Path program histogram: []
[2026-06-06 01:20:58,256 INFO  L429         BasicCegarLoop]: Checked paths: 22
[2026-06-06 01:20:58,256 INFO  L430         BasicCegarLoop]: Total pairwise prefix-LCA divergence: 150.82389081506727
[2026-06-06 01:20:58,256 INFO  L432         BasicCegarLoop]: Avg pairwise prefix-LCA divergence: 0.6529172762557025
[2026-06-06 01:20:58,257 INFO  L171   ceAbstractionStarter]: Computing trace abstraction results
[2026-06-06 01:20:58,259 INFO  L201        PluginConnector]: Adding new model diamond2.i_4.bpl de.uni_freiburg.informatik.ultimate.plugins.generator.traceabstraction CFG 06.06 01:20:58 BoogieIcfgContainer
[2026-06-06 01:20:58,259 INFO  L131        PluginConnector]: ------------------------ END TraceAbstraction----------------------------
[2026-06-06 01:20:58,259 INFO  L158              Benchmark]: Toolchain (without parser) took 8348.43ms. Allocated memory was 46.1MB in the beginning and 247.5MB in the end (delta: 201.3MB). Free memory was 23.9MB in the beginning and 166.7MB in the end (delta: -142.8MB). Peak memory consumption was 56.9MB. Max. memory is 4.3GB.
[2026-06-06 01:20:58,259 INFO  L158              Benchmark]: Boogie PL CUP Parser took 0.09ms. Allocated memory is still 46.1MB. Free memory was 13.1MB in the beginning and 13.1MB in the end (delta: 640B). There was no memory consumed. Max. memory is 4.3GB.
[2026-06-06 01:20:58,259 INFO  L158              Benchmark]: Boogie Preprocessor took 18.86ms. Allocated memory is still 46.1MB. Free memory was 23.8MB in the beginning and 21.1MB in the end (delta: 2.7MB). Peak memory consumption was 2.1MB. Max. memory is 4.3GB.
[2026-06-06 01:20:58,259 INFO  L158              Benchmark]: RCFGBuilder took 82.39ms. Allocated memory is still 46.1MB. Free memory was 21.1MB in the beginning and 21.5MB in the end (delta: -376.9kB). Peak memory consumption was 12.6MB. Max. memory is 4.3GB.
[2026-06-06 01:20:58,259 INFO  L158              Benchmark]: TraceAbstraction took 8244.88ms. Allocated memory was 46.1MB in the beginning and 247.5MB in the end (delta: 201.3MB). Free memory was 20.3MB in the beginning and 166.7MB in the end (delta: -146.4MB). Peak memory consumption was 53.3MB. Max. memory is 4.3GB.
[2026-06-06 01:20:58,259 INFO  L338   ainManager$Toolchain]: #######################  End [Toolchain 1] #######################
 --- Results ---
 * Results from de.uni_freiburg.informatik.ultimate.core:
  - StatisticsResult: Toolchain Benchmarks
    Benchmark results are:
 * Boogie PL CUP Parser took 0.09ms. Allocated memory is still 46.1MB. Free memory was 13.1MB in the beginning and 13.1MB in the end (delta: 640B). There was no memory consumed. Max. memory is 4.3GB.
 * Boogie Preprocessor took 18.86ms. Allocated memory is still 46.1MB. Free memory was 23.8MB in the beginning and 21.1MB in the end (delta: 2.7MB). Peak memory consumption was 2.1MB. Max. memory is 4.3GB.
 * RCFGBuilder took 82.39ms. Allocated memory is still 46.1MB. Free memory was 21.1MB in the beginning and 21.5MB in the end (delta: -376.9kB). Peak memory consumption was 12.6MB. Max. memory is 4.3GB.
 * TraceAbstraction took 8244.88ms. Allocated memory was 46.1MB in the beginning and 247.5MB in the end (delta: 201.3MB). Free memory was 20.3MB in the beginning and 166.7MB in the end (delta: -146.4MB). Peak memory consumption was 53.3MB. Max. memory is 4.3GB.
 * Results from de.uni_freiburg.informatik.ultimate.plugins.generator.traceabstraction:
  - StatisticsResult: ErrorAutomatonStatistics
    NumberErrorTraces: 0, NumberStatementsAllTraces: 0, NumberRelevantStatements: 0, 0.0s ErrorAutomatonConstructionTimeTotal, 0.0s FaulLocalizationTime, NumberStatementsFirstTrace: -1, TraceLengthAvg: 0, 0.0s ErrorAutomatonConstructionTimeAvg, 0.0s ErrorAutomatonDifferenceTimeAvg, 0.0s ErrorAutomatonDifferenceTimeTotal, NumberOfNoEnhancement: 0, NumberOfFiniteEnhancement: 0, NumberOfInfiniteEnhancement: 0
  - PositiveResult [Line: 57]: assertion always holds
    For all program executions holds that assertion always holds at this location
  - StatisticsResult: Ultimate Automizer benchmark data
    CFG has 1 procedures, 5 locations, 5 edges, 1 error locations. Started 1 CEGAR loops. OverallTime: 8.2s, OverallIterations: 13, TraceHistogramMax: 6, PathProgramHistogramMax: 0, CheckedPaths: 22, TotalPairwisePrefixLcaDivergence: 150.82389081506727, AvgPairwisePrefixLcaDivergence: 0.6529172762557025, SearchMode: BATCH_LCPS, DuplicateFreshnessFailures: 0, FailedToFindCounterexamples: 5, StalePaths: 10, LcpsCheckedPrefixQueries: 0, LcpsStalePrefixQueries: 0, LcpsCheckedPrefixHits: 0, LcpsStalePrefixHits: 0, LcpsSearchInvocations: 0, LcpsFullCacheSuffixInvocations: 0, LcpsFullCacheSuffixFallbacks: 0, LcpsEffectivePriorityDecisions: 0, BatchLcpsInvocations: 12, BatchLcpsAvailableSlotsTotal: 40, BatchLcpsCandidatesGenerated: 56, BatchLcpsCandidatesSelected: 21, BatchLcpsCandidateGenerationFailures: 5, BatchLcpsAvgCandidatePoolSize: 4.666666666666667, BatchLcpsAvgSelectedBatchSize: 1.75, BatchLcpsEffectiveBatchDecisions: 7, EmptinessCheckTime: 0.0s, AutomataDifference: 0.0s, DeadEndRemovalTime: 0.0s, HoareAnnotationTime: 0.0s, InitialAbstractionConstructionTime: 0.0s, HoareTripleCheckerStatistics: , PredicateUnifierStatistics: No data available, 0.0s BasicInterpolantAutomatonTime, BiggestAbstraction: size=5occurred in iteration=0, InterpolantAutomatonStates: 104, traceCheckStatistics: No data available, InterpolantConsolidationStatistics: No data available, PathInvariantsStatistics: No data available, 0/0 InterpolantCoveringCapability, TotalInterpolationStatistics: No data available, 0.0s DumpTime, AutomataMinimizationStatistics: 0.0s AutomataMinimizationTime, 13 MinimizatonAttempts, 0 StatesRemovedByMinimization, 0 NontrivialMinimizations, HoareAnnotationStatistics: No data available, RefinementEngineStatistics: No data available, ReuseStatistics: No data available, ConComCheckerStatistics: No data available
  - AllSpecificationsHoldResult: All specifications hold
    1 specifications checked. All of them hold
RESULT: Ultimate proved your program to be correct!
[2026-06-06 01:20:58,264 INFO  L546       MonitoredProcess]: [MP /usr/bin/z3 SMTLIB2_COMPLIANT=true -memory:1024 -smt2 -in -t:12000 (1)] Ended with exit code 0
Received shutdown request...

