This is Ultimate 0.3.1-cache-f5c6788a5b-m
[2026-06-06 01:17:47,552 INFO  L188        SettingsManager]: Resetting all preferences to default values...
[2026-06-06 01:17:47,578 INFO  L114        SettingsManager]: Loading settings from /home/hschi1106/ultimate/trunk/examples/Interactive/settings/ResetSettingsCamel.epf
[2026-06-06 01:17:47,581 WARN  L101        SettingsManager]: Preference file contains the following unknown settings:
[2026-06-06 01:17:47,581 WARN  L103        SettingsManager]:   * de.uni_freiburg.informatik.ultimate.plugins.blockencoding.Rewrite not-equals during SBE
[2026-06-06 01:17:47,581 WARN  L103        SettingsManager]:   * de.uni_freiburg.informatik.ultimate.plugins.blockencoding.Simplify codeblocks
[2026-06-06 01:17:47,581 WARN  L103        SettingsManager]:   * de.uni_freiburg.informatik.ultimate.plugins.blockencoding.Simplify assume statements
[2026-06-06 01:17:47,581 WARN  L103        SettingsManager]:   * de.uni_freiburg.informatik.ultimate.plugins.blockencoding.Use SBE during assume simplification
[2026-06-06 01:17:47,581 WARN  L103        SettingsManager]:   * de.uni_freiburg.informatik.ultimate.plugins.blockencoding.Use SBE for initial RCFG
[2026-06-06 01:17:47,581 WARN  L103        SettingsManager]:   * de.uni_freiburg.informatik.ultimate.plugins.blockencoding.Rewrite not equals when simplifying assume statements with SBE
[2026-06-06 01:17:47,581 WARN  L103        SettingsManager]:   * de.uni_freiburg.informatik.ultimate.core.Debug log message color
[2026-06-06 01:17:47,581 WARN  L103        SettingsManager]:   * de.uni_freiburg.informatik.ultimate.core.Drop models when Ultimate exits
[2026-06-06 01:17:47,581 WARN  L103        SettingsManager]:   * de.uni_freiburg.informatik.ultimate.core.Generate benchmark results
[2026-06-06 01:17:47,581 WARN  L103        SettingsManager]:   * de.uni_freiburg.informatik.ultimate.core.Log level for controller plugin
[2026-06-06 01:17:47,581 WARN  L103        SettingsManager]:   * de.uni_freiburg.informatik.ultimate.core.Warning log message color
[2026-06-06 01:17:47,581 WARN  L103        SettingsManager]:   * de.uni_freiburg.informatik.ultimate.core.Root log level
[2026-06-06 01:17:47,581 WARN  L103        SettingsManager]:   * de.uni_freiburg.informatik.ultimate.core.UI logger pattern
[2026-06-06 01:17:47,581 WARN  L103        SettingsManager]:   * de.uni_freiburg.informatik.ultimate.core.Log level for external tools
[2026-06-06 01:17:47,581 WARN  L103        SettingsManager]:   * de.uni_freiburg.informatik.ultimate.core.ultimate.logging.details
[2026-06-06 01:17:47,582 WARN  L103        SettingsManager]:   * de.uni_freiburg.informatik.ultimate.core.Toolchain timeout in seconds
[2026-06-06 01:17:47,582 WARN  L103        SettingsManager]:   * de.uni_freiburg.informatik.ultimate.core.Name of the log file
[2026-06-06 01:17:47,582 WARN  L103        SettingsManager]:   * de.uni_freiburg.informatik.ultimate.core.Info log message color
[2026-06-06 01:17:47,582 WARN  L103        SettingsManager]:   * de.uni_freiburg.informatik.ultimate.core.Create a Logfile
[2026-06-06 01:17:47,582 WARN  L103        SettingsManager]:   * de.uni_freiburg.informatik.ultimate.core.Logger pattern
[2026-06-06 01:17:47,582 WARN  L103        SettingsManager]:   * de.uni_freiburg.informatik.ultimate.core.Log level for core plugin
[2026-06-06 01:17:47,582 WARN  L103        SettingsManager]:   * de.uni_freiburg.informatik.ultimate.core.Show usable parsers
[2026-06-06 01:17:47,582 WARN  L103        SettingsManager]:   * de.uni_freiburg.informatik.ultimate.core.Log level for plugins
[2026-06-06 01:17:47,582 WARN  L103        SettingsManager]:   * de.uni_freiburg.informatik.ultimate.core.Fatal log message color
[2026-06-06 01:17:47,582 WARN  L103        SettingsManager]:   * de.uni_freiburg.informatik.ultimate.core.Show long description of results
[2026-06-06 01:17:47,582 WARN  L103        SettingsManager]:   * de.uni_freiburg.informatik.ultimate.core.Error log message color
[2026-06-06 01:17:47,582 WARN  L103        SettingsManager]:   * de.uni_freiburg.informatik.ultimate.core.Show result in pop-up window after toolchain execution
[2026-06-06 01:17:47,582 WARN  L103        SettingsManager]:   * de.uni_freiburg.informatik.ultimate.core.Directory (default: instance location)
[2026-06-06 01:17:47,582 WARN  L103        SettingsManager]:   * de.uni_freiburg.informatik.ultimate.core.Append to exisiting log file
[2026-06-06 01:17:47,582 WARN  L103        SettingsManager]:   * CDTParser.Please specify include paths that will be parsed with the given C-File
[2026-06-06 01:17:47,582 WARN  L103        SettingsManager]:   * de.uni_freiburg.informatik.ultimate.plugins.generator.rcfgbuilder.Translate Boogie integers to SMT bitvectors
[2026-06-06 01:17:47,582 WARN  L103        SettingsManager]:   * de.uni_freiburg.informatik.ultimate.plugins.generator.cacsl2boogietranslator.How to treat unsigned ints differently from normal ones
[2026-06-06 01:17:47,582 WARN  L103        SettingsManager]:   * de.uni_freiburg.informatik.ultimate.witnessprinter.Generate witnesses
[2026-06-06 01:17:47,582 WARN  L103        SettingsManager]:   * de.uni_freiburg.informatik.ultimate.witnessprinter.Write witness to working directory
[2026-06-06 01:17:47,582 WARN  L103        SettingsManager]:   * de.uni_freiburg.informatik.ultimate.plugins.analysis.irsdependencies.Mode
[2026-06-06 01:17:47,582 WARN  L103        SettingsManager]:   * de.uni_freiburg.informatik.ultimate.plugins.analysis.abstractinterpretationv2.Number type
[2026-06-06 01:17:47,582 WARN  L103        SettingsManager]:   * de.uni_freiburg.informatik.ultimate.plugins.analysis.abstractinterpretationv2.Congruence Widening operator
[2026-06-06 01:17:47,582 WARN  L103        SettingsManager]:   * de.uni_freiburg.informatik.ultimate.plugins.output.jungvisualization.Annotate edges
[2026-06-06 01:17:47,582 WARN  L103        SettingsManager]:   * de.uni_freiburg.informatik.ultimate.plugins.output.jungvisualization.Background color:
[2026-06-06 01:17:47,582 WARN  L103        SettingsManager]:   * de.uni_freiburg.informatik.ultimate.plugins.output.jungvisualization.Which models should be visualized?
[2026-06-06 01:17:47,582 WARN  L103        SettingsManager]:   * de.uni_freiburg.informatik.ultimate.plugins.output.jungvisualization.Choose node shape:
[2026-06-06 01:17:47,582 WARN  L103        SettingsManager]:   * de.uni_freiburg.informatik.ultimate.plugins.output.jungvisualization.Node color:
[2026-06-06 01:17:47,582 WARN  L103        SettingsManager]:   * de.uni_freiburg.informatik.ultimate.plugins.output.jungvisualization.Picked node color:
[2026-06-06 01:17:47,582 WARN  L103        SettingsManager]:   * de.uni_freiburg.informatik.ultimate.plugins.output.jungvisualization.Annotate nodes
[2026-06-06 01:17:47,582 WARN  L103        SettingsManager]:   * de.uni_freiburg.informatik.ultimate.plugins.output.jungvisualization.SVG Export directory:
[2026-06-06 01:17:47,582 WARN  L103        SettingsManager]:   * de.uni_freiburg.informatik.ultimate.plugins.output.jungvisualization.Default graph layout:
[2026-06-06 01:17:47,582 WARN  L103        SettingsManager]:   * de.uni_freiburg.informatik.ultimate.boogie.procedureinliner.to and inside polymorphic procedures
[2026-06-06 01:17:47,582 WARN  L103        SettingsManager]:   * de.uni_freiburg.informatik.ultimate.boogie.procedureinliner.to procedures with 'free requires' specifications
[2026-06-06 01:17:47,582 WARN  L103        SettingsManager]:   * de.uni_freiburg.informatik.ultimate.boogie.procedureinliner.calls to unimplemented procedures
[2026-06-06 01:17:47,582 WARN  L103        SettingsManager]:   * de.uni_freiburg.informatik.ultimate.boogie.procedureinliner.to recursive procedures
[2026-06-06 01:17:47,582 WARN  L103        SettingsManager]:   * de.uni_freiburg.informatik.ultimate.boogie.procedureinliner.with 'forall' modifier
[2026-06-06 01:17:47,582 WARN  L103        SettingsManager]:   * de.uni_freiburg.informatik.ultimate.boogie.procedureinliner.calls to implemented procedures
[2026-06-06 01:17:47,582 WARN  L103        SettingsManager]:   * de.uni_freiburg.informatik.ultimate.boogie.procedureinliner.to procedures, called more than once
[2026-06-06 01:17:47,582 WARN  L103        SettingsManager]:   * de.uni_freiburg.informatik.ultimate.plugins.generator.traceabstraction.Non-flow-sensitive error trace relevance analysis
[2026-06-06 01:17:47,582 WARN  L103        SettingsManager]:   * de.uni_freiburg.informatik.ultimate.plugins.generator.traceabstraction.use unfolding as abstraction
[2026-06-06 01:17:47,582 WARN  L103        SettingsManager]:   * de.uni_freiburg.informatik.ultimate.plugins.generator.traceabstraction.Iterations until the model checker surrenders
[2026-06-06 01:17:47,582 WARN  L103        SettingsManager]:   * de.uni_freiburg.informatik.ultimate.plugins.generator.traceabstraction.Enable interactive Verification?
[2026-06-06 01:17:47,582 WARN  L103        SettingsManager]:   * de.uni_freiburg.informatik.ultimate.plugins.generator.traceabstraction.Flow-sensitive error trace relevance analysis
[2026-06-06 01:17:47,582 WARN  L103        SettingsManager]:   * de.uni_freiburg.informatik.ultimate.gui.LASTTOOLCHAINPATH
[2026-06-06 01:17:47,582 WARN  L103        SettingsManager]:   * de.uni_freiburg.informatik.ultimate.gui.LASTPATH
[2026-06-06 01:17:47,598 INFO  L130        SettingsManager]: Preferences different from defaults after loading the file:
[2026-06-06 01:17:47,599 INFO  L151        SettingsManager]: Preferences of UltimateCore differ from their defaults:
[2026-06-06 01:17:47,599 INFO  L153        SettingsManager]:  * Directory (default: instance location)=/home/iari/src/ultimate/trunk/runtime-Debug-E4.product/
[2026-06-06 01:17:47,599 INFO  L151        SettingsManager]: Preferences of Abstract Interpretation differ from their defaults:
[2026-06-06 01:17:47,599 INFO  L153        SettingsManager]:  * Log string format=HALF_MATRIX
[2026-06-06 01:17:47,599 INFO  L151        SettingsManager]: Preferences of BuchiAutomizer differ from their defaults:
[2026-06-06 01:17:47,599 INFO  L153        SettingsManager]:  * Buchi interpolant automaton=Staged
[2026-06-06 01:17:47,599 INFO  L153        SettingsManager]:  * Buchi complementation construction=Ncsb
[2026-06-06 01:17:47,599 INFO  L151        SettingsManager]: Preferences of CACSL2BoogieTranslator differ from their defaults:
[2026-06-06 01:17:47,599 INFO  L153        SettingsManager]:  * Report unsoundness warnings=false
[2026-06-06 01:17:47,599 INFO  L151        SettingsManager]: Preferences of RCFGBuilder differ from their defaults:
[2026-06-06 01:17:47,599 INFO  L153        SettingsManager]:  * Logic for external solver=AUFNIRA
[2026-06-06 01:17:47,599 INFO  L153        SettingsManager]:  * Convert code blocks to CNF=true
[2026-06-06 01:17:47,599 INFO  L151        SettingsManager]: Preferences of TraceAbstraction differ from their defaults:
[2026-06-06 01:17:47,599 INFO  L153        SettingsManager]:  * cut-off requires same transition=true
[2026-06-06 01:17:47,599 INFO  L153        SettingsManager]:  * Trace refinement strategy=CAMEL
Applying setting for plugin de.uni_freiburg.informatik.ultimate.plugins.generator.traceabstraction: Use CEGAR loop for Parallel Trace Abstraction -> true
Applying setting for plugin de.uni_freiburg.informatik.ultimate.plugins.generator.traceabstraction: Threadlimit for Parallel CEGAR -> 16
Applying setting for plugin de.uni_freiburg.informatik.ultimate.plugins.generator.traceabstraction: Parallel trace search selection mode -> LCPS
Applying setting for plugin de.uni_freiburg.informatik.ultimate.plugins.generator.traceabstraction: Track stale prefixes in parallel search -> true
Applying setting for plugin de.uni_freiburg.informatik.ultimate.plugins.generator.traceabstraction: Use initial BFS in PAPER/LCPS parallel search -> true
Applying setting for plugin de.uni_freiburg.informatik.ultimate.plugins.generator.traceabstraction: Batch LCPS candidate multiplier -> 4
Applying setting for plugin de.uni_freiburg.informatik.ultimate.plugins.generator.traceabstraction: Batch LCPS candidate cap -> 32
[2026-06-06 01:17:47,710 INFO  L75    nceAwareModelManager]: Repository-Root is: /tmp
[2026-06-06 01:17:47,714 INFO  L261   ainManager$Toolchain]: [Toolchain 1]: Applicable parser(s) successfully (re)initialized
[2026-06-06 01:17:47,715 INFO  L217   ainManager$Toolchain]: [Toolchain 1]: Toolchain selected.
[2026-06-06 01:17:47,715 INFO  L270        PluginConnector]: Initializing Boogie PL CUP Parser...
[2026-06-06 01:17:47,716 INFO  L274        PluginConnector]: Boogie PL CUP Parser initialized
[2026-06-06 01:17:47,716 INFO  L431   ainManager$Toolchain]: [Toolchain 1]: Parsing single file: /home/hschi1106/ultimate/trunk/examples/programs/20170304-DifficultPathPrograms/resultKnown/eureka_05.i_5.bpl
[2026-06-06 01:17:47,716 INFO  L110           BoogieParser]: Parsing: '/home/hschi1106/ultimate/trunk/examples/programs/20170304-DifficultPathPrograms/resultKnown/eureka_05.i_5.bpl'
[2026-06-06 01:17:47,726 INFO  L299   ainManager$Toolchain]: ####################### [Toolchain 1] #######################
[2026-06-06 01:17:47,727 INFO  L133        ToolchainWalker]: Walking toolchain with 3 elements.
[2026-06-06 01:17:47,727 INFO  L112        PluginConnector]: ------------------------Boogie Preprocessor----------------------------
[2026-06-06 01:17:47,727 INFO  L270        PluginConnector]: Initializing Boogie Preprocessor...
[2026-06-06 01:17:47,727 INFO  L274        PluginConnector]: Boogie Preprocessor initialized
[2026-06-06 01:17:47,732 INFO  L184        PluginConnector]: Executing the observer EnsureBoogieModelObserver from plugin Boogie Preprocessor for "eureka_05.i_5.bpl de.uni_freiburg.informatik.ultimate.boogie.parser AST 06.06 01:17:47" (1/1) ...
[2026-06-06 01:17:47,732 INFO  L184        PluginConnector]: Executing the observer TypeChecker from plugin Boogie Preprocessor for "eureka_05.i_5.bpl de.uni_freiburg.informatik.ultimate.boogie.parser AST 06.06 01:17:47" (1/1) ...
[2026-06-06 01:17:47,741 INFO  L184        PluginConnector]: Executing the observer ConstExpander from plugin Boogie Preprocessor for "eureka_05.i_5.bpl de.uni_freiburg.informatik.ultimate.boogie.parser AST 06.06 01:17:47" (1/1) ...
[2026-06-06 01:17:47,741 INFO  L184        PluginConnector]: Executing the observer StructExpander from plugin Boogie Preprocessor for "eureka_05.i_5.bpl de.uni_freiburg.informatik.ultimate.boogie.parser AST 06.06 01:17:47" (1/1) ...
[2026-06-06 01:17:47,742 INFO  L184        PluginConnector]: Executing the observer ReplaceArrayAssignments from plugin Boogie Preprocessor for "eureka_05.i_5.bpl de.uni_freiburg.informatik.ultimate.boogie.parser AST 06.06 01:17:47" (1/1) ...
[2026-06-06 01:17:47,742 INFO  L184        PluginConnector]: Executing the observer UnstructureCode from plugin Boogie Preprocessor for "eureka_05.i_5.bpl de.uni_freiburg.informatik.ultimate.boogie.parser AST 06.06 01:17:47" (1/1) ...
[2026-06-06 01:17:47,743 INFO  L184        PluginConnector]: Executing the observer FunctionInliner from plugin Boogie Preprocessor for "eureka_05.i_5.bpl de.uni_freiburg.informatik.ultimate.boogie.parser AST 06.06 01:17:47" (1/1) ...
[2026-06-06 01:17:47,743 INFO  L184        PluginConnector]: Executing the observer LTLStepAnnotator from plugin Boogie Preprocessor for "eureka_05.i_5.bpl de.uni_freiburg.informatik.ultimate.boogie.parser AST 06.06 01:17:47" (1/1) ...
[2026-06-06 01:17:47,743 INFO  L184        PluginConnector]: Executing the observer BoogieSymbolTableConstructor from plugin Boogie Preprocessor for "eureka_05.i_5.bpl de.uni_freiburg.informatik.ultimate.boogie.parser AST 06.06 01:17:47" (1/1) ...
[2026-06-06 01:17:47,745 INFO  L131        PluginConnector]: ------------------------ END Boogie Preprocessor----------------------------
[2026-06-06 01:17:47,745 INFO  L112        PluginConnector]: ------------------------RCFGBuilder----------------------------
[2026-06-06 01:17:47,745 INFO  L270        PluginConnector]: Initializing RCFGBuilder...
[2026-06-06 01:17:47,745 INFO  L274        PluginConnector]: RCFGBuilder initialized
[2026-06-06 01:17:47,746 INFO  L184        PluginConnector]: Executing the observer RCFGBuilderObserver from plugin RCFGBuilder for "eureka_05.i_5.bpl de.uni_freiburg.informatik.ultimate.boogie.parser AST 06.06 01:17:47" (1/1) ...
[2026-06-06 01:17:47,748 INFO  L173          SolverBuilder]: Constructing external solver with command: z3 SMTLIB2_COMPLIANT=true -memory:1024 -smt2 -in -t:12000
[2026-06-06 01:17:47,753 INFO  L189       MonitoredProcess]: No working directory specified, using /usr/bin/z3
[2026-06-06 01:17:47,757 INFO  L229       MonitoredProcess]: Starting monitored process 1 with /usr/bin/z3 SMTLIB2_COMPLIANT=true -memory:1024 -smt2 -in -t:12000 (exit command is (exit), workingDir is null)
[2026-06-06 01:17:47,758 INFO  L327       MonitoredProcess]: [MP /usr/bin/z3 SMTLIB2_COMPLIANT=true -memory:1024 -smt2 -in -t:12000 (1)] Waiting until timeout for monitored process
[2026-06-06 01:17:47,766 INFO  L138     BoogieDeclarations]: Found implementation of procedure ULTIMATE.start
[2026-06-06 01:17:47,766 INFO  L130     BoogieDeclarations]: Found specification of procedure ULTIMATE.start
[2026-06-06 01:17:47,784 INFO  L234             CfgBuilder]: Building ICFG
[2026-06-06 01:17:47,785 INFO  L260             CfgBuilder]: Building CFG for each procedure with an implementation
[2026-06-06 01:17:47,814 INFO  L733   $ProcedureCfgBuilder]: dead code at ProgramPoint ULTIMATE.startFINAL: assume true;
[2026-06-06 01:17:47,818 INFO  L?                        ?]: Removed 5 outVars from TransFormulas that were not future-live.
[2026-06-06 01:17:47,818 INFO  L283             CfgBuilder]: Performing block encoding
[2026-06-06 01:17:47,821 INFO  L89      LargeBlockEncoding]: Applying CFG Large Block Encoding to ICFG that has 1 procedures, 7 locations, 9 edges, 0 initial locations, 0 loop locations, and 1 error locations.
[2026-06-06 01:17:47,823 INFO  L139     LargeBlockEncoding]: LargeBlockEncoding completed in 3 ms, with 0 straightline sequential compositions, 0 parallel compositions, 0 1:n/n:1 sequential compositions and 0 complex sequential compositions.
[2026-06-06 01:17:47,823 INFO  L307             CfgBuilder]: Using the 1 location(s) as analysis (start of procedure ULTIMATE.start)
[2026-06-06 01:17:47,823 INFO  L312             CfgBuilder]: Removed 4 assume(true) statements.
[2026-06-06 01:17:47,823 INFO  L314             CfgBuilder]: Constructed ICFG has 1 procedures, 7 locations, 9 edges, 1 initial locations, 0 loop locations, and 1 error locations.
[2026-06-06 01:17:47,823 INFO  L201        PluginConnector]: Adding new model eureka_05.i_5.bpl de.uni_freiburg.informatik.ultimate.plugins.generator.rcfgbuilder CFG 06.06 01:17:47 BoogieIcfgContainer
[2026-06-06 01:17:47,824 INFO  L131        PluginConnector]: ------------------------ END RCFGBuilder----------------------------
[2026-06-06 01:17:47,825 INFO  L112        PluginConnector]: ------------------------TraceAbstraction----------------------------
[2026-06-06 01:17:47,825 INFO  L270        PluginConnector]: Initializing TraceAbstraction...
[2026-06-06 01:17:47,826 INFO  L274        PluginConnector]: TraceAbstraction initialized
[2026-06-06 01:17:47,826 INFO  L184        PluginConnector]: Executing the observer TraceAbstractionObserver from plugin TraceAbstraction for "eureka_05.i_5.bpl de.uni_freiburg.informatik.ultimate.boogie.parser AST 06.06 01:17:47" (1/2) ...
[2026-06-06 01:17:47,826 INFO  L204        PluginConnector]: Invalid model from TraceAbstraction for observer de.uni_freiburg.informatik.ultimate.plugins.generator.traceabstraction.TraceAbstractionObserver@5f7471f3 and model type eureka_05.i_5.bpl de.uni_freiburg.informatik.ultimate.plugins.generator.traceabstraction AST 06.06 01:17:47, skipping insertion in model container
[2026-06-06 01:17:47,827 INFO  L184        PluginConnector]: Executing the observer TraceAbstractionObserver from plugin TraceAbstraction for "eureka_05.i_5.bpl de.uni_freiburg.informatik.ultimate.plugins.generator.rcfgbuilder CFG 06.06 01:17:47" (2/2) ...
[2026-06-06 01:17:47,827 INFO  L128   eAbstractionObserver]: Analyzing ICFG eureka_05.i_5.bpl
[2026-06-06 01:17:47,832 INFO  L217   ceAbstractionStarter]: Automizer settings: Hoare:None NWA Interpolation:ForwardPredicates Determinization: PREDICATE_ABSTRACTION
[2026-06-06 01:17:47,832 INFO  L151   ceAbstractionStarter]: Applying trace abstraction to ICFG eureka_05.i_5.bpl that has 1 procedures, 7 locations, 9 edges, 1 initial locations, 0 loop locations, and 1 error locations.
[2026-06-06 01:17:47,847 INFO  L344      AbstractCegarLoop]: ======== Iteration 0 == of CEGAR loop == AllErrorsAtOnce ========
[2026-06-06 01:17:47,851 INFO  L345      AbstractCegarLoop]: Settings: SEPARATE_VIOLATION_CHECK=true, mInterprocedural=true, mMaxIterations=1000000, mWatchIteration=1000000, mArtifact=RCFG, mInterpolation=ForwardPredicates, mInterpolantAutomaton=STRAIGHT_LINE, mDumpAutomata=false, mAutomataFormat=ATS_NUMERATE, mDumpPath=., mDeterminiation=PREDICATE_ABSTRACTION, mMinimize=MINIMIZE_SEVPA, mAutomataTypeConcurrency=FINITE_AUTOMATA, mHoareTripleChecks=INCREMENTAL, mHoareAnnotationPositions=None, mDumpOnlyReuseAutomata=false, mLimitTraceHistogram=0, mErrorLocTimeLimit=0, mLimitPathProgramCount=0, mCollectInterpolantStatistics=true, mHeuristicEmptinessCheck=false, mHeuristicEmptinessCheckAStarHeuristic=ZERO, mHeuristicEmptinessCheckAStarHeuristicRandomSeed=1337, mHeuristicEmptinessCheckSmtFeatureScoringMethod=DAGSIZE, mSMTFeatureExtraction=false, mSMTFeatureExtractionDumpPath=., mOverrideInterpolantAutomaton=false, mMcrInterpolantMethod=WP, mPorIndependenceSettings=[Lde.uni_freiburg.informatik.ultimate.lib.tracecheckerutils.partialorder.independence.IndependenceSettings;@2bf3d61e, mLbeIndependenceSettings=[IndependenceType=SEMANTIC, AbstractionType=NONE, UseConditional=false, UseSemiCommutativity=true, Solver=Z3, SolverTimeout=1000ms], mThreadLimit=16, mParallelCegarLoop=true, mConsiderOnlyActiveCounterexamplesInIsEmptyParallel=true, mMinimizeAbstractionPerWorker=true, mSearchLoopBound=-1, mParallelTraceSearchSelectionMode=LCPS, mParallelTraceSearchUseInitialBfs=true, mParallelTraceSearchTrackStalePrefixes=true, mBatchLcpsCandidateMultiplier=4, mBatchLcpsCandidateCap=32
[2026-06-06 01:17:47,851 INFO  L346      AbstractCegarLoop]: Starting to check reachability of 1 error locations.
[2026-06-06 01:17:47,852 INFO  L290                IsEmpty]: Start isEmpty. Operand  has 6 states, 5 states have (on average 1.8) internal successors, (9), 5 states have internal predecessors, (9), 0 states have call successors, (0), 0 states have call predecessors, (0), 0 states have return successors, (0), 0 states have call predecessors, (0), 0 states have call successors, (0)
[2026-06-06 01:17:47,854 INFO  L300                IsEmpty]: Finished isEmpty. Found accepting run of length 5
[2026-06-06 01:17:47,854 INFO  L199           NwaCegarLoop]: Found error trace
[2026-06-06 01:17:47,854 INFO  L207           NwaCegarLoop]: trace histogram [1, 1, 1, 1]
[2026-06-06 01:17:47,854 INFO  L173          SolverBuilder]: Constructing external solver with command: z3 SMTLIB2_COMPLIANT=true -memory:1024 -smt2 -in -t:12000
[2026-06-06 01:17:47,856 INFO  L189       MonitoredProcess]: No working directory specified, using /usr/bin/z3
[2026-06-06 01:17:47,858 INFO  L229       MonitoredProcess]: Starting monitored process 2 with /usr/bin/z3 SMTLIB2_COMPLIANT=true -memory:1024 -smt2 -in -t:12000 (exit command is (exit), workingDir is null)
[2026-06-06 01:17:47,858 INFO  L327       MonitoredProcess]: [MP /usr/bin/z3 SMTLIB2_COMPLIANT=true -memory:1024 -smt2 -in -t:12000 (2)] Waiting until timeout for monitored process
[2026-06-06 01:17:47,871 WARN  L330   ript$VariableManager]: TermVariable v_ULTIMATE.start___VERIFIER_assert_~cond_3 not constructed by VariableManager. Cannot ensure absence of name clashes.
[2026-06-06 01:17:47,871 WARN  L330   ript$VariableManager]: TermVariable v_ULTIMATE.start_main_~i~7_8 not constructed by VariableManager. Cannot ensure absence of name clashes.
[2026-06-06 01:17:47,872 WARN  L330   ript$VariableManager]: TermVariable |v_ULTIMATE.start___VERIFIER_assert_#in~cond_2| not constructed by VariableManager. Cannot ensure absence of name clashes.
[2026-06-06 01:17:47,873 WARN  L330   ript$VariableManager]: TermVariable v_ULTIMATE.start_SelectionSort_~temp~4_4 not constructed by VariableManager. Cannot ensure absence of name clashes.
[2026-06-06 01:17:47,874 INFO  L173          SolverBuilder]: Constructing external solver with command: z3 SMTLIB2_COMPLIANT=true -memory:1024 -smt2 -in -t:12000
[2026-06-06 01:17:47,874 INFO  L196   CegarNwaWorkerThread]: WorkerThread: Thread[#80,pool-1-thread-1,5,main] is Waiting for a Task
[2026-06-06 01:17:47,875 INFO  L189       MonitoredProcess]: No working directory specified, using /usr/bin/z3
[2026-06-06 01:17:47,877 INFO  L229       MonitoredProcess]: Starting monitored process 3 with /usr/bin/z3 SMTLIB2_COMPLIANT=true -memory:1024 -smt2 -in -t:12000 (exit command is (exit), workingDir is null)
[2026-06-06 01:17:47,877 INFO  L327       MonitoredProcess]: [MP /usr/bin/z3 SMTLIB2_COMPLIANT=true -memory:1024 -smt2 -in -t:12000 (3)] Waiting until timeout for monitored process
[2026-06-06 01:17:47,886 WARN  L330   ript$VariableManager]: TermVariable v_ULTIMATE.start___VERIFIER_assert_~cond_3 not constructed by VariableManager. Cannot ensure absence of name clashes.
[2026-06-06 01:17:47,887 WARN  L330   ript$VariableManager]: TermVariable v_ULTIMATE.start_main_~i~7_8 not constructed by VariableManager. Cannot ensure absence of name clashes.
[2026-06-06 01:17:47,887 WARN  L330   ript$VariableManager]: TermVariable |v_ULTIMATE.start___VERIFIER_assert_#in~cond_2| not constructed by VariableManager. Cannot ensure absence of name clashes.
[2026-06-06 01:17:47,887 WARN  L330   ript$VariableManager]: TermVariable v_ULTIMATE.start_SelectionSort_~temp~4_4 not constructed by VariableManager. Cannot ensure absence of name clashes.
[2026-06-06 01:17:47,888 INFO  L173          SolverBuilder]: Constructing external solver with command: z3 SMTLIB2_COMPLIANT=true -memory:1024 -smt2 -in -t:12000
[2026-06-06 01:17:47,888 INFO  L196   CegarNwaWorkerThread]: WorkerThread: Thread[#86,pool-1-thread-2,5,main] is Waiting for a Task
[2026-06-06 01:17:47,890 INFO  L189       MonitoredProcess]: No working directory specified, using /usr/bin/z3
[2026-06-06 01:17:47,891 INFO  L229       MonitoredProcess]: Starting monitored process 4 with /usr/bin/z3 SMTLIB2_COMPLIANT=true -memory:1024 -smt2 -in -t:12000 (exit command is (exit), workingDir is null)
[2026-06-06 01:17:47,891 INFO  L327       MonitoredProcess]: [MP /usr/bin/z3 SMTLIB2_COMPLIANT=true -memory:1024 -smt2 -in -t:12000 (4)] Waiting until timeout for monitored process
[2026-06-06 01:17:47,901 WARN  L330   ript$VariableManager]: TermVariable v_ULTIMATE.start___VERIFIER_assert_~cond_3 not constructed by VariableManager. Cannot ensure absence of name clashes.
[2026-06-06 01:17:47,902 WARN  L330   ript$VariableManager]: TermVariable v_ULTIMATE.start_main_~i~7_8 not constructed by VariableManager. Cannot ensure absence of name clashes.
[2026-06-06 01:17:47,902 WARN  L330   ript$VariableManager]: TermVariable |v_ULTIMATE.start___VERIFIER_assert_#in~cond_2| not constructed by VariableManager. Cannot ensure absence of name clashes.
[2026-06-06 01:17:47,903 WARN  L330   ript$VariableManager]: TermVariable v_ULTIMATE.start_SelectionSort_~temp~4_4 not constructed by VariableManager. Cannot ensure absence of name clashes.
[2026-06-06 01:17:47,903 INFO  L173          SolverBuilder]: Constructing external solver with command: z3 SMTLIB2_COMPLIANT=true -memory:1024 -smt2 -in -t:12000
[2026-06-06 01:17:47,903 INFO  L196   CegarNwaWorkerThread]: WorkerThread: Thread[#95,pool-1-thread-3,5,main] is Waiting for a Task
[2026-06-06 01:17:47,905 INFO  L189       MonitoredProcess]: No working directory specified, using /usr/bin/z3
[2026-06-06 01:17:47,906 INFO  L229       MonitoredProcess]: Starting monitored process 5 with /usr/bin/z3 SMTLIB2_COMPLIANT=true -memory:1024 -smt2 -in -t:12000 (exit command is (exit), workingDir is null)
[2026-06-06 01:17:47,907 INFO  L327       MonitoredProcess]: [MP /usr/bin/z3 SMTLIB2_COMPLIANT=true -memory:1024 -smt2 -in -t:12000 (5)] Waiting until timeout for monitored process
[2026-06-06 01:17:47,916 WARN  L330   ript$VariableManager]: TermVariable v_ULTIMATE.start___VERIFIER_assert_~cond_3 not constructed by VariableManager. Cannot ensure absence of name clashes.
[2026-06-06 01:17:47,916 WARN  L330   ript$VariableManager]: TermVariable v_ULTIMATE.start_main_~i~7_8 not constructed by VariableManager. Cannot ensure absence of name clashes.
[2026-06-06 01:17:47,916 WARN  L330   ript$VariableManager]: TermVariable |v_ULTIMATE.start___VERIFIER_assert_#in~cond_2| not constructed by VariableManager. Cannot ensure absence of name clashes.
[2026-06-06 01:17:47,917 WARN  L330   ript$VariableManager]: TermVariable v_ULTIMATE.start_SelectionSort_~temp~4_4 not constructed by VariableManager. Cannot ensure absence of name clashes.
[2026-06-06 01:17:47,917 INFO  L196   CegarNwaWorkerThread]: WorkerThread: Thread[#101,pool-1-thread-4,5,main] is Waiting for a Task
[2026-06-06 01:17:47,917 INFO  L173          SolverBuilder]: Constructing external solver with command: z3 SMTLIB2_COMPLIANT=true -memory:1024 -smt2 -in -t:12000
[2026-06-06 01:17:47,919 INFO  L189       MonitoredProcess]: No working directory specified, using /usr/bin/z3
[2026-06-06 01:17:47,920 INFO  L229       MonitoredProcess]: Starting monitored process 6 with /usr/bin/z3 SMTLIB2_COMPLIANT=true -memory:1024 -smt2 -in -t:12000 (exit command is (exit), workingDir is null)
[2026-06-06 01:17:47,921 INFO  L327       MonitoredProcess]: [MP /usr/bin/z3 SMTLIB2_COMPLIANT=true -memory:1024 -smt2 -in -t:12000 (6)] Waiting until timeout for monitored process
[2026-06-06 01:17:47,929 WARN  L330   ript$VariableManager]: TermVariable v_ULTIMATE.start___VERIFIER_assert_~cond_3 not constructed by VariableManager. Cannot ensure absence of name clashes.
[2026-06-06 01:17:47,929 WARN  L330   ript$VariableManager]: TermVariable v_ULTIMATE.start_main_~i~7_8 not constructed by VariableManager. Cannot ensure absence of name clashes.
[2026-06-06 01:17:47,929 WARN  L330   ript$VariableManager]: TermVariable |v_ULTIMATE.start___VERIFIER_assert_#in~cond_2| not constructed by VariableManager. Cannot ensure absence of name clashes.
[2026-06-06 01:17:47,930 WARN  L330   ript$VariableManager]: TermVariable v_ULTIMATE.start_SelectionSort_~temp~4_4 not constructed by VariableManager. Cannot ensure absence of name clashes.
[2026-06-06 01:17:47,930 INFO  L173          SolverBuilder]: Constructing external solver with command: z3 SMTLIB2_COMPLIANT=true -memory:1024 -smt2 -in -t:12000
[2026-06-06 01:17:47,930 INFO  L196   CegarNwaWorkerThread]: WorkerThread: Thread[#107,pool-1-thread-5,5,main] is Waiting for a Task
[2026-06-06 01:17:47,932 INFO  L189       MonitoredProcess]: No working directory specified, using /usr/bin/z3
[2026-06-06 01:17:47,933 INFO  L229       MonitoredProcess]: Starting monitored process 7 with /usr/bin/z3 SMTLIB2_COMPLIANT=true -memory:1024 -smt2 -in -t:12000 (exit command is (exit), workingDir is null)
[2026-06-06 01:17:47,934 INFO  L327       MonitoredProcess]: [MP /usr/bin/z3 SMTLIB2_COMPLIANT=true -memory:1024 -smt2 -in -t:12000 (7)] Waiting until timeout for monitored process
[2026-06-06 01:17:47,942 WARN  L330   ript$VariableManager]: TermVariable v_ULTIMATE.start___VERIFIER_assert_~cond_3 not constructed by VariableManager. Cannot ensure absence of name clashes.
[2026-06-06 01:17:47,942 WARN  L330   ript$VariableManager]: TermVariable v_ULTIMATE.start_main_~i~7_8 not constructed by VariableManager. Cannot ensure absence of name clashes.
[2026-06-06 01:17:47,942 WARN  L330   ript$VariableManager]: TermVariable |v_ULTIMATE.start___VERIFIER_assert_#in~cond_2| not constructed by VariableManager. Cannot ensure absence of name clashes.
[2026-06-06 01:17:47,943 WARN  L330   ript$VariableManager]: TermVariable v_ULTIMATE.start_SelectionSort_~temp~4_4 not constructed by VariableManager. Cannot ensure absence of name clashes.
[2026-06-06 01:17:47,943 INFO  L173          SolverBuilder]: Constructing external solver with command: z3 SMTLIB2_COMPLIANT=true -memory:1024 -smt2 -in -t:12000
[2026-06-06 01:17:47,943 INFO  L196   CegarNwaWorkerThread]: WorkerThread: Thread[#113,pool-1-thread-6,5,main] is Waiting for a Task
[2026-06-06 01:17:47,945 INFO  L189       MonitoredProcess]: No working directory specified, using /usr/bin/z3
[2026-06-06 01:17:47,947 INFO  L229       MonitoredProcess]: Starting monitored process 8 with /usr/bin/z3 SMTLIB2_COMPLIANT=true -memory:1024 -smt2 -in -t:12000 (exit command is (exit), workingDir is null)
[2026-06-06 01:17:47,947 INFO  L327       MonitoredProcess]: [MP /usr/bin/z3 SMTLIB2_COMPLIANT=true -memory:1024 -smt2 -in -t:12000 (8)] Waiting until timeout for monitored process
[2026-06-06 01:17:47,956 WARN  L330   ript$VariableManager]: TermVariable v_ULTIMATE.start___VERIFIER_assert_~cond_3 not constructed by VariableManager. Cannot ensure absence of name clashes.
[2026-06-06 01:17:47,956 WARN  L330   ript$VariableManager]: TermVariable v_ULTIMATE.start_main_~i~7_8 not constructed by VariableManager. Cannot ensure absence of name clashes.
[2026-06-06 01:17:47,956 WARN  L330   ript$VariableManager]: TermVariable |v_ULTIMATE.start___VERIFIER_assert_#in~cond_2| not constructed by VariableManager. Cannot ensure absence of name clashes.
[2026-06-06 01:17:47,956 WARN  L330   ript$VariableManager]: TermVariable v_ULTIMATE.start_SelectionSort_~temp~4_4 not constructed by VariableManager. Cannot ensure absence of name clashes.
[2026-06-06 01:17:47,957 INFO  L173          SolverBuilder]: Constructing external solver with command: z3 SMTLIB2_COMPLIANT=true -memory:1024 -smt2 -in -t:12000
[2026-06-06 01:17:47,957 INFO  L196   CegarNwaWorkerThread]: WorkerThread: Thread[#119,pool-1-thread-7,5,main] is Waiting for a Task
[2026-06-06 01:17:47,958 INFO  L189       MonitoredProcess]: No working directory specified, using /usr/bin/z3
[2026-06-06 01:17:47,959 INFO  L229       MonitoredProcess]: Starting monitored process 9 with /usr/bin/z3 SMTLIB2_COMPLIANT=true -memory:1024 -smt2 -in -t:12000 (exit command is (exit), workingDir is null)
[2026-06-06 01:17:47,960 INFO  L327       MonitoredProcess]: [MP /usr/bin/z3 SMTLIB2_COMPLIANT=true -memory:1024 -smt2 -in -t:12000 (9)] Waiting until timeout for monitored process
[2026-06-06 01:17:47,968 WARN  L330   ript$VariableManager]: TermVariable v_ULTIMATE.start___VERIFIER_assert_~cond_3 not constructed by VariableManager. Cannot ensure absence of name clashes.
[2026-06-06 01:17:47,968 WARN  L330   ript$VariableManager]: TermVariable v_ULTIMATE.start_main_~i~7_8 not constructed by VariableManager. Cannot ensure absence of name clashes.
[2026-06-06 01:17:47,968 WARN  L330   ript$VariableManager]: TermVariable |v_ULTIMATE.start___VERIFIER_assert_#in~cond_2| not constructed by VariableManager. Cannot ensure absence of name clashes.
[2026-06-06 01:17:47,968 WARN  L330   ript$VariableManager]: TermVariable v_ULTIMATE.start_SelectionSort_~temp~4_4 not constructed by VariableManager. Cannot ensure absence of name clashes.
[2026-06-06 01:17:47,969 INFO  L173          SolverBuilder]: Constructing external solver with command: z3 SMTLIB2_COMPLIANT=true -memory:1024 -smt2 -in -t:12000
[2026-06-06 01:17:47,969 INFO  L196   CegarNwaWorkerThread]: WorkerThread: Thread[#125,pool-1-thread-8,5,main] is Waiting for a Task
[2026-06-06 01:17:47,971 INFO  L189       MonitoredProcess]: No working directory specified, using /usr/bin/z3
[2026-06-06 01:17:47,972 INFO  L229       MonitoredProcess]: Starting monitored process 10 with /usr/bin/z3 SMTLIB2_COMPLIANT=true -memory:1024 -smt2 -in -t:12000 (exit command is (exit), workingDir is null)
[2026-06-06 01:17:47,972 INFO  L327       MonitoredProcess]: [MP /usr/bin/z3 SMTLIB2_COMPLIANT=true -memory:1024 -smt2 -in -t:12000 (10)] Waiting until timeout for monitored process
[2026-06-06 01:17:47,981 WARN  L330   ript$VariableManager]: TermVariable v_ULTIMATE.start___VERIFIER_assert_~cond_3 not constructed by VariableManager. Cannot ensure absence of name clashes.
[2026-06-06 01:17:47,981 WARN  L330   ript$VariableManager]: TermVariable v_ULTIMATE.start_main_~i~7_8 not constructed by VariableManager. Cannot ensure absence of name clashes.
[2026-06-06 01:17:47,981 WARN  L330   ript$VariableManager]: TermVariable |v_ULTIMATE.start___VERIFIER_assert_#in~cond_2| not constructed by VariableManager. Cannot ensure absence of name clashes.
[2026-06-06 01:17:47,981 WARN  L330   ript$VariableManager]: TermVariable v_ULTIMATE.start_SelectionSort_~temp~4_4 not constructed by VariableManager. Cannot ensure absence of name clashes.
[2026-06-06 01:17:47,982 INFO  L196   CegarNwaWorkerThread]: WorkerThread: Thread[#131,pool-1-thread-9,5,main] is Waiting for a Task
[2026-06-06 01:17:47,982 INFO  L173          SolverBuilder]: Constructing external solver with command: z3 SMTLIB2_COMPLIANT=true -memory:1024 -smt2 -in -t:12000
[2026-06-06 01:17:47,985 INFO  L189       MonitoredProcess]: No working directory specified, using /usr/bin/z3
[2026-06-06 01:17:47,986 INFO  L229       MonitoredProcess]: Starting monitored process 11 with /usr/bin/z3 SMTLIB2_COMPLIANT=true -memory:1024 -smt2 -in -t:12000 (exit command is (exit), workingDir is null)
[2026-06-06 01:17:47,986 INFO  L327       MonitoredProcess]: [MP /usr/bin/z3 SMTLIB2_COMPLIANT=true -memory:1024 -smt2 -in -t:12000 (11)] Waiting until timeout for monitored process
[2026-06-06 01:17:47,994 WARN  L330   ript$VariableManager]: TermVariable v_ULTIMATE.start___VERIFIER_assert_~cond_3 not constructed by VariableManager. Cannot ensure absence of name clashes.
[2026-06-06 01:17:47,994 WARN  L330   ript$VariableManager]: TermVariable v_ULTIMATE.start_main_~i~7_8 not constructed by VariableManager. Cannot ensure absence of name clashes.
[2026-06-06 01:17:47,994 WARN  L330   ript$VariableManager]: TermVariable |v_ULTIMATE.start___VERIFIER_assert_#in~cond_2| not constructed by VariableManager. Cannot ensure absence of name clashes.
[2026-06-06 01:17:47,995 WARN  L330   ript$VariableManager]: TermVariable v_ULTIMATE.start_SelectionSort_~temp~4_4 not constructed by VariableManager. Cannot ensure absence of name clashes.
[2026-06-06 01:17:47,995 INFO  L196   CegarNwaWorkerThread]: WorkerThread: Thread[#137,pool-1-thread-10,5,main] is Waiting for a Task
[2026-06-06 01:17:47,995 INFO  L173          SolverBuilder]: Constructing external solver with command: z3 SMTLIB2_COMPLIANT=true -memory:1024 -smt2 -in -t:12000
[2026-06-06 01:17:47,997 INFO  L189       MonitoredProcess]: No working directory specified, using /usr/bin/z3
[2026-06-06 01:17:47,998 INFO  L229       MonitoredProcess]: Starting monitored process 12 with /usr/bin/z3 SMTLIB2_COMPLIANT=true -memory:1024 -smt2 -in -t:12000 (exit command is (exit), workingDir is null)
[2026-06-06 01:17:47,999 INFO  L327       MonitoredProcess]: [MP /usr/bin/z3 SMTLIB2_COMPLIANT=true -memory:1024 -smt2 -in -t:12000 (12)] Waiting until timeout for monitored process
[2026-06-06 01:17:48,007 WARN  L330   ript$VariableManager]: TermVariable v_ULTIMATE.start___VERIFIER_assert_~cond_3 not constructed by VariableManager. Cannot ensure absence of name clashes.
[2026-06-06 01:17:48,007 WARN  L330   ript$VariableManager]: TermVariable v_ULTIMATE.start_main_~i~7_8 not constructed by VariableManager. Cannot ensure absence of name clashes.
[2026-06-06 01:17:48,007 WARN  L330   ript$VariableManager]: TermVariable |v_ULTIMATE.start___VERIFIER_assert_#in~cond_2| not constructed by VariableManager. Cannot ensure absence of name clashes.
[2026-06-06 01:17:48,007 WARN  L330   ript$VariableManager]: TermVariable v_ULTIMATE.start_SelectionSort_~temp~4_4 not constructed by VariableManager. Cannot ensure absence of name clashes.
[2026-06-06 01:17:48,008 INFO  L173          SolverBuilder]: Constructing external solver with command: z3 SMTLIB2_COMPLIANT=true -memory:1024 -smt2 -in -t:12000
[2026-06-06 01:17:48,008 INFO  L196   CegarNwaWorkerThread]: WorkerThread: Thread[#143,pool-1-thread-11,5,main] is Waiting for a Task
[2026-06-06 01:17:48,010 INFO  L189       MonitoredProcess]: No working directory specified, using /usr/bin/z3
[2026-06-06 01:17:48,011 INFO  L229       MonitoredProcess]: Starting monitored process 13 with /usr/bin/z3 SMTLIB2_COMPLIANT=true -memory:1024 -smt2 -in -t:12000 (exit command is (exit), workingDir is null)
[2026-06-06 01:17:48,011 INFO  L327       MonitoredProcess]: [MP /usr/bin/z3 SMTLIB2_COMPLIANT=true -memory:1024 -smt2 -in -t:12000 (13)] Waiting until timeout for monitored process
[2026-06-06 01:17:48,019 WARN  L330   ript$VariableManager]: TermVariable v_ULTIMATE.start___VERIFIER_assert_~cond_3 not constructed by VariableManager. Cannot ensure absence of name clashes.
[2026-06-06 01:17:48,019 WARN  L330   ript$VariableManager]: TermVariable v_ULTIMATE.start_main_~i~7_8 not constructed by VariableManager. Cannot ensure absence of name clashes.
[2026-06-06 01:17:48,019 WARN  L330   ript$VariableManager]: TermVariable |v_ULTIMATE.start___VERIFIER_assert_#in~cond_2| not constructed by VariableManager. Cannot ensure absence of name clashes.
[2026-06-06 01:17:48,019 WARN  L330   ript$VariableManager]: TermVariable v_ULTIMATE.start_SelectionSort_~temp~4_4 not constructed by VariableManager. Cannot ensure absence of name clashes.
[2026-06-06 01:17:48,020 INFO  L173          SolverBuilder]: Constructing external solver with command: z3 SMTLIB2_COMPLIANT=true -memory:1024 -smt2 -in -t:12000
[2026-06-06 01:17:48,020 INFO  L196   CegarNwaWorkerThread]: WorkerThread: Thread[#149,pool-1-thread-12,5,main] is Waiting for a Task
[2026-06-06 01:17:48,021 INFO  L189       MonitoredProcess]: No working directory specified, using /usr/bin/z3
[2026-06-06 01:17:48,023 INFO  L229       MonitoredProcess]: Starting monitored process 14 with /usr/bin/z3 SMTLIB2_COMPLIANT=true -memory:1024 -smt2 -in -t:12000 (exit command is (exit), workingDir is null)
[2026-06-06 01:17:48,023 INFO  L327       MonitoredProcess]: [MP /usr/bin/z3 SMTLIB2_COMPLIANT=true -memory:1024 -smt2 -in -t:12000 (14)] Waiting until timeout for monitored process
[2026-06-06 01:17:48,031 WARN  L330   ript$VariableManager]: TermVariable v_ULTIMATE.start___VERIFIER_assert_~cond_3 not constructed by VariableManager. Cannot ensure absence of name clashes.
[2026-06-06 01:17:48,031 WARN  L330   ript$VariableManager]: TermVariable v_ULTIMATE.start_main_~i~7_8 not constructed by VariableManager. Cannot ensure absence of name clashes.
[2026-06-06 01:17:48,031 WARN  L330   ript$VariableManager]: TermVariable |v_ULTIMATE.start___VERIFIER_assert_#in~cond_2| not constructed by VariableManager. Cannot ensure absence of name clashes.
[2026-06-06 01:17:48,031 WARN  L330   ript$VariableManager]: TermVariable v_ULTIMATE.start_SelectionSort_~temp~4_4 not constructed by VariableManager. Cannot ensure absence of name clashes.
[2026-06-06 01:17:48,032 INFO  L173          SolverBuilder]: Constructing external solver with command: z3 SMTLIB2_COMPLIANT=true -memory:1024 -smt2 -in -t:12000
[2026-06-06 01:17:48,032 INFO  L196   CegarNwaWorkerThread]: WorkerThread: Thread[#155,pool-1-thread-13,5,main] is Waiting for a Task
[2026-06-06 01:17:48,034 INFO  L189       MonitoredProcess]: No working directory specified, using /usr/bin/z3
[2026-06-06 01:17:48,035 INFO  L229       MonitoredProcess]: Starting monitored process 15 with /usr/bin/z3 SMTLIB2_COMPLIANT=true -memory:1024 -smt2 -in -t:12000 (exit command is (exit), workingDir is null)
[2026-06-06 01:17:48,035 INFO  L327       MonitoredProcess]: [MP /usr/bin/z3 SMTLIB2_COMPLIANT=true -memory:1024 -smt2 -in -t:12000 (15)] Waiting until timeout for monitored process
[2026-06-06 01:17:48,043 WARN  L330   ript$VariableManager]: TermVariable v_ULTIMATE.start___VERIFIER_assert_~cond_3 not constructed by VariableManager. Cannot ensure absence of name clashes.
[2026-06-06 01:17:48,043 WARN  L330   ript$VariableManager]: TermVariable v_ULTIMATE.start_main_~i~7_8 not constructed by VariableManager. Cannot ensure absence of name clashes.
[2026-06-06 01:17:48,043 WARN  L330   ript$VariableManager]: TermVariable |v_ULTIMATE.start___VERIFIER_assert_#in~cond_2| not constructed by VariableManager. Cannot ensure absence of name clashes.
[2026-06-06 01:17:48,044 WARN  L330   ript$VariableManager]: TermVariable v_ULTIMATE.start_SelectionSort_~temp~4_4 not constructed by VariableManager. Cannot ensure absence of name clashes.
[2026-06-06 01:17:48,044 INFO  L173          SolverBuilder]: Constructing external solver with command: z3 SMTLIB2_COMPLIANT=true -memory:1024 -smt2 -in -t:12000
[2026-06-06 01:17:48,044 INFO  L196   CegarNwaWorkerThread]: WorkerThread: Thread[#161,pool-1-thread-14,5,main] is Waiting for a Task
[2026-06-06 01:17:48,046 INFO  L189       MonitoredProcess]: No working directory specified, using /usr/bin/z3
[2026-06-06 01:17:48,047 INFO  L229       MonitoredProcess]: Starting monitored process 16 with /usr/bin/z3 SMTLIB2_COMPLIANT=true -memory:1024 -smt2 -in -t:12000 (exit command is (exit), workingDir is null)
[2026-06-06 01:17:48,047 INFO  L327       MonitoredProcess]: [MP /usr/bin/z3 SMTLIB2_COMPLIANT=true -memory:1024 -smt2 -in -t:12000 (16)] Waiting until timeout for monitored process
[2026-06-06 01:17:48,055 WARN  L330   ript$VariableManager]: TermVariable v_ULTIMATE.start___VERIFIER_assert_~cond_3 not constructed by VariableManager. Cannot ensure absence of name clashes.
[2026-06-06 01:17:48,055 WARN  L330   ript$VariableManager]: TermVariable v_ULTIMATE.start_main_~i~7_8 not constructed by VariableManager. Cannot ensure absence of name clashes.
[2026-06-06 01:17:48,055 WARN  L330   ript$VariableManager]: TermVariable |v_ULTIMATE.start___VERIFIER_assert_#in~cond_2| not constructed by VariableManager. Cannot ensure absence of name clashes.
[2026-06-06 01:17:48,055 WARN  L330   ript$VariableManager]: TermVariable v_ULTIMATE.start_SelectionSort_~temp~4_4 not constructed by VariableManager. Cannot ensure absence of name clashes.
[2026-06-06 01:17:48,056 INFO  L173          SolverBuilder]: Constructing external solver with command: z3 SMTLIB2_COMPLIANT=true -memory:1024 -smt2 -in -t:12000
[2026-06-06 01:17:48,056 INFO  L196   CegarNwaWorkerThread]: WorkerThread: Thread[#167,pool-1-thread-15,5,main] is Waiting for a Task
[2026-06-06 01:17:48,057 INFO  L189       MonitoredProcess]: No working directory specified, using /usr/bin/z3
[2026-06-06 01:17:48,058 INFO  L229       MonitoredProcess]: Starting monitored process 17 with /usr/bin/z3 SMTLIB2_COMPLIANT=true -memory:1024 -smt2 -in -t:12000 (exit command is (exit), workingDir is null)
[2026-06-06 01:17:48,059 INFO  L327       MonitoredProcess]: [MP /usr/bin/z3 SMTLIB2_COMPLIANT=true -memory:1024 -smt2 -in -t:12000 (17)] Waiting until timeout for monitored process
[2026-06-06 01:17:48,068 WARN  L330   ript$VariableManager]: TermVariable v_ULTIMATE.start___VERIFIER_assert_~cond_3 not constructed by VariableManager. Cannot ensure absence of name clashes.
[2026-06-06 01:17:48,068 WARN  L330   ript$VariableManager]: TermVariable v_ULTIMATE.start_main_~i~7_8 not constructed by VariableManager. Cannot ensure absence of name clashes.
[2026-06-06 01:17:48,068 WARN  L330   ript$VariableManager]: TermVariable |v_ULTIMATE.start___VERIFIER_assert_#in~cond_2| not constructed by VariableManager. Cannot ensure absence of name clashes.
[2026-06-06 01:17:48,068 WARN  L330   ript$VariableManager]: TermVariable v_ULTIMATE.start_SelectionSort_~temp~4_4 not constructed by VariableManager. Cannot ensure absence of name clashes.
[2026-06-06 01:17:48,069 INFO  L196   CegarNwaWorkerThread]: WorkerThread: Thread[#173,pool-1-thread-16,5,main] is Waiting for a Task
[2026-06-06 01:17:48,069 INFO  L86        PathProgramCache]: Analyzing trace with hash 928714, now seen corresponding path program 1 times
[2026-06-06 01:17:48,069 INFO  L484   ParallelNwaCegarLoop]: Main: Starting Thread
[2026-06-06 01:17:48,069 INFO  L266   ParallelNwaCegarLoop]: === Iteration 1 ===
[2026-06-06 01:17:48,069 INFO  L319   ParallelNwaCegarLoop]: No more worker results to process
[2026-06-06 01:17:48,069 INFO  L290                IsEmpty]: Start isEmpty. Operand  has 6 states, 5 states have (on average 1.8) internal successors, (9), 5 states have internal predecessors, (9), 0 states have call successors, (0), 0 states have call predecessors, (0), 0 states have return successors, (0), 0 states have call predecessors, (0), 0 states have call successors, (0)
[2026-06-06 01:17:48,070 INFO  L300                IsEmpty]: Finished isEmpty. Found accepting run of length 5
[2026-06-06 01:17:48,070 WARN  L753                IsEmpty]: Correctness of emptinessCheck not tested.
[2026-06-06 01:17:48,071 INFO  L209   CegarNwaWorkerThread]: Starting Thread: 80# for Trace Check: 928714
[2026-06-06 01:17:48,072 INFO  L79                 Accepts]: Start accepts. Automaton has  has 6 states, 5 states have (on average 1.8) internal successors, (9), 5 states have internal predecessors, (9), 0 states have call successors, (0), 0 states have call predecessors, (0), 0 states have return successors, (0), 0 states have call predecessors, (0), 0 states have call successors, (0) Word has length 4
[2026-06-06 01:17:48,073 INFO  L85                 Accepts]: Finished accepts. word is accepted.
[2026-06-06 01:17:48,073 INFO  L757                IsEmpty]: Finished testing correctness of emptinessCheck
[2026-06-06 01:17:48,073 INFO  L884   ParallelNwaCegarLoop]: BFS found an active duplicate counterexample.
[2026-06-06 01:17:48,073 INFO  L290                IsEmpty]: Start isEmptyParallel. Operand  has 6 states, 5 states have (on average 1.8) internal successors, (9), 5 states have internal predecessors, (9), 0 states have call successors, (0), 0 states have call predecessors, (0), 0 states have return successors, (0), 0 states have call predecessors, (0), 0 states have call successors, (0)
[2026-06-06 01:17:48,073 INFO  L300                IsEmpty]: Finished isEmptyParallel. No accepting run.
[2026-06-06 01:17:48,073 INFO  L156        IsEmptyParallel]: Start isEmptyParallel. Operand  has 6 states, 5 states have (on average 1.8) internal successors, (9), 5 states have internal predecessors, (9), 0 states have call successors, (0), 0 states have call predecessors, (0), 0 states have return successors, (0), 0 states have call predecessors, (0), 0 states have call successors, (0)
[2026-06-06 01:17:48,073 INFO  L156       PredicateUnifier]: Initialized classic predicate unifier
[2026-06-06 01:17:48,073 INFO  L86        PathProgramCache]: Analyzing trace with hash 928714, now seen corresponding path program 1 times
[2026-06-06 01:17:48,075 INFO  L182       IsEmptyHeuristic]: Start isEmptyHeuristic. Operand  has 6 states, 5 states have (on average 1.8) internal successors, (9), 5 states have internal predecessors, (9), 0 states have call successors, (0), 0 states have call predecessors, (0), 0 states have return successors, (0), 0 states have call predecessors, (0), 0 states have call successors, (0)
[2026-06-06 01:17:48,076 INFO  L118   FreeRefinementEngine]: Executing refinement strategy CAMEL
[2026-06-06 01:17:48,077 INFO  L324   FreeRefinementEngine]: Using trace check IpTcStrategyModuleSmtInterpolCraig [222926278]
[2026-06-06 01:17:48,077 INFO  L97    rtionOrderModulation]: Keeping assertion order NOT_INCREMENTALLY
[2026-06-06 01:17:48,077 INFO  L127          SolverBuilder]: Constructing new instance of SMTInterpol with explicit timeout -1 ms and remaining time -1 ms
[2026-06-06 01:17:48,077 INFO  L188       IsEmptyHeuristic]: Finished isEmptyHeuristic. Found accepting run of length 7
[2026-06-06 01:17:48,077 INFO  L163        IsEmptyParallel]: Finished isEmptyParallel. Found accepting run of length 7
[2026-06-06 01:17:48,077 WARN  L753                IsEmpty]: Correctness of emptinessCheck not tested.
[2026-06-06 01:17:48,077 INFO  L79                 Accepts]: Start accepts. Automaton has  has 6 states, 5 states have (on average 1.8) internal successors, (9), 5 states have internal predecessors, (9), 0 states have call successors, (0), 0 states have call predecessors, (0), 0 states have return successors, (0), 0 states have call predecessors, (0), 0 states have call successors, (0) Word has length 6
[2026-06-06 01:17:48,077 INFO  L85                 Accepts]: Finished accepts. word is accepted.
[2026-06-06 01:17:48,077 INFO  L757                IsEmpty]: Finished testing correctness of emptinessCheck
[2026-06-06 01:17:48,077 INFO  L880   ParallelNwaCegarLoop]: Found new Counterexample via IsEmptyParallel LCPS!
[2026-06-06 01:17:48,077 INFO  L86        PathProgramCache]: Analyzing trace with hash 894182058, now seen corresponding path program 1 times
[2026-06-06 01:17:48,077 INFO  L484   ParallelNwaCegarLoop]: Main: Starting Thread
[2026-06-06 01:17:48,077 INFO  L290                IsEmpty]: Start isEmptyParallel. Operand  has 6 states, 5 states have (on average 1.8) internal successors, (9), 5 states have internal predecessors, (9), 0 states have call successors, (0), 0 states have call predecessors, (0), 0 states have return successors, (0), 0 states have call predecessors, (0), 0 states have call successors, (0)
[2026-06-06 01:17:48,077 INFO  L300                IsEmpty]: Finished isEmptyParallel. No accepting run.
[2026-06-06 01:17:48,077 INFO  L209   CegarNwaWorkerThread]: Starting Thread: 86# for Trace Check: 894182058
[2026-06-06 01:17:48,077 INFO  L156        IsEmptyParallel]: Start isEmptyParallel. Operand  has 6 states, 5 states have (on average 1.8) internal successors, (9), 5 states have internal predecessors, (9), 0 states have call successors, (0), 0 states have call predecessors, (0), 0 states have return successors, (0), 0 states have call predecessors, (0), 0 states have call successors, (0)
[2026-06-06 01:17:48,077 INFO  L182       IsEmptyHeuristic]: Start isEmptyHeuristic. Operand  has 6 states, 5 states have (on average 1.8) internal successors, (9), 5 states have internal predecessors, (9), 0 states have call successors, (0), 0 states have call predecessors, (0), 0 states have return successors, (0), 0 states have call predecessors, (0), 0 states have call successors, (0)
[2026-06-06 01:17:48,077 INFO  L156       PredicateUnifier]: Initialized classic predicate unifier
[2026-06-06 01:17:48,077 INFO  L86        PathProgramCache]: Analyzing trace with hash 894182058, now seen corresponding path program 1 times
[2026-06-06 01:17:48,077 INFO  L118   FreeRefinementEngine]: Executing refinement strategy CAMEL
[2026-06-06 01:17:48,077 INFO  L188       IsEmptyHeuristic]: Finished isEmptyHeuristic. Found accepting run of length 8
[2026-06-06 01:17:48,077 INFO  L324   FreeRefinementEngine]: Using trace check IpTcStrategyModuleSmtInterpolCraig [1100368325]
[2026-06-06 01:17:48,078 INFO  L163        IsEmptyParallel]: Finished isEmptyParallel. Found accepting run of length 8
[2026-06-06 01:17:48,078 WARN  L753                IsEmpty]: Correctness of emptinessCheck not tested.
[2026-06-06 01:17:48,078 INFO  L97    rtionOrderModulation]: Keeping assertion order NOT_INCREMENTALLY
[2026-06-06 01:17:48,078 INFO  L127          SolverBuilder]: Constructing new instance of SMTInterpol with explicit timeout -1 ms and remaining time -1 ms
[2026-06-06 01:17:48,078 INFO  L79                 Accepts]: Start accepts. Automaton has  has 6 states, 5 states have (on average 1.8) internal successors, (9), 5 states have internal predecessors, (9), 0 states have call successors, (0), 0 states have call predecessors, (0), 0 states have return successors, (0), 0 states have call predecessors, (0), 0 states have call successors, (0) Word has length 7
[2026-06-06 01:17:48,078 INFO  L85                 Accepts]: Finished accepts. word is accepted.
[2026-06-06 01:17:48,078 INFO  L757                IsEmpty]: Finished testing correctness of emptinessCheck
[2026-06-06 01:17:48,078 INFO  L880   ParallelNwaCegarLoop]: Found new Counterexample via IsEmptyParallel LCPS!
[2026-06-06 01:17:48,078 INFO  L86        PathProgramCache]: Analyzing trace with hash 1948270601, now seen corresponding path program 1 times
[2026-06-06 01:17:48,078 INFO  L484   ParallelNwaCegarLoop]: Main: Starting Thread
[2026-06-06 01:17:48,078 INFO  L209   CegarNwaWorkerThread]: Starting Thread: 95# for Trace Check: 1948270601
[2026-06-06 01:17:48,078 INFO  L290                IsEmpty]: Start isEmptyParallel. Operand  has 6 states, 5 states have (on average 1.8) internal successors, (9), 5 states have internal predecessors, (9), 0 states have call successors, (0), 0 states have call predecessors, (0), 0 states have return successors, (0), 0 states have call predecessors, (0), 0 states have call successors, (0)
[2026-06-06 01:17:48,078 INFO  L300                IsEmpty]: Finished isEmptyParallel. No accepting run.
[2026-06-06 01:17:48,078 INFO  L156       PredicateUnifier]: Initialized classic predicate unifier
[2026-06-06 01:17:48,078 INFO  L86        PathProgramCache]: Analyzing trace with hash 1948270601, now seen corresponding path program 1 times
[2026-06-06 01:17:48,078 INFO  L156        IsEmptyParallel]: Start isEmptyParallel. Operand  has 6 states, 5 states have (on average 1.8) internal successors, (9), 5 states have internal predecessors, (9), 0 states have call successors, (0), 0 states have call predecessors, (0), 0 states have return successors, (0), 0 states have call predecessors, (0), 0 states have call successors, (0)
[2026-06-06 01:17:48,078 INFO  L118   FreeRefinementEngine]: Executing refinement strategy CAMEL
[2026-06-06 01:17:48,078 INFO  L324   FreeRefinementEngine]: Using trace check IpTcStrategyModuleSmtInterpolCraig [319099876]
[2026-06-06 01:17:48,078 INFO  L97    rtionOrderModulation]: Keeping assertion order NOT_INCREMENTALLY
[2026-06-06 01:17:48,078 INFO  L182       IsEmptyHeuristic]: Start isEmptyHeuristic. Operand  has 6 states, 5 states have (on average 1.8) internal successors, (9), 5 states have internal predecessors, (9), 0 states have call successors, (0), 0 states have call predecessors, (0), 0 states have return successors, (0), 0 states have call predecessors, (0), 0 states have call successors, (0)
[2026-06-06 01:17:48,078 INFO  L127          SolverBuilder]: Constructing new instance of SMTInterpol with explicit timeout -1 ms and remaining time -1 ms
[2026-06-06 01:17:48,078 INFO  L188       IsEmptyHeuristic]: Finished isEmptyHeuristic. Found accepting run of length 8
[2026-06-06 01:17:48,078 INFO  L163        IsEmptyParallel]: Finished isEmptyParallel. Found accepting run of length 8
[2026-06-06 01:17:48,078 WARN  L753                IsEmpty]: Correctness of emptinessCheck not tested.
[2026-06-06 01:17:48,078 INFO  L79                 Accepts]: Start accepts. Automaton has  has 6 states, 5 states have (on average 1.8) internal successors, (9), 5 states have internal predecessors, (9), 0 states have call successors, (0), 0 states have call predecessors, (0), 0 states have return successors, (0), 0 states have call predecessors, (0), 0 states have call successors, (0) Word has length 7
[2026-06-06 01:17:48,078 INFO  L85                 Accepts]: Finished accepts. word is accepted.
[2026-06-06 01:17:48,078 INFO  L757                IsEmpty]: Finished testing correctness of emptinessCheck
[2026-06-06 01:17:48,078 INFO  L880   ParallelNwaCegarLoop]: Found new Counterexample via IsEmptyParallel LCPS!
[2026-06-06 01:17:48,078 INFO  L86        PathProgramCache]: Analyzing trace with hash 1899621898, now seen corresponding path program 1 times
[2026-06-06 01:17:48,078 INFO  L484   ParallelNwaCegarLoop]: Main: Starting Thread
[2026-06-06 01:17:48,078 INFO  L209   CegarNwaWorkerThread]: Starting Thread: 101# for Trace Check: 1899621898
[2026-06-06 01:17:48,078 INFO  L290                IsEmpty]: Start isEmptyParallel. Operand  has 6 states, 5 states have (on average 1.8) internal successors, (9), 5 states have internal predecessors, (9), 0 states have call successors, (0), 0 states have call predecessors, (0), 0 states have return successors, (0), 0 states have call predecessors, (0), 0 states have call successors, (0)
[2026-06-06 01:17:48,078 INFO  L300                IsEmpty]: Finished isEmptyParallel. No accepting run.
[2026-06-06 01:17:48,079 INFO  L156        IsEmptyParallel]: Start isEmptyParallel. Operand  has 6 states, 5 states have (on average 1.8) internal successors, (9), 5 states have internal predecessors, (9), 0 states have call successors, (0), 0 states have call predecessors, (0), 0 states have return successors, (0), 0 states have call predecessors, (0), 0 states have call successors, (0)
[2026-06-06 01:17:48,079 INFO  L156       PredicateUnifier]: Initialized classic predicate unifier
[2026-06-06 01:17:48,079 INFO  L86        PathProgramCache]: Analyzing trace with hash 1899621898, now seen corresponding path program 1 times
[2026-06-06 01:17:48,079 INFO  L118   FreeRefinementEngine]: Executing refinement strategy CAMEL
[2026-06-06 01:17:48,079 INFO  L324   FreeRefinementEngine]: Using trace check IpTcStrategyModuleSmtInterpolCraig [648924237]
[2026-06-06 01:17:48,079 INFO  L97    rtionOrderModulation]: Keeping assertion order NOT_INCREMENTALLY
[2026-06-06 01:17:48,079 INFO  L127          SolverBuilder]: Constructing new instance of SMTInterpol with explicit timeout -1 ms and remaining time -1 ms
[2026-06-06 01:17:48,079 INFO  L182       IsEmptyHeuristic]: Start isEmptyHeuristic. Operand  has 6 states, 5 states have (on average 1.8) internal successors, (9), 5 states have internal predecessors, (9), 0 states have call successors, (0), 0 states have call predecessors, (0), 0 states have return successors, (0), 0 states have call predecessors, (0), 0 states have call successors, (0)
[2026-06-06 01:17:48,079 INFO  L188       IsEmptyHeuristic]: Finished isEmptyHeuristic. Found accepting run of length 9
[2026-06-06 01:17:48,079 INFO  L163        IsEmptyParallel]: Finished isEmptyParallel. Found accepting run of length 9
[2026-06-06 01:17:48,079 WARN  L753                IsEmpty]: Correctness of emptinessCheck not tested.
[2026-06-06 01:17:48,079 INFO  L79                 Accepts]: Start accepts. Automaton has  has 6 states, 5 states have (on average 1.8) internal successors, (9), 5 states have internal predecessors, (9), 0 states have call successors, (0), 0 states have call predecessors, (0), 0 states have return successors, (0), 0 states have call predecessors, (0), 0 states have call successors, (0) Word has length 8
[2026-06-06 01:17:48,079 INFO  L85                 Accepts]: Finished accepts. word is accepted.
[2026-06-06 01:17:48,079 INFO  L757                IsEmpty]: Finished testing correctness of emptinessCheck
[2026-06-06 01:17:48,079 INFO  L880   ParallelNwaCegarLoop]: Found new Counterexample via IsEmptyParallel LCPS!
[2026-06-06 01:17:48,079 INFO  L86        PathProgramCache]: Analyzing trace with hash -1304917171, now seen corresponding path program 1 times
[2026-06-06 01:17:48,079 INFO  L484   ParallelNwaCegarLoop]: Main: Starting Thread
[2026-06-06 01:17:48,079 INFO  L290                IsEmpty]: Start isEmptyParallel. Operand  has 6 states, 5 states have (on average 1.8) internal successors, (9), 5 states have internal predecessors, (9), 0 states have call successors, (0), 0 states have call predecessors, (0), 0 states have return successors, (0), 0 states have call predecessors, (0), 0 states have call successors, (0)
[2026-06-06 01:17:48,079 INFO  L300                IsEmpty]: Finished isEmptyParallel. No accepting run.
[2026-06-06 01:17:48,079 INFO  L209   CegarNwaWorkerThread]: Starting Thread: 107# for Trace Check: -1304917171
[2026-06-06 01:17:48,079 INFO  L156        IsEmptyParallel]: Start isEmptyParallel. Operand  has 6 states, 5 states have (on average 1.8) internal successors, (9), 5 states have internal predecessors, (9), 0 states have call successors, (0), 0 states have call predecessors, (0), 0 states have return successors, (0), 0 states have call predecessors, (0), 0 states have call successors, (0)
[2026-06-06 01:17:48,079 INFO  L156       PredicateUnifier]: Initialized classic predicate unifier
[2026-06-06 01:17:48,079 INFO  L182       IsEmptyHeuristic]: Start isEmptyHeuristic. Operand  has 6 states, 5 states have (on average 1.8) internal successors, (9), 5 states have internal predecessors, (9), 0 states have call successors, (0), 0 states have call predecessors, (0), 0 states have return successors, (0), 0 states have call predecessors, (0), 0 states have call successors, (0)
[2026-06-06 01:17:48,079 INFO  L86        PathProgramCache]: Analyzing trace with hash -1304917171, now seen corresponding path program 1 times
[2026-06-06 01:17:48,079 INFO  L118   FreeRefinementEngine]: Executing refinement strategy CAMEL
[2026-06-06 01:17:48,080 INFO  L324   FreeRefinementEngine]: Using trace check IpTcStrategyModuleSmtInterpolCraig [119447201]
[2026-06-06 01:17:48,080 INFO  L97    rtionOrderModulation]: Keeping assertion order NOT_INCREMENTALLY
[2026-06-06 01:17:48,080 INFO  L127          SolverBuilder]: Constructing new instance of SMTInterpol with explicit timeout -1 ms and remaining time -1 ms
[2026-06-06 01:17:48,080 INFO  L188       IsEmptyHeuristic]: Finished isEmptyHeuristic. Found accepting run of length 9
[2026-06-06 01:17:48,080 INFO  L163        IsEmptyParallel]: Finished isEmptyParallel. Found accepting run of length 9
[2026-06-06 01:17:48,080 WARN  L753                IsEmpty]: Correctness of emptinessCheck not tested.
[2026-06-06 01:17:48,080 INFO  L79                 Accepts]: Start accepts. Automaton has  has 6 states, 5 states have (on average 1.8) internal successors, (9), 5 states have internal predecessors, (9), 0 states have call successors, (0), 0 states have call predecessors, (0), 0 states have return successors, (0), 0 states have call predecessors, (0), 0 states have call successors, (0) Word has length 8
[2026-06-06 01:17:48,080 INFO  L85                 Accepts]: Finished accepts. word is accepted.
[2026-06-06 01:17:48,080 INFO  L757                IsEmpty]: Finished testing correctness of emptinessCheck
[2026-06-06 01:17:48,080 INFO  L880   ParallelNwaCegarLoop]: Found new Counterexample via IsEmptyParallel LCPS!
[2026-06-06 01:17:48,080 INFO  L86        PathProgramCache]: Analyzing trace with hash 264859992, now seen corresponding path program 1 times
[2026-06-06 01:17:48,080 INFO  L484   ParallelNwaCegarLoop]: Main: Starting Thread
[2026-06-06 01:17:48,080 INFO  L209   CegarNwaWorkerThread]: Starting Thread: 113# for Trace Check: 264859992
[2026-06-06 01:17:48,080 INFO  L290                IsEmpty]: Start isEmptyParallel. Operand  has 6 states, 5 states have (on average 1.8) internal successors, (9), 5 states have internal predecessors, (9), 0 states have call successors, (0), 0 states have call predecessors, (0), 0 states have return successors, (0), 0 states have call predecessors, (0), 0 states have call successors, (0)
[2026-06-06 01:17:48,080 INFO  L300                IsEmpty]: Finished isEmptyParallel. No accepting run.
[2026-06-06 01:17:48,080 INFO  L156        IsEmptyParallel]: Start isEmptyParallel. Operand  has 6 states, 5 states have (on average 1.8) internal successors, (9), 5 states have internal predecessors, (9), 0 states have call successors, (0), 0 states have call predecessors, (0), 0 states have return successors, (0), 0 states have call predecessors, (0), 0 states have call successors, (0)
[2026-06-06 01:17:48,080 INFO  L156       PredicateUnifier]: Initialized classic predicate unifier
[2026-06-06 01:17:48,080 INFO  L86        PathProgramCache]: Analyzing trace with hash 264859992, now seen corresponding path program 1 times
[2026-06-06 01:17:48,080 INFO  L118   FreeRefinementEngine]: Executing refinement strategy CAMEL
[2026-06-06 01:17:48,080 INFO  L324   FreeRefinementEngine]: Using trace check IpTcStrategyModuleSmtInterpolCraig [89808161]
[2026-06-06 01:17:48,080 INFO  L97    rtionOrderModulation]: Keeping assertion order NOT_INCREMENTALLY
[2026-06-06 01:17:48,080 INFO  L127          SolverBuilder]: Constructing new instance of SMTInterpol with explicit timeout -1 ms and remaining time -1 ms
[2026-06-06 01:17:48,080 INFO  L182       IsEmptyHeuristic]: Start isEmptyHeuristic. Operand  has 6 states, 5 states have (on average 1.8) internal successors, (9), 5 states have internal predecessors, (9), 0 states have call successors, (0), 0 states have call predecessors, (0), 0 states have return successors, (0), 0 states have call predecessors, (0), 0 states have call successors, (0)
[2026-06-06 01:17:48,081 INFO  L188       IsEmptyHeuristic]: Finished isEmptyHeuristic. Found accepting run of length 9
[2026-06-06 01:17:48,081 INFO  L163        IsEmptyParallel]: Finished isEmptyParallel. Found accepting run of length 9
[2026-06-06 01:17:48,081 WARN  L753                IsEmpty]: Correctness of emptinessCheck not tested.
[2026-06-06 01:17:48,081 INFO  L79                 Accepts]: Start accepts. Automaton has  has 6 states, 5 states have (on average 1.8) internal successors, (9), 5 states have internal predecessors, (9), 0 states have call successors, (0), 0 states have call predecessors, (0), 0 states have return successors, (0), 0 states have call predecessors, (0), 0 states have call successors, (0) Word has length 8
[2026-06-06 01:17:48,081 INFO  L85                 Accepts]: Finished accepts. word is accepted.
[2026-06-06 01:17:48,081 INFO  L757                IsEmpty]: Finished testing correctness of emptinessCheck
[2026-06-06 01:17:48,081 INFO  L880   ParallelNwaCegarLoop]: Found new Counterexample via IsEmptyParallel LCPS!
[2026-06-06 01:17:48,081 INFO  L86        PathProgramCache]: Analyzing trace with hash 317186442, now seen corresponding path program 2 times
[2026-06-06 01:17:48,081 INFO  L484   ParallelNwaCegarLoop]: Main: Starting Thread
[2026-06-06 01:17:48,081 INFO  L209   CegarNwaWorkerThread]: Starting Thread: 119# for Trace Check: 317186442
[2026-06-06 01:17:48,081 INFO  L290                IsEmpty]: Start isEmptyParallel. Operand  has 6 states, 5 states have (on average 1.8) internal successors, (9), 5 states have internal predecessors, (9), 0 states have call successors, (0), 0 states have call predecessors, (0), 0 states have return successors, (0), 0 states have call predecessors, (0), 0 states have call successors, (0)
[2026-06-06 01:17:48,081 INFO  L300                IsEmpty]: Finished isEmptyParallel. No accepting run.
[2026-06-06 01:17:48,081 INFO  L156        IsEmptyParallel]: Start isEmptyParallel. Operand  has 6 states, 5 states have (on average 1.8) internal successors, (9), 5 states have internal predecessors, (9), 0 states have call successors, (0), 0 states have call predecessors, (0), 0 states have return successors, (0), 0 states have call predecessors, (0), 0 states have call successors, (0)
[2026-06-06 01:17:48,081 INFO  L156       PredicateUnifier]: Initialized classic predicate unifier
[2026-06-06 01:17:48,081 INFO  L86        PathProgramCache]: Analyzing trace with hash 317186442, now seen corresponding path program 2 times
[2026-06-06 01:17:48,081 INFO  L118   FreeRefinementEngine]: Executing refinement strategy CAMEL
[2026-06-06 01:17:48,081 INFO  L324   FreeRefinementEngine]: Using trace check IpTcStrategyModuleSmtInterpolCraig [727521390]
[2026-06-06 01:17:48,081 INFO  L182       IsEmptyHeuristic]: Start isEmptyHeuristic. Operand  has 6 states, 5 states have (on average 1.8) internal successors, (9), 5 states have internal predecessors, (9), 0 states have call successors, (0), 0 states have call predecessors, (0), 0 states have return successors, (0), 0 states have call predecessors, (0), 0 states have call successors, (0)
[2026-06-06 01:17:48,081 INFO  L95    rtionOrderModulation]: Changing assertion order to OUTSIDE_LOOP_FIRST1
[2026-06-06 01:17:48,081 INFO  L127          SolverBuilder]: Constructing new instance of SMTInterpol with explicit timeout -1 ms and remaining time -1 ms
[2026-06-06 01:17:48,081 INFO  L188       IsEmptyHeuristic]: Finished isEmptyHeuristic. Found accepting run of length 9
[2026-06-06 01:17:48,081 INFO  L163        IsEmptyParallel]: Finished isEmptyParallel. Found accepting run of length 9
[2026-06-06 01:17:48,081 WARN  L753                IsEmpty]: Correctness of emptinessCheck not tested.
[2026-06-06 01:17:48,081 INFO  L79                 Accepts]: Start accepts. Automaton has  has 6 states, 5 states have (on average 1.8) internal successors, (9), 5 states have internal predecessors, (9), 0 states have call successors, (0), 0 states have call predecessors, (0), 0 states have return successors, (0), 0 states have call predecessors, (0), 0 states have call successors, (0) Word has length 8
[2026-06-06 01:17:48,081 INFO  L85                 Accepts]: Finished accepts. word is accepted.
[2026-06-06 01:17:48,081 INFO  L757                IsEmpty]: Finished testing correctness of emptinessCheck
[2026-06-06 01:17:48,081 INFO  L880   ParallelNwaCegarLoop]: Found new Counterexample via IsEmptyParallel LCPS!
[2026-06-06 01:17:48,081 INFO  L86        PathProgramCache]: Analyzing trace with hash -1243339174, now seen corresponding path program 1 times
[2026-06-06 01:17:48,081 INFO  L484   ParallelNwaCegarLoop]: Main: Starting Thread
[2026-06-06 01:17:48,081 INFO  L209   CegarNwaWorkerThread]: Starting Thread: 125# for Trace Check: -1243339174
[2026-06-06 01:17:48,081 INFO  L290                IsEmpty]: Start isEmptyParallel. Operand  has 6 states, 5 states have (on average 1.8) internal successors, (9), 5 states have internal predecessors, (9), 0 states have call successors, (0), 0 states have call predecessors, (0), 0 states have return successors, (0), 0 states have call predecessors, (0), 0 states have call successors, (0)
[2026-06-06 01:17:48,081 INFO  L300                IsEmpty]: Finished isEmptyParallel. No accepting run.
[2026-06-06 01:17:48,082 INFO  L156        IsEmptyParallel]: Start isEmptyParallel. Operand  has 6 states, 5 states have (on average 1.8) internal successors, (9), 5 states have internal predecessors, (9), 0 states have call successors, (0), 0 states have call predecessors, (0), 0 states have return successors, (0), 0 states have call predecessors, (0), 0 states have call successors, (0)
[2026-06-06 01:17:48,082 INFO  L156       PredicateUnifier]: Initialized classic predicate unifier
[2026-06-06 01:17:48,082 INFO  L86        PathProgramCache]: Analyzing trace with hash -1243339174, now seen corresponding path program 1 times
[2026-06-06 01:17:48,082 INFO  L118   FreeRefinementEngine]: Executing refinement strategy CAMEL
[2026-06-06 01:17:48,082 INFO  L182       IsEmptyHeuristic]: Start isEmptyHeuristic. Operand  has 6 states, 5 states have (on average 1.8) internal successors, (9), 5 states have internal predecessors, (9), 0 states have call successors, (0), 0 states have call predecessors, (0), 0 states have return successors, (0), 0 states have call predecessors, (0), 0 states have call successors, (0)
[2026-06-06 01:17:48,082 INFO  L324   FreeRefinementEngine]: Using trace check IpTcStrategyModuleSmtInterpolCraig [2009295685]
[2026-06-06 01:17:48,082 INFO  L97    rtionOrderModulation]: Keeping assertion order NOT_INCREMENTALLY
[2026-06-06 01:17:48,082 INFO  L127          SolverBuilder]: Constructing new instance of SMTInterpol with explicit timeout -1 ms and remaining time -1 ms
[2026-06-06 01:17:48,082 INFO  L188       IsEmptyHeuristic]: Finished isEmptyHeuristic. Found accepting run of length 10
[2026-06-06 01:17:48,082 INFO  L163        IsEmptyParallel]: Finished isEmptyParallel. Found accepting run of length 10
[2026-06-06 01:17:48,082 WARN  L753                IsEmpty]: Correctness of emptinessCheck not tested.
[2026-06-06 01:17:48,082 INFO  L79                 Accepts]: Start accepts. Automaton has  has 6 states, 5 states have (on average 1.8) internal successors, (9), 5 states have internal predecessors, (9), 0 states have call successors, (0), 0 states have call predecessors, (0), 0 states have return successors, (0), 0 states have call predecessors, (0), 0 states have call successors, (0) Word has length 9
[2026-06-06 01:17:48,082 INFO  L85                 Accepts]: Finished accepts. word is accepted.
[2026-06-06 01:17:48,082 INFO  L757                IsEmpty]: Finished testing correctness of emptinessCheck
[2026-06-06 01:17:48,082 INFO  L880   ParallelNwaCegarLoop]: Found new Counterexample via IsEmptyParallel LCPS!
[2026-06-06 01:17:48,082 INFO  L86        PathProgramCache]: Analyzing trace with hash 109204775, now seen corresponding path program 1 times
[2026-06-06 01:17:48,082 INFO  L484   ParallelNwaCegarLoop]: Main: Starting Thread
[2026-06-06 01:17:48,082 INFO  L209   CegarNwaWorkerThread]: Starting Thread: 131# for Trace Check: 109204775
[2026-06-06 01:17:48,082 INFO  L290                IsEmpty]: Start isEmptyParallel. Operand  has 6 states, 5 states have (on average 1.8) internal successors, (9), 5 states have internal predecessors, (9), 0 states have call successors, (0), 0 states have call predecessors, (0), 0 states have return successors, (0), 0 states have call predecessors, (0), 0 states have call successors, (0)
[2026-06-06 01:17:48,082 INFO  L300                IsEmpty]: Finished isEmptyParallel. No accepting run.
[2026-06-06 01:17:48,082 INFO  L156        IsEmptyParallel]: Start isEmptyParallel. Operand  has 6 states, 5 states have (on average 1.8) internal successors, (9), 5 states have internal predecessors, (9), 0 states have call successors, (0), 0 states have call predecessors, (0), 0 states have return successors, (0), 0 states have call predecessors, (0), 0 states have call successors, (0)
[2026-06-06 01:17:48,082 INFO  L156       PredicateUnifier]: Initialized classic predicate unifier
[2026-06-06 01:17:48,082 INFO  L86        PathProgramCache]: Analyzing trace with hash 109204775, now seen corresponding path program 1 times
[2026-06-06 01:17:48,082 INFO  L118   FreeRefinementEngine]: Executing refinement strategy CAMEL
[2026-06-06 01:17:48,082 INFO  L324   FreeRefinementEngine]: Using trace check IpTcStrategyModuleSmtInterpolCraig [2142371446]
[2026-06-06 01:17:48,082 INFO  L97    rtionOrderModulation]: Keeping assertion order NOT_INCREMENTALLY
[2026-06-06 01:17:48,082 INFO  L127          SolverBuilder]: Constructing new instance of SMTInterpol with explicit timeout -1 ms and remaining time -1 ms
[2026-06-06 01:17:48,082 INFO  L182       IsEmptyHeuristic]: Start isEmptyHeuristic. Operand  has 6 states, 5 states have (on average 1.8) internal successors, (9), 5 states have internal predecessors, (9), 0 states have call successors, (0), 0 states have call predecessors, (0), 0 states have return successors, (0), 0 states have call predecessors, (0), 0 states have call successors, (0)
[2026-06-06 01:17:48,082 INFO  L188       IsEmptyHeuristic]: Finished isEmptyHeuristic. No accepting run.
[2026-06-06 01:17:48,083 INFO  L182       IsEmptyHeuristic]: Start isEmptyHeuristic. Operand  has 6 states, 5 states have (on average 1.8) internal successors, (9), 5 states have internal predecessors, (9), 0 states have call successors, (0), 0 states have call predecessors, (0), 0 states have return successors, (0), 0 states have call predecessors, (0), 0 states have call successors, (0)
[2026-06-06 01:17:48,083 INFO  L188       IsEmptyHeuristic]: Finished isEmptyHeuristic. Found accepting run of length 11
[2026-06-06 01:17:48,083 INFO  L163        IsEmptyParallel]: Finished isEmptyParallel. Found accepting run of length 11
[2026-06-06 01:17:48,083 WARN  L753                IsEmpty]: Correctness of emptinessCheck not tested.
[2026-06-06 01:17:48,083 INFO  L79                 Accepts]: Start accepts. Automaton has  has 6 states, 5 states have (on average 1.8) internal successors, (9), 5 states have internal predecessors, (9), 0 states have call successors, (0), 0 states have call predecessors, (0), 0 states have return successors, (0), 0 states have call predecessors, (0), 0 states have call successors, (0) Word has length 10
[2026-06-06 01:17:48,083 INFO  L85                 Accepts]: Finished accepts. word is accepted.
[2026-06-06 01:17:48,083 INFO  L757                IsEmpty]: Finished testing correctness of emptinessCheck
[2026-06-06 01:17:48,083 INFO  L880   ParallelNwaCegarLoop]: Found new Counterexample via IsEmptyParallel LCPS!
[2026-06-06 01:17:48,083 INFO  L86        PathProgramCache]: Analyzing trace with hash 1129592536, now seen corresponding path program 1 times
[2026-06-06 01:17:48,083 INFO  L484   ParallelNwaCegarLoop]: Main: Starting Thread
[2026-06-06 01:17:48,083 INFO  L209   CegarNwaWorkerThread]: Starting Thread: 137# for Trace Check: 1129592536
[2026-06-06 01:17:48,083 INFO  L290                IsEmpty]: Start isEmptyParallel. Operand  has 6 states, 5 states have (on average 1.8) internal successors, (9), 5 states have internal predecessors, (9), 0 states have call successors, (0), 0 states have call predecessors, (0), 0 states have return successors, (0), 0 states have call predecessors, (0), 0 states have call successors, (0)
[2026-06-06 01:17:48,083 INFO  L300                IsEmpty]: Finished isEmptyParallel. No accepting run.
[2026-06-06 01:17:48,083 INFO  L156        IsEmptyParallel]: Start isEmptyParallel. Operand  has 6 states, 5 states have (on average 1.8) internal successors, (9), 5 states have internal predecessors, (9), 0 states have call successors, (0), 0 states have call predecessors, (0), 0 states have return successors, (0), 0 states have call predecessors, (0), 0 states have call successors, (0)
[2026-06-06 01:17:48,083 INFO  L156       PredicateUnifier]: Initialized classic predicate unifier
[2026-06-06 01:17:48,083 INFO  L86        PathProgramCache]: Analyzing trace with hash 1129592536, now seen corresponding path program 1 times
[2026-06-06 01:17:48,083 INFO  L118   FreeRefinementEngine]: Executing refinement strategy CAMEL
[2026-06-06 01:17:48,083 INFO  L324   FreeRefinementEngine]: Using trace check IpTcStrategyModuleSmtInterpolCraig [423284396]
[2026-06-06 01:17:48,083 INFO  L97    rtionOrderModulation]: Keeping assertion order NOT_INCREMENTALLY
[2026-06-06 01:17:48,083 INFO  L182       IsEmptyHeuristic]: Start isEmptyHeuristic. Operand  has 6 states, 5 states have (on average 1.8) internal successors, (9), 5 states have internal predecessors, (9), 0 states have call successors, (0), 0 states have call predecessors, (0), 0 states have return successors, (0), 0 states have call predecessors, (0), 0 states have call successors, (0)
[2026-06-06 01:17:48,083 INFO  L127          SolverBuilder]: Constructing new instance of SMTInterpol with explicit timeout -1 ms and remaining time -1 ms
[2026-06-06 01:17:48,083 INFO  L188       IsEmptyHeuristic]: Finished isEmptyHeuristic. Found accepting run of length 10
[2026-06-06 01:17:48,083 INFO  L163        IsEmptyParallel]: Finished isEmptyParallel. Found accepting run of length 10
[2026-06-06 01:17:48,083 WARN  L753                IsEmpty]: Correctness of emptinessCheck not tested.
[2026-06-06 01:17:48,083 INFO  L79                 Accepts]: Start accepts. Automaton has  has 6 states, 5 states have (on average 1.8) internal successors, (9), 5 states have internal predecessors, (9), 0 states have call successors, (0), 0 states have call predecessors, (0), 0 states have return successors, (0), 0 states have call predecessors, (0), 0 states have call successors, (0) Word has length 9
[2026-06-06 01:17:48,084 INFO  L85                 Accepts]: Finished accepts. word is accepted.
[2026-06-06 01:17:48,084 INFO  L757                IsEmpty]: Finished testing correctness of emptinessCheck
[2026-06-06 01:17:48,084 INFO  L880   ParallelNwaCegarLoop]: Found new Counterexample via IsEmptyParallel LCPS!
[2026-06-06 01:17:48,084 INFO  L86        PathProgramCache]: Analyzing trace with hash 1192626986, now seen corresponding path program 1 times
[2026-06-06 01:17:48,084 INFO  L484   ParallelNwaCegarLoop]: Main: Starting Thread
[2026-06-06 01:17:48,084 INFO  L290                IsEmpty]: Start isEmptyParallel. Operand  has 6 states, 5 states have (on average 1.8) internal successors, (9), 5 states have internal predecessors, (9), 0 states have call successors, (0), 0 states have call predecessors, (0), 0 states have return successors, (0), 0 states have call predecessors, (0), 0 states have call successors, (0)
[2026-06-06 01:17:48,084 INFO  L209   CegarNwaWorkerThread]: Starting Thread: 143# for Trace Check: 1192626986
[2026-06-06 01:17:48,084 INFO  L300                IsEmpty]: Finished isEmptyParallel. No accepting run.
[2026-06-06 01:17:48,084 INFO  L156        IsEmptyParallel]: Start isEmptyParallel. Operand  has 6 states, 5 states have (on average 1.8) internal successors, (9), 5 states have internal predecessors, (9), 0 states have call successors, (0), 0 states have call predecessors, (0), 0 states have return successors, (0), 0 states have call predecessors, (0), 0 states have call successors, (0)
[2026-06-06 01:17:48,084 INFO  L156       PredicateUnifier]: Initialized classic predicate unifier
[2026-06-06 01:17:48,084 INFO  L86        PathProgramCache]: Analyzing trace with hash 1192626986, now seen corresponding path program 1 times
[2026-06-06 01:17:48,084 INFO  L118   FreeRefinementEngine]: Executing refinement strategy CAMEL
[2026-06-06 01:17:48,084 INFO  L324   FreeRefinementEngine]: Using trace check IpTcStrategyModuleSmtInterpolCraig [1408650251]
[2026-06-06 01:17:48,084 INFO  L97    rtionOrderModulation]: Keeping assertion order NOT_INCREMENTALLY
[2026-06-06 01:17:48,084 INFO  L127          SolverBuilder]: Constructing new instance of SMTInterpol with explicit timeout -1 ms and remaining time -1 ms
[2026-06-06 01:17:48,084 INFO  L182       IsEmptyHeuristic]: Start isEmptyHeuristic. Operand  has 6 states, 5 states have (on average 1.8) internal successors, (9), 5 states have internal predecessors, (9), 0 states have call successors, (0), 0 states have call predecessors, (0), 0 states have return successors, (0), 0 states have call predecessors, (0), 0 states have call successors, (0)
[2026-06-06 01:17:48,084 INFO  L188       IsEmptyHeuristic]: Finished isEmptyHeuristic. Found accepting run of length 10
[2026-06-06 01:17:48,084 INFO  L163        IsEmptyParallel]: Finished isEmptyParallel. Found accepting run of length 10
[2026-06-06 01:17:48,084 WARN  L753                IsEmpty]: Correctness of emptinessCheck not tested.
[2026-06-06 01:17:48,084 INFO  L79                 Accepts]: Start accepts. Automaton has  has 6 states, 5 states have (on average 1.8) internal successors, (9), 5 states have internal predecessors, (9), 0 states have call successors, (0), 0 states have call predecessors, (0), 0 states have return successors, (0), 0 states have call predecessors, (0), 0 states have call successors, (0) Word has length 9
[2026-06-06 01:17:48,084 INFO  L85                 Accepts]: Finished accepts. word is accepted.
[2026-06-06 01:17:48,084 INFO  L757                IsEmpty]: Finished testing correctness of emptinessCheck
[2026-06-06 01:17:48,084 INFO  L880   ParallelNwaCegarLoop]: Found new Counterexample via IsEmptyParallel LCPS!
[2026-06-06 01:17:48,084 INFO  L86        PathProgramCache]: Analyzing trace with hash -1799802505, now seen corresponding path program 2 times
[2026-06-06 01:17:48,084 INFO  L484   ParallelNwaCegarLoop]: Main: Starting Thread
[2026-06-06 01:17:48,084 INFO  L290                IsEmpty]: Start isEmptyParallel. Operand  has 6 states, 5 states have (on average 1.8) internal successors, (9), 5 states have internal predecessors, (9), 0 states have call successors, (0), 0 states have call predecessors, (0), 0 states have return successors, (0), 0 states have call predecessors, (0), 0 states have call successors, (0)
[2026-06-06 01:17:48,085 INFO  L209   CegarNwaWorkerThread]: Starting Thread: 149# for Trace Check: -1799802505
[2026-06-06 01:17:48,085 INFO  L300                IsEmpty]: Finished isEmptyParallel. No accepting run.
[2026-06-06 01:17:48,085 INFO  L156        IsEmptyParallel]: Start isEmptyParallel. Operand  has 6 states, 5 states have (on average 1.8) internal successors, (9), 5 states have internal predecessors, (9), 0 states have call successors, (0), 0 states have call predecessors, (0), 0 states have return successors, (0), 0 states have call predecessors, (0), 0 states have call successors, (0)
[2026-06-06 01:17:48,085 INFO  L156       PredicateUnifier]: Initialized classic predicate unifier
[2026-06-06 01:17:48,085 INFO  L86        PathProgramCache]: Analyzing trace with hash -1799802505, now seen corresponding path program 2 times
[2026-06-06 01:17:48,085 INFO  L118   FreeRefinementEngine]: Executing refinement strategy CAMEL
[2026-06-06 01:17:48,085 INFO  L182       IsEmptyHeuristic]: Start isEmptyHeuristic. Operand  has 6 states, 5 states have (on average 1.8) internal successors, (9), 5 states have internal predecessors, (9), 0 states have call successors, (0), 0 states have call predecessors, (0), 0 states have return successors, (0), 0 states have call predecessors, (0), 0 states have call successors, (0)
[2026-06-06 01:17:48,085 INFO  L324   FreeRefinementEngine]: Using trace check IpTcStrategyModuleSmtInterpolCraig [805288671]
[2026-06-06 01:17:48,085 INFO  L95    rtionOrderModulation]: Changing assertion order to OUTSIDE_LOOP_FIRST1
[2026-06-06 01:17:48,085 INFO  L127          SolverBuilder]: Constructing new instance of SMTInterpol with explicit timeout -1 ms and remaining time -1 ms
[2026-06-06 01:17:48,085 INFO  L188       IsEmptyHeuristic]: Finished isEmptyHeuristic. Found accepting run of length 11
[2026-06-06 01:17:48,085 INFO  L163        IsEmptyParallel]: Finished isEmptyParallel. Found accepting run of length 11
[2026-06-06 01:17:48,085 WARN  L753                IsEmpty]: Correctness of emptinessCheck not tested.
[2026-06-06 01:17:48,085 INFO  L79                 Accepts]: Start accepts. Automaton has  has 6 states, 5 states have (on average 1.8) internal successors, (9), 5 states have internal predecessors, (9), 0 states have call successors, (0), 0 states have call predecessors, (0), 0 states have return successors, (0), 0 states have call predecessors, (0), 0 states have call successors, (0) Word has length 10
[2026-06-06 01:17:48,085 INFO  L85                 Accepts]: Finished accepts. word is accepted.
[2026-06-06 01:17:48,085 INFO  L757                IsEmpty]: Finished testing correctness of emptinessCheck
[2026-06-06 01:17:48,085 INFO  L880   ParallelNwaCegarLoop]: Found new Counterexample via IsEmptyParallel LCPS!
[2026-06-06 01:17:48,085 INFO  L86        PathProgramCache]: Analyzing trace with hash 38710698, now seen corresponding path program 1 times
[2026-06-06 01:17:48,085 INFO  L484   ParallelNwaCegarLoop]: Main: Starting Thread
[2026-06-06 01:17:48,086 INFO  L209   CegarNwaWorkerThread]: Starting Thread: 155# for Trace Check: 38710698
[2026-06-06 01:17:48,086 INFO  L290                IsEmpty]: Start isEmptyParallel. Operand  has 6 states, 5 states have (on average 1.8) internal successors, (9), 5 states have internal predecessors, (9), 0 states have call successors, (0), 0 states have call predecessors, (0), 0 states have return successors, (0), 0 states have call predecessors, (0), 0 states have call successors, (0)
[2026-06-06 01:17:48,086 INFO  L300                IsEmpty]: Finished isEmptyParallel. No accepting run.
[2026-06-06 01:17:48,086 INFO  L156       PredicateUnifier]: Initialized classic predicate unifier
[2026-06-06 01:17:48,086 INFO  L156        IsEmptyParallel]: Start isEmptyParallel. Operand  has 6 states, 5 states have (on average 1.8) internal successors, (9), 5 states have internal predecessors, (9), 0 states have call successors, (0), 0 states have call predecessors, (0), 0 states have return successors, (0), 0 states have call predecessors, (0), 0 states have call successors, (0)
[2026-06-06 01:17:48,086 INFO  L86        PathProgramCache]: Analyzing trace with hash 38710698, now seen corresponding path program 1 times
[2026-06-06 01:17:48,086 INFO  L118   FreeRefinementEngine]: Executing refinement strategy CAMEL
[2026-06-06 01:17:48,086 INFO  L324   FreeRefinementEngine]: Using trace check IpTcStrategyModuleSmtInterpolCraig [962043632]
[2026-06-06 01:17:48,086 INFO  L97    rtionOrderModulation]: Keeping assertion order NOT_INCREMENTALLY
[2026-06-06 01:17:48,086 INFO  L127          SolverBuilder]: Constructing new instance of SMTInterpol with explicit timeout -1 ms and remaining time -1 ms
[2026-06-06 01:17:48,086 INFO  L182       IsEmptyHeuristic]: Start isEmptyHeuristic. Operand  has 6 states, 5 states have (on average 1.8) internal successors, (9), 5 states have internal predecessors, (9), 0 states have call successors, (0), 0 states have call predecessors, (0), 0 states have return successors, (0), 0 states have call predecessors, (0), 0 states have call successors, (0)
[2026-06-06 01:17:48,086 INFO  L188       IsEmptyHeuristic]: Finished isEmptyHeuristic. Found accepting run of length 10
[2026-06-06 01:17:48,086 INFO  L163        IsEmptyParallel]: Finished isEmptyParallel. Found accepting run of length 10
[2026-06-06 01:17:48,086 WARN  L753                IsEmpty]: Correctness of emptinessCheck not tested.
[2026-06-06 01:17:48,086 INFO  L79                 Accepts]: Start accepts. Automaton has  has 6 states, 5 states have (on average 1.8) internal successors, (9), 5 states have internal predecessors, (9), 0 states have call successors, (0), 0 states have call predecessors, (0), 0 states have return successors, (0), 0 states have call predecessors, (0), 0 states have call successors, (0) Word has length 9
[2026-06-06 01:17:48,086 INFO  L85                 Accepts]: Finished accepts. word is accepted.
[2026-06-06 01:17:48,086 INFO  L757                IsEmpty]: Finished testing correctness of emptinessCheck
[2026-06-06 01:17:48,086 INFO  L880   ParallelNwaCegarLoop]: Found new Counterexample via IsEmptyParallel LCPS!
[2026-06-06 01:17:48,086 INFO  L86        PathProgramCache]: Analyzing trace with hash -315482807, now seen corresponding path program 2 times
[2026-06-06 01:17:48,086 INFO  L484   ParallelNwaCegarLoop]: Main: Starting Thread
[2026-06-06 01:17:48,086 INFO  L209   CegarNwaWorkerThread]: Starting Thread: 161# for Trace Check: -315482807
[2026-06-06 01:17:48,086 INFO  L290                IsEmpty]: Start isEmptyParallel. Operand  has 6 states, 5 states have (on average 1.8) internal successors, (9), 5 states have internal predecessors, (9), 0 states have call successors, (0), 0 states have call predecessors, (0), 0 states have return successors, (0), 0 states have call predecessors, (0), 0 states have call successors, (0)
[2026-06-06 01:17:48,086 INFO  L300                IsEmpty]: Finished isEmptyParallel. No accepting run.
[2026-06-06 01:17:48,087 INFO  L156        IsEmptyParallel]: Start isEmptyParallel. Operand  has 6 states, 5 states have (on average 1.8) internal successors, (9), 5 states have internal predecessors, (9), 0 states have call successors, (0), 0 states have call predecessors, (0), 0 states have return successors, (0), 0 states have call predecessors, (0), 0 states have call successors, (0)
[2026-06-06 01:17:48,087 INFO  L156       PredicateUnifier]: Initialized classic predicate unifier
[2026-06-06 01:17:48,087 INFO  L86        PathProgramCache]: Analyzing trace with hash -315482807, now seen corresponding path program 2 times
[2026-06-06 01:17:48,087 INFO  L118   FreeRefinementEngine]: Executing refinement strategy CAMEL
[2026-06-06 01:17:48,087 INFO  L324   FreeRefinementEngine]: Using trace check IpTcStrategyModuleSmtInterpolCraig [1167378008]
[2026-06-06 01:17:48,087 INFO  L95    rtionOrderModulation]: Changing assertion order to OUTSIDE_LOOP_FIRST1
[2026-06-06 01:17:48,087 INFO  L127          SolverBuilder]: Constructing new instance of SMTInterpol with explicit timeout -1 ms and remaining time -1 ms
[2026-06-06 01:17:48,087 INFO  L182       IsEmptyHeuristic]: Start isEmptyHeuristic. Operand  has 6 states, 5 states have (on average 1.8) internal successors, (9), 5 states have internal predecessors, (9), 0 states have call successors, (0), 0 states have call predecessors, (0), 0 states have return successors, (0), 0 states have call predecessors, (0), 0 states have call successors, (0)
[2026-06-06 01:17:48,087 INFO  L188       IsEmptyHeuristic]: Finished isEmptyHeuristic. Found accepting run of length 10
[2026-06-06 01:17:48,087 INFO  L163        IsEmptyParallel]: Finished isEmptyParallel. Found accepting run of length 10
[2026-06-06 01:17:48,087 WARN  L753                IsEmpty]: Correctness of emptinessCheck not tested.
[2026-06-06 01:17:48,087 INFO  L79                 Accepts]: Start accepts. Automaton has  has 6 states, 5 states have (on average 1.8) internal successors, (9), 5 states have internal predecessors, (9), 0 states have call successors, (0), 0 states have call predecessors, (0), 0 states have return successors, (0), 0 states have call predecessors, (0), 0 states have call successors, (0) Word has length 9
[2026-06-06 01:17:48,087 INFO  L85                 Accepts]: Finished accepts. word is accepted.
[2026-06-06 01:17:48,087 INFO  L757                IsEmpty]: Finished testing correctness of emptinessCheck
[2026-06-06 01:17:48,087 INFO  L880   ParallelNwaCegarLoop]: Found new Counterexample via IsEmptyParallel LCPS!
[2026-06-06 01:17:48,087 INFO  L86        PathProgramCache]: Analyzing trace with hash 1241275689, now seen corresponding path program 2 times
[2026-06-06 01:17:48,087 INFO  L484   ParallelNwaCegarLoop]: Main: Starting Thread
[2026-06-06 01:17:48,087 INFO  L209   CegarNwaWorkerThread]: Starting Thread: 167# for Trace Check: 1241275689
[2026-06-06 01:17:48,087 INFO  L290                IsEmpty]: Start isEmptyParallel. Operand  has 6 states, 5 states have (on average 1.8) internal successors, (9), 5 states have internal predecessors, (9), 0 states have call successors, (0), 0 states have call predecessors, (0), 0 states have return successors, (0), 0 states have call predecessors, (0), 0 states have call successors, (0)
[2026-06-06 01:17:48,087 INFO  L300                IsEmpty]: Finished isEmptyParallel. No accepting run.
[2026-06-06 01:17:48,087 INFO  L156        IsEmptyParallel]: Start isEmptyParallel. Operand  has 6 states, 5 states have (on average 1.8) internal successors, (9), 5 states have internal predecessors, (9), 0 states have call successors, (0), 0 states have call predecessors, (0), 0 states have return successors, (0), 0 states have call predecessors, (0), 0 states have call successors, (0)
[2026-06-06 01:17:48,087 INFO  L156       PredicateUnifier]: Initialized classic predicate unifier
[2026-06-06 01:17:48,087 INFO  L86        PathProgramCache]: Analyzing trace with hash 1241275689, now seen corresponding path program 2 times
[2026-06-06 01:17:48,087 INFO  L118   FreeRefinementEngine]: Executing refinement strategy CAMEL
[2026-06-06 01:17:48,087 INFO  L182       IsEmptyHeuristic]: Start isEmptyHeuristic. Operand  has 6 states, 5 states have (on average 1.8) internal successors, (9), 5 states have internal predecessors, (9), 0 states have call successors, (0), 0 states have call predecessors, (0), 0 states have return successors, (0), 0 states have call predecessors, (0), 0 states have call successors, (0)
[2026-06-06 01:17:48,087 INFO  L324   FreeRefinementEngine]: Using trace check IpTcStrategyModuleSmtInterpolCraig [1932352736]
[2026-06-06 01:17:48,087 INFO  L95    rtionOrderModulation]: Changing assertion order to OUTSIDE_LOOP_FIRST1
[2026-06-06 01:17:48,087 INFO  L127          SolverBuilder]: Constructing new instance of SMTInterpol with explicit timeout -1 ms and remaining time -1 ms
[2026-06-06 01:17:48,088 INFO  L188       IsEmptyHeuristic]: Finished isEmptyHeuristic. Found accepting run of length 10
[2026-06-06 01:17:48,088 INFO  L163        IsEmptyParallel]: Finished isEmptyParallel. Found accepting run of length 10
[2026-06-06 01:17:48,088 WARN  L753                IsEmpty]: Correctness of emptinessCheck not tested.
[2026-06-06 01:17:48,088 INFO  L79                 Accepts]: Start accepts. Automaton has  has 6 states, 5 states have (on average 1.8) internal successors, (9), 5 states have internal predecessors, (9), 0 states have call successors, (0), 0 states have call predecessors, (0), 0 states have return successors, (0), 0 states have call predecessors, (0), 0 states have call successors, (0) Word has length 9
[2026-06-06 01:17:48,088 INFO  L85                 Accepts]: Finished accepts. word is accepted.
[2026-06-06 01:17:48,088 INFO  L757                IsEmpty]: Finished testing correctness of emptinessCheck
[2026-06-06 01:17:48,088 INFO  L880   ParallelNwaCegarLoop]: Found new Counterexample via IsEmptyParallel LCPS!
[2026-06-06 01:17:48,088 INFO  L86        PathProgramCache]: Analyzing trace with hash 177753866, now seen corresponding path program 2 times
[2026-06-06 01:17:48,088 INFO  L484   ParallelNwaCegarLoop]: Main: Starting Thread
[2026-06-06 01:17:48,088 INFO  L266   ParallelNwaCegarLoop]: === Iteration 2 ===
[2026-06-06 01:17:48,088 INFO  L501   ParallelNwaCegarLoop]: All threads busy, going to sleep.
[2026-06-06 01:17:48,088 INFO  L209   CegarNwaWorkerThread]: Starting Thread: 173# for Trace Check: 177753866
[2026-06-06 01:17:48,088 INFO  L156       PredicateUnifier]: Initialized classic predicate unifier
[2026-06-06 01:17:48,088 INFO  L86        PathProgramCache]: Analyzing trace with hash 177753866, now seen corresponding path program 2 times
[2026-06-06 01:17:48,088 INFO  L118   FreeRefinementEngine]: Executing refinement strategy CAMEL
[2026-06-06 01:17:48,088 INFO  L324   FreeRefinementEngine]: Using trace check IpTcStrategyModuleSmtInterpolCraig [1691991774]
[2026-06-06 01:17:48,088 INFO  L95    rtionOrderModulation]: Changing assertion order to OUTSIDE_LOOP_FIRST1
[2026-06-06 01:17:48,088 INFO  L127          SolverBuilder]: Constructing new instance of SMTInterpol with explicit timeout -1 ms and remaining time -1 ms
[2026-06-06 01:17:48,117 INFO  L108    AnnotateAndAsserter]: Assert order NOT_INCREMENTALLY partitioned 7 statements into 1 equivalence classes.
[2026-06-06 01:17:48,118 INFO  L108    AnnotateAndAsserter]: Assert order NOT_INCREMENTALLY partitioned 9 statements into 1 equivalence classes.
[2026-06-06 01:17:48,118 INFO  L108    AnnotateAndAsserter]: Assert order NOT_INCREMENTALLY partitioned 7 statements into 1 equivalence classes.
[2026-06-06 01:17:48,118 INFO  L108    AnnotateAndAsserter]: Assert order NOT_INCREMENTALLY partitioned 8 statements into 1 equivalence classes.
[2026-06-06 01:17:48,118 INFO  L108    AnnotateAndAsserter]: Assert order NOT_INCREMENTALLY partitioned 6 statements into 1 equivalence classes.
[2026-06-06 01:17:48,118 INFO  L108    AnnotateAndAsserter]: Assert order NOT_INCREMENTALLY partitioned 8 statements into 1 equivalence classes.
[2026-06-06 01:17:48,118 INFO  L108    AnnotateAndAsserter]: Assert order NOT_INCREMENTALLY partitioned 8 statements into 1 equivalence classes.
[2026-06-06 01:17:48,118 INFO  L108    AnnotateAndAsserter]: Assert order NOT_INCREMENTALLY partitioned 10 statements into 1 equivalence classes.
[2026-06-06 01:17:48,118 INFO  L108    AnnotateAndAsserter]: Assert order NOT_INCREMENTALLY partitioned 10 statements into 1 equivalence classes.
[2026-06-06 01:17:48,118 INFO  L108    AnnotateAndAsserter]: Assert order NOT_INCREMENTALLY partitioned 9 statements into 1 equivalence classes.
[2026-06-06 01:17:48,118 INFO  L108    AnnotateAndAsserter]: Assert order NOT_INCREMENTALLY partitioned 4 statements into 1 equivalence classes.
[2026-06-06 01:17:48,118 INFO  L108    AnnotateAndAsserter]: Assert order OUTSIDE_LOOP_FIRST1 partitioned 9 statements into 2 equivalence classes.
[2026-06-06 01:17:48,118 INFO  L108    AnnotateAndAsserter]: Assert order OUTSIDE_LOOP_FIRST1 partitioned 9 statements into 2 equivalence classes.
[2026-06-06 01:17:48,118 INFO  L108    AnnotateAndAsserter]: Assert order OUTSIDE_LOOP_FIRST1 partitioned 9 statements into 2 equivalence classes.
[2026-06-06 01:17:48,118 INFO  L108    AnnotateAndAsserter]: Assert order OUTSIDE_LOOP_FIRST1 partitioned 9 statements into 2 equivalence classes.
[2026-06-06 01:17:48,118 INFO  L108    AnnotateAndAsserter]: Assert order OUTSIDE_LOOP_FIRST1 partitioned 8 statements into 2 equivalence classes.
[2026-06-06 01:17:48,132 INFO  L111    AnnotateAndAsserter]: Assert order NOT_INCREMENTALLY issued 1 check-sat command(s) and asserted 8 of 8 statements.
[2026-06-06 01:17:48,132 INFO  L111    AnnotateAndAsserter]: Assert order NOT_INCREMENTALLY issued 1 check-sat command(s) and asserted 8 of 8 statements.
[2026-06-06 01:17:48,132 INFO  L111    AnnotateAndAsserter]: Assert order NOT_INCREMENTALLY issued 1 check-sat command(s) and asserted 7 of 7 statements.
[2026-06-06 01:17:48,132 INFO  L111    AnnotateAndAsserter]: Assert order NOT_INCREMENTALLY issued 1 check-sat command(s) and asserted 10 of 10 statements.
[2026-06-06 01:17:48,132 INFO  L111    AnnotateAndAsserter]: Assert order OUTSIDE_LOOP_FIRST1 issued 1 check-sat command(s) and asserted 4 of 9 statements.
[2026-06-06 01:17:48,132 INFO  L111    AnnotateAndAsserter]: Assert order NOT_INCREMENTALLY issued 1 check-sat command(s) and asserted 8 of 8 statements.
[2026-06-06 01:17:48,132 INFO  L114    AnnotateAndAsserter]: Assert order NOT_INCREMENTALLY issued 1 check-sat command(s)
[2026-06-06 01:17:48,132 INFO  L111    AnnotateAndAsserter]: Assert order OUTSIDE_LOOP_FIRST1 issued 1 check-sat command(s) and asserted 4 of 9 statements.
[2026-06-06 01:17:48,132 INFO  L111    AnnotateAndAsserter]: Assert order NOT_INCREMENTALLY issued 1 check-sat command(s) and asserted 7 of 7 statements.
[2026-06-06 01:17:48,132 INFO  L114    AnnotateAndAsserter]: Assert order NOT_INCREMENTALLY issued 1 check-sat command(s)
[2026-06-06 01:17:48,132 INFO  L115    AnnotateAndAsserter]: Conjunction of SSA is unsat
[2026-06-06 01:17:48,132 INFO  L111    AnnotateAndAsserter]: Assert order NOT_INCREMENTALLY issued 1 check-sat command(s) and asserted 10 of 10 statements.
[2026-06-06 01:17:48,132 INFO  L111    AnnotateAndAsserter]: Assert order NOT_INCREMENTALLY issued 1 check-sat command(s) and asserted 4 of 4 statements.
[2026-06-06 01:17:48,132 INFO  L111    AnnotateAndAsserter]: Assert order NOT_INCREMENTALLY issued 1 check-sat command(s) and asserted 9 of 9 statements.
[2026-06-06 01:17:48,132 INFO  L114    AnnotateAndAsserter]: Assert order NOT_INCREMENTALLY issued 1 check-sat command(s)
[2026-06-06 01:17:48,132 INFO  L115    AnnotateAndAsserter]: Conjunction of SSA is unsat
[2026-06-06 01:17:48,132 INFO  L114    AnnotateAndAsserter]: Assert order NOT_INCREMENTALLY issued 1 check-sat command(s)
[2026-06-06 01:17:48,132 INFO  L115    AnnotateAndAsserter]: Conjunction of SSA is unsat
[2026-06-06 01:17:48,132 INFO  L114    AnnotateAndAsserter]: Assert order OUTSIDE_LOOP_FIRST1 issued 1 check-sat command(s)
[2026-06-06 01:17:48,132 INFO  L115    AnnotateAndAsserter]: Conjunction of SSA is unsat
[2026-06-06 01:17:48,132 INFO  L115    AnnotateAndAsserter]: Conjunction of SSA is unsat
[2026-06-06 01:17:48,132 INFO  L114    AnnotateAndAsserter]: Assert order OUTSIDE_LOOP_FIRST1 issued 1 check-sat command(s)
[2026-06-06 01:17:48,132 INFO  L115    AnnotateAndAsserter]: Conjunction of SSA is unsat
[2026-06-06 01:17:48,132 INFO  L114    AnnotateAndAsserter]: Assert order NOT_INCREMENTALLY issued 1 check-sat command(s)
[2026-06-06 01:17:48,132 INFO  L115    AnnotateAndAsserter]: Conjunction of SSA is unsat
[2026-06-06 01:17:48,132 INFO  L114    AnnotateAndAsserter]: Assert order NOT_INCREMENTALLY issued 1 check-sat command(s)
[2026-06-06 01:17:48,132 INFO  L115    AnnotateAndAsserter]: Conjunction of SSA is unsat
[2026-06-06 01:17:48,132 INFO  L114    AnnotateAndAsserter]: Assert order NOT_INCREMENTALLY issued 1 check-sat command(s)
[2026-06-06 01:17:48,133 INFO  L115    AnnotateAndAsserter]: Conjunction of SSA is unsat
[2026-06-06 01:17:48,132 INFO  L114    AnnotateAndAsserter]: Assert order NOT_INCREMENTALLY issued 1 check-sat command(s)
[2026-06-06 01:17:48,133 INFO  L115    AnnotateAndAsserter]: Conjunction of SSA is unsat
[2026-06-06 01:17:48,132 INFO  L111    AnnotateAndAsserter]: Assert order OUTSIDE_LOOP_FIRST1 issued 1 check-sat command(s) and asserted 4 of 8 statements.
[2026-06-06 01:17:48,132 INFO  L114    AnnotateAndAsserter]: Assert order NOT_INCREMENTALLY issued 1 check-sat command(s)
[2026-06-06 01:17:48,133 INFO  L115    AnnotateAndAsserter]: Conjunction of SSA is unsat
[2026-06-06 01:17:48,133 INFO  L114    AnnotateAndAsserter]: Assert order OUTSIDE_LOOP_FIRST1 issued 1 check-sat command(s)
[2026-06-06 01:17:48,133 INFO  L115    AnnotateAndAsserter]: Conjunction of SSA is unsat
[2026-06-06 01:17:48,133 INFO  L111    AnnotateAndAsserter]: Assert order NOT_INCREMENTALLY issued 1 check-sat command(s) and asserted 6 of 6 statements.
[2026-06-06 01:17:48,133 INFO  L114    AnnotateAndAsserter]: Assert order NOT_INCREMENTALLY issued 1 check-sat command(s)
[2026-06-06 01:17:48,133 INFO  L115    AnnotateAndAsserter]: Conjunction of SSA is unsat
[2026-06-06 01:17:48,137 INFO  L111    AnnotateAndAsserter]: Assert order OUTSIDE_LOOP_FIRST1 issued 2 check-sat command(s) and asserted 9 of 9 statements.
[2026-06-06 01:17:48,137 INFO  L114    AnnotateAndAsserter]: Assert order OUTSIDE_LOOP_FIRST1 issued 2 check-sat command(s)
[2026-06-06 01:17:48,137 INFO  L115    AnnotateAndAsserter]: Conjunction of SSA is unsat
[2026-06-06 01:17:48,138 INFO  L111    AnnotateAndAsserter]: Assert order OUTSIDE_LOOP_FIRST1 issued 2 check-sat command(s) and asserted 9 of 9 statements.
[2026-06-06 01:17:48,138 INFO  L114    AnnotateAndAsserter]: Assert order OUTSIDE_LOOP_FIRST1 issued 2 check-sat command(s)
[2026-06-06 01:17:48,138 INFO  L115    AnnotateAndAsserter]: Conjunction of SSA is unsat
[2026-06-06 01:17:48,138 INFO  L111    AnnotateAndAsserter]: Assert order NOT_INCREMENTALLY issued 1 check-sat command(s) and asserted 9 of 9 statements.
[2026-06-06 01:17:48,138 INFO  L114    AnnotateAndAsserter]: Assert order NOT_INCREMENTALLY issued 1 check-sat command(s)
[2026-06-06 01:17:48,138 INFO  L115    AnnotateAndAsserter]: Conjunction of SSA is unsat
[2026-06-06 01:17:48,194 INFO  L134       CoverageAnalysis]: Checked inductivity of 2 backedges. 0 proven. 1 refuted. 0 times theorem prover too weak. 1 trivial. 0 not checked.
[2026-06-06 01:17:48,194 INFO  L134       CoverageAnalysis]: Checked inductivity of 4 backedges. 0 proven. 0 refuted. 0 times theorem prover too weak. 4 trivial. 0 not checked.
[2026-06-06 01:17:48,194 INFO  L134       CoverageAnalysis]: Checked inductivity of 3 backedges. 0 proven. 0 refuted. 0 times theorem prover too weak. 3 trivial. 0 not checked.
[2026-06-06 01:17:48,194 INFO  L134       CoverageAnalysis]: Checked inductivity of 2 backedges. 0 proven. 0 refuted. 0 times theorem prover too weak. 2 trivial. 0 not checked.
[2026-06-06 01:17:48,194 INFO  L134       CoverageAnalysis]: Checked inductivity of 5 backedges. 0 proven. 1 refuted. 0 times theorem prover too weak. 4 trivial. 0 not checked.
[2026-06-06 01:17:48,194 INFO  L134       CoverageAnalysis]: Checked inductivity of 5 backedges. 0 proven. 0 refuted. 0 times theorem prover too weak. 5 trivial. 0 not checked.
[2026-06-06 01:17:48,194 INFO  L134       CoverageAnalysis]: Checked inductivity of 0 backedges. 0 proven. 0 refuted. 0 times theorem prover too weak. 0 trivial. 0 not checked.
[2026-06-06 01:17:48,195 INFO  L136   FreeRefinementEngine]: Strategy CAMEL found an infeasible trace
[2026-06-06 01:17:48,194 INFO  L134       CoverageAnalysis]: Checked inductivity of 5 backedges. 0 proven. 0 refuted. 0 times theorem prover too weak. 5 trivial. 0 not checked.
[2026-06-06 01:17:48,194 INFO  L134       CoverageAnalysis]: Checked inductivity of 7 backedges. 0 proven. 0 refuted. 0 times theorem prover too weak. 7 trivial. 0 not checked.
[2026-06-06 01:17:48,194 INFO  L134       CoverageAnalysis]: Checked inductivity of 7 backedges. 0 proven. 0 refuted. 0 times theorem prover too weak. 7 trivial. 0 not checked.
[2026-06-06 01:17:48,194 INFO  L134       CoverageAnalysis]: Checked inductivity of 3 backedges. 0 proven. 1 refuted. 0 times theorem prover too weak. 2 trivial. 0 not checked.
[2026-06-06 01:17:48,195 INFO  L136   FreeRefinementEngine]: Strategy CAMEL found an infeasible trace
[2026-06-06 01:17:48,195 INFO  L136   FreeRefinementEngine]: Strategy CAMEL found an infeasible trace
[2026-06-06 01:17:48,195 INFO  L324   FreeRefinementEngine]: Using interpolant generator IpTcStrategyModuleSmtInterpolCraig [222926278]
[2026-06-06 01:17:48,195 INFO  L324   FreeRefinementEngine]: Using interpolant generator IpTcStrategyModuleSmtInterpolCraig [1691991774]
[2026-06-06 01:17:48,195 INFO  L136   FreeRefinementEngine]: Strategy CAMEL found an infeasible trace
[2026-06-06 01:17:48,195 INFO  L136   FreeRefinementEngine]: Strategy CAMEL found an infeasible trace
[2026-06-06 01:17:48,195 INFO  L136   FreeRefinementEngine]: Strategy CAMEL found an infeasible trace
[2026-06-06 01:17:48,195 INFO  L136   FreeRefinementEngine]: Strategy CAMEL found an infeasible trace
[2026-06-06 01:17:48,195 INFO  L136   FreeRefinementEngine]: Strategy CAMEL found an infeasible trace
[2026-06-06 01:17:48,195 INFO  L136   FreeRefinementEngine]: Strategy CAMEL found an infeasible trace
[2026-06-06 01:17:48,195 INFO  L136   FreeRefinementEngine]: Strategy CAMEL found an infeasible trace
[2026-06-06 01:17:48,195 INFO  L324   FreeRefinementEngine]: Using interpolant generator IpTcStrategyModuleSmtInterpolCraig [2009295685]
[2026-06-06 01:17:48,195 INFO  L324   FreeRefinementEngine]: Using interpolant generator IpTcStrategyModuleSmtInterpolCraig [648924237]
[2026-06-06 01:17:48,195 INFO  L324   FreeRefinementEngine]: Using interpolant generator IpTcStrategyModuleSmtInterpolCraig [319099876]
[2026-06-06 01:17:48,195 INFO  L158   FreeRefinementEngine]: IpTcStrategyModuleSmtInterpolCraig [648924237] provided 1 perfect and 0 imperfect interpolant sequences
[2026-06-06 01:17:48,195 INFO  L324   FreeRefinementEngine]: Using interpolant generator IpTcStrategyModuleSmtInterpolCraig [1167378008]
[2026-06-06 01:17:48,195 INFO  L324   FreeRefinementEngine]: Using interpolant generator IpTcStrategyModuleSmtInterpolCraig [2142371446]
[2026-06-06 01:17:48,195 INFO  L324   FreeRefinementEngine]: Using interpolant generator IpTcStrategyModuleSmtInterpolCraig [805288671]
[2026-06-06 01:17:48,195 INFO  L324   FreeRefinementEngine]: Using interpolant generator IpTcStrategyModuleSmtInterpolCraig [962043632]
[2026-06-06 01:17:48,195 INFO  L136   FreeRefinementEngine]: Strategy CAMEL found an infeasible trace
[2026-06-06 01:17:48,196 INFO  L158   FreeRefinementEngine]: IpTcStrategyModuleSmtInterpolCraig [962043632] provided 1 perfect and 0 imperfect interpolant sequences
[2026-06-06 01:17:48,196 INFO  L158   FreeRefinementEngine]: IpTcStrategyModuleSmtInterpolCraig [805288671] provided 1 perfect and 0 imperfect interpolant sequences
[2026-06-06 01:17:48,196 INFO  L158   FreeRefinementEngine]: IpTcStrategyModuleSmtInterpolCraig [2142371446] provided 1 perfect and 0 imperfect interpolant sequences
[2026-06-06 01:17:48,195 INFO  L158   FreeRefinementEngine]: IpTcStrategyModuleSmtInterpolCraig [1167378008] provided 0 perfect and 1 imperfect interpolant sequences
[2026-06-06 01:17:48,195 INFO  L185   FreeRefinementEngine]: Found 1 perfect and 0 imperfect interpolant sequences.
[2026-06-06 01:17:48,195 INFO  L158   FreeRefinementEngine]: IpTcStrategyModuleSmtInterpolCraig [319099876] provided 0 perfect and 1 imperfect interpolant sequences
[2026-06-06 01:17:48,195 INFO  L158   FreeRefinementEngine]: IpTcStrategyModuleSmtInterpolCraig [1691991774] provided 1 perfect and 0 imperfect interpolant sequences
[2026-06-06 01:17:48,195 INFO  L158   FreeRefinementEngine]: IpTcStrategyModuleSmtInterpolCraig [2009295685] provided 1 perfect and 0 imperfect interpolant sequences
[2026-06-06 01:17:48,195 INFO  L158   FreeRefinementEngine]: IpTcStrategyModuleSmtInterpolCraig [222926278] provided 1 perfect and 0 imperfect interpolant sequences
[2026-06-06 01:17:48,195 INFO  L324   FreeRefinementEngine]: Using interpolant generator IpTcStrategyModuleSmtInterpolCraig [119447201]
[2026-06-06 01:17:48,196 INFO  L185   FreeRefinementEngine]: Found 1 perfect and 0 imperfect interpolant sequences.
[2026-06-06 01:17:48,196 INFO  L198   FreeRefinementEngine]: Number of different interpolants: perfect sequences [2] imperfect sequences [] total 2
[2026-06-06 01:17:48,196 INFO  L185   FreeRefinementEngine]: Found 1 perfect and 0 imperfect interpolant sequences.
[2026-06-06 01:17:48,196 INFO  L185   FreeRefinementEngine]: Found 1 perfect and 0 imperfect interpolant sequences.
[2026-06-06 01:17:48,196 INFO  L324   FreeRefinementEngine]: Using interpolant generator IpTcStrategyModuleZ3 [1472650062]
[2026-06-06 01:17:48,196 INFO  L324   FreeRefinementEngine]: Using interpolant generator IpTcStrategyModuleZ3 [2068570541]
[2026-06-06 01:17:48,196 INFO  L185   FreeRefinementEngine]: Found 1 perfect and 0 imperfect interpolant sequences.
[2026-06-06 01:17:48,196 INFO  L185   FreeRefinementEngine]: Found 1 perfect and 0 imperfect interpolant sequences.
[2026-06-06 01:17:48,196 INFO  L185   FreeRefinementEngine]: Found 1 perfect and 0 imperfect interpolant sequences.
[2026-06-06 01:17:48,196 INFO  L324   FreeRefinementEngine]: Using interpolant generator IpTcStrategyModuleSmtInterpolCraig [89808161]
[2026-06-06 01:17:48,196 INFO  L198   FreeRefinementEngine]: Number of different interpolants: perfect sequences [2] imperfect sequences [] total 2
[2026-06-06 01:17:48,196 INFO  L198   FreeRefinementEngine]: Number of different interpolants: perfect sequences [2] imperfect sequences [] total 2
[2026-06-06 01:17:48,196 INFO  L198   FreeRefinementEngine]: Number of different interpolants: perfect sequences [2] imperfect sequences [] total 2
[2026-06-06 01:17:48,196 INFO  L95    rtionOrderModulation]: Changing assertion order to OUTSIDE_LOOP_FIRST1
[2026-06-06 01:17:48,196 INFO  L97    rtionOrderModulation]: Keeping assertion order NOT_INCREMENTALLY
[2026-06-06 01:17:48,196 INFO  L198   FreeRefinementEngine]: Number of different interpolants: perfect sequences [2] imperfect sequences [] total 2
[2026-06-06 01:17:48,196 INFO  L173          SolverBuilder]: Constructing external solver with command: z3 -smt2 -in SMTLIB2_COMPLIANT=true
[2026-06-06 01:17:48,196 INFO  L198   FreeRefinementEngine]: Number of different interpolants: perfect sequences [2] imperfect sequences [] total 2
[2026-06-06 01:17:48,196 INFO  L198   FreeRefinementEngine]: Number of different interpolants: perfect sequences [2] imperfect sequences [] total 2
[2026-06-06 01:17:48,196 INFO  L158   FreeRefinementEngine]: IpTcStrategyModuleSmtInterpolCraig [119447201] provided 1 perfect and 0 imperfect interpolant sequences
[2026-06-06 01:17:48,196 INFO  L173          SolverBuilder]: Constructing external solver with command: z3 -smt2 -in SMTLIB2_COMPLIANT=true
[2026-06-06 01:17:48,196 INFO  L158   FreeRefinementEngine]: IpTcStrategyModuleSmtInterpolCraig [89808161] provided 0 perfect and 1 imperfect interpolant sequences
[2026-06-06 01:17:48,197 INFO  L185   FreeRefinementEngine]: Found 1 perfect and 0 imperfect interpolant sequences.
[2026-06-06 01:17:48,197 INFO  L198   FreeRefinementEngine]: Number of different interpolants: perfect sequences [2] imperfect sequences [] total 2
[2026-06-06 01:17:48,197 INFO  L324   FreeRefinementEngine]: Using interpolant generator IpTcStrategyModuleZ3 [1905233017]
[2026-06-06 01:17:48,197 INFO  L97    rtionOrderModulation]: Keeping assertion order NOT_INCREMENTALLY
[2026-06-06 01:17:48,197 INFO  L173          SolverBuilder]: Constructing external solver with command: z3 -smt2 -in SMTLIB2_COMPLIANT=true
[2026-06-06 01:17:48,197 INFO  L122   tionRefinementEngine]: Using interpolant automaton builder IpAbStrategyModuleStraightlineAll [623603480]
[2026-06-06 01:17:48,197 INFO  L122   tionRefinementEngine]: Using interpolant automaton builder IpAbStrategyModuleStraightlineAll [1559766872]
[2026-06-06 01:17:48,197 INFO  L122   tionRefinementEngine]: Using interpolant automaton builder IpAbStrategyModuleStraightlineAll [460993437]
[2026-06-06 01:17:48,197 INFO  L122   tionRefinementEngine]: Using interpolant automaton builder IpAbStrategyModuleStraightlineAll [1226086653]
[2026-06-06 01:17:48,197 INFO  L122   tionRefinementEngine]: Using interpolant automaton builder IpAbStrategyModuleStraightlineAll [1761843477]
[2026-06-06 01:17:48,197 INFO  L134       CoverageAnalysis]: Checked inductivity of 6 backedges. 0 proven. 1 refuted. 0 times theorem prover too weak. 5 trivial. 0 not checked.
[2026-06-06 01:17:48,197 INFO  L136   FreeRefinementEngine]: Strategy CAMEL found an infeasible trace
[2026-06-06 01:17:48,197 INFO  L122   tionRefinementEngine]: Using interpolant automaton builder IpAbStrategyModuleStraightlineAll [1484264450]
[2026-06-06 01:17:48,198 INFO  L85    oduleStraightlineAll]: Using 1 perfect interpolants to construct interpolant automaton
[2026-06-06 01:17:48,197 INFO  L122   tionRefinementEngine]: Using interpolant automaton builder IpAbStrategyModuleStraightlineAll [413700871]
[2026-06-06 01:17:48,198 INFO  L85    oduleStraightlineAll]: Using 1 perfect interpolants to construct interpolant automaton
[2026-06-06 01:17:48,198 INFO  L85    oduleStraightlineAll]: Using 1 perfect interpolants to construct interpolant automaton
[2026-06-06 01:17:48,198 INFO  L85    oduleStraightlineAll]: Using 1 perfect interpolants to construct interpolant automaton
[2026-06-06 01:17:48,198 INFO  L324   FreeRefinementEngine]: Using interpolant generator IpTcStrategyModuleSmtInterpolCraig [423284396]
[2026-06-06 01:17:48,198 INFO  L85    oduleStraightlineAll]: Using 1 perfect interpolants to construct interpolant automaton
[2026-06-06 01:17:48,198 INFO  L85    oduleStraightlineAll]: Using 1 perfect interpolants to construct interpolant automaton
[2026-06-06 01:17:48,198 INFO  L122   tionRefinementEngine]: Using interpolant automaton builder IpAbStrategyModuleStraightlineAll [240197283]
[2026-06-06 01:17:48,198 INFO  L158   FreeRefinementEngine]: IpTcStrategyModuleSmtInterpolCraig [423284396] provided 0 perfect and 1 imperfect interpolant sequences
[2026-06-06 01:17:48,198 INFO  L85    oduleStraightlineAll]: Using 1 perfect interpolants to construct interpolant automaton
[2026-06-06 01:17:48,198 INFO  L324   FreeRefinementEngine]: Using interpolant generator IpTcStrategyModuleZ3 [1697947051]
[2026-06-06 01:17:48,198 INFO  L85    oduleStraightlineAll]: Using 1 perfect interpolants to construct interpolant automaton
[2026-06-06 01:17:48,198 INFO  L97    rtionOrderModulation]: Keeping assertion order NOT_INCREMENTALLY
[2026-06-06 01:17:48,198 INFO  L173          SolverBuilder]: Constructing external solver with command: z3 -smt2 -in SMTLIB2_COMPLIANT=true
[2026-06-06 01:17:48,199 INFO  L134       CoverageAnalysis]: Checked inductivity of 3 backedges. 0 proven. 0 refuted. 0 times theorem prover too weak. 3 trivial. 0 not checked.
[2026-06-06 01:17:48,199 INFO  L136   FreeRefinementEngine]: Strategy CAMEL found an infeasible trace
[2026-06-06 01:17:48,199 INFO  L324   FreeRefinementEngine]: Using interpolant generator IpTcStrategyModuleSmtInterpolCraig [1100368325]
[2026-06-06 01:17:48,199 INFO  L158   FreeRefinementEngine]: IpTcStrategyModuleSmtInterpolCraig [1100368325] provided 1 perfect and 0 imperfect interpolant sequences
[2026-06-06 01:17:48,199 INFO  L185   FreeRefinementEngine]: Found 1 perfect and 0 imperfect interpolant sequences.
[2026-06-06 01:17:48,199 INFO  L198   FreeRefinementEngine]: Number of different interpolants: perfect sequences [3] imperfect sequences [] total 3
[2026-06-06 01:17:48,199 INFO  L122   tionRefinementEngine]: Using interpolant automaton builder IpAbStrategyModuleStraightlineAll [1311278122]
[2026-06-06 01:17:48,199 INFO  L85    oduleStraightlineAll]: Using 1 perfect interpolants to construct interpolant automaton
[2026-06-06 01:17:48,199 INFO  L134       CoverageAnalysis]: Checked inductivity of 10 backedges. 0 proven. 0 refuted. 0 times theorem prover too weak. 10 trivial. 0 not checked.
[2026-06-06 01:17:48,199 INFO  L136   FreeRefinementEngine]: Strategy CAMEL found an infeasible trace
[2026-06-06 01:17:48,199 INFO  L324   FreeRefinementEngine]: Using interpolant generator IpTcStrategyModuleSmtInterpolCraig [727521390]
[2026-06-06 01:17:48,199 INFO  L158   FreeRefinementEngine]: IpTcStrategyModuleSmtInterpolCraig [727521390] provided 1 perfect and 0 imperfect interpolant sequences
[2026-06-06 01:17:48,199 INFO  L185   FreeRefinementEngine]: Found 1 perfect and 0 imperfect interpolant sequences.
[2026-06-06 01:17:48,199 INFO  L198   FreeRefinementEngine]: Number of different interpolants: perfect sequences [3] imperfect sequences [] total 3
[2026-06-06 01:17:48,199 INFO  L122   tionRefinementEngine]: Using interpolant automaton builder IpAbStrategyModuleStraightlineAll [1837791020]
[2026-06-06 01:17:48,199 INFO  L85    oduleStraightlineAll]: Using 1 perfect interpolants to construct interpolant automaton
[2026-06-06 01:17:48,200 INFO  L100   FreeRefinementEngine]: Using predicate unifier PredicateUnifier provided by strategy CAMEL
[2026-06-06 01:17:48,200 INFO  L100   FreeRefinementEngine]: Using predicate unifier PredicateUnifier provided by strategy CAMEL
[2026-06-06 01:17:48,200 INFO  L100   FreeRefinementEngine]: Using predicate unifier PredicateUnifier provided by strategy CAMEL
[2026-06-06 01:17:48,200 INFO  L100   FreeRefinementEngine]: Using predicate unifier PredicateUnifier provided by strategy CAMEL
[2026-06-06 01:17:48,200 INFO  L100   FreeRefinementEngine]: Using predicate unifier PredicateUnifier provided by strategy CAMEL
[2026-06-06 01:17:48,200 INFO  L100   FreeRefinementEngine]: Using predicate unifier PredicateUnifier provided by strategy CAMEL
[2026-06-06 01:17:48,200 INFO  L100   FreeRefinementEngine]: Using predicate unifier PredicateUnifier provided by strategy CAMEL
[2026-06-06 01:17:48,200 INFO  L100   FreeRefinementEngine]: Using predicate unifier PredicateUnifier provided by strategy CAMEL
[2026-06-06 01:17:48,200 INFO  L100   FreeRefinementEngine]: Using predicate unifier PredicateUnifier provided by strategy CAMEL
[2026-06-06 01:17:48,200 INFO  L100   FreeRefinementEngine]: Using predicate unifier PredicateUnifier provided by strategy CAMEL
[2026-06-06 01:17:48,201 INFO  L189       MonitoredProcess]: No working directory specified, using /usr/bin/z3
[2026-06-06 01:17:48,201 INFO  L189       MonitoredProcess]: No working directory specified, using /usr/bin/z3
[2026-06-06 01:17:48,201 INFO  L189       MonitoredProcess]: No working directory specified, using /usr/bin/z3
[2026-06-06 01:17:48,202 INFO  L189       MonitoredProcess]: No working directory specified, using /usr/bin/z3
[2026-06-06 01:17:48,203 INFO  L229       MonitoredProcess]: Starting monitored process 18 with /usr/bin/z3 -smt2 -in SMTLIB2_COMPLIANT=true (exit command is (exit), workingDir is null)
[2026-06-06 01:17:48,203 INFO  L229       MonitoredProcess]: Starting monitored process 19 with /usr/bin/z3 -smt2 -in SMTLIB2_COMPLIANT=true (exit command is (exit), workingDir is null)
[2026-06-06 01:17:48,203 INFO  L229       MonitoredProcess]: Starting monitored process 20 with /usr/bin/z3 -smt2 -in SMTLIB2_COMPLIANT=true (exit command is (exit), workingDir is null)
[2026-06-06 01:17:48,204 INFO  L327       MonitoredProcess]: [MP /usr/bin/z3 -smt2 -in SMTLIB2_COMPLIANT=true (18)] Waiting until timeout for monitored process
[2026-06-06 01:17:48,204 INFO  L229       MonitoredProcess]: Starting monitored process 21 with /usr/bin/z3 -smt2 -in SMTLIB2_COMPLIANT=true (exit command is (exit), workingDir is null)
[2026-06-06 01:17:48,204 INFO  L327       MonitoredProcess]: [MP /usr/bin/z3 -smt2 -in SMTLIB2_COMPLIANT=true (19)] Waiting until timeout for monitored process
[2026-06-06 01:17:48,204 INFO  L327       MonitoredProcess]: [MP /usr/bin/z3 -smt2 -in SMTLIB2_COMPLIANT=true (20)] Waiting until timeout for monitored process
[2026-06-06 01:17:48,205 INFO  L327       MonitoredProcess]: [MP /usr/bin/z3 -smt2 -in SMTLIB2_COMPLIANT=true (21)] Waiting until timeout for monitored process
[2026-06-06 01:17:48,209 INFO  L134       CoverageAnalysis]: Checked inductivity of 5 backedges. 0 proven. 1 refuted. 0 times theorem prover too weak. 4 trivial. 0 not checked.
[2026-06-06 01:17:48,209 INFO  L134       CoverageAnalysis]: Checked inductivity of 7 backedges. 0 proven. 1 refuted. 0 times theorem prover too weak. 6 trivial. 0 not checked.
[2026-06-06 01:17:48,209 INFO  L136   FreeRefinementEngine]: Strategy CAMEL found an infeasible trace
[2026-06-06 01:17:48,209 INFO  L136   FreeRefinementEngine]: Strategy CAMEL found an infeasible trace
[2026-06-06 01:17:48,209 INFO  L324   FreeRefinementEngine]: Using interpolant generator IpTcStrategyModuleSmtInterpolCraig [1408650251]
[2026-06-06 01:17:48,209 INFO  L324   FreeRefinementEngine]: Using interpolant generator IpTcStrategyModuleSmtInterpolCraig [1932352736]
[2026-06-06 01:17:48,209 INFO  L158   FreeRefinementEngine]: IpTcStrategyModuleSmtInterpolCraig [1408650251] provided 0 perfect and 1 imperfect interpolant sequences
[2026-06-06 01:17:48,209 INFO  L158   FreeRefinementEngine]: IpTcStrategyModuleSmtInterpolCraig [1932352736] provided 0 perfect and 1 imperfect interpolant sequences
[2026-06-06 01:17:48,209 INFO  L324   FreeRefinementEngine]: Using interpolant generator IpTcStrategyModuleZ3 [543906232]
[2026-06-06 01:17:48,209 INFO  L324   FreeRefinementEngine]: Using interpolant generator IpTcStrategyModuleZ3 [635687272]
[2026-06-06 01:17:48,209 INFO  L97    rtionOrderModulation]: Keeping assertion order NOT_INCREMENTALLY
[2026-06-06 01:17:48,209 INFO  L95    rtionOrderModulation]: Changing assertion order to OUTSIDE_LOOP_FIRST1
[2026-06-06 01:17:48,209 INFO  L173          SolverBuilder]: Constructing external solver with command: z3 -smt2 -in SMTLIB2_COMPLIANT=true
[2026-06-06 01:17:48,209 INFO  L173          SolverBuilder]: Constructing external solver with command: z3 -smt2 -in SMTLIB2_COMPLIANT=true
[2026-06-06 01:17:48,212 INFO  L189       MonitoredProcess]: No working directory specified, using /usr/bin/z3
[2026-06-06 01:17:48,212 INFO  L189       MonitoredProcess]: No working directory specified, using /usr/bin/z3
[2026-06-06 01:17:48,214 INFO  L229       MonitoredProcess]: Starting monitored process 22 with /usr/bin/z3 -smt2 -in SMTLIB2_COMPLIANT=true (exit command is (exit), workingDir is null)
[2026-06-06 01:17:48,214 INFO  L229       MonitoredProcess]: Starting monitored process 23 with /usr/bin/z3 -smt2 -in SMTLIB2_COMPLIANT=true (exit command is (exit), workingDir is null)
[2026-06-06 01:17:48,215 INFO  L327       MonitoredProcess]: [MP /usr/bin/z3 -smt2 -in SMTLIB2_COMPLIANT=true (23)] Waiting until timeout for monitored process
[2026-06-06 01:17:48,215 INFO  L327       MonitoredProcess]: [MP /usr/bin/z3 -smt2 -in SMTLIB2_COMPLIANT=true (22)] Waiting until timeout for monitored process
[2026-06-06 01:17:48,219 INFO  L144   InterpolantAutomaton]: Constructing interpolant automaton starting with 3 interpolants.
[2026-06-06 01:17:48,219 INFO  L144   InterpolantAutomaton]: Constructing interpolant automaton starting with 3 interpolants.
[2026-06-06 01:17:48,219 INFO  L144   InterpolantAutomaton]: Constructing interpolant automaton starting with 4 interpolants.
[2026-06-06 01:17:48,219 INFO  L144   InterpolantAutomaton]: Constructing interpolant automaton starting with 3 interpolants.
[2026-06-06 01:17:48,219 INFO  L144   InterpolantAutomaton]: Constructing interpolant automaton starting with 3 interpolants.
[2026-06-06 01:17:48,220 INFO  L146   InterpolantAutomaton]: CoverageRelationStatistics Valid=6, Invalid=6, Unknown=0, NotChecked=0, Total=12
[2026-06-06 01:17:48,219 INFO  L144   InterpolantAutomaton]: Constructing interpolant automaton starting with 4 interpolants.
[2026-06-06 01:17:48,219 INFO  L144   InterpolantAutomaton]: Constructing interpolant automaton starting with 3 interpolants.
[2026-06-06 01:17:48,219 INFO  L144   InterpolantAutomaton]: Constructing interpolant automaton starting with 3 interpolants.
[2026-06-06 01:17:48,219 INFO  L144   InterpolantAutomaton]: Constructing interpolant automaton starting with 3 interpolants.
[2026-06-06 01:17:48,219 INFO  L144   InterpolantAutomaton]: Constructing interpolant automaton starting with 3 interpolants.
[2026-06-06 01:17:48,220 INFO  L146   InterpolantAutomaton]: CoverageRelationStatistics Valid=3, Invalid=3, Unknown=0, NotChecked=0, Total=6
[2026-06-06 01:17:48,220 INFO  L146   InterpolantAutomaton]: CoverageRelationStatistics Valid=3, Invalid=3, Unknown=0, NotChecked=0, Total=6
[2026-06-06 01:17:48,220 INFO  L419   CegarNwaWorkerThread]: Difference in Worker for Generalization
[2026-06-06 01:17:48,220 INFO  L146   InterpolantAutomaton]: CoverageRelationStatistics Valid=3, Invalid=3, Unknown=0, NotChecked=0, Total=6
[2026-06-06 01:17:48,220 INFO  L419   CegarNwaWorkerThread]: Difference in Worker for Generalization
[2026-06-06 01:17:48,220 INFO  L146   InterpolantAutomaton]: CoverageRelationStatistics Valid=6, Invalid=6, Unknown=0, NotChecked=0, Total=12
[2026-06-06 01:17:48,220 INFO  L419   CegarNwaWorkerThread]: Difference in Worker for Generalization
[2026-06-06 01:17:48,220 INFO  L419   CegarNwaWorkerThread]: Difference in Worker for Generalization
[2026-06-06 01:17:48,220 INFO  L146   InterpolantAutomaton]: CoverageRelationStatistics Valid=3, Invalid=3, Unknown=0, NotChecked=0, Total=6
[2026-06-06 01:17:48,220 INFO  L419   CegarNwaWorkerThread]: Difference in Worker for Generalization
[2026-06-06 01:17:48,220 INFO  L146   InterpolantAutomaton]: CoverageRelationStatistics Valid=3, Invalid=3, Unknown=0, NotChecked=0, Total=6
[2026-06-06 01:17:48,220 INFO  L419   CegarNwaWorkerThread]: Difference in Worker for Generalization
[2026-06-06 01:17:48,220 INFO  L146   InterpolantAutomaton]: CoverageRelationStatistics Valid=3, Invalid=3, Unknown=0, NotChecked=0, Total=6
[2026-06-06 01:17:48,224 INFO  L419   CegarNwaWorkerThread]: Difference in Worker for Generalization
[2026-06-06 01:17:48,220 INFO  L146   InterpolantAutomaton]: CoverageRelationStatistics Valid=3, Invalid=3, Unknown=0, NotChecked=0, Total=6
[2026-06-06 01:17:48,224 INFO  L419   CegarNwaWorkerThread]: Difference in Worker for Generalization
[2026-06-06 01:17:48,220 INFO  L419   CegarNwaWorkerThread]: Difference in Worker for Generalization
[2026-06-06 01:17:48,220 INFO  L146   InterpolantAutomaton]: CoverageRelationStatistics Valid=3, Invalid=3, Unknown=0, NotChecked=0, Total=6
[2026-06-06 01:17:48,224 INFO  L419   CegarNwaWorkerThread]: Difference in Worker for Generalization
[2026-06-06 01:17:48,225 INFO  L87              Difference]: Start difference. First operand  has 6 states, 5 states have (on average 1.8) internal successors, (9), 5 states have internal predecessors, (9), 0 states have call successors, (0), 0 states have call predecessors, (0), 0 states have return successors, (0), 0 states have call predecessors, (0), 0 states have call successors, (0) Second operand  has 3 states, 3 states have (on average 2.3333333333333335) internal successors, (7), 2 states have internal predecessors, (7), 0 states have call successors, (0), 0 states have call predecessors, (0), 0 states have return successors, (0), 0 states have call predecessors, (0), 0 states have call successors, (0)
[2026-06-06 01:17:48,226 INFO  L87              Difference]: Start difference. First operand  has 6 states, 5 states have (on average 1.8) internal successors, (9), 5 states have internal predecessors, (9), 0 states have call successors, (0), 0 states have call predecessors, (0), 0 states have return successors, (0), 0 states have call predecessors, (0), 0 states have call successors, (0) Second operand  has 3 states, 3 states have (on average 2.3333333333333335) internal successors, (7), 2 states have internal predecessors, (7), 0 states have call successors, (0), 0 states have call predecessors, (0), 0 states have return successors, (0), 0 states have call predecessors, (0), 0 states have call successors, (0)
[2026-06-06 01:17:48,225 INFO  L87              Difference]: Start difference. First operand  has 6 states, 5 states have (on average 1.8) internal successors, (9), 5 states have internal predecessors, (9), 0 states have call successors, (0), 0 states have call predecessors, (0), 0 states have return successors, (0), 0 states have call predecessors, (0), 0 states have call successors, (0) Second operand  has 3 states, 3 states have (on average 2.3333333333333335) internal successors, (7), 2 states have internal predecessors, (7), 0 states have call successors, (0), 0 states have call predecessors, (0), 0 states have return successors, (0), 0 states have call predecessors, (0), 0 states have call successors, (0)
[2026-06-06 01:17:48,225 INFO  L87              Difference]: Start difference. First operand  has 6 states, 5 states have (on average 1.8) internal successors, (9), 5 states have internal predecessors, (9), 0 states have call successors, (0), 0 states have call predecessors, (0), 0 states have return successors, (0), 0 states have call predecessors, (0), 0 states have call successors, (0) Second operand  has 4 states, 4 states have (on average 1.25) internal successors, (5), 3 states have internal predecessors, (5), 0 states have call successors, (0), 0 states have call predecessors, (0), 0 states have return successors, (0), 0 states have call predecessors, (0), 0 states have call successors, (0)
[2026-06-06 01:17:48,225 INFO  L87              Difference]: Start difference. First operand  has 6 states, 5 states have (on average 1.8) internal successors, (9), 5 states have internal predecessors, (9), 0 states have call successors, (0), 0 states have call predecessors, (0), 0 states have return successors, (0), 0 states have call predecessors, (0), 0 states have call successors, (0) Second operand  has 3 states, 3 states have (on average 2.0) internal successors, (6), 2 states have internal predecessors, (6), 0 states have call successors, (0), 0 states have call predecessors, (0), 0 states have return successors, (0), 0 states have call predecessors, (0), 0 states have call successors, (0)
[2026-06-06 01:17:48,225 INFO  L87              Difference]: Start difference. First operand  has 6 states, 5 states have (on average 1.8) internal successors, (9), 5 states have internal predecessors, (9), 0 states have call successors, (0), 0 states have call predecessors, (0), 0 states have return successors, (0), 0 states have call predecessors, (0), 0 states have call successors, (0) Second operand  has 3 states, 3 states have (on average 2.0) internal successors, (6), 2 states have internal predecessors, (6), 0 states have call successors, (0), 0 states have call predecessors, (0), 0 states have return successors, (0), 0 states have call predecessors, (0), 0 states have call successors, (0)
[2026-06-06 01:17:48,225 INFO  L87              Difference]: Start difference. First operand  has 6 states, 5 states have (on average 1.8) internal successors, (9), 5 states have internal predecessors, (9), 0 states have call successors, (0), 0 states have call predecessors, (0), 0 states have return successors, (0), 0 states have call predecessors, (0), 0 states have call successors, (0) Second operand  has 3 states, 3 states have (on average 1.3333333333333333) internal successors, (4), 2 states have internal predecessors, (4), 0 states have call successors, (0), 0 states have call predecessors, (0), 0 states have return successors, (0), 0 states have call predecessors, (0), 0 states have call successors, (0)
[2026-06-06 01:17:48,225 INFO  L87              Difference]: Start difference. First operand  has 6 states, 5 states have (on average 1.8) internal successors, (9), 5 states have internal predecessors, (9), 0 states have call successors, (0), 0 states have call predecessors, (0), 0 states have return successors, (0), 0 states have call predecessors, (0), 0 states have call successors, (0) Second operand  has 3 states, 3 states have (on average 2.3333333333333335) internal successors, (7), 2 states have internal predecessors, (7), 0 states have call successors, (0), 0 states have call predecessors, (0), 0 states have return successors, (0), 0 states have call predecessors, (0), 0 states have call successors, (0)
[2026-06-06 01:17:48,225 INFO  L87              Difference]: Start difference. First operand  has 6 states, 5 states have (on average 1.8) internal successors, (9), 5 states have internal predecessors, (9), 0 states have call successors, (0), 0 states have call predecessors, (0), 0 states have return successors, (0), 0 states have call predecessors, (0), 0 states have call successors, (0) Second operand  has 4 states, 4 states have (on average 1.25) internal successors, (5), 3 states have internal predecessors, (5), 0 states have call successors, (0), 0 states have call predecessors, (0), 0 states have return successors, (0), 0 states have call predecessors, (0), 0 states have call successors, (0)
[2026-06-06 01:17:48,225 INFO  L87              Difference]: Start difference. First operand  has 6 states, 5 states have (on average 1.8) internal successors, (9), 5 states have internal predecessors, (9), 0 states have call successors, (0), 0 states have call predecessors, (0), 0 states have return successors, (0), 0 states have call predecessors, (0), 0 states have call successors, (0) Second operand  has 3 states, 3 states have (on average 2.3333333333333335) internal successors, (7), 2 states have internal predecessors, (7), 0 states have call successors, (0), 0 states have call predecessors, (0), 0 states have return successors, (0), 0 states have call predecessors, (0), 0 states have call successors, (0)
[2026-06-06 01:17:48,227 INFO  L108    AnnotateAndAsserter]: Assert order NOT_INCREMENTALLY partitioned 7 statements into 1 equivalence classes.
[2026-06-06 01:17:48,227 INFO  L108    AnnotateAndAsserter]: Assert order NOT_INCREMENTALLY partitioned 8 statements into 1 equivalence classes.
[2026-06-06 01:17:48,227 INFO  L108    AnnotateAndAsserter]: Assert order NOT_INCREMENTALLY partitioned 10 statements into 1 equivalence classes.
[2026-06-06 01:17:48,227 INFO  L108    AnnotateAndAsserter]: Assert order OUTSIDE_LOOP_FIRST1 partitioned 9 statements into 2 equivalence classes.
[2026-06-06 01:17:48,230 INFO  L108    AnnotateAndAsserter]: Assert order NOT_INCREMENTALLY partitioned 9 statements into 1 equivalence classes.
[2026-06-06 01:17:48,230 INFO  L108    AnnotateAndAsserter]: Assert order OUTSIDE_LOOP_FIRST1 partitioned 9 statements into 2 equivalence classes.
[2026-06-06 01:17:48,232 INFO  L111    AnnotateAndAsserter]: Assert order NOT_INCREMENTALLY issued 1 check-sat command(s) and asserted 7 of 7 statements.
[2026-06-06 01:17:48,232 INFO  L114    AnnotateAndAsserter]: Assert order NOT_INCREMENTALLY issued 1 check-sat command(s)
[2026-06-06 01:17:48,232 INFO  L115    AnnotateAndAsserter]: Conjunction of SSA is unsat
[2026-06-06 01:17:48,232 INFO  L111    AnnotateAndAsserter]: Assert order NOT_INCREMENTALLY issued 1 check-sat command(s) and asserted 8 of 8 statements.
[2026-06-06 01:17:48,232 INFO  L114    AnnotateAndAsserter]: Assert order NOT_INCREMENTALLY issued 1 check-sat command(s)
[2026-06-06 01:17:48,232 INFO  L115    AnnotateAndAsserter]: Conjunction of SSA is unsat
[2026-06-06 01:17:48,233 INFO  L256         TraceCheckSpWp]: Trace formula consists of 52 conjuncts, 3 conjuncts are in the unsatisfiable core
[2026-06-06 01:17:48,233 INFO  L256         TraceCheckSpWp]: Trace formula consists of 58 conjuncts, 1 conjuncts are in the unsatisfiable core
[2026-06-06 01:17:48,234 INFO  L111    AnnotateAndAsserter]: Assert order NOT_INCREMENTALLY issued 1 check-sat command(s) and asserted 10 of 10 statements.
[2026-06-06 01:17:48,234 INFO  L114    AnnotateAndAsserter]: Assert order NOT_INCREMENTALLY issued 1 check-sat command(s)
[2026-06-06 01:17:48,234 INFO  L115    AnnotateAndAsserter]: Conjunction of SSA is unsat
[2026-06-06 01:17:48,234 INFO  L256         TraceCheckSpWp]: Trace formula consists of 70 conjuncts, 1 conjuncts are in the unsatisfiable core
[2026-06-06 01:17:48,234 INFO  L279         TraceCheckSpWp]: Computing forward predicates...
[2026-06-06 01:17:48,234 INFO  L279         TraceCheckSpWp]: Computing forward predicates...
[2026-06-06 01:17:48,234 INFO  L279         TraceCheckSpWp]: Computing forward predicates...
[2026-06-06 01:17:48,234 INFO  L111    AnnotateAndAsserter]: Assert order OUTSIDE_LOOP_FIRST1 issued 2 check-sat command(s) and asserted 9 of 9 statements.
[2026-06-06 01:17:48,234 INFO  L114    AnnotateAndAsserter]: Assert order OUTSIDE_LOOP_FIRST1 issued 2 check-sat command(s)
[2026-06-06 01:17:48,234 INFO  L115    AnnotateAndAsserter]: Conjunction of SSA is unsat
[2026-06-06 01:17:48,235 INFO  L256         TraceCheckSpWp]: Trace formula consists of 64 conjuncts, 3 conjuncts are in the unsatisfiable core
[2026-06-06 01:17:48,235 INFO  L279         TraceCheckSpWp]: Computing forward predicates...
[2026-06-06 01:17:48,235 INFO  L111    AnnotateAndAsserter]: Assert order NOT_INCREMENTALLY issued 1 check-sat command(s) and asserted 9 of 9 statements.
[2026-06-06 01:17:48,235 INFO  L114    AnnotateAndAsserter]: Assert order NOT_INCREMENTALLY issued 1 check-sat command(s)
[2026-06-06 01:17:48,235 INFO  L115    AnnotateAndAsserter]: Conjunction of SSA is unsat
[2026-06-06 01:17:48,235 INFO  L256         TraceCheckSpWp]: Trace formula consists of 64 conjuncts, 4 conjuncts are in the unsatisfiable core
[2026-06-06 01:17:48,236 INFO  L279         TraceCheckSpWp]: Computing forward predicates...
[2026-06-06 01:17:48,237 INFO  L111    AnnotateAndAsserter]: Assert order OUTSIDE_LOOP_FIRST1 issued 2 check-sat command(s) and asserted 9 of 9 statements.
[2026-06-06 01:17:48,237 INFO  L114    AnnotateAndAsserter]: Assert order OUTSIDE_LOOP_FIRST1 issued 2 check-sat command(s)
[2026-06-06 01:17:48,237 INFO  L115    AnnotateAndAsserter]: Conjunction of SSA is unsat
[2026-06-06 01:17:48,237 INFO  L134       CoverageAnalysis]: Checked inductivity of 3 backedges. 2 proven. 0 refuted. 0 times theorem prover too weak. 1 trivial. 0 not checked.
[2026-06-06 01:17:48,238 INFO  L134       CoverageAnalysis]: Checked inductivity of 6 backedges. 2 proven. 0 refuted. 0 times theorem prover too weak. 4 trivial. 0 not checked.
[2026-06-06 01:17:48,238 INFO  L308         TraceCheckSpWp]: Omiting computation of backward sequence because forward sequence was already perfect
[2026-06-06 01:17:48,238 INFO  L308         TraceCheckSpWp]: Omiting computation of backward sequence because forward sequence was already perfect
[2026-06-06 01:17:48,238 INFO  L158   FreeRefinementEngine]: IpTcStrategyModuleZ3 [1697947051] provided 1 perfect and 0 imperfect interpolant sequences
[2026-06-06 01:17:48,238 INFO  L158   FreeRefinementEngine]: IpTcStrategyModuleZ3 [1905233017] provided 1 perfect and 0 imperfect interpolant sequences
[2026-06-06 01:17:48,238 INFO  L185   FreeRefinementEngine]: Found 1 perfect and 1 imperfect interpolant sequences.
[2026-06-06 01:17:48,238 INFO  L185   FreeRefinementEngine]: Found 1 perfect and 1 imperfect interpolant sequences.
[2026-06-06 01:17:48,238 INFO  L198   FreeRefinementEngine]: Number of different interpolants: perfect sequences [2] imperfect sequences [3] total 4
[2026-06-06 01:17:48,238 INFO  L256         TraceCheckSpWp]: Trace formula consists of 64 conjuncts, 5 conjuncts are in the unsatisfiable core
[2026-06-06 01:17:48,238 INFO  L198   FreeRefinementEngine]: Number of different interpolants: perfect sequences [2] imperfect sequences [3] total 4
[2026-06-06 01:17:48,238 INFO  L279         TraceCheckSpWp]: Computing forward predicates...
[2026-06-06 01:17:48,238 INFO  L122   tionRefinementEngine]: Using interpolant automaton builder IpAbStrategyModuleStraightlineAll [188719303]
[2026-06-06 01:17:48,238 INFO  L122   tionRefinementEngine]: Using interpolant automaton builder IpAbStrategyModuleStraightlineAll [1973471050]
[2026-06-06 01:17:48,238 INFO  L85    oduleStraightlineAll]: Using 1 perfect interpolants to construct interpolant automaton
[2026-06-06 01:17:48,238 INFO  L85    oduleStraightlineAll]: Using 1 perfect interpolants to construct interpolant automaton
[2026-06-06 01:17:48,238 INFO  L100   FreeRefinementEngine]: Using predicate unifier PredicateUnifier provided by strategy CAMEL
[2026-06-06 01:17:48,238 INFO  L100   FreeRefinementEngine]: Using predicate unifier PredicateUnifier provided by strategy CAMEL
[2026-06-06 01:17:48,239 INFO  L144   InterpolantAutomaton]: Constructing interpolant automaton starting with 2 interpolants.
[2026-06-06 01:17:48,239 INFO  L146   InterpolantAutomaton]: CoverageRelationStatistics Valid=6, Invalid=6, Unknown=0, NotChecked=0, Total=12
[2026-06-06 01:17:48,239 INFO  L419   CegarNwaWorkerThread]: Difference in Worker for Generalization
[2026-06-06 01:17:48,239 INFO  L87              Difference]: Start difference. First operand  has 6 states, 5 states have (on average 1.8) internal successors, (9), 5 states have internal predecessors, (9), 0 states have call successors, (0), 0 states have call predecessors, (0), 0 states have return successors, (0), 0 states have call predecessors, (0), 0 states have call successors, (0) Second operand  has 2 states, 2 states have (on average 4.0) internal successors, (8), 2 states have internal predecessors, (8), 0 states have call successors, (0), 0 states have call predecessors, (0), 0 states have return successors, (0), 0 states have call predecessors, (0), 0 states have call successors, (0)
[2026-06-06 01:17:48,239 INFO  L144   InterpolantAutomaton]: Constructing interpolant automaton starting with 2 interpolants.
[2026-06-06 01:17:48,239 INFO  L146   InterpolantAutomaton]: CoverageRelationStatistics Valid=6, Invalid=6, Unknown=0, NotChecked=0, Total=12
[2026-06-06 01:17:48,239 INFO  L419   CegarNwaWorkerThread]: Difference in Worker for Generalization
[2026-06-06 01:17:48,239 INFO  L87              Difference]: Start difference. First operand  has 6 states, 5 states have (on average 1.8) internal successors, (9), 5 states have internal predecessors, (9), 0 states have call successors, (0), 0 states have call predecessors, (0), 0 states have return successors, (0), 0 states have call predecessors, (0), 0 states have call successors, (0) Second operand  has 2 states, 2 states have (on average 4.5) internal successors, (9), 2 states have internal predecessors, (9), 0 states have call successors, (0), 0 states have call predecessors, (0), 0 states have return successors, (0), 0 states have call predecessors, (0), 0 states have call successors, (0)
[2026-06-06 01:17:48,239 INFO  L144             Difference]: Subtrahend was deterministic. Have not used determinization.
[2026-06-06 01:17:48,239 INFO  L93              Difference]: Finished difference Result 6 states and 8 transitions.
[2026-06-06 01:17:48,240 INFO  L144             Difference]: Subtrahend was deterministic. Have not used determinization.
[2026-06-06 01:17:48,240 INFO  L93              Difference]: Finished difference Result 6 states and 8 transitions.
[2026-06-06 01:17:48,240 INFO  L140   InterpolantAutomaton]: Switched to read-only mode: deterministic interpolant automaton has 2 states. 
[2026-06-06 01:17:48,240 INFO  L140   InterpolantAutomaton]: Switched to read-only mode: deterministic interpolant automaton has 2 states. 
[2026-06-06 01:17:48,242 INFO  L144             Difference]: Subtrahend was deterministic. Have not used determinization.
[2026-06-06 01:17:48,242 INFO  L93              Difference]: Finished difference Result 7 states and 9 transitions.
[2026-06-06 01:17:48,242 INFO  L144             Difference]: Subtrahend was deterministic. Have not used determinization.
[2026-06-06 01:17:48,242 INFO  L144             Difference]: Subtrahend was deterministic. Have not used determinization.
[2026-06-06 01:17:48,242 INFO  L144             Difference]: Subtrahend was deterministic. Have not used determinization.
[2026-06-06 01:17:48,242 INFO  L140   InterpolantAutomaton]: Switched to read-only mode: deterministic interpolant automaton has 3 states. 
[2026-06-06 01:17:48,242 INFO  L93              Difference]: Finished difference Result 7 states and 9 transitions.
[2026-06-06 01:17:48,242 INFO  L144             Difference]: Subtrahend was deterministic. Have not used determinization.
[2026-06-06 01:17:48,242 INFO  L144             Difference]: Subtrahend was deterministic. Have not used determinization.
[2026-06-06 01:17:48,242 INFO  L93              Difference]: Finished difference Result 7 states and 9 transitions.
[2026-06-06 01:17:48,242 INFO  L93              Difference]: Finished difference Result 7 states and 9 transitions.
[2026-06-06 01:17:48,242 INFO  L140   InterpolantAutomaton]: Switched to read-only mode: deterministic interpolant automaton has 3 states. 
[2026-06-06 01:17:48,242 INFO  L93              Difference]: Finished difference Result 7 states and 9 transitions.
[2026-06-06 01:17:48,242 INFO  L93              Difference]: Finished difference Result 7 states and 9 transitions.
[2026-06-06 01:17:48,242 INFO  L144             Difference]: Subtrahend was deterministic. Have not used determinization.
[2026-06-06 01:17:48,242 INFO  L144             Difference]: Subtrahend was deterministic. Have not used determinization.
[2026-06-06 01:17:48,242 INFO  L93              Difference]: Finished difference Result 7 states and 9 transitions.
[2026-06-06 01:17:48,242 INFO  L93              Difference]: Finished difference Result 7 states and 9 transitions.
[2026-06-06 01:17:48,242 INFO  L140   InterpolantAutomaton]: Switched to read-only mode: deterministic interpolant automaton has 3 states. 
[2026-06-06 01:17:48,243 INFO  L140   InterpolantAutomaton]: Switched to read-only mode: deterministic interpolant automaton has 3 states. 
[2026-06-06 01:17:48,242 INFO  L140   InterpolantAutomaton]: Switched to read-only mode: deterministic interpolant automaton has 3 states. 
[2026-06-06 01:17:48,242 INFO  L140   InterpolantAutomaton]: Switched to read-only mode: deterministic interpolant automaton has 3 states. 
[2026-06-06 01:17:48,243 INFO  L140   InterpolantAutomaton]: Switched to read-only mode: deterministic interpolant automaton has 3 states. 
[2026-06-06 01:17:48,243 INFO  L140   InterpolantAutomaton]: Switched to read-only mode: deterministic interpolant automaton has 3 states. 
[2026-06-06 01:17:48,244 INFO  L225             Difference]: With dead ends: 7
[2026-06-06 01:17:48,244 INFO  L225             Difference]: With dead ends: 7
[2026-06-06 01:17:48,244 INFO  L226             Difference]: Without dead ends: 7
[2026-06-06 01:17:48,244 INFO  L225             Difference]: With dead ends: 7
[2026-06-06 01:17:48,244 INFO  L226             Difference]: Without dead ends: 7
[2026-06-06 01:17:48,244 INFO  L225             Difference]: With dead ends: 7
[2026-06-06 01:17:48,244 INFO  L225             Difference]: With dead ends: 7
[2026-06-06 01:17:48,244 INFO  L226             Difference]: Without dead ends: 7
[2026-06-06 01:17:48,244 INFO  L225             Difference]: With dead ends: 6
[2026-06-06 01:17:48,244 INFO  L226             Difference]: Without dead ends: 6
[2026-06-06 01:17:48,244 INFO  L225             Difference]: With dead ends: 7
[2026-06-06 01:17:48,244 INFO  L226             Difference]: Without dead ends: 7
[2026-06-06 01:17:48,244 INFO  L226             Difference]: Without dead ends: 7
[2026-06-06 01:17:48,244 INFO  L226             Difference]: Without dead ends: 7
[2026-06-06 01:17:48,244 INFO  L225             Difference]: With dead ends: 7
[2026-06-06 01:17:48,244 INFO  L226             Difference]: Without dead ends: 7
[2026-06-06 01:17:48,244 INFO  L225             Difference]: With dead ends: 6
[2026-06-06 01:17:48,244 INFO  L226             Difference]: Without dead ends: 6
[2026-06-06 01:17:48,244 INFO  L225             Difference]: With dead ends: 7
[2026-06-06 01:17:48,245 INFO  L226             Difference]: Without dead ends: 7
[2026-06-06 01:17:48,245 INFO  L487   CegarNwaWorkerThread]: 0 DeclaredPredicates, 2 GetRequests, 1 SyntacticMatches, 0 SemanticMatches, 1 ConstructedPredicates, 0 IntricatePredicates, 0 DeprecatedPredicates, 0 ImplicationChecksByTransitivity, 0.0s TimeCoverageRelationStatistics Valid=3, Invalid=3, Unknown=0, NotChecked=0, Total=6
[2026-06-06 01:17:48,245 INFO  L487   CegarNwaWorkerThread]: 0 DeclaredPredicates, 2 GetRequests, 1 SyntacticMatches, 0 SemanticMatches, 1 ConstructedPredicates, 0 IntricatePredicates, 0 DeprecatedPredicates, 0 ImplicationChecksByTransitivity, 0.0s TimeCoverageRelationStatistics Valid=3, Invalid=3, Unknown=0, NotChecked=0, Total=6
[2026-06-06 01:17:48,245 INFO  L487   CegarNwaWorkerThread]: 0 DeclaredPredicates, 2 GetRequests, 1 SyntacticMatches, 0 SemanticMatches, 1 ConstructedPredicates, 0 IntricatePredicates, 0 DeprecatedPredicates, 0 ImplicationChecksByTransitivity, 0.0s TimeCoverageRelationStatistics Valid=3, Invalid=3, Unknown=0, NotChecked=0, Total=6
[2026-06-06 01:17:48,245 INFO  L487   CegarNwaWorkerThread]: 0 DeclaredPredicates, 2 GetRequests, 1 SyntacticMatches, 0 SemanticMatches, 1 ConstructedPredicates, 0 IntricatePredicates, 0 DeprecatedPredicates, 0 ImplicationChecksByTransitivity, 0.0s TimeCoverageRelationStatistics Valid=3, Invalid=3, Unknown=0, NotChecked=0, Total=6
[2026-06-06 01:17:48,245 INFO  L487   CegarNwaWorkerThread]: 0 DeclaredPredicates, 2 GetRequests, 1 SyntacticMatches, 0 SemanticMatches, 1 ConstructedPredicates, 0 IntricatePredicates, 0 DeprecatedPredicates, 0 ImplicationChecksByTransitivity, 0.0s TimeCoverageRelationStatistics Valid=3, Invalid=3, Unknown=0, NotChecked=0, Total=6
[2026-06-06 01:17:48,245 INFO  L487   CegarNwaWorkerThread]: 0 DeclaredPredicates, 10 GetRequests, 8 SyntacticMatches, 0 SemanticMatches, 2 ConstructedPredicates, 0 IntricatePredicates, 0 DeprecatedPredicates, 0 ImplicationChecksByTransitivity, 0.0s TimeCoverageRelationStatistics Valid=6, Invalid=6, Unknown=0, NotChecked=0, Total=12
[2026-06-06 01:17:48,245 INFO  L487   CegarNwaWorkerThread]: 0 DeclaredPredicates, 2 GetRequests, 1 SyntacticMatches, 0 SemanticMatches, 1 ConstructedPredicates, 0 IntricatePredicates, 0 DeprecatedPredicates, 0 ImplicationChecksByTransitivity, 0.0s TimeCoverageRelationStatistics Valid=3, Invalid=3, Unknown=0, NotChecked=0, Total=6
[2026-06-06 01:17:48,245 INFO  L487   CegarNwaWorkerThread]: 0 DeclaredPredicates, 12 GetRequests, 10 SyntacticMatches, 0 SemanticMatches, 2 ConstructedPredicates, 0 IntricatePredicates, 0 DeprecatedPredicates, 0 ImplicationChecksByTransitivity, 0.0s TimeCoverageRelationStatistics Valid=6, Invalid=6, Unknown=0, NotChecked=0, Total=12
[2026-06-06 01:17:48,245 INFO  L487   CegarNwaWorkerThread]: 0 DeclaredPredicates, 2 GetRequests, 1 SyntacticMatches, 0 SemanticMatches, 1 ConstructedPredicates, 0 IntricatePredicates, 0 DeprecatedPredicates, 0 ImplicationChecksByTransitivity, 0.0s TimeCoverageRelationStatistics Valid=3, Invalid=3, Unknown=0, NotChecked=0, Total=6
[2026-06-06 01:17:48,245 INFO  L487   CegarNwaWorkerThread]: 0 DeclaredPredicates, 2 GetRequests, 1 SyntacticMatches, 0 SemanticMatches, 1 ConstructedPredicates, 0 IntricatePredicates, 0 DeprecatedPredicates, 0 ImplicationChecksByTransitivity, 0.0s TimeCoverageRelationStatistics Valid=3, Invalid=3, Unknown=0, NotChecked=0, Total=6
[2026-06-06 01:17:48,248 INFO  L488   CegarNwaWorkerThread]: 7 mSDtfsCounter, 0 mSDsluCounter, 5 mSDsCounter, 0 mSdLazyCounter, 3 mSolverCounterSat, 0 mSolverCounterUnsat, 0 mSolverCounterUnknown, 0 mSolverCounterNotChecked, 0.0s Time, 0 mProtectedPredicate, 0 mProtectedAction, 0 SdHoareTripleChecker+Valid, 12 SdHoareTripleChecker+Invalid, 3 SdHoareTripleChecker+Unknown, 0 SdHoareTripleChecker+Unchecked, 0.0s SdHoareTripleChecker+Time, 0 IncrementalHoareTripleChecker+Valid, 3 IncrementalHoareTripleChecker+Invalid, 0 IncrementalHoareTripleChecker+Unknown, 0 IncrementalHoareTripleChecker+Unchecked, 0.0s IncrementalHoareTripleChecker+Time
[2026-06-06 01:17:48,248 INFO  L488   CegarNwaWorkerThread]: 7 mSDtfsCounter, 0 mSDsluCounter, 5 mSDsCounter, 0 mSdLazyCounter, 3 mSolverCounterSat, 0 mSolverCounterUnsat, 0 mSolverCounterUnknown, 0 mSolverCounterNotChecked, 0.0s Time, 0 mProtectedPredicate, 0 mProtectedAction, 0 SdHoareTripleChecker+Valid, 12 SdHoareTripleChecker+Invalid, 3 SdHoareTripleChecker+Unknown, 0 SdHoareTripleChecker+Unchecked, 0.0s SdHoareTripleChecker+Time, 0 IncrementalHoareTripleChecker+Valid, 3 IncrementalHoareTripleChecker+Invalid, 0 IncrementalHoareTripleChecker+Unknown, 0 IncrementalHoareTripleChecker+Unchecked, 0.0s IncrementalHoareTripleChecker+Time
[2026-06-06 01:17:48,248 INFO  L488   CegarNwaWorkerThread]: 7 mSDtfsCounter, 0 mSDsluCounter, 5 mSDsCounter, 0 mSdLazyCounter, 3 mSolverCounterSat, 0 mSolverCounterUnsat, 0 mSolverCounterUnknown, 0 mSolverCounterNotChecked, 0.0s Time, 0 mProtectedPredicate, 0 mProtectedAction, 0 SdHoareTripleChecker+Valid, 12 SdHoareTripleChecker+Invalid, 3 SdHoareTripleChecker+Unknown, 0 SdHoareTripleChecker+Unchecked, 0.0s SdHoareTripleChecker+Time, 0 IncrementalHoareTripleChecker+Valid, 3 IncrementalHoareTripleChecker+Invalid, 0 IncrementalHoareTripleChecker+Unknown, 0 IncrementalHoareTripleChecker+Unchecked, 0.0s IncrementalHoareTripleChecker+Time
[2026-06-06 01:17:48,248 INFO  L488   CegarNwaWorkerThread]: 7 mSDtfsCounter, 0 mSDsluCounter, 5 mSDsCounter, 0 mSdLazyCounter, 3 mSolverCounterSat, 0 mSolverCounterUnsat, 0 mSolverCounterUnknown, 0 mSolverCounterNotChecked, 0.0s Time, 0 mProtectedPredicate, 0 mProtectedAction, 0 SdHoareTripleChecker+Valid, 12 SdHoareTripleChecker+Invalid, 3 SdHoareTripleChecker+Unknown, 0 SdHoareTripleChecker+Unchecked, 0.0s SdHoareTripleChecker+Time, 0 IncrementalHoareTripleChecker+Valid, 3 IncrementalHoareTripleChecker+Invalid, 0 IncrementalHoareTripleChecker+Unknown, 0 IncrementalHoareTripleChecker+Unchecked, 0.0s IncrementalHoareTripleChecker+Time
[2026-06-06 01:17:48,248 INFO  L488   CegarNwaWorkerThread]: 8 mSDtfsCounter, 0 mSDsluCounter, 0 mSDsCounter, 0 mSdLazyCounter, 0 mSolverCounterSat, 0 mSolverCounterUnsat, 0 mSolverCounterUnknown, 0 mSolverCounterNotChecked, 0.0s Time, 0 mProtectedPredicate, 0 mProtectedAction, 0 SdHoareTripleChecker+Valid, 8 SdHoareTripleChecker+Invalid, 0 SdHoareTripleChecker+Unknown, 0 SdHoareTripleChecker+Unchecked, 0.0s SdHoareTripleChecker+Time, 0 IncrementalHoareTripleChecker+Valid, 0 IncrementalHoareTripleChecker+Invalid, 0 IncrementalHoareTripleChecker+Unknown, 0 IncrementalHoareTripleChecker+Unchecked, 0.0s IncrementalHoareTripleChecker+Time
[2026-06-06 01:17:48,248 INFO  L488   CegarNwaWorkerThread]: 8 mSDtfsCounter, 0 mSDsluCounter, 0 mSDsCounter, 0 mSdLazyCounter, 0 mSolverCounterSat, 0 mSolverCounterUnsat, 0 mSolverCounterUnknown, 0 mSolverCounterNotChecked, 0.0s Time, 0 mProtectedPredicate, 0 mProtectedAction, 0 SdHoareTripleChecker+Valid, 8 SdHoareTripleChecker+Invalid, 0 SdHoareTripleChecker+Unknown, 0 SdHoareTripleChecker+Unchecked, 0.0s SdHoareTripleChecker+Time, 0 IncrementalHoareTripleChecker+Valid, 0 IncrementalHoareTripleChecker+Invalid, 0 IncrementalHoareTripleChecker+Unknown, 0 IncrementalHoareTripleChecker+Unchecked, 0.0s IncrementalHoareTripleChecker+Time
[2026-06-06 01:17:48,248 INFO  L489   CegarNwaWorkerThread]: SdHoareTripleChecker [0 Valid, 12 Invalid, 3 Unknown, 0 Unchecked, 0.0s Time], IncrementalHoareTripleChecker [0 Valid, 3 Invalid, 0 Unknown, 0 Unchecked, 0.0s Time]
[2026-06-06 01:17:48,248 INFO  L488   CegarNwaWorkerThread]: 7 mSDtfsCounter, 0 mSDsluCounter, 5 mSDsCounter, 0 mSdLazyCounter, 3 mSolverCounterSat, 0 mSolverCounterUnsat, 0 mSolverCounterUnknown, 0 mSolverCounterNotChecked, 0.0s Time, 0 mProtectedPredicate, 0 mProtectedAction, 0 SdHoareTripleChecker+Valid, 12 SdHoareTripleChecker+Invalid, 3 SdHoareTripleChecker+Unknown, 0 SdHoareTripleChecker+Unchecked, 0.0s SdHoareTripleChecker+Time, 0 IncrementalHoareTripleChecker+Valid, 3 IncrementalHoareTripleChecker+Invalid, 0 IncrementalHoareTripleChecker+Unknown, 0 IncrementalHoareTripleChecker+Unchecked, 0.0s IncrementalHoareTripleChecker+Time
[2026-06-06 01:17:48,248 INFO  L488   CegarNwaWorkerThread]: 7 mSDtfsCounter, 0 mSDsluCounter, 5 mSDsCounter, 0 mSdLazyCounter, 3 mSolverCounterSat, 0 mSolverCounterUnsat, 0 mSolverCounterUnknown, 0 mSolverCounterNotChecked, 0.0s Time, 0 mProtectedPredicate, 0 mProtectedAction, 0 SdHoareTripleChecker+Valid, 12 SdHoareTripleChecker+Invalid, 3 SdHoareTripleChecker+Unknown, 0 SdHoareTripleChecker+Unchecked, 0.0s SdHoareTripleChecker+Time, 0 IncrementalHoareTripleChecker+Valid, 3 IncrementalHoareTripleChecker+Invalid, 0 IncrementalHoareTripleChecker+Unknown, 0 IncrementalHoareTripleChecker+Unchecked, 0.0s IncrementalHoareTripleChecker+Time
[2026-06-06 01:17:48,248 INFO  L488   CegarNwaWorkerThread]: 7 mSDtfsCounter, 0 mSDsluCounter, 5 mSDsCounter, 0 mSdLazyCounter, 3 mSolverCounterSat, 0 mSolverCounterUnsat, 0 mSolverCounterUnknown, 0 mSolverCounterNotChecked, 0.0s Time, 0 mProtectedPredicate, 0 mProtectedAction, 0 SdHoareTripleChecker+Valid, 12 SdHoareTripleChecker+Invalid, 3 SdHoareTripleChecker+Unknown, 0 SdHoareTripleChecker+Unchecked, 0.0s SdHoareTripleChecker+Time, 0 IncrementalHoareTripleChecker+Valid, 3 IncrementalHoareTripleChecker+Invalid, 0 IncrementalHoareTripleChecker+Unknown, 0 IncrementalHoareTripleChecker+Unchecked, 0.0s IncrementalHoareTripleChecker+Time
[2026-06-06 01:17:48,248 INFO  L488   CegarNwaWorkerThread]: 7 mSDtfsCounter, 0 mSDsluCounter, 5 mSDsCounter, 0 mSdLazyCounter, 3 mSolverCounterSat, 0 mSolverCounterUnsat, 0 mSolverCounterUnknown, 0 mSolverCounterNotChecked, 0.0s Time, 0 mProtectedPredicate, 0 mProtectedAction, 0 SdHoareTripleChecker+Valid, 12 SdHoareTripleChecker+Invalid, 3 SdHoareTripleChecker+Unknown, 0 SdHoareTripleChecker+Unchecked, 0.0s SdHoareTripleChecker+Time, 0 IncrementalHoareTripleChecker+Valid, 3 IncrementalHoareTripleChecker+Invalid, 0 IncrementalHoareTripleChecker+Unknown, 0 IncrementalHoareTripleChecker+Unchecked, 0.0s IncrementalHoareTripleChecker+Time
[2026-06-06 01:17:48,248 INFO  L489   CegarNwaWorkerThread]: SdHoareTripleChecker [0 Valid, 12 Invalid, 3 Unknown, 0 Unchecked, 0.0s Time], IncrementalHoareTripleChecker [0 Valid, 3 Invalid, 0 Unknown, 0 Unchecked, 0.0s Time]
[2026-06-06 01:17:48,248 INFO  L489   CegarNwaWorkerThread]: SdHoareTripleChecker [0 Valid, 12 Invalid, 3 Unknown, 0 Unchecked, 0.0s Time], IncrementalHoareTripleChecker [0 Valid, 3 Invalid, 0 Unknown, 0 Unchecked, 0.0s Time]
[2026-06-06 01:17:48,248 INFO  L144             Difference]: Subtrahend was deterministic. Have not used determinization.
[2026-06-06 01:17:48,248 INFO  L489   CegarNwaWorkerThread]: SdHoareTripleChecker [0 Valid, 12 Invalid, 3 Unknown, 0 Unchecked, 0.0s Time], IncrementalHoareTripleChecker [0 Valid, 3 Invalid, 0 Unknown, 0 Unchecked, 0.0s Time]
[2026-06-06 01:17:48,248 INFO  L93              Difference]: Finished difference Result 8 states and 11 transitions.
[2026-06-06 01:17:48,248 INFO  L489   CegarNwaWorkerThread]: SdHoareTripleChecker [0 Valid, 12 Invalid, 3 Unknown, 0 Unchecked, 0.0s Time], IncrementalHoareTripleChecker [0 Valid, 3 Invalid, 0 Unknown, 0 Unchecked, 0.0s Time]
[2026-06-06 01:17:48,248 INFO  L144             Difference]: Subtrahend was deterministic. Have not used determinization.
[2026-06-06 01:17:48,249 INFO  L489   CegarNwaWorkerThread]: SdHoareTripleChecker [0 Valid, 8 Invalid, 0 Unknown, 0 Unchecked, 0.0s Time], IncrementalHoareTripleChecker [0 Valid, 0 Invalid, 0 Unknown, 0 Unchecked, 0.0s Time]
[2026-06-06 01:17:48,249 INFO  L489   CegarNwaWorkerThread]: SdHoareTripleChecker [0 Valid, 12 Invalid, 3 Unknown, 0 Unchecked, 0.0s Time], IncrementalHoareTripleChecker [0 Valid, 3 Invalid, 0 Unknown, 0 Unchecked, 0.0s Time]
[2026-06-06 01:17:48,249 INFO  L489   CegarNwaWorkerThread]: SdHoareTripleChecker [0 Valid, 12 Invalid, 3 Unknown, 0 Unchecked, 0.0s Time], IncrementalHoareTripleChecker [0 Valid, 3 Invalid, 0 Unknown, 0 Unchecked, 0.0s Time]
[2026-06-06 01:17:48,249 INFO  L489   CegarNwaWorkerThread]: SdHoareTripleChecker [0 Valid, 8 Invalid, 0 Unknown, 0 Unchecked, 0.0s Time], IncrementalHoareTripleChecker [0 Valid, 0 Invalid, 0 Unknown, 0 Unchecked, 0.0s Time]
[2026-06-06 01:17:48,249 INFO  L489   CegarNwaWorkerThread]: SdHoareTripleChecker [0 Valid, 12 Invalid, 3 Unknown, 0 Unchecked, 0.0s Time], IncrementalHoareTripleChecker [0 Valid, 3 Invalid, 0 Unknown, 0 Unchecked, 0.0s Time]
[2026-06-06 01:17:48,249 INFO  L140   InterpolantAutomaton]: Switched to read-only mode: deterministic interpolant automaton has 4 states. 
[2026-06-06 01:17:48,249 INFO  L93              Difference]: Finished difference Result 8 states and 11 transitions.
[2026-06-06 01:17:48,249 INFO  L225             Difference]: With dead ends: 8
[2026-06-06 01:17:48,249 INFO  L226             Difference]: Without dead ends: 8
[2026-06-06 01:17:48,249 INFO  L140   InterpolantAutomaton]: Switched to read-only mode: deterministic interpolant automaton has 4 states. 
[2026-06-06 01:17:48,249 INFO  L487   CegarNwaWorkerThread]: 0 DeclaredPredicates, 3 GetRequests, 1 SyntacticMatches, 0 SemanticMatches, 2 ConstructedPredicates, 0 IntricatePredicates, 0 DeprecatedPredicates, 0 ImplicationChecksByTransitivity, 0.0s TimeCoverageRelationStatistics Valid=6, Invalid=6, Unknown=0, NotChecked=0, Total=12
[2026-06-06 01:17:48,249 INFO  L225             Difference]: With dead ends: 8
[2026-06-06 01:17:48,249 INFO  L226             Difference]: Without dead ends: 8
[2026-06-06 01:17:48,249 INFO  L487   CegarNwaWorkerThread]: 0 DeclaredPredicates, 3 GetRequests, 1 SyntacticMatches, 0 SemanticMatches, 2 ConstructedPredicates, 0 IntricatePredicates, 0 DeprecatedPredicates, 0 ImplicationChecksByTransitivity, 0.0s TimeCoverageRelationStatistics Valid=6, Invalid=6, Unknown=0, NotChecked=0, Total=12
[2026-06-06 01:17:48,249 INFO  L224   CegarNwaWorkerThread]: Done with Thread: 125#
[2026-06-06 01:17:48,249 INFO  L224   CegarNwaWorkerThread]: Done with Thread: 149#
[2026-06-06 01:17:48,249 INFO  L196   CegarNwaWorkerThread]: WorkerThread: Thread[#125,Worker for -1243339174,5,main] is Waiting for a Task
[2026-06-06 01:17:48,249 INFO  L504   ParallelNwaCegarLoop]: Waking up, a worker is done.
[2026-06-06 01:17:48,249 INFO  L224   CegarNwaWorkerThread]: Done with Thread: 155#
[2026-06-06 01:17:48,249 INFO  L224   CegarNwaWorkerThread]: Done with Thread: 107#
[2026-06-06 01:17:48,249 INFO  L224   CegarNwaWorkerThread]: Done with Thread: 137#
[2026-06-06 01:17:48,249 INFO  L224   CegarNwaWorkerThread]: Done with Thread: 113#
[2026-06-06 01:17:48,249 INFO  L224   CegarNwaWorkerThread]: Done with Thread: 80#
[2026-06-06 01:17:48,249 INFO  L196   CegarNwaWorkerThread]: WorkerThread: Thread[#80,Worker for 928714,5,main] is Waiting for a Task
[2026-06-06 01:17:48,249 INFO  L224   CegarNwaWorkerThread]: Done with Thread: 173#
[2026-06-06 01:17:48,249 INFO  L224   CegarNwaWorkerThread]: Done with Thread: 131#
[2026-06-06 01:17:48,250 INFO  L196   CegarNwaWorkerThread]: WorkerThread: Thread[#173,Worker for 177753866,5,main] is Waiting for a Task
[2026-06-06 01:17:48,249 INFO  L196   CegarNwaWorkerThread]: WorkerThread: Thread[#113,Worker for 264859992,5,main] is Waiting for a Task
[2026-06-06 01:17:48,249 INFO  L196   CegarNwaWorkerThread]: WorkerThread: Thread[#137,Worker for 1129592536,5,main] is Waiting for a Task
[2026-06-06 01:17:48,249 INFO  L196   CegarNwaWorkerThread]: WorkerThread: Thread[#107,Worker for -1304917171,5,main] is Waiting for a Task
[2026-06-06 01:17:48,249 INFO  L488   CegarNwaWorkerThread]: 4 mSDtfsCounter, 10 mSDsluCounter, 2 mSDsCounter, 0 mSdLazyCounter, 9 mSolverCounterSat, 0 mSolverCounterUnsat, 0 mSolverCounterUnknown, 0 mSolverCounterNotChecked, 0.0s Time, 0 mProtectedPredicate, 0 mProtectedAction, 10 SdHoareTripleChecker+Valid, 6 SdHoareTripleChecker+Invalid, 9 SdHoareTripleChecker+Unknown, 0 SdHoareTripleChecker+Unchecked, 0.0s SdHoareTripleChecker+Time, 0 IncrementalHoareTripleChecker+Valid, 9 IncrementalHoareTripleChecker+Invalid, 0 IncrementalHoareTripleChecker+Unknown, 0 IncrementalHoareTripleChecker+Unchecked, 0.0s IncrementalHoareTripleChecker+Time
[2026-06-06 01:17:48,249 INFO  L196   CegarNwaWorkerThread]: WorkerThread: Thread[#155,Worker for 38710698,5,main] is Waiting for a Task
[2026-06-06 01:17:48,249 INFO  L224   CegarNwaWorkerThread]: Done with Thread: 101#
[2026-06-06 01:17:48,250 INFO  L196   CegarNwaWorkerThread]: WorkerThread: Thread[#101,Worker for 1899621898,5,main] is Waiting for a Task
[2026-06-06 01:17:48,249 INFO  L276   ParallelNwaCegarLoop]: Main: A Thread is Done
[2026-06-06 01:17:48,249 INFO  L488   CegarNwaWorkerThread]: 4 mSDtfsCounter, 10 mSDsluCounter, 2 mSDsCounter, 0 mSdLazyCounter, 9 mSolverCounterSat, 0 mSolverCounterUnsat, 0 mSolverCounterUnknown, 0 mSolverCounterNotChecked, 0.0s Time, 0 mProtectedPredicate, 0 mProtectedAction, 10 SdHoareTripleChecker+Valid, 6 SdHoareTripleChecker+Invalid, 9 SdHoareTripleChecker+Unknown, 0 SdHoareTripleChecker+Unchecked, 0.0s SdHoareTripleChecker+Time, 0 IncrementalHoareTripleChecker+Valid, 9 IncrementalHoareTripleChecker+Invalid, 0 IncrementalHoareTripleChecker+Unknown, 0 IncrementalHoareTripleChecker+Unchecked, 0.0s IncrementalHoareTripleChecker+Time
[2026-06-06 01:17:48,249 INFO  L196   CegarNwaWorkerThread]: WorkerThread: Thread[#149,Worker for -1799802505,5,main] is Waiting for a Task
[2026-06-06 01:17:48,250 INFO  L294   ParallelNwaCegarLoop]: Worker Automaton Type: FLOYD_HOARE
[2026-06-06 01:17:48,250 INFO  L489   CegarNwaWorkerThread]: SdHoareTripleChecker [10 Valid, 6 Invalid, 9 Unknown, 0 Unchecked, 0.0s Time], IncrementalHoareTripleChecker [0 Valid, 9 Invalid, 0 Unknown, 0 Unchecked, 0.0s Time]
[2026-06-06 01:17:48,250 INFO  L196   CegarNwaWorkerThread]: WorkerThread: Thread[#131,Worker for 109204775,5,main] is Waiting for a Task
[2026-06-06 01:17:48,250 INFO  L489   CegarNwaWorkerThread]: SdHoareTripleChecker [10 Valid, 6 Invalid, 9 Unknown, 0 Unchecked, 0.0s Time], IncrementalHoareTripleChecker [0 Valid, 9 Invalid, 0 Unknown, 0 Unchecked, 0.0s Time]
[2026-06-06 01:17:48,250 INFO  L79                 Accepts]: Start accepts. Automaton has  has 6 states, 5 states have (on average 1.8) internal successors, (9), 5 states have internal predecessors, (9), 0 states have call successors, (0), 0 states have call predecessors, (0), 0 states have return successors, (0), 0 states have call predecessors, (0), 0 states have call successors, (0) Word has length 8
[2026-06-06 01:17:48,250 INFO  L224   CegarNwaWorkerThread]: Done with Thread: 86#
[2026-06-06 01:17:48,250 INFO  L224   CegarNwaWorkerThread]: Done with Thread: 119#
[2026-06-06 01:17:48,250 INFO  L85                 Accepts]: Finished accepts. word is accepted.
[2026-06-06 01:17:48,250 INFO  L196   CegarNwaWorkerThread]: WorkerThread: Thread[#86,Worker for 894182058,5,main] is Waiting for a Task
[2026-06-06 01:17:48,250 INFO  L296   ParallelNwaCegarLoop]: Refining Abstraction
[2026-06-06 01:17:48,250 INFO  L196   CegarNwaWorkerThread]: WorkerThread: Thread[#119,Worker for 317186442,5,main] is Waiting for a Task
[2026-06-06 01:17:48,250 INFO  L567   ParallelNwaCegarLoop]: Subtrahend traceHash: -1243339174
[2026-06-06 01:17:48,250 INFO  L534   ParallelNwaCegarLoop]: Difference in Main
[2026-06-06 01:17:48,250 INFO  L87              Difference]: Start difference. First operand  has 6 states, 5 states have (on average 1.8) internal successors, (9), 5 states have internal predecessors, (9), 0 states have call successors, (0), 0 states have call predecessors, (0), 0 states have return successors, (0), 0 states have call predecessors, (0), 0 states have call successors, (0) Second operand  has 3 states, 2 states have (on average 5.5) internal successors, (11), 3 states have internal predecessors, (11), 0 states have call successors, (0), 0 states have call predecessors, (0), 0 states have return successors, (0), 0 states have call predecessors, (0), 0 states have call successors, (0)
[2026-06-06 01:17:48,250 INFO  L144             Difference]: Subtrahend was deterministic. Have not used determinization.
[2026-06-06 01:17:48,250 INFO  L93              Difference]: Finished difference Result 7 states and 9 transitions.
[2026-06-06 01:17:48,250 INFO  L225             Difference]: With dead ends: 7
[2026-06-06 01:17:48,250 INFO  L226             Difference]: Without dead ends: 7
[2026-06-06 01:17:48,255 INFO  L134       CoverageAnalysis]: Checked inductivity of 2 backedges. 0 proven. 1 refuted. 0 times theorem prover too weak. 1 trivial. 0 not checked.
[2026-06-06 01:17:48,255 INFO  L312         TraceCheckSpWp]: Computing backward predicates...
[2026-06-06 01:17:48,257 INFO  L82        GeneralOperation]: Start minimizeSevpa. Operand 7 states.
[2026-06-06 01:17:48,257 INFO  L134       CoverageAnalysis]: Checked inductivity of 5 backedges. 0 proven. 1 refuted. 0 times theorem prover too weak. 4 trivial. 0 not checked.
[2026-06-06 01:17:48,258 INFO  L312         TraceCheckSpWp]: Computing backward predicates...
[2026-06-06 01:17:48,262 INFO  L134       CoverageAnalysis]: Checked inductivity of 5 backedges. 0 proven. 3 refuted. 0 times theorem prover too weak. 2 trivial. 0 not checked.
[2026-06-06 01:17:48,262 INFO  L312         TraceCheckSpWp]: Computing backward predicates...
[2026-06-06 01:17:48,262 INFO  L88        GeneralOperation]: Finished minimizeSevpa. Reduced states from 7 to 7.
[2026-06-06 01:17:48,263 INFO  L82        GeneralOperation]: Start removeUnreachable. Operand  has 7 states, 6 states have (on average 1.5) internal successors, (9), 6 states have internal predecessors, (9), 0 states have call successors, (0), 0 states have call predecessors, (0), 0 states have return successors, (0), 0 states have call predecessors, (0), 0 states have call successors, (0)
[2026-06-06 01:17:48,264 INFO  L88        GeneralOperation]: Finished removeUnreachable. Reduced from 7 states to 7 states and 9 transitions.
[2026-06-06 01:17:48,264 INFO  L545   ParallelNwaCegarLoop]: Main: Refinement done.
[2026-06-06 01:17:48,264 INFO  L464   ParallelNwaCegarLoop]: Checking if program is safe
[2026-06-06 01:17:48,264 INFO  L290                IsEmpty]: Start isEmpty. Operand 7 states and 9 transitions.
[2026-06-06 01:17:48,264 INFO  L300                IsEmpty]: Finished isEmpty. Found accepting run of length 6
[2026-06-06 01:17:48,264 INFO  L199           NwaCegarLoop]: Found error trace
[2026-06-06 01:17:48,265 INFO  L207           NwaCegarLoop]: trace histogram [1, 1, 1, 1, 1]
[2026-06-06 01:17:48,265 INFO  L276   ParallelNwaCegarLoop]: Main: A Thread is Done
[2026-06-06 01:17:48,265 INFO  L294   ParallelNwaCegarLoop]: Worker Automaton Type: FLOYD_HOARE
[2026-06-06 01:17:48,265 INFO  L79                 Accepts]: Start accepts. Automaton has 7 states and 9 transitions. Word has length 9
[2026-06-06 01:17:48,265 INFO  L85                 Accepts]: Finished accepts. word is rejected.
[2026-06-06 01:17:48,265 INFO  L616   ParallelNwaCegarLoop]: Recorded stale counterexample prefix coverage.
[2026-06-06 01:17:48,265 INFO  L296   ParallelNwaCegarLoop]: Refining Abstraction
[2026-06-06 01:17:48,265 INFO  L567   ParallelNwaCegarLoop]: Subtrahend traceHash: -1799802505
[2026-06-06 01:17:48,265 INFO  L534   ParallelNwaCegarLoop]: Difference in Main
[2026-06-06 01:17:48,265 INFO  L87              Difference]: Start difference. First operand 7 states and 9 transitions. Second operand  has 3 states, 2 states have (on average 5.5) internal successors, (11), 3 states have internal predecessors, (11), 0 states have call successors, (0), 0 states have call predecessors, (0), 0 states have return successors, (0), 0 states have call predecessors, (0), 0 states have call successors, (0)
[2026-06-06 01:17:48,265 INFO  L144             Difference]: Subtrahend was deterministic. Have not used determinization.
[2026-06-06 01:17:48,265 INFO  L134       CoverageAnalysis]: Checked inductivity of 2 backedges. 0 proven. 1 refuted. 0 times theorem prover too weak. 1 trivial. 0 not checked.
[2026-06-06 01:17:48,265 INFO  L93              Difference]: Finished difference Result 7 states and 9 transitions.
[2026-06-06 01:17:48,265 INFO  L158   FreeRefinementEngine]: IpTcStrategyModuleZ3 [1472650062] provided 0 perfect and 2 imperfect interpolant sequences
[2026-06-06 01:17:48,265 INFO  L134       CoverageAnalysis]: Checked inductivity of 5 backedges. 0 proven. 1 refuted. 0 times theorem prover too weak. 4 trivial. 0 not checked.
[2026-06-06 01:17:48,265 INFO  L185   FreeRefinementEngine]: Found 0 perfect and 3 imperfect interpolant sequences.
[2026-06-06 01:17:48,265 INFO  L225             Difference]: With dead ends: 7
[2026-06-06 01:17:48,265 INFO  L198   FreeRefinementEngine]: Number of different interpolants: perfect sequences [] imperfect sequences [3, 3, 3] total 6
[2026-06-06 01:17:48,265 INFO  L158   FreeRefinementEngine]: IpTcStrategyModuleZ3 [2068570541] provided 0 perfect and 2 imperfect interpolant sequences
[2026-06-06 01:17:48,265 INFO  L226             Difference]: Without dead ends: 7
[2026-06-06 01:17:48,265 INFO  L122   tionRefinementEngine]: Using interpolant automaton builder IpAbStrategyModuleStraightlineAll [202401294]
[2026-06-06 01:17:48,265 INFO  L185   FreeRefinementEngine]: Found 0 perfect and 3 imperfect interpolant sequences.
[2026-06-06 01:17:48,265 INFO  L85    oduleStraightlineAll]: Using 3 imperfect interpolants to construct interpolant automaton
[2026-06-06 01:17:48,265 INFO  L82        GeneralOperation]: Start minimizeSevpa. Operand 7 states.
[2026-06-06 01:17:48,265 INFO  L198   FreeRefinementEngine]: Number of different interpolants: perfect sequences [] imperfect sequences [3, 3, 3] total 6
[2026-06-06 01:17:48,266 INFO  L100   FreeRefinementEngine]: Using predicate unifier PredicateUnifier provided by strategy CAMEL
[2026-06-06 01:17:48,266 INFO  L122   tionRefinementEngine]: Using interpolant automaton builder IpAbStrategyModuleStraightlineAll [321467799]
[2026-06-06 01:17:48,266 INFO  L85    oduleStraightlineAll]: Using 3 imperfect interpolants to construct interpolant automaton
[2026-06-06 01:17:48,266 INFO  L100   FreeRefinementEngine]: Using predicate unifier PredicateUnifier provided by strategy CAMEL
[2026-06-06 01:17:48,266 INFO  L88        GeneralOperation]: Finished minimizeSevpa. Reduced states from 7 to 7.
[2026-06-06 01:17:48,266 INFO  L144   InterpolantAutomaton]: Constructing interpolant automaton starting with 7 interpolants.
[2026-06-06 01:17:48,266 INFO  L82        GeneralOperation]: Start removeUnreachable. Operand  has 7 states, 6 states have (on average 1.5) internal successors, (9), 6 states have internal predecessors, (9), 0 states have call successors, (0), 0 states have call predecessors, (0), 0 states have return successors, (0), 0 states have call predecessors, (0), 0 states have call successors, (0)
[2026-06-06 01:17:48,266 INFO  L146   InterpolantAutomaton]: CoverageRelationStatistics Valid=21, Invalid=21, Unknown=0, NotChecked=0, Total=42
[2026-06-06 01:17:48,266 INFO  L419   CegarNwaWorkerThread]: Difference in Worker for Generalization
[2026-06-06 01:17:48,266 INFO  L144   InterpolantAutomaton]: Constructing interpolant automaton starting with 7 interpolants.
[2026-06-06 01:17:48,266 INFO  L88        GeneralOperation]: Finished removeUnreachable. Reduced from 7 states to 7 states and 9 transitions.
[2026-06-06 01:17:48,266 INFO  L545   ParallelNwaCegarLoop]: Main: Refinement done.
[2026-06-06 01:17:48,266 INFO  L464   ParallelNwaCegarLoop]: Checking if program is safe
[2026-06-06 01:17:48,266 INFO  L146   InterpolantAutomaton]: CoverageRelationStatistics Valid=21, Invalid=21, Unknown=0, NotChecked=0, Total=42
[2026-06-06 01:17:48,266 INFO  L419   CegarNwaWorkerThread]: Difference in Worker for Generalization
[2026-06-06 01:17:48,266 INFO  L87              Difference]: Start difference. First operand  has 6 states, 5 states have (on average 1.8) internal successors, (9), 5 states have internal predecessors, (9), 0 states have call successors, (0), 0 states have call predecessors, (0), 0 states have return successors, (0), 0 states have call predecessors, (0), 0 states have call successors, (0) Second operand  has 7 states, 7 states have (on average 1.7142857142857142) internal successors, (12), 6 states have internal predecessors, (12), 0 states have call successors, (0), 0 states have call predecessors, (0), 0 states have return successors, (0), 0 states have call predecessors, (0), 0 states have call successors, (0)
[2026-06-06 01:17:48,266 INFO  L290                IsEmpty]: Start isEmpty. Operand 7 states and 9 transitions.
[2026-06-06 01:17:48,266 INFO  L87              Difference]: Start difference. First operand  has 6 states, 5 states have (on average 1.8) internal successors, (9), 5 states have internal predecessors, (9), 0 states have call successors, (0), 0 states have call predecessors, (0), 0 states have return successors, (0), 0 states have call predecessors, (0), 0 states have call successors, (0) Second operand  has 7 states, 7 states have (on average 1.8571428571428572) internal successors, (13), 6 states have internal predecessors, (13), 0 states have call successors, (0), 0 states have call predecessors, (0), 0 states have return successors, (0), 0 states have call predecessors, (0), 0 states have call successors, (0)
[2026-06-06 01:17:48,266 INFO  L300                IsEmpty]: Finished isEmpty. Found accepting run of length 6
[2026-06-06 01:17:48,266 INFO  L199           NwaCegarLoop]: Found error trace
[2026-06-06 01:17:48,266 INFO  L207           NwaCegarLoop]: trace histogram [1, 1, 1, 1, 1]
[2026-06-06 01:17:48,266 INFO  L276   ParallelNwaCegarLoop]: Main: A Thread is Done
[2026-06-06 01:17:48,266 INFO  L294   ParallelNwaCegarLoop]: Worker Automaton Type: FLOYD_HOARE
[2026-06-06 01:17:48,266 INFO  L79                 Accepts]: Start accepts. Automaton has 7 states and 9 transitions. Word has length 10
[2026-06-06 01:17:48,266 INFO  L85                 Accepts]: Finished accepts. word is rejected.
[2026-06-06 01:17:48,266 INFO  L616   ParallelNwaCegarLoop]: Recorded stale counterexample prefix coverage.
[2026-06-06 01:17:48,266 INFO  L296   ParallelNwaCegarLoop]: Refining Abstraction
[2026-06-06 01:17:48,266 INFO  L567   ParallelNwaCegarLoop]: Subtrahend traceHash: 38710698
[2026-06-06 01:17:48,266 INFO  L534   ParallelNwaCegarLoop]: Difference in Main
[2026-06-06 01:17:48,267 INFO  L134       CoverageAnalysis]: Checked inductivity of 7 backedges. 0 proven. 6 refuted. 0 times theorem prover too weak. 1 trivial. 0 not checked.
[2026-06-06 01:17:48,267 INFO  L312         TraceCheckSpWp]: Computing backward predicates...
[2026-06-06 01:17:48,267 INFO  L87              Difference]: Start difference. First operand 7 states and 9 transitions. Second operand  has 3 states, 2 states have (on average 5.5) internal successors, (11), 3 states have internal predecessors, (11), 0 states have call successors, (0), 0 states have call predecessors, (0), 0 states have return successors, (0), 0 states have call predecessors, (0), 0 states have call successors, (0)
[2026-06-06 01:17:48,267 INFO  L144             Difference]: Subtrahend was deterministic. Have not used determinization.
[2026-06-06 01:17:48,267 INFO  L93              Difference]: Finished difference Result 7 states and 9 transitions.
[2026-06-06 01:17:48,267 INFO  L225             Difference]: With dead ends: 7
[2026-06-06 01:17:48,267 INFO  L226             Difference]: Without dead ends: 7
[2026-06-06 01:17:48,267 INFO  L82        GeneralOperation]: Start minimizeSevpa. Operand 7 states.
[2026-06-06 01:17:48,267 INFO  L88        GeneralOperation]: Finished minimizeSevpa. Reduced states from 7 to 7.
[2026-06-06 01:17:48,267 INFO  L82        GeneralOperation]: Start removeUnreachable. Operand  has 7 states, 6 states have (on average 1.5) internal successors, (9), 6 states have internal predecessors, (9), 0 states have call successors, (0), 0 states have call predecessors, (0), 0 states have return successors, (0), 0 states have call predecessors, (0), 0 states have call successors, (0)
[2026-06-06 01:17:48,267 INFO  L88        GeneralOperation]: Finished removeUnreachable. Reduced from 7 states to 7 states and 9 transitions.
[2026-06-06 01:17:48,267 INFO  L545   ParallelNwaCegarLoop]: Main: Refinement done.
[2026-06-06 01:17:48,267 INFO  L464   ParallelNwaCegarLoop]: Checking if program is safe
[2026-06-06 01:17:48,267 INFO  L290                IsEmpty]: Start isEmpty. Operand 7 states and 9 transitions.
[2026-06-06 01:17:48,267 INFO  L300                IsEmpty]: Finished isEmpty. Found accepting run of length 6
[2026-06-06 01:17:48,267 INFO  L199           NwaCegarLoop]: Found error trace
[2026-06-06 01:17:48,267 INFO  L207           NwaCegarLoop]: trace histogram [1, 1, 1, 1, 1]
[2026-06-06 01:17:48,267 INFO  L276   ParallelNwaCegarLoop]: Main: A Thread is Done
[2026-06-06 01:17:48,267 INFO  L294   ParallelNwaCegarLoop]: Worker Automaton Type: FLOYD_HOARE
[2026-06-06 01:17:48,267 INFO  L79                 Accepts]: Start accepts. Automaton has 7 states and 9 transitions. Word has length 8
[2026-06-06 01:17:48,267 INFO  L85                 Accepts]: Finished accepts. word is rejected.
[2026-06-06 01:17:48,267 INFO  L616   ParallelNwaCegarLoop]: Recorded stale counterexample prefix coverage.
[2026-06-06 01:17:48,267 INFO  L296   ParallelNwaCegarLoop]: Refining Abstraction
[2026-06-06 01:17:48,267 INFO  L567   ParallelNwaCegarLoop]: Subtrahend traceHash: -1304917171
[2026-06-06 01:17:48,268 INFO  L534   ParallelNwaCegarLoop]: Difference in Main
[2026-06-06 01:17:48,268 INFO  L87              Difference]: Start difference. First operand 7 states and 9 transitions. Second operand  has 3 states, 2 states have (on average 5.5) internal successors, (11), 3 states have internal predecessors, (11), 0 states have call successors, (0), 0 states have call predecessors, (0), 0 states have return successors, (0), 0 states have call predecessors, (0), 0 states have call successors, (0)
[2026-06-06 01:17:48,268 INFO  L144             Difference]: Subtrahend was deterministic. Have not used determinization.
[2026-06-06 01:17:48,268 INFO  L93              Difference]: Finished difference Result 7 states and 9 transitions.
[2026-06-06 01:17:48,268 INFO  L225             Difference]: With dead ends: 7
[2026-06-06 01:17:48,268 INFO  L226             Difference]: Without dead ends: 7
[2026-06-06 01:17:48,268 INFO  L82        GeneralOperation]: Start minimizeSevpa. Operand 7 states.
[2026-06-06 01:17:48,268 INFO  L88        GeneralOperation]: Finished minimizeSevpa. Reduced states from 7 to 7.
[2026-06-06 01:17:48,268 INFO  L82        GeneralOperation]: Start removeUnreachable. Operand  has 7 states, 6 states have (on average 1.5) internal successors, (9), 6 states have internal predecessors, (9), 0 states have call successors, (0), 0 states have call predecessors, (0), 0 states have return successors, (0), 0 states have call predecessors, (0), 0 states have call successors, (0)
[2026-06-06 01:17:48,268 INFO  L88        GeneralOperation]: Finished removeUnreachable. Reduced from 7 states to 7 states and 9 transitions.
[2026-06-06 01:17:48,268 INFO  L545   ParallelNwaCegarLoop]: Main: Refinement done.
[2026-06-06 01:17:48,268 INFO  L464   ParallelNwaCegarLoop]: Checking if program is safe
[2026-06-06 01:17:48,268 INFO  L290                IsEmpty]: Start isEmpty. Operand 7 states and 9 transitions.
[2026-06-06 01:17:48,268 INFO  L300                IsEmpty]: Finished isEmpty. Found accepting run of length 6
[2026-06-06 01:17:48,268 INFO  L199           NwaCegarLoop]: Found error trace
[2026-06-06 01:17:48,268 INFO  L207           NwaCegarLoop]: trace histogram [1, 1, 1, 1, 1]
[2026-06-06 01:17:48,268 INFO  L276   ParallelNwaCegarLoop]: Main: A Thread is Done
[2026-06-06 01:17:48,268 INFO  L294   ParallelNwaCegarLoop]: Worker Automaton Type: FLOYD_HOARE
[2026-06-06 01:17:48,268 INFO  L79                 Accepts]: Start accepts. Automaton has 7 states and 9 transitions. Word has length 10
[2026-06-06 01:17:48,268 INFO  L85                 Accepts]: Finished accepts. word is rejected.
[2026-06-06 01:17:48,268 INFO  L616   ParallelNwaCegarLoop]: Recorded stale counterexample prefix coverage.
[2026-06-06 01:17:48,268 INFO  L296   ParallelNwaCegarLoop]: Refining Abstraction
[2026-06-06 01:17:48,268 INFO  L567   ParallelNwaCegarLoop]: Subtrahend traceHash: 1129592536
[2026-06-06 01:17:48,268 INFO  L534   ParallelNwaCegarLoop]: Difference in Main
[2026-06-06 01:17:48,269 INFO  L87              Difference]: Start difference. First operand 7 states and 9 transitions. Second operand  has 2 states, 1 states have (on average 9.0) internal successors, (9), 2 states have internal predecessors, (9), 0 states have call successors, (0), 0 states have call predecessors, (0), 0 states have return successors, (0), 0 states have call predecessors, (0), 0 states have call successors, (0)
[2026-06-06 01:17:48,269 INFO  L144             Difference]: Subtrahend was deterministic. Have not used determinization.
[2026-06-06 01:17:48,269 INFO  L93              Difference]: Finished difference Result 7 states and 9 transitions.
[2026-06-06 01:17:48,269 INFO  L225             Difference]: With dead ends: 7
[2026-06-06 01:17:48,269 INFO  L226             Difference]: Without dead ends: 7
[2026-06-06 01:17:48,269 INFO  L82        GeneralOperation]: Start minimizeSevpa. Operand 7 states.
[2026-06-06 01:17:48,269 INFO  L88        GeneralOperation]: Finished minimizeSevpa. Reduced states from 7 to 7.
[2026-06-06 01:17:48,269 INFO  L82        GeneralOperation]: Start removeUnreachable. Operand  has 7 states, 6 states have (on average 1.5) internal successors, (9), 6 states have internal predecessors, (9), 0 states have call successors, (0), 0 states have call predecessors, (0), 0 states have return successors, (0), 0 states have call predecessors, (0), 0 states have call successors, (0)
[2026-06-06 01:17:48,269 INFO  L88        GeneralOperation]: Finished removeUnreachable. Reduced from 7 states to 7 states and 9 transitions.
[2026-06-06 01:17:48,269 INFO  L545   ParallelNwaCegarLoop]: Main: Refinement done.
[2026-06-06 01:17:48,269 INFO  L464   ParallelNwaCegarLoop]: Checking if program is safe
[2026-06-06 01:17:48,269 INFO  L290                IsEmpty]: Start isEmpty. Operand 7 states and 9 transitions.
[2026-06-06 01:17:48,269 INFO  L300                IsEmpty]: Finished isEmpty. Found accepting run of length 6
[2026-06-06 01:17:48,269 INFO  L199           NwaCegarLoop]: Found error trace
[2026-06-06 01:17:48,269 INFO  L207           NwaCegarLoop]: trace histogram [1, 1, 1, 1, 1]
[2026-06-06 01:17:48,269 INFO  L276   ParallelNwaCegarLoop]: Main: A Thread is Done
[2026-06-06 01:17:48,269 INFO  L294   ParallelNwaCegarLoop]: Worker Automaton Type: FLOYD_HOARE
[2026-06-06 01:17:48,269 INFO  L79                 Accepts]: Start accepts. Automaton has 7 states and 9 transitions. Word has length 8
[2026-06-06 01:17:48,269 INFO  L85                 Accepts]: Finished accepts. word is rejected.
[2026-06-06 01:17:48,269 INFO  L616   ParallelNwaCegarLoop]: Recorded stale counterexample prefix coverage.
[2026-06-06 01:17:48,269 INFO  L296   ParallelNwaCegarLoop]: Refining Abstraction
[2026-06-06 01:17:48,269 INFO  L567   ParallelNwaCegarLoop]: Subtrahend traceHash: 264859992
[2026-06-06 01:17:48,269 INFO  L534   ParallelNwaCegarLoop]: Difference in Main
[2026-06-06 01:17:48,269 INFO  L87              Difference]: Start difference. First operand 7 states and 9 transitions. Second operand  has 2 states, 1 states have (on average 9.0) internal successors, (9), 2 states have internal predecessors, (9), 0 states have call successors, (0), 0 states have call predecessors, (0), 0 states have return successors, (0), 0 states have call predecessors, (0), 0 states have call successors, (0)
[2026-06-06 01:17:48,270 INFO  L144             Difference]: Subtrahend was deterministic. Have not used determinization.
[2026-06-06 01:17:48,270 INFO  L93              Difference]: Finished difference Result 7 states and 9 transitions.
[2026-06-06 01:17:48,270 INFO  L225             Difference]: With dead ends: 7
[2026-06-06 01:17:48,270 INFO  L226             Difference]: Without dead ends: 7
[2026-06-06 01:17:48,270 INFO  L82        GeneralOperation]: Start minimizeSevpa. Operand 7 states.
[2026-06-06 01:17:48,270 INFO  L88        GeneralOperation]: Finished minimizeSevpa. Reduced states from 7 to 7.
[2026-06-06 01:17:48,270 INFO  L82        GeneralOperation]: Start removeUnreachable. Operand  has 7 states, 6 states have (on average 1.5) internal successors, (9), 6 states have internal predecessors, (9), 0 states have call successors, (0), 0 states have call predecessors, (0), 0 states have return successors, (0), 0 states have call predecessors, (0), 0 states have call successors, (0)
[2026-06-06 01:17:48,270 INFO  L88        GeneralOperation]: Finished removeUnreachable. Reduced from 7 states to 7 states and 9 transitions.
[2026-06-06 01:17:48,270 INFO  L545   ParallelNwaCegarLoop]: Main: Refinement done.
[2026-06-06 01:17:48,270 INFO  L464   ParallelNwaCegarLoop]: Checking if program is safe
[2026-06-06 01:17:48,270 INFO  L290                IsEmpty]: Start isEmpty. Operand 7 states and 9 transitions.
[2026-06-06 01:17:48,270 INFO  L300                IsEmpty]: Finished isEmpty. Found accepting run of length 6
[2026-06-06 01:17:48,270 INFO  L199           NwaCegarLoop]: Found error trace
[2026-06-06 01:17:48,270 INFO  L207           NwaCegarLoop]: trace histogram [1, 1, 1, 1, 1]
[2026-06-06 01:17:48,270 INFO  L276   ParallelNwaCegarLoop]: Main: A Thread is Done
[2026-06-06 01:17:48,270 INFO  L294   ParallelNwaCegarLoop]: Worker Automaton Type: FLOYD_HOARE
[2026-06-06 01:17:48,270 INFO  L79                 Accepts]: Start accepts. Automaton has 7 states and 9 transitions. Word has length 4
[2026-06-06 01:17:48,270 INFO  L85                 Accepts]: Finished accepts. word is rejected.
[2026-06-06 01:17:48,270 INFO  L616   ParallelNwaCegarLoop]: Recorded stale counterexample prefix coverage.
[2026-06-06 01:17:48,270 INFO  L296   ParallelNwaCegarLoop]: Refining Abstraction
[2026-06-06 01:17:48,270 INFO  L567   ParallelNwaCegarLoop]: Subtrahend traceHash: 928714
[2026-06-06 01:17:48,270 INFO  L534   ParallelNwaCegarLoop]: Difference in Main
[2026-06-06 01:17:48,270 INFO  L87              Difference]: Start difference. First operand 7 states and 9 transitions. Second operand  has 3 states, 2 states have (on average 5.5) internal successors, (11), 3 states have internal predecessors, (11), 0 states have call successors, (0), 0 states have call predecessors, (0), 0 states have return successors, (0), 0 states have call predecessors, (0), 0 states have call successors, (0)
[2026-06-06 01:17:48,270 INFO  L144             Difference]: Subtrahend was deterministic. Have not used determinization.
[2026-06-06 01:17:48,270 INFO  L93              Difference]: Finished difference Result 7 states and 9 transitions.
[2026-06-06 01:17:48,271 INFO  L225             Difference]: With dead ends: 7
[2026-06-06 01:17:48,271 INFO  L226             Difference]: Without dead ends: 7
[2026-06-06 01:17:48,271 INFO  L82        GeneralOperation]: Start minimizeSevpa. Operand 7 states.
[2026-06-06 01:17:48,271 INFO  L88        GeneralOperation]: Finished minimizeSevpa. Reduced states from 7 to 7.
[2026-06-06 01:17:48,271 INFO  L82        GeneralOperation]: Start removeUnreachable. Operand  has 7 states, 6 states have (on average 1.5) internal successors, (9), 6 states have internal predecessors, (9), 0 states have call successors, (0), 0 states have call predecessors, (0), 0 states have return successors, (0), 0 states have call predecessors, (0), 0 states have call successors, (0)
[2026-06-06 01:17:48,271 INFO  L88        GeneralOperation]: Finished removeUnreachable. Reduced from 7 states to 7 states and 9 transitions.
[2026-06-06 01:17:48,271 INFO  L545   ParallelNwaCegarLoop]: Main: Refinement done.
[2026-06-06 01:17:48,271 INFO  L464   ParallelNwaCegarLoop]: Checking if program is safe
[2026-06-06 01:17:48,271 INFO  L290                IsEmpty]: Start isEmpty. Operand 7 states and 9 transitions.
[2026-06-06 01:17:48,271 INFO  L300                IsEmpty]: Finished isEmpty. Found accepting run of length 6
[2026-06-06 01:17:48,271 INFO  L199           NwaCegarLoop]: Found error trace
[2026-06-06 01:17:48,271 INFO  L207           NwaCegarLoop]: trace histogram [1, 1, 1, 1, 1]
[2026-06-06 01:17:48,271 INFO  L276   ParallelNwaCegarLoop]: Main: A Thread is Done
[2026-06-06 01:17:48,271 INFO  L294   ParallelNwaCegarLoop]: Worker Automaton Type: FLOYD_HOARE
[2026-06-06 01:17:48,271 INFO  L79                 Accepts]: Start accepts. Automaton has 7 states and 9 transitions. Word has length 9
[2026-06-06 01:17:48,271 INFO  L85                 Accepts]: Finished accepts. word is rejected.
[2026-06-06 01:17:48,271 INFO  L616   ParallelNwaCegarLoop]: Recorded stale counterexample prefix coverage.
[2026-06-06 01:17:48,271 INFO  L296   ParallelNwaCegarLoop]: Refining Abstraction
[2026-06-06 01:17:48,271 INFO  L567   ParallelNwaCegarLoop]: Subtrahend traceHash: 177753866
[2026-06-06 01:17:48,271 INFO  L534   ParallelNwaCegarLoop]: Difference in Main
[2026-06-06 01:17:48,271 INFO  L87              Difference]: Start difference. First operand 7 states and 9 transitions. Second operand  has 3 states, 2 states have (on average 5.5) internal successors, (11), 3 states have internal predecessors, (11), 0 states have call successors, (0), 0 states have call predecessors, (0), 0 states have return successors, (0), 0 states have call predecessors, (0), 0 states have call successors, (0)
[2026-06-06 01:17:48,271 INFO  L144             Difference]: Subtrahend was deterministic. Have not used determinization.
[2026-06-06 01:17:48,271 INFO  L144             Difference]: Subtrahend was deterministic. Have not used determinization.
[2026-06-06 01:17:48,271 INFO  L144             Difference]: Subtrahend was deterministic. Have not used determinization.
[2026-06-06 01:17:48,271 INFO  L93              Difference]: Finished difference Result 7 states and 9 transitions.
[2026-06-06 01:17:48,271 INFO  L93              Difference]: Finished difference Result 10 states and 12 transitions.
[2026-06-06 01:17:48,271 INFO  L93              Difference]: Finished difference Result 10 states and 12 transitions.
[2026-06-06 01:17:48,271 INFO  L225             Difference]: With dead ends: 7
[2026-06-06 01:17:48,272 INFO  L226             Difference]: Without dead ends: 7
[2026-06-06 01:17:48,272 INFO  L82        GeneralOperation]: Start minimizeSevpa. Operand 7 states.
[2026-06-06 01:17:48,272 INFO  L140   InterpolantAutomaton]: Switched to read-only mode: deterministic interpolant automaton has 6 states. 
[2026-06-06 01:17:48,272 INFO  L140   InterpolantAutomaton]: Switched to read-only mode: deterministic interpolant automaton has 6 states. 
[2026-06-06 01:17:48,272 INFO  L225             Difference]: With dead ends: 10
[2026-06-06 01:17:48,272 INFO  L226             Difference]: Without dead ends: 10
[2026-06-06 01:17:48,272 INFO  L225             Difference]: With dead ends: 10
[2026-06-06 01:17:48,272 INFO  L226             Difference]: Without dead ends: 10
[2026-06-06 01:17:48,272 INFO  L88        GeneralOperation]: Finished minimizeSevpa. Reduced states from 7 to 7.
[2026-06-06 01:17:48,272 INFO  L487   CegarNwaWorkerThread]: 0 DeclaredPredicates, 15 GetRequests, 10 SyntacticMatches, 0 SemanticMatches, 5 ConstructedPredicates, 0 IntricatePredicates, 0 DeprecatedPredicates, 4 ImplicationChecksByTransitivity, 0.0s TimeCoverageRelationStatistics Valid=21, Invalid=21, Unknown=0, NotChecked=0, Total=42
[2026-06-06 01:17:48,272 INFO  L82        GeneralOperation]: Start removeUnreachable. Operand  has 7 states, 6 states have (on average 1.5) internal successors, (9), 6 states have internal predecessors, (9), 0 states have call successors, (0), 0 states have call predecessors, (0), 0 states have return successors, (0), 0 states have call predecessors, (0), 0 states have call successors, (0)
[2026-06-06 01:17:48,272 INFO  L487   CegarNwaWorkerThread]: 0 DeclaredPredicates, 19 GetRequests, 14 SyntacticMatches, 0 SemanticMatches, 5 ConstructedPredicates, 0 IntricatePredicates, 0 DeprecatedPredicates, 4 ImplicationChecksByTransitivity, 0.0s TimeCoverageRelationStatistics Valid=21, Invalid=21, Unknown=0, NotChecked=0, Total=42
[2026-06-06 01:17:48,272 INFO  L88        GeneralOperation]: Finished removeUnreachable. Reduced from 7 states to 7 states and 9 transitions.
[2026-06-06 01:17:48,272 INFO  L545   ParallelNwaCegarLoop]: Main: Refinement done.
[2026-06-06 01:17:48,272 INFO  L464   ParallelNwaCegarLoop]: Checking if program is safe
[2026-06-06 01:17:48,272 INFO  L290                IsEmpty]: Start isEmpty. Operand 7 states and 9 transitions.
[2026-06-06 01:17:48,272 INFO  L300                IsEmpty]: Finished isEmpty. Found accepting run of length 6
[2026-06-06 01:17:48,272 INFO  L199           NwaCegarLoop]: Found error trace
[2026-06-06 01:17:48,272 INFO  L207           NwaCegarLoop]: trace histogram [1, 1, 1, 1, 1]
[2026-06-06 01:17:48,272 INFO  L276   ParallelNwaCegarLoop]: Main: A Thread is Done
[2026-06-06 01:17:48,272 INFO  L294   ParallelNwaCegarLoop]: Worker Automaton Type: FLOYD_HOARE
[2026-06-06 01:17:48,272 INFO  L79                 Accepts]: Start accepts. Automaton has 7 states and 9 transitions. Word has length 9
[2026-06-06 01:17:48,272 INFO  L85                 Accepts]: Finished accepts. word is rejected.
[2026-06-06 01:17:48,272 INFO  L616   ParallelNwaCegarLoop]: Recorded stale counterexample prefix coverage.
[2026-06-06 01:17:48,272 INFO  L296   ParallelNwaCegarLoop]: Refining Abstraction
[2026-06-06 01:17:48,272 INFO  L567   ParallelNwaCegarLoop]: Subtrahend traceHash: 109204775
[2026-06-06 01:17:48,272 INFO  L534   ParallelNwaCegarLoop]: Difference in Main
[2026-06-06 01:17:48,272 INFO  L488   CegarNwaWorkerThread]: 7 mSDtfsCounter, 0 mSDsluCounter, 10 mSDsCounter, 0 mSdLazyCounter, 8 mSolverCounterSat, 1 mSolverCounterUnsat, 0 mSolverCounterUnknown, 0 mSolverCounterNotChecked, 0.0s Time, 0 mProtectedPredicate, 0 mProtectedAction, 0 SdHoareTripleChecker+Valid, 17 SdHoareTripleChecker+Invalid, 9 SdHoareTripleChecker+Unknown, 0 SdHoareTripleChecker+Unchecked, 0.0s SdHoareTripleChecker+Time, 1 IncrementalHoareTripleChecker+Valid, 8 IncrementalHoareTripleChecker+Invalid, 0 IncrementalHoareTripleChecker+Unknown, 0 IncrementalHoareTripleChecker+Unchecked, 0.0s IncrementalHoareTripleChecker+Time
[2026-06-06 01:17:48,272 INFO  L488   CegarNwaWorkerThread]: 7 mSDtfsCounter, 0 mSDsluCounter, 15 mSDsCounter, 0 mSdLazyCounter, 9 mSolverCounterSat, 1 mSolverCounterUnsat, 0 mSolverCounterUnknown, 0 mSolverCounterNotChecked, 0.0s Time, 0 mProtectedPredicate, 0 mProtectedAction, 0 SdHoareTripleChecker+Valid, 22 SdHoareTripleChecker+Invalid, 10 SdHoareTripleChecker+Unknown, 0 SdHoareTripleChecker+Unchecked, 0.0s SdHoareTripleChecker+Time, 1 IncrementalHoareTripleChecker+Valid, 9 IncrementalHoareTripleChecker+Invalid, 0 IncrementalHoareTripleChecker+Unknown, 0 IncrementalHoareTripleChecker+Unchecked, 0.0s IncrementalHoareTripleChecker+Time
[2026-06-06 01:17:48,272 INFO  L87              Difference]: Start difference. First operand 7 states and 9 transitions. Second operand  has 3 states, 2 states have (on average 5.5) internal successors, (11), 3 states have internal predecessors, (11), 0 states have call successors, (0), 0 states have call predecessors, (0), 0 states have return successors, (0), 0 states have call predecessors, (0), 0 states have call successors, (0)
[2026-06-06 01:17:48,272 INFO  L144             Difference]: Subtrahend was deterministic. Have not used determinization.
[2026-06-06 01:17:48,272 INFO  L489   CegarNwaWorkerThread]: SdHoareTripleChecker [0 Valid, 17 Invalid, 9 Unknown, 0 Unchecked, 0.0s Time], IncrementalHoareTripleChecker [1 Valid, 8 Invalid, 0 Unknown, 0 Unchecked, 0.0s Time]
[2026-06-06 01:17:48,272 INFO  L489   CegarNwaWorkerThread]: SdHoareTripleChecker [0 Valid, 22 Invalid, 10 Unknown, 0 Unchecked, 0.0s Time], IncrementalHoareTripleChecker [1 Valid, 9 Invalid, 0 Unknown, 0 Unchecked, 0.0s Time]
[2026-06-06 01:17:48,272 INFO  L93              Difference]: Finished difference Result 7 states and 9 transitions.
[2026-06-06 01:17:48,273 INFO  L225             Difference]: With dead ends: 7
[2026-06-06 01:17:48,273 INFO  L226             Difference]: Without dead ends: 7
[2026-06-06 01:17:48,273 INFO  L82        GeneralOperation]: Start minimizeSevpa. Operand 7 states.
[2026-06-06 01:17:48,273 INFO  L224   CegarNwaWorkerThread]: Done with Thread: 95#
[2026-06-06 01:17:48,273 INFO  L224   CegarNwaWorkerThread]: Done with Thread: 161#
[2026-06-06 01:17:48,273 INFO  L196   CegarNwaWorkerThread]: WorkerThread: Thread[#95,Worker for 1948270601,5,main] is Waiting for a Task
[2026-06-06 01:17:48,273 INFO  L88        GeneralOperation]: Finished minimizeSevpa. Reduced states from 7 to 7.
[2026-06-06 01:17:48,273 INFO  L196   CegarNwaWorkerThread]: WorkerThread: Thread[#161,Worker for -315482807,5,main] is Waiting for a Task
[2026-06-06 01:17:48,273 INFO  L82        GeneralOperation]: Start removeUnreachable. Operand  has 7 states, 6 states have (on average 1.5) internal successors, (9), 6 states have internal predecessors, (9), 0 states have call successors, (0), 0 states have call predecessors, (0), 0 states have return successors, (0), 0 states have call predecessors, (0), 0 states have call successors, (0)
[2026-06-06 01:17:48,273 INFO  L88        GeneralOperation]: Finished removeUnreachable. Reduced from 7 states to 7 states and 9 transitions.
[2026-06-06 01:17:48,273 INFO  L545   ParallelNwaCegarLoop]: Main: Refinement done.
[2026-06-06 01:17:48,273 INFO  L464   ParallelNwaCegarLoop]: Checking if program is safe
[2026-06-06 01:17:48,273 INFO  L290                IsEmpty]: Start isEmpty. Operand 7 states and 9 transitions.
[2026-06-06 01:17:48,273 INFO  L300                IsEmpty]: Finished isEmpty. Found accepting run of length 6
[2026-06-06 01:17:48,273 INFO  L199           NwaCegarLoop]: Found error trace
[2026-06-06 01:17:48,273 INFO  L207           NwaCegarLoop]: trace histogram [1, 1, 1, 1, 1]
[2026-06-06 01:17:48,273 INFO  L276   ParallelNwaCegarLoop]: Main: A Thread is Done
[2026-06-06 01:17:48,273 INFO  L294   ParallelNwaCegarLoop]: Worker Automaton Type: FLOYD_HOARE
[2026-06-06 01:17:48,273 INFO  L79                 Accepts]: Start accepts. Automaton has 7 states and 9 transitions. Word has length 7
[2026-06-06 01:17:48,273 INFO  L85                 Accepts]: Finished accepts. word is rejected.
[2026-06-06 01:17:48,273 INFO  L616   ParallelNwaCegarLoop]: Recorded stale counterexample prefix coverage.
[2026-06-06 01:17:48,273 INFO  L296   ParallelNwaCegarLoop]: Refining Abstraction
[2026-06-06 01:17:48,273 INFO  L567   ParallelNwaCegarLoop]: Subtrahend traceHash: 1899621898
[2026-06-06 01:17:48,273 INFO  L534   ParallelNwaCegarLoop]: Difference in Main
[2026-06-06 01:17:48,273 INFO  L87              Difference]: Start difference. First operand 7 states and 9 transitions. Second operand  has 3 states, 2 states have (on average 5.5) internal successors, (11), 3 states have internal predecessors, (11), 0 states have call successors, (0), 0 states have call predecessors, (0), 0 states have return successors, (0), 0 states have call predecessors, (0), 0 states have call successors, (0)
[2026-06-06 01:17:48,273 INFO  L144             Difference]: Subtrahend was deterministic. Have not used determinization.
[2026-06-06 01:17:48,273 INFO  L134       CoverageAnalysis]: Checked inductivity of 5 backedges. 0 proven. 3 refuted. 0 times theorem prover too weak. 2 trivial. 0 not checked.
[2026-06-06 01:17:48,273 INFO  L93              Difference]: Finished difference Result 7 states and 9 transitions.
[2026-06-06 01:17:48,273 INFO  L158   FreeRefinementEngine]: IpTcStrategyModuleZ3 [543906232] provided 0 perfect and 2 imperfect interpolant sequences
[2026-06-06 01:17:48,273 INFO  L225             Difference]: With dead ends: 7
[2026-06-06 01:17:48,274 INFO  L226             Difference]: Without dead ends: 7
[2026-06-06 01:17:48,273 INFO  L185   FreeRefinementEngine]: Found 0 perfect and 3 imperfect interpolant sequences.
[2026-06-06 01:17:48,274 INFO  L82        GeneralOperation]: Start minimizeSevpa. Operand 7 states.
[2026-06-06 01:17:48,274 INFO  L198   FreeRefinementEngine]: Number of different interpolants: perfect sequences [] imperfect sequences [4, 4, 4] total 9
[2026-06-06 01:17:48,274 INFO  L122   tionRefinementEngine]: Using interpolant automaton builder IpAbStrategyModuleStraightlineAll [837618053]
[2026-06-06 01:17:48,274 INFO  L85    oduleStraightlineAll]: Using 3 imperfect interpolants to construct interpolant automaton
[2026-06-06 01:17:48,274 INFO  L100   FreeRefinementEngine]: Using predicate unifier PredicateUnifier provided by strategy CAMEL
[2026-06-06 01:17:48,274 INFO  L88        GeneralOperation]: Finished minimizeSevpa. Reduced states from 7 to 7.
[2026-06-06 01:17:48,274 INFO  L82        GeneralOperation]: Start removeUnreachable. Operand  has 7 states, 6 states have (on average 1.5) internal successors, (9), 6 states have internal predecessors, (9), 0 states have call successors, (0), 0 states have call predecessors, (0), 0 states have return successors, (0), 0 states have call predecessors, (0), 0 states have call successors, (0)
[2026-06-06 01:17:48,274 INFO  L88        GeneralOperation]: Finished removeUnreachable. Reduced from 7 states to 7 states and 9 transitions.
[2026-06-06 01:17:48,274 INFO  L545   ParallelNwaCegarLoop]: Main: Refinement done.
[2026-06-06 01:17:48,274 INFO  L464   ParallelNwaCegarLoop]: Checking if program is safe
[2026-06-06 01:17:48,274 INFO  L144   InterpolantAutomaton]: Constructing interpolant automaton starting with 10 interpolants.
[2026-06-06 01:17:48,274 INFO  L290                IsEmpty]: Start isEmpty. Operand 7 states and 9 transitions.
[2026-06-06 01:17:48,274 INFO  L146   InterpolantAutomaton]: CoverageRelationStatistics Valid=29, Invalid=61, Unknown=0, NotChecked=0, Total=90
[2026-06-06 01:17:48,274 INFO  L419   CegarNwaWorkerThread]: Difference in Worker for Generalization
[2026-06-06 01:17:48,274 INFO  L300                IsEmpty]: Finished isEmpty. Found accepting run of length 6
[2026-06-06 01:17:48,274 INFO  L199           NwaCegarLoop]: Found error trace
[2026-06-06 01:17:48,274 INFO  L207           NwaCegarLoop]: trace histogram [1, 1, 1, 1, 1]
[2026-06-06 01:17:48,274 INFO  L276   ParallelNwaCegarLoop]: Main: A Thread is Done
[2026-06-06 01:17:48,274 INFO  L294   ParallelNwaCegarLoop]: Worker Automaton Type: FLOYD_HOARE
[2026-06-06 01:17:48,274 INFO  L87              Difference]: Start difference. First operand  has 6 states, 5 states have (on average 1.8) internal successors, (9), 5 states have internal predecessors, (9), 0 states have call successors, (0), 0 states have call predecessors, (0), 0 states have return successors, (0), 0 states have call predecessors, (0), 0 states have call successors, (0) Second operand  has 10 states, 10 states have (on average 2.0) internal successors, (20), 9 states have internal predecessors, (20), 0 states have call successors, (0), 0 states have call predecessors, (0), 0 states have return successors, (0), 0 states have call predecessors, (0), 0 states have call successors, (0)
[2026-06-06 01:17:48,274 INFO  L79                 Accepts]: Start accepts. Automaton has 7 states and 9 transitions. Word has length 6
[2026-06-06 01:17:48,274 INFO  L85                 Accepts]: Finished accepts. word is accepted.
[2026-06-06 01:17:48,274 INFO  L296   ParallelNwaCegarLoop]: Refining Abstraction
[2026-06-06 01:17:48,274 INFO  L567   ParallelNwaCegarLoop]: Subtrahend traceHash: 894182058
[2026-06-06 01:17:48,274 INFO  L534   ParallelNwaCegarLoop]: Difference in Main
[2026-06-06 01:17:48,274 INFO  L87              Difference]: Start difference. First operand 7 states and 9 transitions. Second operand  has 4 states, 3 states have (on average 4.333333333333333) internal successors, (13), 3 states have internal predecessors, (13), 0 states have call successors, (0), 0 states have call predecessors, (0), 0 states have return successors, (0), 0 states have call predecessors, (0), 0 states have call successors, (0)
[2026-06-06 01:17:48,274 INFO  L144             Difference]: Subtrahend was deterministic. Have not used determinization.
[2026-06-06 01:17:48,274 INFO  L93              Difference]: Finished difference Result 9 states and 12 transitions.
[2026-06-06 01:17:48,274 INFO  L225             Difference]: With dead ends: 9
[2026-06-06 01:17:48,274 INFO  L226             Difference]: Without dead ends: 9
[2026-06-06 01:17:48,274 INFO  L82        GeneralOperation]: Start minimizeSevpa. Operand 9 states.
[2026-06-06 01:17:48,275 INFO  L88        GeneralOperation]: Finished minimizeSevpa. Reduced states from 9 to 8.
[2026-06-06 01:17:48,275 INFO  L82        GeneralOperation]: Start removeUnreachable. Operand  has 8 states, 7 states have (on average 1.4285714285714286) internal successors, (10), 7 states have internal predecessors, (10), 0 states have call successors, (0), 0 states have call predecessors, (0), 0 states have return successors, (0), 0 states have call predecessors, (0), 0 states have call successors, (0)
[2026-06-06 01:17:48,275 INFO  L88        GeneralOperation]: Finished removeUnreachable. Reduced from 8 states to 8 states and 10 transitions.
[2026-06-06 01:17:48,275 INFO  L545   ParallelNwaCegarLoop]: Main: Refinement done.
[2026-06-06 01:17:48,275 INFO  L464   ParallelNwaCegarLoop]: Checking if program is safe
[2026-06-06 01:17:48,275 INFO  L290                IsEmpty]: Start isEmpty. Operand 8 states and 10 transitions.
[2026-06-06 01:17:48,275 INFO  L300                IsEmpty]: Finished isEmpty. Found accepting run of length 8
[2026-06-06 01:17:48,275 INFO  L199           NwaCegarLoop]: Found error trace
[2026-06-06 01:17:48,275 INFO  L207           NwaCegarLoop]: trace histogram [1, 1, 1, 1, 1, 1, 1]
[2026-06-06 01:17:48,275 INFO  L276   ParallelNwaCegarLoop]: Main: A Thread is Done
[2026-06-06 01:17:48,275 INFO  L294   ParallelNwaCegarLoop]: Worker Automaton Type: FLOYD_HOARE
[2026-06-06 01:17:48,275 INFO  L79                 Accepts]: Start accepts. Automaton has 8 states and 10 transitions. Word has length 8
[2026-06-06 01:17:48,275 INFO  L85                 Accepts]: Finished accepts. word is rejected.
[2026-06-06 01:17:48,275 INFO  L616   ParallelNwaCegarLoop]: Recorded stale counterexample prefix coverage.
[2026-06-06 01:17:48,275 INFO  L296   ParallelNwaCegarLoop]: Refining Abstraction
[2026-06-06 01:17:48,275 INFO  L567   ParallelNwaCegarLoop]: Subtrahend traceHash: 317186442
[2026-06-06 01:17:48,275 INFO  L534   ParallelNwaCegarLoop]: Difference in Main
[2026-06-06 01:17:48,275 INFO  L87              Difference]: Start difference. First operand 8 states and 10 transitions. Second operand  has 4 states, 3 states have (on average 4.333333333333333) internal successors, (13), 3 states have internal predecessors, (13), 0 states have call successors, (0), 0 states have call predecessors, (0), 0 states have return successors, (0), 0 states have call predecessors, (0), 0 states have call successors, (0)
[2026-06-06 01:17:48,275 INFO  L144             Difference]: Subtrahend was deterministic. Have not used determinization.
[2026-06-06 01:17:48,275 INFO  L93              Difference]: Finished difference Result 9 states and 12 transitions.
[2026-06-06 01:17:48,275 INFO  L225             Difference]: With dead ends: 9
[2026-06-06 01:17:48,275 INFO  L226             Difference]: Without dead ends: 9
[2026-06-06 01:17:48,275 INFO  L82        GeneralOperation]: Start minimizeSevpa. Operand 9 states.
[2026-06-06 01:17:48,276 INFO  L88        GeneralOperation]: Finished minimizeSevpa. Reduced states from 9 to 8.
[2026-06-06 01:17:48,276 INFO  L82        GeneralOperation]: Start removeUnreachable. Operand  has 8 states, 7 states have (on average 1.4285714285714286) internal successors, (10), 7 states have internal predecessors, (10), 0 states have call successors, (0), 0 states have call predecessors, (0), 0 states have return successors, (0), 0 states have call predecessors, (0), 0 states have call successors, (0)
[2026-06-06 01:17:48,276 INFO  L88        GeneralOperation]: Finished removeUnreachable. Reduced from 8 states to 8 states and 10 transitions.
[2026-06-06 01:17:48,276 INFO  L545   ParallelNwaCegarLoop]: Main: Refinement done.
[2026-06-06 01:17:48,276 INFO  L464   ParallelNwaCegarLoop]: Checking if program is safe
[2026-06-06 01:17:48,276 INFO  L290                IsEmpty]: Start isEmpty. Operand 8 states and 10 transitions.
[2026-06-06 01:17:48,276 INFO  L300                IsEmpty]: Finished isEmpty. Found accepting run of length 8
[2026-06-06 01:17:48,276 INFO  L199           NwaCegarLoop]: Found error trace
[2026-06-06 01:17:48,276 INFO  L207           NwaCegarLoop]: trace histogram [1, 1, 1, 1, 1, 1, 1]
[2026-06-06 01:17:48,276 INFO  L276   ParallelNwaCegarLoop]: Main: A Thread is Done
[2026-06-06 01:17:48,276 INFO  L294   ParallelNwaCegarLoop]: Worker Automaton Type: FLOYD_HOARE
[2026-06-06 01:17:48,276 INFO  L79                 Accepts]: Start accepts. Automaton has 8 states and 10 transitions. Word has length 7
[2026-06-06 01:17:48,276 INFO  L85                 Accepts]: Finished accepts. word is accepted.
[2026-06-06 01:17:48,276 INFO  L296   ParallelNwaCegarLoop]: Refining Abstraction
[2026-06-06 01:17:48,276 INFO  L567   ParallelNwaCegarLoop]: Subtrahend traceHash: 1948270601
[2026-06-06 01:17:48,276 INFO  L534   ParallelNwaCegarLoop]: Difference in Main
[2026-06-06 01:17:48,277 INFO  L87              Difference]: Start difference. First operand 8 states and 10 transitions. Second operand  has 6 states, 5 states have (on average 3.4) internal successors, (17), 6 states have internal predecessors, (17), 0 states have call successors, (0), 0 states have call predecessors, (0), 0 states have return successors, (0), 0 states have call predecessors, (0), 0 states have call successors, (0)
[2026-06-06 01:17:48,277 INFO  L144             Difference]: Subtrahend was deterministic. Have not used determinization.
[2026-06-06 01:17:48,277 INFO  L93              Difference]: Finished difference Result 11 states and 13 transitions.
[2026-06-06 01:17:48,278 INFO  L225             Difference]: With dead ends: 11
[2026-06-06 01:17:48,278 INFO  L226             Difference]: Without dead ends: 11
[2026-06-06 01:17:48,278 INFO  L82        GeneralOperation]: Start minimizeSevpa. Operand 11 states.
[2026-06-06 01:17:48,278 INFO  L88        GeneralOperation]: Finished minimizeSevpa. Reduced states from 11 to 11.
[2026-06-06 01:17:48,278 INFO  L82        GeneralOperation]: Start removeUnreachable. Operand  has 11 states, 10 states have (on average 1.3) internal successors, (13), 10 states have internal predecessors, (13), 0 states have call successors, (0), 0 states have call predecessors, (0), 0 states have return successors, (0), 0 states have call predecessors, (0), 0 states have call successors, (0)
[2026-06-06 01:17:48,278 INFO  L88        GeneralOperation]: Finished removeUnreachable. Reduced from 11 states to 11 states and 13 transitions.
[2026-06-06 01:17:48,278 INFO  L545   ParallelNwaCegarLoop]: Main: Refinement done.
[2026-06-06 01:17:48,278 INFO  L464   ParallelNwaCegarLoop]: Checking if program is safe
[2026-06-06 01:17:48,278 INFO  L290                IsEmpty]: Start isEmpty. Operand 11 states and 13 transitions.
[2026-06-06 01:17:48,278 INFO  L300                IsEmpty]: Finished isEmpty. Found accepting run of length 11
[2026-06-06 01:17:48,278 INFO  L199           NwaCegarLoop]: Found error trace
[2026-06-06 01:17:48,278 INFO  L207           NwaCegarLoop]: trace histogram [4, 1, 1, 1, 1, 1, 1]
[2026-06-06 01:17:48,278 INFO  L276   ParallelNwaCegarLoop]: Main: A Thread is Done
[2026-06-06 01:17:48,278 INFO  L294   ParallelNwaCegarLoop]: Worker Automaton Type: FLOYD_HOARE
[2026-06-06 01:17:48,278 INFO  L79                 Accepts]: Start accepts. Automaton has 11 states and 13 transitions. Word has length 9
[2026-06-06 01:17:48,278 INFO  L85                 Accepts]: Finished accepts. word is rejected.
[2026-06-06 01:17:48,278 INFO  L616   ParallelNwaCegarLoop]: Recorded stale counterexample prefix coverage.
[2026-06-06 01:17:48,278 INFO  L296   ParallelNwaCegarLoop]: Refining Abstraction
[2026-06-06 01:17:48,278 INFO  L567   ParallelNwaCegarLoop]: Subtrahend traceHash: -315482807
[2026-06-06 01:17:48,278 INFO  L534   ParallelNwaCegarLoop]: Difference in Main
[2026-06-06 01:17:48,279 INFO  L87              Difference]: Start difference. First operand 11 states and 13 transitions. Second operand  has 6 states, 5 states have (on average 3.4) internal successors, (17), 6 states have internal predecessors, (17), 0 states have call successors, (0), 0 states have call predecessors, (0), 0 states have return successors, (0), 0 states have call predecessors, (0), 0 states have call successors, (0)
[2026-06-06 01:17:48,279 INFO  L144             Difference]: Subtrahend was deterministic. Have not used determinization.
[2026-06-06 01:17:48,279 INFO  L93              Difference]: Finished difference Result 11 states and 13 transitions.
[2026-06-06 01:17:48,279 INFO  L225             Difference]: With dead ends: 11
[2026-06-06 01:17:48,279 INFO  L226             Difference]: Without dead ends: 11
[2026-06-06 01:17:48,279 INFO  L82        GeneralOperation]: Start minimizeSevpa. Operand 11 states.
[2026-06-06 01:17:48,279 INFO  L88        GeneralOperation]: Finished minimizeSevpa. Reduced states from 11 to 11.
[2026-06-06 01:17:48,279 INFO  L82        GeneralOperation]: Start removeUnreachable. Operand  has 11 states, 10 states have (on average 1.3) internal successors, (13), 10 states have internal predecessors, (13), 0 states have call successors, (0), 0 states have call predecessors, (0), 0 states have return successors, (0), 0 states have call predecessors, (0), 0 states have call successors, (0)
[2026-06-06 01:17:48,279 INFO  L88        GeneralOperation]: Finished removeUnreachable. Reduced from 11 states to 11 states and 13 transitions.
[2026-06-06 01:17:48,279 INFO  L545   ParallelNwaCegarLoop]: Main: Refinement done.
[2026-06-06 01:17:48,279 INFO  L464   ParallelNwaCegarLoop]: Checking if program is safe
[2026-06-06 01:17:48,279 INFO  L290                IsEmpty]: Start isEmpty. Operand 11 states and 13 transitions.
[2026-06-06 01:17:48,279 INFO  L300                IsEmpty]: Finished isEmpty. Found accepting run of length 11
[2026-06-06 01:17:48,279 INFO  L199           NwaCegarLoop]: Found error trace
[2026-06-06 01:17:48,279 INFO  L207           NwaCegarLoop]: trace histogram [4, 1, 1, 1, 1, 1, 1]
[2026-06-06 01:17:48,279 INFO  L319   ParallelNwaCegarLoop]: No more worker results to process
[2026-06-06 01:17:48,280 INFO  L290                IsEmpty]: Start isEmpty. Operand 11 states and 13 transitions.
[2026-06-06 01:17:48,280 INFO  L300                IsEmpty]: Finished isEmpty. Found accepting run of length 11
[2026-06-06 01:17:48,280 WARN  L753                IsEmpty]: Correctness of emptinessCheck not tested.
[2026-06-06 01:17:48,280 INFO  L79                 Accepts]: Start accepts. Automaton has 11 states and 13 transitions. Word has length 10
[2026-06-06 01:17:48,280 INFO  L85                 Accepts]: Finished accepts. word is accepted.
[2026-06-06 01:17:48,280 INFO  L757                IsEmpty]: Finished testing correctness of emptinessCheck
[2026-06-06 01:17:48,280 INFO  L880   ParallelNwaCegarLoop]: Found new Counterexample via BFS!
[2026-06-06 01:17:48,280 INFO  L86        PathProgramCache]: Analyzing trace with hash -126441518, now seen corresponding path program 3 times
[2026-06-06 01:17:48,280 INFO  L484   ParallelNwaCegarLoop]: Main: Starting Thread
[2026-06-06 01:17:48,280 INFO  L209   CegarNwaWorkerThread]: Starting Thread: 125# for Trace Check: -126441518
[2026-06-06 01:17:48,280 INFO  L290                IsEmpty]: Start isEmptyParallel. Operand 11 states and 13 transitions.
[2026-06-06 01:17:48,280 INFO  L300                IsEmpty]: Finished isEmptyParallel. No accepting run.
[2026-06-06 01:17:48,280 INFO  L156        IsEmptyParallel]: Start isEmptyParallel. Operand 11 states and 13 transitions.
[2026-06-06 01:17:48,280 INFO  L156       PredicateUnifier]: Initialized classic predicate unifier
[2026-06-06 01:17:48,280 INFO  L182       IsEmptyHeuristic]: Start isEmptyHeuristic. Operand 11 states and 13 transitions.
[2026-06-06 01:17:48,280 INFO  L86        PathProgramCache]: Analyzing trace with hash -126441518, now seen corresponding path program 3 times
[2026-06-06 01:17:48,280 INFO  L118   FreeRefinementEngine]: Executing refinement strategy CAMEL
[2026-06-06 01:17:48,280 INFO  L324   FreeRefinementEngine]: Using trace check IpTcStrategyModuleSmtInterpolCraig [649751167]
[2026-06-06 01:17:48,280 INFO  L95    rtionOrderModulation]: Changing assertion order to OUTSIDE_LOOP_FIRST2
[2026-06-06 01:17:48,280 INFO  L188       IsEmptyHeuristic]: Finished isEmptyHeuristic. Found accepting run of length 13
[2026-06-06 01:17:48,280 INFO  L127          SolverBuilder]: Constructing new instance of SMTInterpol with explicit timeout -1 ms and remaining time -1 ms
[2026-06-06 01:17:48,280 INFO  L163        IsEmptyParallel]: Finished isEmptyParallel. Found accepting run of length 13
[2026-06-06 01:17:48,280 WARN  L753                IsEmpty]: Correctness of emptinessCheck not tested.
[2026-06-06 01:17:48,280 INFO  L79                 Accepts]: Start accepts. Automaton has 11 states and 13 transitions. Word has length 12
[2026-06-06 01:17:48,280 INFO  L85                 Accepts]: Finished accepts. word is accepted.
[2026-06-06 01:17:48,280 INFO  L757                IsEmpty]: Finished testing correctness of emptinessCheck
[2026-06-06 01:17:48,280 INFO  L880   ParallelNwaCegarLoop]: Found new Counterexample via IsEmptyParallel LCPS!
[2026-06-06 01:17:48,280 INFO  L86        PathProgramCache]: Analyzing trace with hash 307754674, now seen corresponding path program 4 times
[2026-06-06 01:17:48,280 INFO  L484   ParallelNwaCegarLoop]: Main: Starting Thread
[2026-06-06 01:17:48,281 INFO  L290                IsEmpty]: Start isEmptyParallel. Operand 11 states and 13 transitions.
[2026-06-06 01:17:48,281 INFO  L300                IsEmpty]: Finished isEmptyParallel. No accepting run.
[2026-06-06 01:17:48,281 INFO  L156        IsEmptyParallel]: Start isEmptyParallel. Operand 11 states and 13 transitions.
[2026-06-06 01:17:48,281 INFO  L209   CegarNwaWorkerThread]: Starting Thread: 80# for Trace Check: 307754674
[2026-06-06 01:17:48,281 INFO  L182       IsEmptyHeuristic]: Start isEmptyHeuristic. Operand 11 states and 13 transitions.
[2026-06-06 01:17:48,281 INFO  L188       IsEmptyHeuristic]: Finished isEmptyHeuristic. Found accepting run of length 12
[2026-06-06 01:17:48,281 INFO  L163        IsEmptyParallel]: Finished isEmptyParallel. Found accepting run of length 12
[2026-06-06 01:17:48,281 WARN  L753                IsEmpty]: Correctness of emptinessCheck not tested.
[2026-06-06 01:17:48,281 INFO  L156       PredicateUnifier]: Initialized classic predicate unifier
[2026-06-06 01:17:48,281 INFO  L79                 Accepts]: Start accepts. Automaton has 11 states and 13 transitions. Word has length 11
[2026-06-06 01:17:48,281 INFO  L86        PathProgramCache]: Analyzing trace with hash 307754674, now seen corresponding path program 4 times
[2026-06-06 01:17:48,281 INFO  L85                 Accepts]: Finished accepts. word is accepted.
[2026-06-06 01:17:48,281 INFO  L757                IsEmpty]: Finished testing correctness of emptinessCheck
[2026-06-06 01:17:48,281 INFO  L880   ParallelNwaCegarLoop]: Found new Counterexample via IsEmptyParallel LCPS!
[2026-06-06 01:17:48,281 INFO  L118   FreeRefinementEngine]: Executing refinement strategy CAMEL
[2026-06-06 01:17:48,281 INFO  L324   FreeRefinementEngine]: Using trace check IpTcStrategyModuleSmtInterpolCraig [768220272]
[2026-06-06 01:17:48,281 INFO  L95    rtionOrderModulation]: Changing assertion order to TERMS_WITH_SMALL_CONSTANTS_FIRST
[2026-06-06 01:17:48,281 INFO  L86        PathProgramCache]: Analyzing trace with hash 423998025, now seen corresponding path program 5 times
[2026-06-06 01:17:48,281 INFO  L484   ParallelNwaCegarLoop]: Main: Starting Thread
[2026-06-06 01:17:48,281 INFO  L209   CegarNwaWorkerThread]: Starting Thread: 173# for Trace Check: 423998025
[2026-06-06 01:17:48,281 INFO  L290                IsEmpty]: Start isEmptyParallel. Operand 11 states and 13 transitions.
[2026-06-06 01:17:48,281 INFO  L300                IsEmpty]: Finished isEmptyParallel. No accepting run.
[2026-06-06 01:17:48,281 INFO  L156        IsEmptyParallel]: Start isEmptyParallel. Operand 11 states and 13 transitions.
[2026-06-06 01:17:48,281 INFO  L127          SolverBuilder]: Constructing new instance of SMTInterpol with explicit timeout -1 ms and remaining time -1 ms
[2026-06-06 01:17:48,281 INFO  L156       PredicateUnifier]: Initialized classic predicate unifier
[2026-06-06 01:17:48,281 INFO  L134       CoverageAnalysis]: Checked inductivity of 7 backedges. 0 proven. 6 refuted. 0 times theorem prover too weak. 1 trivial. 0 not checked.
[2026-06-06 01:17:48,281 INFO  L182       IsEmptyHeuristic]: Start isEmptyHeuristic. Operand 11 states and 13 transitions.
[2026-06-06 01:17:48,281 INFO  L86        PathProgramCache]: Analyzing trace with hash 423998025, now seen corresponding path program 5 times
[2026-06-06 01:17:48,281 INFO  L158   FreeRefinementEngine]: IpTcStrategyModuleZ3 [635687272] provided 0 perfect and 2 imperfect interpolant sequences
[2026-06-06 01:17:48,281 INFO  L185   FreeRefinementEngine]: Found 0 perfect and 3 imperfect interpolant sequences.
[2026-06-06 01:17:48,281 INFO  L118   FreeRefinementEngine]: Executing refinement strategy CAMEL
[2026-06-06 01:17:48,281 INFO  L198   FreeRefinementEngine]: Number of different interpolants: perfect sequences [] imperfect sequences [4, 5, 5] total 9
[2026-06-06 01:17:48,282 INFO  L324   FreeRefinementEngine]: Using trace check IpTcStrategyModuleSmtInterpolCraig [1863637138]
[2026-06-06 01:17:48,281 INFO  L188       IsEmptyHeuristic]: Finished isEmptyHeuristic. Found accepting run of length 13
[2026-06-06 01:17:48,282 INFO  L122   tionRefinementEngine]: Using interpolant automaton builder IpAbStrategyModuleStraightlineAll [1042962666]
[2026-06-06 01:17:48,282 INFO  L95    rtionOrderModulation]: Changing assertion order to INSIDE_LOOP_FIRST1
[2026-06-06 01:17:48,282 INFO  L85    oduleStraightlineAll]: Using 3 imperfect interpolants to construct interpolant automaton
[2026-06-06 01:17:48,282 INFO  L163        IsEmptyParallel]: Finished isEmptyParallel. Found accepting run of length 13
[2026-06-06 01:17:48,282 WARN  L753                IsEmpty]: Correctness of emptinessCheck not tested.
[2026-06-06 01:17:48,282 INFO  L127          SolverBuilder]: Constructing new instance of SMTInterpol with explicit timeout -1 ms and remaining time -1 ms
[2026-06-06 01:17:48,282 INFO  L100   FreeRefinementEngine]: Using predicate unifier PredicateUnifier provided by strategy CAMEL
[2026-06-06 01:17:48,282 INFO  L79                 Accepts]: Start accepts. Automaton has 11 states and 13 transitions. Word has length 12
[2026-06-06 01:17:48,282 INFO  L85                 Accepts]: Finished accepts. word is accepted.
[2026-06-06 01:17:48,282 INFO  L757                IsEmpty]: Finished testing correctness of emptinessCheck
[2026-06-06 01:17:48,282 INFO  L880   ParallelNwaCegarLoop]: Found new Counterexample via IsEmptyParallel LCPS!
[2026-06-06 01:17:48,282 INFO  L86        PathProgramCache]: Analyzing trace with hash -1249003822, now seen corresponding path program 3 times
[2026-06-06 01:17:48,282 INFO  L484   ParallelNwaCegarLoop]: Main: Starting Thread
[2026-06-06 01:17:48,282 INFO  L144   InterpolantAutomaton]: Constructing interpolant automaton starting with 10 interpolants.
[2026-06-06 01:17:48,282 INFO  L290                IsEmpty]: Start isEmptyParallel. Operand 11 states and 13 transitions.
[2026-06-06 01:17:48,282 INFO  L300                IsEmpty]: Finished isEmptyParallel. No accepting run.
[2026-06-06 01:17:48,282 INFO  L209   CegarNwaWorkerThread]: Starting Thread: 113# for Trace Check: -1249003822
[2026-06-06 01:17:48,282 INFO  L156        IsEmptyParallel]: Start isEmptyParallel. Operand 11 states and 13 transitions.
[2026-06-06 01:17:48,282 INFO  L146   InterpolantAutomaton]: CoverageRelationStatistics Valid=29, Invalid=61, Unknown=0, NotChecked=0, Total=90
[2026-06-06 01:17:48,282 INFO  L419   CegarNwaWorkerThread]: Difference in Worker for Generalization
[2026-06-06 01:17:48,282 INFO  L87              Difference]: Start difference. First operand  has 6 states, 5 states have (on average 1.8) internal successors, (9), 5 states have internal predecessors, (9), 0 states have call successors, (0), 0 states have call predecessors, (0), 0 states have return successors, (0), 0 states have call predecessors, (0), 0 states have call successors, (0) Second operand  has 10 states, 10 states have (on average 1.8) internal successors, (18), 9 states have internal predecessors, (18), 0 states have call successors, (0), 0 states have call predecessors, (0), 0 states have return successors, (0), 0 states have call predecessors, (0), 0 states have call successors, (0)
[2026-06-06 01:17:48,282 INFO  L156       PredicateUnifier]: Initialized classic predicate unifier
[2026-06-06 01:17:48,282 INFO  L182       IsEmptyHeuristic]: Start isEmptyHeuristic. Operand 11 states and 13 transitions.
[2026-06-06 01:17:48,282 INFO  L86        PathProgramCache]: Analyzing trace with hash -1249003822, now seen corresponding path program 3 times
[2026-06-06 01:17:48,282 INFO  L118   FreeRefinementEngine]: Executing refinement strategy CAMEL
[2026-06-06 01:17:48,282 INFO  L188       IsEmptyHeuristic]: Finished isEmptyHeuristic. Found accepting run of length 14
[2026-06-06 01:17:48,282 INFO  L324   FreeRefinementEngine]: Using trace check IpTcStrategyModuleSmtInterpolCraig [1603085989]
[2026-06-06 01:17:48,282 INFO  L163        IsEmptyParallel]: Finished isEmptyParallel. Found accepting run of length 14
[2026-06-06 01:17:48,282 INFO  L95    rtionOrderModulation]: Changing assertion order to OUTSIDE_LOOP_FIRST2
[2026-06-06 01:17:48,282 WARN  L753                IsEmpty]: Correctness of emptinessCheck not tested.
[2026-06-06 01:17:48,282 INFO  L127          SolverBuilder]: Constructing new instance of SMTInterpol with explicit timeout -1 ms and remaining time -1 ms
[2026-06-06 01:17:48,283 INFO  L79                 Accepts]: Start accepts. Automaton has 11 states and 13 transitions. Word has length 13
[2026-06-06 01:17:48,283 INFO  L85                 Accepts]: Finished accepts. word is accepted.
[2026-06-06 01:17:48,283 INFO  L757                IsEmpty]: Finished testing correctness of emptinessCheck
[2026-06-06 01:17:48,283 INFO  L880   ParallelNwaCegarLoop]: Found new Counterexample via IsEmptyParallel LCPS!
[2026-06-06 01:17:48,283 INFO  L86        PathProgramCache]: Analyzing trace with hash -557580407, now seen corresponding path program 4 times
[2026-06-06 01:17:48,283 INFO  L484   ParallelNwaCegarLoop]: Main: Starting Thread
[2026-06-06 01:17:48,283 INFO  L209   CegarNwaWorkerThread]: Starting Thread: 137# for Trace Check: -557580407
[2026-06-06 01:17:48,283 INFO  L290                IsEmpty]: Start isEmptyParallel. Operand 11 states and 13 transitions.
[2026-06-06 01:17:48,283 INFO  L300                IsEmpty]: Finished isEmptyParallel. No accepting run.
[2026-06-06 01:17:48,283 INFO  L156        IsEmptyParallel]: Start isEmptyParallel. Operand 11 states and 13 transitions.
[2026-06-06 01:17:48,283 INFO  L156       PredicateUnifier]: Initialized classic predicate unifier
[2026-06-06 01:17:48,283 INFO  L86        PathProgramCache]: Analyzing trace with hash -557580407, now seen corresponding path program 4 times
[2026-06-06 01:17:48,283 INFO  L118   FreeRefinementEngine]: Executing refinement strategy CAMEL
[2026-06-06 01:17:48,283 INFO  L324   FreeRefinementEngine]: Using trace check IpTcStrategyModuleSmtInterpolCraig [1725040908]
[2026-06-06 01:17:48,283 INFO  L95    rtionOrderModulation]: Changing assertion order to TERMS_WITH_SMALL_CONSTANTS_FIRST
[2026-06-06 01:17:48,283 INFO  L127          SolverBuilder]: Constructing new instance of SMTInterpol with explicit timeout -1 ms and remaining time -1 ms
[2026-06-06 01:17:48,283 INFO  L182       IsEmptyHeuristic]: Start isEmptyHeuristic. Operand 11 states and 13 transitions.
[2026-06-06 01:17:48,284 INFO  L188       IsEmptyHeuristic]: Finished isEmptyHeuristic. Found accepting run of length 14
[2026-06-06 01:17:48,284 INFO  L163        IsEmptyParallel]: Finished isEmptyParallel. Found accepting run of length 14
[2026-06-06 01:17:48,284 WARN  L753                IsEmpty]: Correctness of emptinessCheck not tested.
[2026-06-06 01:17:48,284 INFO  L79                 Accepts]: Start accepts. Automaton has 11 states and 13 transitions. Word has length 13
[2026-06-06 01:17:48,284 INFO  L85                 Accepts]: Finished accepts. word is accepted.
[2026-06-06 01:17:48,284 INFO  L757                IsEmpty]: Finished testing correctness of emptinessCheck
[2026-06-06 01:17:48,284 INFO  L880   ParallelNwaCegarLoop]: Found new Counterexample via IsEmptyParallel LCPS!
[2026-06-06 01:17:48,284 INFO  L86        PathProgramCache]: Analyzing trace with hash -130837246, now seen corresponding path program 5 times
[2026-06-06 01:17:48,284 INFO  L484   ParallelNwaCegarLoop]: Main: Starting Thread
[2026-06-06 01:17:48,284 INFO  L209   CegarNwaWorkerThread]: Starting Thread: 107# for Trace Check: -130837246
[2026-06-06 01:17:48,284 INFO  L290                IsEmpty]: Start isEmptyParallel. Operand 11 states and 13 transitions.
[2026-06-06 01:17:48,284 INFO  L300                IsEmpty]: Finished isEmptyParallel. No accepting run.
[2026-06-06 01:17:48,284 INFO  L156        IsEmptyParallel]: Start isEmptyParallel. Operand 11 states and 13 transitions.
[2026-06-06 01:17:48,284 INFO  L156       PredicateUnifier]: Initialized classic predicate unifier
[2026-06-06 01:17:48,284 INFO  L86        PathProgramCache]: Analyzing trace with hash -130837246, now seen corresponding path program 5 times
[2026-06-06 01:17:48,284 INFO  L182       IsEmptyHeuristic]: Start isEmptyHeuristic. Operand 11 states and 13 transitions.
[2026-06-06 01:17:48,284 INFO  L118   FreeRefinementEngine]: Executing refinement strategy CAMEL
[2026-06-06 01:17:48,284 INFO  L324   FreeRefinementEngine]: Using trace check IpTcStrategyModuleSmtInterpolCraig [229417333]
[2026-06-06 01:17:48,284 INFO  L95    rtionOrderModulation]: Changing assertion order to INSIDE_LOOP_FIRST1
[2026-06-06 01:17:48,284 INFO  L127          SolverBuilder]: Constructing new instance of SMTInterpol with explicit timeout -1 ms and remaining time -1 ms
[2026-06-06 01:17:48,284 INFO  L188       IsEmptyHeuristic]: Finished isEmptyHeuristic. Found accepting run of length 15
[2026-06-06 01:17:48,285 INFO  L163        IsEmptyParallel]: Finished isEmptyParallel. Found accepting run of length 15
[2026-06-06 01:17:48,285 WARN  L753                IsEmpty]: Correctness of emptinessCheck not tested.
[2026-06-06 01:17:48,285 INFO  L79                 Accepts]: Start accepts. Automaton has 11 states and 13 transitions. Word has length 14
[2026-06-06 01:17:48,285 INFO  L85                 Accepts]: Finished accepts. word is accepted.
[2026-06-06 01:17:48,285 INFO  L757                IsEmpty]: Finished testing correctness of emptinessCheck
[2026-06-06 01:17:48,285 INFO  L880   ParallelNwaCegarLoop]: Found new Counterexample via IsEmptyParallel LCPS!
[2026-06-06 01:17:48,285 INFO  L86        PathProgramCache]: Analyzing trace with hash 958467474, now seen corresponding path program 6 times
[2026-06-06 01:17:48,285 INFO  L484   ParallelNwaCegarLoop]: Main: Starting Thread
[2026-06-06 01:17:48,285 INFO  L290                IsEmpty]: Start isEmptyParallel. Operand 11 states and 13 transitions.
[2026-06-06 01:17:48,285 INFO  L300                IsEmpty]: Finished isEmptyParallel. No accepting run.
[2026-06-06 01:17:48,285 INFO  L156        IsEmptyParallel]: Start isEmptyParallel. Operand 11 states and 13 transitions.
[2026-06-06 01:17:48,285 INFO  L209   CegarNwaWorkerThread]: Starting Thread: 155# for Trace Check: 958467474
[2026-06-06 01:17:48,285 INFO  L182       IsEmptyHeuristic]: Start isEmptyHeuristic. Operand 11 states and 13 transitions.
[2026-06-06 01:17:48,285 INFO  L156       PredicateUnifier]: Initialized classic predicate unifier
[2026-06-06 01:17:48,285 INFO  L86        PathProgramCache]: Analyzing trace with hash 958467474, now seen corresponding path program 6 times
[2026-06-06 01:17:48,285 INFO  L188       IsEmptyHeuristic]: Finished isEmptyHeuristic. Found accepting run of length 14
[2026-06-06 01:17:48,285 INFO  L118   FreeRefinementEngine]: Executing refinement strategy CAMEL
[2026-06-06 01:17:48,285 INFO  L163        IsEmptyParallel]: Finished isEmptyParallel. Found accepting run of length 14
[2026-06-06 01:17:48,285 WARN  L753                IsEmpty]: Correctness of emptinessCheck not tested.
[2026-06-06 01:17:48,285 INFO  L324   FreeRefinementEngine]: Using trace check IpTcStrategyModuleSmtInterpolCraig [318454755]
[2026-06-06 01:17:48,285 INFO  L95    rtionOrderModulation]: Changing assertion order to MIX_INSIDE_OUTSIDE
[2026-06-06 01:17:48,285 INFO  L79                 Accepts]: Start accepts. Automaton has 11 states and 13 transitions. Word has length 13
[2026-06-06 01:17:48,285 INFO  L127          SolverBuilder]: Constructing new instance of SMTInterpol with explicit timeout -1 ms and remaining time -1 ms
[2026-06-06 01:17:48,285 INFO  L85                 Accepts]: Finished accepts. word is accepted.
[2026-06-06 01:17:48,285 INFO  L757                IsEmpty]: Finished testing correctness of emptinessCheck
[2026-06-06 01:17:48,285 INFO  L880   ParallelNwaCegarLoop]: Found new Counterexample via IsEmptyParallel LCPS!
[2026-06-06 01:17:48,285 INFO  L86        PathProgramCache]: Analyzing trace with hash -66488686, now seen corresponding path program 6 times
[2026-06-06 01:17:48,286 INFO  L484   ParallelNwaCegarLoop]: Main: Starting Thread
[2026-06-06 01:17:48,286 INFO  L209   CegarNwaWorkerThread]: Starting Thread: 101# for Trace Check: -66488686
[2026-06-06 01:17:48,286 INFO  L290                IsEmpty]: Start isEmptyParallel. Operand 11 states and 13 transitions.
[2026-06-06 01:17:48,286 INFO  L300                IsEmpty]: Finished isEmptyParallel. No accepting run.
[2026-06-06 01:17:48,286 INFO  L156        IsEmptyParallel]: Start isEmptyParallel. Operand 11 states and 13 transitions.
[2026-06-06 01:17:48,286 INFO  L108    AnnotateAndAsserter]: Assert order OUTSIDE_LOOP_FIRST2 partitioned 10 statements into 3 equivalence classes.
[2026-06-06 01:17:48,286 INFO  L156       PredicateUnifier]: Initialized classic predicate unifier
[2026-06-06 01:17:48,286 INFO  L86        PathProgramCache]: Analyzing trace with hash -66488686, now seen corresponding path program 6 times
[2026-06-06 01:17:48,286 INFO  L118   FreeRefinementEngine]: Executing refinement strategy CAMEL
[2026-06-06 01:17:48,286 INFO  L324   FreeRefinementEngine]: Using trace check IpTcStrategyModuleSmtInterpolCraig [1328317784]
[2026-06-06 01:17:48,286 INFO  L95    rtionOrderModulation]: Changing assertion order to MIX_INSIDE_OUTSIDE
[2026-06-06 01:17:48,286 INFO  L182       IsEmptyHeuristic]: Start isEmptyHeuristic. Operand 11 states and 13 transitions.
[2026-06-06 01:17:48,286 INFO  L127          SolverBuilder]: Constructing new instance of SMTInterpol with explicit timeout -1 ms and remaining time -1 ms
[2026-06-06 01:17:48,286 INFO  L188       IsEmptyHeuristic]: Finished isEmptyHeuristic. Found accepting run of length 15
[2026-06-06 01:17:48,286 INFO  L163        IsEmptyParallel]: Finished isEmptyParallel. Found accepting run of length 15
[2026-06-06 01:17:48,286 WARN  L753                IsEmpty]: Correctness of emptinessCheck not tested.
[2026-06-06 01:17:48,286 INFO  L79                 Accepts]: Start accepts. Automaton has 11 states and 13 transitions. Word has length 14
[2026-06-06 01:17:48,286 INFO  L85                 Accepts]: Finished accepts. word is accepted.
[2026-06-06 01:17:48,286 INFO  L757                IsEmpty]: Finished testing correctness of emptinessCheck
[2026-06-06 01:17:48,286 INFO  L880   ParallelNwaCegarLoop]: Found new Counterexample via IsEmptyParallel LCPS!
[2026-06-06 01:17:48,286 INFO  L86        PathProgramCache]: Analyzing trace with hash -171547861, now seen corresponding path program 7 times
[2026-06-06 01:17:48,286 INFO  L484   ParallelNwaCegarLoop]: Main: Starting Thread
[2026-06-06 01:17:48,286 INFO  L290                IsEmpty]: Start isEmptyParallel. Operand 11 states and 13 transitions.
[2026-06-06 01:17:48,286 INFO  L209   CegarNwaWorkerThread]: Starting Thread: 149# for Trace Check: -171547861
[2026-06-06 01:17:48,286 INFO  L300                IsEmpty]: Finished isEmptyParallel. No accepting run.
[2026-06-06 01:17:48,287 INFO  L156        IsEmptyParallel]: Start isEmptyParallel. Operand 11 states and 13 transitions.
[2026-06-06 01:17:48,287 INFO  L156       PredicateUnifier]: Initialized classic predicate unifier
[2026-06-06 01:17:48,287 INFO  L86        PathProgramCache]: Analyzing trace with hash -171547861, now seen corresponding path program 7 times
[2026-06-06 01:17:48,287 INFO  L182       IsEmptyHeuristic]: Start isEmptyHeuristic. Operand 11 states and 13 transitions.
[2026-06-06 01:17:48,287 INFO  L118   FreeRefinementEngine]: Executing refinement strategy CAMEL
[2026-06-06 01:17:48,287 INFO  L324   FreeRefinementEngine]: Using trace check IpTcStrategyModuleSmtInterpolCraig [1884802798]
[2026-06-06 01:17:48,287 INFO  L95    rtionOrderModulation]: Changing assertion order to NOT_INCREMENTALLY
[2026-06-06 01:17:48,287 INFO  L127          SolverBuilder]: Constructing new instance of SMTInterpol with explicit timeout -1 ms and remaining time -1 ms
[2026-06-06 01:17:48,287 INFO  L188       IsEmptyHeuristic]: Finished isEmptyHeuristic. Found accepting run of length 15
[2026-06-06 01:17:48,287 INFO  L108    AnnotateAndAsserter]: Assert order INSIDE_LOOP_FIRST1 partitioned 11 statements into 4 equivalence classes.
[2026-06-06 01:17:48,287 INFO  L163        IsEmptyParallel]: Finished isEmptyParallel. Found accepting run of length 15
[2026-06-06 01:17:48,288 WARN  L753                IsEmpty]: Correctness of emptinessCheck not tested.
[2026-06-06 01:17:48,288 INFO  L79                 Accepts]: Start accepts. Automaton has 11 states and 13 transitions. Word has length 14
[2026-06-06 01:17:48,288 INFO  L85                 Accepts]: Finished accepts. word is accepted.
[2026-06-06 01:17:48,288 INFO  L757                IsEmpty]: Finished testing correctness of emptinessCheck
[2026-06-06 01:17:48,288 INFO  L880   ParallelNwaCegarLoop]: Found new Counterexample via IsEmptyParallel LCPS!
[2026-06-06 01:17:48,288 INFO  L86        PathProgramCache]: Analyzing trace with hash 236936802, now seen corresponding path program 7 times
[2026-06-06 01:17:48,288 INFO  L484   ParallelNwaCegarLoop]: Main: Starting Thread
[2026-06-06 01:17:48,288 INFO  L290                IsEmpty]: Start isEmptyParallel. Operand 11 states and 13 transitions.
[2026-06-06 01:17:48,288 INFO  L300                IsEmpty]: Finished isEmptyParallel. No accepting run.
[2026-06-06 01:17:48,288 INFO  L156        IsEmptyParallel]: Start isEmptyParallel. Operand 11 states and 13 transitions.
[2026-06-06 01:17:48,288 INFO  L209   CegarNwaWorkerThread]: Starting Thread: 131# for Trace Check: 236936802
[2026-06-06 01:17:48,288 INFO  L182       IsEmptyHeuristic]: Start isEmptyHeuristic. Operand 11 states and 13 transitions.
[2026-06-06 01:17:48,288 INFO  L156       PredicateUnifier]: Initialized classic predicate unifier
[2026-06-06 01:17:48,288 INFO  L86        PathProgramCache]: Analyzing trace with hash 236936802, now seen corresponding path program 7 times
[2026-06-06 01:17:48,288 INFO  L118   FreeRefinementEngine]: Executing refinement strategy CAMEL
[2026-06-06 01:17:48,288 INFO  L324   FreeRefinementEngine]: Using trace check IpTcStrategyModuleSmtInterpolCraig [839579072]
[2026-06-06 01:17:48,288 INFO  L188       IsEmptyHeuristic]: Finished isEmptyHeuristic. Found accepting run of length 15
[2026-06-06 01:17:48,288 INFO  L95    rtionOrderModulation]: Changing assertion order to NOT_INCREMENTALLY
[2026-06-06 01:17:48,288 INFO  L163        IsEmptyParallel]: Finished isEmptyParallel. Found accepting run of length 15
[2026-06-06 01:17:48,288 INFO  L127          SolverBuilder]: Constructing new instance of SMTInterpol with explicit timeout -1 ms and remaining time -1 ms
[2026-06-06 01:17:48,288 WARN  L753                IsEmpty]: Correctness of emptinessCheck not tested.
[2026-06-06 01:17:48,289 INFO  L79                 Accepts]: Start accepts. Automaton has 11 states and 13 transitions. Word has length 14
[2026-06-06 01:17:48,289 INFO  L85                 Accepts]: Finished accepts. word is accepted.
[2026-06-06 01:17:48,289 INFO  L757                IsEmpty]: Finished testing correctness of emptinessCheck
[2026-06-06 01:17:48,289 INFO  L880   ParallelNwaCegarLoop]: Found new Counterexample via IsEmptyParallel LCPS!
[2026-06-06 01:17:48,289 INFO  L86        PathProgramCache]: Analyzing trace with hash -598291022, now seen corresponding path program 8 times
[2026-06-06 01:17:48,289 INFO  L484   ParallelNwaCegarLoop]: Main: Starting Thread
[2026-06-06 01:17:48,289 INFO  L290                IsEmpty]: Start isEmptyParallel. Operand 11 states and 13 transitions.
[2026-06-06 01:17:48,289 INFO  L300                IsEmpty]: Finished isEmptyParallel. No accepting run.
[2026-06-06 01:17:48,289 INFO  L156        IsEmptyParallel]: Start isEmptyParallel. Operand 11 states and 13 transitions.
[2026-06-06 01:17:48,289 INFO  L209   CegarNwaWorkerThread]: Starting Thread: 86# for Trace Check: -598291022
[2026-06-06 01:17:48,289 INFO  L182       IsEmptyHeuristic]: Start isEmptyHeuristic. Operand 11 states and 13 transitions.
[2026-06-06 01:17:48,289 INFO  L156       PredicateUnifier]: Initialized classic predicate unifier
[2026-06-06 01:17:48,289 INFO  L188       IsEmptyHeuristic]: Finished isEmptyHeuristic. Found accepting run of length 12
[2026-06-06 01:17:48,289 INFO  L86        PathProgramCache]: Analyzing trace with hash -598291022, now seen corresponding path program 8 times
[2026-06-06 01:17:48,289 INFO  L163        IsEmptyParallel]: Finished isEmptyParallel. Found accepting run of length 12
[2026-06-06 01:17:48,289 WARN  L753                IsEmpty]: Correctness of emptinessCheck not tested.
[2026-06-06 01:17:48,289 INFO  L118   FreeRefinementEngine]: Executing refinement strategy CAMEL
[2026-06-06 01:17:48,290 INFO  L79                 Accepts]: Start accepts. Automaton has 11 states and 13 transitions. Word has length 11
[2026-06-06 01:17:48,290 INFO  L324   FreeRefinementEngine]: Using trace check IpTcStrategyModuleSmtInterpolCraig [1498340983]
[2026-06-06 01:17:48,290 INFO  L95    rtionOrderModulation]: Changing assertion order to OUTSIDE_LOOP_FIRST1
[2026-06-06 01:17:48,290 INFO  L127          SolverBuilder]: Constructing new instance of SMTInterpol with explicit timeout -1 ms and remaining time -1 ms
[2026-06-06 01:17:48,290 INFO  L108    AnnotateAndAsserter]: Assert order TERMS_WITH_SMALL_CONSTANTS_FIRST partitioned 12 statements into 2 equivalence classes.
[2026-06-06 01:17:48,290 INFO  L85                 Accepts]: Finished accepts. word is accepted.
[2026-06-06 01:17:48,290 INFO  L757                IsEmpty]: Finished testing correctness of emptinessCheck
[2026-06-06 01:17:48,290 INFO  L880   ParallelNwaCegarLoop]: Found new Counterexample via IsEmptyParallel LCPS!
[2026-06-06 01:17:48,290 INFO  L86        PathProgramCache]: Analyzing trace with hash 375349322, now seen corresponding path program 9 times
[2026-06-06 01:17:48,290 INFO  L484   ParallelNwaCegarLoop]: Main: Starting Thread
[2026-06-06 01:17:48,290 INFO  L290                IsEmpty]: Start isEmptyParallel. Operand 11 states and 13 transitions.
[2026-06-06 01:17:48,290 INFO  L300                IsEmpty]: Finished isEmptyParallel. No accepting run.
[2026-06-06 01:17:48,290 INFO  L156        IsEmptyParallel]: Start isEmptyParallel. Operand 11 states and 13 transitions.
[2026-06-06 01:17:48,291 INFO  L209   CegarNwaWorkerThread]: Starting Thread: 119# for Trace Check: 375349322
[2026-06-06 01:17:48,291 INFO  L156       PredicateUnifier]: Initialized classic predicate unifier
[2026-06-06 01:17:48,291 INFO  L86        PathProgramCache]: Analyzing trace with hash 375349322, now seen corresponding path program 9 times
[2026-06-06 01:17:48,291 INFO  L118   FreeRefinementEngine]: Executing refinement strategy CAMEL
[2026-06-06 01:17:48,291 INFO  L108    AnnotateAndAsserter]: Assert order TERMS_WITH_SMALL_CONSTANTS_FIRST partitioned 13 statements into 2 equivalence classes.
[2026-06-06 01:17:48,291 INFO  L324   FreeRefinementEngine]: Using trace check IpTcStrategyModuleSmtInterpolCraig [1644375638]
[2026-06-06 01:17:48,291 INFO  L95    rtionOrderModulation]: Changing assertion order to OUTSIDE_LOOP_FIRST2
[2026-06-06 01:17:48,291 INFO  L182       IsEmptyHeuristic]: Start isEmptyHeuristic. Operand 11 states and 13 transitions.
[2026-06-06 01:17:48,291 INFO  L108    AnnotateAndAsserter]: Assert order OUTSIDE_LOOP_FIRST2 partitioned 12 statements into 3 equivalence classes.
[2026-06-06 01:17:48,291 INFO  L127          SolverBuilder]: Constructing new instance of SMTInterpol with explicit timeout -1 ms and remaining time -1 ms
[2026-06-06 01:17:48,291 INFO  L188       IsEmptyHeuristic]: Finished isEmptyHeuristic. Found accepting run of length 15
[2026-06-06 01:17:48,291 INFO  L163        IsEmptyParallel]: Finished isEmptyParallel. Found accepting run of length 15
[2026-06-06 01:17:48,291 WARN  L753                IsEmpty]: Correctness of emptinessCheck not tested.
[2026-06-06 01:17:48,291 INFO  L79                 Accepts]: Start accepts. Automaton has 11 states and 13 transitions. Word has length 14
[2026-06-06 01:17:48,291 INFO  L85                 Accepts]: Finished accepts. word is accepted.
[2026-06-06 01:17:48,291 INFO  L757                IsEmpty]: Finished testing correctness of emptinessCheck
[2026-06-06 01:17:48,291 INFO  L880   ParallelNwaCegarLoop]: Found new Counterexample via IsEmptyParallel LCPS!
[2026-06-06 01:17:48,292 INFO  L86        PathProgramCache]: Analyzing trace with hash -107199301, now seen corresponding path program 10 times
[2026-06-06 01:17:48,292 INFO  L484   ParallelNwaCegarLoop]: Main: Starting Thread
[2026-06-06 01:17:48,292 INFO  L290                IsEmpty]: Start isEmptyParallel. Operand 11 states and 13 transitions.
[2026-06-06 01:17:48,292 INFO  L300                IsEmpty]: Finished isEmptyParallel. No accepting run.
[2026-06-06 01:17:48,292 INFO  L209   CegarNwaWorkerThread]: Starting Thread: 95# for Trace Check: -107199301
[2026-06-06 01:17:48,292 INFO  L156        IsEmptyParallel]: Start isEmptyParallel. Operand 11 states and 13 transitions.
[2026-06-06 01:17:48,292 INFO  L156       PredicateUnifier]: Initialized classic predicate unifier
[2026-06-06 01:17:48,292 INFO  L86        PathProgramCache]: Analyzing trace with hash -107199301, now seen corresponding path program 10 times
[2026-06-06 01:17:48,292 INFO  L108    AnnotateAndAsserter]: Assert order INSIDE_LOOP_FIRST1 partitioned 13 statements into 3 equivalence classes.
[2026-06-06 01:17:48,292 INFO  L118   FreeRefinementEngine]: Executing refinement strategy CAMEL
[2026-06-06 01:17:48,292 INFO  L111    AnnotateAndAsserter]: Assert order OUTSIDE_LOOP_FIRST2 issued 2 check-sat command(s) and asserted 8 of 10 statements.
[2026-06-06 01:17:48,292 INFO  L324   FreeRefinementEngine]: Using trace check IpTcStrategyModuleSmtInterpolCraig [1302272369]
[2026-06-06 01:17:48,292 INFO  L114    AnnotateAndAsserter]: Assert order OUTSIDE_LOOP_FIRST2 issued 2 check-sat command(s)
[2026-06-06 01:17:48,292 INFO  L115    AnnotateAndAsserter]: Conjunction of SSA is unsat
[2026-06-06 01:17:48,292 INFO  L95    rtionOrderModulation]: Changing assertion order to TERMS_WITH_SMALL_CONSTANTS_FIRST
[2026-06-06 01:17:48,292 INFO  L127          SolverBuilder]: Constructing new instance of SMTInterpol with explicit timeout -1 ms and remaining time -1 ms
[2026-06-06 01:17:48,293 INFO  L182       IsEmptyHeuristic]: Start isEmptyHeuristic. Operand 11 states and 13 transitions.
[2026-06-06 01:17:48,293 INFO  L188       IsEmptyHeuristic]: Finished isEmptyHeuristic. Found accepting run of length 13
[2026-06-06 01:17:48,293 INFO  L163        IsEmptyParallel]: Finished isEmptyParallel. Found accepting run of length 13
[2026-06-06 01:17:48,293 WARN  L753                IsEmpty]: Correctness of emptinessCheck not tested.
[2026-06-06 01:17:48,293 INFO  L79                 Accepts]: Start accepts. Automaton has 11 states and 13 transitions. Word has length 12
[2026-06-06 01:17:48,293 INFO  L85                 Accepts]: Finished accepts. word is accepted.
[2026-06-06 01:17:48,294 INFO  L757                IsEmpty]: Finished testing correctness of emptinessCheck
[2026-06-06 01:17:48,294 INFO  L880   ParallelNwaCegarLoop]: Found new Counterexample via IsEmptyParallel LCPS!
[2026-06-06 01:17:48,294 INFO  L86        PathProgramCache]: Analyzing trace with hash -1251148774, now seen corresponding path program 8 times
[2026-06-06 01:17:48,294 INFO  L484   ParallelNwaCegarLoop]: Main: Starting Thread
[2026-06-06 01:17:48,294 INFO  L266   ParallelNwaCegarLoop]: === Iteration 3 ===
[2026-06-06 01:17:48,294 INFO  L501   ParallelNwaCegarLoop]: All threads busy, going to sleep.
[2026-06-06 01:17:48,294 INFO  L209   CegarNwaWorkerThread]: Starting Thread: 161# for Trace Check: -1251148774
[2026-06-06 01:17:48,294 INFO  L156       PredicateUnifier]: Initialized classic predicate unifier
[2026-06-06 01:17:48,294 INFO  L86        PathProgramCache]: Analyzing trace with hash -1251148774, now seen corresponding path program 8 times
[2026-06-06 01:17:48,294 INFO  L118   FreeRefinementEngine]: Executing refinement strategy CAMEL
[2026-06-06 01:17:48,294 INFO  L324   FreeRefinementEngine]: Using trace check IpTcStrategyModuleSmtInterpolCraig [167658139]
[2026-06-06 01:17:48,294 INFO  L95    rtionOrderModulation]: Changing assertion order to OUTSIDE_LOOP_FIRST1
[2026-06-06 01:17:48,294 INFO  L127          SolverBuilder]: Constructing new instance of SMTInterpol with explicit timeout -1 ms and remaining time -1 ms
[2026-06-06 01:17:48,295 INFO  L111    AnnotateAndAsserter]: Assert order TERMS_WITH_SMALL_CONSTANTS_FIRST issued 1 check-sat command(s) and asserted 12 of 12 statements.
[2026-06-06 01:17:48,295 INFO  L114    AnnotateAndAsserter]: Assert order TERMS_WITH_SMALL_CONSTANTS_FIRST issued 1 check-sat command(s)
[2026-06-06 01:17:48,295 INFO  L115    AnnotateAndAsserter]: Conjunction of SSA is unsat
[2026-06-06 01:17:48,296 INFO  L108    AnnotateAndAsserter]: Assert order MIX_INSIDE_OUTSIDE partitioned 14 statements into 5 equivalence classes.
[2026-06-06 01:17:48,296 INFO  L108    AnnotateAndAsserter]: Assert order MIX_INSIDE_OUTSIDE partitioned 13 statements into 3 equivalence classes.
[2026-06-06 01:17:48,296 INFO  L111    AnnotateAndAsserter]: Assert order INSIDE_LOOP_FIRST1 issued 4 check-sat command(s) and asserted 11 of 11 statements.
[2026-06-06 01:17:48,296 INFO  L114    AnnotateAndAsserter]: Assert order INSIDE_LOOP_FIRST1 issued 4 check-sat command(s)
[2026-06-06 01:17:48,296 INFO  L115    AnnotateAndAsserter]: Conjunction of SSA is unsat
[2026-06-06 01:17:48,296 INFO  L111    AnnotateAndAsserter]: Assert order OUTSIDE_LOOP_FIRST2 issued 2 check-sat command(s) and asserted 8 of 12 statements.
[2026-06-06 01:17:48,297 INFO  L114    AnnotateAndAsserter]: Assert order OUTSIDE_LOOP_FIRST2 issued 2 check-sat command(s)
[2026-06-06 01:17:48,297 INFO  L115    AnnotateAndAsserter]: Conjunction of SSA is unsat
[2026-06-06 01:17:48,298 INFO  L111    AnnotateAndAsserter]: Assert order INSIDE_LOOP_FIRST1 issued 2 check-sat command(s) and asserted 9 of 13 statements.
[2026-06-06 01:17:48,298 INFO  L114    AnnotateAndAsserter]: Assert order INSIDE_LOOP_FIRST1 issued 2 check-sat command(s)
[2026-06-06 01:17:48,298 INFO  L115    AnnotateAndAsserter]: Conjunction of SSA is unsat
[2026-06-06 01:17:48,298 INFO  L108    AnnotateAndAsserter]: Assert order NOT_INCREMENTALLY partitioned 14 statements into 1 equivalence classes.
[2026-06-06 01:17:48,299 INFO  L108    AnnotateAndAsserter]: Assert order OUTSIDE_LOOP_FIRST2 partitioned 11 statements into 3 equivalence classes.
[2026-06-06 01:17:48,299 INFO  L111    AnnotateAndAsserter]: Assert order TERMS_WITH_SMALL_CONSTANTS_FIRST issued 1 check-sat command(s) and asserted 13 of 13 statements.
[2026-06-06 01:17:48,299 INFO  L114    AnnotateAndAsserter]: Assert order TERMS_WITH_SMALL_CONSTANTS_FIRST issued 1 check-sat command(s)
[2026-06-06 01:17:48,299 INFO  L115    AnnotateAndAsserter]: Conjunction of SSA is unsat
[2026-06-06 01:17:48,299 INFO  L108    AnnotateAndAsserter]: Assert order OUTSIDE_LOOP_FIRST1 partitioned 14 statements into 2 equivalence classes.
[2026-06-06 01:17:48,299 INFO  L108    AnnotateAndAsserter]: Assert order NOT_INCREMENTALLY partitioned 14 statements into 1 equivalence classes.
[2026-06-06 01:17:48,301 INFO  L108    AnnotateAndAsserter]: Assert order TERMS_WITH_SMALL_CONSTANTS_FIRST partitioned 14 statements into 2 equivalence classes.
[2026-06-06 01:17:48,302 INFO  L108    AnnotateAndAsserter]: Assert order OUTSIDE_LOOP_FIRST1 partitioned 12 statements into 2 equivalence classes.
[2026-06-06 01:17:48,303 INFO  L111    AnnotateAndAsserter]: Assert order MIX_INSIDE_OUTSIDE issued 3 check-sat command(s) and asserted 10 of 14 statements.
[2026-06-06 01:17:48,303 INFO  L114    AnnotateAndAsserter]: Assert order MIX_INSIDE_OUTSIDE issued 3 check-sat command(s)
[2026-06-06 01:17:48,303 INFO  L115    AnnotateAndAsserter]: Conjunction of SSA is unsat
[2026-06-06 01:17:48,304 INFO  L111    AnnotateAndAsserter]: Assert order OUTSIDE_LOOP_FIRST2 issued 2 check-sat command(s) and asserted 8 of 11 statements.
[2026-06-06 01:17:48,304 INFO  L114    AnnotateAndAsserter]: Assert order OUTSIDE_LOOP_FIRST2 issued 2 check-sat command(s)
[2026-06-06 01:17:48,304 INFO  L115    AnnotateAndAsserter]: Conjunction of SSA is unsat
[2026-06-06 01:17:48,308 INFO  L111    AnnotateAndAsserter]: Assert order NOT_INCREMENTALLY issued 1 check-sat command(s) and asserted 14 of 14 statements.
[2026-06-06 01:17:48,308 INFO  L114    AnnotateAndAsserter]: Assert order NOT_INCREMENTALLY issued 1 check-sat command(s)
[2026-06-06 01:17:48,308 INFO  L115    AnnotateAndAsserter]: Conjunction of SSA is unsat
[2026-06-06 01:17:48,309 INFO  L111    AnnotateAndAsserter]: Assert order OUTSIDE_LOOP_FIRST1 issued 2 check-sat command(s) and asserted 14 of 14 statements.
[2026-06-06 01:17:48,309 INFO  L114    AnnotateAndAsserter]: Assert order OUTSIDE_LOOP_FIRST1 issued 2 check-sat command(s)
[2026-06-06 01:17:48,309 INFO  L115    AnnotateAndAsserter]: Conjunction of SSA is unsat
[2026-06-06 01:17:48,310 INFO  L111    AnnotateAndAsserter]: Assert order MIX_INSIDE_OUTSIDE issued 3 check-sat command(s) and asserted 13 of 13 statements.
[2026-06-06 01:17:48,310 INFO  L114    AnnotateAndAsserter]: Assert order MIX_INSIDE_OUTSIDE issued 3 check-sat command(s)
[2026-06-06 01:17:48,310 INFO  L115    AnnotateAndAsserter]: Conjunction of SSA is unsat
[2026-06-06 01:17:48,310 INFO  L111    AnnotateAndAsserter]: Assert order NOT_INCREMENTALLY issued 1 check-sat command(s) and asserted 14 of 14 statements.
[2026-06-06 01:17:48,310 INFO  L114    AnnotateAndAsserter]: Assert order NOT_INCREMENTALLY issued 1 check-sat command(s)
[2026-06-06 01:17:48,310 INFO  L115    AnnotateAndAsserter]: Conjunction of SSA is unsat
[2026-06-06 01:17:48,311 INFO  L111    AnnotateAndAsserter]: Assert order OUTSIDE_LOOP_FIRST1 issued 2 check-sat command(s) and asserted 12 of 12 statements.
[2026-06-06 01:17:48,311 INFO  L114    AnnotateAndAsserter]: Assert order OUTSIDE_LOOP_FIRST1 issued 2 check-sat command(s)
[2026-06-06 01:17:48,311 INFO  L115    AnnotateAndAsserter]: Conjunction of SSA is unsat
[2026-06-06 01:17:48,311 INFO  L111    AnnotateAndAsserter]: Assert order TERMS_WITH_SMALL_CONSTANTS_FIRST issued 1 check-sat command(s) and asserted 14 of 14 statements.
[2026-06-06 01:17:48,311 INFO  L114    AnnotateAndAsserter]: Assert order TERMS_WITH_SMALL_CONSTANTS_FIRST issued 1 check-sat command(s)
[2026-06-06 01:17:48,311 INFO  L115    AnnotateAndAsserter]: Conjunction of SSA is unsat
[2026-06-06 01:17:48,337 INFO  L144             Difference]: Subtrahend was deterministic. Have not used determinization.
[2026-06-06 01:17:48,337 INFO  L93              Difference]: Finished difference Result 15 states and 19 transitions.
[2026-06-06 01:17:48,337 INFO  L140   InterpolantAutomaton]: Switched to read-only mode: deterministic interpolant automaton has 10 states. 
[2026-06-06 01:17:48,337 INFO  L225             Difference]: With dead ends: 15
[2026-06-06 01:17:48,337 INFO  L226             Difference]: Without dead ends: 15
[2026-06-06 01:17:48,338 INFO  L487   CegarNwaWorkerThread]: 0 DeclaredPredicates, 26 GetRequests, 11 SyntacticMatches, 1 SemanticMatches, 14 ConstructedPredicates, 0 IntricatePredicates, 0 DeprecatedPredicates, 31 ImplicationChecksByTransitivity, 0.1s TimeCoverageRelationStatistics Valid=74, Invalid=166, Unknown=0, NotChecked=0, Total=240
[2026-06-06 01:17:48,339 INFO  L488   CegarNwaWorkerThread]: 3 mSDtfsCounter, 11 mSDsluCounter, 4 mSDsCounter, 0 mSdLazyCounter, 32 mSolverCounterSat, 0 mSolverCounterUnsat, 0 mSolverCounterUnknown, 0 mSolverCounterNotChecked, 0.0s Time, 0 mProtectedPredicate, 0 mProtectedAction, 11 SdHoareTripleChecker+Valid, 7 SdHoareTripleChecker+Invalid, 32 SdHoareTripleChecker+Unknown, 0 SdHoareTripleChecker+Unchecked, 0.0s SdHoareTripleChecker+Time, 0 IncrementalHoareTripleChecker+Valid, 32 IncrementalHoareTripleChecker+Invalid, 0 IncrementalHoareTripleChecker+Unknown, 0 IncrementalHoareTripleChecker+Unchecked, 0.0s IncrementalHoareTripleChecker+Time
[2026-06-06 01:17:48,339 INFO  L489   CegarNwaWorkerThread]: SdHoareTripleChecker [11 Valid, 7 Invalid, 32 Unknown, 0 Unchecked, 0.0s Time], IncrementalHoareTripleChecker [0 Valid, 32 Invalid, 0 Unknown, 0 Unchecked, 0.0s Time]
[2026-06-06 01:17:48,339 INFO  L224   CegarNwaWorkerThread]: Done with Thread: 143#
[2026-06-06 01:17:48,339 INFO  L196   CegarNwaWorkerThread]: WorkerThread: Thread[#143,Worker for 1192626986,5,main] is Waiting for a Task
[2026-06-06 01:17:48,339 INFO  L504   ParallelNwaCegarLoop]: Waking up, a worker is done.
[2026-06-06 01:17:48,339 INFO  L276   ParallelNwaCegarLoop]: Main: A Thread is Done
[2026-06-06 01:17:48,339 INFO  L294   ParallelNwaCegarLoop]: Worker Automaton Type: FLOYD_HOARE
[2026-06-06 01:17:48,339 INFO  L79                 Accepts]: Start accepts. Automaton has 11 states and 13 transitions. Word has length 9
[2026-06-06 01:17:48,340 INFO  L85                 Accepts]: Finished accepts. word is rejected.
[2026-06-06 01:17:48,340 INFO  L616   ParallelNwaCegarLoop]: Recorded stale counterexample prefix coverage.
[2026-06-06 01:17:48,340 INFO  L296   ParallelNwaCegarLoop]: Refining Abstraction
[2026-06-06 01:17:48,340 INFO  L567   ParallelNwaCegarLoop]: Subtrahend traceHash: 1192626986
[2026-06-06 01:17:48,340 INFO  L534   ParallelNwaCegarLoop]: Difference in Main
[2026-06-06 01:17:48,340 INFO  L87              Difference]: Start difference. First operand 11 states and 13 transitions. Second operand  has 10 states, 9 states have (on average 3.0) internal successors, (27), 9 states have internal predecessors, (27), 0 states have call successors, (0), 0 states have call predecessors, (0), 0 states have return successors, (0), 0 states have call predecessors, (0), 0 states have call successors, (0)
[2026-06-06 01:17:48,340 INFO  L144             Difference]: Subtrahend was deterministic. Have not used determinization.
[2026-06-06 01:17:48,340 INFO  L93              Difference]: Finished difference Result 15 states and 19 transitions.
[2026-06-06 01:17:48,340 INFO  L225             Difference]: With dead ends: 15
[2026-06-06 01:17:48,340 INFO  L226             Difference]: Without dead ends: 15
[2026-06-06 01:17:48,340 INFO  L82        GeneralOperation]: Start minimizeSevpa. Operand 15 states.
[2026-06-06 01:17:48,341 INFO  L88        GeneralOperation]: Finished minimizeSevpa. Reduced states from 15 to 14.
[2026-06-06 01:17:48,341 INFO  L82        GeneralOperation]: Start removeUnreachable. Operand  has 14 states, 13 states have (on average 1.3076923076923077) internal successors, (17), 13 states have internal predecessors, (17), 0 states have call successors, (0), 0 states have call predecessors, (0), 0 states have return successors, (0), 0 states have call predecessors, (0), 0 states have call successors, (0)
[2026-06-06 01:17:48,341 INFO  L88        GeneralOperation]: Finished removeUnreachable. Reduced from 14 states to 14 states and 17 transitions.
[2026-06-06 01:17:48,341 INFO  L545   ParallelNwaCegarLoop]: Main: Refinement done.
[2026-06-06 01:17:48,341 INFO  L464   ParallelNwaCegarLoop]: Checking if program is safe
[2026-06-06 01:17:48,341 INFO  L290                IsEmpty]: Start isEmpty. Operand 14 states and 17 transitions.
[2026-06-06 01:17:48,342 INFO  L300                IsEmpty]: Finished isEmpty. Found accepting run of length 14
[2026-06-06 01:17:48,342 INFO  L199           NwaCegarLoop]: Found error trace
[2026-06-06 01:17:48,342 INFO  L207           NwaCegarLoop]: trace histogram [5, 2, 2, 1, 1, 1, 1]
[2026-06-06 01:17:48,342 INFO  L319   ParallelNwaCegarLoop]: No more worker results to process
[2026-06-06 01:17:48,342 INFO  L290                IsEmpty]: Start isEmpty. Operand 14 states and 17 transitions.
[2026-06-06 01:17:48,342 INFO  L300                IsEmpty]: Finished isEmpty. Found accepting run of length 14
[2026-06-06 01:17:48,342 WARN  L753                IsEmpty]: Correctness of emptinessCheck not tested.
[2026-06-06 01:17:48,342 INFO  L79                 Accepts]: Start accepts. Automaton has 14 states and 17 transitions. Word has length 13
[2026-06-06 01:17:48,342 INFO  L85                 Accepts]: Finished accepts. word is accepted.
[2026-06-06 01:17:48,342 INFO  L757                IsEmpty]: Finished testing correctness of emptinessCheck
[2026-06-06 01:17:48,342 INFO  L880   ParallelNwaCegarLoop]: Found new Counterexample via BFS!
[2026-06-06 01:17:48,342 INFO  L86        PathProgramCache]: Analyzing trace with hash -559725359, now seen corresponding path program 9 times
[2026-06-06 01:17:48,342 INFO  L484   ParallelNwaCegarLoop]: Main: Starting Thread
[2026-06-06 01:17:48,342 INFO  L209   CegarNwaWorkerThread]: Starting Thread: 143# for Trace Check: -559725359
[2026-06-06 01:17:48,342 INFO  L266   ParallelNwaCegarLoop]: === Iteration 4 ===
[2026-06-06 01:17:48,342 INFO  L501   ParallelNwaCegarLoop]: All threads busy, going to sleep.
[2026-06-06 01:17:48,342 INFO  L156       PredicateUnifier]: Initialized classic predicate unifier
[2026-06-06 01:17:48,342 INFO  L86        PathProgramCache]: Analyzing trace with hash -559725359, now seen corresponding path program 9 times
[2026-06-06 01:17:48,343 INFO  L118   FreeRefinementEngine]: Executing refinement strategy CAMEL
[2026-06-06 01:17:48,343 INFO  L134       CoverageAnalysis]: Checked inductivity of 16 backedges. 1 proven. 0 refuted. 0 times theorem prover too weak. 15 trivial. 0 not checked.
[2026-06-06 01:17:48,343 INFO  L324   FreeRefinementEngine]: Using trace check IpTcStrategyModuleSmtInterpolCraig [1455201913]
[2026-06-06 01:17:48,343 INFO  L136   FreeRefinementEngine]: Strategy CAMEL found an infeasible trace
[2026-06-06 01:17:48,343 INFO  L95    rtionOrderModulation]: Changing assertion order to OUTSIDE_LOOP_FIRST2
[2026-06-06 01:17:48,343 INFO  L324   FreeRefinementEngine]: Using interpolant generator IpTcStrategyModuleSmtInterpolCraig [1863637138]
[2026-06-06 01:17:48,343 INFO  L127          SolverBuilder]: Constructing new instance of SMTInterpol with explicit timeout -1 ms and remaining time -1 ms
[2026-06-06 01:17:48,343 INFO  L158   FreeRefinementEngine]: IpTcStrategyModuleSmtInterpolCraig [1863637138] provided 1 perfect and 0 imperfect interpolant sequences
[2026-06-06 01:17:48,343 INFO  L185   FreeRefinementEngine]: Found 1 perfect and 0 imperfect interpolant sequences.
[2026-06-06 01:17:48,343 INFO  L198   FreeRefinementEngine]: Number of different interpolants: perfect sequences [4] imperfect sequences [] total 4
[2026-06-06 01:17:48,343 INFO  L122   tionRefinementEngine]: Using interpolant automaton builder IpAbStrategyModuleStraightlineAll [1047229007]
[2026-06-06 01:17:48,343 INFO  L134       CoverageAnalysis]: Checked inductivity of 11 backedges. 0 proven. 1 refuted. 0 times theorem prover too weak. 10 trivial. 0 not checked.
[2026-06-06 01:17:48,343 INFO  L85    oduleStraightlineAll]: Using 1 perfect interpolants to construct interpolant automaton
[2026-06-06 01:17:48,343 INFO  L136   FreeRefinementEngine]: Strategy CAMEL found an infeasible trace
[2026-06-06 01:17:48,343 INFO  L324   FreeRefinementEngine]: Using interpolant generator IpTcStrategyModuleSmtInterpolCraig [649751167]
[2026-06-06 01:17:48,343 INFO  L158   FreeRefinementEngine]: IpTcStrategyModuleSmtInterpolCraig [649751167] provided 0 perfect and 1 imperfect interpolant sequences
[2026-06-06 01:17:48,343 INFO  L324   FreeRefinementEngine]: Using interpolant generator IpTcStrategyModuleZ3 [47196075]
[2026-06-06 01:17:48,343 INFO  L100   FreeRefinementEngine]: Using predicate unifier PredicateUnifier provided by strategy CAMEL
[2026-06-06 01:17:48,343 INFO  L95    rtionOrderModulation]: Changing assertion order to OUTSIDE_LOOP_FIRST2
[2026-06-06 01:17:48,343 INFO  L173          SolverBuilder]: Constructing external solver with command: z3 -smt2 -in SMTLIB2_COMPLIANT=true
[2026-06-06 01:17:48,344 INFO  L144   InterpolantAutomaton]: Constructing interpolant automaton starting with 5 interpolants.
[2026-06-06 01:17:48,344 INFO  L146   InterpolantAutomaton]: CoverageRelationStatistics Valid=7, Invalid=13, Unknown=0, NotChecked=0, Total=20
[2026-06-06 01:17:48,344 INFO  L134       CoverageAnalysis]: Checked inductivity of 14 backedges. 0 proven. 1 refuted. 0 times theorem prover too weak. 13 trivial. 0 not checked.
[2026-06-06 01:17:48,344 INFO  L419   CegarNwaWorkerThread]: Difference in Worker for Generalization
[2026-06-06 01:17:48,344 INFO  L136   FreeRefinementEngine]: Strategy CAMEL found an infeasible trace
[2026-06-06 01:17:48,344 INFO  L324   FreeRefinementEngine]: Using interpolant generator IpTcStrategyModuleSmtInterpolCraig [1603085989]
[2026-06-06 01:17:48,344 INFO  L158   FreeRefinementEngine]: IpTcStrategyModuleSmtInterpolCraig [1603085989] provided 0 perfect and 1 imperfect interpolant sequences
[2026-06-06 01:17:48,344 INFO  L324   FreeRefinementEngine]: Using interpolant generator IpTcStrategyModuleZ3 [896321548]
[2026-06-06 01:17:48,344 INFO  L95    rtionOrderModulation]: Changing assertion order to OUTSIDE_LOOP_FIRST2
[2026-06-06 01:17:48,344 INFO  L173          SolverBuilder]: Constructing external solver with command: z3 -smt2 -in SMTLIB2_COMPLIANT=true
[2026-06-06 01:17:48,344 INFO  L87              Difference]: Start difference. First operand  has 6 states, 5 states have (on average 1.8) internal successors, (9), 5 states have internal predecessors, (9), 0 states have call successors, (0), 0 states have call predecessors, (0), 0 states have return successors, (0), 0 states have call predecessors, (0), 0 states have call successors, (0) Second operand  has 5 states, 5 states have (on average 1.4) internal successors, (7), 4 states have internal predecessors, (7), 0 states have call successors, (0), 0 states have call predecessors, (0), 0 states have return successors, (0), 0 states have call predecessors, (0), 0 states have call successors, (0)
[2026-06-06 01:17:48,346 INFO  L189       MonitoredProcess]: No working directory specified, using /usr/bin/z3
[2026-06-06 01:17:48,346 INFO  L189       MonitoredProcess]: No working directory specified, using /usr/bin/z3
[2026-06-06 01:17:48,347 INFO  L134       CoverageAnalysis]: Checked inductivity of 16 backedges. 5 proven. 1 refuted. 0 times theorem prover too weak. 10 trivial. 0 not checked.
[2026-06-06 01:17:48,347 INFO  L136   FreeRefinementEngine]: Strategy CAMEL found an infeasible trace
[2026-06-06 01:17:48,347 INFO  L324   FreeRefinementEngine]: Using interpolant generator IpTcStrategyModuleSmtInterpolCraig [229417333]
[2026-06-06 01:17:48,347 INFO  L158   FreeRefinementEngine]: IpTcStrategyModuleSmtInterpolCraig [229417333] provided 0 perfect and 1 imperfect interpolant sequences
[2026-06-06 01:17:48,347 INFO  L324   FreeRefinementEngine]: Using interpolant generator IpTcStrategyModuleZ3 [1698032438]
[2026-06-06 01:17:48,347 INFO  L95    rtionOrderModulation]: Changing assertion order to INSIDE_LOOP_FIRST1
[2026-06-06 01:17:48,347 INFO  L173          SolverBuilder]: Constructing external solver with command: z3 -smt2 -in SMTLIB2_COMPLIANT=true
[2026-06-06 01:17:48,348 INFO  L229       MonitoredProcess]: Starting monitored process 24 with /usr/bin/z3 -smt2 -in SMTLIB2_COMPLIANT=true (exit command is (exit), workingDir is null)
[2026-06-06 01:17:48,348 INFO  L108    AnnotateAndAsserter]: Assert order OUTSIDE_LOOP_FIRST2 partitioned 13 statements into 4 equivalence classes.
[2026-06-06 01:17:48,348 INFO  L229       MonitoredProcess]: Starting monitored process 25 with /usr/bin/z3 -smt2 -in SMTLIB2_COMPLIANT=true (exit command is (exit), workingDir is null)
[2026-06-06 01:17:48,349 INFO  L327       MonitoredProcess]: [MP /usr/bin/z3 -smt2 -in SMTLIB2_COMPLIANT=true (24)] Waiting until timeout for monitored process
[2026-06-06 01:17:48,350 INFO  L327       MonitoredProcess]: [MP /usr/bin/z3 -smt2 -in SMTLIB2_COMPLIANT=true (25)] Waiting until timeout for monitored process
[2026-06-06 01:17:48,350 INFO  L189       MonitoredProcess]: No working directory specified, using /usr/bin/z3
[2026-06-06 01:17:48,352 INFO  L134       CoverageAnalysis]: Checked inductivity of 12 backedges. 0 proven. 1 refuted. 0 times theorem prover too weak. 11 trivial. 0 not checked.
[2026-06-06 01:17:48,352 INFO  L229       MonitoredProcess]: Starting monitored process 26 with /usr/bin/z3 -smt2 -in SMTLIB2_COMPLIANT=true (exit command is (exit), workingDir is null)
[2026-06-06 01:17:48,352 INFO  L136   FreeRefinementEngine]: Strategy CAMEL found an infeasible trace
[2026-06-06 01:17:48,352 INFO  L324   FreeRefinementEngine]: Using interpolant generator IpTcStrategyModuleSmtInterpolCraig [1644375638]
[2026-06-06 01:17:48,352 INFO  L158   FreeRefinementEngine]: IpTcStrategyModuleSmtInterpolCraig [1644375638] provided 0 perfect and 1 imperfect interpolant sequences
[2026-06-06 01:17:48,352 INFO  L324   FreeRefinementEngine]: Using interpolant generator IpTcStrategyModuleZ3 [1210259827]
[2026-06-06 01:17:48,352 INFO  L95    rtionOrderModulation]: Changing assertion order to OUTSIDE_LOOP_FIRST2
[2026-06-06 01:17:48,352 INFO  L173          SolverBuilder]: Constructing external solver with command: z3 -smt2 -in SMTLIB2_COMPLIANT=true
[2026-06-06 01:17:48,353 INFO  L327       MonitoredProcess]: [MP /usr/bin/z3 -smt2 -in SMTLIB2_COMPLIANT=true (26)] Waiting until timeout for monitored process
[2026-06-06 01:17:48,353 INFO  L111    AnnotateAndAsserter]: Assert order OUTSIDE_LOOP_FIRST2 issued 2 check-sat command(s) and asserted 8 of 13 statements.
[2026-06-06 01:17:48,353 INFO  L114    AnnotateAndAsserter]: Assert order OUTSIDE_LOOP_FIRST2 issued 2 check-sat command(s)
[2026-06-06 01:17:48,353 INFO  L115    AnnotateAndAsserter]: Conjunction of SSA is unsat
[2026-06-06 01:17:48,354 INFO  L189       MonitoredProcess]: No working directory specified, using /usr/bin/z3
[2026-06-06 01:17:48,355 INFO  L134       CoverageAnalysis]: Checked inductivity of 37 backedges. 0 proven. 1 refuted. 0 times theorem prover too weak. 36 trivial. 0 not checked.
[2026-06-06 01:17:48,355 INFO  L136   FreeRefinementEngine]: Strategy CAMEL found an infeasible trace
[2026-06-06 01:17:48,355 INFO  L324   FreeRefinementEngine]: Using interpolant generator IpTcStrategyModuleSmtInterpolCraig [318454755]
[2026-06-06 01:17:48,355 INFO  L158   FreeRefinementEngine]: IpTcStrategyModuleSmtInterpolCraig [318454755] provided 0 perfect and 1 imperfect interpolant sequences
[2026-06-06 01:17:48,355 INFO  L324   FreeRefinementEngine]: Using interpolant generator IpTcStrategyModuleZ3 [101181666]
[2026-06-06 01:17:48,355 INFO  L95    rtionOrderModulation]: Changing assertion order to MIX_INSIDE_OUTSIDE
[2026-06-06 01:17:48,355 INFO  L173          SolverBuilder]: Constructing external solver with command: z3 -smt2 -in SMTLIB2_COMPLIANT=true
[2026-06-06 01:17:48,355 INFO  L144             Difference]: Subtrahend was deterministic. Have not used determinization.
[2026-06-06 01:17:48,355 INFO  L93              Difference]: Finished difference Result 15 states and 19 transitions.
[2026-06-06 01:17:48,355 INFO  L140   InterpolantAutomaton]: Switched to read-only mode: deterministic interpolant automaton has 10 states. 
[2026-06-06 01:17:48,355 INFO  L225             Difference]: With dead ends: 15
[2026-06-06 01:17:48,355 INFO  L226             Difference]: Without dead ends: 15
[2026-06-06 01:17:48,356 INFO  L487   CegarNwaWorkerThread]: 0 DeclaredPredicates, 26 GetRequests, 9 SyntacticMatches, 3 SemanticMatches, 14 ConstructedPredicates, 0 IntricatePredicates, 0 DeprecatedPredicates, 38 ImplicationChecksByTransitivity, 0.1s TimeCoverageRelationStatistics Valid=74, Invalid=166, Unknown=0, NotChecked=0, Total=240
[2026-06-06 01:17:48,356 INFO  L488   CegarNwaWorkerThread]: 3 mSDtfsCounter, 13 mSDsluCounter, 3 mSDsCounter, 0 mSdLazyCounter, 27 mSolverCounterSat, 0 mSolverCounterUnsat, 0 mSolverCounterUnknown, 0 mSolverCounterNotChecked, 0.0s Time, 0 mProtectedPredicate, 0 mProtectedAction, 13 SdHoareTripleChecker+Valid, 6 SdHoareTripleChecker+Invalid, 27 SdHoareTripleChecker+Unknown, 0 SdHoareTripleChecker+Unchecked, 0.0s SdHoareTripleChecker+Time, 0 IncrementalHoareTripleChecker+Valid, 27 IncrementalHoareTripleChecker+Invalid, 0 IncrementalHoareTripleChecker+Unknown, 0 IncrementalHoareTripleChecker+Unchecked, 0.0s IncrementalHoareTripleChecker+Time
[2026-06-06 01:17:48,357 INFO  L489   CegarNwaWorkerThread]: SdHoareTripleChecker [13 Valid, 6 Invalid, 27 Unknown, 0 Unchecked, 0.0s Time], IncrementalHoareTripleChecker [0 Valid, 27 Invalid, 0 Unknown, 0 Unchecked, 0.0s Time]
[2026-06-06 01:17:48,357 INFO  L224   CegarNwaWorkerThread]: Done with Thread: 167#
[2026-06-06 01:17:48,357 INFO  L196   CegarNwaWorkerThread]: WorkerThread: Thread[#167,Worker for 1241275689,5,main] is Waiting for a Task
[2026-06-06 01:17:48,357 INFO  L189       MonitoredProcess]: No working directory specified, using /usr/bin/z3
[2026-06-06 01:17:48,358 INFO  L504   ParallelNwaCegarLoop]: Waking up, a worker is done.
[2026-06-06 01:17:48,358 INFO  L276   ParallelNwaCegarLoop]: Main: A Thread is Done
[2026-06-06 01:17:48,358 INFO  L294   ParallelNwaCegarLoop]: Worker Automaton Type: FLOYD_HOARE
[2026-06-06 01:17:48,358 INFO  L79                 Accepts]: Start accepts. Automaton has 14 states and 17 transitions. Word has length 9
[2026-06-06 01:17:48,358 INFO  L85                 Accepts]: Finished accepts. word is rejected.
[2026-06-06 01:17:48,358 INFO  L616   ParallelNwaCegarLoop]: Recorded stale counterexample prefix coverage.
[2026-06-06 01:17:48,358 INFO  L296   ParallelNwaCegarLoop]: Refining Abstraction
[2026-06-06 01:17:48,358 INFO  L567   ParallelNwaCegarLoop]: Subtrahend traceHash: 1241275689
[2026-06-06 01:17:48,358 INFO  L534   ParallelNwaCegarLoop]: Difference in Main
[2026-06-06 01:17:48,358 INFO  L87              Difference]: Start difference. First operand 14 states and 17 transitions. Second operand  has 10 states, 9 states have (on average 3.0) internal successors, (27), 9 states have internal predecessors, (27), 0 states have call successors, (0), 0 states have call predecessors, (0), 0 states have return successors, (0), 0 states have call predecessors, (0), 0 states have call successors, (0)
[2026-06-06 01:17:48,359 INFO  L229       MonitoredProcess]: Starting monitored process 27 with /usr/bin/z3 -smt2 -in SMTLIB2_COMPLIANT=true (exit command is (exit), workingDir is null)
[2026-06-06 01:17:48,359 INFO  L144             Difference]: Subtrahend was deterministic. Have not used determinization.
[2026-06-06 01:17:48,359 INFO  L93              Difference]: Finished difference Result 15 states and 19 transitions.
[2026-06-06 01:17:48,359 INFO  L225             Difference]: With dead ends: 15
[2026-06-06 01:17:48,359 INFO  L226             Difference]: Without dead ends: 15
[2026-06-06 01:17:48,359 INFO  L82        GeneralOperation]: Start minimizeSevpa. Operand 15 states.
[2026-06-06 01:17:48,360 INFO  L327       MonitoredProcess]: [MP /usr/bin/z3 -smt2 -in SMTLIB2_COMPLIANT=true (27)] Waiting until timeout for monitored process
[2026-06-06 01:17:48,360 INFO  L229       MonitoredProcess]: Starting monitored process 28 with /usr/bin/z3 -smt2 -in SMTLIB2_COMPLIANT=true (exit command is (exit), workingDir is null)
[2026-06-06 01:17:48,361 INFO  L327       MonitoredProcess]: [MP /usr/bin/z3 -smt2 -in SMTLIB2_COMPLIANT=true (28)] Waiting until timeout for monitored process
[2026-06-06 01:17:48,364 INFO  L134       CoverageAnalysis]: Checked inductivity of 25 backedges. 0 proven. 1 refuted. 0 times theorem prover too weak. 24 trivial. 0 not checked.
[2026-06-06 01:17:48,364 INFO  L136   FreeRefinementEngine]: Strategy CAMEL found an infeasible trace
[2026-06-06 01:17:48,364 INFO  L324   FreeRefinementEngine]: Using interpolant generator IpTcStrategyModuleSmtInterpolCraig [1498340983]
[2026-06-06 01:17:48,364 INFO  L158   FreeRefinementEngine]: IpTcStrategyModuleSmtInterpolCraig [1498340983] provided 0 perfect and 1 imperfect interpolant sequences
[2026-06-06 01:17:48,364 INFO  L324   FreeRefinementEngine]: Using interpolant generator IpTcStrategyModuleZ3 [1074631590]
[2026-06-06 01:17:48,364 INFO  L95    rtionOrderModulation]: Changing assertion order to OUTSIDE_LOOP_FIRST1
[2026-06-06 01:17:48,364 INFO  L173          SolverBuilder]: Constructing external solver with command: z3 -smt2 -in SMTLIB2_COMPLIANT=true
[2026-06-06 01:17:48,364 INFO  L88        GeneralOperation]: Finished minimizeSevpa. Reduced states from 15 to 14.
[2026-06-06 01:17:48,364 INFO  L134       CoverageAnalysis]: Checked inductivity of 22 backedges. 1 proven. 0 refuted. 0 times theorem prover too weak. 21 trivial. 0 not checked.
[2026-06-06 01:17:48,364 INFO  L136   FreeRefinementEngine]: Strategy CAMEL found an infeasible trace
[2026-06-06 01:17:48,364 INFO  L324   FreeRefinementEngine]: Using interpolant generator IpTcStrategyModuleSmtInterpolCraig [768220272]
[2026-06-06 01:17:48,364 INFO  L134       CoverageAnalysis]: Checked inductivity of 19 backedges. 0 proven. 1 refuted. 0 times theorem prover too weak. 18 trivial. 0 not checked.
[2026-06-06 01:17:48,364 INFO  L82        GeneralOperation]: Start removeUnreachable. Operand  has 14 states, 13 states have (on average 1.3076923076923077) internal successors, (17), 13 states have internal predecessors, (17), 0 states have call successors, (0), 0 states have call predecessors, (0), 0 states have return successors, (0), 0 states have call predecessors, (0), 0 states have call successors, (0)
[2026-06-06 01:17:48,365 INFO  L88        GeneralOperation]: Finished removeUnreachable. Reduced from 14 states to 14 states and 17 transitions.
[2026-06-06 01:17:48,364 INFO  L136   FreeRefinementEngine]: Strategy CAMEL found an infeasible trace
[2026-06-06 01:17:48,364 INFO  L158   FreeRefinementEngine]: IpTcStrategyModuleSmtInterpolCraig [768220272] provided 1 perfect and 0 imperfect interpolant sequences
[2026-06-06 01:17:48,365 INFO  L185   FreeRefinementEngine]: Found 1 perfect and 0 imperfect interpolant sequences.
[2026-06-06 01:17:48,365 INFO  L324   FreeRefinementEngine]: Using interpolant generator IpTcStrategyModuleSmtInterpolCraig [1725040908]
[2026-06-06 01:17:48,365 INFO  L545   ParallelNwaCegarLoop]: Main: Refinement done.
[2026-06-06 01:17:48,365 INFO  L464   ParallelNwaCegarLoop]: Checking if program is safe
[2026-06-06 01:17:48,365 INFO  L158   FreeRefinementEngine]: IpTcStrategyModuleSmtInterpolCraig [1725040908] provided 0 perfect and 1 imperfect interpolant sequences
[2026-06-06 01:17:48,365 INFO  L198   FreeRefinementEngine]: Number of different interpolants: perfect sequences [4] imperfect sequences [] total 4
[2026-06-06 01:17:48,365 INFO  L324   FreeRefinementEngine]: Using interpolant generator IpTcStrategyModuleZ3 [561008545]
[2026-06-06 01:17:48,365 INFO  L290                IsEmpty]: Start isEmpty. Operand 14 states and 17 transitions.
[2026-06-06 01:17:48,365 INFO  L134       CoverageAnalysis]: Checked inductivity of 21 backedges. 4 proven. 0 refuted. 0 times theorem prover too weak. 17 trivial. 0 not checked.
[2026-06-06 01:17:48,365 INFO  L95    rtionOrderModulation]: Changing assertion order to TERMS_WITH_SMALL_CONSTANTS_FIRST
[2026-06-06 01:17:48,365 INFO  L300                IsEmpty]: Finished isEmpty. Found accepting run of length 14
[2026-06-06 01:17:48,365 INFO  L199           NwaCegarLoop]: Found error trace
[2026-06-06 01:17:48,365 INFO  L207           NwaCegarLoop]: trace histogram [5, 2, 2, 1, 1, 1, 1]
[2026-06-06 01:17:48,365 INFO  L319   ParallelNwaCegarLoop]: No more worker results to process
[2026-06-06 01:17:48,365 INFO  L290                IsEmpty]: Start isEmpty. Operand 14 states and 17 transitions.
[2026-06-06 01:17:48,366 INFO  L300                IsEmpty]: Finished isEmpty. Found accepting run of length 14
[2026-06-06 01:17:48,366 WARN  L753                IsEmpty]: Correctness of emptinessCheck not tested.
[2026-06-06 01:17:48,366 INFO  L79                 Accepts]: Start accepts. Automaton has 14 states and 17 transitions. Word has length 13
[2026-06-06 01:17:48,366 INFO  L108    AnnotateAndAsserter]: Assert order OUTSIDE_LOOP_FIRST2 partitioned 12 statements into 3 equivalence classes.
[2026-06-06 01:17:48,365 INFO  L122   tionRefinementEngine]: Using interpolant automaton builder IpAbStrategyModuleStraightlineAll [700810240]
[2026-06-06 01:17:48,366 INFO  L85    oduleStraightlineAll]: Using 1 perfect interpolants to construct interpolant automaton
[2026-06-06 01:17:48,366 INFO  L100   FreeRefinementEngine]: Using predicate unifier PredicateUnifier provided by strategy CAMEL
[2026-06-06 01:17:48,366 INFO  L144   InterpolantAutomaton]: Constructing interpolant automaton starting with 5 interpolants.
[2026-06-06 01:17:48,366 INFO  L146   InterpolantAutomaton]: CoverageRelationStatistics Valid=8, Invalid=12, Unknown=0, NotChecked=0, Total=20
[2026-06-06 01:17:48,366 INFO  L419   CegarNwaWorkerThread]: Difference in Worker for Generalization
[2026-06-06 01:17:48,366 INFO  L87              Difference]: Start difference. First operand  has 6 states, 5 states have (on average 1.8) internal successors, (9), 5 states have internal predecessors, (9), 0 states have call successors, (0), 0 states have call predecessors, (0), 0 states have return successors, (0), 0 states have call predecessors, (0), 0 states have call successors, (0) Second operand  has 5 states, 5 states have (on average 1.4) internal successors, (7), 4 states have internal predecessors, (7), 0 states have call successors, (0), 0 states have call predecessors, (0), 0 states have return successors, (0), 0 states have call predecessors, (0), 0 states have call successors, (0)
[2026-06-06 01:17:48,366 INFO  L189       MonitoredProcess]: No working directory specified, using /usr/bin/z3
[2026-06-06 01:17:48,366 INFO  L85                 Accepts]: Finished accepts. word is accepted.
[2026-06-06 01:17:48,367 INFO  L757                IsEmpty]: Finished testing correctness of emptinessCheck
[2026-06-06 01:17:48,365 INFO  L173          SolverBuilder]: Constructing external solver with command: z3 -smt2 -in SMTLIB2_COMPLIANT=true
[2026-06-06 01:17:48,365 INFO  L136   FreeRefinementEngine]: Strategy CAMEL found an infeasible trace
[2026-06-06 01:17:48,367 INFO  L884   ParallelNwaCegarLoop]: BFS found an active duplicate counterexample.
[2026-06-06 01:17:48,367 INFO  L324   FreeRefinementEngine]: Using interpolant generator IpTcStrategyModuleSmtInterpolCraig [1884802798]
[2026-06-06 01:17:48,367 INFO  L290                IsEmpty]: Start isEmptyParallel. Operand 14 states and 17 transitions.
[2026-06-06 01:17:48,367 INFO  L158   FreeRefinementEngine]: IpTcStrategyModuleSmtInterpolCraig [1884802798] provided 1 perfect and 0 imperfect interpolant sequences
[2026-06-06 01:17:48,367 INFO  L185   FreeRefinementEngine]: Found 1 perfect and 0 imperfect interpolant sequences.
[2026-06-06 01:17:48,367 INFO  L198   FreeRefinementEngine]: Number of different interpolants: perfect sequences [4] imperfect sequences [] total 4
[2026-06-06 01:17:48,367 INFO  L108    AnnotateAndAsserter]: Assert order OUTSIDE_LOOP_FIRST2 partitioned 10 statements into 3 equivalence classes.
[2026-06-06 01:17:48,367 INFO  L300                IsEmpty]: Finished isEmptyParallel. No accepting run.
[2026-06-06 01:17:48,367 INFO  L156        IsEmptyParallel]: Start isEmptyParallel. Operand 14 states and 17 transitions.
[2026-06-06 01:17:48,367 INFO  L122   tionRefinementEngine]: Using interpolant automaton builder IpAbStrategyModuleStraightlineAll [1860150692]
[2026-06-06 01:17:48,367 INFO  L85    oduleStraightlineAll]: Using 1 perfect interpolants to construct interpolant automaton
[2026-06-06 01:17:48,367 INFO  L134       CoverageAnalysis]: Checked inductivity of 14 backedges. 3 proven. 0 refuted. 0 times theorem prover too weak. 11 trivial. 0 not checked.
[2026-06-06 01:17:48,367 INFO  L136   FreeRefinementEngine]: Strategy CAMEL found an infeasible trace
[2026-06-06 01:17:48,367 INFO  L324   FreeRefinementEngine]: Using interpolant generator IpTcStrategyModuleSmtInterpolCraig [167658139]
[2026-06-06 01:17:48,367 INFO  L158   FreeRefinementEngine]: IpTcStrategyModuleSmtInterpolCraig [167658139] provided 1 perfect and 0 imperfect interpolant sequences
[2026-06-06 01:17:48,367 INFO  L185   FreeRefinementEngine]: Found 1 perfect and 0 imperfect interpolant sequences.
[2026-06-06 01:17:48,367 INFO  L198   FreeRefinementEngine]: Number of different interpolants: perfect sequences [4] imperfect sequences [] total 4
[2026-06-06 01:17:48,368 INFO  L122   tionRefinementEngine]: Using interpolant automaton builder IpAbStrategyModuleStraightlineAll [1227375912]
[2026-06-06 01:17:48,368 INFO  L85    oduleStraightlineAll]: Using 1 perfect interpolants to construct interpolant automaton
[2026-06-06 01:17:48,368 INFO  L100   FreeRefinementEngine]: Using predicate unifier PredicateUnifier provided by strategy CAMEL
[2026-06-06 01:17:48,368 INFO  L144   InterpolantAutomaton]: Constructing interpolant automaton starting with 5 interpolants.
[2026-06-06 01:17:48,368 INFO  L146   InterpolantAutomaton]: CoverageRelationStatistics Valid=8, Invalid=12, Unknown=0, NotChecked=0, Total=20
[2026-06-06 01:17:48,368 INFO  L419   CegarNwaWorkerThread]: Difference in Worker for Generalization
[2026-06-06 01:17:48,368 INFO  L182       IsEmptyHeuristic]: Start isEmptyHeuristic. Operand 14 states and 17 transitions.
[2026-06-06 01:17:48,368 INFO  L100   FreeRefinementEngine]: Using predicate unifier PredicateUnifier provided by strategy CAMEL
[2026-06-06 01:17:48,368 INFO  L188       IsEmptyHeuristic]: Finished isEmptyHeuristic. Found accepting run of length 16
[2026-06-06 01:17:48,368 INFO  L163        IsEmptyParallel]: Finished isEmptyParallel. Found accepting run of length 16
[2026-06-06 01:17:48,368 WARN  L753                IsEmpty]: Correctness of emptinessCheck not tested.
[2026-06-06 01:17:48,368 INFO  L79                 Accepts]: Start accepts. Automaton has 14 states and 17 transitions. Word has length 15
[2026-06-06 01:17:48,368 INFO  L229       MonitoredProcess]: Starting monitored process 29 with /usr/bin/z3 -smt2 -in SMTLIB2_COMPLIANT=true (exit command is (exit), workingDir is null)
[2026-06-06 01:17:48,369 INFO  L85                 Accepts]: Finished accepts. word is accepted.
[2026-06-06 01:17:48,369 INFO  L757                IsEmpty]: Finished testing correctness of emptinessCheck
[2026-06-06 01:17:48,369 INFO  L880   ParallelNwaCegarLoop]: Found new Counterexample via IsEmptyParallel LCPS!
[2026-06-06 01:17:48,369 INFO  L86        PathProgramCache]: Analyzing trace with hash -1862465039, now seen corresponding path program 10 times
[2026-06-06 01:17:48,369 INFO  L484   ParallelNwaCegarLoop]: Main: Starting Thread
[2026-06-06 01:17:48,369 INFO  L266   ParallelNwaCegarLoop]: === Iteration 5 ===
[2026-06-06 01:17:48,369 INFO  L501   ParallelNwaCegarLoop]: All threads busy, going to sleep.
[2026-06-06 01:17:48,368 INFO  L87              Difference]: Start difference. First operand  has 6 states, 5 states have (on average 1.8) internal successors, (9), 5 states have internal predecessors, (9), 0 states have call successors, (0), 0 states have call predecessors, (0), 0 states have return successors, (0), 0 states have call predecessors, (0), 0 states have call successors, (0) Second operand  has 5 states, 5 states have (on average 1.8) internal successors, (9), 4 states have internal predecessors, (9), 0 states have call successors, (0), 0 states have call predecessors, (0), 0 states have return successors, (0), 0 states have call predecessors, (0), 0 states have call successors, (0)
[2026-06-06 01:17:48,369 INFO  L209   CegarNwaWorkerThread]: Starting Thread: 167# for Trace Check: -1862465039
[2026-06-06 01:17:48,368 INFO  L144   InterpolantAutomaton]: Constructing interpolant automaton starting with 5 interpolants.
[2026-06-06 01:17:48,369 INFO  L146   InterpolantAutomaton]: CoverageRelationStatistics Valid=8, Invalid=12, Unknown=0, NotChecked=0, Total=20
[2026-06-06 01:17:48,369 INFO  L419   CegarNwaWorkerThread]: Difference in Worker for Generalization
[2026-06-06 01:17:48,369 INFO  L156       PredicateUnifier]: Initialized classic predicate unifier
[2026-06-06 01:17:48,369 INFO  L87              Difference]: Start difference. First operand  has 6 states, 5 states have (on average 1.8) internal successors, (9), 5 states have internal predecessors, (9), 0 states have call successors, (0), 0 states have call predecessors, (0), 0 states have return successors, (0), 0 states have call predecessors, (0), 0 states have call successors, (0) Second operand  has 5 states, 5 states have (on average 2.0) internal successors, (10), 4 states have internal predecessors, (10), 0 states have call successors, (0), 0 states have call predecessors, (0), 0 states have return successors, (0), 0 states have call predecessors, (0), 0 states have call successors, (0)
[2026-06-06 01:17:48,369 INFO  L86        PathProgramCache]: Analyzing trace with hash -1862465039, now seen corresponding path program 10 times
[2026-06-06 01:17:48,369 INFO  L189       MonitoredProcess]: No working directory specified, using /usr/bin/z3
[2026-06-06 01:17:48,369 INFO  L327       MonitoredProcess]: [MP /usr/bin/z3 -smt2 -in SMTLIB2_COMPLIANT=true (29)] Waiting until timeout for monitored process
[2026-06-06 01:17:48,370 INFO  L108    AnnotateAndAsserter]: Assert order INSIDE_LOOP_FIRST1 partitioned 13 statements into 3 equivalence classes.
[2026-06-06 01:17:48,370 INFO  L111    AnnotateAndAsserter]: Assert order OUTSIDE_LOOP_FIRST2 issued 2 check-sat command(s) and asserted 8 of 12 statements.
[2026-06-06 01:17:48,371 INFO  L114    AnnotateAndAsserter]: Assert order OUTSIDE_LOOP_FIRST2 issued 2 check-sat command(s)
[2026-06-06 01:17:48,371 INFO  L115    AnnotateAndAsserter]: Conjunction of SSA is unsat
[2026-06-06 01:17:48,371 INFO  L256         TraceCheckSpWp]: Trace formula consists of 58 conjuncts, 4 conjuncts are in the unsatisfiable core
[2026-06-06 01:17:48,372 INFO  L279         TraceCheckSpWp]: Computing forward predicates...
[2026-06-06 01:17:48,372 INFO  L134       CoverageAnalysis]: Checked inductivity of 19 backedges. 5 proven. 0 refuted. 0 times theorem prover too weak. 14 trivial. 0 not checked.
[2026-06-06 01:17:48,372 INFO  L136   FreeRefinementEngine]: Strategy CAMEL found an infeasible trace
[2026-06-06 01:17:48,372 INFO  L324   FreeRefinementEngine]: Using interpolant generator IpTcStrategyModuleSmtInterpolCraig [839579072]
[2026-06-06 01:17:48,372 INFO  L158   FreeRefinementEngine]: IpTcStrategyModuleSmtInterpolCraig [839579072] provided 1 perfect and 0 imperfect interpolant sequences
[2026-06-06 01:17:48,372 INFO  L185   FreeRefinementEngine]: Found 1 perfect and 0 imperfect interpolant sequences.
[2026-06-06 01:17:48,372 INFO  L198   FreeRefinementEngine]: Number of different interpolants: perfect sequences [4] imperfect sequences [] total 4
[2026-06-06 01:17:48,372 INFO  L122   tionRefinementEngine]: Using interpolant automaton builder IpAbStrategyModuleStraightlineAll [1542245032]
[2026-06-06 01:17:48,372 INFO  L85    oduleStraightlineAll]: Using 1 perfect interpolants to construct interpolant automaton
[2026-06-06 01:17:48,372 INFO  L100   FreeRefinementEngine]: Using predicate unifier PredicateUnifier provided by strategy CAMEL
[2026-06-06 01:17:48,372 INFO  L144   InterpolantAutomaton]: Constructing interpolant automaton starting with 5 interpolants.
[2026-06-06 01:17:48,372 INFO  L146   InterpolantAutomaton]: CoverageRelationStatistics Valid=8, Invalid=12, Unknown=0, NotChecked=0, Total=20
[2026-06-06 01:17:48,372 INFO  L419   CegarNwaWorkerThread]: Difference in Worker for Generalization
[2026-06-06 01:17:48,372 INFO  L87              Difference]: Start difference. First operand  has 6 states, 5 states have (on average 1.8) internal successors, (9), 5 states have internal predecessors, (9), 0 states have call successors, (0), 0 states have call predecessors, (0), 0 states have return successors, (0), 0 states have call predecessors, (0), 0 states have call successors, (0) Second operand  has 5 states, 5 states have (on average 1.8) internal successors, (9), 4 states have internal predecessors, (9), 0 states have call successors, (0), 0 states have call predecessors, (0), 0 states have return successors, (0), 0 states have call predecessors, (0), 0 states have call successors, (0)
[2026-06-06 01:17:48,373 INFO  L144             Difference]: Subtrahend was deterministic. Have not used determinization.
[2026-06-06 01:17:48,373 INFO  L93              Difference]: Finished difference Result 9 states and 12 transitions.
[2026-06-06 01:17:48,373 INFO  L140   InterpolantAutomaton]: Switched to read-only mode: deterministic interpolant automaton has 5 states. 
[2026-06-06 01:17:48,373 INFO  L229       MonitoredProcess]: Starting monitored process 30 with /usr/bin/z3 -smt2 -in SMTLIB2_COMPLIANT=true (exit command is (exit), workingDir is null)
[2026-06-06 01:17:48,373 INFO  L225             Difference]: With dead ends: 9
[2026-06-06 01:17:48,373 INFO  L226             Difference]: Without dead ends: 9
[2026-06-06 01:17:48,373 INFO  L487   CegarNwaWorkerThread]: 0 DeclaredPredicates, 6 GetRequests, 1 SyntacticMatches, 0 SemanticMatches, 5 ConstructedPredicates, 0 IntricatePredicates, 0 DeprecatedPredicates, 0 ImplicationChecksByTransitivity, 0.0s TimeCoverageRelationStatistics Valid=17, Invalid=25, Unknown=0, NotChecked=0, Total=42
[2026-06-06 01:17:48,373 INFO  L111    AnnotateAndAsserter]: Assert order OUTSIDE_LOOP_FIRST2 issued 2 check-sat command(s) and asserted 8 of 10 statements.
[2026-06-06 01:17:48,373 INFO  L114    AnnotateAndAsserter]: Assert order OUTSIDE_LOOP_FIRST2 issued 2 check-sat command(s)
[2026-06-06 01:17:48,373 INFO  L115    AnnotateAndAsserter]: Conjunction of SSA is unsat
[2026-06-06 01:17:48,374 INFO  L488   CegarNwaWorkerThread]: 4 mSDtfsCounter, 13 mSDsluCounter, 4 mSDsCounter, 0 mSdLazyCounter, 15 mSolverCounterSat, 1 mSolverCounterUnsat, 0 mSolverCounterUnknown, 0 mSolverCounterNotChecked, 0.0s Time, 0 mProtectedPredicate, 0 mProtectedAction, 13 SdHoareTripleChecker+Valid, 8 SdHoareTripleChecker+Invalid, 16 SdHoareTripleChecker+Unknown, 0 SdHoareTripleChecker+Unchecked, 0.0s SdHoareTripleChecker+Time, 1 IncrementalHoareTripleChecker+Valid, 15 IncrementalHoareTripleChecker+Invalid, 0 IncrementalHoareTripleChecker+Unknown, 0 IncrementalHoareTripleChecker+Unchecked, 0.0s IncrementalHoareTripleChecker+Time
[2026-06-06 01:17:48,374 INFO  L489   CegarNwaWorkerThread]: SdHoareTripleChecker [13 Valid, 8 Invalid, 16 Unknown, 0 Unchecked, 0.0s Time], IncrementalHoareTripleChecker [1 Valid, 15 Invalid, 0 Unknown, 0 Unchecked, 0.0s Time]
[2026-06-06 01:17:48,374 INFO  L256         TraceCheckSpWp]: Trace formula consists of 58 conjuncts, 4 conjuncts are in the unsatisfiable core
[2026-06-06 01:17:48,375 INFO  L327       MonitoredProcess]: [MP /usr/bin/z3 -smt2 -in SMTLIB2_COMPLIANT=true (30)] Waiting until timeout for monitored process
[2026-06-06 01:17:48,375 INFO  L279         TraceCheckSpWp]: Computing forward predicates...
[2026-06-06 01:17:48,375 INFO  L224   CegarNwaWorkerThread]: Done with Thread: 173#
[2026-06-06 01:17:48,375 INFO  L196   CegarNwaWorkerThread]: WorkerThread: Thread[#173,Worker for 423998025,5,main] is Waiting for a Task
[2026-06-06 01:17:48,375 INFO  L504   ParallelNwaCegarLoop]: Waking up, a worker is done.
[2026-06-06 01:17:48,375 INFO  L276   ParallelNwaCegarLoop]: Main: A Thread is Done
[2026-06-06 01:17:48,376 INFO  L294   ParallelNwaCegarLoop]: Worker Automaton Type: FLOYD_HOARE
[2026-06-06 01:17:48,376 INFO  L79                 Accepts]: Start accepts. Automaton has 14 states and 17 transitions. Word has length 11
[2026-06-06 01:17:48,376 INFO  L134       CoverageAnalysis]: Checked inductivity of 16 backedges. 2 proven. 3 refuted. 0 times theorem prover too weak. 11 trivial. 0 not checked.
[2026-06-06 01:17:48,376 INFO  L136   FreeRefinementEngine]: Strategy CAMEL found an infeasible trace
[2026-06-06 01:17:48,376 INFO  L324   FreeRefinementEngine]: Using interpolant generator IpTcStrategyModuleSmtInterpolCraig [1328317784]
[2026-06-06 01:17:48,376 INFO  L158   FreeRefinementEngine]: IpTcStrategyModuleSmtInterpolCraig [1328317784] provided 0 perfect and 1 imperfect interpolant sequences
[2026-06-06 01:17:48,376 INFO  L324   FreeRefinementEngine]: Using interpolant generator IpTcStrategyModuleZ3 [1397102699]
[2026-06-06 01:17:48,376 INFO  L85                 Accepts]: Finished accepts. word is rejected.
[2026-06-06 01:17:48,376 INFO  L95    rtionOrderModulation]: Changing assertion order to MIX_INSIDE_OUTSIDE
[2026-06-06 01:17:48,376 INFO  L616   ParallelNwaCegarLoop]: Recorded stale counterexample prefix coverage.
[2026-06-06 01:17:48,376 INFO  L296   ParallelNwaCegarLoop]: Refining Abstraction
[2026-06-06 01:17:48,376 INFO  L567   ParallelNwaCegarLoop]: Subtrahend traceHash: 423998025
[2026-06-06 01:17:48,377 INFO  L534   ParallelNwaCegarLoop]: Difference in Main
[2026-06-06 01:17:48,376 INFO  L173          SolverBuilder]: Constructing external solver with command: z3 -smt2 -in SMTLIB2_COMPLIANT=true
[2026-06-06 01:17:48,377 INFO  L87              Difference]: Start difference. First operand 14 states and 17 transitions. Second operand  has 5 states, 4 states have (on average 3.75) internal successors, (15), 4 states have internal predecessors, (15), 0 states have call successors, (0), 0 states have call predecessors, (0), 0 states have return successors, (0), 0 states have call predecessors, (0), 0 states have call successors, (0)
[2026-06-06 01:17:48,377 INFO  L134       CoverageAnalysis]: Checked inductivity of 21 backedges. 2 proven. 3 refuted. 0 times theorem prover too weak. 16 trivial. 0 not checked.
[2026-06-06 01:17:48,377 INFO  L136   FreeRefinementEngine]: Strategy CAMEL found an infeasible trace
[2026-06-06 01:17:48,377 INFO  L324   FreeRefinementEngine]: Using interpolant generator IpTcStrategyModuleSmtInterpolCraig [1302272369]
[2026-06-06 01:17:48,377 INFO  L158   FreeRefinementEngine]: IpTcStrategyModuleSmtInterpolCraig [1302272369] provided 0 perfect and 1 imperfect interpolant sequences
[2026-06-06 01:17:48,377 INFO  L324   FreeRefinementEngine]: Using interpolant generator IpTcStrategyModuleZ3 [1876784832]
[2026-06-06 01:17:48,377 INFO  L95    rtionOrderModulation]: Changing assertion order to TERMS_WITH_SMALL_CONSTANTS_FIRST
[2026-06-06 01:17:48,377 INFO  L173          SolverBuilder]: Constructing external solver with command: z3 -smt2 -in SMTLIB2_COMPLIANT=true
[2026-06-06 01:17:48,377 INFO  L111    AnnotateAndAsserter]: Assert order INSIDE_LOOP_FIRST1 issued 2 check-sat command(s) and asserted 9 of 13 statements.
[2026-06-06 01:17:48,377 INFO  L114    AnnotateAndAsserter]: Assert order INSIDE_LOOP_FIRST1 issued 2 check-sat command(s)
[2026-06-06 01:17:48,377 INFO  L115    AnnotateAndAsserter]: Conjunction of SSA is unsat
[2026-06-06 01:17:48,377 INFO  L144             Difference]: Subtrahend was deterministic. Have not used determinization.
[2026-06-06 01:17:48,377 INFO  L93              Difference]: Finished difference Result 15 states and 18 transitions.
[2026-06-06 01:17:48,377 INFO  L225             Difference]: With dead ends: 15
[2026-06-06 01:17:48,377 INFO  L226             Difference]: Without dead ends: 15
[2026-06-06 01:17:48,377 INFO  L82        GeneralOperation]: Start minimizeSevpa. Operand 15 states.
[2026-06-06 01:17:48,377 INFO  L256         TraceCheckSpWp]: Trace formula consists of 62 conjuncts, 5 conjuncts are in the unsatisfiable core
[2026-06-06 01:17:48,378 INFO  L88        GeneralOperation]: Finished minimizeSevpa. Reduced states from 15 to 15.
[2026-06-06 01:17:48,378 INFO  L82        GeneralOperation]: Start removeUnreachable. Operand  has 15 states, 14 states have (on average 1.2857142857142858) internal successors, (18), 14 states have internal predecessors, (18), 0 states have call successors, (0), 0 states have call predecessors, (0), 0 states have return successors, (0), 0 states have call predecessors, (0), 0 states have call successors, (0)
[2026-06-06 01:17:48,378 INFO  L88        GeneralOperation]: Finished removeUnreachable. Reduced from 15 states to 15 states and 18 transitions.
[2026-06-06 01:17:48,378 INFO  L545   ParallelNwaCegarLoop]: Main: Refinement done.
[2026-06-06 01:17:48,378 INFO  L464   ParallelNwaCegarLoop]: Checking if program is safe
[2026-06-06 01:17:48,378 INFO  L290                IsEmpty]: Start isEmpty. Operand 15 states and 18 transitions.
[2026-06-06 01:17:48,378 INFO  L300                IsEmpty]: Finished isEmpty. Found accepting run of length 15
[2026-06-06 01:17:48,378 INFO  L199           NwaCegarLoop]: Found error trace
[2026-06-06 01:17:48,378 INFO  L279         TraceCheckSpWp]: Computing forward predicates...
[2026-06-06 01:17:48,378 INFO  L207           NwaCegarLoop]: trace histogram [5, 2, 2, 1, 1, 1, 1, 1]
[2026-06-06 01:17:48,379 INFO  L319   ParallelNwaCegarLoop]: No more worker results to process
[2026-06-06 01:17:48,379 INFO  L290                IsEmpty]: Start isEmpty. Operand 15 states and 18 transitions.
[2026-06-06 01:17:48,379 INFO  L108    AnnotateAndAsserter]: Assert order MIX_INSIDE_OUTSIDE partitioned 14 statements into 5 equivalence classes.
[2026-06-06 01:17:48,379 INFO  L300                IsEmpty]: Finished isEmpty. Found accepting run of length 15
[2026-06-06 01:17:48,379 WARN  L753                IsEmpty]: Correctness of emptinessCheck not tested.
[2026-06-06 01:17:48,379 INFO  L79                 Accepts]: Start accepts. Automaton has 15 states and 18 transitions. Word has length 14
[2026-06-06 01:17:48,379 INFO  L85                 Accepts]: Finished accepts. word is accepted.
[2026-06-06 01:17:48,379 INFO  L757                IsEmpty]: Finished testing correctness of emptinessCheck
[2026-06-06 01:17:48,379 INFO  L108    AnnotateAndAsserter]: Assert order OUTSIDE_LOOP_FIRST2 partitioned 11 statements into 3 equivalence classes.
[2026-06-06 01:17:48,379 INFO  L884   ParallelNwaCegarLoop]: BFS found an active duplicate counterexample.
[2026-06-06 01:17:48,379 INFO  L290                IsEmpty]: Start isEmptyParallel. Operand 15 states and 18 transitions.
[2026-06-06 01:17:48,379 INFO  L300                IsEmpty]: Finished isEmptyParallel. No accepting run.
[2026-06-06 01:17:48,379 INFO  L156        IsEmptyParallel]: Start isEmptyParallel. Operand 15 states and 18 transitions.
[2026-06-06 01:17:48,379 INFO  L182       IsEmptyHeuristic]: Start isEmptyHeuristic. Operand 15 states and 18 transitions.
[2026-06-06 01:17:48,379 INFO  L188       IsEmptyHeuristic]: Finished isEmptyHeuristic. Found accepting run of length 17
[2026-06-06 01:17:48,380 INFO  L189       MonitoredProcess]: No working directory specified, using /usr/bin/z3
[2026-06-06 01:17:48,380 INFO  L189       MonitoredProcess]: No working directory specified, using /usr/bin/z3
[2026-06-06 01:17:48,380 INFO  L163        IsEmptyParallel]: Finished isEmptyParallel. Found accepting run of length 17
[2026-06-06 01:17:48,380 WARN  L753                IsEmpty]: Correctness of emptinessCheck not tested.
[2026-06-06 01:17:48,380 INFO  L79                 Accepts]: Start accepts. Automaton has 15 states and 18 transitions. Word has length 16
[2026-06-06 01:17:48,380 INFO  L85                 Accepts]: Finished accepts. word is accepted.
[2026-06-06 01:17:48,380 INFO  L757                IsEmpty]: Finished testing correctness of emptinessCheck
[2026-06-06 01:17:48,380 INFO  L880   ParallelNwaCegarLoop]: Found new Counterexample via IsEmptyParallel LCPS!
[2026-06-06 01:17:48,380 INFO  L86        PathProgramCache]: Analyzing trace with hash -1837423717, now seen corresponding path program 11 times
[2026-06-06 01:17:48,380 INFO  L484   ParallelNwaCegarLoop]: Main: Starting Thread
[2026-06-06 01:17:48,380 INFO  L266   ParallelNwaCegarLoop]: === Iteration 6 ===
[2026-06-06 01:17:48,380 INFO  L501   ParallelNwaCegarLoop]: All threads busy, going to sleep.
[2026-06-06 01:17:48,380 INFO  L209   CegarNwaWorkerThread]: Starting Thread: 173# for Trace Check: -1837423717
[2026-06-06 01:17:48,381 INFO  L156       PredicateUnifier]: Initialized classic predicate unifier
[2026-06-06 01:17:48,381 INFO  L86        PathProgramCache]: Analyzing trace with hash -1837423717, now seen corresponding path program 11 times
[2026-06-06 01:17:48,381 INFO  L118   FreeRefinementEngine]: Executing refinement strategy CAMEL
[2026-06-06 01:17:48,381 INFO  L324   FreeRefinementEngine]: Using trace check IpTcStrategyModuleSmtInterpolCraig [1809089923]
[2026-06-06 01:17:48,381 INFO  L95    rtionOrderModulation]: Changing assertion order to INSIDE_LOOP_FIRST1
[2026-06-06 01:17:48,381 INFO  L127          SolverBuilder]: Constructing new instance of SMTInterpol with explicit timeout -1 ms and remaining time -1 ms
[2026-06-06 01:17:48,382 INFO  L229       MonitoredProcess]: Starting monitored process 31 with /usr/bin/z3 -smt2 -in SMTLIB2_COMPLIANT=true (exit command is (exit), workingDir is null)
[2026-06-06 01:17:48,382 INFO  L229       MonitoredProcess]: Starting monitored process 32 with /usr/bin/z3 -smt2 -in SMTLIB2_COMPLIANT=true (exit command is (exit), workingDir is null)
[2026-06-06 01:17:48,383 INFO  L327       MonitoredProcess]: [MP /usr/bin/z3 -smt2 -in SMTLIB2_COMPLIANT=true (31)] Waiting until timeout for monitored process
[2026-06-06 01:17:48,383 INFO  L327       MonitoredProcess]: [MP /usr/bin/z3 -smt2 -in SMTLIB2_COMPLIANT=true (32)] Waiting until timeout for monitored process
[2026-06-06 01:17:48,386 INFO  L108    AnnotateAndAsserter]: Assert order OUTSIDE_LOOP_FIRST1 partitioned 14 statements into 2 equivalence classes.
[2026-06-06 01:17:48,387 INFO  L108    AnnotateAndAsserter]: Assert order INSIDE_LOOP_FIRST1 partitioned 16 statements into 5 equivalence classes.
[2026-06-06 01:17:48,389 INFO  L111    AnnotateAndAsserter]: Assert order OUTSIDE_LOOP_FIRST2 issued 2 check-sat command(s) and asserted 8 of 11 statements.
[2026-06-06 01:17:48,389 INFO  L114    AnnotateAndAsserter]: Assert order OUTSIDE_LOOP_FIRST2 issued 2 check-sat command(s)
[2026-06-06 01:17:48,389 INFO  L115    AnnotateAndAsserter]: Conjunction of SSA is unsat
[2026-06-06 01:17:48,389 INFO  L256         TraceCheckSpWp]: Trace formula consists of 58 conjuncts, 4 conjuncts are in the unsatisfiable core
[2026-06-06 01:17:48,389 INFO  L111    AnnotateAndAsserter]: Assert order MIX_INSIDE_OUTSIDE issued 3 check-sat command(s) and asserted 10 of 14 statements.
[2026-06-06 01:17:48,390 INFO  L114    AnnotateAndAsserter]: Assert order MIX_INSIDE_OUTSIDE issued 3 check-sat command(s)
[2026-06-06 01:17:48,390 INFO  L115    AnnotateAndAsserter]: Conjunction of SSA is unsat
[2026-06-06 01:17:48,390 INFO  L256         TraceCheckSpWp]: Trace formula consists of 70 conjuncts, 4 conjuncts are in the unsatisfiable core
[2026-06-06 01:17:48,390 INFO  L279         TraceCheckSpWp]: Computing forward predicates...
[2026-06-06 01:17:48,390 INFO  L144             Difference]: Subtrahend was deterministic. Have not used determinization.
[2026-06-06 01:17:48,391 INFO  L93              Difference]: Finished difference Result 9 states and 12 transitions.
[2026-06-06 01:17:48,391 INFO  L140   InterpolantAutomaton]: Switched to read-only mode: deterministic interpolant automaton has 5 states. 
[2026-06-06 01:17:48,391 INFO  L144             Difference]: Subtrahend was deterministic. Have not used determinization.
[2026-06-06 01:17:48,391 INFO  L225             Difference]: With dead ends: 9
[2026-06-06 01:17:48,391 INFO  L226             Difference]: Without dead ends: 9
[2026-06-06 01:17:48,391 INFO  L93              Difference]: Finished difference Result 9 states and 12 transitions.
[2026-06-06 01:17:48,391 INFO  L279         TraceCheckSpWp]: Computing forward predicates...
[2026-06-06 01:17:48,391 INFO  L487   CegarNwaWorkerThread]: 0 DeclaredPredicates, 5 GetRequests, 1 SyntacticMatches, 0 SemanticMatches, 4 ConstructedPredicates, 0 IntricatePredicates, 0 DeprecatedPredicates, 1 ImplicationChecksByTransitivity, 0.0s TimeCoverageRelationStatistics Valid=13, Invalid=17, Unknown=0, NotChecked=0, Total=30
[2026-06-06 01:17:48,391 INFO  L140   InterpolantAutomaton]: Switched to read-only mode: deterministic interpolant automaton has 5 states. 
[2026-06-06 01:17:48,391 INFO  L225             Difference]: With dead ends: 9
[2026-06-06 01:17:48,391 INFO  L226             Difference]: Without dead ends: 9
[2026-06-06 01:17:48,391 INFO  L488   CegarNwaWorkerThread]: 4 mSDtfsCounter, 12 mSDsluCounter, 4 mSDsCounter, 0 mSdLazyCounter, 15 mSolverCounterSat, 1 mSolverCounterUnsat, 0 mSolverCounterUnknown, 0 mSolverCounterNotChecked, 0.0s Time, 0 mProtectedPredicate, 0 mProtectedAction, 12 SdHoareTripleChecker+Valid, 8 SdHoareTripleChecker+Invalid, 16 SdHoareTripleChecker+Unknown, 0 SdHoareTripleChecker+Unchecked, 0.0s SdHoareTripleChecker+Time, 1 IncrementalHoareTripleChecker+Valid, 15 IncrementalHoareTripleChecker+Invalid, 0 IncrementalHoareTripleChecker+Unknown, 0 IncrementalHoareTripleChecker+Unchecked, 0.0s IncrementalHoareTripleChecker+Time
[2026-06-06 01:17:48,391 INFO  L487   CegarNwaWorkerThread]: 0 DeclaredPredicates, 5 GetRequests, 1 SyntacticMatches, 0 SemanticMatches, 4 ConstructedPredicates, 0 IntricatePredicates, 0 DeprecatedPredicates, 1 ImplicationChecksByTransitivity, 0.0s TimeCoverageRelationStatistics Valid=13, Invalid=17, Unknown=0, NotChecked=0, Total=30
[2026-06-06 01:17:48,392 INFO  L489   CegarNwaWorkerThread]: SdHoareTripleChecker [12 Valid, 8 Invalid, 16 Unknown, 0 Unchecked, 0.0s Time], IncrementalHoareTripleChecker [1 Valid, 15 Invalid, 0 Unknown, 0 Unchecked, 0.0s Time]
[2026-06-06 01:17:48,392 INFO  L488   CegarNwaWorkerThread]: 4 mSDtfsCounter, 12 mSDsluCounter, 4 mSDsCounter, 0 mSdLazyCounter, 15 mSolverCounterSat, 1 mSolverCounterUnsat, 0 mSolverCounterUnknown, 0 mSolverCounterNotChecked, 0.0s Time, 0 mProtectedPredicate, 0 mProtectedAction, 12 SdHoareTripleChecker+Valid, 8 SdHoareTripleChecker+Invalid, 16 SdHoareTripleChecker+Unknown, 0 SdHoareTripleChecker+Unchecked, 0.0s SdHoareTripleChecker+Time, 1 IncrementalHoareTripleChecker+Valid, 15 IncrementalHoareTripleChecker+Invalid, 0 IncrementalHoareTripleChecker+Unknown, 0 IncrementalHoareTripleChecker+Unchecked, 0.0s IncrementalHoareTripleChecker+Time
[2026-06-06 01:17:48,392 INFO  L134       CoverageAnalysis]: Checked inductivity of 16 backedges. 5 proven. 1 refuted. 0 times theorem prover too weak. 10 trivial. 0 not checked.
[2026-06-06 01:17:48,392 INFO  L312         TraceCheckSpWp]: Computing backward predicates...
[2026-06-06 01:17:48,392 INFO  L224   CegarNwaWorkerThread]: Done with Thread: 149#
[2026-06-06 01:17:48,392 INFO  L489   CegarNwaWorkerThread]: SdHoareTripleChecker [12 Valid, 8 Invalid, 16 Unknown, 0 Unchecked, 0.0s Time], IncrementalHoareTripleChecker [1 Valid, 15 Invalid, 0 Unknown, 0 Unchecked, 0.0s Time]
[2026-06-06 01:17:48,392 INFO  L504   ParallelNwaCegarLoop]: Waking up, a worker is done.
[2026-06-06 01:17:48,392 INFO  L276   ParallelNwaCegarLoop]: Main: A Thread is Done
[2026-06-06 01:17:48,392 INFO  L196   CegarNwaWorkerThread]: WorkerThread: Thread[#149,Worker for -171547861,5,main] is Waiting for a Task
[2026-06-06 01:17:48,392 INFO  L294   ParallelNwaCegarLoop]: Worker Automaton Type: FLOYD_HOARE
[2026-06-06 01:17:48,392 INFO  L79                 Accepts]: Start accepts. Automaton has 15 states and 18 transitions. Word has length 14
[2026-06-06 01:17:48,392 INFO  L144             Difference]: Subtrahend was deterministic. Have not used determinization.
[2026-06-06 01:17:48,393 INFO  L224   CegarNwaWorkerThread]: Done with Thread: 80#
[2026-06-06 01:17:48,393 INFO  L93              Difference]: Finished difference Result 9 states and 12 transitions.
[2026-06-06 01:17:48,393 INFO  L85                 Accepts]: Finished accepts. word is rejected.
[2026-06-06 01:17:48,393 INFO  L196   CegarNwaWorkerThread]: WorkerThread: Thread[#80,Worker for 307754674,5,main] is Waiting for a Task
[2026-06-06 01:17:48,393 INFO  L616   ParallelNwaCegarLoop]: Recorded stale counterexample prefix coverage.
[2026-06-06 01:17:48,393 INFO  L296   ParallelNwaCegarLoop]: Refining Abstraction
[2026-06-06 01:17:48,393 INFO  L140   InterpolantAutomaton]: Switched to read-only mode: deterministic interpolant automaton has 5 states. 
[2026-06-06 01:17:48,393 INFO  L567   ParallelNwaCegarLoop]: Subtrahend traceHash: -171547861
[2026-06-06 01:17:48,393 INFO  L534   ParallelNwaCegarLoop]: Difference in Main
[2026-06-06 01:17:48,393 INFO  L225             Difference]: With dead ends: 9
[2026-06-06 01:17:48,393 INFO  L226             Difference]: Without dead ends: 9
[2026-06-06 01:17:48,393 INFO  L87              Difference]: Start difference. First operand 15 states and 18 transitions. Second operand  has 5 states, 4 states have (on average 3.75) internal successors, (15), 4 states have internal predecessors, (15), 0 states have call successors, (0), 0 states have call predecessors, (0), 0 states have return successors, (0), 0 states have call predecessors, (0), 0 states have call successors, (0)
[2026-06-06 01:17:48,393 INFO  L487   CegarNwaWorkerThread]: 0 DeclaredPredicates, 5 GetRequests, 1 SyntacticMatches, 0 SemanticMatches, 4 ConstructedPredicates, 0 IntricatePredicates, 0 DeprecatedPredicates, 1 ImplicationChecksByTransitivity, 0.0s TimeCoverageRelationStatistics Valid=13, Invalid=17, Unknown=0, NotChecked=0, Total=30
[2026-06-06 01:17:48,393 INFO  L144             Difference]: Subtrahend was deterministic. Have not used determinization.
[2026-06-06 01:17:48,393 INFO  L93              Difference]: Finished difference Result 15 states and 18 transitions.
[2026-06-06 01:17:48,393 INFO  L225             Difference]: With dead ends: 15
[2026-06-06 01:17:48,393 INFO  L226             Difference]: Without dead ends: 15
[2026-06-06 01:17:48,393 INFO  L111    AnnotateAndAsserter]: Assert order INSIDE_LOOP_FIRST1 issued 5 check-sat command(s) and asserted 16 of 16 statements.
[2026-06-06 01:17:48,393 INFO  L82        GeneralOperation]: Start minimizeSevpa. Operand 15 states.
[2026-06-06 01:17:48,393 INFO  L114    AnnotateAndAsserter]: Assert order INSIDE_LOOP_FIRST1 issued 5 check-sat command(s)
[2026-06-06 01:17:48,393 INFO  L115    AnnotateAndAsserter]: Conjunction of SSA is unsat
[2026-06-06 01:17:48,393 INFO  L488   CegarNwaWorkerThread]: 4 mSDtfsCounter, 12 mSDsluCounter, 4 mSDsCounter, 0 mSdLazyCounter, 15 mSolverCounterSat, 1 mSolverCounterUnsat, 0 mSolverCounterUnknown, 0 mSolverCounterNotChecked, 0.0s Time, 0 mProtectedPredicate, 0 mProtectedAction, 12 SdHoareTripleChecker+Valid, 8 SdHoareTripleChecker+Invalid, 16 SdHoareTripleChecker+Unknown, 0 SdHoareTripleChecker+Unchecked, 0.0s SdHoareTripleChecker+Time, 1 IncrementalHoareTripleChecker+Valid, 15 IncrementalHoareTripleChecker+Invalid, 0 IncrementalHoareTripleChecker+Unknown, 0 IncrementalHoareTripleChecker+Unchecked, 0.0s IncrementalHoareTripleChecker+Time
[2026-06-06 01:17:48,394 INFO  L489   CegarNwaWorkerThread]: SdHoareTripleChecker [12 Valid, 8 Invalid, 16 Unknown, 0 Unchecked, 0.0s Time], IncrementalHoareTripleChecker [1 Valid, 15 Invalid, 0 Unknown, 0 Unchecked, 0.0s Time]
[2026-06-06 01:17:48,394 INFO  L224   CegarNwaWorkerThread]: Done with Thread: 161#
[2026-06-06 01:17:48,394 INFO  L196   CegarNwaWorkerThread]: WorkerThread: Thread[#161,Worker for -1251148774,5,main] is Waiting for a Task
[2026-06-06 01:17:48,394 INFO  L88        GeneralOperation]: Finished minimizeSevpa. Reduced states from 15 to 15.
[2026-06-06 01:17:48,394 INFO  L82        GeneralOperation]: Start removeUnreachable. Operand  has 15 states, 14 states have (on average 1.2857142857142858) internal successors, (18), 14 states have internal predecessors, (18), 0 states have call successors, (0), 0 states have call predecessors, (0), 0 states have return successors, (0), 0 states have call predecessors, (0), 0 states have call successors, (0)
[2026-06-06 01:17:48,394 INFO  L144             Difference]: Subtrahend was deterministic. Have not used determinization.
[2026-06-06 01:17:48,394 INFO  L88        GeneralOperation]: Finished removeUnreachable. Reduced from 15 states to 15 states and 18 transitions.
[2026-06-06 01:17:48,394 INFO  L93              Difference]: Finished difference Result 9 states and 12 transitions.
[2026-06-06 01:17:48,394 INFO  L545   ParallelNwaCegarLoop]: Main: Refinement done.
[2026-06-06 01:17:48,394 INFO  L464   ParallelNwaCegarLoop]: Checking if program is safe
[2026-06-06 01:17:48,395 INFO  L140   InterpolantAutomaton]: Switched to read-only mode: deterministic interpolant automaton has 5 states. 
[2026-06-06 01:17:48,395 INFO  L290                IsEmpty]: Start isEmpty. Operand 15 states and 18 transitions.
[2026-06-06 01:17:48,395 INFO  L225             Difference]: With dead ends: 9
[2026-06-06 01:17:48,395 INFO  L226             Difference]: Without dead ends: 9
[2026-06-06 01:17:48,395 INFO  L300                IsEmpty]: Finished isEmpty. Found accepting run of length 15
[2026-06-06 01:17:48,395 INFO  L199           NwaCegarLoop]: Found error trace
[2026-06-06 01:17:48,395 INFO  L207           NwaCegarLoop]: trace histogram [5, 2, 2, 1, 1, 1, 1, 1]
[2026-06-06 01:17:48,395 INFO  L276   ParallelNwaCegarLoop]: Main: A Thread is Done
[2026-06-06 01:17:48,395 INFO  L487   CegarNwaWorkerThread]: 0 DeclaredPredicates, 5 GetRequests, 1 SyntacticMatches, 0 SemanticMatches, 4 ConstructedPredicates, 0 IntricatePredicates, 0 DeprecatedPredicates, 1 ImplicationChecksByTransitivity, 0.0s TimeCoverageRelationStatistics Valid=13, Invalid=17, Unknown=0, NotChecked=0, Total=30
[2026-06-06 01:17:48,395 INFO  L294   ParallelNwaCegarLoop]: Worker Automaton Type: FLOYD_HOARE
[2026-06-06 01:17:48,395 INFO  L79                 Accepts]: Start accepts. Automaton has 15 states and 18 transitions. Word has length 12
[2026-06-06 01:17:48,395 INFO  L85                 Accepts]: Finished accepts. word is rejected.
[2026-06-06 01:17:48,395 INFO  L616   ParallelNwaCegarLoop]: Recorded stale counterexample prefix coverage.
[2026-06-06 01:17:48,395 INFO  L296   ParallelNwaCegarLoop]: Refining Abstraction
[2026-06-06 01:17:48,395 INFO  L567   ParallelNwaCegarLoop]: Subtrahend traceHash: 307754674
[2026-06-06 01:17:48,395 INFO  L488   CegarNwaWorkerThread]: 4 mSDtfsCounter, 12 mSDsluCounter, 4 mSDsCounter, 0 mSdLazyCounter, 15 mSolverCounterSat, 1 mSolverCounterUnsat, 0 mSolverCounterUnknown, 0 mSolverCounterNotChecked, 0.0s Time, 0 mProtectedPredicate, 0 mProtectedAction, 12 SdHoareTripleChecker+Valid, 8 SdHoareTripleChecker+Invalid, 16 SdHoareTripleChecker+Unknown, 0 SdHoareTripleChecker+Unchecked, 0.0s SdHoareTripleChecker+Time, 1 IncrementalHoareTripleChecker+Valid, 15 IncrementalHoareTripleChecker+Invalid, 0 IncrementalHoareTripleChecker+Unknown, 0 IncrementalHoareTripleChecker+Unchecked, 0.0s IncrementalHoareTripleChecker+Time
[2026-06-06 01:17:48,395 INFO  L534   ParallelNwaCegarLoop]: Difference in Main
[2026-06-06 01:17:48,396 INFO  L489   CegarNwaWorkerThread]: SdHoareTripleChecker [12 Valid, 8 Invalid, 16 Unknown, 0 Unchecked, 0.0s Time], IncrementalHoareTripleChecker [1 Valid, 15 Invalid, 0 Unknown, 0 Unchecked, 0.0s Time]
[2026-06-06 01:17:48,396 INFO  L87              Difference]: Start difference. First operand 15 states and 18 transitions. Second operand  has 5 states, 4 states have (on average 3.75) internal successors, (15), 4 states have internal predecessors, (15), 0 states have call successors, (0), 0 states have call predecessors, (0), 0 states have return successors, (0), 0 states have call predecessors, (0), 0 states have call successors, (0)
[2026-06-06 01:17:48,396 INFO  L108    AnnotateAndAsserter]: Assert order TERMS_WITH_SMALL_CONSTANTS_FIRST partitioned 13 statements into 2 equivalence classes.
[2026-06-06 01:17:48,396 INFO  L144             Difference]: Subtrahend was deterministic. Have not used determinization.
[2026-06-06 01:17:48,396 INFO  L224   CegarNwaWorkerThread]: Done with Thread: 131#
[2026-06-06 01:17:48,396 INFO  L93              Difference]: Finished difference Result 15 states and 18 transitions.
[2026-06-06 01:17:48,396 INFO  L196   CegarNwaWorkerThread]: WorkerThread: Thread[#131,Worker for 236936802,5,main] is Waiting for a Task
[2026-06-06 01:17:48,396 INFO  L225             Difference]: With dead ends: 15
[2026-06-06 01:17:48,396 INFO  L226             Difference]: Without dead ends: 15
[2026-06-06 01:17:48,396 INFO  L82        GeneralOperation]: Start minimizeSevpa. Operand 15 states.
[2026-06-06 01:17:48,397 INFO  L88        GeneralOperation]: Finished minimizeSevpa. Reduced states from 15 to 15.
[2026-06-06 01:17:48,397 INFO  L82        GeneralOperation]: Start removeUnreachable. Operand  has 15 states, 14 states have (on average 1.2857142857142858) internal successors, (18), 14 states have internal predecessors, (18), 0 states have call successors, (0), 0 states have call predecessors, (0), 0 states have return successors, (0), 0 states have call predecessors, (0), 0 states have call successors, (0)
[2026-06-06 01:17:48,397 INFO  L88        GeneralOperation]: Finished removeUnreachable. Reduced from 15 states to 15 states and 18 transitions.
[2026-06-06 01:17:48,397 INFO  L545   ParallelNwaCegarLoop]: Main: Refinement done.
[2026-06-06 01:17:48,397 INFO  L464   ParallelNwaCegarLoop]: Checking if program is safe
[2026-06-06 01:17:48,397 INFO  L290                IsEmpty]: Start isEmpty. Operand 15 states and 18 transitions.
[2026-06-06 01:17:48,397 INFO  L300                IsEmpty]: Finished isEmpty. Found accepting run of length 15
[2026-06-06 01:17:48,397 INFO  L199           NwaCegarLoop]: Found error trace
[2026-06-06 01:17:48,397 INFO  L207           NwaCegarLoop]: trace histogram [5, 2, 2, 1, 1, 1, 1, 1]
[2026-06-06 01:17:48,397 INFO  L276   ParallelNwaCegarLoop]: Main: A Thread is Done
[2026-06-06 01:17:48,397 INFO  L294   ParallelNwaCegarLoop]: Worker Automaton Type: FLOYD_HOARE
[2026-06-06 01:17:48,397 INFO  L79                 Accepts]: Start accepts. Automaton has 15 states and 18 transitions. Word has length 12
[2026-06-06 01:17:48,397 INFO  L85                 Accepts]: Finished accepts. word is rejected.
[2026-06-06 01:17:48,397 INFO  L616   ParallelNwaCegarLoop]: Recorded stale counterexample prefix coverage.
[2026-06-06 01:17:48,398 INFO  L296   ParallelNwaCegarLoop]: Refining Abstraction
[2026-06-06 01:17:48,398 INFO  L567   ParallelNwaCegarLoop]: Subtrahend traceHash: -1251148774
[2026-06-06 01:17:48,398 INFO  L534   ParallelNwaCegarLoop]: Difference in Main
[2026-06-06 01:17:48,398 INFO  L87              Difference]: Start difference. First operand 15 states and 18 transitions. Second operand  has 5 states, 4 states have (on average 3.75) internal successors, (15), 4 states have internal predecessors, (15), 0 states have call successors, (0), 0 states have call predecessors, (0), 0 states have return successors, (0), 0 states have call predecessors, (0), 0 states have call successors, (0)
[2026-06-06 01:17:48,398 INFO  L144             Difference]: Subtrahend was deterministic. Have not used determinization.
[2026-06-06 01:17:48,398 INFO  L93              Difference]: Finished difference Result 15 states and 18 transitions.
[2026-06-06 01:17:48,398 INFO  L225             Difference]: With dead ends: 15
[2026-06-06 01:17:48,398 INFO  L226             Difference]: Without dead ends: 15
[2026-06-06 01:17:48,398 INFO  L82        GeneralOperation]: Start minimizeSevpa. Operand 15 states.
[2026-06-06 01:17:48,398 INFO  L88        GeneralOperation]: Finished minimizeSevpa. Reduced states from 15 to 15.
[2026-06-06 01:17:48,399 INFO  L82        GeneralOperation]: Start removeUnreachable. Operand  has 15 states, 14 states have (on average 1.2857142857142858) internal successors, (18), 14 states have internal predecessors, (18), 0 states have call successors, (0), 0 states have call predecessors, (0), 0 states have return successors, (0), 0 states have call predecessors, (0), 0 states have call successors, (0)
[2026-06-06 01:17:48,399 INFO  L88        GeneralOperation]: Finished removeUnreachable. Reduced from 15 states to 15 states and 18 transitions.
[2026-06-06 01:17:48,399 INFO  L545   ParallelNwaCegarLoop]: Main: Refinement done.
[2026-06-06 01:17:48,399 INFO  L464   ParallelNwaCegarLoop]: Checking if program is safe
[2026-06-06 01:17:48,399 INFO  L290                IsEmpty]: Start isEmpty. Operand 15 states and 18 transitions.
[2026-06-06 01:17:48,399 INFO  L300                IsEmpty]: Finished isEmpty. Found accepting run of length 15
[2026-06-06 01:17:48,399 INFO  L199           NwaCegarLoop]: Found error trace
[2026-06-06 01:17:48,399 INFO  L111    AnnotateAndAsserter]: Assert order OUTSIDE_LOOP_FIRST1 issued 2 check-sat command(s) and asserted 14 of 14 statements.
[2026-06-06 01:17:48,399 INFO  L207           NwaCegarLoop]: trace histogram [5, 2, 2, 1, 1, 1, 1, 1]
[2026-06-06 01:17:48,399 INFO  L114    AnnotateAndAsserter]: Assert order OUTSIDE_LOOP_FIRST1 issued 2 check-sat command(s)
[2026-06-06 01:17:48,399 INFO  L276   ParallelNwaCegarLoop]: Main: A Thread is Done
[2026-06-06 01:17:48,399 INFO  L115    AnnotateAndAsserter]: Conjunction of SSA is unsat
[2026-06-06 01:17:48,400 INFO  L294   ParallelNwaCegarLoop]: Worker Automaton Type: FLOYD_HOARE
[2026-06-06 01:17:48,400 INFO  L79                 Accepts]: Start accepts. Automaton has 15 states and 18 transitions. Word has length 14
[2026-06-06 01:17:48,400 INFO  L85                 Accepts]: Finished accepts. word is rejected.
[2026-06-06 01:17:48,400 INFO  L616   ParallelNwaCegarLoop]: Recorded stale counterexample prefix coverage.
[2026-06-06 01:17:48,400 INFO  L296   ParallelNwaCegarLoop]: Refining Abstraction
[2026-06-06 01:17:48,400 INFO  L567   ParallelNwaCegarLoop]: Subtrahend traceHash: 236936802
[2026-06-06 01:17:48,400 INFO  L534   ParallelNwaCegarLoop]: Difference in Main
[2026-06-06 01:17:48,400 INFO  L87              Difference]: Start difference. First operand 15 states and 18 transitions. Second operand  has 5 states, 4 states have (on average 3.75) internal successors, (15), 4 states have internal predecessors, (15), 0 states have call successors, (0), 0 states have call predecessors, (0), 0 states have return successors, (0), 0 states have call predecessors, (0), 0 states have call successors, (0)
[2026-06-06 01:17:48,400 INFO  L144             Difference]: Subtrahend was deterministic. Have not used determinization.
[2026-06-06 01:17:48,400 INFO  L256         TraceCheckSpWp]: Trace formula consists of 94 conjuncts, 7 conjuncts are in the unsatisfiable core
[2026-06-06 01:17:48,400 INFO  L93              Difference]: Finished difference Result 15 states and 18 transitions.
[2026-06-06 01:17:48,400 INFO  L225             Difference]: With dead ends: 15
[2026-06-06 01:17:48,400 INFO  L226             Difference]: Without dead ends: 15
[2026-06-06 01:17:48,400 INFO  L82        GeneralOperation]: Start minimizeSevpa. Operand 15 states.
[2026-06-06 01:17:48,401 INFO  L88        GeneralOperation]: Finished minimizeSevpa. Reduced states from 15 to 15.
[2026-06-06 01:17:48,401 INFO  L82        GeneralOperation]: Start removeUnreachable. Operand  has 15 states, 14 states have (on average 1.2857142857142858) internal successors, (18), 14 states have internal predecessors, (18), 0 states have call successors, (0), 0 states have call predecessors, (0), 0 states have return successors, (0), 0 states have call predecessors, (0), 0 states have call successors, (0)
[2026-06-06 01:17:48,401 INFO  L279         TraceCheckSpWp]: Computing forward predicates...
[2026-06-06 01:17:48,401 INFO  L88        GeneralOperation]: Finished removeUnreachable. Reduced from 15 states to 15 states and 18 transitions.
[2026-06-06 01:17:48,401 INFO  L545   ParallelNwaCegarLoop]: Main: Refinement done.
[2026-06-06 01:17:48,401 INFO  L464   ParallelNwaCegarLoop]: Checking if program is safe
[2026-06-06 01:17:48,401 INFO  L290                IsEmpty]: Start isEmpty. Operand 15 states and 18 transitions.
[2026-06-06 01:17:48,401 INFO  L300                IsEmpty]: Finished isEmpty. Found accepting run of length 15
[2026-06-06 01:17:48,401 INFO  L199           NwaCegarLoop]: Found error trace
[2026-06-06 01:17:48,401 INFO  L207           NwaCegarLoop]: trace histogram [5, 2, 2, 1, 1, 1, 1, 1]
[2026-06-06 01:17:48,401 INFO  L319   ParallelNwaCegarLoop]: No more worker results to process
[2026-06-06 01:17:48,401 INFO  L290                IsEmpty]: Start isEmpty. Operand 15 states and 18 transitions.
[2026-06-06 01:17:48,402 INFO  L300                IsEmpty]: Finished isEmpty. Found accepting run of length 15
[2026-06-06 01:17:48,402 WARN  L753                IsEmpty]: Correctness of emptinessCheck not tested.
[2026-06-06 01:17:48,402 INFO  L79                 Accepts]: Start accepts. Automaton has 15 states and 18 transitions. Word has length 14
[2026-06-06 01:17:48,402 INFO  L85                 Accepts]: Finished accepts. word is accepted.
[2026-06-06 01:17:48,402 INFO  L757                IsEmpty]: Finished testing correctness of emptinessCheck
[2026-06-06 01:17:48,402 INFO  L884   ParallelNwaCegarLoop]: BFS found an active duplicate counterexample.
[2026-06-06 01:17:48,402 INFO  L290                IsEmpty]: Start isEmptyParallel. Operand 15 states and 18 transitions.
[2026-06-06 01:17:48,402 INFO  L300                IsEmpty]: Finished isEmptyParallel. No accepting run.
[2026-06-06 01:17:48,402 INFO  L156        IsEmptyParallel]: Start isEmptyParallel. Operand 15 states and 18 transitions.
[2026-06-06 01:17:48,402 INFO  L182       IsEmptyHeuristic]: Start isEmptyHeuristic. Operand 15 states and 18 transitions.
[2026-06-06 01:17:48,402 INFO  L188       IsEmptyHeuristic]: Finished isEmptyHeuristic. Found accepting run of length 17
[2026-06-06 01:17:48,402 INFO  L163        IsEmptyParallel]: Finished isEmptyParallel. Found accepting run of length 17
[2026-06-06 01:17:48,402 WARN  L753                IsEmpty]: Correctness of emptinessCheck not tested.
[2026-06-06 01:17:48,402 INFO  L79                 Accepts]: Start accepts. Automaton has 15 states and 18 transitions. Word has length 16
[2026-06-06 01:17:48,402 INFO  L85                 Accepts]: Finished accepts. word is accepted.
[2026-06-06 01:17:48,402 INFO  L757                IsEmpty]: Finished testing correctness of emptinessCheck
[2026-06-06 01:17:48,403 INFO  L880   ParallelNwaCegarLoop]: Found new Counterexample via IsEmptyParallel LCPS!
[2026-06-06 01:17:48,403 INFO  L108    AnnotateAndAsserter]: Assert order TERMS_WITH_SMALL_CONSTANTS_FIRST partitioned 14 statements into 2 equivalence classes.
[2026-06-06 01:17:48,403 INFO  L86        PathProgramCache]: Analyzing trace with hash 62897531, now seen corresponding path program 12 times
[2026-06-06 01:17:48,403 INFO  L484   ParallelNwaCegarLoop]: Main: Starting Thread
[2026-06-06 01:17:48,403 INFO  L209   CegarNwaWorkerThread]: Starting Thread: 149# for Trace Check: 62897531
[2026-06-06 01:17:48,403 INFO  L290                IsEmpty]: Start isEmptyParallel. Operand 15 states and 18 transitions.
[2026-06-06 01:17:48,403 INFO  L300                IsEmpty]: Finished isEmptyParallel. No accepting run.
[2026-06-06 01:17:48,403 INFO  L156        IsEmptyParallel]: Start isEmptyParallel. Operand 15 states and 18 transitions.
[2026-06-06 01:17:48,403 INFO  L156       PredicateUnifier]: Initialized classic predicate unifier
[2026-06-06 01:17:48,403 INFO  L86        PathProgramCache]: Analyzing trace with hash 62897531, now seen corresponding path program 12 times
[2026-06-06 01:17:48,403 INFO  L182       IsEmptyHeuristic]: Start isEmptyHeuristic. Operand 15 states and 18 transitions.
[2026-06-06 01:17:48,403 INFO  L188       IsEmptyHeuristic]: Finished isEmptyHeuristic. Found accepting run of length 16
[2026-06-06 01:17:48,403 INFO  L118   FreeRefinementEngine]: Executing refinement strategy CAMEL
[2026-06-06 01:17:48,403 INFO  L163        IsEmptyParallel]: Finished isEmptyParallel. Found accepting run of length 16
[2026-06-06 01:17:48,403 INFO  L324   FreeRefinementEngine]: Using trace check IpTcStrategyModuleSmtInterpolCraig [1205093551]
[2026-06-06 01:17:48,403 WARN  L753                IsEmpty]: Correctness of emptinessCheck not tested.
[2026-06-06 01:17:48,403 INFO  L134       CoverageAnalysis]: Checked inductivity of 19 backedges. 5 proven. 0 refuted. 0 times theorem prover too weak. 14 trivial. 0 not checked.
[2026-06-06 01:17:48,403 INFO  L136   FreeRefinementEngine]: Strategy CAMEL found an infeasible trace
[2026-06-06 01:17:48,403 INFO  L324   FreeRefinementEngine]: Using interpolant generator IpTcStrategyModuleSmtInterpolCraig [1455201913]
[2026-06-06 01:17:48,403 INFO  L108    AnnotateAndAsserter]: Assert order MIX_INSIDE_OUTSIDE partitioned 13 statements into 3 equivalence classes.
[2026-06-06 01:17:48,403 INFO  L95    rtionOrderModulation]: Changing assertion order to MIX_INSIDE_OUTSIDE
[2026-06-06 01:17:48,403 INFO  L111    AnnotateAndAsserter]: Assert order TERMS_WITH_SMALL_CONSTANTS_FIRST issued 1 check-sat command(s) and asserted 13 of 13 statements.
[2026-06-06 01:17:48,404 INFO  L127          SolverBuilder]: Constructing new instance of SMTInterpol with explicit timeout -1 ms and remaining time -1 ms
[2026-06-06 01:17:48,403 INFO  L158   FreeRefinementEngine]: IpTcStrategyModuleSmtInterpolCraig [1455201913] provided 1 perfect and 0 imperfect interpolant sequences
[2026-06-06 01:17:48,403 INFO  L79                 Accepts]: Start accepts. Automaton has 15 states and 18 transitions. Word has length 15
[2026-06-06 01:17:48,404 INFO  L85                 Accepts]: Finished accepts. word is accepted.
[2026-06-06 01:17:48,404 INFO  L757                IsEmpty]: Finished testing correctness of emptinessCheck
[2026-06-06 01:17:48,404 INFO  L880   ParallelNwaCegarLoop]: Found new Counterexample via IsEmptyParallel LCPS!
[2026-06-06 01:17:48,404 INFO  L86        PathProgramCache]: Analyzing trace with hash -1369228366, now seen corresponding path program 13 times
[2026-06-06 01:17:48,404 INFO  L484   ParallelNwaCegarLoop]: Main: Starting Thread
[2026-06-06 01:17:48,404 INFO  L290                IsEmpty]: Start isEmptyParallel. Operand 15 states and 18 transitions.
[2026-06-06 01:17:48,404 INFO  L300                IsEmpty]: Finished isEmptyParallel. No accepting run.
[2026-06-06 01:17:48,404 INFO  L156        IsEmptyParallel]: Start isEmptyParallel. Operand 15 states and 18 transitions.
[2026-06-06 01:17:48,404 INFO  L182       IsEmptyHeuristic]: Start isEmptyHeuristic. Operand 15 states and 18 transitions.
[2026-06-06 01:17:48,404 INFO  L188       IsEmptyHeuristic]: Finished isEmptyHeuristic. Found accepting run of length 18
[2026-06-06 01:17:48,404 INFO  L163        IsEmptyParallel]: Finished isEmptyParallel. Found accepting run of length 18
[2026-06-06 01:17:48,404 WARN  L753                IsEmpty]: Correctness of emptinessCheck not tested.
[2026-06-06 01:17:48,404 INFO  L79                 Accepts]: Start accepts. Automaton has 15 states and 18 transitions. Word has length 17
[2026-06-06 01:17:48,405 INFO  L85                 Accepts]: Finished accepts. word is accepted.
[2026-06-06 01:17:48,405 INFO  L757                IsEmpty]: Finished testing correctness of emptinessCheck
[2026-06-06 01:17:48,404 INFO  L185   FreeRefinementEngine]: Found 1 perfect and 0 imperfect interpolant sequences.
[2026-06-06 01:17:48,404 INFO  L114    AnnotateAndAsserter]: Assert order TERMS_WITH_SMALL_CONSTANTS_FIRST issued 1 check-sat command(s)
[2026-06-06 01:17:48,405 INFO  L115    AnnotateAndAsserter]: Conjunction of SSA is unsat
[2026-06-06 01:17:48,405 INFO  L198   FreeRefinementEngine]: Number of different interpolants: perfect sequences [4] imperfect sequences [] total 4
[2026-06-06 01:17:48,405 INFO  L122   tionRefinementEngine]: Using interpolant automaton builder IpAbStrategyModuleStraightlineAll [524182771]
[2026-06-06 01:17:48,405 INFO  L85    oduleStraightlineAll]: Using 1 perfect interpolants to construct interpolant automaton
[2026-06-06 01:17:48,405 INFO  L100   FreeRefinementEngine]: Using predicate unifier PredicateUnifier provided by strategy CAMEL
[2026-06-06 01:17:48,405 INFO  L880   ParallelNwaCegarLoop]: Found new Counterexample via IsEmptyParallel LCPS!
[2026-06-06 01:17:48,404 INFO  L209   CegarNwaWorkerThread]: Starting Thread: 80# for Trace Check: -1369228366
[2026-06-06 01:17:48,405 INFO  L86        PathProgramCache]: Analyzing trace with hash 1423503185, now seen corresponding path program 14 times
[2026-06-06 01:17:48,405 INFO  L144   InterpolantAutomaton]: Constructing interpolant automaton starting with 4 interpolants.
[2026-06-06 01:17:48,405 INFO  L484   ParallelNwaCegarLoop]: Main: Starting Thread
[2026-06-06 01:17:48,405 INFO  L146   InterpolantAutomaton]: CoverageRelationStatistics Valid=6, Invalid=6, Unknown=0, NotChecked=0, Total=12
[2026-06-06 01:17:48,405 INFO  L419   CegarNwaWorkerThread]: Difference in Worker for Generalization
[2026-06-06 01:17:48,405 INFO  L290                IsEmpty]: Start isEmptyParallel. Operand 15 states and 18 transitions.
[2026-06-06 01:17:48,405 INFO  L256         TraceCheckSpWp]: Trace formula consists of 88 conjuncts, 6 conjuncts are in the unsatisfiable core
[2026-06-06 01:17:48,405 INFO  L87              Difference]: Start difference. First operand  has 6 states, 5 states have (on average 1.8) internal successors, (9), 5 states have internal predecessors, (9), 0 states have call successors, (0), 0 states have call predecessors, (0), 0 states have return successors, (0), 0 states have call predecessors, (0), 0 states have call successors, (0) Second operand  has 4 states, 4 states have (on average 2.0) internal successors, (8), 4 states have internal predecessors, (8), 0 states have call successors, (0), 0 states have call predecessors, (0), 0 states have return successors, (0), 0 states have call predecessors, (0), 0 states have call successors, (0)
[2026-06-06 01:17:48,405 INFO  L300                IsEmpty]: Finished isEmptyParallel. No accepting run.
[2026-06-06 01:17:48,405 INFO  L156        IsEmptyParallel]: Start isEmptyParallel. Operand 15 states and 18 transitions.
[2026-06-06 01:17:48,405 INFO  L156       PredicateUnifier]: Initialized classic predicate unifier
[2026-06-06 01:17:48,406 INFO  L86        PathProgramCache]: Analyzing trace with hash -1369228366, now seen corresponding path program 13 times
[2026-06-06 01:17:48,406 INFO  L118   FreeRefinementEngine]: Executing refinement strategy CAMEL
[2026-06-06 01:17:48,406 INFO  L324   FreeRefinementEngine]: Using trace check IpTcStrategyModuleSmtInterpolCraig [692723174]
[2026-06-06 01:17:48,406 INFO  L95    rtionOrderModulation]: Changing assertion order to NOT_INCREMENTALLY
[2026-06-06 01:17:48,406 INFO  L127          SolverBuilder]: Constructing new instance of SMTInterpol with explicit timeout -1 ms and remaining time -1 ms
[2026-06-06 01:17:48,406 INFO  L182       IsEmptyHeuristic]: Start isEmptyHeuristic. Operand 15 states and 18 transitions.
[2026-06-06 01:17:48,406 INFO  L188       IsEmptyHeuristic]: Finished isEmptyHeuristic. Found accepting run of length 18
[2026-06-06 01:17:48,406 INFO  L279         TraceCheckSpWp]: Computing forward predicates...
[2026-06-06 01:17:48,407 INFO  L163        IsEmptyParallel]: Finished isEmptyParallel. Found accepting run of length 18
[2026-06-06 01:17:48,407 WARN  L753                IsEmpty]: Correctness of emptinessCheck not tested.
[2026-06-06 01:17:48,407 INFO  L79                 Accepts]: Start accepts. Automaton has 15 states and 18 transitions. Word has length 17
[2026-06-06 01:17:48,407 INFO  L85                 Accepts]: Finished accepts. word is accepted.
[2026-06-06 01:17:48,407 INFO  L757                IsEmpty]: Finished testing correctness of emptinessCheck
[2026-06-06 01:17:48,407 INFO  L880   ParallelNwaCegarLoop]: Found new Counterexample via IsEmptyParallel LCPS!
[2026-06-06 01:17:48,407 INFO  L209   CegarNwaWorkerThread]: Starting Thread: 161# for Trace Check: 1423503185
[2026-06-06 01:17:48,407 INFO  L86        PathProgramCache]: Analyzing trace with hash -1566256462, now seen corresponding path program 15 times
[2026-06-06 01:17:48,407 INFO  L484   ParallelNwaCegarLoop]: Main: Starting Thread
[2026-06-06 01:17:48,407 INFO  L134       CoverageAnalysis]: Checked inductivity of 14 backedges. 0 proven. 1 refuted. 0 times theorem prover too weak. 13 trivial. 0 not checked.
[2026-06-06 01:17:48,407 INFO  L312         TraceCheckSpWp]: Computing backward predicates...
[2026-06-06 01:17:48,407 INFO  L156       PredicateUnifier]: Initialized classic predicate unifier
[2026-06-06 01:17:48,407 INFO  L86        PathProgramCache]: Analyzing trace with hash 1423503185, now seen corresponding path program 14 times
[2026-06-06 01:17:48,407 INFO  L266   ParallelNwaCegarLoop]: === Iteration 7 ===
[2026-06-06 01:17:48,407 INFO  L501   ParallelNwaCegarLoop]: All threads busy, going to sleep.
[2026-06-06 01:17:48,407 INFO  L118   FreeRefinementEngine]: Executing refinement strategy CAMEL
[2026-06-06 01:17:48,407 INFO  L324   FreeRefinementEngine]: Using trace check IpTcStrategyModuleSmtInterpolCraig [1996753164]
[2026-06-06 01:17:48,407 INFO  L95    rtionOrderModulation]: Changing assertion order to OUTSIDE_LOOP_FIRST1
[2026-06-06 01:17:48,408 INFO  L127          SolverBuilder]: Constructing new instance of SMTInterpol with explicit timeout -1 ms and remaining time -1 ms
[2026-06-06 01:17:48,408 INFO  L209   CegarNwaWorkerThread]: Starting Thread: 131# for Trace Check: -1566256462
[2026-06-06 01:17:48,408 INFO  L156       PredicateUnifier]: Initialized classic predicate unifier
[2026-06-06 01:17:48,408 INFO  L86        PathProgramCache]: Analyzing trace with hash -1566256462, now seen corresponding path program 15 times
[2026-06-06 01:17:48,408 INFO  L118   FreeRefinementEngine]: Executing refinement strategy CAMEL
[2026-06-06 01:17:48,408 INFO  L324   FreeRefinementEngine]: Using trace check IpTcStrategyModuleSmtInterpolCraig [941801482]
[2026-06-06 01:17:48,408 INFO  L95    rtionOrderModulation]: Changing assertion order to OUTSIDE_LOOP_FIRST2
[2026-06-06 01:17:48,408 INFO  L127          SolverBuilder]: Constructing new instance of SMTInterpol with explicit timeout -1 ms and remaining time -1 ms
[2026-06-06 01:17:48,408 INFO  L134       CoverageAnalysis]: Checked inductivity of 11 backedges. 0 proven. 1 refuted. 0 times theorem prover too weak. 10 trivial. 0 not checked.
[2026-06-06 01:17:48,409 INFO  L312         TraceCheckSpWp]: Computing backward predicates...
[2026-06-06 01:17:48,409 INFO  L108    AnnotateAndAsserter]: Assert order MIX_INSIDE_OUTSIDE partitioned 16 statements into 4 equivalence classes.
[2026-06-06 01:17:48,409 INFO  L144             Difference]: Subtrahend was deterministic. Have not used determinization.
[2026-06-06 01:17:48,409 INFO  L93              Difference]: Finished difference Result 4 states and 6 transitions.
[2026-06-06 01:17:48,410 INFO  L140   InterpolantAutomaton]: Switched to read-only mode: deterministic interpolant automaton has 4 states. 
[2026-06-06 01:17:48,410 INFO  L225             Difference]: With dead ends: 4
[2026-06-06 01:17:48,410 INFO  L226             Difference]: Without dead ends: 0
[2026-06-06 01:17:48,410 INFO  L487   CegarNwaWorkerThread]: 0 DeclaredPredicates, 4 GetRequests, 2 SyntacticMatches, 0 SemanticMatches, 2 ConstructedPredicates, 0 IntricatePredicates, 0 DeprecatedPredicates, 0 ImplicationChecksByTransitivity, 0.0s TimeCoverageRelationStatistics Valid=6, Invalid=6, Unknown=0, NotChecked=0, Total=12
[2026-06-06 01:17:48,410 INFO  L108    AnnotateAndAsserter]: Assert order NOT_INCREMENTALLY partitioned 15 statements into 1 equivalence classes.
[2026-06-06 01:17:48,410 INFO  L488   CegarNwaWorkerThread]: 4 mSDtfsCounter, 2 mSDsluCounter, 0 mSDsCounter, 0 mSdLazyCounter, 4 mSolverCounterSat, 1 mSolverCounterUnsat, 0 mSolverCounterUnknown, 0 mSolverCounterNotChecked, 0.0s Time, 0 mProtectedPredicate, 0 mProtectedAction, 2 SdHoareTripleChecker+Valid, 4 SdHoareTripleChecker+Invalid, 5 SdHoareTripleChecker+Unknown, 0 SdHoareTripleChecker+Unchecked, 0.0s SdHoareTripleChecker+Time, 1 IncrementalHoareTripleChecker+Valid, 4 IncrementalHoareTripleChecker+Invalid, 0 IncrementalHoareTripleChecker+Unknown, 0 IncrementalHoareTripleChecker+Unchecked, 0.0s IncrementalHoareTripleChecker+Time
[2026-06-06 01:17:48,410 INFO  L489   CegarNwaWorkerThread]: SdHoareTripleChecker [2 Valid, 4 Invalid, 5 Unknown, 0 Unchecked, 0.0s Time], IncrementalHoareTripleChecker [1 Valid, 4 Invalid, 0 Unknown, 0 Unchecked, 0.0s Time]
[2026-06-06 01:17:48,410 INFO  L224   CegarNwaWorkerThread]: Done with Thread: 143#
[2026-06-06 01:17:48,410 INFO  L196   CegarNwaWorkerThread]: WorkerThread: Thread[#143,Worker for -559725359,5,main] is Waiting for a Task
[2026-06-06 01:17:48,410 INFO  L504   ParallelNwaCegarLoop]: Waking up, a worker is done.
[2026-06-06 01:17:48,411 INFO  L276   ParallelNwaCegarLoop]: Main: A Thread is Done
[2026-06-06 01:17:48,411 INFO  L294   ParallelNwaCegarLoop]: Worker Automaton Type: FLOYD_HOARE
[2026-06-06 01:17:48,411 INFO  L79                 Accepts]: Start accepts. Automaton has 15 states and 18 transitions. Word has length 13
[2026-06-06 01:17:48,411 INFO  L85                 Accepts]: Finished accepts. word is rejected.
[2026-06-06 01:17:48,411 INFO  L616   ParallelNwaCegarLoop]: Recorded stale counterexample prefix coverage.
[2026-06-06 01:17:48,411 INFO  L296   ParallelNwaCegarLoop]: Refining Abstraction
[2026-06-06 01:17:48,411 INFO  L567   ParallelNwaCegarLoop]: Subtrahend traceHash: -559725359
[2026-06-06 01:17:48,411 INFO  L534   ParallelNwaCegarLoop]: Difference in Main
[2026-06-06 01:17:48,411 INFO  L87              Difference]: Start difference. First operand 15 states and 18 transitions. Second operand  has 4 states, 3 states have (on average 2.3333333333333335) internal successors, (7), 3 states have internal predecessors, (7), 0 states have call successors, (0), 0 states have call predecessors, (0), 0 states have return successors, (0), 0 states have call predecessors, (0), 0 states have call successors, (0)
[2026-06-06 01:17:48,411 INFO  L144             Difference]: Subtrahend was deterministic. Have not used determinization.
[2026-06-06 01:17:48,411 INFO  L93              Difference]: Finished difference Result 13 states and 16 transitions.
[2026-06-06 01:17:48,411 INFO  L225             Difference]: With dead ends: 13
[2026-06-06 01:17:48,411 INFO  L226             Difference]: Without dead ends: 0
[2026-06-06 01:17:48,411 INFO  L82        GeneralOperation]: Start minimizeSevpa. Operand 0 states.
[2026-06-06 01:17:48,411 INFO  L88        GeneralOperation]: Finished minimizeSevpa. Reduced states from 0 to 0.
[2026-06-06 01:17:48,411 INFO  L111    AnnotateAndAsserter]: Assert order TERMS_WITH_SMALL_CONSTANTS_FIRST issued 1 check-sat command(s) and asserted 14 of 14 statements.
[2026-06-06 01:17:48,411 INFO  L114    AnnotateAndAsserter]: Assert order TERMS_WITH_SMALL_CONSTANTS_FIRST issued 1 check-sat command(s)
[2026-06-06 01:17:48,411 INFO  L115    AnnotateAndAsserter]: Conjunction of SSA is unsat
[2026-06-06 01:17:48,411 INFO  L82        GeneralOperation]: Start removeUnreachable. Operand  has 0 states, 0 states have (on average 0.0) internal successors, (0), 0 states have internal predecessors, (0), 0 states have call successors, (0), 0 states have call predecessors, (0), 0 states have return successors, (0), 0 states have call predecessors, (0), 0 states have call successors, (0)
[2026-06-06 01:17:48,411 INFO  L88        GeneralOperation]: Finished removeUnreachable. Reduced from 0 states to 0 states and 0 transitions.
[2026-06-06 01:17:48,411 INFO  L545   ParallelNwaCegarLoop]: Main: Refinement done.
[2026-06-06 01:17:48,411 INFO  L464   ParallelNwaCegarLoop]: Checking if program is safe
[2026-06-06 01:17:48,411 INFO  L290                IsEmpty]: Start isEmpty. Operand 0 states and 0 transitions.
[2026-06-06 01:17:48,411 INFO  L300                IsEmpty]: Finished isEmpty. No accepting run.
[2026-06-06 01:17:48,412 INFO  L256         TraceCheckSpWp]: Trace formula consists of 97 conjuncts, 5 conjuncts are in the unsatisfiable core
[2026-06-06 01:17:48,412 INFO  L279         TraceCheckSpWp]: Computing forward predicates...
[2026-06-06 01:17:48,413 INFO  L111    AnnotateAndAsserter]: Assert order NOT_INCREMENTALLY issued 1 check-sat command(s) and asserted 15 of 15 statements.
[2026-06-06 01:17:48,413 INFO  L114    AnnotateAndAsserter]: Assert order NOT_INCREMENTALLY issued 1 check-sat command(s)
[2026-06-06 01:17:48,413 INFO  L115    AnnotateAndAsserter]: Conjunction of SSA is unsat
[2026-06-06 01:17:48,413 INFO  L111    AnnotateAndAsserter]: Assert order MIX_INSIDE_OUTSIDE issued 3 check-sat command(s) and asserted 13 of 13 statements.
[2026-06-06 01:17:48,413 INFO  L114    AnnotateAndAsserter]: Assert order MIX_INSIDE_OUTSIDE issued 3 check-sat command(s)
[2026-06-06 01:17:48,413 INFO  L115    AnnotateAndAsserter]: Conjunction of SSA is unsat
[2026-06-06 01:17:48,414 INFO  L256         TraceCheckSpWp]: Trace formula consists of 91 conjuncts, 5 conjuncts are in the unsatisfiable core
[2026-06-06 01:17:48,414 INFO  L108    AnnotateAndAsserter]: Assert order OUTSIDE_LOOP_FIRST1 partitioned 17 statements into 2 equivalence classes.
[2026-06-06 01:17:48,414 INFO  L796   garLoopResultBuilder]: Registering result SAFE for location ULTIMATE.startErr0ASSERT_VIOLATIONASSERT (0 of 1 remaining)
[2026-06-06 01:17:48,414 INFO  L279         TraceCheckSpWp]: Computing forward predicates...
[2026-06-06 01:17:48,414 INFO  L467   ParallelNwaCegarLoop]: Result: SAFE
[2026-06-06 01:17:48,415 WARN  L718   oredProcess$PipePump]: [MP /usr/bin/z3 SMTLIB2_COMPLIANT=true -memory:1024 -smt2 -in -t:12000 (16)] The stream was forcibly closed: stdIn
[2026-06-06 01:17:48,415 INFO  L111    AnnotateAndAsserter]: Assert order MIX_INSIDE_OUTSIDE issued 2 check-sat command(s) and asserted 8 of 16 statements.
[2026-06-06 01:17:48,415 INFO  L114    AnnotateAndAsserter]: Assert order MIX_INSIDE_OUTSIDE issued 2 check-sat command(s)
[2026-06-06 01:17:48,415 INFO  L115    AnnotateAndAsserter]: Conjunction of SSA is unsat
[2026-06-06 01:17:48,419 INFO  L546       MonitoredProcess]: [MP /usr/bin/z3 SMTLIB2_COMPLIANT=true -memory:1024 -smt2 -in -t:12000 (16)] Ended with exit code 0
[2026-06-06 01:17:48,419 INFO  L111    AnnotateAndAsserter]: Assert order OUTSIDE_LOOP_FIRST1 issued 2 check-sat command(s) and asserted 17 of 17 statements.
[2026-06-06 01:17:48,419 INFO  L114    AnnotateAndAsserter]: Assert order OUTSIDE_LOOP_FIRST1 issued 2 check-sat command(s)
[2026-06-06 01:17:48,419 INFO  L115    AnnotateAndAsserter]: Conjunction of SSA is unsat
[2026-06-06 01:17:48,618 INFO  L546       MonitoredProcess]: [MP /usr/bin/z3 -smt2 -in SMTLIB2_COMPLIANT=true (25)] Ended with exit code 0
[2026-06-06 01:17:48,817 INFO  L546       MonitoredProcess]: [MP /usr/bin/z3 SMTLIB2_COMPLIANT=true -memory:1024 -smt2 -in -t:12000 (5)] Ended with exit code 0
[2026-06-06 01:17:49,018 INFO  L546       MonitoredProcess]: [MP /usr/bin/z3 -smt2 -in SMTLIB2_COMPLIANT=true (28)] Ended with exit code 0
[2026-06-06 01:17:49,219 INFO  L546       MonitoredProcess]: [MP /usr/bin/z3 -smt2 -in SMTLIB2_COMPLIANT=true (30)] Ended with exit code 0
[2026-06-06 01:17:49,419 INFO  L546       MonitoredProcess]: [MP /usr/bin/z3 SMTLIB2_COMPLIANT=true -memory:1024 -smt2 -in -t:12000 (17)] Ended with exit code 0
[2026-06-06 01:17:49,619 INFO  L534       MonitoredProcess]: [MP /usr/bin/z3 SMTLIB2_COMPLIANT=true -memory:1024 -smt2 -in -t:12000 (15)] Forceful destruction successful, exit code 0
[2026-06-06 01:17:49,820 INFO  L534       MonitoredProcess]: [MP /usr/bin/z3 -smt2 -in SMTLIB2_COMPLIANT=true (29)] Forceful destruction successful, exit code 0
[2026-06-06 01:17:50,021 INFO  L546       MonitoredProcess]: [MP /usr/bin/z3 -smt2 -in SMTLIB2_COMPLIANT=true (21)] Ended with exit code 0
[2026-06-06 01:17:50,220 INFO  L546       MonitoredProcess]: [MP /usr/bin/z3 SMTLIB2_COMPLIANT=true -memory:1024 -smt2 -in -t:12000 (14)] Ended with exit code 0
[2026-06-06 01:17:50,420 INFO  L534       MonitoredProcess]: [MP /usr/bin/z3 SMTLIB2_COMPLIANT=true -memory:1024 -smt2 -in -t:12000 (3)] Forceful destruction successful, exit code 0
[2026-06-06 01:17:50,621 INFO  L546       MonitoredProcess]: [MP /usr/bin/z3 -smt2 -in SMTLIB2_COMPLIANT=true (27)] Ended with exit code 0
[2026-06-06 01:17:50,818 WARN  L718   oredProcess$PipePump]: [MP /usr/bin/z3 -smt2 -in SMTLIB2_COMPLIANT=true (22)] The stream was forcibly closed: stdIn
[2026-06-06 01:17:50,821 INFO  L534       MonitoredProcess]: [MP /usr/bin/z3 -smt2 -in SMTLIB2_COMPLIANT=true (22)] Forceful destruction successful, exit code 0
[2026-06-06 01:17:51,021 INFO  L546       MonitoredProcess]: [MP /usr/bin/z3 SMTLIB2_COMPLIANT=true -memory:1024 -smt2 -in -t:12000 (9)] Ended with exit code 0
[2026-06-06 01:17:51,222 INFO  L546       MonitoredProcess]: [MP /usr/bin/z3 -smt2 -in SMTLIB2_COMPLIANT=true (20)] Ended with exit code 0
[2026-06-06 01:17:51,419 WARN  L718   oredProcess$PipePump]: [MP /usr/bin/z3 SMTLIB2_COMPLIANT=true -memory:1024 -smt2 -in -t:12000 (12)] The stream was forcibly closed: stdIn
[2026-06-06 01:17:51,421 INFO  L546       MonitoredProcess]: [MP /usr/bin/z3 SMTLIB2_COMPLIANT=true -memory:1024 -smt2 -in -t:12000 (12)] Ended with exit code 0
[2026-06-06 01:17:51,621 INFO  L546       MonitoredProcess]: [MP /usr/bin/z3 SMTLIB2_COMPLIANT=true -memory:1024 -smt2 -in -t:12000 (8)] Ended with exit code 0
[2026-06-06 01:17:51,819 WARN  L718   oredProcess$PipePump]: [MP /usr/bin/z3 -smt2 -in SMTLIB2_COMPLIANT=true (23)] The stream was forcibly closed: stdIn
[2026-06-06 01:17:51,822 INFO  L546       MonitoredProcess]: [MP /usr/bin/z3 -smt2 -in SMTLIB2_COMPLIANT=true (23)] Ended with exit code 0
[2026-06-06 01:17:52,022 INFO  L534       MonitoredProcess]: [MP /usr/bin/z3 -smt2 -in SMTLIB2_COMPLIANT=true (31)] Forceful destruction successful, exit code 0
[2026-06-06 01:17:52,222 INFO  L546       MonitoredProcess]: [MP /usr/bin/z3 -smt2 -in SMTLIB2_COMPLIANT=true (19)] Ended with exit code 0
[2026-06-06 01:17:52,423 INFO  L534       MonitoredProcess]: [MP /usr/bin/z3 -smt2 -in SMTLIB2_COMPLIANT=true (26)] Forceful destruction successful, exit code 0
[2026-06-06 01:17:52,622 INFO  L534       MonitoredProcess]: [MP /usr/bin/z3 SMTLIB2_COMPLIANT=true -memory:1024 -smt2 -in -t:12000 (7)] Forceful destruction successful, exit code 0
[2026-06-06 01:17:52,822 INFO  L546       MonitoredProcess]: [MP /usr/bin/z3 SMTLIB2_COMPLIANT=true -memory:1024 -smt2 -in -t:12000 (2)] Ended with exit code 0
[2026-06-06 01:17:53,022 INFO  L534       MonitoredProcess]: [MP /usr/bin/z3 SMTLIB2_COMPLIANT=true -memory:1024 -smt2 -in -t:12000 (11)] Forceful destruction successful, exit code 0
[2026-06-06 01:17:53,223 INFO  L546       MonitoredProcess]: [MP /usr/bin/z3 SMTLIB2_COMPLIANT=true -memory:1024 -smt2 -in -t:12000 (10)] Ended with exit code 0
[2026-06-06 01:17:53,423 INFO  L546       MonitoredProcess]: [MP /usr/bin/z3 SMTLIB2_COMPLIANT=true -memory:1024 -smt2 -in -t:12000 (6)] Ended with exit code 0
[2026-06-06 01:17:53,623 INFO  L546       MonitoredProcess]: [MP /usr/bin/z3 -smt2 -in SMTLIB2_COMPLIANT=true (24)] Ended with exit code 0
[2026-06-06 01:17:53,823 INFO  L534       MonitoredProcess]: [MP /usr/bin/z3 -smt2 -in SMTLIB2_COMPLIANT=true (18)] Forceful destruction successful, exit code 0
[2026-06-06 01:17:54,024 INFO  L546       MonitoredProcess]: [MP /usr/bin/z3 -smt2 -in SMTLIB2_COMPLIANT=true (32)] Ended with exit code 0
[2026-06-06 01:17:54,224 INFO  L546       MonitoredProcess]: [MP /usr/bin/z3 SMTLIB2_COMPLIANT=true -memory:1024 -smt2 -in -t:12000 (13)] Ended with exit code 0
[2026-06-06 01:17:54,424 INFO  L546       MonitoredProcess]: [MP /usr/bin/z3 SMTLIB2_COMPLIANT=true -memory:1024 -smt2 -in -t:12000 (4)] Ended with exit code 0
[2026-06-06 01:17:54,621 WARN  L515   ParallelNwaCegarLoop]: Destroyed unattended storables created during the last iteration: 16 /usr/bin/z3 SMTLIB2_COMPLIANT=true -memory:1024 -smt2 -in -t:12000,25 /usr/bin/z3 -smt2 -in SMTLIB2_COMPLIANT=true,5 /usr/bin/z3 SMTLIB2_COMPLIANT=true -memory:1024 -smt2 -in -t:12000,SelfDestructingSolverStorable30,SelfDestructingSolverStorable31,28 /usr/bin/z3 -smt2 -in SMTLIB2_COMPLIANT=true,30 /usr/bin/z3 -smt2 -in SMTLIB2_COMPLIANT=true,SelfDestructingSolverStorable4,17 /usr/bin/z3 SMTLIB2_COMPLIANT=true -memory:1024 -smt2 -in -t:12000,SelfDestructingSolverStorable3,SelfDestructingSolverStorable2,15 /usr/bin/z3 SMTLIB2_COMPLIANT=true -memory:1024 -smt2 -in -t:12000,SelfDestructingSolverStorable1,SelfDestructingSolverStorable8,SelfDestructingSolverStorable7,SelfDestructingSolverStorable6,SelfDestructingSolverStorable5,SelfDestructingSolverStorable32,SelfDestructingSolverStorable33,SelfDestructingSolverStorable34,SelfDestructingSolverStorable9,29 /usr/bin/z3 -smt2 -in SMTLIB2_COMPLIANT=true,21 /usr/bin/z3 -smt2 -in SMTLIB2_COMPLIANT=true,14 /usr/bin/z3 SMTLIB2_COMPLIANT=true -memory:1024 -smt2 -in -t:12000,3 /usr/bin/z3 SMTLIB2_COMPLIANT=true -memory:1024 -smt2 -in -t:12000,SelfDestructingSolverStorable0,27 /usr/bin/z3 -smt2 -in SMTLIB2_COMPLIANT=true,22 /usr/bin/z3 -smt2 -in SMTLIB2_COMPLIANT=true,9 /usr/bin/z3 SMTLIB2_COMPLIANT=true -memory:1024 -smt2 -in -t:12000,20 /usr/bin/z3 -smt2 -in SMTLIB2_COMPLIANT=true,12 /usr/bin/z3 SMTLIB2_COMPLIANT=true -memory:1024 -smt2 -in -t:12000,SelfDestructingSolverStorable18,SelfDestructingSolverStorable19,8 /usr/bin/z3 SMTLIB2_COMPLIANT=true -memory:1024 -smt2 -in -t:12000,23 /usr/bin/z3 -smt2 -in SMTLIB2_COMPLIANT=true,31 /usr/bin/z3 -smt2 -in SMTLIB2_COMPLIANT=true,SelfDestructingSolverStorable10,19 /usr/bin/z3 -smt2 -in SMTLIB2_COMPLIANT=true,26 /usr/bin/z3 -smt2 -in SMTLIB2_COMPLIANT=true,SelfDestructingSolverStorable11,SelfDestructingSolverStorable12,SelfDestructingSolverStorable13,7 /usr/bin/z3 SMTLIB2_COMPLIANT=true -memory:1024 -smt2 -in -t:12000,SelfDestructingSolverStorable14,SelfDestructingSolverStorable15,SelfDestructingSolverStorable16,2 /usr/bin/z3 SMTLIB2_COMPLIANT=true -memory:1024 -smt2 -in -t:12000,11 /usr/bin/z3 SMTLIB2_COMPLIANT=true -memory:1024 -smt2 -in -t:12000,SelfDestructingSolverStorable17,SelfDestructingSolverStorable20,10 /usr/bin/z3 SMTLIB2_COMPLIANT=true -memory:1024 -smt2 -in -t:12000,6 /usr/bin/z3 SMTLIB2_COMPLIANT=true -memory:1024 -smt2 -in -t:12000,24 /usr/bin/z3 -smt2 -in SMTLIB2_COMPLIANT=true,18 /usr/bin/z3 -smt2 -in SMTLIB2_COMPLIANT=true,SelfDestructingSolverStorable29,32 /usr/bin/z3 -smt2 -in SMTLIB2_COMPLIANT=true,13 /usr/bin/z3 SMTLIB2_COMPLIANT=true -memory:1024 -smt2 -in -t:12000,SelfDestructingSolverStorable21,4 /usr/bin/z3 SMTLIB2_COMPLIANT=true -memory:1024 -smt2 -in -t:12000,SelfDestructingSolverStorable22,SelfDestructingSolverStorable23,SelfDestructingSolverStorable24,SelfDestructingSolverStorable25,SelfDestructingSolverStorable26,SelfDestructingSolverStorable27,SelfDestructingSolverStorable28
[2026-06-06 01:17:54,622 INFO  L393   ParallelNwaCegarLoop]: Iteration 7
[2026-06-06 01:17:54,622 INFO  L394   ParallelNwaCegarLoop]: SearchMode: LCPS
[2026-06-06 01:17:54,622 INFO  L395   ParallelNwaCegarLoop]: Refinements: 22
[2026-06-06 01:17:54,622 INFO  L396   ParallelNwaCegarLoop]: Counterexamples: 37
[2026-06-06 01:17:54,622 INFO  L397   ParallelNwaCegarLoop]: SearchTimeout: 0
[2026-06-06 01:17:54,622 INFO  L398   ParallelNwaCegarLoop]: RunConstructionFailed: 0
[2026-06-06 01:17:54,622 INFO  L399   ParallelNwaCegarLoop]: SearchFailed: 0
[2026-06-06 01:17:54,622 INFO  L400   ParallelNwaCegarLoop]: Duplicate freshness failures: 4
[2026-06-06 01:17:54,622 INFO  L401   ParallelNwaCegarLoop]: DuplicateFreshnessFailures: 4
[2026-06-06 01:17:54,622 INFO  L402   ParallelNwaCegarLoop]: BFS: 3
[2026-06-06 01:17:54,622 INFO  L403   ParallelNwaCegarLoop]: IsEmptyParallel: 34
[2026-06-06 01:17:54,622 INFO  L404   ParallelNwaCegarLoop]: ActiveThreads: 16
[2026-06-06 01:17:54,622 INFO  L405   ParallelNwaCegarLoop]: ActiveExecutorsForPathPrograms: 0
[2026-06-06 01:17:54,622 INFO  L406   ParallelNwaCegarLoop]: IterationsWithMaxThreads: 6
[2026-06-06 01:17:54,622 INFO  L407   ParallelNwaCegarLoop]: IterationsWithONEThread: 0
[2026-06-06 01:17:54,622 INFO  L408   ParallelNwaCegarLoop]: SearchTime: 0 s
[2026-06-06 01:17:54,622 INFO  L409   ParallelNwaCegarLoop]: WorkerSetUpTime: 0 s
[2026-06-06 01:17:54,622 INFO  L410   ParallelNwaCegarLoop]: ExceptionInWorker: 0
[2026-06-06 01:17:54,622 INFO  L411   ParallelNwaCegarLoop]: mRefinementTime: 0
[2026-06-06 01:17:54,622 INFO  L412   ParallelNwaCegarLoop]: Prefix cache checked paths: 36
[2026-06-06 01:17:54,622 INFO  L413   ParallelNwaCegarLoop]: Prefix cache stale paths: 19
[2026-06-06 01:17:54,622 INFO  L134       CoverageAnalysis]: Checked inductivity of 16 backedges. 5 proven. 1 refuted. 0 times theorem prover too weak. 10 trivial. 0 not checked.
[2026-06-06 01:17:54,622 INFO  L414   ParallelNwaCegarLoop]: Stale paths: 19
[2026-06-06 01:17:54,622 INFO  L108    AnnotateAndAsserter]: Assert order OUTSIDE_LOOP_FIRST2 partitioned 17 statements into 4 equivalence classes.
[2026-06-06 01:17:54,622 INFO  L415   ParallelNwaCegarLoop]: LcpsCheckedPrefixQueries: 366
[2026-06-06 01:17:54,622 INFO  L158   FreeRefinementEngine]: IpTcStrategyModuleZ3 [1698032438] provided 0 perfect and 2 imperfect interpolant sequences
[2026-06-06 01:17:54,623 INFO  L416   ParallelNwaCegarLoop]: LcpsStalePrefixQueries: 366
[2026-06-06 01:17:54,623 INFO  L185   FreeRefinementEngine]: Found 0 perfect and 3 imperfect interpolant sequences.
[2026-06-06 01:17:54,623 INFO  L417   ParallelNwaCegarLoop]: LcpsCheckedPrefixHits: 317
[2026-06-06 01:17:54,623 INFO  L198   FreeRefinementEngine]: Number of different interpolants: perfect sequences [] imperfect sequences [5, 5, 5] total 8
[2026-06-06 01:17:54,623 INFO  L418   ParallelNwaCegarLoop]: LcpsStalePrefixHits: 128
[2026-06-06 01:17:54,623 INFO  L122   tionRefinementEngine]: Using interpolant automaton builder IpAbStrategyModuleStraightlineAll [852914537]
[2026-06-06 01:17:54,623 INFO  L419   ParallelNwaCegarLoop]: LcpsSearchInvocations: 34
[2026-06-06 01:17:54,623 INFO  L85    oduleStraightlineAll]: Using 3 imperfect interpolants to construct interpolant automaton
[2026-06-06 01:17:54,623 INFO  L420   ParallelNwaCegarLoop]: LcpsFullCacheSuffixInvocations: 0
[2026-06-06 01:17:54,623 INFO  L421   ParallelNwaCegarLoop]: LcpsFullCacheSuffixFallbacks: 0
[2026-06-06 01:17:54,623 WARN  L310   FreeRefinementEngine]: Global settings require throwing the following exception
[2026-06-06 01:17:54,623 WARN  L310   FreeRefinementEngine]: Global settings require throwing the following exception
[2026-06-06 01:17:54,623 WARN  L310   FreeRefinementEngine]: Global settings require throwing the following exception
[2026-06-06 01:17:54,623 WARN  L310   FreeRefinementEngine]: Global settings require throwing the following exception
[2026-06-06 01:17:54,623 WARN  L310   FreeRefinementEngine]: Global settings require throwing the following exception
[2026-06-06 01:17:54,623 WARN  L310   FreeRefinementEngine]: Global settings require throwing the following exception
[2026-06-06 01:17:54,623 WARN  L310   FreeRefinementEngine]: Global settings require throwing the following exception
[2026-06-06 01:17:54,623 INFO  L100   FreeRefinementEngine]: Using predicate unifier PredicateUnifier provided by strategy CAMEL
[2026-06-06 01:17:54,623 INFO  L422   ParallelNwaCegarLoop]: LcpsEffectivePriorityDecisions: 15
[2026-06-06 01:17:54,623 WARN  L310   FreeRefinementEngine]: Global settings require throwing the following exception
[2026-06-06 01:17:54,624 INFO  L423   ParallelNwaCegarLoop]: BatchLcpsInvocations: 0
[2026-06-06 01:17:54,624 INFO  L424   ParallelNwaCegarLoop]: BatchLcpsAvailableSlotsTotal: 0
[2026-06-06 01:17:54,624 INFO  L425   ParallelNwaCegarLoop]: BatchLcpsCandidatesGenerated: 0
[2026-06-06 01:17:54,624 INFO  L426   ParallelNwaCegarLoop]: BatchLcpsCandidatesSelected: 0
[2026-06-06 01:17:54,624 INFO  L144   InterpolantAutomaton]: Constructing interpolant automaton starting with 8 interpolants.
[2026-06-06 01:17:54,624 INFO  L427   ParallelNwaCegarLoop]: BatchLcpsCandidateGenerationFailures: 0
[2026-06-06 01:17:54,624 INFO  L146   InterpolantAutomaton]: CoverageRelationStatistics Valid=16, Invalid=40, Unknown=0, NotChecked=0, Total=56
[2026-06-06 01:17:54,624 INFO  L419   CegarNwaWorkerThread]: Difference in Worker for Generalization
[2026-06-06 01:17:54,624 INFO  L428   ParallelNwaCegarLoop]: BatchLcpsAvgCandidatePoolSize: 0.0
[2026-06-06 01:17:54,624 INFO  L87              Difference]: Start difference. First operand  has 6 states, 5 states have (on average 1.8) internal successors, (9), 5 states have internal predecessors, (9), 0 states have call successors, (0), 0 states have call predecessors, (0), 0 states have return successors, (0), 0 states have call predecessors, (0), 0 states have call successors, (0) Second operand  has 8 states, 8 states have (on average 1.75) internal successors, (14), 8 states have internal predecessors, (14), 0 states have call successors, (0), 0 states have call predecessors, (0), 0 states have return successors, (0), 0 states have call predecessors, (0), 0 states have call successors, (0)
[2026-06-06 01:17:54,624 INFO  L429   ParallelNwaCegarLoop]: BatchLcpsAvgSelectedBatchSize: 0.0
[2026-06-06 01:17:54,624 INFO  L430   ParallelNwaCegarLoop]: BatchLcpsEffectiveBatchDecisions: 0
[2026-06-06 01:17:54,624 INFO  L433   ParallelNwaCegarLoop]: Checked paths: 36
[2026-06-06 01:17:54,624 INFO  L487   CegarNwaWorkerThread]: 0 DeclaredPredicates, 29 GetRequests, 23 SyntacticMatches, 0 SemanticMatches, 6 ConstructedPredicates, 0 IntricatePredicates, 0 DeprecatedPredicates, 3 ImplicationChecksByTransitivity, 0.0s TimeCoverageRelationStatistics Valid=16, Invalid=40, Unknown=0, NotChecked=0, Total=56
[2026-06-06 01:17:54,624 INFO  L434   ParallelNwaCegarLoop]: Total pairwise prefix-LCA divergence: 579.4844172983882
[2026-06-06 01:17:54,624 INFO  L436   ParallelNwaCegarLoop]: Avg pairwise prefix-LCA divergence: 0.9198165353942669
[2026-06-06 01:17:54,624 INFO  L488   CegarNwaWorkerThread]: 1 mSDtfsCounter, 0 mSDsluCounter, 1 mSDsCounter, 0 mSdLazyCounter, 0 mSolverCounterSat, 0 mSolverCounterUnsat, 0 mSolverCounterUnknown, 0 mSolverCounterNotChecked, 0.0s Time, 0 mProtectedPredicate, 0 mProtectedAction, 0 SdHoareTripleChecker+Valid, 2 SdHoareTripleChecker+Invalid, 1 SdHoareTripleChecker+Unknown, 0 SdHoareTripleChecker+Unchecked, 0.0s SdHoareTripleChecker+Time, 0 IncrementalHoareTripleChecker+Valid, 0 IncrementalHoareTripleChecker+Invalid, 0 IncrementalHoareTripleChecker+Unknown, 0 IncrementalHoareTripleChecker+Unchecked, 0.0s IncrementalHoareTripleChecker+Time
[2026-06-06 01:17:54,624 INFO  L489   CegarNwaWorkerThread]: SdHoareTripleChecker [0 Valid, 2 Invalid, 1 Unknown, 0 Unchecked, 0.0s Time], IncrementalHoareTripleChecker [0 Valid, 0 Invalid, 0 Unknown, 0 Unchecked, 0.0s Time]
[2026-06-06 01:17:54,626 INFO  L111    AnnotateAndAsserter]: Assert order OUTSIDE_LOOP_FIRST2 issued 2 check-sat command(s) and asserted 8 of 17 statements.
[2026-06-06 01:17:54,626 INFO  L114    AnnotateAndAsserter]: Assert order OUTSIDE_LOOP_FIRST2 issued 2 check-sat command(s)
[2026-06-06 01:17:54,626 INFO  L115    AnnotateAndAsserter]: Conjunction of SSA is unsat
[2026-06-06 01:17:54,626 INFO  L424         BasicCegarLoop]: Path program histogram: []
[2026-06-06 01:17:54,626 INFO  L429         BasicCegarLoop]: Checked paths: 36
[2026-06-06 01:17:54,626 INFO  L430         BasicCegarLoop]: Total pairwise prefix-LCA divergence: 579.4844172983882
[2026-06-06 01:17:54,626 INFO  L432         BasicCegarLoop]: Avg pairwise prefix-LCA divergence: 0.9198165353942669
[2026-06-06 01:17:54,628 INFO  L171   ceAbstractionStarter]: Computing trace abstraction results
[2026-06-06 01:17:54,629 INFO  L201        PluginConnector]: Adding new model eureka_05.i_5.bpl de.uni_freiburg.informatik.ultimate.plugins.generator.traceabstraction CFG 06.06 01:17:54 BoogieIcfgContainer
[2026-06-06 01:17:54,629 INFO  L131        PluginConnector]: ------------------------ END TraceAbstraction----------------------------
[2026-06-06 01:17:54,630 INFO  L158              Benchmark]: Toolchain (without parser) took 6903.14ms. Allocated memory was 46.1MB in the beginning and 102.8MB in the end (delta: 56.6MB). Free memory was 24.5MB in the beginning and 38.7MB in the end (delta: -14.3MB). Peak memory consumption was 41.0MB. Max. memory is 4.3GB.
[2026-06-06 01:17:54,630 INFO  L158              Benchmark]: Boogie PL CUP Parser took 0.07ms. Allocated memory is still 46.1MB. Free memory is still 13.0MB. There was no memory consumed. Max. memory is 4.3GB.
[2026-06-06 01:17:54,630 INFO  L158              Benchmark]: Boogie Preprocessor took 18.18ms. Allocated memory is still 46.1MB. Free memory was 24.4MB in the beginning and 21.8MB in the end (delta: 2.6MB). Peak memory consumption was 2.1MB. Max. memory is 4.3GB.
[2026-06-06 01:17:54,630 INFO  L158              Benchmark]: RCFGBuilder took 78.18ms. Allocated memory is still 46.1MB. Free memory was 21.8MB in the beginning and 21.8MB in the end (delta: -36.9kB). Peak memory consumption was 10.8MB. Max. memory is 4.3GB.
[2026-06-06 01:17:54,630 INFO  L158              Benchmark]: TraceAbstraction took 6804.81ms. Allocated memory was 46.1MB in the beginning and 102.8MB in the end (delta: 56.6MB). Free memory was 20.6MB in the beginning and 38.9MB in the end (delta: -18.3MB). Peak memory consumption was 37.0MB. Max. memory is 4.3GB.
[2026-06-06 01:17:54,630 INFO  L338   ainManager$Toolchain]: #######################  End [Toolchain 1] #######################
 --- Results ---
 * Results from de.uni_freiburg.informatik.ultimate.core:
  - StatisticsResult: Toolchain Benchmarks
    Benchmark results are:
 * Boogie PL CUP Parser took 0.07ms. Allocated memory is still 46.1MB. Free memory is still 13.0MB. There was no memory consumed. Max. memory is 4.3GB.
 * Boogie Preprocessor took 18.18ms. Allocated memory is still 46.1MB. Free memory was 24.4MB in the beginning and 21.8MB in the end (delta: 2.6MB). Peak memory consumption was 2.1MB. Max. memory is 4.3GB.
 * RCFGBuilder took 78.18ms. Allocated memory is still 46.1MB. Free memory was 21.8MB in the beginning and 21.8MB in the end (delta: -36.9kB). Peak memory consumption was 10.8MB. Max. memory is 4.3GB.
 * TraceAbstraction took 6804.81ms. Allocated memory was 46.1MB in the beginning and 102.8MB in the end (delta: 56.6MB). Free memory was 20.6MB in the beginning and 38.9MB in the end (delta: -18.3MB). Peak memory consumption was 37.0MB. Max. memory is 4.3GB.
 * Results from de.uni_freiburg.informatik.ultimate.plugins.generator.traceabstraction:
  - StatisticsResult: ErrorAutomatonStatistics
    NumberErrorTraces: 0, NumberStatementsAllTraces: 0, NumberRelevantStatements: 0, 0.0s ErrorAutomatonConstructionTimeTotal, 0.0s FaulLocalizationTime, NumberStatementsFirstTrace: -1, TraceLengthAvg: 0, 0.0s ErrorAutomatonConstructionTimeAvg, 0.0s ErrorAutomatonDifferenceTimeAvg, 0.0s ErrorAutomatonDifferenceTimeTotal, NumberOfNoEnhancement: 0, NumberOfFiniteEnhancement: 0, NumberOfInfiniteEnhancement: 0
  - PositiveResult [Line: 77]: assertion always holds
    For all program executions holds that assertion always holds at this location
  - StatisticsResult: Ultimate Automizer benchmark data
    CFG has 1 procedures, 7 locations, 9 edges, 1 error locations. Started 1 CEGAR loops. OverallTime: 6.8s, OverallIterations: 22, TraceHistogramMax: 5, PathProgramHistogramMax: 0, CheckedPaths: 36, TotalPairwisePrefixLcaDivergence: 579.4844172983882, AvgPairwisePrefixLcaDivergence: 0.9198165353942669, SearchMode: LCPS, DuplicateFreshnessFailures: 4, FailedToFindCounterexamples: 0, StalePaths: 19, LcpsCheckedPrefixQueries: 366, LcpsStalePrefixQueries: 366, LcpsCheckedPrefixHits: 317, LcpsStalePrefixHits: 128, LcpsSearchInvocations: 34, LcpsFullCacheSuffixInvocations: 0, LcpsFullCacheSuffixFallbacks: 0, LcpsEffectivePriorityDecisions: 15, BatchLcpsInvocations: 0, BatchLcpsAvailableSlotsTotal: 0, BatchLcpsCandidatesGenerated: 0, BatchLcpsCandidatesSelected: 0, BatchLcpsCandidateGenerationFailures: 0, BatchLcpsAvgCandidatePoolSize: 0.0, BatchLcpsAvgSelectedBatchSize: 0.0, BatchLcpsEffectiveBatchDecisions: 0, EmptinessCheckTime: 0.0s, AutomataDifference: 0.0s, DeadEndRemovalTime: 0.0s, HoareAnnotationTime: 0.0s, InitialAbstractionConstructionTime: 0.0s, HoareTripleCheckerStatistics: , PredicateUnifierStatistics: No data available, 0.0s BasicInterpolantAutomatonTime, BiggestAbstraction: size=6occurred in iteration=0, InterpolantAutomatonStates: 97, traceCheckStatistics: No data available, InterpolantConsolidationStatistics: No data available, PathInvariantsStatistics: No data available, 0/0 InterpolantCoveringCapability, TotalInterpolationStatistics: No data available, 0.0s DumpTime, AutomataMinimizationStatistics: 0.0s AutomataMinimizationTime, 22 MinimizatonAttempts, 4 StatesRemovedByMinimization, 4 NontrivialMinimizations, HoareAnnotationStatistics: No data available, RefinementEngineStatistics: No data available, ReuseStatistics: No data available, ConComCheckerStatistics: No data available
  - AllSpecificationsHoldResult: All specifications hold
    1 specifications checked. All of them hold
RESULT: Ultimate proved your program to be correct!
[2026-06-06 01:17:54,635 INFO  L546       MonitoredProcess]: [MP /usr/bin/z3 SMTLIB2_COMPLIANT=true -memory:1024 -smt2 -in -t:12000 (1)] Ended with exit code 0
Received shutdown request...

