This is Ultimate 0.3.1-cache-f5c6788a5b-m
[2026-06-06 09:32:00,592 INFO  L188        SettingsManager]: Resetting all preferences to default values...
[2026-06-06 09:32:00,620 INFO  L114        SettingsManager]: Loading settings from /home/hschi1106/ultimate/trunk/examples/Interactive/settings/ResetSettingsCamel.epf
[2026-06-06 09:32:00,623 WARN  L101        SettingsManager]: Preference file contains the following unknown settings:
[2026-06-06 09:32:00,623 WARN  L103        SettingsManager]:   * de.uni_freiburg.informatik.ultimate.plugins.blockencoding.Rewrite not-equals during SBE
[2026-06-06 09:32:00,623 WARN  L103        SettingsManager]:   * de.uni_freiburg.informatik.ultimate.plugins.blockencoding.Simplify codeblocks
[2026-06-06 09:32:00,623 WARN  L103        SettingsManager]:   * de.uni_freiburg.informatik.ultimate.plugins.blockencoding.Simplify assume statements
[2026-06-06 09:32:00,623 WARN  L103        SettingsManager]:   * de.uni_freiburg.informatik.ultimate.plugins.blockencoding.Use SBE during assume simplification
[2026-06-06 09:32:00,623 WARN  L103        SettingsManager]:   * de.uni_freiburg.informatik.ultimate.plugins.blockencoding.Use SBE for initial RCFG
[2026-06-06 09:32:00,623 WARN  L103        SettingsManager]:   * de.uni_freiburg.informatik.ultimate.plugins.blockencoding.Rewrite not equals when simplifying assume statements with SBE
[2026-06-06 09:32:00,623 WARN  L103        SettingsManager]:   * de.uni_freiburg.informatik.ultimate.core.Debug log message color
[2026-06-06 09:32:00,623 WARN  L103        SettingsManager]:   * de.uni_freiburg.informatik.ultimate.core.Drop models when Ultimate exits
[2026-06-06 09:32:00,623 WARN  L103        SettingsManager]:   * de.uni_freiburg.informatik.ultimate.core.Generate benchmark results
[2026-06-06 09:32:00,623 WARN  L103        SettingsManager]:   * de.uni_freiburg.informatik.ultimate.core.Log level for controller plugin
[2026-06-06 09:32:00,623 WARN  L103        SettingsManager]:   * de.uni_freiburg.informatik.ultimate.core.Warning log message color
[2026-06-06 09:32:00,623 WARN  L103        SettingsManager]:   * de.uni_freiburg.informatik.ultimate.core.Root log level
[2026-06-06 09:32:00,623 WARN  L103        SettingsManager]:   * de.uni_freiburg.informatik.ultimate.core.UI logger pattern
[2026-06-06 09:32:00,623 WARN  L103        SettingsManager]:   * de.uni_freiburg.informatik.ultimate.core.Log level for external tools
[2026-06-06 09:32:00,624 WARN  L103        SettingsManager]:   * de.uni_freiburg.informatik.ultimate.core.ultimate.logging.details
[2026-06-06 09:32:00,624 WARN  L103        SettingsManager]:   * de.uni_freiburg.informatik.ultimate.core.Toolchain timeout in seconds
[2026-06-06 09:32:00,624 WARN  L103        SettingsManager]:   * de.uni_freiburg.informatik.ultimate.core.Name of the log file
[2026-06-06 09:32:00,624 WARN  L103        SettingsManager]:   * de.uni_freiburg.informatik.ultimate.core.Info log message color
[2026-06-06 09:32:00,624 WARN  L103        SettingsManager]:   * de.uni_freiburg.informatik.ultimate.core.Create a Logfile
[2026-06-06 09:32:00,624 WARN  L103        SettingsManager]:   * de.uni_freiburg.informatik.ultimate.core.Logger pattern
[2026-06-06 09:32:00,624 WARN  L103        SettingsManager]:   * de.uni_freiburg.informatik.ultimate.core.Log level for core plugin
[2026-06-06 09:32:00,624 WARN  L103        SettingsManager]:   * de.uni_freiburg.informatik.ultimate.core.Show usable parsers
[2026-06-06 09:32:00,624 WARN  L103        SettingsManager]:   * de.uni_freiburg.informatik.ultimate.core.Log level for plugins
[2026-06-06 09:32:00,624 WARN  L103        SettingsManager]:   * de.uni_freiburg.informatik.ultimate.core.Fatal log message color
[2026-06-06 09:32:00,624 WARN  L103        SettingsManager]:   * de.uni_freiburg.informatik.ultimate.core.Show long description of results
[2026-06-06 09:32:00,624 WARN  L103        SettingsManager]:   * de.uni_freiburg.informatik.ultimate.core.Error log message color
[2026-06-06 09:32:00,624 WARN  L103        SettingsManager]:   * de.uni_freiburg.informatik.ultimate.core.Show result in pop-up window after toolchain execution
[2026-06-06 09:32:00,624 WARN  L103        SettingsManager]:   * de.uni_freiburg.informatik.ultimate.core.Directory (default: instance location)
[2026-06-06 09:32:00,624 WARN  L103        SettingsManager]:   * de.uni_freiburg.informatik.ultimate.core.Append to exisiting log file
[2026-06-06 09:32:00,624 WARN  L103        SettingsManager]:   * CDTParser.Please specify include paths that will be parsed with the given C-File
[2026-06-06 09:32:00,624 WARN  L103        SettingsManager]:   * de.uni_freiburg.informatik.ultimate.plugins.generator.rcfgbuilder.Translate Boogie integers to SMT bitvectors
[2026-06-06 09:32:00,624 WARN  L103        SettingsManager]:   * de.uni_freiburg.informatik.ultimate.plugins.generator.cacsl2boogietranslator.How to treat unsigned ints differently from normal ones
[2026-06-06 09:32:00,624 WARN  L103        SettingsManager]:   * de.uni_freiburg.informatik.ultimate.witnessprinter.Generate witnesses
[2026-06-06 09:32:00,624 WARN  L103        SettingsManager]:   * de.uni_freiburg.informatik.ultimate.witnessprinter.Write witness to working directory
[2026-06-06 09:32:00,624 WARN  L103        SettingsManager]:   * de.uni_freiburg.informatik.ultimate.plugins.analysis.irsdependencies.Mode
[2026-06-06 09:32:00,624 WARN  L103        SettingsManager]:   * de.uni_freiburg.informatik.ultimate.plugins.analysis.abstractinterpretationv2.Number type
[2026-06-06 09:32:00,624 WARN  L103        SettingsManager]:   * de.uni_freiburg.informatik.ultimate.plugins.analysis.abstractinterpretationv2.Congruence Widening operator
[2026-06-06 09:32:00,624 WARN  L103        SettingsManager]:   * de.uni_freiburg.informatik.ultimate.plugins.output.jungvisualization.Annotate edges
[2026-06-06 09:32:00,624 WARN  L103        SettingsManager]:   * de.uni_freiburg.informatik.ultimate.plugins.output.jungvisualization.Background color:
[2026-06-06 09:32:00,624 WARN  L103        SettingsManager]:   * de.uni_freiburg.informatik.ultimate.plugins.output.jungvisualization.Which models should be visualized?
[2026-06-06 09:32:00,624 WARN  L103        SettingsManager]:   * de.uni_freiburg.informatik.ultimate.plugins.output.jungvisualization.Choose node shape:
[2026-06-06 09:32:00,624 WARN  L103        SettingsManager]:   * de.uni_freiburg.informatik.ultimate.plugins.output.jungvisualization.Node color:
[2026-06-06 09:32:00,624 WARN  L103        SettingsManager]:   * de.uni_freiburg.informatik.ultimate.plugins.output.jungvisualization.Picked node color:
[2026-06-06 09:32:00,624 WARN  L103        SettingsManager]:   * de.uni_freiburg.informatik.ultimate.plugins.output.jungvisualization.Annotate nodes
[2026-06-06 09:32:00,624 WARN  L103        SettingsManager]:   * de.uni_freiburg.informatik.ultimate.plugins.output.jungvisualization.SVG Export directory:
[2026-06-06 09:32:00,624 WARN  L103        SettingsManager]:   * de.uni_freiburg.informatik.ultimate.plugins.output.jungvisualization.Default graph layout:
[2026-06-06 09:32:00,624 WARN  L103        SettingsManager]:   * de.uni_freiburg.informatik.ultimate.boogie.procedureinliner.to and inside polymorphic procedures
[2026-06-06 09:32:00,624 WARN  L103        SettingsManager]:   * de.uni_freiburg.informatik.ultimate.boogie.procedureinliner.to procedures with 'free requires' specifications
[2026-06-06 09:32:00,624 WARN  L103        SettingsManager]:   * de.uni_freiburg.informatik.ultimate.boogie.procedureinliner.calls to unimplemented procedures
[2026-06-06 09:32:00,624 WARN  L103        SettingsManager]:   * de.uni_freiburg.informatik.ultimate.boogie.procedureinliner.to recursive procedures
[2026-06-06 09:32:00,624 WARN  L103        SettingsManager]:   * de.uni_freiburg.informatik.ultimate.boogie.procedureinliner.with 'forall' modifier
[2026-06-06 09:32:00,624 WARN  L103        SettingsManager]:   * de.uni_freiburg.informatik.ultimate.boogie.procedureinliner.calls to implemented procedures
[2026-06-06 09:32:00,624 WARN  L103        SettingsManager]:   * de.uni_freiburg.informatik.ultimate.boogie.procedureinliner.to procedures, called more than once
[2026-06-06 09:32:00,624 WARN  L103        SettingsManager]:   * de.uni_freiburg.informatik.ultimate.plugins.generator.traceabstraction.Non-flow-sensitive error trace relevance analysis
[2026-06-06 09:32:00,624 WARN  L103        SettingsManager]:   * de.uni_freiburg.informatik.ultimate.plugins.generator.traceabstraction.use unfolding as abstraction
[2026-06-06 09:32:00,624 WARN  L103        SettingsManager]:   * de.uni_freiburg.informatik.ultimate.plugins.generator.traceabstraction.Iterations until the model checker surrenders
[2026-06-06 09:32:00,624 WARN  L103        SettingsManager]:   * de.uni_freiburg.informatik.ultimate.plugins.generator.traceabstraction.Enable interactive Verification?
[2026-06-06 09:32:00,624 WARN  L103        SettingsManager]:   * de.uni_freiburg.informatik.ultimate.plugins.generator.traceabstraction.Flow-sensitive error trace relevance analysis
[2026-06-06 09:32:00,625 WARN  L103        SettingsManager]:   * de.uni_freiburg.informatik.ultimate.gui.LASTTOOLCHAINPATH
[2026-06-06 09:32:00,625 WARN  L103        SettingsManager]:   * de.uni_freiburg.informatik.ultimate.gui.LASTPATH
[2026-06-06 09:32:00,643 INFO  L130        SettingsManager]: Preferences different from defaults after loading the file:
[2026-06-06 09:32:00,643 INFO  L151        SettingsManager]: Preferences of UltimateCore differ from their defaults:
[2026-06-06 09:32:00,643 INFO  L153        SettingsManager]:  * Directory (default: instance location)=/home/iari/src/ultimate/trunk/runtime-Debug-E4.product/
[2026-06-06 09:32:00,643 INFO  L151        SettingsManager]: Preferences of Abstract Interpretation differ from their defaults:
[2026-06-06 09:32:00,643 INFO  L153        SettingsManager]:  * Log string format=HALF_MATRIX
[2026-06-06 09:32:00,644 INFO  L151        SettingsManager]: Preferences of BuchiAutomizer differ from their defaults:
[2026-06-06 09:32:00,644 INFO  L153        SettingsManager]:  * Buchi interpolant automaton=Staged
[2026-06-06 09:32:00,644 INFO  L153        SettingsManager]:  * Buchi complementation construction=Ncsb
[2026-06-06 09:32:00,644 INFO  L151        SettingsManager]: Preferences of CACSL2BoogieTranslator differ from their defaults:
[2026-06-06 09:32:00,644 INFO  L153        SettingsManager]:  * Report unsoundness warnings=false
[2026-06-06 09:32:00,644 INFO  L151        SettingsManager]: Preferences of RCFGBuilder differ from their defaults:
[2026-06-06 09:32:00,644 INFO  L153        SettingsManager]:  * Logic for external solver=AUFNIRA
[2026-06-06 09:32:00,644 INFO  L153        SettingsManager]:  * Convert code blocks to CNF=true
[2026-06-06 09:32:00,644 INFO  L151        SettingsManager]: Preferences of TraceAbstraction differ from their defaults:
[2026-06-06 09:32:00,644 INFO  L153        SettingsManager]:  * cut-off requires same transition=true
[2026-06-06 09:32:00,644 INFO  L153        SettingsManager]:  * Trace refinement strategy=CAMEL
Applying setting for plugin de.uni_freiburg.informatik.ultimate.plugins.generator.traceabstraction: Use CEGAR loop for Parallel Trace Abstraction -> true
Applying setting for plugin de.uni_freiburg.informatik.ultimate.plugins.generator.traceabstraction: Threadlimit for Parallel CEGAR -> 8
Applying setting for plugin de.uni_freiburg.informatik.ultimate.plugins.generator.traceabstraction: Parallel trace search selection mode -> BATCH_LCPS
Applying setting for plugin de.uni_freiburg.informatik.ultimate.plugins.generator.traceabstraction: Track stale prefixes in parallel search -> true
Applying setting for plugin de.uni_freiburg.informatik.ultimate.plugins.generator.traceabstraction: Use initial BFS in PAPER/LCPS parallel search -> true
Applying setting for plugin de.uni_freiburg.informatik.ultimate.plugins.generator.traceabstraction: Batch LCPS candidate multiplier -> 4
Applying setting for plugin de.uni_freiburg.informatik.ultimate.plugins.generator.traceabstraction: Batch LCPS candidate cap -> 32
Applying setting for plugin de.uni_freiburg.informatik.ultimate.plugins.generator.traceabstraction: Adaptive batch trigger mode -> NEVER_BATCH
Applying setting for plugin de.uni_freiburg.informatik.ultimate.plugins.generator.traceabstraction: Adaptive batch min available slots -> 2
[2026-06-06 09:32:00,750 INFO  L75    nceAwareModelManager]: Repository-Root is: /tmp
[2026-06-06 09:32:00,754 INFO  L261   ainManager$Toolchain]: [Toolchain 1]: Applicable parser(s) successfully (re)initialized
[2026-06-06 09:32:00,755 INFO  L217   ainManager$Toolchain]: [Toolchain 1]: Toolchain selected.
[2026-06-06 09:32:00,756 INFO  L270        PluginConnector]: Initializing Boogie PL CUP Parser...
[2026-06-06 09:32:00,756 INFO  L274        PluginConnector]: Boogie PL CUP Parser initialized
[2026-06-06 09:32:00,756 INFO  L431   ainManager$Toolchain]: [Toolchain 1]: Parsing single file: /home/hschi1106/ultimate/trunk/examples/programs/20170304-DifficultPathPrograms/resultKnown/invert_string.i_4.bpl
[2026-06-06 09:32:00,757 INFO  L110           BoogieParser]: Parsing: '/home/hschi1106/ultimate/trunk/examples/programs/20170304-DifficultPathPrograms/resultKnown/invert_string.i_4.bpl'
[2026-06-06 09:32:00,765 INFO  L299   ainManager$Toolchain]: ####################### [Toolchain 1] #######################
[2026-06-06 09:32:00,766 INFO  L133        ToolchainWalker]: Walking toolchain with 3 elements.
[2026-06-06 09:32:00,766 INFO  L112        PluginConnector]: ------------------------Boogie Preprocessor----------------------------
[2026-06-06 09:32:00,766 INFO  L270        PluginConnector]: Initializing Boogie Preprocessor...
[2026-06-06 09:32:00,766 INFO  L274        PluginConnector]: Boogie Preprocessor initialized
[2026-06-06 09:32:00,771 INFO  L184        PluginConnector]: Executing the observer EnsureBoogieModelObserver from plugin Boogie Preprocessor for "invert_string.i_4.bpl de.uni_freiburg.informatik.ultimate.boogie.parser AST 06.06 09:32:00" (1/1) ...
[2026-06-06 09:32:00,772 INFO  L184        PluginConnector]: Executing the observer TypeChecker from plugin Boogie Preprocessor for "invert_string.i_4.bpl de.uni_freiburg.informatik.ultimate.boogie.parser AST 06.06 09:32:00" (1/1) ...
[2026-06-06 09:32:00,781 INFO  L184        PluginConnector]: Executing the observer ConstExpander from plugin Boogie Preprocessor for "invert_string.i_4.bpl de.uni_freiburg.informatik.ultimate.boogie.parser AST 06.06 09:32:00" (1/1) ...
[2026-06-06 09:32:00,781 INFO  L184        PluginConnector]: Executing the observer StructExpander from plugin Boogie Preprocessor for "invert_string.i_4.bpl de.uni_freiburg.informatik.ultimate.boogie.parser AST 06.06 09:32:00" (1/1) ...
[2026-06-06 09:32:00,782 INFO  L184        PluginConnector]: Executing the observer ReplaceArrayAssignments from plugin Boogie Preprocessor for "invert_string.i_4.bpl de.uni_freiburg.informatik.ultimate.boogie.parser AST 06.06 09:32:00" (1/1) ...
[2026-06-06 09:32:00,782 INFO  L184        PluginConnector]: Executing the observer UnstructureCode from plugin Boogie Preprocessor for "invert_string.i_4.bpl de.uni_freiburg.informatik.ultimate.boogie.parser AST 06.06 09:32:00" (1/1) ...
[2026-06-06 09:32:00,782 INFO  L184        PluginConnector]: Executing the observer FunctionInliner from plugin Boogie Preprocessor for "invert_string.i_4.bpl de.uni_freiburg.informatik.ultimate.boogie.parser AST 06.06 09:32:00" (1/1) ...
[2026-06-06 09:32:00,783 INFO  L184        PluginConnector]: Executing the observer LTLStepAnnotator from plugin Boogie Preprocessor for "invert_string.i_4.bpl de.uni_freiburg.informatik.ultimate.boogie.parser AST 06.06 09:32:00" (1/1) ...
[2026-06-06 09:32:00,783 INFO  L184        PluginConnector]: Executing the observer BoogieSymbolTableConstructor from plugin Boogie Preprocessor for "invert_string.i_4.bpl de.uni_freiburg.informatik.ultimate.boogie.parser AST 06.06 09:32:00" (1/1) ...
[2026-06-06 09:32:00,784 INFO  L131        PluginConnector]: ------------------------ END Boogie Preprocessor----------------------------
[2026-06-06 09:32:00,785 INFO  L112        PluginConnector]: ------------------------RCFGBuilder----------------------------
[2026-06-06 09:32:00,785 INFO  L270        PluginConnector]: Initializing RCFGBuilder...
[2026-06-06 09:32:00,785 INFO  L274        PluginConnector]: RCFGBuilder initialized
[2026-06-06 09:32:00,785 INFO  L184        PluginConnector]: Executing the observer RCFGBuilderObserver from plugin RCFGBuilder for "invert_string.i_4.bpl de.uni_freiburg.informatik.ultimate.boogie.parser AST 06.06 09:32:00" (1/1) ...
[2026-06-06 09:32:00,787 INFO  L173          SolverBuilder]: Constructing external solver with command: z3 SMTLIB2_COMPLIANT=true -memory:1024 -smt2 -in -t:12000
[2026-06-06 09:32:00,792 INFO  L189       MonitoredProcess]: No working directory specified, using /usr/bin/z3
[2026-06-06 09:32:00,797 INFO  L229       MonitoredProcess]: Starting monitored process 1 with /usr/bin/z3 SMTLIB2_COMPLIANT=true -memory:1024 -smt2 -in -t:12000 (exit command is (exit), workingDir is null)
[2026-06-06 09:32:00,798 INFO  L327       MonitoredProcess]: [MP /usr/bin/z3 SMTLIB2_COMPLIANT=true -memory:1024 -smt2 -in -t:12000 (1)] Waiting until timeout for monitored process
[2026-06-06 09:32:00,806 INFO  L138     BoogieDeclarations]: Found implementation of procedure ULTIMATE.start
[2026-06-06 09:32:00,806 INFO  L130     BoogieDeclarations]: Found specification of procedure ULTIMATE.start
[2026-06-06 09:32:00,827 INFO  L234             CfgBuilder]: Building ICFG
[2026-06-06 09:32:00,828 INFO  L260             CfgBuilder]: Building CFG for each procedure with an implementation
[2026-06-06 09:32:00,858 INFO  L?                        ?]: Removed 8 outVars from TransFormulas that were not future-live.
[2026-06-06 09:32:00,858 INFO  L283             CfgBuilder]: Performing block encoding
[2026-06-06 09:32:00,861 INFO  L89      LargeBlockEncoding]: Applying CFG Large Block Encoding to ICFG that has 1 procedures, 7 locations, 8 edges, 0 initial locations, 0 loop locations, and 1 error locations.
[2026-06-06 09:32:00,863 INFO  L139     LargeBlockEncoding]: LargeBlockEncoding completed in 4 ms, with 1 straightline sequential compositions, 0 parallel compositions, 0 1:n/n:1 sequential compositions and 0 complex sequential compositions.
[2026-06-06 09:32:00,863 INFO  L307             CfgBuilder]: Using the 1 location(s) as analysis (start of procedure ULTIMATE.start)
[2026-06-06 09:32:00,863 INFO  L312             CfgBuilder]: Removed 3 assume(true) statements.
[2026-06-06 09:32:00,863 INFO  L314             CfgBuilder]: Constructed ICFG has 1 procedures, 6 locations, 7 edges, 1 initial locations, 0 loop locations, and 1 error locations.
[2026-06-06 09:32:00,864 INFO  L201        PluginConnector]: Adding new model invert_string.i_4.bpl de.uni_freiburg.informatik.ultimate.plugins.generator.rcfgbuilder CFG 06.06 09:32:00 BoogieIcfgContainer
[2026-06-06 09:32:00,864 INFO  L131        PluginConnector]: ------------------------ END RCFGBuilder----------------------------
[2026-06-06 09:32:00,865 INFO  L112        PluginConnector]: ------------------------TraceAbstraction----------------------------
[2026-06-06 09:32:00,865 INFO  L270        PluginConnector]: Initializing TraceAbstraction...
[2026-06-06 09:32:00,866 INFO  L274        PluginConnector]: TraceAbstraction initialized
[2026-06-06 09:32:00,866 INFO  L184        PluginConnector]: Executing the observer TraceAbstractionObserver from plugin TraceAbstraction for "invert_string.i_4.bpl de.uni_freiburg.informatik.ultimate.boogie.parser AST 06.06 09:32:00" (1/2) ...
[2026-06-06 09:32:00,867 INFO  L204        PluginConnector]: Invalid model from TraceAbstraction for observer de.uni_freiburg.informatik.ultimate.plugins.generator.traceabstraction.TraceAbstractionObserver@7b229943 and model type invert_string.i_4.bpl de.uni_freiburg.informatik.ultimate.plugins.generator.traceabstraction AST 06.06 09:32:00, skipping insertion in model container
[2026-06-06 09:32:00,867 INFO  L184        PluginConnector]: Executing the observer TraceAbstractionObserver from plugin TraceAbstraction for "invert_string.i_4.bpl de.uni_freiburg.informatik.ultimate.plugins.generator.rcfgbuilder CFG 06.06 09:32:00" (2/2) ...
[2026-06-06 09:32:00,867 INFO  L128   eAbstractionObserver]: Analyzing ICFG invert_string.i_4.bpl
[2026-06-06 09:32:00,872 INFO  L217   ceAbstractionStarter]: Automizer settings: Hoare:None NWA Interpolation:ForwardPredicates Determinization: PREDICATE_ABSTRACTION
[2026-06-06 09:32:00,873 INFO  L151   ceAbstractionStarter]: Applying trace abstraction to ICFG invert_string.i_4.bpl that has 1 procedures, 6 locations, 7 edges, 1 initial locations, 0 loop locations, and 1 error locations.
[2026-06-06 09:32:00,888 INFO  L344      AbstractCegarLoop]: ======== Iteration 0 == of CEGAR loop == AllErrorsAtOnce ========
[2026-06-06 09:32:00,893 INFO  L345      AbstractCegarLoop]: Settings: SEPARATE_VIOLATION_CHECK=true, mInterprocedural=true, mMaxIterations=1000000, mWatchIteration=1000000, mArtifact=RCFG, mInterpolation=ForwardPredicates, mInterpolantAutomaton=STRAIGHT_LINE, mDumpAutomata=false, mAutomataFormat=ATS_NUMERATE, mDumpPath=., mDeterminiation=PREDICATE_ABSTRACTION, mMinimize=MINIMIZE_SEVPA, mAutomataTypeConcurrency=FINITE_AUTOMATA, mHoareTripleChecks=INCREMENTAL, mHoareAnnotationPositions=None, mDumpOnlyReuseAutomata=false, mLimitTraceHistogram=0, mErrorLocTimeLimit=0, mLimitPathProgramCount=0, mCollectInterpolantStatistics=true, mHeuristicEmptinessCheck=false, mHeuristicEmptinessCheckAStarHeuristic=ZERO, mHeuristicEmptinessCheckAStarHeuristicRandomSeed=1337, mHeuristicEmptinessCheckSmtFeatureScoringMethod=DAGSIZE, mSMTFeatureExtraction=false, mSMTFeatureExtractionDumpPath=., mOverrideInterpolantAutomaton=false, mMcrInterpolantMethod=WP, mPorIndependenceSettings=[Lde.uni_freiburg.informatik.ultimate.lib.tracecheckerutils.partialorder.independence.IndependenceSettings;@6faef098, mLbeIndependenceSettings=[IndependenceType=SEMANTIC, AbstractionType=NONE, UseConditional=false, UseSemiCommutativity=true, Solver=Z3, SolverTimeout=1000ms], mThreadLimit=8, mParallelCegarLoop=true, mConsiderOnlyActiveCounterexamplesInIsEmptyParallel=true, mMinimizeAbstractionPerWorker=true, mSearchLoopBound=-1, mParallelTraceSearchSelectionMode=BATCH_LCPS, mParallelTraceSearchUseInitialBfs=true, mParallelTraceSearchTrackStalePrefixes=true, mBatchLcpsCandidateMultiplier=4, mBatchLcpsCandidateCap=32, mAdaptiveBatchTriggerMode=NEVER_BATCH, mAdaptiveBatchMinAvailableSlots=2
[2026-06-06 09:32:00,893 INFO  L346      AbstractCegarLoop]: Starting to check reachability of 1 error locations.
[2026-06-06 09:32:00,894 INFO  L290                IsEmpty]: Start isEmpty. Operand  has 6 states, 4 states have (on average 1.75) internal successors, (7), 5 states have internal predecessors, (7), 0 states have call successors, (0), 0 states have call predecessors, (0), 0 states have return successors, (0), 0 states have call predecessors, (0), 0 states have call successors, (0)
[2026-06-06 09:32:00,895 INFO  L300                IsEmpty]: Finished isEmpty. Found accepting run of length 5
[2026-06-06 09:32:00,895 INFO  L199           NwaCegarLoop]: Found error trace
[2026-06-06 09:32:00,895 INFO  L207           NwaCegarLoop]: trace histogram [1, 1, 1, 1]
[2026-06-06 09:32:00,896 INFO  L173          SolverBuilder]: Constructing external solver with command: z3 SMTLIB2_COMPLIANT=true -memory:1024 -smt2 -in -t:12000
[2026-06-06 09:32:00,898 INFO  L189       MonitoredProcess]: No working directory specified, using /usr/bin/z3
[2026-06-06 09:32:00,899 INFO  L229       MonitoredProcess]: Starting monitored process 2 with /usr/bin/z3 SMTLIB2_COMPLIANT=true -memory:1024 -smt2 -in -t:12000 (exit command is (exit), workingDir is null)
[2026-06-06 09:32:00,900 INFO  L327       MonitoredProcess]: [MP /usr/bin/z3 SMTLIB2_COMPLIANT=true -memory:1024 -smt2 -in -t:12000 (2)] Waiting until timeout for monitored process
[2026-06-06 09:32:00,911 WARN  L330   ript$VariableManager]: TermVariable v_ULTIMATE.start_main_~cont~6_4 not constructed by VariableManager. Cannot ensure absence of name clashes.
[2026-06-06 09:32:00,912 WARN  L330   ript$VariableManager]: TermVariable |v_ULTIMATE.start_main_#t~nondet0_4| not constructed by VariableManager. Cannot ensure absence of name clashes.
[2026-06-06 09:32:00,913 WARN  L330   ript$VariableManager]: TermVariable v_ULTIMATE.start___VERIFIER_assert_~cond_3 not constructed by VariableManager. Cannot ensure absence of name clashes.
[2026-06-06 09:32:00,913 WARN  L330   ript$VariableManager]: TermVariable v_ULTIMATE.start_main_~i~6_12 not constructed by VariableManager. Cannot ensure absence of name clashes.
[2026-06-06 09:32:00,913 WARN  L330   ript$VariableManager]: TermVariable v_ULTIMATE.start_main_~j~6_7 not constructed by VariableManager. Cannot ensure absence of name clashes.
[2026-06-06 09:32:00,913 WARN  L330   ript$VariableManager]: TermVariable |v_ULTIMATE.start___VERIFIER_assert_#in~cond_2| not constructed by VariableManager. Cannot ensure absence of name clashes.
[2026-06-06 09:32:00,915 INFO  L173          SolverBuilder]: Constructing external solver with command: z3 SMTLIB2_COMPLIANT=true -memory:1024 -smt2 -in -t:12000
[2026-06-06 09:32:00,915 INFO  L196   CegarNwaWorkerThread]: WorkerThread: Thread[#80,pool-1-thread-1,5,main] is Waiting for a Task
[2026-06-06 09:32:00,917 INFO  L189       MonitoredProcess]: No working directory specified, using /usr/bin/z3
[2026-06-06 09:32:00,918 INFO  L229       MonitoredProcess]: Starting monitored process 3 with /usr/bin/z3 SMTLIB2_COMPLIANT=true -memory:1024 -smt2 -in -t:12000 (exit command is (exit), workingDir is null)
[2026-06-06 09:32:00,918 INFO  L327       MonitoredProcess]: [MP /usr/bin/z3 SMTLIB2_COMPLIANT=true -memory:1024 -smt2 -in -t:12000 (3)] Waiting until timeout for monitored process
[2026-06-06 09:32:00,927 WARN  L330   ript$VariableManager]: TermVariable v_ULTIMATE.start_main_~cont~6_4 not constructed by VariableManager. Cannot ensure absence of name clashes.
[2026-06-06 09:32:00,927 WARN  L330   ript$VariableManager]: TermVariable |v_ULTIMATE.start_main_#t~nondet0_4| not constructed by VariableManager. Cannot ensure absence of name clashes.
[2026-06-06 09:32:00,928 WARN  L330   ript$VariableManager]: TermVariable v_ULTIMATE.start___VERIFIER_assert_~cond_3 not constructed by VariableManager. Cannot ensure absence of name clashes.
[2026-06-06 09:32:00,928 WARN  L330   ript$VariableManager]: TermVariable v_ULTIMATE.start_main_~i~6_12 not constructed by VariableManager. Cannot ensure absence of name clashes.
[2026-06-06 09:32:00,928 WARN  L330   ript$VariableManager]: TermVariable v_ULTIMATE.start_main_~j~6_7 not constructed by VariableManager. Cannot ensure absence of name clashes.
[2026-06-06 09:32:00,928 WARN  L330   ript$VariableManager]: TermVariable |v_ULTIMATE.start___VERIFIER_assert_#in~cond_2| not constructed by VariableManager. Cannot ensure absence of name clashes.
[2026-06-06 09:32:00,930 INFO  L173          SolverBuilder]: Constructing external solver with command: z3 SMTLIB2_COMPLIANT=true -memory:1024 -smt2 -in -t:12000
[2026-06-06 09:32:00,930 INFO  L196   CegarNwaWorkerThread]: WorkerThread: Thread[#86,pool-1-thread-2,5,main] is Waiting for a Task
[2026-06-06 09:32:00,932 INFO  L189       MonitoredProcess]: No working directory specified, using /usr/bin/z3
[2026-06-06 09:32:00,933 INFO  L229       MonitoredProcess]: Starting monitored process 4 with /usr/bin/z3 SMTLIB2_COMPLIANT=true -memory:1024 -smt2 -in -t:12000 (exit command is (exit), workingDir is null)
[2026-06-06 09:32:00,933 INFO  L327       MonitoredProcess]: [MP /usr/bin/z3 SMTLIB2_COMPLIANT=true -memory:1024 -smt2 -in -t:12000 (4)] Waiting until timeout for monitored process
[2026-06-06 09:32:00,942 WARN  L330   ript$VariableManager]: TermVariable v_ULTIMATE.start_main_~cont~6_4 not constructed by VariableManager. Cannot ensure absence of name clashes.
[2026-06-06 09:32:00,942 WARN  L330   ript$VariableManager]: TermVariable |v_ULTIMATE.start_main_#t~nondet0_4| not constructed by VariableManager. Cannot ensure absence of name clashes.
[2026-06-06 09:32:00,945 WARN  L330   ript$VariableManager]: TermVariable v_ULTIMATE.start___VERIFIER_assert_~cond_3 not constructed by VariableManager. Cannot ensure absence of name clashes.
[2026-06-06 09:32:00,945 WARN  L330   ript$VariableManager]: TermVariable v_ULTIMATE.start_main_~i~6_12 not constructed by VariableManager. Cannot ensure absence of name clashes.
[2026-06-06 09:32:00,945 WARN  L330   ript$VariableManager]: TermVariable v_ULTIMATE.start_main_~j~6_7 not constructed by VariableManager. Cannot ensure absence of name clashes.
[2026-06-06 09:32:00,945 WARN  L330   ript$VariableManager]: TermVariable |v_ULTIMATE.start___VERIFIER_assert_#in~cond_2| not constructed by VariableManager. Cannot ensure absence of name clashes.
[2026-06-06 09:32:00,946 INFO  L173          SolverBuilder]: Constructing external solver with command: z3 SMTLIB2_COMPLIANT=true -memory:1024 -smt2 -in -t:12000
[2026-06-06 09:32:00,946 INFO  L196   CegarNwaWorkerThread]: WorkerThread: Thread[#95,pool-1-thread-3,5,main] is Waiting for a Task
[2026-06-06 09:32:00,948 INFO  L189       MonitoredProcess]: No working directory specified, using /usr/bin/z3
[2026-06-06 09:32:00,949 INFO  L229       MonitoredProcess]: Starting monitored process 5 with /usr/bin/z3 SMTLIB2_COMPLIANT=true -memory:1024 -smt2 -in -t:12000 (exit command is (exit), workingDir is null)
[2026-06-06 09:32:00,950 INFO  L327       MonitoredProcess]: [MP /usr/bin/z3 SMTLIB2_COMPLIANT=true -memory:1024 -smt2 -in -t:12000 (5)] Waiting until timeout for monitored process
[2026-06-06 09:32:00,958 WARN  L330   ript$VariableManager]: TermVariable v_ULTIMATE.start_main_~cont~6_4 not constructed by VariableManager. Cannot ensure absence of name clashes.
[2026-06-06 09:32:00,958 WARN  L330   ript$VariableManager]: TermVariable |v_ULTIMATE.start_main_#t~nondet0_4| not constructed by VariableManager. Cannot ensure absence of name clashes.
[2026-06-06 09:32:00,959 WARN  L330   ript$VariableManager]: TermVariable v_ULTIMATE.start___VERIFIER_assert_~cond_3 not constructed by VariableManager. Cannot ensure absence of name clashes.
[2026-06-06 09:32:00,959 WARN  L330   ript$VariableManager]: TermVariable v_ULTIMATE.start_main_~i~6_12 not constructed by VariableManager. Cannot ensure absence of name clashes.
[2026-06-06 09:32:00,959 WARN  L330   ript$VariableManager]: TermVariable v_ULTIMATE.start_main_~j~6_7 not constructed by VariableManager. Cannot ensure absence of name clashes.
[2026-06-06 09:32:00,959 WARN  L330   ript$VariableManager]: TermVariable |v_ULTIMATE.start___VERIFIER_assert_#in~cond_2| not constructed by VariableManager. Cannot ensure absence of name clashes.
[2026-06-06 09:32:00,960 INFO  L173          SolverBuilder]: Constructing external solver with command: z3 SMTLIB2_COMPLIANT=true -memory:1024 -smt2 -in -t:12000
[2026-06-06 09:32:00,960 INFO  L196   CegarNwaWorkerThread]: WorkerThread: Thread[#101,pool-1-thread-4,5,main] is Waiting for a Task
[2026-06-06 09:32:00,962 INFO  L189       MonitoredProcess]: No working directory specified, using /usr/bin/z3
[2026-06-06 09:32:00,963 INFO  L229       MonitoredProcess]: Starting monitored process 6 with /usr/bin/z3 SMTLIB2_COMPLIANT=true -memory:1024 -smt2 -in -t:12000 (exit command is (exit), workingDir is null)
[2026-06-06 09:32:00,964 INFO  L327       MonitoredProcess]: [MP /usr/bin/z3 SMTLIB2_COMPLIANT=true -memory:1024 -smt2 -in -t:12000 (6)] Waiting until timeout for monitored process
[2026-06-06 09:32:00,972 WARN  L330   ript$VariableManager]: TermVariable v_ULTIMATE.start_main_~cont~6_4 not constructed by VariableManager. Cannot ensure absence of name clashes.
[2026-06-06 09:32:00,972 WARN  L330   ript$VariableManager]: TermVariable |v_ULTIMATE.start_main_#t~nondet0_4| not constructed by VariableManager. Cannot ensure absence of name clashes.
[2026-06-06 09:32:00,973 WARN  L330   ript$VariableManager]: TermVariable v_ULTIMATE.start___VERIFIER_assert_~cond_3 not constructed by VariableManager. Cannot ensure absence of name clashes.
[2026-06-06 09:32:00,973 WARN  L330   ript$VariableManager]: TermVariable v_ULTIMATE.start_main_~i~6_12 not constructed by VariableManager. Cannot ensure absence of name clashes.
[2026-06-06 09:32:00,973 WARN  L330   ript$VariableManager]: TermVariable v_ULTIMATE.start_main_~j~6_7 not constructed by VariableManager. Cannot ensure absence of name clashes.
[2026-06-06 09:32:00,973 WARN  L330   ript$VariableManager]: TermVariable |v_ULTIMATE.start___VERIFIER_assert_#in~cond_2| not constructed by VariableManager. Cannot ensure absence of name clashes.
[2026-06-06 09:32:00,974 INFO  L173          SolverBuilder]: Constructing external solver with command: z3 SMTLIB2_COMPLIANT=true -memory:1024 -smt2 -in -t:12000
[2026-06-06 09:32:00,974 INFO  L196   CegarNwaWorkerThread]: WorkerThread: Thread[#107,pool-1-thread-5,5,main] is Waiting for a Task
[2026-06-06 09:32:00,976 INFO  L189       MonitoredProcess]: No working directory specified, using /usr/bin/z3
[2026-06-06 09:32:00,978 INFO  L229       MonitoredProcess]: Starting monitored process 7 with /usr/bin/z3 SMTLIB2_COMPLIANT=true -memory:1024 -smt2 -in -t:12000 (exit command is (exit), workingDir is null)
[2026-06-06 09:32:00,978 INFO  L327       MonitoredProcess]: [MP /usr/bin/z3 SMTLIB2_COMPLIANT=true -memory:1024 -smt2 -in -t:12000 (7)] Waiting until timeout for monitored process
[2026-06-06 09:32:00,986 WARN  L330   ript$VariableManager]: TermVariable v_ULTIMATE.start_main_~cont~6_4 not constructed by VariableManager. Cannot ensure absence of name clashes.
[2026-06-06 09:32:00,986 WARN  L330   ript$VariableManager]: TermVariable |v_ULTIMATE.start_main_#t~nondet0_4| not constructed by VariableManager. Cannot ensure absence of name clashes.
[2026-06-06 09:32:00,987 WARN  L330   ript$VariableManager]: TermVariable v_ULTIMATE.start___VERIFIER_assert_~cond_3 not constructed by VariableManager. Cannot ensure absence of name clashes.
[2026-06-06 09:32:00,987 WARN  L330   ript$VariableManager]: TermVariable v_ULTIMATE.start_main_~i~6_12 not constructed by VariableManager. Cannot ensure absence of name clashes.
[2026-06-06 09:32:00,987 WARN  L330   ript$VariableManager]: TermVariable v_ULTIMATE.start_main_~j~6_7 not constructed by VariableManager. Cannot ensure absence of name clashes.
[2026-06-06 09:32:00,987 WARN  L330   ript$VariableManager]: TermVariable |v_ULTIMATE.start___VERIFIER_assert_#in~cond_2| not constructed by VariableManager. Cannot ensure absence of name clashes.
[2026-06-06 09:32:00,988 INFO  L173          SolverBuilder]: Constructing external solver with command: z3 SMTLIB2_COMPLIANT=true -memory:1024 -smt2 -in -t:12000
[2026-06-06 09:32:00,988 INFO  L196   CegarNwaWorkerThread]: WorkerThread: Thread[#113,pool-1-thread-6,5,main] is Waiting for a Task
[2026-06-06 09:32:00,990 INFO  L189       MonitoredProcess]: No working directory specified, using /usr/bin/z3
[2026-06-06 09:32:00,991 INFO  L229       MonitoredProcess]: Starting monitored process 8 with /usr/bin/z3 SMTLIB2_COMPLIANT=true -memory:1024 -smt2 -in -t:12000 (exit command is (exit), workingDir is null)
[2026-06-06 09:32:00,992 INFO  L327       MonitoredProcess]: [MP /usr/bin/z3 SMTLIB2_COMPLIANT=true -memory:1024 -smt2 -in -t:12000 (8)] Waiting until timeout for monitored process
[2026-06-06 09:32:01,000 WARN  L330   ript$VariableManager]: TermVariable v_ULTIMATE.start_main_~cont~6_4 not constructed by VariableManager. Cannot ensure absence of name clashes.
[2026-06-06 09:32:01,000 WARN  L330   ript$VariableManager]: TermVariable |v_ULTIMATE.start_main_#t~nondet0_4| not constructed by VariableManager. Cannot ensure absence of name clashes.
[2026-06-06 09:32:01,001 WARN  L330   ript$VariableManager]: TermVariable v_ULTIMATE.start___VERIFIER_assert_~cond_3 not constructed by VariableManager. Cannot ensure absence of name clashes.
[2026-06-06 09:32:01,001 WARN  L330   ript$VariableManager]: TermVariable v_ULTIMATE.start_main_~i~6_12 not constructed by VariableManager. Cannot ensure absence of name clashes.
[2026-06-06 09:32:01,001 WARN  L330   ript$VariableManager]: TermVariable v_ULTIMATE.start_main_~j~6_7 not constructed by VariableManager. Cannot ensure absence of name clashes.
[2026-06-06 09:32:01,001 WARN  L330   ript$VariableManager]: TermVariable |v_ULTIMATE.start___VERIFIER_assert_#in~cond_2| not constructed by VariableManager. Cannot ensure absence of name clashes.
[2026-06-06 09:32:01,001 INFO  L173          SolverBuilder]: Constructing external solver with command: z3 SMTLIB2_COMPLIANT=true -memory:1024 -smt2 -in -t:12000
[2026-06-06 09:32:01,001 INFO  L196   CegarNwaWorkerThread]: WorkerThread: Thread[#119,pool-1-thread-7,5,main] is Waiting for a Task
[2026-06-06 09:32:01,003 INFO  L189       MonitoredProcess]: No working directory specified, using /usr/bin/z3
[2026-06-06 09:32:01,004 INFO  L229       MonitoredProcess]: Starting monitored process 9 with /usr/bin/z3 SMTLIB2_COMPLIANT=true -memory:1024 -smt2 -in -t:12000 (exit command is (exit), workingDir is null)
[2026-06-06 09:32:01,005 INFO  L327       MonitoredProcess]: [MP /usr/bin/z3 SMTLIB2_COMPLIANT=true -memory:1024 -smt2 -in -t:12000 (9)] Waiting until timeout for monitored process
[2026-06-06 09:32:01,013 WARN  L330   ript$VariableManager]: TermVariable v_ULTIMATE.start_main_~cont~6_4 not constructed by VariableManager. Cannot ensure absence of name clashes.
[2026-06-06 09:32:01,013 WARN  L330   ript$VariableManager]: TermVariable |v_ULTIMATE.start_main_#t~nondet0_4| not constructed by VariableManager. Cannot ensure absence of name clashes.
[2026-06-06 09:32:01,014 WARN  L330   ript$VariableManager]: TermVariable v_ULTIMATE.start___VERIFIER_assert_~cond_3 not constructed by VariableManager. Cannot ensure absence of name clashes.
[2026-06-06 09:32:01,014 WARN  L330   ript$VariableManager]: TermVariable v_ULTIMATE.start_main_~i~6_12 not constructed by VariableManager. Cannot ensure absence of name clashes.
[2026-06-06 09:32:01,014 WARN  L330   ript$VariableManager]: TermVariable v_ULTIMATE.start_main_~j~6_7 not constructed by VariableManager. Cannot ensure absence of name clashes.
[2026-06-06 09:32:01,014 WARN  L330   ript$VariableManager]: TermVariable |v_ULTIMATE.start___VERIFIER_assert_#in~cond_2| not constructed by VariableManager. Cannot ensure absence of name clashes.
[2026-06-06 09:32:01,015 INFO  L196   CegarNwaWorkerThread]: WorkerThread: Thread[#125,pool-1-thread-8,5,main] is Waiting for a Task
[2026-06-06 09:32:01,015 INFO  L86        PathProgramCache]: Analyzing trace with hash 928714, now seen corresponding path program 1 times
[2026-06-06 09:32:01,015 INFO  L614   ParallelNwaCegarLoop]: Main: Starting Thread
[2026-06-06 09:32:01,015 INFO  L283   ParallelNwaCegarLoop]: === Iteration 1 ===
[2026-06-06 09:32:01,015 INFO  L336   ParallelNwaCegarLoop]: No more worker results to process
[2026-06-06 09:32:01,015 INFO  L290                IsEmpty]: Start isEmptyParallel. Operand  has 6 states, 4 states have (on average 1.75) internal successors, (7), 5 states have internal predecessors, (7), 0 states have call successors, (0), 0 states have call predecessors, (0), 0 states have return successors, (0), 0 states have call predecessors, (0), 0 states have call successors, (0)
[2026-06-06 09:32:01,015 INFO  L300                IsEmpty]: Finished isEmptyParallel. No accepting run.
[2026-06-06 09:32:01,015 INFO  L156        IsEmptyParallel]: Start isEmptyParallel. Operand  has 6 states, 4 states have (on average 1.75) internal successors, (7), 5 states have internal predecessors, (7), 0 states have call successors, (0), 0 states have call predecessors, (0), 0 states have return successors, (0), 0 states have call predecessors, (0), 0 states have call successors, (0)
[2026-06-06 09:32:01,016 INFO  L209   CegarNwaWorkerThread]: Starting Thread: 80# for Trace Check: 928714
[2026-06-06 09:32:01,017 INFO  L182       IsEmptyHeuristic]: Start isEmptyHeuristic. Operand  has 6 states, 4 states have (on average 1.75) internal successors, (7), 5 states have internal predecessors, (7), 0 states have call successors, (0), 0 states have call predecessors, (0), 0 states have return successors, (0), 0 states have call predecessors, (0), 0 states have call successors, (0)
[2026-06-06 09:32:01,018 INFO  L156       PredicateUnifier]: Initialized classic predicate unifier
[2026-06-06 09:32:01,018 INFO  L86        PathProgramCache]: Analyzing trace with hash 928714, now seen corresponding path program 1 times
[2026-06-06 09:32:01,019 INFO  L188       IsEmptyHeuristic]: Finished isEmptyHeuristic. Found accepting run of length 7
[2026-06-06 09:32:01,019 INFO  L163        IsEmptyParallel]: Finished isEmptyParallel. Found accepting run of length 7
[2026-06-06 09:32:01,019 WARN  L753                IsEmpty]: Correctness of emptinessCheck not tested.
[2026-06-06 09:32:01,020 INFO  L79                 Accepts]: Start accepts. Automaton has  has 6 states, 4 states have (on average 1.75) internal successors, (7), 5 states have internal predecessors, (7), 0 states have call successors, (0), 0 states have call predecessors, (0), 0 states have return successors, (0), 0 states have call predecessors, (0), 0 states have call successors, (0) Word has length 6
[2026-06-06 09:32:01,021 INFO  L85                 Accepts]: Finished accepts. word is accepted.
[2026-06-06 09:32:01,021 INFO  L757                IsEmpty]: Finished testing correctness of emptinessCheck
[2026-06-06 09:32:01,021 INFO  L290                IsEmpty]: Start isEmptyParallel. Operand  has 6 states, 4 states have (on average 1.75) internal successors, (7), 5 states have internal predecessors, (7), 0 states have call successors, (0), 0 states have call predecessors, (0), 0 states have return successors, (0), 0 states have call predecessors, (0), 0 states have call successors, (0)
[2026-06-06 09:32:01,021 INFO  L118   FreeRefinementEngine]: Executing refinement strategy CAMEL
[2026-06-06 09:32:01,021 INFO  L300                IsEmpty]: Finished isEmptyParallel. No accepting run.
[2026-06-06 09:32:01,021 INFO  L324   FreeRefinementEngine]: Using trace check IpTcStrategyModuleSmtInterpolCraig [1856170676]
[2026-06-06 09:32:01,021 INFO  L156        IsEmptyParallel]: Start isEmptyParallel. Operand  has 6 states, 4 states have (on average 1.75) internal successors, (7), 5 states have internal predecessors, (7), 0 states have call successors, (0), 0 states have call predecessors, (0), 0 states have return successors, (0), 0 states have call predecessors, (0), 0 states have call successors, (0)
[2026-06-06 09:32:01,021 INFO  L97    rtionOrderModulation]: Keeping assertion order NOT_INCREMENTALLY
[2026-06-06 09:32:01,021 INFO  L182       IsEmptyHeuristic]: Start isEmptyHeuristic. Operand  has 6 states, 4 states have (on average 1.75) internal successors, (7), 5 states have internal predecessors, (7), 0 states have call successors, (0), 0 states have call predecessors, (0), 0 states have return successors, (0), 0 states have call predecessors, (0), 0 states have call successors, (0)
[2026-06-06 09:32:01,021 INFO  L127          SolverBuilder]: Constructing new instance of SMTInterpol with explicit timeout -1 ms and remaining time -1 ms
[2026-06-06 09:32:01,022 INFO  L188       IsEmptyHeuristic]: Finished isEmptyHeuristic. Found accepting run of length 7
[2026-06-06 09:32:01,022 INFO  L163        IsEmptyParallel]: Finished isEmptyParallel. Found accepting run of length 7
[2026-06-06 09:32:01,022 WARN  L753                IsEmpty]: Correctness of emptinessCheck not tested.
[2026-06-06 09:32:01,022 INFO  L79                 Accepts]: Start accepts. Automaton has  has 6 states, 4 states have (on average 1.75) internal successors, (7), 5 states have internal predecessors, (7), 0 states have call successors, (0), 0 states have call predecessors, (0), 0 states have return successors, (0), 0 states have call predecessors, (0), 0 states have call successors, (0) Word has length 6
[2026-06-06 09:32:01,022 INFO  L85                 Accepts]: Finished accepts. word is accepted.
[2026-06-06 09:32:01,022 INFO  L757                IsEmpty]: Finished testing correctness of emptinessCheck
[2026-06-06 09:32:01,022 INFO  L290                IsEmpty]: Start isEmptyParallel. Operand  has 6 states, 4 states have (on average 1.75) internal successors, (7), 5 states have internal predecessors, (7), 0 states have call successors, (0), 0 states have call predecessors, (0), 0 states have return successors, (0), 0 states have call predecessors, (0), 0 states have call successors, (0)
[2026-06-06 09:32:01,022 INFO  L300                IsEmpty]: Finished isEmptyParallel. No accepting run.
[2026-06-06 09:32:01,022 INFO  L156        IsEmptyParallel]: Start isEmptyParallel. Operand  has 6 states, 4 states have (on average 1.75) internal successors, (7), 5 states have internal predecessors, (7), 0 states have call successors, (0), 0 states have call predecessors, (0), 0 states have return successors, (0), 0 states have call predecessors, (0), 0 states have call successors, (0)
[2026-06-06 09:32:01,022 INFO  L182       IsEmptyHeuristic]: Start isEmptyHeuristic. Operand  has 6 states, 4 states have (on average 1.75) internal successors, (7), 5 states have internal predecessors, (7), 0 states have call successors, (0), 0 states have call predecessors, (0), 0 states have return successors, (0), 0 states have call predecessors, (0), 0 states have call successors, (0)
[2026-06-06 09:32:01,022 INFO  L188       IsEmptyHeuristic]: Finished isEmptyHeuristic. Found accepting run of length 7
[2026-06-06 09:32:01,022 INFO  L163        IsEmptyParallel]: Finished isEmptyParallel. Found accepting run of length 7
[2026-06-06 09:32:01,022 WARN  L753                IsEmpty]: Correctness of emptinessCheck not tested.
[2026-06-06 09:32:01,022 INFO  L79                 Accepts]: Start accepts. Automaton has  has 6 states, 4 states have (on average 1.75) internal successors, (7), 5 states have internal predecessors, (7), 0 states have call successors, (0), 0 states have call predecessors, (0), 0 states have return successors, (0), 0 states have call predecessors, (0), 0 states have call successors, (0) Word has length 6
[2026-06-06 09:32:01,022 INFO  L85                 Accepts]: Finished accepts. word is accepted.
[2026-06-06 09:32:01,022 INFO  L757                IsEmpty]: Finished testing correctness of emptinessCheck
[2026-06-06 09:32:01,022 INFO  L290                IsEmpty]: Start isEmptyParallel. Operand  has 6 states, 4 states have (on average 1.75) internal successors, (7), 5 states have internal predecessors, (7), 0 states have call successors, (0), 0 states have call predecessors, (0), 0 states have return successors, (0), 0 states have call predecessors, (0), 0 states have call successors, (0)
[2026-06-06 09:32:01,022 INFO  L300                IsEmpty]: Finished isEmptyParallel. No accepting run.
[2026-06-06 09:32:01,023 INFO  L156        IsEmptyParallel]: Start isEmptyParallel. Operand  has 6 states, 4 states have (on average 1.75) internal successors, (7), 5 states have internal predecessors, (7), 0 states have call successors, (0), 0 states have call predecessors, (0), 0 states have return successors, (0), 0 states have call predecessors, (0), 0 states have call successors, (0)
[2026-06-06 09:32:01,023 INFO  L182       IsEmptyHeuristic]: Start isEmptyHeuristic. Operand  has 6 states, 4 states have (on average 1.75) internal successors, (7), 5 states have internal predecessors, (7), 0 states have call successors, (0), 0 states have call predecessors, (0), 0 states have return successors, (0), 0 states have call predecessors, (0), 0 states have call successors, (0)
[2026-06-06 09:32:01,023 INFO  L188       IsEmptyHeuristic]: Finished isEmptyHeuristic. No accepting run.
[2026-06-06 09:32:01,023 INFO  L182       IsEmptyHeuristic]: Start isEmptyHeuristic. Operand  has 6 states, 4 states have (on average 1.75) internal successors, (7), 5 states have internal predecessors, (7), 0 states have call successors, (0), 0 states have call predecessors, (0), 0 states have return successors, (0), 0 states have call predecessors, (0), 0 states have call successors, (0)
[2026-06-06 09:32:01,023 INFO  L188       IsEmptyHeuristic]: Finished isEmptyHeuristic. Found accepting run of length 6
[2026-06-06 09:32:01,023 INFO  L163        IsEmptyParallel]: Finished isEmptyParallel. Found accepting run of length 6
[2026-06-06 09:32:01,023 WARN  L753                IsEmpty]: Correctness of emptinessCheck not tested.
[2026-06-06 09:32:01,023 INFO  L79                 Accepts]: Start accepts. Automaton has  has 6 states, 4 states have (on average 1.75) internal successors, (7), 5 states have internal predecessors, (7), 0 states have call successors, (0), 0 states have call predecessors, (0), 0 states have return successors, (0), 0 states have call predecessors, (0), 0 states have call successors, (0) Word has length 5
[2026-06-06 09:32:01,023 INFO  L85                 Accepts]: Finished accepts. word is accepted.
[2026-06-06 09:32:01,023 INFO  L757                IsEmpty]: Finished testing correctness of emptinessCheck
[2026-06-06 09:32:01,023 INFO  L290                IsEmpty]: Start isEmptyParallel. Operand  has 6 states, 4 states have (on average 1.75) internal successors, (7), 5 states have internal predecessors, (7), 0 states have call successors, (0), 0 states have call predecessors, (0), 0 states have return successors, (0), 0 states have call predecessors, (0), 0 states have call successors, (0)
[2026-06-06 09:32:01,023 INFO  L300                IsEmpty]: Finished isEmptyParallel. No accepting run.
[2026-06-06 09:32:01,023 INFO  L156        IsEmptyParallel]: Start isEmptyParallel. Operand  has 6 states, 4 states have (on average 1.75) internal successors, (7), 5 states have internal predecessors, (7), 0 states have call successors, (0), 0 states have call predecessors, (0), 0 states have return successors, (0), 0 states have call predecessors, (0), 0 states have call successors, (0)
[2026-06-06 09:32:01,023 INFO  L182       IsEmptyHeuristic]: Start isEmptyHeuristic. Operand  has 6 states, 4 states have (on average 1.75) internal successors, (7), 5 states have internal predecessors, (7), 0 states have call successors, (0), 0 states have call predecessors, (0), 0 states have return successors, (0), 0 states have call predecessors, (0), 0 states have call successors, (0)
[2026-06-06 09:32:01,023 INFO  L188       IsEmptyHeuristic]: Finished isEmptyHeuristic. Found accepting run of length 6
[2026-06-06 09:32:01,024 INFO  L163        IsEmptyParallel]: Finished isEmptyParallel. Found accepting run of length 6
[2026-06-06 09:32:01,024 WARN  L753                IsEmpty]: Correctness of emptinessCheck not tested.
[2026-06-06 09:32:01,024 INFO  L79                 Accepts]: Start accepts. Automaton has  has 6 states, 4 states have (on average 1.75) internal successors, (7), 5 states have internal predecessors, (7), 0 states have call successors, (0), 0 states have call predecessors, (0), 0 states have return successors, (0), 0 states have call predecessors, (0), 0 states have call successors, (0) Word has length 5
[2026-06-06 09:32:01,024 INFO  L85                 Accepts]: Finished accepts. word is accepted.
[2026-06-06 09:32:01,024 INFO  L757                IsEmpty]: Finished testing correctness of emptinessCheck
[2026-06-06 09:32:01,024 INFO  L290                IsEmpty]: Start isEmptyParallel. Operand  has 6 states, 4 states have (on average 1.75) internal successors, (7), 5 states have internal predecessors, (7), 0 states have call successors, (0), 0 states have call predecessors, (0), 0 states have return successors, (0), 0 states have call predecessors, (0), 0 states have call successors, (0)
[2026-06-06 09:32:01,024 INFO  L300                IsEmpty]: Finished isEmptyParallel. No accepting run.
[2026-06-06 09:32:01,024 INFO  L156        IsEmptyParallel]: Start isEmptyParallel. Operand  has 6 states, 4 states have (on average 1.75) internal successors, (7), 5 states have internal predecessors, (7), 0 states have call successors, (0), 0 states have call predecessors, (0), 0 states have return successors, (0), 0 states have call predecessors, (0), 0 states have call successors, (0)
[2026-06-06 09:32:01,024 INFO  L182       IsEmptyHeuristic]: Start isEmptyHeuristic. Operand  has 6 states, 4 states have (on average 1.75) internal successors, (7), 5 states have internal predecessors, (7), 0 states have call successors, (0), 0 states have call predecessors, (0), 0 states have return successors, (0), 0 states have call predecessors, (0), 0 states have call successors, (0)
[2026-06-06 09:32:01,024 INFO  L188       IsEmptyHeuristic]: Finished isEmptyHeuristic. No accepting run.
[2026-06-06 09:32:01,024 INFO  L182       IsEmptyHeuristic]: Start isEmptyHeuristic. Operand  has 6 states, 4 states have (on average 1.75) internal successors, (7), 5 states have internal predecessors, (7), 0 states have call successors, (0), 0 states have call predecessors, (0), 0 states have return successors, (0), 0 states have call predecessors, (0), 0 states have call successors, (0)
[2026-06-06 09:32:01,024 INFO  L188       IsEmptyHeuristic]: Finished isEmptyHeuristic. No accepting run.
[2026-06-06 09:32:01,024 INFO  L182       IsEmptyHeuristic]: Start isEmptyHeuristic. Operand  has 6 states, 4 states have (on average 1.75) internal successors, (7), 5 states have internal predecessors, (7), 0 states have call successors, (0), 0 states have call predecessors, (0), 0 states have return successors, (0), 0 states have call predecessors, (0), 0 states have call successors, (0)
[2026-06-06 09:32:01,024 INFO  L188       IsEmptyHeuristic]: Finished isEmptyHeuristic. Found accepting run of length 9
[2026-06-06 09:32:01,024 INFO  L163        IsEmptyParallel]: Finished isEmptyParallel. Found accepting run of length 9
[2026-06-06 09:32:01,024 WARN  L753                IsEmpty]: Correctness of emptinessCheck not tested.
[2026-06-06 09:32:01,024 INFO  L79                 Accepts]: Start accepts. Automaton has  has 6 states, 4 states have (on average 1.75) internal successors, (7), 5 states have internal predecessors, (7), 0 states have call successors, (0), 0 states have call predecessors, (0), 0 states have return successors, (0), 0 states have call predecessors, (0), 0 states have call successors, (0) Word has length 8
[2026-06-06 09:32:01,024 INFO  L85                 Accepts]: Finished accepts. word is accepted.
[2026-06-06 09:32:01,024 INFO  L757                IsEmpty]: Finished testing correctness of emptinessCheck
[2026-06-06 09:32:01,024 INFO  L290                IsEmpty]: Start isEmptyParallel. Operand  has 6 states, 4 states have (on average 1.75) internal successors, (7), 5 states have internal predecessors, (7), 0 states have call successors, (0), 0 states have call predecessors, (0), 0 states have return successors, (0), 0 states have call predecessors, (0), 0 states have call successors, (0)
[2026-06-06 09:32:01,024 INFO  L300                IsEmpty]: Finished isEmptyParallel. No accepting run.
[2026-06-06 09:32:01,024 INFO  L156        IsEmptyParallel]: Start isEmptyParallel. Operand  has 6 states, 4 states have (on average 1.75) internal successors, (7), 5 states have internal predecessors, (7), 0 states have call successors, (0), 0 states have call predecessors, (0), 0 states have return successors, (0), 0 states have call predecessors, (0), 0 states have call successors, (0)
[2026-06-06 09:32:01,025 INFO  L182       IsEmptyHeuristic]: Start isEmptyHeuristic. Operand  has 6 states, 4 states have (on average 1.75) internal successors, (7), 5 states have internal predecessors, (7), 0 states have call successors, (0), 0 states have call predecessors, (0), 0 states have return successors, (0), 0 states have call predecessors, (0), 0 states have call successors, (0)
[2026-06-06 09:32:01,025 INFO  L188       IsEmptyHeuristic]: Finished isEmptyHeuristic. Found accepting run of length 9
[2026-06-06 09:32:01,025 INFO  L163        IsEmptyParallel]: Finished isEmptyParallel. Found accepting run of length 9
[2026-06-06 09:32:01,025 WARN  L753                IsEmpty]: Correctness of emptinessCheck not tested.
[2026-06-06 09:32:01,025 INFO  L79                 Accepts]: Start accepts. Automaton has  has 6 states, 4 states have (on average 1.75) internal successors, (7), 5 states have internal predecessors, (7), 0 states have call successors, (0), 0 states have call predecessors, (0), 0 states have return successors, (0), 0 states have call predecessors, (0), 0 states have call successors, (0) Word has length 8
[2026-06-06 09:32:01,025 INFO  L85                 Accepts]: Finished accepts. word is accepted.
[2026-06-06 09:32:01,025 INFO  L757                IsEmpty]: Finished testing correctness of emptinessCheck
[2026-06-06 09:32:01,025 INFO  L290                IsEmpty]: Start isEmptyParallel. Operand  has 6 states, 4 states have (on average 1.75) internal successors, (7), 5 states have internal predecessors, (7), 0 states have call successors, (0), 0 states have call predecessors, (0), 0 states have return successors, (0), 0 states have call predecessors, (0), 0 states have call successors, (0)
[2026-06-06 09:32:01,025 INFO  L300                IsEmpty]: Finished isEmptyParallel. No accepting run.
[2026-06-06 09:32:01,025 INFO  L156        IsEmptyParallel]: Start isEmptyParallel. Operand  has 6 states, 4 states have (on average 1.75) internal successors, (7), 5 states have internal predecessors, (7), 0 states have call successors, (0), 0 states have call predecessors, (0), 0 states have return successors, (0), 0 states have call predecessors, (0), 0 states have call successors, (0)
[2026-06-06 09:32:01,025 INFO  L182       IsEmptyHeuristic]: Start isEmptyHeuristic. Operand  has 6 states, 4 states have (on average 1.75) internal successors, (7), 5 states have internal predecessors, (7), 0 states have call successors, (0), 0 states have call predecessors, (0), 0 states have return successors, (0), 0 states have call predecessors, (0), 0 states have call successors, (0)
[2026-06-06 09:32:01,025 INFO  L188       IsEmptyHeuristic]: Finished isEmptyHeuristic. No accepting run.
[2026-06-06 09:32:01,025 INFO  L182       IsEmptyHeuristic]: Start isEmptyHeuristic. Operand  has 6 states, 4 states have (on average 1.75) internal successors, (7), 5 states have internal predecessors, (7), 0 states have call successors, (0), 0 states have call predecessors, (0), 0 states have return successors, (0), 0 states have call predecessors, (0), 0 states have call successors, (0)
[2026-06-06 09:32:01,025 INFO  L188       IsEmptyHeuristic]: Finished isEmptyHeuristic. No accepting run.
[2026-06-06 09:32:01,025 INFO  L182       IsEmptyHeuristic]: Start isEmptyHeuristic. Operand  has 6 states, 4 states have (on average 1.75) internal successors, (7), 5 states have internal predecessors, (7), 0 states have call successors, (0), 0 states have call predecessors, (0), 0 states have return successors, (0), 0 states have call predecessors, (0), 0 states have call successors, (0)
[2026-06-06 09:32:01,025 INFO  L188       IsEmptyHeuristic]: Finished isEmptyHeuristic. No accepting run.
[2026-06-06 09:32:01,025 INFO  L182       IsEmptyHeuristic]: Start isEmptyHeuristic. Operand  has 6 states, 4 states have (on average 1.75) internal successors, (7), 5 states have internal predecessors, (7), 0 states have call successors, (0), 0 states have call predecessors, (0), 0 states have return successors, (0), 0 states have call predecessors, (0), 0 states have call successors, (0)
[2026-06-06 09:32:01,026 INFO  L188       IsEmptyHeuristic]: Finished isEmptyHeuristic. Found accepting run of length 8
[2026-06-06 09:32:01,026 INFO  L163        IsEmptyParallel]: Finished isEmptyParallel. Found accepting run of length 8
[2026-06-06 09:32:01,026 WARN  L753                IsEmpty]: Correctness of emptinessCheck not tested.
[2026-06-06 09:32:01,026 INFO  L79                 Accepts]: Start accepts. Automaton has  has 6 states, 4 states have (on average 1.75) internal successors, (7), 5 states have internal predecessors, (7), 0 states have call successors, (0), 0 states have call predecessors, (0), 0 states have return successors, (0), 0 states have call predecessors, (0), 0 states have call successors, (0) Word has length 7
[2026-06-06 09:32:01,026 INFO  L85                 Accepts]: Finished accepts. word is accepted.
[2026-06-06 09:32:01,026 INFO  L757                IsEmpty]: Finished testing correctness of emptinessCheck
[2026-06-06 09:32:01,026 INFO  L290                IsEmpty]: Start isEmptyParallel. Operand  has 6 states, 4 states have (on average 1.75) internal successors, (7), 5 states have internal predecessors, (7), 0 states have call successors, (0), 0 states have call predecessors, (0), 0 states have return successors, (0), 0 states have call predecessors, (0), 0 states have call successors, (0)
[2026-06-06 09:32:01,026 INFO  L300                IsEmpty]: Finished isEmptyParallel. No accepting run.
[2026-06-06 09:32:01,026 INFO  L156        IsEmptyParallel]: Start isEmptyParallel. Operand  has 6 states, 4 states have (on average 1.75) internal successors, (7), 5 states have internal predecessors, (7), 0 states have call successors, (0), 0 states have call predecessors, (0), 0 states have return successors, (0), 0 states have call predecessors, (0), 0 states have call successors, (0)
[2026-06-06 09:32:01,026 INFO  L182       IsEmptyHeuristic]: Start isEmptyHeuristic. Operand  has 6 states, 4 states have (on average 1.75) internal successors, (7), 5 states have internal predecessors, (7), 0 states have call successors, (0), 0 states have call predecessors, (0), 0 states have return successors, (0), 0 states have call predecessors, (0), 0 states have call successors, (0)
[2026-06-06 09:32:01,026 INFO  L188       IsEmptyHeuristic]: Finished isEmptyHeuristic. No accepting run.
[2026-06-06 09:32:01,026 INFO  L182       IsEmptyHeuristic]: Start isEmptyHeuristic. Operand  has 6 states, 4 states have (on average 1.75) internal successors, (7), 5 states have internal predecessors, (7), 0 states have call successors, (0), 0 states have call predecessors, (0), 0 states have return successors, (0), 0 states have call predecessors, (0), 0 states have call successors, (0)
[2026-06-06 09:32:01,026 INFO  L188       IsEmptyHeuristic]: Finished isEmptyHeuristic. Found accepting run of length 9
[2026-06-06 09:32:01,026 INFO  L163        IsEmptyParallel]: Finished isEmptyParallel. Found accepting run of length 9
[2026-06-06 09:32:01,026 WARN  L753                IsEmpty]: Correctness of emptinessCheck not tested.
[2026-06-06 09:32:01,026 INFO  L79                 Accepts]: Start accepts. Automaton has  has 6 states, 4 states have (on average 1.75) internal successors, (7), 5 states have internal predecessors, (7), 0 states have call successors, (0), 0 states have call predecessors, (0), 0 states have return successors, (0), 0 states have call predecessors, (0), 0 states have call successors, (0) Word has length 8
[2026-06-06 09:32:01,026 INFO  L85                 Accepts]: Finished accepts. word is accepted.
[2026-06-06 09:32:01,026 INFO  L757                IsEmpty]: Finished testing correctness of emptinessCheck
[2026-06-06 09:32:01,026 INFO  L290                IsEmpty]: Start isEmptyParallel. Operand  has 6 states, 4 states have (on average 1.75) internal successors, (7), 5 states have internal predecessors, (7), 0 states have call successors, (0), 0 states have call predecessors, (0), 0 states have return successors, (0), 0 states have call predecessors, (0), 0 states have call successors, (0)
[2026-06-06 09:32:01,026 INFO  L300                IsEmpty]: Finished isEmptyParallel. No accepting run.
[2026-06-06 09:32:01,026 INFO  L156        IsEmptyParallel]: Start isEmptyParallel. Operand  has 6 states, 4 states have (on average 1.75) internal successors, (7), 5 states have internal predecessors, (7), 0 states have call successors, (0), 0 states have call predecessors, (0), 0 states have return successors, (0), 0 states have call predecessors, (0), 0 states have call successors, (0)
[2026-06-06 09:32:01,026 INFO  L182       IsEmptyHeuristic]: Start isEmptyHeuristic. Operand  has 6 states, 4 states have (on average 1.75) internal successors, (7), 5 states have internal predecessors, (7), 0 states have call successors, (0), 0 states have call predecessors, (0), 0 states have return successors, (0), 0 states have call predecessors, (0), 0 states have call successors, (0)
[2026-06-06 09:32:01,027 INFO  L188       IsEmptyHeuristic]: Finished isEmptyHeuristic. No accepting run.
[2026-06-06 09:32:01,027 INFO  L182       IsEmptyHeuristic]: Start isEmptyHeuristic. Operand  has 6 states, 4 states have (on average 1.75) internal successors, (7), 5 states have internal predecessors, (7), 0 states have call successors, (0), 0 states have call predecessors, (0), 0 states have return successors, (0), 0 states have call predecessors, (0), 0 states have call successors, (0)
[2026-06-06 09:32:01,027 INFO  L188       IsEmptyHeuristic]: Finished isEmptyHeuristic. No accepting run.
[2026-06-06 09:32:01,027 INFO  L182       IsEmptyHeuristic]: Start isEmptyHeuristic. Operand  has 6 states, 4 states have (on average 1.75) internal successors, (7), 5 states have internal predecessors, (7), 0 states have call successors, (0), 0 states have call predecessors, (0), 0 states have return successors, (0), 0 states have call predecessors, (0), 0 states have call successors, (0)
[2026-06-06 09:32:01,027 INFO  L188       IsEmptyHeuristic]: Finished isEmptyHeuristic. No accepting run.
[2026-06-06 09:32:01,027 INFO  L182       IsEmptyHeuristic]: Start isEmptyHeuristic. Operand  has 6 states, 4 states have (on average 1.75) internal successors, (7), 5 states have internal predecessors, (7), 0 states have call successors, (0), 0 states have call predecessors, (0), 0 states have return successors, (0), 0 states have call predecessors, (0), 0 states have call successors, (0)
[2026-06-06 09:32:01,027 INFO  L188       IsEmptyHeuristic]: Finished isEmptyHeuristic. No accepting run.
[2026-06-06 09:32:01,027 INFO  L182       IsEmptyHeuristic]: Start isEmptyHeuristic. Operand  has 6 states, 4 states have (on average 1.75) internal successors, (7), 5 states have internal predecessors, (7), 0 states have call successors, (0), 0 states have call predecessors, (0), 0 states have return successors, (0), 0 states have call predecessors, (0), 0 states have call successors, (0)
[2026-06-06 09:32:01,027 INFO  L188       IsEmptyHeuristic]: Finished isEmptyHeuristic. Found accepting run of length 11
[2026-06-06 09:32:01,027 INFO  L163        IsEmptyParallel]: Finished isEmptyParallel. Found accepting run of length 11
[2026-06-06 09:32:01,027 WARN  L753                IsEmpty]: Correctness of emptinessCheck not tested.
[2026-06-06 09:32:01,027 INFO  L79                 Accepts]: Start accepts. Automaton has  has 6 states, 4 states have (on average 1.75) internal successors, (7), 5 states have internal predecessors, (7), 0 states have call successors, (0), 0 states have call predecessors, (0), 0 states have return successors, (0), 0 states have call predecessors, (0), 0 states have call successors, (0) Word has length 10
[2026-06-06 09:32:01,027 INFO  L85                 Accepts]: Finished accepts. word is accepted.
[2026-06-06 09:32:01,027 INFO  L757                IsEmpty]: Finished testing correctness of emptinessCheck
[2026-06-06 09:32:01,027 INFO  L290                IsEmpty]: Start isEmptyParallel. Operand  has 6 states, 4 states have (on average 1.75) internal successors, (7), 5 states have internal predecessors, (7), 0 states have call successors, (0), 0 states have call predecessors, (0), 0 states have return successors, (0), 0 states have call predecessors, (0), 0 states have call successors, (0)
[2026-06-06 09:32:01,027 INFO  L300                IsEmpty]: Finished isEmptyParallel. No accepting run.
[2026-06-06 09:32:01,028 INFO  L156        IsEmptyParallel]: Start isEmptyParallel. Operand  has 6 states, 4 states have (on average 1.75) internal successors, (7), 5 states have internal predecessors, (7), 0 states have call successors, (0), 0 states have call predecessors, (0), 0 states have return successors, (0), 0 states have call predecessors, (0), 0 states have call successors, (0)
[2026-06-06 09:32:01,028 INFO  L182       IsEmptyHeuristic]: Start isEmptyHeuristic. Operand  has 6 states, 4 states have (on average 1.75) internal successors, (7), 5 states have internal predecessors, (7), 0 states have call successors, (0), 0 states have call predecessors, (0), 0 states have return successors, (0), 0 states have call predecessors, (0), 0 states have call successors, (0)
[2026-06-06 09:32:01,028 INFO  L188       IsEmptyHeuristic]: Finished isEmptyHeuristic. Found accepting run of length 9
[2026-06-06 09:32:01,028 INFO  L163        IsEmptyParallel]: Finished isEmptyParallel. Found accepting run of length 9
[2026-06-06 09:32:01,028 WARN  L753                IsEmpty]: Correctness of emptinessCheck not tested.
[2026-06-06 09:32:01,028 INFO  L79                 Accepts]: Start accepts. Automaton has  has 6 states, 4 states have (on average 1.75) internal successors, (7), 5 states have internal predecessors, (7), 0 states have call successors, (0), 0 states have call predecessors, (0), 0 states have return successors, (0), 0 states have call predecessors, (0), 0 states have call successors, (0) Word has length 8
[2026-06-06 09:32:01,028 INFO  L85                 Accepts]: Finished accepts. word is accepted.
[2026-06-06 09:32:01,028 INFO  L757                IsEmpty]: Finished testing correctness of emptinessCheck
[2026-06-06 09:32:01,028 INFO  L290                IsEmpty]: Start isEmptyParallel. Operand  has 6 states, 4 states have (on average 1.75) internal successors, (7), 5 states have internal predecessors, (7), 0 states have call successors, (0), 0 states have call predecessors, (0), 0 states have return successors, (0), 0 states have call predecessors, (0), 0 states have call successors, (0)
[2026-06-06 09:32:01,028 INFO  L300                IsEmpty]: Finished isEmptyParallel. No accepting run.
[2026-06-06 09:32:01,028 INFO  L156        IsEmptyParallel]: Start isEmptyParallel. Operand  has 6 states, 4 states have (on average 1.75) internal successors, (7), 5 states have internal predecessors, (7), 0 states have call successors, (0), 0 states have call predecessors, (0), 0 states have return successors, (0), 0 states have call predecessors, (0), 0 states have call successors, (0)
[2026-06-06 09:32:01,028 INFO  L182       IsEmptyHeuristic]: Start isEmptyHeuristic. Operand  has 6 states, 4 states have (on average 1.75) internal successors, (7), 5 states have internal predecessors, (7), 0 states have call successors, (0), 0 states have call predecessors, (0), 0 states have return successors, (0), 0 states have call predecessors, (0), 0 states have call successors, (0)
[2026-06-06 09:32:01,028 INFO  L188       IsEmptyHeuristic]: Finished isEmptyHeuristic. No accepting run.
[2026-06-06 09:32:01,028 INFO  L182       IsEmptyHeuristic]: Start isEmptyHeuristic. Operand  has 6 states, 4 states have (on average 1.75) internal successors, (7), 5 states have internal predecessors, (7), 0 states have call successors, (0), 0 states have call predecessors, (0), 0 states have return successors, (0), 0 states have call predecessors, (0), 0 states have call successors, (0)
[2026-06-06 09:32:01,028 INFO  L188       IsEmptyHeuristic]: Finished isEmptyHeuristic. No accepting run.
[2026-06-06 09:32:01,028 INFO  L182       IsEmptyHeuristic]: Start isEmptyHeuristic. Operand  has 6 states, 4 states have (on average 1.75) internal successors, (7), 5 states have internal predecessors, (7), 0 states have call successors, (0), 0 states have call predecessors, (0), 0 states have return successors, (0), 0 states have call predecessors, (0), 0 states have call successors, (0)
[2026-06-06 09:32:01,028 INFO  L188       IsEmptyHeuristic]: Finished isEmptyHeuristic. No accepting run.
[2026-06-06 09:32:01,029 INFO  L182       IsEmptyHeuristic]: Start isEmptyHeuristic. Operand  has 6 states, 4 states have (on average 1.75) internal successors, (7), 5 states have internal predecessors, (7), 0 states have call successors, (0), 0 states have call predecessors, (0), 0 states have return successors, (0), 0 states have call predecessors, (0), 0 states have call successors, (0)
[2026-06-06 09:32:01,029 INFO  L188       IsEmptyHeuristic]: Finished isEmptyHeuristic. No accepting run.
[2026-06-06 09:32:01,029 INFO  L182       IsEmptyHeuristic]: Start isEmptyHeuristic. Operand  has 6 states, 4 states have (on average 1.75) internal successors, (7), 5 states have internal predecessors, (7), 0 states have call successors, (0), 0 states have call predecessors, (0), 0 states have return successors, (0), 0 states have call predecessors, (0), 0 states have call successors, (0)
[2026-06-06 09:32:01,029 INFO  L188       IsEmptyHeuristic]: Finished isEmptyHeuristic. No accepting run.
[2026-06-06 09:32:01,029 INFO  L182       IsEmptyHeuristic]: Start isEmptyHeuristic. Operand  has 6 states, 4 states have (on average 1.75) internal successors, (7), 5 states have internal predecessors, (7), 0 states have call successors, (0), 0 states have call predecessors, (0), 0 states have return successors, (0), 0 states have call predecessors, (0), 0 states have call successors, (0)
[2026-06-06 09:32:01,029 INFO  L188       IsEmptyHeuristic]: Finished isEmptyHeuristic. Found accepting run of length 10
[2026-06-06 09:32:01,029 INFO  L163        IsEmptyParallel]: Finished isEmptyParallel. Found accepting run of length 10
[2026-06-06 09:32:01,029 WARN  L753                IsEmpty]: Correctness of emptinessCheck not tested.
[2026-06-06 09:32:01,029 INFO  L79                 Accepts]: Start accepts. Automaton has  has 6 states, 4 states have (on average 1.75) internal successors, (7), 5 states have internal predecessors, (7), 0 states have call successors, (0), 0 states have call predecessors, (0), 0 states have return successors, (0), 0 states have call predecessors, (0), 0 states have call successors, (0) Word has length 9
[2026-06-06 09:32:01,029 INFO  L85                 Accepts]: Finished accepts. word is accepted.
[2026-06-06 09:32:01,029 INFO  L757                IsEmpty]: Finished testing correctness of emptinessCheck
[2026-06-06 09:32:01,029 INFO  L290                IsEmpty]: Start isEmptyParallel. Operand  has 6 states, 4 states have (on average 1.75) internal successors, (7), 5 states have internal predecessors, (7), 0 states have call successors, (0), 0 states have call predecessors, (0), 0 states have return successors, (0), 0 states have call predecessors, (0), 0 states have call successors, (0)
[2026-06-06 09:32:01,029 INFO  L300                IsEmpty]: Finished isEmptyParallel. No accepting run.
[2026-06-06 09:32:01,029 INFO  L156        IsEmptyParallel]: Start isEmptyParallel. Operand  has 6 states, 4 states have (on average 1.75) internal successors, (7), 5 states have internal predecessors, (7), 0 states have call successors, (0), 0 states have call predecessors, (0), 0 states have return successors, (0), 0 states have call predecessors, (0), 0 states have call successors, (0)
[2026-06-06 09:32:01,030 INFO  L182       IsEmptyHeuristic]: Start isEmptyHeuristic. Operand  has 6 states, 4 states have (on average 1.75) internal successors, (7), 5 states have internal predecessors, (7), 0 states have call successors, (0), 0 states have call predecessors, (0), 0 states have return successors, (0), 0 states have call predecessors, (0), 0 states have call successors, (0)
[2026-06-06 09:32:01,030 INFO  L188       IsEmptyHeuristic]: Finished isEmptyHeuristic. No accepting run.
[2026-06-06 09:32:01,030 INFO  L182       IsEmptyHeuristic]: Start isEmptyHeuristic. Operand  has 6 states, 4 states have (on average 1.75) internal successors, (7), 5 states have internal predecessors, (7), 0 states have call successors, (0), 0 states have call predecessors, (0), 0 states have return successors, (0), 0 states have call predecessors, (0), 0 states have call successors, (0)
[2026-06-06 09:32:01,030 INFO  L188       IsEmptyHeuristic]: Finished isEmptyHeuristic. No accepting run.
[2026-06-06 09:32:01,030 INFO  L182       IsEmptyHeuristic]: Start isEmptyHeuristic. Operand  has 6 states, 4 states have (on average 1.75) internal successors, (7), 5 states have internal predecessors, (7), 0 states have call successors, (0), 0 states have call predecessors, (0), 0 states have return successors, (0), 0 states have call predecessors, (0), 0 states have call successors, (0)
[2026-06-06 09:32:01,030 INFO  L188       IsEmptyHeuristic]: Finished isEmptyHeuristic. Found accepting run of length 8
[2026-06-06 09:32:01,030 INFO  L163        IsEmptyParallel]: Finished isEmptyParallel. Found accepting run of length 8
[2026-06-06 09:32:01,030 WARN  L753                IsEmpty]: Correctness of emptinessCheck not tested.
[2026-06-06 09:32:01,030 INFO  L79                 Accepts]: Start accepts. Automaton has  has 6 states, 4 states have (on average 1.75) internal successors, (7), 5 states have internal predecessors, (7), 0 states have call successors, (0), 0 states have call predecessors, (0), 0 states have return successors, (0), 0 states have call predecessors, (0), 0 states have call successors, (0) Word has length 7
[2026-06-06 09:32:01,030 INFO  L85                 Accepts]: Finished accepts. word is accepted.
[2026-06-06 09:32:01,030 INFO  L757                IsEmpty]: Finished testing correctness of emptinessCheck
[2026-06-06 09:32:01,030 INFO  L290                IsEmpty]: Start isEmptyParallel. Operand  has 6 states, 4 states have (on average 1.75) internal successors, (7), 5 states have internal predecessors, (7), 0 states have call successors, (0), 0 states have call predecessors, (0), 0 states have return successors, (0), 0 states have call predecessors, (0), 0 states have call successors, (0)
[2026-06-06 09:32:01,030 INFO  L300                IsEmpty]: Finished isEmptyParallel. No accepting run.
[2026-06-06 09:32:01,030 INFO  L156        IsEmptyParallel]: Start isEmptyParallel. Operand  has 6 states, 4 states have (on average 1.75) internal successors, (7), 5 states have internal predecessors, (7), 0 states have call successors, (0), 0 states have call predecessors, (0), 0 states have return successors, (0), 0 states have call predecessors, (0), 0 states have call successors, (0)
[2026-06-06 09:32:01,030 INFO  L182       IsEmptyHeuristic]: Start isEmptyHeuristic. Operand  has 6 states, 4 states have (on average 1.75) internal successors, (7), 5 states have internal predecessors, (7), 0 states have call successors, (0), 0 states have call predecessors, (0), 0 states have return successors, (0), 0 states have call predecessors, (0), 0 states have call successors, (0)
[2026-06-06 09:32:01,030 INFO  L188       IsEmptyHeuristic]: Finished isEmptyHeuristic. No accepting run.
[2026-06-06 09:32:01,030 INFO  L182       IsEmptyHeuristic]: Start isEmptyHeuristic. Operand  has 6 states, 4 states have (on average 1.75) internal successors, (7), 5 states have internal predecessors, (7), 0 states have call successors, (0), 0 states have call predecessors, (0), 0 states have return successors, (0), 0 states have call predecessors, (0), 0 states have call successors, (0)
[2026-06-06 09:32:01,030 INFO  L188       IsEmptyHeuristic]: Finished isEmptyHeuristic. No accepting run.
[2026-06-06 09:32:01,030 INFO  L182       IsEmptyHeuristic]: Start isEmptyHeuristic. Operand  has 6 states, 4 states have (on average 1.75) internal successors, (7), 5 states have internal predecessors, (7), 0 states have call successors, (0), 0 states have call predecessors, (0), 0 states have return successors, (0), 0 states have call predecessors, (0), 0 states have call successors, (0)
[2026-06-06 09:32:01,031 INFO  L188       IsEmptyHeuristic]: Finished isEmptyHeuristic. No accepting run.
[2026-06-06 09:32:01,031 INFO  L182       IsEmptyHeuristic]: Start isEmptyHeuristic. Operand  has 6 states, 4 states have (on average 1.75) internal successors, (7), 5 states have internal predecessors, (7), 0 states have call successors, (0), 0 states have call predecessors, (0), 0 states have return successors, (0), 0 states have call predecessors, (0), 0 states have call successors, (0)
[2026-06-06 09:32:01,031 INFO  L188       IsEmptyHeuristic]: Finished isEmptyHeuristic. No accepting run.
[2026-06-06 09:32:01,031 INFO  L182       IsEmptyHeuristic]: Start isEmptyHeuristic. Operand  has 6 states, 4 states have (on average 1.75) internal successors, (7), 5 states have internal predecessors, (7), 0 states have call successors, (0), 0 states have call predecessors, (0), 0 states have return successors, (0), 0 states have call predecessors, (0), 0 states have call successors, (0)
[2026-06-06 09:32:01,031 INFO  L188       IsEmptyHeuristic]: Finished isEmptyHeuristic. No accepting run.
[2026-06-06 09:32:01,031 INFO  L182       IsEmptyHeuristic]: Start isEmptyHeuristic. Operand  has 6 states, 4 states have (on average 1.75) internal successors, (7), 5 states have internal predecessors, (7), 0 states have call successors, (0), 0 states have call predecessors, (0), 0 states have return successors, (0), 0 states have call predecessors, (0), 0 states have call successors, (0)
[2026-06-06 09:32:01,031 INFO  L188       IsEmptyHeuristic]: Finished isEmptyHeuristic. No accepting run.
[2026-06-06 09:32:01,031 INFO  L182       IsEmptyHeuristic]: Start isEmptyHeuristic. Operand  has 6 states, 4 states have (on average 1.75) internal successors, (7), 5 states have internal predecessors, (7), 0 states have call successors, (0), 0 states have call predecessors, (0), 0 states have return successors, (0), 0 states have call predecessors, (0), 0 states have call successors, (0)
[2026-06-06 09:32:01,031 INFO  L188       IsEmptyHeuristic]: Finished isEmptyHeuristic. Found accepting run of length 13
[2026-06-06 09:32:01,031 INFO  L163        IsEmptyParallel]: Finished isEmptyParallel. Found accepting run of length 13
[2026-06-06 09:32:01,031 WARN  L753                IsEmpty]: Correctness of emptinessCheck not tested.
[2026-06-06 09:32:01,031 INFO  L79                 Accepts]: Start accepts. Automaton has  has 6 states, 4 states have (on average 1.75) internal successors, (7), 5 states have internal predecessors, (7), 0 states have call successors, (0), 0 states have call predecessors, (0), 0 states have return successors, (0), 0 states have call predecessors, (0), 0 states have call successors, (0) Word has length 12
[2026-06-06 09:32:01,031 INFO  L85                 Accepts]: Finished accepts. word is accepted.
[2026-06-06 09:32:01,031 INFO  L757                IsEmpty]: Finished testing correctness of emptinessCheck
[2026-06-06 09:32:01,031 INFO  L290                IsEmpty]: Start isEmptyParallel. Operand  has 6 states, 4 states have (on average 1.75) internal successors, (7), 5 states have internal predecessors, (7), 0 states have call successors, (0), 0 states have call predecessors, (0), 0 states have return successors, (0), 0 states have call predecessors, (0), 0 states have call successors, (0)
[2026-06-06 09:32:01,031 INFO  L300                IsEmpty]: Finished isEmptyParallel. No accepting run.
[2026-06-06 09:32:01,031 INFO  L156        IsEmptyParallel]: Start isEmptyParallel. Operand  has 6 states, 4 states have (on average 1.75) internal successors, (7), 5 states have internal predecessors, (7), 0 states have call successors, (0), 0 states have call predecessors, (0), 0 states have return successors, (0), 0 states have call predecessors, (0), 0 states have call successors, (0)
[2026-06-06 09:32:01,031 INFO  L182       IsEmptyHeuristic]: Start isEmptyHeuristic. Operand  has 6 states, 4 states have (on average 1.75) internal successors, (7), 5 states have internal predecessors, (7), 0 states have call successors, (0), 0 states have call predecessors, (0), 0 states have return successors, (0), 0 states have call predecessors, (0), 0 states have call successors, (0)
[2026-06-06 09:32:01,031 INFO  L188       IsEmptyHeuristic]: Finished isEmptyHeuristic. Found accepting run of length 9
[2026-06-06 09:32:01,031 INFO  L163        IsEmptyParallel]: Finished isEmptyParallel. Found accepting run of length 9
[2026-06-06 09:32:01,031 WARN  L753                IsEmpty]: Correctness of emptinessCheck not tested.
[2026-06-06 09:32:01,031 INFO  L79                 Accepts]: Start accepts. Automaton has  has 6 states, 4 states have (on average 1.75) internal successors, (7), 5 states have internal predecessors, (7), 0 states have call successors, (0), 0 states have call predecessors, (0), 0 states have return successors, (0), 0 states have call predecessors, (0), 0 states have call successors, (0) Word has length 8
[2026-06-06 09:32:01,032 INFO  L85                 Accepts]: Finished accepts. word is accepted.
[2026-06-06 09:32:01,032 INFO  L757                IsEmpty]: Finished testing correctness of emptinessCheck
[2026-06-06 09:32:01,032 INFO  L290                IsEmpty]: Start isEmptyParallel. Operand  has 6 states, 4 states have (on average 1.75) internal successors, (7), 5 states have internal predecessors, (7), 0 states have call successors, (0), 0 states have call predecessors, (0), 0 states have return successors, (0), 0 states have call predecessors, (0), 0 states have call successors, (0)
[2026-06-06 09:32:01,032 INFO  L300                IsEmpty]: Finished isEmptyParallel. No accepting run.
[2026-06-06 09:32:01,032 INFO  L156        IsEmptyParallel]: Start isEmptyParallel. Operand  has 6 states, 4 states have (on average 1.75) internal successors, (7), 5 states have internal predecessors, (7), 0 states have call successors, (0), 0 states have call predecessors, (0), 0 states have return successors, (0), 0 states have call predecessors, (0), 0 states have call successors, (0)
[2026-06-06 09:32:01,032 INFO  L182       IsEmptyHeuristic]: Start isEmptyHeuristic. Operand  has 6 states, 4 states have (on average 1.75) internal successors, (7), 5 states have internal predecessors, (7), 0 states have call successors, (0), 0 states have call predecessors, (0), 0 states have return successors, (0), 0 states have call predecessors, (0), 0 states have call successors, (0)
[2026-06-06 09:32:01,032 INFO  L188       IsEmptyHeuristic]: Finished isEmptyHeuristic. No accepting run.
[2026-06-06 09:32:01,032 INFO  L182       IsEmptyHeuristic]: Start isEmptyHeuristic. Operand  has 6 states, 4 states have (on average 1.75) internal successors, (7), 5 states have internal predecessors, (7), 0 states have call successors, (0), 0 states have call predecessors, (0), 0 states have return successors, (0), 0 states have call predecessors, (0), 0 states have call successors, (0)
[2026-06-06 09:32:01,032 INFO  L188       IsEmptyHeuristic]: Finished isEmptyHeuristic. No accepting run.
[2026-06-06 09:32:01,032 INFO  L182       IsEmptyHeuristic]: Start isEmptyHeuristic. Operand  has 6 states, 4 states have (on average 1.75) internal successors, (7), 5 states have internal predecessors, (7), 0 states have call successors, (0), 0 states have call predecessors, (0), 0 states have return successors, (0), 0 states have call predecessors, (0), 0 states have call successors, (0)
[2026-06-06 09:32:01,032 INFO  L188       IsEmptyHeuristic]: Finished isEmptyHeuristic. No accepting run.
[2026-06-06 09:32:01,032 INFO  L182       IsEmptyHeuristic]: Start isEmptyHeuristic. Operand  has 6 states, 4 states have (on average 1.75) internal successors, (7), 5 states have internal predecessors, (7), 0 states have call successors, (0), 0 states have call predecessors, (0), 0 states have return successors, (0), 0 states have call predecessors, (0), 0 states have call successors, (0)
[2026-06-06 09:32:01,032 INFO  L188       IsEmptyHeuristic]: Finished isEmptyHeuristic. No accepting run.
[2026-06-06 09:32:01,032 INFO  L182       IsEmptyHeuristic]: Start isEmptyHeuristic. Operand  has 6 states, 4 states have (on average 1.75) internal successors, (7), 5 states have internal predecessors, (7), 0 states have call successors, (0), 0 states have call predecessors, (0), 0 states have return successors, (0), 0 states have call predecessors, (0), 0 states have call successors, (0)
[2026-06-06 09:32:01,032 INFO  L188       IsEmptyHeuristic]: Finished isEmptyHeuristic. No accepting run.
[2026-06-06 09:32:01,032 INFO  L182       IsEmptyHeuristic]: Start isEmptyHeuristic. Operand  has 6 states, 4 states have (on average 1.75) internal successors, (7), 5 states have internal predecessors, (7), 0 states have call successors, (0), 0 states have call predecessors, (0), 0 states have return successors, (0), 0 states have call predecessors, (0), 0 states have call successors, (0)
[2026-06-06 09:32:01,032 INFO  L188       IsEmptyHeuristic]: Finished isEmptyHeuristic. No accepting run.
[2026-06-06 09:32:01,032 INFO  L182       IsEmptyHeuristic]: Start isEmptyHeuristic. Operand  has 6 states, 4 states have (on average 1.75) internal successors, (7), 5 states have internal predecessors, (7), 0 states have call successors, (0), 0 states have call predecessors, (0), 0 states have return successors, (0), 0 states have call predecessors, (0), 0 states have call successors, (0)
[2026-06-06 09:32:01,032 INFO  L188       IsEmptyHeuristic]: Finished isEmptyHeuristic. No accepting run.
[2026-06-06 09:32:01,032 INFO  L182       IsEmptyHeuristic]: Start isEmptyHeuristic. Operand  has 6 states, 4 states have (on average 1.75) internal successors, (7), 5 states have internal predecessors, (7), 0 states have call successors, (0), 0 states have call predecessors, (0), 0 states have return successors, (0), 0 states have call predecessors, (0), 0 states have call successors, (0)
[2026-06-06 09:32:01,033 INFO  L188       IsEmptyHeuristic]: Finished isEmptyHeuristic. Found accepting run of length 12
[2026-06-06 09:32:01,033 INFO  L163        IsEmptyParallel]: Finished isEmptyParallel. Found accepting run of length 12
[2026-06-06 09:32:01,033 WARN  L753                IsEmpty]: Correctness of emptinessCheck not tested.
[2026-06-06 09:32:01,033 INFO  L79                 Accepts]: Start accepts. Automaton has  has 6 states, 4 states have (on average 1.75) internal successors, (7), 5 states have internal predecessors, (7), 0 states have call successors, (0), 0 states have call predecessors, (0), 0 states have return successors, (0), 0 states have call predecessors, (0), 0 states have call successors, (0) Word has length 11
[2026-06-06 09:32:01,033 INFO  L85                 Accepts]: Finished accepts. word is accepted.
[2026-06-06 09:32:01,033 INFO  L757                IsEmpty]: Finished testing correctness of emptinessCheck
[2026-06-06 09:32:01,033 INFO  L290                IsEmpty]: Start isEmptyParallel. Operand  has 6 states, 4 states have (on average 1.75) internal successors, (7), 5 states have internal predecessors, (7), 0 states have call successors, (0), 0 states have call predecessors, (0), 0 states have return successors, (0), 0 states have call predecessors, (0), 0 states have call successors, (0)
[2026-06-06 09:32:01,033 INFO  L300                IsEmpty]: Finished isEmptyParallel. No accepting run.
[2026-06-06 09:32:01,033 INFO  L156        IsEmptyParallel]: Start isEmptyParallel. Operand  has 6 states, 4 states have (on average 1.75) internal successors, (7), 5 states have internal predecessors, (7), 0 states have call successors, (0), 0 states have call predecessors, (0), 0 states have return successors, (0), 0 states have call predecessors, (0), 0 states have call successors, (0)
[2026-06-06 09:32:01,033 INFO  L182       IsEmptyHeuristic]: Start isEmptyHeuristic. Operand  has 6 states, 4 states have (on average 1.75) internal successors, (7), 5 states have internal predecessors, (7), 0 states have call successors, (0), 0 states have call predecessors, (0), 0 states have return successors, (0), 0 states have call predecessors, (0), 0 states have call successors, (0)
[2026-06-06 09:32:01,033 INFO  L188       IsEmptyHeuristic]: Finished isEmptyHeuristic. No accepting run.
[2026-06-06 09:32:01,033 INFO  L182       IsEmptyHeuristic]: Start isEmptyHeuristic. Operand  has 6 states, 4 states have (on average 1.75) internal successors, (7), 5 states have internal predecessors, (7), 0 states have call successors, (0), 0 states have call predecessors, (0), 0 states have return successors, (0), 0 states have call predecessors, (0), 0 states have call successors, (0)
[2026-06-06 09:32:01,033 INFO  L188       IsEmptyHeuristic]: Finished isEmptyHeuristic. No accepting run.
[2026-06-06 09:32:01,033 INFO  L182       IsEmptyHeuristic]: Start isEmptyHeuristic. Operand  has 6 states, 4 states have (on average 1.75) internal successors, (7), 5 states have internal predecessors, (7), 0 states have call successors, (0), 0 states have call predecessors, (0), 0 states have return successors, (0), 0 states have call predecessors, (0), 0 states have call successors, (0)
[2026-06-06 09:32:01,033 INFO  L188       IsEmptyHeuristic]: Finished isEmptyHeuristic. No accepting run.
[2026-06-06 09:32:01,033 INFO  L182       IsEmptyHeuristic]: Start isEmptyHeuristic. Operand  has 6 states, 4 states have (on average 1.75) internal successors, (7), 5 states have internal predecessors, (7), 0 states have call successors, (0), 0 states have call predecessors, (0), 0 states have return successors, (0), 0 states have call predecessors, (0), 0 states have call successors, (0)
[2026-06-06 09:32:01,033 INFO  L188       IsEmptyHeuristic]: Finished isEmptyHeuristic. Found accepting run of length 11
[2026-06-06 09:32:01,033 INFO  L163        IsEmptyParallel]: Finished isEmptyParallel. Found accepting run of length 11
[2026-06-06 09:32:01,033 WARN  L753                IsEmpty]: Correctness of emptinessCheck not tested.
[2026-06-06 09:32:01,033 INFO  L79                 Accepts]: Start accepts. Automaton has  has 6 states, 4 states have (on average 1.75) internal successors, (7), 5 states have internal predecessors, (7), 0 states have call successors, (0), 0 states have call predecessors, (0), 0 states have return successors, (0), 0 states have call predecessors, (0), 0 states have call successors, (0) Word has length 10
[2026-06-06 09:32:01,033 INFO  L85                 Accepts]: Finished accepts. word is accepted.
[2026-06-06 09:32:01,033 INFO  L757                IsEmpty]: Finished testing correctness of emptinessCheck
[2026-06-06 09:32:01,033 INFO  L290                IsEmpty]: Start isEmptyParallel. Operand  has 6 states, 4 states have (on average 1.75) internal successors, (7), 5 states have internal predecessors, (7), 0 states have call successors, (0), 0 states have call predecessors, (0), 0 states have return successors, (0), 0 states have call predecessors, (0), 0 states have call successors, (0)
[2026-06-06 09:32:01,033 INFO  L300                IsEmpty]: Finished isEmptyParallel. No accepting run.
[2026-06-06 09:32:01,033 INFO  L156        IsEmptyParallel]: Start isEmptyParallel. Operand  has 6 states, 4 states have (on average 1.75) internal successors, (7), 5 states have internal predecessors, (7), 0 states have call successors, (0), 0 states have call predecessors, (0), 0 states have return successors, (0), 0 states have call predecessors, (0), 0 states have call successors, (0)
[2026-06-06 09:32:01,033 INFO  L182       IsEmptyHeuristic]: Start isEmptyHeuristic. Operand  has 6 states, 4 states have (on average 1.75) internal successors, (7), 5 states have internal predecessors, (7), 0 states have call successors, (0), 0 states have call predecessors, (0), 0 states have return successors, (0), 0 states have call predecessors, (0), 0 states have call successors, (0)
[2026-06-06 09:32:01,033 INFO  L188       IsEmptyHeuristic]: Finished isEmptyHeuristic. No accepting run.
[2026-06-06 09:32:01,033 INFO  L182       IsEmptyHeuristic]: Start isEmptyHeuristic. Operand  has 6 states, 4 states have (on average 1.75) internal successors, (7), 5 states have internal predecessors, (7), 0 states have call successors, (0), 0 states have call predecessors, (0), 0 states have return successors, (0), 0 states have call predecessors, (0), 0 states have call successors, (0)
[2026-06-06 09:32:01,034 INFO  L188       IsEmptyHeuristic]: Finished isEmptyHeuristic. No accepting run.
[2026-06-06 09:32:01,034 INFO  L182       IsEmptyHeuristic]: Start isEmptyHeuristic. Operand  has 6 states, 4 states have (on average 1.75) internal successors, (7), 5 states have internal predecessors, (7), 0 states have call successors, (0), 0 states have call predecessors, (0), 0 states have return successors, (0), 0 states have call predecessors, (0), 0 states have call successors, (0)
[2026-06-06 09:32:01,034 INFO  L188       IsEmptyHeuristic]: Finished isEmptyHeuristic. No accepting run.
[2026-06-06 09:32:01,034 INFO  L182       IsEmptyHeuristic]: Start isEmptyHeuristic. Operand  has 6 states, 4 states have (on average 1.75) internal successors, (7), 5 states have internal predecessors, (7), 0 states have call successors, (0), 0 states have call predecessors, (0), 0 states have return successors, (0), 0 states have call predecessors, (0), 0 states have call successors, (0)
[2026-06-06 09:32:01,034 INFO  L188       IsEmptyHeuristic]: Finished isEmptyHeuristic. No accepting run.
[2026-06-06 09:32:01,034 INFO  L182       IsEmptyHeuristic]: Start isEmptyHeuristic. Operand  has 6 states, 4 states have (on average 1.75) internal successors, (7), 5 states have internal predecessors, (7), 0 states have call successors, (0), 0 states have call predecessors, (0), 0 states have return successors, (0), 0 states have call predecessors, (0), 0 states have call successors, (0)
[2026-06-06 09:32:01,034 INFO  L188       IsEmptyHeuristic]: Finished isEmptyHeuristic. No accepting run.
[2026-06-06 09:32:01,034 INFO  L182       IsEmptyHeuristic]: Start isEmptyHeuristic. Operand  has 6 states, 4 states have (on average 1.75) internal successors, (7), 5 states have internal predecessors, (7), 0 states have call successors, (0), 0 states have call predecessors, (0), 0 states have return successors, (0), 0 states have call predecessors, (0), 0 states have call successors, (0)
[2026-06-06 09:32:01,034 INFO  L188       IsEmptyHeuristic]: Finished isEmptyHeuristic. No accepting run.
[2026-06-06 09:32:01,034 INFO  L182       IsEmptyHeuristic]: Start isEmptyHeuristic. Operand  has 6 states, 4 states have (on average 1.75) internal successors, (7), 5 states have internal predecessors, (7), 0 states have call successors, (0), 0 states have call predecessors, (0), 0 states have return successors, (0), 0 states have call predecessors, (0), 0 states have call successors, (0)
[2026-06-06 09:32:01,034 INFO  L188       IsEmptyHeuristic]: Finished isEmptyHeuristic. No accepting run.
[2026-06-06 09:32:01,034 INFO  L182       IsEmptyHeuristic]: Start isEmptyHeuristic. Operand  has 6 states, 4 states have (on average 1.75) internal successors, (7), 5 states have internal predecessors, (7), 0 states have call successors, (0), 0 states have call predecessors, (0), 0 states have return successors, (0), 0 states have call predecessors, (0), 0 states have call successors, (0)
[2026-06-06 09:32:01,034 INFO  L188       IsEmptyHeuristic]: Finished isEmptyHeuristic. No accepting run.
[2026-06-06 09:32:01,034 INFO  L182       IsEmptyHeuristic]: Start isEmptyHeuristic. Operand  has 6 states, 4 states have (on average 1.75) internal successors, (7), 5 states have internal predecessors, (7), 0 states have call successors, (0), 0 states have call predecessors, (0), 0 states have return successors, (0), 0 states have call predecessors, (0), 0 states have call successors, (0)
[2026-06-06 09:32:01,034 INFO  L188       IsEmptyHeuristic]: Finished isEmptyHeuristic. Found accepting run of length 15
[2026-06-06 09:32:01,034 INFO  L163        IsEmptyParallel]: Finished isEmptyParallel. Found accepting run of length 15
[2026-06-06 09:32:01,034 WARN  L753                IsEmpty]: Correctness of emptinessCheck not tested.
[2026-06-06 09:32:01,034 INFO  L79                 Accepts]: Start accepts. Automaton has  has 6 states, 4 states have (on average 1.75) internal successors, (7), 5 states have internal predecessors, (7), 0 states have call successors, (0), 0 states have call predecessors, (0), 0 states have return successors, (0), 0 states have call predecessors, (0), 0 states have call successors, (0) Word has length 14
[2026-06-06 09:32:01,034 INFO  L85                 Accepts]: Finished accepts. word is accepted.
[2026-06-06 09:32:01,034 INFO  L757                IsEmpty]: Finished testing correctness of emptinessCheck
[2026-06-06 09:32:01,034 INFO  L290                IsEmpty]: Start isEmptyParallel. Operand  has 6 states, 4 states have (on average 1.75) internal successors, (7), 5 states have internal predecessors, (7), 0 states have call successors, (0), 0 states have call predecessors, (0), 0 states have return successors, (0), 0 states have call predecessors, (0), 0 states have call successors, (0)
[2026-06-06 09:32:01,034 INFO  L300                IsEmpty]: Finished isEmptyParallel. No accepting run.
[2026-06-06 09:32:01,034 INFO  L156        IsEmptyParallel]: Start isEmptyParallel. Operand  has 6 states, 4 states have (on average 1.75) internal successors, (7), 5 states have internal predecessors, (7), 0 states have call successors, (0), 0 states have call predecessors, (0), 0 states have return successors, (0), 0 states have call predecessors, (0), 0 states have call successors, (0)
[2026-06-06 09:32:01,035 INFO  L182       IsEmptyHeuristic]: Start isEmptyHeuristic. Operand  has 6 states, 4 states have (on average 1.75) internal successors, (7), 5 states have internal predecessors, (7), 0 states have call successors, (0), 0 states have call predecessors, (0), 0 states have return successors, (0), 0 states have call predecessors, (0), 0 states have call successors, (0)
[2026-06-06 09:32:01,035 INFO  L188       IsEmptyHeuristic]: Finished isEmptyHeuristic. No accepting run.
[2026-06-06 09:32:01,035 INFO  L182       IsEmptyHeuristic]: Start isEmptyHeuristic. Operand  has 6 states, 4 states have (on average 1.75) internal successors, (7), 5 states have internal predecessors, (7), 0 states have call successors, (0), 0 states have call predecessors, (0), 0 states have return successors, (0), 0 states have call predecessors, (0), 0 states have call successors, (0)
[2026-06-06 09:32:01,035 INFO  L188       IsEmptyHeuristic]: Finished isEmptyHeuristic. Found accepting run of length 8
[2026-06-06 09:32:01,035 INFO  L163        IsEmptyParallel]: Finished isEmptyParallel. Found accepting run of length 8
[2026-06-06 09:32:01,035 WARN  L753                IsEmpty]: Correctness of emptinessCheck not tested.
[2026-06-06 09:32:01,036 INFO  L79                 Accepts]: Start accepts. Automaton has  has 6 states, 4 states have (on average 1.75) internal successors, (7), 5 states have internal predecessors, (7), 0 states have call successors, (0), 0 states have call predecessors, (0), 0 states have return successors, (0), 0 states have call predecessors, (0), 0 states have call successors, (0) Word has length 7
[2026-06-06 09:32:01,036 INFO  L85                 Accepts]: Finished accepts. word is accepted.
[2026-06-06 09:32:01,036 INFO  L757                IsEmpty]: Finished testing correctness of emptinessCheck
[2026-06-06 09:32:01,036 INFO  L290                IsEmpty]: Start isEmptyParallel. Operand  has 6 states, 4 states have (on average 1.75) internal successors, (7), 5 states have internal predecessors, (7), 0 states have call successors, (0), 0 states have call predecessors, (0), 0 states have return successors, (0), 0 states have call predecessors, (0), 0 states have call successors, (0)
[2026-06-06 09:32:01,036 INFO  L300                IsEmpty]: Finished isEmptyParallel. No accepting run.
[2026-06-06 09:32:01,036 INFO  L156        IsEmptyParallel]: Start isEmptyParallel. Operand  has 6 states, 4 states have (on average 1.75) internal successors, (7), 5 states have internal predecessors, (7), 0 states have call successors, (0), 0 states have call predecessors, (0), 0 states have return successors, (0), 0 states have call predecessors, (0), 0 states have call successors, (0)
[2026-06-06 09:32:01,036 INFO  L182       IsEmptyHeuristic]: Start isEmptyHeuristic. Operand  has 6 states, 4 states have (on average 1.75) internal successors, (7), 5 states have internal predecessors, (7), 0 states have call successors, (0), 0 states have call predecessors, (0), 0 states have return successors, (0), 0 states have call predecessors, (0), 0 states have call successors, (0)
[2026-06-06 09:32:01,037 INFO  L188       IsEmptyHeuristic]: Finished isEmptyHeuristic. No accepting run.
[2026-06-06 09:32:01,037 INFO  L182       IsEmptyHeuristic]: Start isEmptyHeuristic. Operand  has 6 states, 4 states have (on average 1.75) internal successors, (7), 5 states have internal predecessors, (7), 0 states have call successors, (0), 0 states have call predecessors, (0), 0 states have return successors, (0), 0 states have call predecessors, (0), 0 states have call successors, (0)
[2026-06-06 09:32:01,037 INFO  L188       IsEmptyHeuristic]: Finished isEmptyHeuristic. No accepting run.
[2026-06-06 09:32:01,037 INFO  L182       IsEmptyHeuristic]: Start isEmptyHeuristic. Operand  has 6 states, 4 states have (on average 1.75) internal successors, (7), 5 states have internal predecessors, (7), 0 states have call successors, (0), 0 states have call predecessors, (0), 0 states have return successors, (0), 0 states have call predecessors, (0), 0 states have call successors, (0)
[2026-06-06 09:32:01,037 INFO  L188       IsEmptyHeuristic]: Finished isEmptyHeuristic. No accepting run.
[2026-06-06 09:32:01,037 INFO  L182       IsEmptyHeuristic]: Start isEmptyHeuristic. Operand  has 6 states, 4 states have (on average 1.75) internal successors, (7), 5 states have internal predecessors, (7), 0 states have call successors, (0), 0 states have call predecessors, (0), 0 states have return successors, (0), 0 states have call predecessors, (0), 0 states have call successors, (0)
[2026-06-06 09:32:01,037 INFO  L188       IsEmptyHeuristic]: Finished isEmptyHeuristic. No accepting run.
[2026-06-06 09:32:01,037 INFO  L182       IsEmptyHeuristic]: Start isEmptyHeuristic. Operand  has 6 states, 4 states have (on average 1.75) internal successors, (7), 5 states have internal predecessors, (7), 0 states have call successors, (0), 0 states have call predecessors, (0), 0 states have return successors, (0), 0 states have call predecessors, (0), 0 states have call successors, (0)
[2026-06-06 09:32:01,037 INFO  L188       IsEmptyHeuristic]: Finished isEmptyHeuristic. No accepting run.
[2026-06-06 09:32:01,037 INFO  L182       IsEmptyHeuristic]: Start isEmptyHeuristic. Operand  has 6 states, 4 states have (on average 1.75) internal successors, (7), 5 states have internal predecessors, (7), 0 states have call successors, (0), 0 states have call predecessors, (0), 0 states have return successors, (0), 0 states have call predecessors, (0), 0 states have call successors, (0)
[2026-06-06 09:32:01,037 INFO  L188       IsEmptyHeuristic]: Finished isEmptyHeuristic. No accepting run.
[2026-06-06 09:32:01,037 INFO  L182       IsEmptyHeuristic]: Start isEmptyHeuristic. Operand  has 6 states, 4 states have (on average 1.75) internal successors, (7), 5 states have internal predecessors, (7), 0 states have call successors, (0), 0 states have call predecessors, (0), 0 states have return successors, (0), 0 states have call predecessors, (0), 0 states have call successors, (0)
[2026-06-06 09:32:01,037 INFO  L188       IsEmptyHeuristic]: Finished isEmptyHeuristic. No accepting run.
[2026-06-06 09:32:01,037 INFO  L182       IsEmptyHeuristic]: Start isEmptyHeuristic. Operand  has 6 states, 4 states have (on average 1.75) internal successors, (7), 5 states have internal predecessors, (7), 0 states have call successors, (0), 0 states have call predecessors, (0), 0 states have return successors, (0), 0 states have call predecessors, (0), 0 states have call successors, (0)
[2026-06-06 09:32:01,037 INFO  L188       IsEmptyHeuristic]: Finished isEmptyHeuristic. No accepting run.
[2026-06-06 09:32:01,037 INFO  L182       IsEmptyHeuristic]: Start isEmptyHeuristic. Operand  has 6 states, 4 states have (on average 1.75) internal successors, (7), 5 states have internal predecessors, (7), 0 states have call successors, (0), 0 states have call predecessors, (0), 0 states have return successors, (0), 0 states have call predecessors, (0), 0 states have call successors, (0)
[2026-06-06 09:32:01,038 INFO  L188       IsEmptyHeuristic]: Finished isEmptyHeuristic. No accepting run.
[2026-06-06 09:32:01,038 INFO  L182       IsEmptyHeuristic]: Start isEmptyHeuristic. Operand  has 6 states, 4 states have (on average 1.75) internal successors, (7), 5 states have internal predecessors, (7), 0 states have call successors, (0), 0 states have call predecessors, (0), 0 states have return successors, (0), 0 states have call predecessors, (0), 0 states have call successors, (0)
[2026-06-06 09:32:01,038 INFO  L188       IsEmptyHeuristic]: Finished isEmptyHeuristic. Found accepting run of length 14
[2026-06-06 09:32:01,038 INFO  L163        IsEmptyParallel]: Finished isEmptyParallel. Found accepting run of length 14
[2026-06-06 09:32:01,038 WARN  L753                IsEmpty]: Correctness of emptinessCheck not tested.
[2026-06-06 09:32:01,038 INFO  L79                 Accepts]: Start accepts. Automaton has  has 6 states, 4 states have (on average 1.75) internal successors, (7), 5 states have internal predecessors, (7), 0 states have call successors, (0), 0 states have call predecessors, (0), 0 states have return successors, (0), 0 states have call predecessors, (0), 0 states have call successors, (0) Word has length 13
[2026-06-06 09:32:01,038 INFO  L85                 Accepts]: Finished accepts. word is accepted.
[2026-06-06 09:32:01,038 INFO  L757                IsEmpty]: Finished testing correctness of emptinessCheck
[2026-06-06 09:32:01,038 INFO  L290                IsEmpty]: Start isEmptyParallel. Operand  has 6 states, 4 states have (on average 1.75) internal successors, (7), 5 states have internal predecessors, (7), 0 states have call successors, (0), 0 states have call predecessors, (0), 0 states have return successors, (0), 0 states have call predecessors, (0), 0 states have call successors, (0)
[2026-06-06 09:32:01,038 INFO  L300                IsEmpty]: Finished isEmptyParallel. No accepting run.
[2026-06-06 09:32:01,038 INFO  L156        IsEmptyParallel]: Start isEmptyParallel. Operand  has 6 states, 4 states have (on average 1.75) internal successors, (7), 5 states have internal predecessors, (7), 0 states have call successors, (0), 0 states have call predecessors, (0), 0 states have return successors, (0), 0 states have call predecessors, (0), 0 states have call successors, (0)
[2026-06-06 09:32:01,038 INFO  L182       IsEmptyHeuristic]: Start isEmptyHeuristic. Operand  has 6 states, 4 states have (on average 1.75) internal successors, (7), 5 states have internal predecessors, (7), 0 states have call successors, (0), 0 states have call predecessors, (0), 0 states have return successors, (0), 0 states have call predecessors, (0), 0 states have call successors, (0)
[2026-06-06 09:32:01,038 INFO  L188       IsEmptyHeuristic]: Finished isEmptyHeuristic. No accepting run.
[2026-06-06 09:32:01,038 INFO  L182       IsEmptyHeuristic]: Start isEmptyHeuristic. Operand  has 6 states, 4 states have (on average 1.75) internal successors, (7), 5 states have internal predecessors, (7), 0 states have call successors, (0), 0 states have call predecessors, (0), 0 states have return successors, (0), 0 states have call predecessors, (0), 0 states have call successors, (0)
[2026-06-06 09:32:01,038 INFO  L188       IsEmptyHeuristic]: Finished isEmptyHeuristic. No accepting run.
[2026-06-06 09:32:01,038 INFO  L182       IsEmptyHeuristic]: Start isEmptyHeuristic. Operand  has 6 states, 4 states have (on average 1.75) internal successors, (7), 5 states have internal predecessors, (7), 0 states have call successors, (0), 0 states have call predecessors, (0), 0 states have return successors, (0), 0 states have call predecessors, (0), 0 states have call successors, (0)
[2026-06-06 09:32:01,038 INFO  L188       IsEmptyHeuristic]: Finished isEmptyHeuristic. No accepting run.
[2026-06-06 09:32:01,038 INFO  L182       IsEmptyHeuristic]: Start isEmptyHeuristic. Operand  has 6 states, 4 states have (on average 1.75) internal successors, (7), 5 states have internal predecessors, (7), 0 states have call successors, (0), 0 states have call predecessors, (0), 0 states have return successors, (0), 0 states have call predecessors, (0), 0 states have call successors, (0)
[2026-06-06 09:32:01,038 INFO  L188       IsEmptyHeuristic]: Finished isEmptyHeuristic. No accepting run.
[2026-06-06 09:32:01,038 INFO  L182       IsEmptyHeuristic]: Start isEmptyHeuristic. Operand  has 6 states, 4 states have (on average 1.75) internal successors, (7), 5 states have internal predecessors, (7), 0 states have call successors, (0), 0 states have call predecessors, (0), 0 states have return successors, (0), 0 states have call predecessors, (0), 0 states have call successors, (0)
[2026-06-06 09:32:01,038 INFO  L188       IsEmptyHeuristic]: Finished isEmptyHeuristic. Found accepting run of length 10
[2026-06-06 09:32:01,039 INFO  L163        IsEmptyParallel]: Finished isEmptyParallel. Found accepting run of length 10
[2026-06-06 09:32:01,039 WARN  L753                IsEmpty]: Correctness of emptinessCheck not tested.
[2026-06-06 09:32:01,039 INFO  L79                 Accepts]: Start accepts. Automaton has  has 6 states, 4 states have (on average 1.75) internal successors, (7), 5 states have internal predecessors, (7), 0 states have call successors, (0), 0 states have call predecessors, (0), 0 states have return successors, (0), 0 states have call predecessors, (0), 0 states have call successors, (0) Word has length 9
[2026-06-06 09:32:01,039 INFO  L85                 Accepts]: Finished accepts. word is accepted.
[2026-06-06 09:32:01,039 INFO  L757                IsEmpty]: Finished testing correctness of emptinessCheck
[2026-06-06 09:32:01,039 INFO  L290                IsEmpty]: Start isEmptyParallel. Operand  has 6 states, 4 states have (on average 1.75) internal successors, (7), 5 states have internal predecessors, (7), 0 states have call successors, (0), 0 states have call predecessors, (0), 0 states have return successors, (0), 0 states have call predecessors, (0), 0 states have call successors, (0)
[2026-06-06 09:32:01,039 INFO  L300                IsEmpty]: Finished isEmptyParallel. No accepting run.
[2026-06-06 09:32:01,039 INFO  L156        IsEmptyParallel]: Start isEmptyParallel. Operand  has 6 states, 4 states have (on average 1.75) internal successors, (7), 5 states have internal predecessors, (7), 0 states have call successors, (0), 0 states have call predecessors, (0), 0 states have return successors, (0), 0 states have call predecessors, (0), 0 states have call successors, (0)
[2026-06-06 09:32:01,039 INFO  L182       IsEmptyHeuristic]: Start isEmptyHeuristic. Operand  has 6 states, 4 states have (on average 1.75) internal successors, (7), 5 states have internal predecessors, (7), 0 states have call successors, (0), 0 states have call predecessors, (0), 0 states have return successors, (0), 0 states have call predecessors, (0), 0 states have call successors, (0)
[2026-06-06 09:32:01,039 INFO  L188       IsEmptyHeuristic]: Finished isEmptyHeuristic. No accepting run.
[2026-06-06 09:32:01,039 INFO  L182       IsEmptyHeuristic]: Start isEmptyHeuristic. Operand  has 6 states, 4 states have (on average 1.75) internal successors, (7), 5 states have internal predecessors, (7), 0 states have call successors, (0), 0 states have call predecessors, (0), 0 states have return successors, (0), 0 states have call predecessors, (0), 0 states have call successors, (0)
[2026-06-06 09:32:01,039 INFO  L188       IsEmptyHeuristic]: Finished isEmptyHeuristic. No accepting run.
[2026-06-06 09:32:01,039 INFO  L182       IsEmptyHeuristic]: Start isEmptyHeuristic. Operand  has 6 states, 4 states have (on average 1.75) internal successors, (7), 5 states have internal predecessors, (7), 0 states have call successors, (0), 0 states have call predecessors, (0), 0 states have return successors, (0), 0 states have call predecessors, (0), 0 states have call successors, (0)
[2026-06-06 09:32:01,039 INFO  L188       IsEmptyHeuristic]: Finished isEmptyHeuristic. No accepting run.
[2026-06-06 09:32:01,039 INFO  L182       IsEmptyHeuristic]: Start isEmptyHeuristic. Operand  has 6 states, 4 states have (on average 1.75) internal successors, (7), 5 states have internal predecessors, (7), 0 states have call successors, (0), 0 states have call predecessors, (0), 0 states have return successors, (0), 0 states have call predecessors, (0), 0 states have call successors, (0)
[2026-06-06 09:32:01,039 INFO  L188       IsEmptyHeuristic]: Finished isEmptyHeuristic. No accepting run.
[2026-06-06 09:32:01,039 INFO  L182       IsEmptyHeuristic]: Start isEmptyHeuristic. Operand  has 6 states, 4 states have (on average 1.75) internal successors, (7), 5 states have internal predecessors, (7), 0 states have call successors, (0), 0 states have call predecessors, (0), 0 states have return successors, (0), 0 states have call predecessors, (0), 0 states have call successors, (0)
[2026-06-06 09:32:01,039 INFO  L188       IsEmptyHeuristic]: Finished isEmptyHeuristic. No accepting run.
[2026-06-06 09:32:01,039 INFO  L182       IsEmptyHeuristic]: Start isEmptyHeuristic. Operand  has 6 states, 4 states have (on average 1.75) internal successors, (7), 5 states have internal predecessors, (7), 0 states have call successors, (0), 0 states have call predecessors, (0), 0 states have return successors, (0), 0 states have call predecessors, (0), 0 states have call successors, (0)
[2026-06-06 09:32:01,040 INFO  L188       IsEmptyHeuristic]: Finished isEmptyHeuristic. No accepting run.
[2026-06-06 09:32:01,040 INFO  L182       IsEmptyHeuristic]: Start isEmptyHeuristic. Operand  has 6 states, 4 states have (on average 1.75) internal successors, (7), 5 states have internal predecessors, (7), 0 states have call successors, (0), 0 states have call predecessors, (0), 0 states have return successors, (0), 0 states have call predecessors, (0), 0 states have call successors, (0)
[2026-06-06 09:32:01,040 INFO  L188       IsEmptyHeuristic]: Finished isEmptyHeuristic. No accepting run.
[2026-06-06 09:32:01,040 INFO  L182       IsEmptyHeuristic]: Start isEmptyHeuristic. Operand  has 6 states, 4 states have (on average 1.75) internal successors, (7), 5 states have internal predecessors, (7), 0 states have call successors, (0), 0 states have call predecessors, (0), 0 states have return successors, (0), 0 states have call predecessors, (0), 0 states have call successors, (0)
[2026-06-06 09:32:01,040 INFO  L188       IsEmptyHeuristic]: Finished isEmptyHeuristic. No accepting run.
[2026-06-06 09:32:01,040 INFO  L182       IsEmptyHeuristic]: Start isEmptyHeuristic. Operand  has 6 states, 4 states have (on average 1.75) internal successors, (7), 5 states have internal predecessors, (7), 0 states have call successors, (0), 0 states have call predecessors, (0), 0 states have return successors, (0), 0 states have call predecessors, (0), 0 states have call successors, (0)
[2026-06-06 09:32:01,041 INFO  L188       IsEmptyHeuristic]: Finished isEmptyHeuristic. No accepting run.
[2026-06-06 09:32:01,041 INFO  L182       IsEmptyHeuristic]: Start isEmptyHeuristic. Operand  has 6 states, 4 states have (on average 1.75) internal successors, (7), 5 states have internal predecessors, (7), 0 states have call successors, (0), 0 states have call predecessors, (0), 0 states have return successors, (0), 0 states have call predecessors, (0), 0 states have call successors, (0)
[2026-06-06 09:32:01,041 INFO  L188       IsEmptyHeuristic]: Finished isEmptyHeuristic. No accepting run.
[2026-06-06 09:32:01,041 INFO  L182       IsEmptyHeuristic]: Start isEmptyHeuristic. Operand  has 6 states, 4 states have (on average 1.75) internal successors, (7), 5 states have internal predecessors, (7), 0 states have call successors, (0), 0 states have call predecessors, (0), 0 states have return successors, (0), 0 states have call predecessors, (0), 0 states have call successors, (0)
[2026-06-06 09:32:01,041 INFO  L188       IsEmptyHeuristic]: Finished isEmptyHeuristic. Found accepting run of length 17
[2026-06-06 09:32:01,041 INFO  L163        IsEmptyParallel]: Finished isEmptyParallel. Found accepting run of length 17
[2026-06-06 09:32:01,041 WARN  L753                IsEmpty]: Correctness of emptinessCheck not tested.
[2026-06-06 09:32:01,041 INFO  L79                 Accepts]: Start accepts. Automaton has  has 6 states, 4 states have (on average 1.75) internal successors, (7), 5 states have internal predecessors, (7), 0 states have call successors, (0), 0 states have call predecessors, (0), 0 states have return successors, (0), 0 states have call predecessors, (0), 0 states have call successors, (0) Word has length 16
[2026-06-06 09:32:01,041 INFO  L85                 Accepts]: Finished accepts. word is accepted.
[2026-06-06 09:32:01,041 INFO  L757                IsEmpty]: Finished testing correctness of emptinessCheck
[2026-06-06 09:32:01,041 INFO  L290                IsEmpty]: Start isEmptyParallel. Operand  has 6 states, 4 states have (on average 1.75) internal successors, (7), 5 states have internal predecessors, (7), 0 states have call successors, (0), 0 states have call predecessors, (0), 0 states have return successors, (0), 0 states have call predecessors, (0), 0 states have call successors, (0)
[2026-06-06 09:32:01,041 INFO  L300                IsEmpty]: Finished isEmptyParallel. No accepting run.
[2026-06-06 09:32:01,041 INFO  L156        IsEmptyParallel]: Start isEmptyParallel. Operand  has 6 states, 4 states have (on average 1.75) internal successors, (7), 5 states have internal predecessors, (7), 0 states have call successors, (0), 0 states have call predecessors, (0), 0 states have return successors, (0), 0 states have call predecessors, (0), 0 states have call successors, (0)
[2026-06-06 09:32:01,041 INFO  L182       IsEmptyHeuristic]: Start isEmptyHeuristic. Operand  has 6 states, 4 states have (on average 1.75) internal successors, (7), 5 states have internal predecessors, (7), 0 states have call successors, (0), 0 states have call predecessors, (0), 0 states have return successors, (0), 0 states have call predecessors, (0), 0 states have call successors, (0)
[2026-06-06 09:32:01,041 INFO  L188       IsEmptyHeuristic]: Finished isEmptyHeuristic. Found accepting run of length 8
[2026-06-06 09:32:01,041 INFO  L163        IsEmptyParallel]: Finished isEmptyParallel. Found accepting run of length 8
[2026-06-06 09:32:01,041 WARN  L753                IsEmpty]: Correctness of emptinessCheck not tested.
[2026-06-06 09:32:01,041 INFO  L79                 Accepts]: Start accepts. Automaton has  has 6 states, 4 states have (on average 1.75) internal successors, (7), 5 states have internal predecessors, (7), 0 states have call successors, (0), 0 states have call predecessors, (0), 0 states have return successors, (0), 0 states have call predecessors, (0), 0 states have call successors, (0) Word has length 7
[2026-06-06 09:32:01,041 INFO  L85                 Accepts]: Finished accepts. word is accepted.
[2026-06-06 09:32:01,041 INFO  L757                IsEmpty]: Finished testing correctness of emptinessCheck
[2026-06-06 09:32:01,041 INFO  L290                IsEmpty]: Start isEmptyParallel. Operand  has 6 states, 4 states have (on average 1.75) internal successors, (7), 5 states have internal predecessors, (7), 0 states have call successors, (0), 0 states have call predecessors, (0), 0 states have return successors, (0), 0 states have call predecessors, (0), 0 states have call successors, (0)
[2026-06-06 09:32:01,041 INFO  L300                IsEmpty]: Finished isEmptyParallel. No accepting run.
[2026-06-06 09:32:01,041 INFO  L156        IsEmptyParallel]: Start isEmptyParallel. Operand  has 6 states, 4 states have (on average 1.75) internal successors, (7), 5 states have internal predecessors, (7), 0 states have call successors, (0), 0 states have call predecessors, (0), 0 states have return successors, (0), 0 states have call predecessors, (0), 0 states have call successors, (0)
[2026-06-06 09:32:01,041 INFO  L182       IsEmptyHeuristic]: Start isEmptyHeuristic. Operand  has 6 states, 4 states have (on average 1.75) internal successors, (7), 5 states have internal predecessors, (7), 0 states have call successors, (0), 0 states have call predecessors, (0), 0 states have return successors, (0), 0 states have call predecessors, (0), 0 states have call successors, (0)
[2026-06-06 09:32:01,041 INFO  L188       IsEmptyHeuristic]: Finished isEmptyHeuristic. No accepting run.
[2026-06-06 09:32:01,041 INFO  L182       IsEmptyHeuristic]: Start isEmptyHeuristic. Operand  has 6 states, 4 states have (on average 1.75) internal successors, (7), 5 states have internal predecessors, (7), 0 states have call successors, (0), 0 states have call predecessors, (0), 0 states have return successors, (0), 0 states have call predecessors, (0), 0 states have call successors, (0)
[2026-06-06 09:32:01,041 INFO  L188       IsEmptyHeuristic]: Finished isEmptyHeuristic. No accepting run.
[2026-06-06 09:32:01,042 INFO  L182       IsEmptyHeuristic]: Start isEmptyHeuristic. Operand  has 6 states, 4 states have (on average 1.75) internal successors, (7), 5 states have internal predecessors, (7), 0 states have call successors, (0), 0 states have call predecessors, (0), 0 states have return successors, (0), 0 states have call predecessors, (0), 0 states have call successors, (0)
[2026-06-06 09:32:01,042 INFO  L188       IsEmptyHeuristic]: Finished isEmptyHeuristic. No accepting run.
[2026-06-06 09:32:01,042 INFO  L182       IsEmptyHeuristic]: Start isEmptyHeuristic. Operand  has 6 states, 4 states have (on average 1.75) internal successors, (7), 5 states have internal predecessors, (7), 0 states have call successors, (0), 0 states have call predecessors, (0), 0 states have return successors, (0), 0 states have call predecessors, (0), 0 states have call successors, (0)
[2026-06-06 09:32:01,042 INFO  L188       IsEmptyHeuristic]: Finished isEmptyHeuristic. No accepting run.
[2026-06-06 09:32:01,042 INFO  L182       IsEmptyHeuristic]: Start isEmptyHeuristic. Operand  has 6 states, 4 states have (on average 1.75) internal successors, (7), 5 states have internal predecessors, (7), 0 states have call successors, (0), 0 states have call predecessors, (0), 0 states have return successors, (0), 0 states have call predecessors, (0), 0 states have call successors, (0)
[2026-06-06 09:32:01,042 INFO  L188       IsEmptyHeuristic]: Finished isEmptyHeuristic. No accepting run.
[2026-06-06 09:32:01,042 INFO  L182       IsEmptyHeuristic]: Start isEmptyHeuristic. Operand  has 6 states, 4 states have (on average 1.75) internal successors, (7), 5 states have internal predecessors, (7), 0 states have call successors, (0), 0 states have call predecessors, (0), 0 states have return successors, (0), 0 states have call predecessors, (0), 0 states have call successors, (0)
[2026-06-06 09:32:01,042 INFO  L188       IsEmptyHeuristic]: Finished isEmptyHeuristic. No accepting run.
[2026-06-06 09:32:01,042 INFO  L182       IsEmptyHeuristic]: Start isEmptyHeuristic. Operand  has 6 states, 4 states have (on average 1.75) internal successors, (7), 5 states have internal predecessors, (7), 0 states have call successors, (0), 0 states have call predecessors, (0), 0 states have return successors, (0), 0 states have call predecessors, (0), 0 states have call successors, (0)
[2026-06-06 09:32:01,042 INFO  L188       IsEmptyHeuristic]: Finished isEmptyHeuristic. No accepting run.
[2026-06-06 09:32:01,042 INFO  L182       IsEmptyHeuristic]: Start isEmptyHeuristic. Operand  has 6 states, 4 states have (on average 1.75) internal successors, (7), 5 states have internal predecessors, (7), 0 states have call successors, (0), 0 states have call predecessors, (0), 0 states have return successors, (0), 0 states have call predecessors, (0), 0 states have call successors, (0)
[2026-06-06 09:32:01,042 INFO  L188       IsEmptyHeuristic]: Finished isEmptyHeuristic. No accepting run.
[2026-06-06 09:32:01,042 INFO  L182       IsEmptyHeuristic]: Start isEmptyHeuristic. Operand  has 6 states, 4 states have (on average 1.75) internal successors, (7), 5 states have internal predecessors, (7), 0 states have call successors, (0), 0 states have call predecessors, (0), 0 states have return successors, (0), 0 states have call predecessors, (0), 0 states have call successors, (0)
[2026-06-06 09:32:01,042 INFO  L188       IsEmptyHeuristic]: Finished isEmptyHeuristic. No accepting run.
[2026-06-06 09:32:01,042 INFO  L182       IsEmptyHeuristic]: Start isEmptyHeuristic. Operand  has 6 states, 4 states have (on average 1.75) internal successors, (7), 5 states have internal predecessors, (7), 0 states have call successors, (0), 0 states have call predecessors, (0), 0 states have return successors, (0), 0 states have call predecessors, (0), 0 states have call successors, (0)
[2026-06-06 09:32:01,042 INFO  L188       IsEmptyHeuristic]: Finished isEmptyHeuristic. No accepting run.
[2026-06-06 09:32:01,042 INFO  L182       IsEmptyHeuristic]: Start isEmptyHeuristic. Operand  has 6 states, 4 states have (on average 1.75) internal successors, (7), 5 states have internal predecessors, (7), 0 states have call successors, (0), 0 states have call predecessors, (0), 0 states have return successors, (0), 0 states have call predecessors, (0), 0 states have call successors, (0)
[2026-06-06 09:32:01,042 INFO  L188       IsEmptyHeuristic]: Finished isEmptyHeuristic. No accepting run.
[2026-06-06 09:32:01,042 INFO  L182       IsEmptyHeuristic]: Start isEmptyHeuristic. Operand  has 6 states, 4 states have (on average 1.75) internal successors, (7), 5 states have internal predecessors, (7), 0 states have call successors, (0), 0 states have call predecessors, (0), 0 states have return successors, (0), 0 states have call predecessors, (0), 0 states have call successors, (0)
[2026-06-06 09:32:01,042 INFO  L188       IsEmptyHeuristic]: Finished isEmptyHeuristic. Found accepting run of length 16
[2026-06-06 09:32:01,042 INFO  L163        IsEmptyParallel]: Finished isEmptyParallel. Found accepting run of length 16
[2026-06-06 09:32:01,042 WARN  L753                IsEmpty]: Correctness of emptinessCheck not tested.
[2026-06-06 09:32:01,042 INFO  L79                 Accepts]: Start accepts. Automaton has  has 6 states, 4 states have (on average 1.75) internal successors, (7), 5 states have internal predecessors, (7), 0 states have call successors, (0), 0 states have call predecessors, (0), 0 states have return successors, (0), 0 states have call predecessors, (0), 0 states have call successors, (0) Word has length 15
[2026-06-06 09:32:01,042 INFO  L85                 Accepts]: Finished accepts. word is accepted.
[2026-06-06 09:32:01,042 INFO  L757                IsEmpty]: Finished testing correctness of emptinessCheck
[2026-06-06 09:32:01,042 INFO  L290                IsEmpty]: Start isEmptyParallel. Operand  has 6 states, 4 states have (on average 1.75) internal successors, (7), 5 states have internal predecessors, (7), 0 states have call successors, (0), 0 states have call predecessors, (0), 0 states have return successors, (0), 0 states have call predecessors, (0), 0 states have call successors, (0)
[2026-06-06 09:32:01,042 INFO  L300                IsEmpty]: Finished isEmptyParallel. No accepting run.
[2026-06-06 09:32:01,042 INFO  L156        IsEmptyParallel]: Start isEmptyParallel. Operand  has 6 states, 4 states have (on average 1.75) internal successors, (7), 5 states have internal predecessors, (7), 0 states have call successors, (0), 0 states have call predecessors, (0), 0 states have return successors, (0), 0 states have call predecessors, (0), 0 states have call successors, (0)
[2026-06-06 09:32:01,043 INFO  L182       IsEmptyHeuristic]: Start isEmptyHeuristic. Operand  has 6 states, 4 states have (on average 1.75) internal successors, (7), 5 states have internal predecessors, (7), 0 states have call successors, (0), 0 states have call predecessors, (0), 0 states have return successors, (0), 0 states have call predecessors, (0), 0 states have call successors, (0)
[2026-06-06 09:32:01,043 INFO  L188       IsEmptyHeuristic]: Finished isEmptyHeuristic. No accepting run.
[2026-06-06 09:32:01,043 INFO  L182       IsEmptyHeuristic]: Start isEmptyHeuristic. Operand  has 6 states, 4 states have (on average 1.75) internal successors, (7), 5 states have internal predecessors, (7), 0 states have call successors, (0), 0 states have call predecessors, (0), 0 states have return successors, (0), 0 states have call predecessors, (0), 0 states have call successors, (0)
[2026-06-06 09:32:01,043 INFO  L188       IsEmptyHeuristic]: Finished isEmptyHeuristic. No accepting run.
[2026-06-06 09:32:01,043 INFO  L182       IsEmptyHeuristic]: Start isEmptyHeuristic. Operand  has 6 states, 4 states have (on average 1.75) internal successors, (7), 5 states have internal predecessors, (7), 0 states have call successors, (0), 0 states have call predecessors, (0), 0 states have return successors, (0), 0 states have call predecessors, (0), 0 states have call successors, (0)
[2026-06-06 09:32:01,043 INFO  L188       IsEmptyHeuristic]: Finished isEmptyHeuristic. No accepting run.
[2026-06-06 09:32:01,043 INFO  L182       IsEmptyHeuristic]: Start isEmptyHeuristic. Operand  has 6 states, 4 states have (on average 1.75) internal successors, (7), 5 states have internal predecessors, (7), 0 states have call successors, (0), 0 states have call predecessors, (0), 0 states have return successors, (0), 0 states have call predecessors, (0), 0 states have call successors, (0)
[2026-06-06 09:32:01,043 INFO  L188       IsEmptyHeuristic]: Finished isEmptyHeuristic. No accepting run.
[2026-06-06 09:32:01,043 INFO  L182       IsEmptyHeuristic]: Start isEmptyHeuristic. Operand  has 6 states, 4 states have (on average 1.75) internal successors, (7), 5 states have internal predecessors, (7), 0 states have call successors, (0), 0 states have call predecessors, (0), 0 states have return successors, (0), 0 states have call predecessors, (0), 0 states have call successors, (0)
[2026-06-06 09:32:01,043 INFO  L188       IsEmptyHeuristic]: Finished isEmptyHeuristic. No accepting run.
[2026-06-06 09:32:01,043 INFO  L182       IsEmptyHeuristic]: Start isEmptyHeuristic. Operand  has 6 states, 4 states have (on average 1.75) internal successors, (7), 5 states have internal predecessors, (7), 0 states have call successors, (0), 0 states have call predecessors, (0), 0 states have return successors, (0), 0 states have call predecessors, (0), 0 states have call successors, (0)
[2026-06-06 09:32:01,043 INFO  L188       IsEmptyHeuristic]: Finished isEmptyHeuristic. Found accepting run of length 13
[2026-06-06 09:32:01,043 INFO  L163        IsEmptyParallel]: Finished isEmptyParallel. Found accepting run of length 13
[2026-06-06 09:32:01,043 WARN  L753                IsEmpty]: Correctness of emptinessCheck not tested.
[2026-06-06 09:32:01,043 INFO  L79                 Accepts]: Start accepts. Automaton has  has 6 states, 4 states have (on average 1.75) internal successors, (7), 5 states have internal predecessors, (7), 0 states have call successors, (0), 0 states have call predecessors, (0), 0 states have return successors, (0), 0 states have call predecessors, (0), 0 states have call successors, (0) Word has length 12
[2026-06-06 09:32:01,043 INFO  L85                 Accepts]: Finished accepts. word is accepted.
[2026-06-06 09:32:01,043 INFO  L757                IsEmpty]: Finished testing correctness of emptinessCheck
[2026-06-06 09:32:01,043 INFO  L290                IsEmpty]: Start isEmptyParallel. Operand  has 6 states, 4 states have (on average 1.75) internal successors, (7), 5 states have internal predecessors, (7), 0 states have call successors, (0), 0 states have call predecessors, (0), 0 states have return successors, (0), 0 states have call predecessors, (0), 0 states have call successors, (0)
[2026-06-06 09:32:01,043 INFO  L300                IsEmpty]: Finished isEmptyParallel. No accepting run.
[2026-06-06 09:32:01,043 INFO  L156        IsEmptyParallel]: Start isEmptyParallel. Operand  has 6 states, 4 states have (on average 1.75) internal successors, (7), 5 states have internal predecessors, (7), 0 states have call successors, (0), 0 states have call predecessors, (0), 0 states have return successors, (0), 0 states have call predecessors, (0), 0 states have call successors, (0)
[2026-06-06 09:32:01,043 INFO  L182       IsEmptyHeuristic]: Start isEmptyHeuristic. Operand  has 6 states, 4 states have (on average 1.75) internal successors, (7), 5 states have internal predecessors, (7), 0 states have call successors, (0), 0 states have call predecessors, (0), 0 states have return successors, (0), 0 states have call predecessors, (0), 0 states have call successors, (0)
[2026-06-06 09:32:01,043 INFO  L188       IsEmptyHeuristic]: Finished isEmptyHeuristic. No accepting run.
[2026-06-06 09:32:01,043 INFO  L182       IsEmptyHeuristic]: Start isEmptyHeuristic. Operand  has 6 states, 4 states have (on average 1.75) internal successors, (7), 5 states have internal predecessors, (7), 0 states have call successors, (0), 0 states have call predecessors, (0), 0 states have return successors, (0), 0 states have call predecessors, (0), 0 states have call successors, (0)
[2026-06-06 09:32:01,043 INFO  L188       IsEmptyHeuristic]: Finished isEmptyHeuristic. No accepting run.
[2026-06-06 09:32:01,043 INFO  L182       IsEmptyHeuristic]: Start isEmptyHeuristic. Operand  has 6 states, 4 states have (on average 1.75) internal successors, (7), 5 states have internal predecessors, (7), 0 states have call successors, (0), 0 states have call predecessors, (0), 0 states have return successors, (0), 0 states have call predecessors, (0), 0 states have call successors, (0)
[2026-06-06 09:32:01,043 INFO  L188       IsEmptyHeuristic]: Finished isEmptyHeuristic. No accepting run.
[2026-06-06 09:32:01,043 INFO  L182       IsEmptyHeuristic]: Start isEmptyHeuristic. Operand  has 6 states, 4 states have (on average 1.75) internal successors, (7), 5 states have internal predecessors, (7), 0 states have call successors, (0), 0 states have call predecessors, (0), 0 states have return successors, (0), 0 states have call predecessors, (0), 0 states have call successors, (0)
[2026-06-06 09:32:01,043 INFO  L188       IsEmptyHeuristic]: Finished isEmptyHeuristic. No accepting run.
[2026-06-06 09:32:01,043 INFO  L182       IsEmptyHeuristic]: Start isEmptyHeuristic. Operand  has 6 states, 4 states have (on average 1.75) internal successors, (7), 5 states have internal predecessors, (7), 0 states have call successors, (0), 0 states have call predecessors, (0), 0 states have return successors, (0), 0 states have call predecessors, (0), 0 states have call successors, (0)
[2026-06-06 09:32:01,043 INFO  L188       IsEmptyHeuristic]: Finished isEmptyHeuristic. No accepting run.
[2026-06-06 09:32:01,044 INFO  L182       IsEmptyHeuristic]: Start isEmptyHeuristic. Operand  has 6 states, 4 states have (on average 1.75) internal successors, (7), 5 states have internal predecessors, (7), 0 states have call successors, (0), 0 states have call predecessors, (0), 0 states have return successors, (0), 0 states have call predecessors, (0), 0 states have call successors, (0)
[2026-06-06 09:32:01,044 INFO  L188       IsEmptyHeuristic]: Finished isEmptyHeuristic. No accepting run.
[2026-06-06 09:32:01,044 INFO  L182       IsEmptyHeuristic]: Start isEmptyHeuristic. Operand  has 6 states, 4 states have (on average 1.75) internal successors, (7), 5 states have internal predecessors, (7), 0 states have call successors, (0), 0 states have call predecessors, (0), 0 states have return successors, (0), 0 states have call predecessors, (0), 0 states have call successors, (0)
[2026-06-06 09:32:01,044 INFO  L188       IsEmptyHeuristic]: Finished isEmptyHeuristic. No accepting run.
[2026-06-06 09:32:01,044 INFO  L182       IsEmptyHeuristic]: Start isEmptyHeuristic. Operand  has 6 states, 4 states have (on average 1.75) internal successors, (7), 5 states have internal predecessors, (7), 0 states have call successors, (0), 0 states have call predecessors, (0), 0 states have return successors, (0), 0 states have call predecessors, (0), 0 states have call successors, (0)
[2026-06-06 09:32:01,044 INFO  L188       IsEmptyHeuristic]: Finished isEmptyHeuristic. No accepting run.
[2026-06-06 09:32:01,044 INFO  L182       IsEmptyHeuristic]: Start isEmptyHeuristic. Operand  has 6 states, 4 states have (on average 1.75) internal successors, (7), 5 states have internal predecessors, (7), 0 states have call successors, (0), 0 states have call predecessors, (0), 0 states have return successors, (0), 0 states have call predecessors, (0), 0 states have call successors, (0)
[2026-06-06 09:32:01,044 INFO  L188       IsEmptyHeuristic]: Finished isEmptyHeuristic. No accepting run.
[2026-06-06 09:32:01,044 INFO  L182       IsEmptyHeuristic]: Start isEmptyHeuristic. Operand  has 6 states, 4 states have (on average 1.75) internal successors, (7), 5 states have internal predecessors, (7), 0 states have call successors, (0), 0 states have call predecessors, (0), 0 states have return successors, (0), 0 states have call predecessors, (0), 0 states have call successors, (0)
[2026-06-06 09:32:01,044 INFO  L188       IsEmptyHeuristic]: Finished isEmptyHeuristic. No accepting run.
[2026-06-06 09:32:01,044 INFO  L182       IsEmptyHeuristic]: Start isEmptyHeuristic. Operand  has 6 states, 4 states have (on average 1.75) internal successors, (7), 5 states have internal predecessors, (7), 0 states have call successors, (0), 0 states have call predecessors, (0), 0 states have return successors, (0), 0 states have call predecessors, (0), 0 states have call successors, (0)
[2026-06-06 09:32:01,044 INFO  L188       IsEmptyHeuristic]: Finished isEmptyHeuristic. No accepting run.
[2026-06-06 09:32:01,044 INFO  L182       IsEmptyHeuristic]: Start isEmptyHeuristic. Operand  has 6 states, 4 states have (on average 1.75) internal successors, (7), 5 states have internal predecessors, (7), 0 states have call successors, (0), 0 states have call predecessors, (0), 0 states have return successors, (0), 0 states have call predecessors, (0), 0 states have call successors, (0)
[2026-06-06 09:32:01,044 INFO  L188       IsEmptyHeuristic]: Finished isEmptyHeuristic. No accepting run.
[2026-06-06 09:32:01,045 INFO  L182       IsEmptyHeuristic]: Start isEmptyHeuristic. Operand  has 6 states, 4 states have (on average 1.75) internal successors, (7), 5 states have internal predecessors, (7), 0 states have call successors, (0), 0 states have call predecessors, (0), 0 states have return successors, (0), 0 states have call predecessors, (0), 0 states have call successors, (0)
[2026-06-06 09:32:01,045 INFO  L188       IsEmptyHeuristic]: Finished isEmptyHeuristic. Found accepting run of length 19
[2026-06-06 09:32:01,045 INFO  L163        IsEmptyParallel]: Finished isEmptyParallel. Found accepting run of length 19
[2026-06-06 09:32:01,045 WARN  L753                IsEmpty]: Correctness of emptinessCheck not tested.
[2026-06-06 09:32:01,045 INFO  L79                 Accepts]: Start accepts. Automaton has  has 6 states, 4 states have (on average 1.75) internal successors, (7), 5 states have internal predecessors, (7), 0 states have call successors, (0), 0 states have call predecessors, (0), 0 states have return successors, (0), 0 states have call predecessors, (0), 0 states have call successors, (0) Word has length 18
[2026-06-06 09:32:01,045 INFO  L85                 Accepts]: Finished accepts. word is accepted.
[2026-06-06 09:32:01,045 INFO  L757                IsEmpty]: Finished testing correctness of emptinessCheck
[2026-06-06 09:32:01,045 INFO  L290                IsEmpty]: Start isEmptyParallel. Operand  has 6 states, 4 states have (on average 1.75) internal successors, (7), 5 states have internal predecessors, (7), 0 states have call successors, (0), 0 states have call predecessors, (0), 0 states have return successors, (0), 0 states have call predecessors, (0), 0 states have call successors, (0)
[2026-06-06 09:32:01,045 INFO  L300                IsEmpty]: Finished isEmptyParallel. No accepting run.
[2026-06-06 09:32:01,045 INFO  L156        IsEmptyParallel]: Start isEmptyParallel. Operand  has 6 states, 4 states have (on average 1.75) internal successors, (7), 5 states have internal predecessors, (7), 0 states have call successors, (0), 0 states have call predecessors, (0), 0 states have return successors, (0), 0 states have call predecessors, (0), 0 states have call successors, (0)
[2026-06-06 09:32:01,045 INFO  L182       IsEmptyHeuristic]: Start isEmptyHeuristic. Operand  has 6 states, 4 states have (on average 1.75) internal successors, (7), 5 states have internal predecessors, (7), 0 states have call successors, (0), 0 states have call predecessors, (0), 0 states have return successors, (0), 0 states have call predecessors, (0), 0 states have call successors, (0)
[2026-06-06 09:32:01,045 INFO  L188       IsEmptyHeuristic]: Finished isEmptyHeuristic. No accepting run.
[2026-06-06 09:32:01,045 INFO  L182       IsEmptyHeuristic]: Start isEmptyHeuristic. Operand  has 6 states, 4 states have (on average 1.75) internal successors, (7), 5 states have internal predecessors, (7), 0 states have call successors, (0), 0 states have call predecessors, (0), 0 states have return successors, (0), 0 states have call predecessors, (0), 0 states have call successors, (0)
[2026-06-06 09:32:01,045 INFO  L188       IsEmptyHeuristic]: Finished isEmptyHeuristic. No accepting run.
[2026-06-06 09:32:01,045 INFO  L182       IsEmptyHeuristic]: Start isEmptyHeuristic. Operand  has 6 states, 4 states have (on average 1.75) internal successors, (7), 5 states have internal predecessors, (7), 0 states have call successors, (0), 0 states have call predecessors, (0), 0 states have return successors, (0), 0 states have call predecessors, (0), 0 states have call successors, (0)
[2026-06-06 09:32:01,045 INFO  L188       IsEmptyHeuristic]: Finished isEmptyHeuristic. Found accepting run of length 11
[2026-06-06 09:32:01,045 INFO  L163        IsEmptyParallel]: Finished isEmptyParallel. Found accepting run of length 11
[2026-06-06 09:32:01,045 WARN  L753                IsEmpty]: Correctness of emptinessCheck not tested.
[2026-06-06 09:32:01,045 INFO  L79                 Accepts]: Start accepts. Automaton has  has 6 states, 4 states have (on average 1.75) internal successors, (7), 5 states have internal predecessors, (7), 0 states have call successors, (0), 0 states have call predecessors, (0), 0 states have return successors, (0), 0 states have call predecessors, (0), 0 states have call successors, (0) Word has length 10
[2026-06-06 09:32:01,045 INFO  L85                 Accepts]: Finished accepts. word is accepted.
[2026-06-06 09:32:01,045 INFO  L757                IsEmpty]: Finished testing correctness of emptinessCheck
[2026-06-06 09:32:01,045 INFO  L290                IsEmpty]: Start isEmptyParallel. Operand  has 6 states, 4 states have (on average 1.75) internal successors, (7), 5 states have internal predecessors, (7), 0 states have call successors, (0), 0 states have call predecessors, (0), 0 states have return successors, (0), 0 states have call predecessors, (0), 0 states have call successors, (0)
[2026-06-06 09:32:01,045 INFO  L300                IsEmpty]: Finished isEmptyParallel. No accepting run.
[2026-06-06 09:32:01,045 INFO  L156        IsEmptyParallel]: Start isEmptyParallel. Operand  has 6 states, 4 states have (on average 1.75) internal successors, (7), 5 states have internal predecessors, (7), 0 states have call successors, (0), 0 states have call predecessors, (0), 0 states have return successors, (0), 0 states have call predecessors, (0), 0 states have call successors, (0)
[2026-06-06 09:32:01,046 INFO  L182       IsEmptyHeuristic]: Start isEmptyHeuristic. Operand  has 6 states, 4 states have (on average 1.75) internal successors, (7), 5 states have internal predecessors, (7), 0 states have call successors, (0), 0 states have call predecessors, (0), 0 states have return successors, (0), 0 states have call predecessors, (0), 0 states have call successors, (0)
[2026-06-06 09:32:01,046 INFO  L188       IsEmptyHeuristic]: Finished isEmptyHeuristic. No accepting run.
[2026-06-06 09:32:01,046 INFO  L182       IsEmptyHeuristic]: Start isEmptyHeuristic. Operand  has 6 states, 4 states have (on average 1.75) internal successors, (7), 5 states have internal predecessors, (7), 0 states have call successors, (0), 0 states have call predecessors, (0), 0 states have return successors, (0), 0 states have call predecessors, (0), 0 states have call successors, (0)
[2026-06-06 09:32:01,046 INFO  L188       IsEmptyHeuristic]: Finished isEmptyHeuristic. No accepting run.
[2026-06-06 09:32:01,046 INFO  L182       IsEmptyHeuristic]: Start isEmptyHeuristic. Operand  has 6 states, 4 states have (on average 1.75) internal successors, (7), 5 states have internal predecessors, (7), 0 states have call successors, (0), 0 states have call predecessors, (0), 0 states have return successors, (0), 0 states have call predecessors, (0), 0 states have call successors, (0)
[2026-06-06 09:32:01,046 INFO  L188       IsEmptyHeuristic]: Finished isEmptyHeuristic. No accepting run.
[2026-06-06 09:32:01,046 INFO  L182       IsEmptyHeuristic]: Start isEmptyHeuristic. Operand  has 6 states, 4 states have (on average 1.75) internal successors, (7), 5 states have internal predecessors, (7), 0 states have call successors, (0), 0 states have call predecessors, (0), 0 states have return successors, (0), 0 states have call predecessors, (0), 0 states have call successors, (0)
[2026-06-06 09:32:01,046 INFO  L188       IsEmptyHeuristic]: Finished isEmptyHeuristic. No accepting run.
[2026-06-06 09:32:01,046 INFO  L182       IsEmptyHeuristic]: Start isEmptyHeuristic. Operand  has 6 states, 4 states have (on average 1.75) internal successors, (7), 5 states have internal predecessors, (7), 0 states have call successors, (0), 0 states have call predecessors, (0), 0 states have return successors, (0), 0 states have call predecessors, (0), 0 states have call successors, (0)
[2026-06-06 09:32:01,046 INFO  L188       IsEmptyHeuristic]: Finished isEmptyHeuristic. No accepting run.
[2026-06-06 09:32:01,046 INFO  L182       IsEmptyHeuristic]: Start isEmptyHeuristic. Operand  has 6 states, 4 states have (on average 1.75) internal successors, (7), 5 states have internal predecessors, (7), 0 states have call successors, (0), 0 states have call predecessors, (0), 0 states have return successors, (0), 0 states have call predecessors, (0), 0 states have call successors, (0)
[2026-06-06 09:32:01,046 INFO  L188       IsEmptyHeuristic]: Finished isEmptyHeuristic. No accepting run.
[2026-06-06 09:32:01,046 INFO  L182       IsEmptyHeuristic]: Start isEmptyHeuristic. Operand  has 6 states, 4 states have (on average 1.75) internal successors, (7), 5 states have internal predecessors, (7), 0 states have call successors, (0), 0 states have call predecessors, (0), 0 states have return successors, (0), 0 states have call predecessors, (0), 0 states have call successors, (0)
[2026-06-06 09:32:01,046 INFO  L188       IsEmptyHeuristic]: Finished isEmptyHeuristic. No accepting run.
[2026-06-06 09:32:01,046 INFO  L182       IsEmptyHeuristic]: Start isEmptyHeuristic. Operand  has 6 states, 4 states have (on average 1.75) internal successors, (7), 5 states have internal predecessors, (7), 0 states have call successors, (0), 0 states have call predecessors, (0), 0 states have return successors, (0), 0 states have call predecessors, (0), 0 states have call successors, (0)
[2026-06-06 09:32:01,046 INFO  L188       IsEmptyHeuristic]: Finished isEmptyHeuristic. No accepting run.
[2026-06-06 09:32:01,046 INFO  L182       IsEmptyHeuristic]: Start isEmptyHeuristic. Operand  has 6 states, 4 states have (on average 1.75) internal successors, (7), 5 states have internal predecessors, (7), 0 states have call successors, (0), 0 states have call predecessors, (0), 0 states have return successors, (0), 0 states have call predecessors, (0), 0 states have call successors, (0)
[2026-06-06 09:32:01,046 INFO  L188       IsEmptyHeuristic]: Finished isEmptyHeuristic. No accepting run.
[2026-06-06 09:32:01,046 INFO  L182       IsEmptyHeuristic]: Start isEmptyHeuristic. Operand  has 6 states, 4 states have (on average 1.75) internal successors, (7), 5 states have internal predecessors, (7), 0 states have call successors, (0), 0 states have call predecessors, (0), 0 states have return successors, (0), 0 states have call predecessors, (0), 0 states have call successors, (0)
[2026-06-06 09:32:01,046 INFO  L188       IsEmptyHeuristic]: Finished isEmptyHeuristic. No accepting run.
[2026-06-06 09:32:01,046 INFO  L182       IsEmptyHeuristic]: Start isEmptyHeuristic. Operand  has 6 states, 4 states have (on average 1.75) internal successors, (7), 5 states have internal predecessors, (7), 0 states have call successors, (0), 0 states have call predecessors, (0), 0 states have return successors, (0), 0 states have call predecessors, (0), 0 states have call successors, (0)
[2026-06-06 09:32:01,046 INFO  L188       IsEmptyHeuristic]: Finished isEmptyHeuristic. No accepting run.
[2026-06-06 09:32:01,046 INFO  L182       IsEmptyHeuristic]: Start isEmptyHeuristic. Operand  has 6 states, 4 states have (on average 1.75) internal successors, (7), 5 states have internal predecessors, (7), 0 states have call successors, (0), 0 states have call predecessors, (0), 0 states have return successors, (0), 0 states have call predecessors, (0), 0 states have call successors, (0)
[2026-06-06 09:32:01,046 INFO  L188       IsEmptyHeuristic]: Finished isEmptyHeuristic. No accepting run.
[2026-06-06 09:32:01,046 INFO  L182       IsEmptyHeuristic]: Start isEmptyHeuristic. Operand  has 6 states, 4 states have (on average 1.75) internal successors, (7), 5 states have internal predecessors, (7), 0 states have call successors, (0), 0 states have call predecessors, (0), 0 states have return successors, (0), 0 states have call predecessors, (0), 0 states have call successors, (0)
[2026-06-06 09:32:01,046 INFO  L188       IsEmptyHeuristic]: Finished isEmptyHeuristic. No accepting run.
[2026-06-06 09:32:01,047 INFO  L182       IsEmptyHeuristic]: Start isEmptyHeuristic. Operand  has 6 states, 4 states have (on average 1.75) internal successors, (7), 5 states have internal predecessors, (7), 0 states have call successors, (0), 0 states have call predecessors, (0), 0 states have return successors, (0), 0 states have call predecessors, (0), 0 states have call successors, (0)
[2026-06-06 09:32:01,047 INFO  L188       IsEmptyHeuristic]: Finished isEmptyHeuristic. Found accepting run of length 18
[2026-06-06 09:32:01,047 INFO  L163        IsEmptyParallel]: Finished isEmptyParallel. Found accepting run of length 18
[2026-06-06 09:32:01,047 WARN  L753                IsEmpty]: Correctness of emptinessCheck not tested.
[2026-06-06 09:32:01,047 INFO  L79                 Accepts]: Start accepts. Automaton has  has 6 states, 4 states have (on average 1.75) internal successors, (7), 5 states have internal predecessors, (7), 0 states have call successors, (0), 0 states have call predecessors, (0), 0 states have return successors, (0), 0 states have call predecessors, (0), 0 states have call successors, (0) Word has length 17
[2026-06-06 09:32:01,047 INFO  L85                 Accepts]: Finished accepts. word is accepted.
[2026-06-06 09:32:01,047 INFO  L757                IsEmpty]: Finished testing correctness of emptinessCheck
[2026-06-06 09:32:01,050 INFO  L86        PathProgramCache]: Analyzing trace with hash 28842881, now seen corresponding path program 1 times
[2026-06-06 09:32:01,050 INFO  L614   ParallelNwaCegarLoop]: Main: Starting Thread
[2026-06-06 09:32:01,050 INFO  L209   CegarNwaWorkerThread]: Starting Thread: 86# for Trace Check: 28842881
[2026-06-06 09:32:01,050 INFO  L86        PathProgramCache]: Analyzing trace with hash 894182058, now seen corresponding path program 2 times
[2026-06-06 09:32:01,050 INFO  L614   ParallelNwaCegarLoop]: Main: Starting Thread
[2026-06-06 09:32:01,050 INFO  L86        PathProgramCache]: Analyzing trace with hash 1949892769, now seen corresponding path program 3 times
[2026-06-06 09:32:01,050 INFO  L614   ParallelNwaCegarLoop]: Main: Starting Thread
[2026-06-06 09:32:01,050 INFO  L209   CegarNwaWorkerThread]: Starting Thread: 95# for Trace Check: 894182058
[2026-06-06 09:32:01,050 INFO  L209   CegarNwaWorkerThread]: Starting Thread: 101# for Trace Check: 1949892769
[2026-06-06 09:32:01,050 INFO  L86        PathProgramCache]: Analyzing trace with hash 28791948, now seen corresponding path program 1 times
[2026-06-06 09:32:01,050 INFO  L614   ParallelNwaCegarLoop]: Main: Starting Thread
[2026-06-06 09:32:01,050 INFO  L209   CegarNwaWorkerThread]: Starting Thread: 107# for Trace Check: 28791948
[2026-06-06 09:32:01,050 INFO  L86        PathProgramCache]: Analyzing trace with hash 317186442, now seen corresponding path program 4 times
[2026-06-06 09:32:01,050 INFO  L614   ParallelNwaCegarLoop]: Main: Starting Thread
[2026-06-06 09:32:01,050 INFO  L86        PathProgramCache]: Analyzing trace with hash 894131125, now seen corresponding path program 1 times
[2026-06-06 09:32:01,050 INFO  L614   ParallelNwaCegarLoop]: Main: Starting Thread
[2026-06-06 09:32:01,050 INFO  L209   CegarNwaWorkerThread]: Starting Thread: 113# for Trace Check: 317186442
[2026-06-06 09:32:01,050 INFO  L86        PathProgramCache]: Analyzing trace with hash 892552202, now seen corresponding path program 2 times
[2026-06-06 09:32:01,050 INFO  L209   CegarNwaWorkerThread]: Starting Thread: 125# for Trace Check: 892552202
[2026-06-06 09:32:01,050 INFO  L156       PredicateUnifier]: Initialized classic predicate unifier
[2026-06-06 09:32:01,050 INFO  L209   CegarNwaWorkerThread]: Starting Thread: 119# for Trace Check: 894131125
[2026-06-06 09:32:01,051 INFO  L86        PathProgramCache]: Analyzing trace with hash 1949892769, now seen corresponding path program 3 times
[2026-06-06 09:32:01,050 INFO  L156       PredicateUnifier]: Initialized classic predicate unifier
[2026-06-06 09:32:01,050 INFO  L156       PredicateUnifier]: Initialized classic predicate unifier
[2026-06-06 09:32:01,050 INFO  L156       PredicateUnifier]: Initialized classic predicate unifier
[2026-06-06 09:32:01,051 INFO  L156       PredicateUnifier]: Initialized classic predicate unifier
[2026-06-06 09:32:01,050 INFO  L614   ParallelNwaCegarLoop]: Main: Starting Thread
[2026-06-06 09:32:01,051 INFO  L86        PathProgramCache]: Analyzing trace with hash 894131125, now seen corresponding path program 1 times
[2026-06-06 09:32:01,051 INFO  L86        PathProgramCache]: Analyzing trace with hash 28791948, now seen corresponding path program 1 times
[2026-06-06 09:32:01,051 INFO  L86        PathProgramCache]: Analyzing trace with hash 28842881, now seen corresponding path program 1 times
[2026-06-06 09:32:01,051 INFO  L118   FreeRefinementEngine]: Executing refinement strategy CAMEL
[2026-06-06 09:32:01,051 INFO  L118   FreeRefinementEngine]: Executing refinement strategy CAMEL
[2026-06-06 09:32:01,051 INFO  L324   FreeRefinementEngine]: Using trace check IpTcStrategyModuleSmtInterpolCraig [1821916439]
[2026-06-06 09:32:01,051 INFO  L86        PathProgramCache]: Analyzing trace with hash 894182058, now seen corresponding path program 2 times
[2026-06-06 09:32:01,051 INFO  L156       PredicateUnifier]: Initialized classic predicate unifier
[2026-06-06 09:32:01,051 INFO  L156       PredicateUnifier]: Initialized classic predicate unifier
[2026-06-06 09:32:01,051 INFO  L86        PathProgramCache]: Analyzing trace with hash 892552202, now seen corresponding path program 2 times
[2026-06-06 09:32:01,051 INFO  L118   FreeRefinementEngine]: Executing refinement strategy CAMEL
[2026-06-06 09:32:01,051 INFO  L97    rtionOrderModulation]: Keeping assertion order NOT_INCREMENTALLY
[2026-06-06 09:32:01,051 INFO  L324   FreeRefinementEngine]: Using trace check IpTcStrategyModuleSmtInterpolCraig [1332822986]
[2026-06-06 09:32:01,051 INFO  L118   FreeRefinementEngine]: Executing refinement strategy CAMEL
[2026-06-06 09:32:01,051 INFO  L118   FreeRefinementEngine]: Executing refinement strategy CAMEL
[2026-06-06 09:32:01,051 INFO  L283   ParallelNwaCegarLoop]: === Iteration 2 ===
[2026-06-06 09:32:01,051 INFO  L631   ParallelNwaCegarLoop]: All threads busy, going to sleep.
[2026-06-06 09:32:01,051 INFO  L324   FreeRefinementEngine]: Using trace check IpTcStrategyModuleSmtInterpolCraig [669320547]
[2026-06-06 09:32:01,051 INFO  L324   FreeRefinementEngine]: Using trace check IpTcStrategyModuleSmtInterpolCraig [2142371446]
[2026-06-06 09:32:01,051 INFO  L95    rtionOrderModulation]: Changing assertion order to OUTSIDE_LOOP_FIRST2
[2026-06-06 09:32:01,051 INFO  L127          SolverBuilder]: Constructing new instance of SMTInterpol with explicit timeout -1 ms and remaining time -1 ms
[2026-06-06 09:32:01,051 INFO  L324   FreeRefinementEngine]: Using trace check IpTcStrategyModuleSmtInterpolCraig [2121401200]
[2026-06-06 09:32:01,051 INFO  L118   FreeRefinementEngine]: Executing refinement strategy CAMEL
[2026-06-06 09:32:01,051 INFO  L86        PathProgramCache]: Analyzing trace with hash 317186442, now seen corresponding path program 4 times
[2026-06-06 09:32:01,051 INFO  L324   FreeRefinementEngine]: Using trace check IpTcStrategyModuleSmtInterpolCraig [1907397287]
[2026-06-06 09:32:01,051 INFO  L95    rtionOrderModulation]: Changing assertion order to OUTSIDE_LOOP_FIRST1
[2026-06-06 09:32:01,051 INFO  L127          SolverBuilder]: Constructing new instance of SMTInterpol with explicit timeout -1 ms and remaining time -1 ms
[2026-06-06 09:32:01,051 INFO  L97    rtionOrderModulation]: Keeping assertion order NOT_INCREMENTALLY
[2026-06-06 09:32:01,051 INFO  L97    rtionOrderModulation]: Keeping assertion order NOT_INCREMENTALLY
[2026-06-06 09:32:01,051 INFO  L118   FreeRefinementEngine]: Executing refinement strategy CAMEL
[2026-06-06 09:32:01,051 INFO  L127          SolverBuilder]: Constructing new instance of SMTInterpol with explicit timeout -1 ms and remaining time -1 ms
[2026-06-06 09:32:01,051 INFO  L127          SolverBuilder]: Constructing new instance of SMTInterpol with explicit timeout -1 ms and remaining time -1 ms
[2026-06-06 09:32:01,051 INFO  L95    rtionOrderModulation]: Changing assertion order to OUTSIDE_LOOP_FIRST1
[2026-06-06 09:32:01,051 INFO  L324   FreeRefinementEngine]: Using trace check IpTcStrategyModuleSmtInterpolCraig [702535500]
[2026-06-06 09:32:01,051 INFO  L127          SolverBuilder]: Constructing new instance of SMTInterpol with explicit timeout -1 ms and remaining time -1 ms
[2026-06-06 09:32:01,051 INFO  L127          SolverBuilder]: Constructing new instance of SMTInterpol with explicit timeout -1 ms and remaining time -1 ms
[2026-06-06 09:32:01,052 INFO  L95    rtionOrderModulation]: Changing assertion order to TERMS_WITH_SMALL_CONSTANTS_FIRST
[2026-06-06 09:32:01,052 INFO  L127          SolverBuilder]: Constructing new instance of SMTInterpol with explicit timeout -1 ms and remaining time -1 ms
[2026-06-06 09:32:01,052 INFO  L108    AnnotateAndAsserter]: Assert order NOT_INCREMENTALLY partitioned 4 statements into 1 equivalence classes.
[2026-06-06 09:32:01,056 INFO  L108    AnnotateAndAsserter]: Assert order NOT_INCREMENTALLY partitioned 5 statements into 1 equivalence classes.
[2026-06-06 09:32:01,056 INFO  L108    AnnotateAndAsserter]: Assert order NOT_INCREMENTALLY partitioned 6 statements into 1 equivalence classes.
[2026-06-06 09:32:01,056 INFO  L108    AnnotateAndAsserter]: Assert order OUTSIDE_LOOP_FIRST1 partitioned 6 statements into 2 equivalence classes.
[2026-06-06 09:32:01,056 INFO  L108    AnnotateAndAsserter]: Assert order OUTSIDE_LOOP_FIRST1 partitioned 6 statements into 2 equivalence classes.
[2026-06-06 09:32:01,057 INFO  L108    AnnotateAndAsserter]: Assert order TERMS_WITH_SMALL_CONSTANTS_FIRST partitioned 8 statements into 2 equivalence classes.
[2026-06-06 09:32:01,058 INFO  L108    AnnotateAndAsserter]: Assert order NOT_INCREMENTALLY partitioned 5 statements into 1 equivalence classes.
[2026-06-06 09:32:01,058 INFO  L108    AnnotateAndAsserter]: Assert order OUTSIDE_LOOP_FIRST2 partitioned 7 statements into 3 equivalence classes.
[2026-06-06 09:32:01,064 INFO  L111    AnnotateAndAsserter]: Assert order NOT_INCREMENTALLY issued 1 check-sat command(s) and asserted 5 of 5 statements.
[2026-06-06 09:32:01,064 INFO  L114    AnnotateAndAsserter]: Assert order NOT_INCREMENTALLY issued 1 check-sat command(s)
[2026-06-06 09:32:01,064 INFO  L111    AnnotateAndAsserter]: Assert order NOT_INCREMENTALLY issued 1 check-sat command(s) and asserted 5 of 5 statements.
[2026-06-06 09:32:01,064 INFO  L111    AnnotateAndAsserter]: Assert order TERMS_WITH_SMALL_CONSTANTS_FIRST issued 1 check-sat command(s) and asserted 3 of 8 statements.
[2026-06-06 09:32:01,064 INFO  L115    AnnotateAndAsserter]: Conjunction of SSA is unsat
[2026-06-06 09:32:01,064 INFO  L114    AnnotateAndAsserter]: Assert order TERMS_WITH_SMALL_CONSTANTS_FIRST issued 1 check-sat command(s)
[2026-06-06 09:32:01,064 INFO  L115    AnnotateAndAsserter]: Conjunction of SSA is unsat
[2026-06-06 09:32:01,064 INFO  L114    AnnotateAndAsserter]: Assert order NOT_INCREMENTALLY issued 1 check-sat command(s)
[2026-06-06 09:32:01,064 INFO  L115    AnnotateAndAsserter]: Conjunction of SSA is unsat
[2026-06-06 09:32:01,064 INFO  L111    AnnotateAndAsserter]: Assert order NOT_INCREMENTALLY issued 1 check-sat command(s) and asserted 4 of 4 statements.
[2026-06-06 09:32:01,064 INFO  L114    AnnotateAndAsserter]: Assert order NOT_INCREMENTALLY issued 1 check-sat command(s)
[2026-06-06 09:32:01,064 INFO  L115    AnnotateAndAsserter]: Conjunction of SSA is unsat
[2026-06-06 09:32:01,065 INFO  L111    AnnotateAndAsserter]: Assert order OUTSIDE_LOOP_FIRST2 issued 1 check-sat command(s) and asserted 4 of 7 statements.
[2026-06-06 09:32:01,065 INFO  L114    AnnotateAndAsserter]: Assert order OUTSIDE_LOOP_FIRST2 issued 1 check-sat command(s)
[2026-06-06 09:32:01,065 INFO  L115    AnnotateAndAsserter]: Conjunction of SSA is unsat
[2026-06-06 09:32:01,065 INFO  L111    AnnotateAndAsserter]: Assert order OUTSIDE_LOOP_FIRST1 issued 1 check-sat command(s) and asserted 4 of 6 statements.
[2026-06-06 09:32:01,065 INFO  L111    AnnotateAndAsserter]: Assert order OUTSIDE_LOOP_FIRST1 issued 1 check-sat command(s) and asserted 4 of 6 statements.
[2026-06-06 09:32:01,065 INFO  L114    AnnotateAndAsserter]: Assert order OUTSIDE_LOOP_FIRST1 issued 1 check-sat command(s)
[2026-06-06 09:32:01,065 INFO  L115    AnnotateAndAsserter]: Conjunction of SSA is unsat
[2026-06-06 09:32:01,065 INFO  L114    AnnotateAndAsserter]: Assert order OUTSIDE_LOOP_FIRST1 issued 1 check-sat command(s)
[2026-06-06 09:32:01,065 INFO  L115    AnnotateAndAsserter]: Conjunction of SSA is unsat
[2026-06-06 09:32:01,070 INFO  L111    AnnotateAndAsserter]: Assert order NOT_INCREMENTALLY issued 1 check-sat command(s) and asserted 6 of 6 statements.
[2026-06-06 09:32:01,070 INFO  L114    AnnotateAndAsserter]: Assert order NOT_INCREMENTALLY issued 1 check-sat command(s)
[2026-06-06 09:32:01,070 INFO  L115    AnnotateAndAsserter]: Conjunction of SSA is unsat
[2026-06-06 09:32:01,120 INFO  L134       CoverageAnalysis]: Checked inductivity of 1 backedges. 1 proven. 0 refuted. 0 times theorem prover too weak. 0 trivial. 0 not checked.
[2026-06-06 09:32:01,120 INFO  L134       CoverageAnalysis]: Checked inductivity of 1 backedges. 0 proven. 1 refuted. 0 times theorem prover too weak. 0 trivial. 0 not checked.
[2026-06-06 09:32:01,120 INFO  L134       CoverageAnalysis]: Checked inductivity of 10 backedges. 0 proven. 0 refuted. 0 times theorem prover too weak. 10 trivial. 0 not checked.
[2026-06-06 09:32:01,120 INFO  L134       CoverageAnalysis]: Checked inductivity of 6 backedges. 0 proven. 0 refuted. 0 times theorem prover too weak. 6 trivial. 0 not checked.
[2026-06-06 09:32:01,120 INFO  L134       CoverageAnalysis]: Checked inductivity of 0 backedges. 0 proven. 0 refuted. 0 times theorem prover too weak. 0 trivial. 0 not checked.
[2026-06-06 09:32:01,120 INFO  L134       CoverageAnalysis]: Checked inductivity of 3 backedges. 0 proven. 0 refuted. 0 times theorem prover too weak. 3 trivial. 0 not checked.
[2026-06-06 09:32:01,120 INFO  L134       CoverageAnalysis]: Checked inductivity of 3 backedges. 0 proven. 0 refuted. 0 times theorem prover too weak. 3 trivial. 0 not checked.
[2026-06-06 09:32:01,120 INFO  L136   FreeRefinementEngine]: Strategy CAMEL found an infeasible trace
[2026-06-06 09:32:01,120 INFO  L136   FreeRefinementEngine]: Strategy CAMEL found an infeasible trace
[2026-06-06 09:32:01,120 INFO  L136   FreeRefinementEngine]: Strategy CAMEL found an infeasible trace
[2026-06-06 09:32:01,120 INFO  L136   FreeRefinementEngine]: Strategy CAMEL found an infeasible trace
[2026-06-06 09:32:01,120 INFO  L136   FreeRefinementEngine]: Strategy CAMEL found an infeasible trace
[2026-06-06 09:32:01,120 INFO  L136   FreeRefinementEngine]: Strategy CAMEL found an infeasible trace
[2026-06-06 09:32:01,120 INFO  L324   FreeRefinementEngine]: Using interpolant generator IpTcStrategyModuleSmtInterpolCraig [669320547]
[2026-06-06 09:32:01,120 INFO  L324   FreeRefinementEngine]: Using interpolant generator IpTcStrategyModuleSmtInterpolCraig [2142371446]
[2026-06-06 09:32:01,120 INFO  L324   FreeRefinementEngine]: Using interpolant generator IpTcStrategyModuleSmtInterpolCraig [702535500]
[2026-06-06 09:32:01,120 INFO  L324   FreeRefinementEngine]: Using interpolant generator IpTcStrategyModuleSmtInterpolCraig [1856170676]
[2026-06-06 09:32:01,120 INFO  L324   FreeRefinementEngine]: Using interpolant generator IpTcStrategyModuleSmtInterpolCraig [1907397287]
[2026-06-06 09:32:01,120 INFO  L136   FreeRefinementEngine]: Strategy CAMEL found an infeasible trace
[2026-06-06 09:32:01,120 INFO  L324   FreeRefinementEngine]: Using interpolant generator IpTcStrategyModuleSmtInterpolCraig [1332822986]
[2026-06-06 09:32:01,121 INFO  L324   FreeRefinementEngine]: Using interpolant generator IpTcStrategyModuleSmtInterpolCraig [2121401200]
[2026-06-06 09:32:01,121 INFO  L158   FreeRefinementEngine]: IpTcStrategyModuleSmtInterpolCraig [702535500] provided 1 perfect and 0 imperfect interpolant sequences
[2026-06-06 09:32:01,121 INFO  L158   FreeRefinementEngine]: IpTcStrategyModuleSmtInterpolCraig [1332822986] provided 1 perfect and 0 imperfect interpolant sequences
[2026-06-06 09:32:01,121 INFO  L158   FreeRefinementEngine]: IpTcStrategyModuleSmtInterpolCraig [2121401200] provided 1 perfect and 0 imperfect interpolant sequences
[2026-06-06 09:32:01,121 INFO  L185   FreeRefinementEngine]: Found 1 perfect and 0 imperfect interpolant sequences.
[2026-06-06 09:32:01,121 INFO  L158   FreeRefinementEngine]: IpTcStrategyModuleSmtInterpolCraig [1856170676] provided 1 perfect and 0 imperfect interpolant sequences
[2026-06-06 09:32:01,121 INFO  L158   FreeRefinementEngine]: IpTcStrategyModuleSmtInterpolCraig [1907397287] provided 1 perfect and 0 imperfect interpolant sequences
[2026-06-06 09:32:01,121 INFO  L158   FreeRefinementEngine]: IpTcStrategyModuleSmtInterpolCraig [669320547] provided 1 perfect and 0 imperfect interpolant sequences
[2026-06-06 09:32:01,121 INFO  L158   FreeRefinementEngine]: IpTcStrategyModuleSmtInterpolCraig [2142371446] provided 0 perfect and 1 imperfect interpolant sequences
[2026-06-06 09:32:01,121 INFO  L185   FreeRefinementEngine]: Found 1 perfect and 0 imperfect interpolant sequences.
[2026-06-06 09:32:01,121 INFO  L198   FreeRefinementEngine]: Number of different interpolants: perfect sequences [3] imperfect sequences [] total 3
[2026-06-06 09:32:01,121 INFO  L185   FreeRefinementEngine]: Found 1 perfect and 0 imperfect interpolant sequences.
[2026-06-06 09:32:01,121 INFO  L185   FreeRefinementEngine]: Found 1 perfect and 0 imperfect interpolant sequences.
[2026-06-06 09:32:01,121 INFO  L185   FreeRefinementEngine]: Found 1 perfect and 0 imperfect interpolant sequences.
[2026-06-06 09:32:01,121 INFO  L185   FreeRefinementEngine]: Found 1 perfect and 0 imperfect interpolant sequences.
[2026-06-06 09:32:01,122 INFO  L198   FreeRefinementEngine]: Number of different interpolants: perfect sequences [3] imperfect sequences [] total 3
[2026-06-06 09:32:01,122 INFO  L198   FreeRefinementEngine]: Number of different interpolants: perfect sequences [3] imperfect sequences [] total 3
[2026-06-06 09:32:01,121 INFO  L198   FreeRefinementEngine]: Number of different interpolants: perfect sequences [3] imperfect sequences [] total 3
[2026-06-06 09:32:01,121 INFO  L198   FreeRefinementEngine]: Number of different interpolants: perfect sequences [3] imperfect sequences [] total 3
[2026-06-06 09:32:01,121 INFO  L324   FreeRefinementEngine]: Using interpolant generator IpTcStrategyModuleZ3 [698478301]
[2026-06-06 09:32:01,122 INFO  L198   FreeRefinementEngine]: Number of different interpolants: perfect sequences [3] imperfect sequences [] total 3
[2026-06-06 09:32:01,122 INFO  L97    rtionOrderModulation]: Keeping assertion order NOT_INCREMENTALLY
[2026-06-06 09:32:01,123 INFO  L173          SolverBuilder]: Constructing external solver with command: z3 -smt2 -in SMTLIB2_COMPLIANT=true
[2026-06-06 09:32:01,124 INFO  L122   tionRefinementEngine]: Using interpolant automaton builder IpAbStrategyModuleStraightlineAll [745524183]
[2026-06-06 09:32:01,124 INFO  L122   tionRefinementEngine]: Using interpolant automaton builder IpAbStrategyModuleStraightlineAll [2005385153]
[2026-06-06 09:32:01,124 INFO  L122   tionRefinementEngine]: Using interpolant automaton builder IpAbStrategyModuleStraightlineAll [681300443]
[2026-06-06 09:32:01,124 INFO  L122   tionRefinementEngine]: Using interpolant automaton builder IpAbStrategyModuleStraightlineAll [425642574]
[2026-06-06 09:32:01,124 INFO  L122   tionRefinementEngine]: Using interpolant automaton builder IpAbStrategyModuleStraightlineAll [1113771699]
[2026-06-06 09:32:01,124 INFO  L122   tionRefinementEngine]: Using interpolant automaton builder IpAbStrategyModuleStraightlineAll [582349984]
[2026-06-06 09:32:01,124 INFO  L85    oduleStraightlineAll]: Using 1 perfect interpolants to construct interpolant automaton
[2026-06-06 09:32:01,124 INFO  L85    oduleStraightlineAll]: Using 1 perfect interpolants to construct interpolant automaton
[2026-06-06 09:32:01,124 INFO  L85    oduleStraightlineAll]: Using 1 perfect interpolants to construct interpolant automaton
[2026-06-06 09:32:01,124 INFO  L85    oduleStraightlineAll]: Using 1 perfect interpolants to construct interpolant automaton
[2026-06-06 09:32:01,124 INFO  L85    oduleStraightlineAll]: Using 1 perfect interpolants to construct interpolant automaton
[2026-06-06 09:32:01,124 INFO  L85    oduleStraightlineAll]: Using 1 perfect interpolants to construct interpolant automaton
[2026-06-06 09:32:01,126 INFO  L100   FreeRefinementEngine]: Using predicate unifier PredicateUnifier provided by strategy CAMEL
[2026-06-06 09:32:01,126 INFO  L100   FreeRefinementEngine]: Using predicate unifier PredicateUnifier provided by strategy CAMEL
[2026-06-06 09:32:01,126 INFO  L100   FreeRefinementEngine]: Using predicate unifier PredicateUnifier provided by strategy CAMEL
[2026-06-06 09:32:01,126 INFO  L100   FreeRefinementEngine]: Using predicate unifier PredicateUnifier provided by strategy CAMEL
[2026-06-06 09:32:01,126 INFO  L100   FreeRefinementEngine]: Using predicate unifier PredicateUnifier provided by strategy CAMEL
[2026-06-06 09:32:01,127 INFO  L100   FreeRefinementEngine]: Using predicate unifier PredicateUnifier provided by strategy CAMEL
[2026-06-06 09:32:01,127 INFO  L189       MonitoredProcess]: No working directory specified, using /usr/bin/z3
[2026-06-06 09:32:01,128 INFO  L229       MonitoredProcess]: Starting monitored process 10 with /usr/bin/z3 -smt2 -in SMTLIB2_COMPLIANT=true (exit command is (exit), workingDir is null)
[2026-06-06 09:32:01,129 INFO  L327       MonitoredProcess]: [MP /usr/bin/z3 -smt2 -in SMTLIB2_COMPLIANT=true (10)] Waiting until timeout for monitored process
[2026-06-06 09:32:01,143 INFO  L144   InterpolantAutomaton]: Constructing interpolant automaton starting with 4 interpolants.
[2026-06-06 09:32:01,143 INFO  L144   InterpolantAutomaton]: Constructing interpolant automaton starting with 4 interpolants.
[2026-06-06 09:32:01,143 INFO  L144   InterpolantAutomaton]: Constructing interpolant automaton starting with 3 interpolants.
[2026-06-06 09:32:01,143 INFO  L144   InterpolantAutomaton]: Constructing interpolant automaton starting with 3 interpolants.
[2026-06-06 09:32:01,143 INFO  L144   InterpolantAutomaton]: Constructing interpolant automaton starting with 3 interpolants.
[2026-06-06 09:32:01,143 INFO  L144   InterpolantAutomaton]: Constructing interpolant automaton starting with 4 interpolants.
[2026-06-06 09:32:01,143 INFO  L146   InterpolantAutomaton]: CoverageRelationStatistics Valid=5, Invalid=7, Unknown=0, NotChecked=0, Total=12
[2026-06-06 09:32:01,143 INFO  L419   CegarNwaWorkerThread]: Difference in Worker for Generalization
[2026-06-06 09:32:01,143 INFO  L146   InterpolantAutomaton]: CoverageRelationStatistics Valid=5, Invalid=7, Unknown=0, NotChecked=0, Total=12
[2026-06-06 09:32:01,143 INFO  L419   CegarNwaWorkerThread]: Difference in Worker for Generalization
[2026-06-06 09:32:01,143 INFO  L146   InterpolantAutomaton]: CoverageRelationStatistics Valid=3, Invalid=3, Unknown=0, NotChecked=0, Total=6
[2026-06-06 09:32:01,143 INFO  L146   InterpolantAutomaton]: CoverageRelationStatistics Valid=6, Invalid=6, Unknown=0, NotChecked=0, Total=12
[2026-06-06 09:32:01,143 INFO  L419   CegarNwaWorkerThread]: Difference in Worker for Generalization
[2026-06-06 09:32:01,143 INFO  L146   InterpolantAutomaton]: CoverageRelationStatistics Valid=3, Invalid=3, Unknown=0, NotChecked=0, Total=6
[2026-06-06 09:32:01,144 INFO  L419   CegarNwaWorkerThread]: Difference in Worker for Generalization
[2026-06-06 09:32:01,143 INFO  L146   InterpolantAutomaton]: CoverageRelationStatistics Valid=3, Invalid=3, Unknown=0, NotChecked=0, Total=6
[2026-06-06 09:32:01,144 INFO  L419   CegarNwaWorkerThread]: Difference in Worker for Generalization
[2026-06-06 09:32:01,143 INFO  L419   CegarNwaWorkerThread]: Difference in Worker for Generalization
[2026-06-06 09:32:01,145 INFO  L87              Difference]: Start difference. First operand  has 6 states, 4 states have (on average 1.75) internal successors, (7), 5 states have internal predecessors, (7), 0 states have call successors, (0), 0 states have call predecessors, (0), 0 states have return successors, (0), 0 states have call predecessors, (0), 0 states have call successors, (0) Second operand  has 4 states, 4 states have (on average 1.25) internal successors, (5), 3 states have internal predecessors, (5), 0 states have call successors, (0), 0 states have call predecessors, (0), 0 states have return successors, (0), 0 states have call predecessors, (0), 0 states have call successors, (0)
[2026-06-06 09:32:01,145 INFO  L87              Difference]: Start difference. First operand  has 6 states, 4 states have (on average 1.75) internal successors, (7), 5 states have internal predecessors, (7), 0 states have call successors, (0), 0 states have call predecessors, (0), 0 states have return successors, (0), 0 states have call predecessors, (0), 0 states have call successors, (0) Second operand  has 3 states, 3 states have (on average 1.6666666666666667) internal successors, (5), 3 states have internal predecessors, (5), 0 states have call successors, (0), 0 states have call predecessors, (0), 0 states have return successors, (0), 0 states have call predecessors, (0), 0 states have call successors, (0)
[2026-06-06 09:32:01,145 INFO  L87              Difference]: Start difference. First operand  has 6 states, 4 states have (on average 1.75) internal successors, (7), 5 states have internal predecessors, (7), 0 states have call successors, (0), 0 states have call predecessors, (0), 0 states have return successors, (0), 0 states have call predecessors, (0), 0 states have call successors, (0) Second operand  has 4 states, 4 states have (on average 1.25) internal successors, (5), 3 states have internal predecessors, (5), 0 states have call successors, (0), 0 states have call predecessors, (0), 0 states have return successors, (0), 0 states have call predecessors, (0), 0 states have call successors, (0)
[2026-06-06 09:32:01,145 INFO  L87              Difference]: Start difference. First operand  has 6 states, 4 states have (on average 1.75) internal successors, (7), 5 states have internal predecessors, (7), 0 states have call successors, (0), 0 states have call predecessors, (0), 0 states have return successors, (0), 0 states have call predecessors, (0), 0 states have call successors, (0) Second operand  has 4 states, 4 states have (on average 1.0) internal successors, (4), 3 states have internal predecessors, (4), 0 states have call successors, (0), 0 states have call predecessors, (0), 0 states have return successors, (0), 0 states have call predecessors, (0), 0 states have call successors, (0)
[2026-06-06 09:32:01,145 INFO  L87              Difference]: Start difference. First operand  has 6 states, 4 states have (on average 1.75) internal successors, (7), 5 states have internal predecessors, (7), 0 states have call successors, (0), 0 states have call predecessors, (0), 0 states have return successors, (0), 0 states have call predecessors, (0), 0 states have call successors, (0) Second operand  has 3 states, 3 states have (on average 1.6666666666666667) internal successors, (5), 3 states have internal predecessors, (5), 0 states have call successors, (0), 0 states have call predecessors, (0), 0 states have return successors, (0), 0 states have call predecessors, (0), 0 states have call successors, (0)
[2026-06-06 09:32:01,145 INFO  L87              Difference]: Start difference. First operand  has 6 states, 4 states have (on average 1.75) internal successors, (7), 5 states have internal predecessors, (7), 0 states have call successors, (0), 0 states have call predecessors, (0), 0 states have return successors, (0), 0 states have call predecessors, (0), 0 states have call successors, (0) Second operand  has 3 states, 3 states have (on average 1.6666666666666667) internal successors, (5), 3 states have internal predecessors, (5), 0 states have call successors, (0), 0 states have call predecessors, (0), 0 states have return successors, (0), 0 states have call predecessors, (0), 0 states have call successors, (0)
[2026-06-06 09:32:01,145 INFO  L108    AnnotateAndAsserter]: Assert order NOT_INCREMENTALLY partitioned 5 statements into 1 equivalence classes.
[2026-06-06 09:32:01,148 INFO  L111    AnnotateAndAsserter]: Assert order NOT_INCREMENTALLY issued 1 check-sat command(s) and asserted 5 of 5 statements.
[2026-06-06 09:32:01,148 INFO  L114    AnnotateAndAsserter]: Assert order NOT_INCREMENTALLY issued 1 check-sat command(s)
[2026-06-06 09:32:01,148 INFO  L115    AnnotateAndAsserter]: Conjunction of SSA is unsat
[2026-06-06 09:32:01,149 INFO  L256         TraceCheckSpWp]: Trace formula consists of 37 conjuncts, 4 conjuncts are in the unsatisfiable core
[2026-06-06 09:32:01,150 INFO  L279         TraceCheckSpWp]: Computing forward predicates...
[2026-06-06 09:32:01,161 INFO  L144             Difference]: Subtrahend was deterministic. Have not used determinization.
[2026-06-06 09:32:01,161 INFO  L144             Difference]: Subtrahend was deterministic. Have not used determinization.
[2026-06-06 09:32:01,161 INFO  L93              Difference]: Finished difference Result 6 states and 7 transitions.
[2026-06-06 09:32:01,161 INFO  L93              Difference]: Finished difference Result 6 states and 7 transitions.
[2026-06-06 09:32:01,161 INFO  L140   InterpolantAutomaton]: Switched to read-only mode: deterministic interpolant automaton has 3 states. 
[2026-06-06 09:32:01,161 INFO  L140   InterpolantAutomaton]: Switched to read-only mode: deterministic interpolant automaton has 3 states. 
[2026-06-06 09:32:01,162 INFO  L144             Difference]: Subtrahend was deterministic. Have not used determinization.
[2026-06-06 09:32:01,162 INFO  L93              Difference]: Finished difference Result 6 states and 7 transitions.
[2026-06-06 09:32:01,162 INFO  L140   InterpolantAutomaton]: Switched to read-only mode: deterministic interpolant automaton has 3 states. 
[2026-06-06 09:32:01,162 INFO  L134       CoverageAnalysis]: Checked inductivity of 1 backedges. 0 proven. 1 refuted. 0 times theorem prover too weak. 0 trivial. 0 not checked.
[2026-06-06 09:32:01,162 INFO  L312         TraceCheckSpWp]: Computing backward predicates...
[2026-06-06 09:32:01,165 INFO  L225             Difference]: With dead ends: 6
[2026-06-06 09:32:01,165 INFO  L144             Difference]: Subtrahend was deterministic. Have not used determinization.
[2026-06-06 09:32:01,165 INFO  L226             Difference]: Without dead ends: 6
[2026-06-06 09:32:01,165 INFO  L225             Difference]: With dead ends: 6
[2026-06-06 09:32:01,165 INFO  L226             Difference]: Without dead ends: 6
[2026-06-06 09:32:01,165 INFO  L225             Difference]: With dead ends: 6
[2026-06-06 09:32:01,165 INFO  L93              Difference]: Finished difference Result 7 states and 9 transitions.
[2026-06-06 09:32:01,165 INFO  L226             Difference]: Without dead ends: 6
[2026-06-06 09:32:01,165 INFO  L140   InterpolantAutomaton]: Switched to read-only mode: deterministic interpolant automaton has 4 states. 
[2026-06-06 09:32:01,165 INFO  L225             Difference]: With dead ends: 7
[2026-06-06 09:32:01,165 INFO  L226             Difference]: Without dead ends: 7
[2026-06-06 09:32:01,166 INFO  L487   CegarNwaWorkerThread]: 0 DeclaredPredicates, 3 GetRequests, 2 SyntacticMatches, 0 SemanticMatches, 1 ConstructedPredicates, 0 IntricatePredicates, 0 DeprecatedPredicates, 0 ImplicationChecksByTransitivity, 0.0s TimeCoverageRelationStatistics Valid=3, Invalid=3, Unknown=0, NotChecked=0, Total=6
[2026-06-06 09:32:01,166 INFO  L487   CegarNwaWorkerThread]: 0 DeclaredPredicates, 3 GetRequests, 2 SyntacticMatches, 0 SemanticMatches, 1 ConstructedPredicates, 0 IntricatePredicates, 0 DeprecatedPredicates, 0 ImplicationChecksByTransitivity, 0.0s TimeCoverageRelationStatistics Valid=3, Invalid=3, Unknown=0, NotChecked=0, Total=6
[2026-06-06 09:32:01,166 INFO  L487   CegarNwaWorkerThread]: 0 DeclaredPredicates, 3 GetRequests, 2 SyntacticMatches, 0 SemanticMatches, 1 ConstructedPredicates, 0 IntricatePredicates, 0 DeprecatedPredicates, 0 ImplicationChecksByTransitivity, 0.0s TimeCoverageRelationStatistics Valid=3, Invalid=3, Unknown=0, NotChecked=0, Total=6
[2026-06-06 09:32:01,166 INFO  L487   CegarNwaWorkerThread]: 0 DeclaredPredicates, 3 GetRequests, 1 SyntacticMatches, 0 SemanticMatches, 2 ConstructedPredicates, 0 IntricatePredicates, 0 DeprecatedPredicates, 0 ImplicationChecksByTransitivity, 0.0s TimeCoverageRelationStatistics Valid=6, Invalid=6, Unknown=0, NotChecked=0, Total=12
[2026-06-06 09:32:01,168 INFO  L144             Difference]: Subtrahend was deterministic. Have not used determinization.
[2026-06-06 09:32:01,168 INFO  L93              Difference]: Finished difference Result 7 states and 9 transitions.
[2026-06-06 09:32:01,168 INFO  L140   InterpolantAutomaton]: Switched to read-only mode: deterministic interpolant automaton has 4 states. 
[2026-06-06 09:32:01,168 INFO  L225             Difference]: With dead ends: 7
[2026-06-06 09:32:01,168 INFO  L226             Difference]: Without dead ends: 6
[2026-06-06 09:32:01,169 INFO  L487   CegarNwaWorkerThread]: 0 DeclaredPredicates, 4 GetRequests, 1 SyntacticMatches, 0 SemanticMatches, 3 ConstructedPredicates, 0 IntricatePredicates, 0 DeprecatedPredicates, 0 ImplicationChecksByTransitivity, 0.0s TimeCoverageRelationStatistics Valid=9, Invalid=11, Unknown=0, NotChecked=0, Total=20
[2026-06-06 09:32:01,169 INFO  L488   CegarNwaWorkerThread]: 5 mSDtfsCounter, 0 mSDsluCounter, 1 mSDsCounter, 0 mSdLazyCounter, 5 mSolverCounterSat, 0 mSolverCounterUnsat, 0 mSolverCounterUnknown, 0 mSolverCounterNotChecked, 0.0s Time, 0 mProtectedPredicate, 0 mProtectedAction, 0 SdHoareTripleChecker+Valid, 6 SdHoareTripleChecker+Invalid, 5 SdHoareTripleChecker+Unknown, 0 SdHoareTripleChecker+Unchecked, 0.0s SdHoareTripleChecker+Time, 0 IncrementalHoareTripleChecker+Valid, 5 IncrementalHoareTripleChecker+Invalid, 0 IncrementalHoareTripleChecker+Unknown, 0 IncrementalHoareTripleChecker+Unchecked, 0.0s IncrementalHoareTripleChecker+Time
[2026-06-06 09:32:01,169 INFO  L488   CegarNwaWorkerThread]: 5 mSDtfsCounter, 0 mSDsluCounter, 1 mSDsCounter, 0 mSdLazyCounter, 5 mSolverCounterSat, 0 mSolverCounterUnsat, 0 mSolverCounterUnknown, 0 mSolverCounterNotChecked, 0.0s Time, 0 mProtectedPredicate, 0 mProtectedAction, 0 SdHoareTripleChecker+Valid, 6 SdHoareTripleChecker+Invalid, 5 SdHoareTripleChecker+Unknown, 0 SdHoareTripleChecker+Unchecked, 0.0s SdHoareTripleChecker+Time, 0 IncrementalHoareTripleChecker+Valid, 5 IncrementalHoareTripleChecker+Invalid, 0 IncrementalHoareTripleChecker+Unknown, 0 IncrementalHoareTripleChecker+Unchecked, 0.0s IncrementalHoareTripleChecker+Time
[2026-06-06 09:32:01,169 INFO  L488   CegarNwaWorkerThread]: 3 mSDtfsCounter, 0 mSDsluCounter, 1 mSDsCounter, 0 mSdLazyCounter, 8 mSolverCounterSat, 0 mSolverCounterUnsat, 0 mSolverCounterUnknown, 0 mSolverCounterNotChecked, 0.0s Time, 0 mProtectedPredicate, 0 mProtectedAction, 0 SdHoareTripleChecker+Valid, 4 SdHoareTripleChecker+Invalid, 8 SdHoareTripleChecker+Unknown, 0 SdHoareTripleChecker+Unchecked, 0.0s SdHoareTripleChecker+Time, 0 IncrementalHoareTripleChecker+Valid, 8 IncrementalHoareTripleChecker+Invalid, 0 IncrementalHoareTripleChecker+Unknown, 0 IncrementalHoareTripleChecker+Unchecked, 0.0s IncrementalHoareTripleChecker+Time
[2026-06-06 09:32:01,169 INFO  L488   CegarNwaWorkerThread]: 5 mSDtfsCounter, 0 mSDsluCounter, 1 mSDsCounter, 0 mSdLazyCounter, 5 mSolverCounterSat, 0 mSolverCounterUnsat, 0 mSolverCounterUnknown, 0 mSolverCounterNotChecked, 0.0s Time, 0 mProtectedPredicate, 0 mProtectedAction, 0 SdHoareTripleChecker+Valid, 6 SdHoareTripleChecker+Invalid, 5 SdHoareTripleChecker+Unknown, 0 SdHoareTripleChecker+Unchecked, 0.0s SdHoareTripleChecker+Time, 0 IncrementalHoareTripleChecker+Valid, 5 IncrementalHoareTripleChecker+Invalid, 0 IncrementalHoareTripleChecker+Unknown, 0 IncrementalHoareTripleChecker+Unchecked, 0.0s IncrementalHoareTripleChecker+Time
[2026-06-06 09:32:01,169 INFO  L489   CegarNwaWorkerThread]: SdHoareTripleChecker [0 Valid, 6 Invalid, 5 Unknown, 0 Unchecked, 0.0s Time], IncrementalHoareTripleChecker [0 Valid, 5 Invalid, 0 Unknown, 0 Unchecked, 0.0s Time]
[2026-06-06 09:32:01,169 INFO  L489   CegarNwaWorkerThread]: SdHoareTripleChecker [0 Valid, 6 Invalid, 5 Unknown, 0 Unchecked, 0.0s Time], IncrementalHoareTripleChecker [0 Valid, 5 Invalid, 0 Unknown, 0 Unchecked, 0.0s Time]
[2026-06-06 09:32:01,169 INFO  L488   CegarNwaWorkerThread]: 3 mSDtfsCounter, 0 mSDsluCounter, 3 mSDsCounter, 0 mSdLazyCounter, 11 mSolverCounterSat, 2 mSolverCounterUnsat, 0 mSolverCounterUnknown, 0 mSolverCounterNotChecked, 0.0s Time, 0 mProtectedPredicate, 0 mProtectedAction, 0 SdHoareTripleChecker+Valid, 6 SdHoareTripleChecker+Invalid, 13 SdHoareTripleChecker+Unknown, 0 SdHoareTripleChecker+Unchecked, 0.0s SdHoareTripleChecker+Time, 2 IncrementalHoareTripleChecker+Valid, 11 IncrementalHoareTripleChecker+Invalid, 0 IncrementalHoareTripleChecker+Unknown, 0 IncrementalHoareTripleChecker+Unchecked, 0.0s IncrementalHoareTripleChecker+Time
[2026-06-06 09:32:01,169 INFO  L489   CegarNwaWorkerThread]: SdHoareTripleChecker [0 Valid, 6 Invalid, 5 Unknown, 0 Unchecked, 0.0s Time], IncrementalHoareTripleChecker [0 Valid, 5 Invalid, 0 Unknown, 0 Unchecked, 0.0s Time]
[2026-06-06 09:32:01,169 INFO  L489   CegarNwaWorkerThread]: SdHoareTripleChecker [0 Valid, 4 Invalid, 8 Unknown, 0 Unchecked, 0.0s Time], IncrementalHoareTripleChecker [0 Valid, 8 Invalid, 0 Unknown, 0 Unchecked, 0.0s Time]
[2026-06-06 09:32:01,170 INFO  L489   CegarNwaWorkerThread]: SdHoareTripleChecker [0 Valid, 6 Invalid, 13 Unknown, 0 Unchecked, 0.0s Time], IncrementalHoareTripleChecker [2 Valid, 11 Invalid, 0 Unknown, 0 Unchecked, 0.0s Time]
[2026-06-06 09:32:01,170 INFO  L144             Difference]: Subtrahend was deterministic. Have not used determinization.
[2026-06-06 09:32:01,170 INFO  L93              Difference]: Finished difference Result 7 states and 9 transitions.
[2026-06-06 09:32:01,170 INFO  L140   InterpolantAutomaton]: Switched to read-only mode: deterministic interpolant automaton has 4 states. 
[2026-06-06 09:32:01,170 INFO  L224   CegarNwaWorkerThread]: Done with Thread: 125#
[2026-06-06 09:32:01,170 INFO  L225             Difference]: With dead ends: 7
[2026-06-06 09:32:01,170 INFO  L226             Difference]: Without dead ends: 6
[2026-06-06 09:32:01,170 INFO  L634   ParallelNwaCegarLoop]: Waking up, a worker is done.
[2026-06-06 09:32:01,170 INFO  L293   ParallelNwaCegarLoop]: Main: A Thread is Done
[2026-06-06 09:32:01,170 INFO  L224   CegarNwaWorkerThread]: Done with Thread: 107#
[2026-06-06 09:32:01,170 INFO  L224   CegarNwaWorkerThread]: Done with Thread: 95#
[2026-06-06 09:32:01,170 INFO  L311   ParallelNwaCegarLoop]: Worker Automaton Type: FLOYD_HOARE
[2026-06-06 09:32:01,170 INFO  L196   CegarNwaWorkerThread]: WorkerThread: Thread[#107,Worker for 28791948,5,main] is Waiting for a Task
[2026-06-06 09:32:01,170 INFO  L134       CoverageAnalysis]: Checked inductivity of 1 backedges. 0 proven. 1 refuted. 0 times theorem prover too weak. 0 trivial. 0 not checked.
[2026-06-06 09:32:01,170 INFO  L79                 Accepts]: Start accepts. Automaton has  has 6 states, 4 states have (on average 1.75) internal successors, (7), 5 states have internal predecessors, (7), 0 states have call successors, (0), 0 states have call predecessors, (0), 0 states have return successors, (0), 0 states have call predecessors, (0), 0 states have call successors, (0) Word has length 6
[2026-06-06 09:32:01,170 INFO  L487   CegarNwaWorkerThread]: 0 DeclaredPredicates, 4 GetRequests, 1 SyntacticMatches, 0 SemanticMatches, 3 ConstructedPredicates, 0 IntricatePredicates, 0 DeprecatedPredicates, 0 ImplicationChecksByTransitivity, 0.0s TimeCoverageRelationStatistics Valid=9, Invalid=11, Unknown=0, NotChecked=0, Total=20
[2026-06-06 09:32:01,170 INFO  L134       CoverageAnalysis]: Checked inductivity of 2 backedges. 0 proven. 2 refuted. 0 times theorem prover too weak. 0 trivial. 0 not checked.
[2026-06-06 09:32:01,170 INFO  L196   CegarNwaWorkerThread]: WorkerThread: Thread[#125,Worker for 892552202,5,main] is Waiting for a Task
[2026-06-06 09:32:01,170 INFO  L224   CegarNwaWorkerThread]: Done with Thread: 101#
[2026-06-06 09:32:01,170 INFO  L224   CegarNwaWorkerThread]: Done with Thread: 113#
[2026-06-06 09:32:01,171 INFO  L196   CegarNwaWorkerThread]: WorkerThread: Thread[#101,Worker for 1949892769,5,main] is Waiting for a Task
[2026-06-06 09:32:01,171 INFO  L136   FreeRefinementEngine]: Strategy CAMEL found an infeasible trace
[2026-06-06 09:32:01,171 INFO  L85                 Accepts]: Finished accepts. word is accepted.
[2026-06-06 09:32:01,171 INFO  L158   FreeRefinementEngine]: IpTcStrategyModuleZ3 [698478301] provided 0 perfect and 2 imperfect interpolant sequences
[2026-06-06 09:32:01,171 INFO  L324   FreeRefinementEngine]: Using interpolant generator IpTcStrategyModuleSmtInterpolCraig [1821916439]
[2026-06-06 09:32:01,170 INFO  L196   CegarNwaWorkerThread]: WorkerThread: Thread[#95,Worker for 894182058,5,main] is Waiting for a Task
[2026-06-06 09:32:01,171 INFO  L158   FreeRefinementEngine]: IpTcStrategyModuleSmtInterpolCraig [1821916439] provided 0 perfect and 1 imperfect interpolant sequences
[2026-06-06 09:32:01,171 INFO  L185   FreeRefinementEngine]: Found 0 perfect and 3 imperfect interpolant sequences.
[2026-06-06 09:32:01,171 INFO  L313   ParallelNwaCegarLoop]: Refining Abstraction
[2026-06-06 09:32:01,171 INFO  L198   FreeRefinementEngine]: Number of different interpolants: perfect sequences [] imperfect sequences [3, 3, 3] total 3
[2026-06-06 09:32:01,171 INFO  L196   CegarNwaWorkerThread]: WorkerThread: Thread[#113,Worker for 317186442,5,main] is Waiting for a Task
[2026-06-06 09:32:01,171 INFO  L697   ParallelNwaCegarLoop]: Subtrahend traceHash: 892552202
[2026-06-06 09:32:01,171 INFO  L324   FreeRefinementEngine]: Using interpolant generator IpTcStrategyModuleZ3 [1624107988]
[2026-06-06 09:32:01,171 INFO  L97    rtionOrderModulation]: Keeping assertion order NOT_INCREMENTALLY
[2026-06-06 09:32:01,171 INFO  L664   ParallelNwaCegarLoop]: Difference in Main
[2026-06-06 09:32:01,171 INFO  L488   CegarNwaWorkerThread]: 3 mSDtfsCounter, 1 mSDsluCounter, 3 mSDsCounter, 0 mSdLazyCounter, 11 mSolverCounterSat, 2 mSolverCounterUnsat, 0 mSolverCounterUnknown, 0 mSolverCounterNotChecked, 0.0s Time, 0 mProtectedPredicate, 0 mProtectedAction, 1 SdHoareTripleChecker+Valid, 6 SdHoareTripleChecker+Invalid, 13 SdHoareTripleChecker+Unknown, 0 SdHoareTripleChecker+Unchecked, 0.0s SdHoareTripleChecker+Time, 2 IncrementalHoareTripleChecker+Valid, 11 IncrementalHoareTripleChecker+Invalid, 0 IncrementalHoareTripleChecker+Unknown, 0 IncrementalHoareTripleChecker+Unchecked, 0.0s IncrementalHoareTripleChecker+Time
[2026-06-06 09:32:01,171 INFO  L173          SolverBuilder]: Constructing external solver with command: z3 -smt2 -in SMTLIB2_COMPLIANT=true
[2026-06-06 09:32:01,171 INFO  L87              Difference]: Start difference. First operand  has 6 states, 4 states have (on average 1.75) internal successors, (7), 5 states have internal predecessors, (7), 0 states have call successors, (0), 0 states have call predecessors, (0), 0 states have return successors, (0), 0 states have call predecessors, (0), 0 states have call successors, (0) Second operand  has 4 states, 3 states have (on average 3.6666666666666665) internal successors, (11), 4 states have internal predecessors, (11), 0 states have call successors, (0), 0 states have call predecessors, (0), 0 states have return successors, (0), 0 states have call predecessors, (0), 0 states have call successors, (0)
[2026-06-06 09:32:01,171 INFO  L144             Difference]: Subtrahend was deterministic. Have not used determinization.
[2026-06-06 09:32:01,171 INFO  L93              Difference]: Finished difference Result 7 states and 9 transitions.
[2026-06-06 09:32:01,171 INFO  L122   tionRefinementEngine]: Using interpolant automaton builder IpAbStrategyModuleStraightlineAll [518616218]
[2026-06-06 09:32:01,171 INFO  L489   CegarNwaWorkerThread]: SdHoareTripleChecker [1 Valid, 6 Invalid, 13 Unknown, 0 Unchecked, 0.0s Time], IncrementalHoareTripleChecker [2 Valid, 11 Invalid, 0 Unknown, 0 Unchecked, 0.0s Time]
[2026-06-06 09:32:01,171 INFO  L225             Difference]: With dead ends: 7
[2026-06-06 09:32:01,171 INFO  L226             Difference]: Without dead ends: 6
[2026-06-06 09:32:01,171 INFO  L85    oduleStraightlineAll]: Using 3 imperfect interpolants to construct interpolant automaton
[2026-06-06 09:32:01,171 INFO  L224   CegarNwaWorkerThread]: Done with Thread: 80#
[2026-06-06 09:32:01,171 INFO  L196   CegarNwaWorkerThread]: WorkerThread: Thread[#80,Worker for 928714,5,main] is Waiting for a Task
[2026-06-06 09:32:01,171 INFO  L100   FreeRefinementEngine]: Using predicate unifier PredicateUnifier provided by strategy CAMEL
[2026-06-06 09:32:01,172 INFO  L144   InterpolantAutomaton]: Constructing interpolant automaton starting with 4 interpolants.
[2026-06-06 09:32:01,172 INFO  L146   InterpolantAutomaton]: CoverageRelationStatistics Valid=5, Invalid=7, Unknown=0, NotChecked=0, Total=12
[2026-06-06 09:32:01,172 INFO  L419   CegarNwaWorkerThread]: Difference in Worker for Generalization
[2026-06-06 09:32:01,172 INFO  L87              Difference]: Start difference. First operand  has 6 states, 4 states have (on average 1.75) internal successors, (7), 5 states have internal predecessors, (7), 0 states have call successors, (0), 0 states have call predecessors, (0), 0 states have return successors, (0), 0 states have call predecessors, (0), 0 states have call successors, (0) Second operand  has 4 states, 4 states have (on average 1.25) internal successors, (5), 3 states have internal predecessors, (5), 0 states have call successors, (0), 0 states have call predecessors, (0), 0 states have return successors, (0), 0 states have call predecessors, (0), 0 states have call successors, (0)
[2026-06-06 09:32:01,174 INFO  L189       MonitoredProcess]: No working directory specified, using /usr/bin/z3
[2026-06-06 09:32:01,175 INFO  L229       MonitoredProcess]: Starting monitored process 11 with /usr/bin/z3 -smt2 -in SMTLIB2_COMPLIANT=true (exit command is (exit), workingDir is null)
[2026-06-06 09:32:01,176 INFO  L327       MonitoredProcess]: [MP /usr/bin/z3 -smt2 -in SMTLIB2_COMPLIANT=true (11)] Waiting until timeout for monitored process
[2026-06-06 09:32:01,179 INFO  L82        GeneralOperation]: Start minimizeSevpa. Operand 6 states.
[2026-06-06 09:32:01,183 INFO  L144             Difference]: Subtrahend was deterministic. Have not used determinization.
[2026-06-06 09:32:01,183 INFO  L93              Difference]: Finished difference Result 8 states and 11 transitions.
[2026-06-06 09:32:01,183 INFO  L140   InterpolantAutomaton]: Switched to read-only mode: deterministic interpolant automaton has 5 states. 
[2026-06-06 09:32:01,183 INFO  L225             Difference]: With dead ends: 8
[2026-06-06 09:32:01,183 INFO  L226             Difference]: Without dead ends: 8
[2026-06-06 09:32:01,183 INFO  L88        GeneralOperation]: Finished minimizeSevpa. Reduced states from 6 to 6.
[2026-06-06 09:32:01,184 INFO  L487   CegarNwaWorkerThread]: 0 DeclaredPredicates, 13 GetRequests, 8 SyntacticMatches, 2 SemanticMatches, 3 ConstructedPredicates, 0 IntricatePredicates, 0 DeprecatedPredicates, 0 ImplicationChecksByTransitivity, 0.0s TimeCoverageRelationStatistics Valid=9, Invalid=11, Unknown=0, NotChecked=0, Total=20
[2026-06-06 09:32:01,184 INFO  L82        GeneralOperation]: Start removeUnreachable. Operand  has 6 states, 5 states have (on average 1.4) internal successors, (7), 5 states have internal predecessors, (7), 0 states have call successors, (0), 0 states have call predecessors, (0), 0 states have return successors, (0), 0 states have call predecessors, (0), 0 states have call successors, (0)
[2026-06-06 09:32:01,184 INFO  L488   CegarNwaWorkerThread]: 4 mSDtfsCounter, 3 mSDsluCounter, 3 mSDsCounter, 0 mSdLazyCounter, 15 mSolverCounterSat, 1 mSolverCounterUnsat, 0 mSolverCounterUnknown, 0 mSolverCounterNotChecked, 0.0s Time, 0 mProtectedPredicate, 0 mProtectedAction, 3 SdHoareTripleChecker+Valid, 7 SdHoareTripleChecker+Invalid, 16 SdHoareTripleChecker+Unknown, 0 SdHoareTripleChecker+Unchecked, 0.0s SdHoareTripleChecker+Time, 1 IncrementalHoareTripleChecker+Valid, 15 IncrementalHoareTripleChecker+Invalid, 0 IncrementalHoareTripleChecker+Unknown, 0 IncrementalHoareTripleChecker+Unchecked, 0.0s IncrementalHoareTripleChecker+Time
[2026-06-06 09:32:01,184 INFO  L489   CegarNwaWorkerThread]: SdHoareTripleChecker [3 Valid, 7 Invalid, 16 Unknown, 0 Unchecked, 0.0s Time], IncrementalHoareTripleChecker [1 Valid, 15 Invalid, 0 Unknown, 0 Unchecked, 0.0s Time]
[2026-06-06 09:32:01,184 INFO  L224   CegarNwaWorkerThread]: Done with Thread: 86#
[2026-06-06 09:32:01,184 INFO  L196   CegarNwaWorkerThread]: WorkerThread: Thread[#86,Worker for 28842881,5,main] is Waiting for a Task
[2026-06-06 09:32:01,185 INFO  L88        GeneralOperation]: Finished removeUnreachable. Reduced from 6 states to 6 states and 7 transitions.
[2026-06-06 09:32:01,185 INFO  L675   ParallelNwaCegarLoop]: Main: Refinement done.
[2026-06-06 09:32:01,185 INFO  L594   ParallelNwaCegarLoop]: Checking if program is safe
[2026-06-06 09:32:01,185 INFO  L290                IsEmpty]: Start isEmpty. Operand 6 states and 7 transitions.
[2026-06-06 09:32:01,185 INFO  L300                IsEmpty]: Finished isEmpty. Found accepting run of length 6
[2026-06-06 09:32:01,185 INFO  L199           NwaCegarLoop]: Found error trace
[2026-06-06 09:32:01,185 INFO  L207           NwaCegarLoop]: trace histogram [1, 1, 1, 1, 1]
[2026-06-06 09:32:01,185 INFO  L293   ParallelNwaCegarLoop]: Main: A Thread is Done
[2026-06-06 09:32:01,185 INFO  L311   ParallelNwaCegarLoop]: Worker Automaton Type: FLOYD_HOARE
[2026-06-06 09:32:01,185 INFO  L79                 Accepts]: Start accepts. Automaton has 6 states and 7 transitions. Word has length 5
[2026-06-06 09:32:01,185 INFO  L85                 Accepts]: Finished accepts. word is rejected.
[2026-06-06 09:32:01,186 INFO  L747   ParallelNwaCegarLoop]: Recorded stale counterexample prefix coverage.
[2026-06-06 09:32:01,186 INFO  L313   ParallelNwaCegarLoop]: Refining Abstraction
[2026-06-06 09:32:01,186 INFO  L697   ParallelNwaCegarLoop]: Subtrahend traceHash: 28791948
[2026-06-06 09:32:01,186 INFO  L664   ParallelNwaCegarLoop]: Difference in Main
[2026-06-06 09:32:01,186 INFO  L87              Difference]: Start difference. First operand 6 states and 7 transitions. Second operand  has 4 states, 3 states have (on average 3.6666666666666665) internal successors, (11), 4 states have internal predecessors, (11), 0 states have call successors, (0), 0 states have call predecessors, (0), 0 states have return successors, (0), 0 states have call predecessors, (0), 0 states have call successors, (0)
[2026-06-06 09:32:01,186 INFO  L144             Difference]: Subtrahend was deterministic. Have not used determinization.
[2026-06-06 09:32:01,186 INFO  L93              Difference]: Finished difference Result 6 states and 7 transitions.
[2026-06-06 09:32:01,186 INFO  L225             Difference]: With dead ends: 6
[2026-06-06 09:32:01,186 INFO  L226             Difference]: Without dead ends: 6
[2026-06-06 09:32:01,186 INFO  L82        GeneralOperation]: Start minimizeSevpa. Operand 6 states.
[2026-06-06 09:32:01,186 INFO  L88        GeneralOperation]: Finished minimizeSevpa. Reduced states from 6 to 6.
[2026-06-06 09:32:01,186 INFO  L82        GeneralOperation]: Start removeUnreachable. Operand  has 6 states, 5 states have (on average 1.4) internal successors, (7), 5 states have internal predecessors, (7), 0 states have call successors, (0), 0 states have call predecessors, (0), 0 states have return successors, (0), 0 states have call predecessors, (0), 0 states have call successors, (0)
[2026-06-06 09:32:01,186 INFO  L88        GeneralOperation]: Finished removeUnreachable. Reduced from 6 states to 6 states and 7 transitions.
[2026-06-06 09:32:01,186 INFO  L675   ParallelNwaCegarLoop]: Main: Refinement done.
[2026-06-06 09:32:01,186 INFO  L594   ParallelNwaCegarLoop]: Checking if program is safe
[2026-06-06 09:32:01,186 INFO  L290                IsEmpty]: Start isEmpty. Operand 6 states and 7 transitions.
[2026-06-06 09:32:01,186 INFO  L300                IsEmpty]: Finished isEmpty. Found accepting run of length 6
[2026-06-06 09:32:01,186 INFO  L199           NwaCegarLoop]: Found error trace
[2026-06-06 09:32:01,187 INFO  L207           NwaCegarLoop]: trace histogram [1, 1, 1, 1, 1]
[2026-06-06 09:32:01,187 INFO  L293   ParallelNwaCegarLoop]: Main: A Thread is Done
[2026-06-06 09:32:01,187 INFO  L311   ParallelNwaCegarLoop]: Worker Automaton Type: FLOYD_HOARE
[2026-06-06 09:32:01,187 INFO  L79                 Accepts]: Start accepts. Automaton has 6 states and 7 transitions. Word has length 6
[2026-06-06 09:32:01,187 INFO  L85                 Accepts]: Finished accepts. word is accepted.
[2026-06-06 09:32:01,187 INFO  L313   ParallelNwaCegarLoop]: Refining Abstraction
[2026-06-06 09:32:01,187 INFO  L697   ParallelNwaCegarLoop]: Subtrahend traceHash: 894182058
[2026-06-06 09:32:01,187 INFO  L664   ParallelNwaCegarLoop]: Difference in Main
[2026-06-06 09:32:01,187 INFO  L87              Difference]: Start difference. First operand 6 states and 7 transitions. Second operand  has 3 states, 2 states have (on average 4.5) internal successors, (9), 3 states have internal predecessors, (9), 0 states have call successors, (0), 0 states have call predecessors, (0), 0 states have return successors, (0), 0 states have call predecessors, (0), 0 states have call successors, (0)
[2026-06-06 09:32:01,187 INFO  L144             Difference]: Subtrahend was deterministic. Have not used determinization.
[2026-06-06 09:32:01,187 INFO  L93              Difference]: Finished difference Result 7 states and 8 transitions.
[2026-06-06 09:32:01,187 INFO  L225             Difference]: With dead ends: 7
[2026-06-06 09:32:01,187 INFO  L226             Difference]: Without dead ends: 7
[2026-06-06 09:32:01,187 INFO  L82        GeneralOperation]: Start minimizeSevpa. Operand 7 states.
[2026-06-06 09:32:01,187 INFO  L88        GeneralOperation]: Finished minimizeSevpa. Reduced states from 7 to 7.
[2026-06-06 09:32:01,187 INFO  L82        GeneralOperation]: Start removeUnreachable. Operand  has 7 states, 6 states have (on average 1.3333333333333333) internal successors, (8), 6 states have internal predecessors, (8), 0 states have call successors, (0), 0 states have call predecessors, (0), 0 states have return successors, (0), 0 states have call predecessors, (0), 0 states have call successors, (0)
[2026-06-06 09:32:01,187 INFO  L88        GeneralOperation]: Finished removeUnreachable. Reduced from 7 states to 7 states and 8 transitions.
[2026-06-06 09:32:01,187 INFO  L675   ParallelNwaCegarLoop]: Main: Refinement done.
[2026-06-06 09:32:01,187 INFO  L594   ParallelNwaCegarLoop]: Checking if program is safe
[2026-06-06 09:32:01,187 INFO  L290                IsEmpty]: Start isEmpty. Operand 7 states and 8 transitions.
[2026-06-06 09:32:01,187 INFO  L300                IsEmpty]: Finished isEmpty. Found accepting run of length 7
[2026-06-06 09:32:01,187 INFO  L199           NwaCegarLoop]: Found error trace
[2026-06-06 09:32:01,187 INFO  L207           NwaCegarLoop]: trace histogram [1, 1, 1, 1, 1, 1]
[2026-06-06 09:32:01,187 INFO  L293   ParallelNwaCegarLoop]: Main: A Thread is Done
[2026-06-06 09:32:01,187 INFO  L311   ParallelNwaCegarLoop]: Worker Automaton Type: FLOYD_HOARE
[2026-06-06 09:32:01,187 INFO  L79                 Accepts]: Start accepts. Automaton has 7 states and 8 transitions. Word has length 7
[2026-06-06 09:32:01,187 INFO  L85                 Accepts]: Finished accepts. word is rejected.
[2026-06-06 09:32:01,187 INFO  L747   ParallelNwaCegarLoop]: Recorded stale counterexample prefix coverage.
[2026-06-06 09:32:01,187 INFO  L313   ParallelNwaCegarLoop]: Refining Abstraction
[2026-06-06 09:32:01,187 INFO  L697   ParallelNwaCegarLoop]: Subtrahend traceHash: 1949892769
[2026-06-06 09:32:01,187 INFO  L664   ParallelNwaCegarLoop]: Difference in Main
[2026-06-06 09:32:01,187 INFO  L87              Difference]: Start difference. First operand 7 states and 8 transitions. Second operand  has 3 states, 2 states have (on average 4.5) internal successors, (9), 3 states have internal predecessors, (9), 0 states have call successors, (0), 0 states have call predecessors, (0), 0 states have return successors, (0), 0 states have call predecessors, (0), 0 states have call successors, (0)
[2026-06-06 09:32:01,187 INFO  L144             Difference]: Subtrahend was deterministic. Have not used determinization.
[2026-06-06 09:32:01,187 INFO  L93              Difference]: Finished difference Result 7 states and 8 transitions.
[2026-06-06 09:32:01,187 INFO  L225             Difference]: With dead ends: 7
[2026-06-06 09:32:01,187 INFO  L226             Difference]: Without dead ends: 7
[2026-06-06 09:32:01,188 INFO  L82        GeneralOperation]: Start minimizeSevpa. Operand 7 states.
[2026-06-06 09:32:01,188 INFO  L88        GeneralOperation]: Finished minimizeSevpa. Reduced states from 7 to 7.
[2026-06-06 09:32:01,188 INFO  L82        GeneralOperation]: Start removeUnreachable. Operand  has 7 states, 6 states have (on average 1.3333333333333333) internal successors, (8), 6 states have internal predecessors, (8), 0 states have call successors, (0), 0 states have call predecessors, (0), 0 states have return successors, (0), 0 states have call predecessors, (0), 0 states have call successors, (0)
[2026-06-06 09:32:01,188 INFO  L88        GeneralOperation]: Finished removeUnreachable. Reduced from 7 states to 7 states and 8 transitions.
[2026-06-06 09:32:01,188 INFO  L675   ParallelNwaCegarLoop]: Main: Refinement done.
[2026-06-06 09:32:01,188 INFO  L594   ParallelNwaCegarLoop]: Checking if program is safe
[2026-06-06 09:32:01,188 INFO  L290                IsEmpty]: Start isEmpty. Operand 7 states and 8 transitions.
[2026-06-06 09:32:01,188 INFO  L300                IsEmpty]: Finished isEmpty. Found accepting run of length 7
[2026-06-06 09:32:01,188 INFO  L199           NwaCegarLoop]: Found error trace
[2026-06-06 09:32:01,188 INFO  L207           NwaCegarLoop]: trace histogram [1, 1, 1, 1, 1, 1]
[2026-06-06 09:32:01,188 INFO  L293   ParallelNwaCegarLoop]: Main: A Thread is Done
[2026-06-06 09:32:01,188 INFO  L311   ParallelNwaCegarLoop]: Worker Automaton Type: FLOYD_HOARE
[2026-06-06 09:32:01,188 INFO  L79                 Accepts]: Start accepts. Automaton has 7 states and 8 transitions. Word has length 8
[2026-06-06 09:32:01,188 INFO  L85                 Accepts]: Finished accepts. word is rejected.
[2026-06-06 09:32:01,188 INFO  L747   ParallelNwaCegarLoop]: Recorded stale counterexample prefix coverage.
[2026-06-06 09:32:01,188 INFO  L313   ParallelNwaCegarLoop]: Refining Abstraction
[2026-06-06 09:32:01,188 INFO  L697   ParallelNwaCegarLoop]: Subtrahend traceHash: 317186442
[2026-06-06 09:32:01,188 INFO  L664   ParallelNwaCegarLoop]: Difference in Main
[2026-06-06 09:32:01,188 INFO  L87              Difference]: Start difference. First operand 7 states and 8 transitions. Second operand  has 3 states, 2 states have (on average 4.5) internal successors, (9), 3 states have internal predecessors, (9), 0 states have call successors, (0), 0 states have call predecessors, (0), 0 states have return successors, (0), 0 states have call predecessors, (0), 0 states have call successors, (0)
[2026-06-06 09:32:01,188 INFO  L144             Difference]: Subtrahend was deterministic. Have not used determinization.
[2026-06-06 09:32:01,188 INFO  L93              Difference]: Finished difference Result 7 states and 8 transitions.
[2026-06-06 09:32:01,188 INFO  L225             Difference]: With dead ends: 7
[2026-06-06 09:32:01,188 INFO  L226             Difference]: Without dead ends: 7
[2026-06-06 09:32:01,188 INFO  L82        GeneralOperation]: Start minimizeSevpa. Operand 7 states.
[2026-06-06 09:32:01,188 INFO  L88        GeneralOperation]: Finished minimizeSevpa. Reduced states from 7 to 7.
[2026-06-06 09:32:01,188 INFO  L82        GeneralOperation]: Start removeUnreachable. Operand  has 7 states, 6 states have (on average 1.3333333333333333) internal successors, (8), 6 states have internal predecessors, (8), 0 states have call successors, (0), 0 states have call predecessors, (0), 0 states have return successors, (0), 0 states have call predecessors, (0), 0 states have call successors, (0)
[2026-06-06 09:32:01,189 INFO  L88        GeneralOperation]: Finished removeUnreachable. Reduced from 7 states to 7 states and 8 transitions.
[2026-06-06 09:32:01,189 INFO  L675   ParallelNwaCegarLoop]: Main: Refinement done.
[2026-06-06 09:32:01,189 INFO  L594   ParallelNwaCegarLoop]: Checking if program is safe
[2026-06-06 09:32:01,189 INFO  L290                IsEmpty]: Start isEmpty. Operand 7 states and 8 transitions.
[2026-06-06 09:32:01,189 INFO  L300                IsEmpty]: Finished isEmpty. Found accepting run of length 7
[2026-06-06 09:32:01,189 INFO  L199           NwaCegarLoop]: Found error trace
[2026-06-06 09:32:01,189 INFO  L207           NwaCegarLoop]: trace histogram [1, 1, 1, 1, 1, 1]
[2026-06-06 09:32:01,189 INFO  L293   ParallelNwaCegarLoop]: Main: A Thread is Done
[2026-06-06 09:32:01,189 INFO  L311   ParallelNwaCegarLoop]: Worker Automaton Type: FLOYD_HOARE
[2026-06-06 09:32:01,189 INFO  L79                 Accepts]: Start accepts. Automaton has 7 states and 8 transitions. Word has length 4
[2026-06-06 09:32:01,189 INFO  L85                 Accepts]: Finished accepts. word is rejected.
[2026-06-06 09:32:01,189 INFO  L747   ParallelNwaCegarLoop]: Recorded stale counterexample prefix coverage.
[2026-06-06 09:32:01,189 INFO  L313   ParallelNwaCegarLoop]: Refining Abstraction
[2026-06-06 09:32:01,189 INFO  L697   ParallelNwaCegarLoop]: Subtrahend traceHash: 928714
[2026-06-06 09:32:01,189 INFO  L664   ParallelNwaCegarLoop]: Difference in Main
[2026-06-06 09:32:01,189 INFO  L87              Difference]: Start difference. First operand 7 states and 8 transitions. Second operand  has 4 states, 3 states have (on average 3.6666666666666665) internal successors, (11), 4 states have internal predecessors, (11), 0 states have call successors, (0), 0 states have call predecessors, (0), 0 states have return successors, (0), 0 states have call predecessors, (0), 0 states have call successors, (0)
[2026-06-06 09:32:01,189 INFO  L144             Difference]: Subtrahend was deterministic. Have not used determinization.
[2026-06-06 09:32:01,189 INFO  L93              Difference]: Finished difference Result 7 states and 8 transitions.
[2026-06-06 09:32:01,189 INFO  L225             Difference]: With dead ends: 7
[2026-06-06 09:32:01,189 INFO  L226             Difference]: Without dead ends: 7
[2026-06-06 09:32:01,189 INFO  L82        GeneralOperation]: Start minimizeSevpa. Operand 7 states.
[2026-06-06 09:32:01,189 INFO  L88        GeneralOperation]: Finished minimizeSevpa. Reduced states from 7 to 7.
[2026-06-06 09:32:01,189 INFO  L82        GeneralOperation]: Start removeUnreachable. Operand  has 7 states, 6 states have (on average 1.3333333333333333) internal successors, (8), 6 states have internal predecessors, (8), 0 states have call successors, (0), 0 states have call predecessors, (0), 0 states have return successors, (0), 0 states have call predecessors, (0), 0 states have call successors, (0)
[2026-06-06 09:32:01,189 INFO  L88        GeneralOperation]: Finished removeUnreachable. Reduced from 7 states to 7 states and 8 transitions.
[2026-06-06 09:32:01,189 INFO  L675   ParallelNwaCegarLoop]: Main: Refinement done.
[2026-06-06 09:32:01,189 INFO  L594   ParallelNwaCegarLoop]: Checking if program is safe
[2026-06-06 09:32:01,189 INFO  L290                IsEmpty]: Start isEmpty. Operand 7 states and 8 transitions.
[2026-06-06 09:32:01,189 INFO  L300                IsEmpty]: Finished isEmpty. Found accepting run of length 7
[2026-06-06 09:32:01,189 INFO  L199           NwaCegarLoop]: Found error trace
[2026-06-06 09:32:01,189 INFO  L207           NwaCegarLoop]: trace histogram [1, 1, 1, 1, 1, 1]
[2026-06-06 09:32:01,189 INFO  L293   ParallelNwaCegarLoop]: Main: A Thread is Done
[2026-06-06 09:32:01,189 INFO  L311   ParallelNwaCegarLoop]: Worker Automaton Type: FLOYD_HOARE
[2026-06-06 09:32:01,189 INFO  L79                 Accepts]: Start accepts. Automaton has 7 states and 8 transitions. Word has length 5
[2026-06-06 09:32:01,189 INFO  L85                 Accepts]: Finished accepts. word is rejected.
[2026-06-06 09:32:01,189 INFO  L747   ParallelNwaCegarLoop]: Recorded stale counterexample prefix coverage.
[2026-06-06 09:32:01,189 INFO  L313   ParallelNwaCegarLoop]: Refining Abstraction
[2026-06-06 09:32:01,189 INFO  L697   ParallelNwaCegarLoop]: Subtrahend traceHash: 28842881
[2026-06-06 09:32:01,189 INFO  L664   ParallelNwaCegarLoop]: Difference in Main
[2026-06-06 09:32:01,190 INFO  L87              Difference]: Start difference. First operand 7 states and 8 transitions. Second operand  has 5 states, 4 states have (on average 3.25) internal successors, (13), 5 states have internal predecessors, (13), 0 states have call successors, (0), 0 states have call predecessors, (0), 0 states have return successors, (0), 0 states have call predecessors, (0), 0 states have call successors, (0)
[2026-06-06 09:32:01,190 INFO  L144             Difference]: Subtrahend was deterministic. Have not used determinization.
[2026-06-06 09:32:01,190 INFO  L93              Difference]: Finished difference Result 7 states and 8 transitions.
[2026-06-06 09:32:01,190 INFO  L225             Difference]: With dead ends: 7
[2026-06-06 09:32:01,190 INFO  L226             Difference]: Without dead ends: 7
[2026-06-06 09:32:01,190 INFO  L82        GeneralOperation]: Start minimizeSevpa. Operand 7 states.
[2026-06-06 09:32:01,190 INFO  L88        GeneralOperation]: Finished minimizeSevpa. Reduced states from 7 to 7.
[2026-06-06 09:32:01,190 INFO  L82        GeneralOperation]: Start removeUnreachable. Operand  has 7 states, 6 states have (on average 1.3333333333333333) internal successors, (8), 6 states have internal predecessors, (8), 0 states have call successors, (0), 0 states have call predecessors, (0), 0 states have return successors, (0), 0 states have call predecessors, (0), 0 states have call successors, (0)
[2026-06-06 09:32:01,190 INFO  L88        GeneralOperation]: Finished removeUnreachable. Reduced from 7 states to 7 states and 8 transitions.
[2026-06-06 09:32:01,190 INFO  L675   ParallelNwaCegarLoop]: Main: Refinement done.
[2026-06-06 09:32:01,190 INFO  L594   ParallelNwaCegarLoop]: Checking if program is safe
[2026-06-06 09:32:01,190 INFO  L290                IsEmpty]: Start isEmpty. Operand 7 states and 8 transitions.
[2026-06-06 09:32:01,190 INFO  L300                IsEmpty]: Finished isEmpty. Found accepting run of length 7
[2026-06-06 09:32:01,190 INFO  L199           NwaCegarLoop]: Found error trace
[2026-06-06 09:32:01,190 INFO  L207           NwaCegarLoop]: trace histogram [1, 1, 1, 1, 1, 1]
[2026-06-06 09:32:01,190 INFO  L336   ParallelNwaCegarLoop]: No more worker results to process
[2026-06-06 09:32:01,190 INFO  L290                IsEmpty]: Start isEmptyParallel. Operand 7 states and 8 transitions.
[2026-06-06 09:32:01,190 INFO  L300                IsEmpty]: Finished isEmptyParallel. No accepting run.
[2026-06-06 09:32:01,190 INFO  L156        IsEmptyParallel]: Start isEmptyParallel. Operand 7 states and 8 transitions.
[2026-06-06 09:32:01,190 INFO  L182       IsEmptyHeuristic]: Start isEmptyHeuristic. Operand 7 states and 8 transitions.
[2026-06-06 09:32:01,191 INFO  L108    AnnotateAndAsserter]: Assert order NOT_INCREMENTALLY partitioned 6 statements into 1 equivalence classes.
[2026-06-06 09:32:01,191 INFO  L188       IsEmptyHeuristic]: Finished isEmptyHeuristic. Found accepting run of length 9
[2026-06-06 09:32:01,191 INFO  L163        IsEmptyParallel]: Finished isEmptyParallel. Found accepting run of length 9
[2026-06-06 09:32:01,191 WARN  L753                IsEmpty]: Correctness of emptinessCheck not tested.
[2026-06-06 09:32:01,191 INFO  L79                 Accepts]: Start accepts. Automaton has 7 states and 8 transitions. Word has length 8
[2026-06-06 09:32:01,191 INFO  L85                 Accepts]: Finished accepts. word is accepted.
[2026-06-06 09:32:01,191 INFO  L757                IsEmpty]: Finished testing correctness of emptinessCheck
[2026-06-06 09:32:01,191 INFO  L290                IsEmpty]: Start isEmptyParallel. Operand 7 states and 8 transitions.
[2026-06-06 09:32:01,191 INFO  L300                IsEmpty]: Finished isEmptyParallel. No accepting run.
[2026-06-06 09:32:01,191 INFO  L156        IsEmptyParallel]: Start isEmptyParallel. Operand 7 states and 8 transitions.
[2026-06-06 09:32:01,191 INFO  L182       IsEmptyHeuristic]: Start isEmptyHeuristic. Operand 7 states and 8 transitions.
[2026-06-06 09:32:01,191 INFO  L188       IsEmptyHeuristic]: Finished isEmptyHeuristic. Found accepting run of length 9
[2026-06-06 09:32:01,191 INFO  L163        IsEmptyParallel]: Finished isEmptyParallel. Found accepting run of length 9
[2026-06-06 09:32:01,191 WARN  L753                IsEmpty]: Correctness of emptinessCheck not tested.
[2026-06-06 09:32:01,191 INFO  L79                 Accepts]: Start accepts. Automaton has 7 states and 8 transitions. Word has length 8
[2026-06-06 09:32:01,191 INFO  L85                 Accepts]: Finished accepts. word is accepted.
[2026-06-06 09:32:01,191 INFO  L757                IsEmpty]: Finished testing correctness of emptinessCheck
[2026-06-06 09:32:01,191 INFO  L290                IsEmpty]: Start isEmptyParallel. Operand 7 states and 8 transitions.
[2026-06-06 09:32:01,191 INFO  L300                IsEmpty]: Finished isEmptyParallel. No accepting run.
[2026-06-06 09:32:01,191 INFO  L156        IsEmptyParallel]: Start isEmptyParallel. Operand 7 states and 8 transitions.
[2026-06-06 09:32:01,191 INFO  L182       IsEmptyHeuristic]: Start isEmptyHeuristic. Operand 7 states and 8 transitions.
[2026-06-06 09:32:01,191 INFO  L188       IsEmptyHeuristic]: Finished isEmptyHeuristic. Found accepting run of length 8
[2026-06-06 09:32:01,191 INFO  L163        IsEmptyParallel]: Finished isEmptyParallel. Found accepting run of length 8
[2026-06-06 09:32:01,191 WARN  L753                IsEmpty]: Correctness of emptinessCheck not tested.
[2026-06-06 09:32:01,191 INFO  L79                 Accepts]: Start accepts. Automaton has 7 states and 8 transitions. Word has length 7
[2026-06-06 09:32:01,191 INFO  L85                 Accepts]: Finished accepts. word is accepted.
[2026-06-06 09:32:01,191 INFO  L757                IsEmpty]: Finished testing correctness of emptinessCheck
[2026-06-06 09:32:01,191 INFO  L290                IsEmpty]: Start isEmptyParallel. Operand 7 states and 8 transitions.
[2026-06-06 09:32:01,191 INFO  L300                IsEmpty]: Finished isEmptyParallel. No accepting run.
[2026-06-06 09:32:01,191 INFO  L156        IsEmptyParallel]: Start isEmptyParallel. Operand 7 states and 8 transitions.
[2026-06-06 09:32:01,191 INFO  L182       IsEmptyHeuristic]: Start isEmptyHeuristic. Operand 7 states and 8 transitions.
[2026-06-06 09:32:01,191 INFO  L188       IsEmptyHeuristic]: Finished isEmptyHeuristic. Found accepting run of length 8
[2026-06-06 09:32:01,191 INFO  L163        IsEmptyParallel]: Finished isEmptyParallel. Found accepting run of length 8
[2026-06-06 09:32:01,191 WARN  L753                IsEmpty]: Correctness of emptinessCheck not tested.
[2026-06-06 09:32:01,191 INFO  L79                 Accepts]: Start accepts. Automaton has 7 states and 8 transitions. Word has length 7
[2026-06-06 09:32:01,191 INFO  L85                 Accepts]: Finished accepts. word is accepted.
[2026-06-06 09:32:01,192 INFO  L757                IsEmpty]: Finished testing correctness of emptinessCheck
[2026-06-06 09:32:01,192 INFO  L290                IsEmpty]: Start isEmptyParallel. Operand 7 states and 8 transitions.
[2026-06-06 09:32:01,192 INFO  L300                IsEmpty]: Finished isEmptyParallel. No accepting run.
[2026-06-06 09:32:01,192 INFO  L156        IsEmptyParallel]: Start isEmptyParallel. Operand 7 states and 8 transitions.
[2026-06-06 09:32:01,192 INFO  L182       IsEmptyHeuristic]: Start isEmptyHeuristic. Operand 7 states and 8 transitions.
[2026-06-06 09:32:01,192 INFO  L188       IsEmptyHeuristic]: Finished isEmptyHeuristic. Found accepting run of length 10
[2026-06-06 09:32:01,192 INFO  L163        IsEmptyParallel]: Finished isEmptyParallel. Found accepting run of length 10
[2026-06-06 09:32:01,192 WARN  L753                IsEmpty]: Correctness of emptinessCheck not tested.
[2026-06-06 09:32:01,192 INFO  L79                 Accepts]: Start accepts. Automaton has 7 states and 8 transitions. Word has length 9
[2026-06-06 09:32:01,192 INFO  L85                 Accepts]: Finished accepts. word is accepted.
[2026-06-06 09:32:01,192 INFO  L757                IsEmpty]: Finished testing correctness of emptinessCheck
[2026-06-06 09:32:01,192 INFO  L290                IsEmpty]: Start isEmptyParallel. Operand 7 states and 8 transitions.
[2026-06-06 09:32:01,192 INFO  L300                IsEmpty]: Finished isEmptyParallel. No accepting run.
[2026-06-06 09:32:01,192 INFO  L156        IsEmptyParallel]: Start isEmptyParallel. Operand 7 states and 8 transitions.
[2026-06-06 09:32:01,192 INFO  L182       IsEmptyHeuristic]: Start isEmptyHeuristic. Operand 7 states and 8 transitions.
[2026-06-06 09:32:01,192 INFO  L188       IsEmptyHeuristic]: Finished isEmptyHeuristic. Found accepting run of length 11
[2026-06-06 09:32:01,192 INFO  L163        IsEmptyParallel]: Finished isEmptyParallel. Found accepting run of length 11
[2026-06-06 09:32:01,192 WARN  L753                IsEmpty]: Correctness of emptinessCheck not tested.
[2026-06-06 09:32:01,192 INFO  L79                 Accepts]: Start accepts. Automaton has 7 states and 8 transitions. Word has length 10
[2026-06-06 09:32:01,192 INFO  L85                 Accepts]: Finished accepts. word is accepted.
[2026-06-06 09:32:01,192 INFO  L757                IsEmpty]: Finished testing correctness of emptinessCheck
[2026-06-06 09:32:01,192 INFO  L290                IsEmpty]: Start isEmptyParallel. Operand 7 states and 8 transitions.
[2026-06-06 09:32:01,192 INFO  L300                IsEmpty]: Finished isEmptyParallel. No accepting run.
[2026-06-06 09:32:01,192 INFO  L156        IsEmptyParallel]: Start isEmptyParallel. Operand 7 states and 8 transitions.
[2026-06-06 09:32:01,192 INFO  L182       IsEmptyHeuristic]: Start isEmptyHeuristic. Operand 7 states and 8 transitions.
[2026-06-06 09:32:01,192 INFO  L188       IsEmptyHeuristic]: Finished isEmptyHeuristic. Found accepting run of length 11
[2026-06-06 09:32:01,192 INFO  L163        IsEmptyParallel]: Finished isEmptyParallel. Found accepting run of length 11
[2026-06-06 09:32:01,192 WARN  L753                IsEmpty]: Correctness of emptinessCheck not tested.
[2026-06-06 09:32:01,192 INFO  L79                 Accepts]: Start accepts. Automaton has 7 states and 8 transitions. Word has length 10
[2026-06-06 09:32:01,192 INFO  L85                 Accepts]: Finished accepts. word is accepted.
[2026-06-06 09:32:01,192 INFO  L757                IsEmpty]: Finished testing correctness of emptinessCheck
[2026-06-06 09:32:01,192 INFO  L290                IsEmpty]: Start isEmptyParallel. Operand 7 states and 8 transitions.
[2026-06-06 09:32:01,192 INFO  L300                IsEmpty]: Finished isEmptyParallel. No accepting run.
[2026-06-06 09:32:01,192 INFO  L156        IsEmptyParallel]: Start isEmptyParallel. Operand 7 states and 8 transitions.
[2026-06-06 09:32:01,192 INFO  L182       IsEmptyHeuristic]: Start isEmptyHeuristic. Operand 7 states and 8 transitions.
[2026-06-06 09:32:01,192 INFO  L188       IsEmptyHeuristic]: Finished isEmptyHeuristic. Found accepting run of length 10
[2026-06-06 09:32:01,192 INFO  L163        IsEmptyParallel]: Finished isEmptyParallel. Found accepting run of length 10
[2026-06-06 09:32:01,192 WARN  L753                IsEmpty]: Correctness of emptinessCheck not tested.
[2026-06-06 09:32:01,192 INFO  L79                 Accepts]: Start accepts. Automaton has 7 states and 8 transitions. Word has length 9
[2026-06-06 09:32:01,193 INFO  L85                 Accepts]: Finished accepts. word is accepted.
[2026-06-06 09:32:01,193 INFO  L757                IsEmpty]: Finished testing correctness of emptinessCheck
[2026-06-06 09:32:01,193 INFO  L290                IsEmpty]: Start isEmptyParallel. Operand 7 states and 8 transitions.
[2026-06-06 09:32:01,193 INFO  L300                IsEmpty]: Finished isEmptyParallel. No accepting run.
[2026-06-06 09:32:01,193 INFO  L156        IsEmptyParallel]: Start isEmptyParallel. Operand 7 states and 8 transitions.
[2026-06-06 09:32:01,193 INFO  L182       IsEmptyHeuristic]: Start isEmptyHeuristic. Operand 7 states and 8 transitions.
[2026-06-06 09:32:01,193 INFO  L188       IsEmptyHeuristic]: Finished isEmptyHeuristic. Found accepting run of length 9
[2026-06-06 09:32:01,193 INFO  L163        IsEmptyParallel]: Finished isEmptyParallel. Found accepting run of length 9
[2026-06-06 09:32:01,193 WARN  L753                IsEmpty]: Correctness of emptinessCheck not tested.
[2026-06-06 09:32:01,193 INFO  L79                 Accepts]: Start accepts. Automaton has 7 states and 8 transitions. Word has length 8
[2026-06-06 09:32:01,193 INFO  L85                 Accepts]: Finished accepts. word is accepted.
[2026-06-06 09:32:01,193 INFO  L757                IsEmpty]: Finished testing correctness of emptinessCheck
[2026-06-06 09:32:01,193 INFO  L290                IsEmpty]: Start isEmptyParallel. Operand 7 states and 8 transitions.
[2026-06-06 09:32:01,193 INFO  L300                IsEmpty]: Finished isEmptyParallel. No accepting run.
[2026-06-06 09:32:01,193 INFO  L156        IsEmptyParallel]: Start isEmptyParallel. Operand 7 states and 8 transitions.
[2026-06-06 09:32:01,193 INFO  L182       IsEmptyHeuristic]: Start isEmptyHeuristic. Operand 7 states and 8 transitions.
[2026-06-06 09:32:01,193 INFO  L188       IsEmptyHeuristic]: Finished isEmptyHeuristic. Found accepting run of length 13
[2026-06-06 09:32:01,193 INFO  L163        IsEmptyParallel]: Finished isEmptyParallel. Found accepting run of length 13
[2026-06-06 09:32:01,193 WARN  L753                IsEmpty]: Correctness of emptinessCheck not tested.
[2026-06-06 09:32:01,193 INFO  L79                 Accepts]: Start accepts. Automaton has 7 states and 8 transitions. Word has length 12
[2026-06-06 09:32:01,193 INFO  L85                 Accepts]: Finished accepts. word is accepted.
[2026-06-06 09:32:01,193 INFO  L757                IsEmpty]: Finished testing correctness of emptinessCheck
[2026-06-06 09:32:01,193 INFO  L290                IsEmpty]: Start isEmptyParallel. Operand 7 states and 8 transitions.
[2026-06-06 09:32:01,193 INFO  L300                IsEmpty]: Finished isEmptyParallel. No accepting run.
[2026-06-06 09:32:01,193 INFO  L156        IsEmptyParallel]: Start isEmptyParallel. Operand 7 states and 8 transitions.
[2026-06-06 09:32:01,193 INFO  L182       IsEmptyHeuristic]: Start isEmptyHeuristic. Operand 7 states and 8 transitions.
[2026-06-06 09:32:01,193 INFO  L188       IsEmptyHeuristic]: Finished isEmptyHeuristic. Found accepting run of length 11
[2026-06-06 09:32:01,193 INFO  L163        IsEmptyParallel]: Finished isEmptyParallel. Found accepting run of length 11
[2026-06-06 09:32:01,193 WARN  L753                IsEmpty]: Correctness of emptinessCheck not tested.
[2026-06-06 09:32:01,193 INFO  L79                 Accepts]: Start accepts. Automaton has 7 states and 8 transitions. Word has length 10
[2026-06-06 09:32:01,193 INFO  L85                 Accepts]: Finished accepts. word is accepted.
[2026-06-06 09:32:01,193 INFO  L757                IsEmpty]: Finished testing correctness of emptinessCheck
[2026-06-06 09:32:01,193 INFO  L290                IsEmpty]: Start isEmptyParallel. Operand 7 states and 8 transitions.
[2026-06-06 09:32:01,193 INFO  L300                IsEmpty]: Finished isEmptyParallel. No accepting run.
[2026-06-06 09:32:01,193 INFO  L156        IsEmptyParallel]: Start isEmptyParallel. Operand 7 states and 8 transitions.
[2026-06-06 09:32:01,193 INFO  L182       IsEmptyHeuristic]: Start isEmptyHeuristic. Operand 7 states and 8 transitions.
[2026-06-06 09:32:01,193 INFO  L188       IsEmptyHeuristic]: Finished isEmptyHeuristic. Found accepting run of length 12
[2026-06-06 09:32:01,193 INFO  L163        IsEmptyParallel]: Finished isEmptyParallel. Found accepting run of length 12
[2026-06-06 09:32:01,193 WARN  L753                IsEmpty]: Correctness of emptinessCheck not tested.
[2026-06-06 09:32:01,193 INFO  L79                 Accepts]: Start accepts. Automaton has 7 states and 8 transitions. Word has length 11
[2026-06-06 09:32:01,193 INFO  L85                 Accepts]: Finished accepts. word is accepted.
[2026-06-06 09:32:01,193 INFO  L757                IsEmpty]: Finished testing correctness of emptinessCheck
[2026-06-06 09:32:01,194 INFO  L290                IsEmpty]: Start isEmptyParallel. Operand 7 states and 8 transitions.
[2026-06-06 09:32:01,194 INFO  L300                IsEmpty]: Finished isEmptyParallel. No accepting run.
[2026-06-06 09:32:01,194 INFO  L156        IsEmptyParallel]: Start isEmptyParallel. Operand 7 states and 8 transitions.
[2026-06-06 09:32:01,194 INFO  L182       IsEmptyHeuristic]: Start isEmptyHeuristic. Operand 7 states and 8 transitions.
[2026-06-06 09:32:01,194 INFO  L188       IsEmptyHeuristic]: Finished isEmptyHeuristic. Found accepting run of length 12
[2026-06-06 09:32:01,194 INFO  L163        IsEmptyParallel]: Finished isEmptyParallel. Found accepting run of length 12
[2026-06-06 09:32:01,194 WARN  L753                IsEmpty]: Correctness of emptinessCheck not tested.
[2026-06-06 09:32:01,194 INFO  L79                 Accepts]: Start accepts. Automaton has 7 states and 8 transitions. Word has length 11
[2026-06-06 09:32:01,194 INFO  L85                 Accepts]: Finished accepts. word is accepted.
[2026-06-06 09:32:01,194 INFO  L757                IsEmpty]: Finished testing correctness of emptinessCheck
[2026-06-06 09:32:01,194 INFO  L290                IsEmpty]: Start isEmptyParallel. Operand 7 states and 8 transitions.
[2026-06-06 09:32:01,194 INFO  L300                IsEmpty]: Finished isEmptyParallel. No accepting run.
[2026-06-06 09:32:01,194 INFO  L156        IsEmptyParallel]: Start isEmptyParallel. Operand 7 states and 8 transitions.
[2026-06-06 09:32:01,194 INFO  L182       IsEmptyHeuristic]: Start isEmptyHeuristic. Operand 7 states and 8 transitions.
[2026-06-06 09:32:01,194 INFO  L188       IsEmptyHeuristic]: Finished isEmptyHeuristic. Found accepting run of length 15
[2026-06-06 09:32:01,194 INFO  L163        IsEmptyParallel]: Finished isEmptyParallel. Found accepting run of length 15
[2026-06-06 09:32:01,194 WARN  L753                IsEmpty]: Correctness of emptinessCheck not tested.
[2026-06-06 09:32:01,194 INFO  L79                 Accepts]: Start accepts. Automaton has 7 states and 8 transitions. Word has length 14
[2026-06-06 09:32:01,194 INFO  L85                 Accepts]: Finished accepts. word is accepted.
[2026-06-06 09:32:01,194 INFO  L757                IsEmpty]: Finished testing correctness of emptinessCheck
[2026-06-06 09:32:01,194 INFO  L290                IsEmpty]: Start isEmptyParallel. Operand 7 states and 8 transitions.
[2026-06-06 09:32:01,194 INFO  L300                IsEmpty]: Finished isEmptyParallel. No accepting run.
[2026-06-06 09:32:01,194 INFO  L156        IsEmptyParallel]: Start isEmptyParallel. Operand 7 states and 8 transitions.
[2026-06-06 09:32:01,194 INFO  L111    AnnotateAndAsserter]: Assert order NOT_INCREMENTALLY issued 1 check-sat command(s) and asserted 6 of 6 statements.
[2026-06-06 09:32:01,194 INFO  L182       IsEmptyHeuristic]: Start isEmptyHeuristic. Operand 7 states and 8 transitions.
[2026-06-06 09:32:01,194 INFO  L114    AnnotateAndAsserter]: Assert order NOT_INCREMENTALLY issued 1 check-sat command(s)
[2026-06-06 09:32:01,194 INFO  L115    AnnotateAndAsserter]: Conjunction of SSA is unsat
[2026-06-06 09:32:01,194 INFO  L188       IsEmptyHeuristic]: Finished isEmptyHeuristic. Found accepting run of length 10
[2026-06-06 09:32:01,194 INFO  L163        IsEmptyParallel]: Finished isEmptyParallel. Found accepting run of length 10
[2026-06-06 09:32:01,194 WARN  L753                IsEmpty]: Correctness of emptinessCheck not tested.
[2026-06-06 09:32:01,194 INFO  L79                 Accepts]: Start accepts. Automaton has 7 states and 8 transitions. Word has length 9
[2026-06-06 09:32:01,194 INFO  L85                 Accepts]: Finished accepts. word is accepted.
[2026-06-06 09:32:01,194 INFO  L757                IsEmpty]: Finished testing correctness of emptinessCheck
[2026-06-06 09:32:01,194 INFO  L290                IsEmpty]: Start isEmptyParallel. Operand 7 states and 8 transitions.
[2026-06-06 09:32:01,194 INFO  L300                IsEmpty]: Finished isEmptyParallel. No accepting run.
[2026-06-06 09:32:01,194 INFO  L156        IsEmptyParallel]: Start isEmptyParallel. Operand 7 states and 8 transitions.
[2026-06-06 09:32:01,194 INFO  L182       IsEmptyHeuristic]: Start isEmptyHeuristic. Operand 7 states and 8 transitions.
[2026-06-06 09:32:01,194 INFO  L256         TraceCheckSpWp]: Trace formula consists of 45 conjuncts, 17 conjuncts are in the unsatisfiable core
[2026-06-06 09:32:01,194 INFO  L188       IsEmptyHeuristic]: Finished isEmptyHeuristic. Found accepting run of length 14
[2026-06-06 09:32:01,194 INFO  L163        IsEmptyParallel]: Finished isEmptyParallel. Found accepting run of length 14
[2026-06-06 09:32:01,194 WARN  L753                IsEmpty]: Correctness of emptinessCheck not tested.
[2026-06-06 09:32:01,194 INFO  L79                 Accepts]: Start accepts. Automaton has 7 states and 8 transitions. Word has length 13
[2026-06-06 09:32:01,194 INFO  L85                 Accepts]: Finished accepts. word is accepted.
[2026-06-06 09:32:01,194 INFO  L757                IsEmpty]: Finished testing correctness of emptinessCheck
[2026-06-06 09:32:01,195 INFO  L290                IsEmpty]: Start isEmptyParallel. Operand 7 states and 8 transitions.
[2026-06-06 09:32:01,195 INFO  L300                IsEmpty]: Finished isEmptyParallel. No accepting run.
[2026-06-06 09:32:01,195 INFO  L156        IsEmptyParallel]: Start isEmptyParallel. Operand 7 states and 8 transitions.
[2026-06-06 09:32:01,195 INFO  L182       IsEmptyHeuristic]: Start isEmptyHeuristic. Operand 7 states and 8 transitions.
[2026-06-06 09:32:01,195 INFO  L188       IsEmptyHeuristic]: Finished isEmptyHeuristic. Found accepting run of length 11
[2026-06-06 09:32:01,195 INFO  L163        IsEmptyParallel]: Finished isEmptyParallel. Found accepting run of length 11
[2026-06-06 09:32:01,195 WARN  L753                IsEmpty]: Correctness of emptinessCheck not tested.
[2026-06-06 09:32:01,195 INFO  L79                 Accepts]: Start accepts. Automaton has 7 states and 8 transitions. Word has length 10
[2026-06-06 09:32:01,195 INFO  L85                 Accepts]: Finished accepts. word is accepted.
[2026-06-06 09:32:01,195 INFO  L757                IsEmpty]: Finished testing correctness of emptinessCheck
[2026-06-06 09:32:01,195 INFO  L290                IsEmpty]: Start isEmptyParallel. Operand 7 states and 8 transitions.
[2026-06-06 09:32:01,195 INFO  L300                IsEmpty]: Finished isEmptyParallel. No accepting run.
[2026-06-06 09:32:01,195 INFO  L156        IsEmptyParallel]: Start isEmptyParallel. Operand 7 states and 8 transitions.
[2026-06-06 09:32:01,195 INFO  L182       IsEmptyHeuristic]: Start isEmptyHeuristic. Operand 7 states and 8 transitions.
[2026-06-06 09:32:01,195 INFO  L279         TraceCheckSpWp]: Computing forward predicates...
[2026-06-06 09:32:01,195 INFO  L188       IsEmptyHeuristic]: Finished isEmptyHeuristic. Found accepting run of length 17
[2026-06-06 09:32:01,195 INFO  L163        IsEmptyParallel]: Finished isEmptyParallel. Found accepting run of length 17
[2026-06-06 09:32:01,195 WARN  L753                IsEmpty]: Correctness of emptinessCheck not tested.
[2026-06-06 09:32:01,195 INFO  L79                 Accepts]: Start accepts. Automaton has 7 states and 8 transitions. Word has length 16
[2026-06-06 09:32:01,195 INFO  L85                 Accepts]: Finished accepts. word is accepted.
[2026-06-06 09:32:01,195 INFO  L757                IsEmpty]: Finished testing correctness of emptinessCheck
[2026-06-06 09:32:01,195 INFO  L290                IsEmpty]: Start isEmptyParallel. Operand 7 states and 8 transitions.
[2026-06-06 09:32:01,195 INFO  L300                IsEmpty]: Finished isEmptyParallel. No accepting run.
[2026-06-06 09:32:01,195 INFO  L156        IsEmptyParallel]: Start isEmptyParallel. Operand 7 states and 8 transitions.
[2026-06-06 09:32:01,195 INFO  L182       IsEmptyHeuristic]: Start isEmptyHeuristic. Operand 7 states and 8 transitions.
[2026-06-06 09:32:01,195 INFO  L188       IsEmptyHeuristic]: Finished isEmptyHeuristic. Found accepting run of length 10
[2026-06-06 09:32:01,196 INFO  L163        IsEmptyParallel]: Finished isEmptyParallel. Found accepting run of length 10
[2026-06-06 09:32:01,196 WARN  L753                IsEmpty]: Correctness of emptinessCheck not tested.
[2026-06-06 09:32:01,196 INFO  L79                 Accepts]: Start accepts. Automaton has 7 states and 8 transitions. Word has length 9
[2026-06-06 09:32:01,196 INFO  L85                 Accepts]: Finished accepts. word is accepted.
[2026-06-06 09:32:01,196 INFO  L757                IsEmpty]: Finished testing correctness of emptinessCheck
[2026-06-06 09:32:01,196 INFO  L290                IsEmpty]: Start isEmptyParallel. Operand 7 states and 8 transitions.
[2026-06-06 09:32:01,196 INFO  L300                IsEmpty]: Finished isEmptyParallel. No accepting run.
[2026-06-06 09:32:01,196 INFO  L156        IsEmptyParallel]: Start isEmptyParallel. Operand 7 states and 8 transitions.
[2026-06-06 09:32:01,196 INFO  L182       IsEmptyHeuristic]: Start isEmptyHeuristic. Operand 7 states and 8 transitions.
[2026-06-06 09:32:01,196 INFO  L188       IsEmptyHeuristic]: Finished isEmptyHeuristic. Found accepting run of length 16
[2026-06-06 09:32:01,196 INFO  L163        IsEmptyParallel]: Finished isEmptyParallel. Found accepting run of length 16
[2026-06-06 09:32:01,196 WARN  L753                IsEmpty]: Correctness of emptinessCheck not tested.
[2026-06-06 09:32:01,196 INFO  L79                 Accepts]: Start accepts. Automaton has 7 states and 8 transitions. Word has length 15
[2026-06-06 09:32:01,196 INFO  L85                 Accepts]: Finished accepts. word is accepted.
[2026-06-06 09:32:01,196 INFO  L757                IsEmpty]: Finished testing correctness of emptinessCheck
[2026-06-06 09:32:01,196 INFO  L290                IsEmpty]: Start isEmptyParallel. Operand 7 states and 8 transitions.
[2026-06-06 09:32:01,196 INFO  L300                IsEmpty]: Finished isEmptyParallel. No accepting run.
[2026-06-06 09:32:01,196 INFO  L156        IsEmptyParallel]: Start isEmptyParallel. Operand 7 states and 8 transitions.
[2026-06-06 09:32:01,196 INFO  L182       IsEmptyHeuristic]: Start isEmptyHeuristic. Operand 7 states and 8 transitions.
[2026-06-06 09:32:01,196 INFO  L188       IsEmptyHeuristic]: Finished isEmptyHeuristic. Found accepting run of length 14
[2026-06-06 09:32:01,196 INFO  L163        IsEmptyParallel]: Finished isEmptyParallel. Found accepting run of length 14
[2026-06-06 09:32:01,196 WARN  L753                IsEmpty]: Correctness of emptinessCheck not tested.
[2026-06-06 09:32:01,196 INFO  L79                 Accepts]: Start accepts. Automaton has 7 states and 8 transitions. Word has length 13
[2026-06-06 09:32:01,196 INFO  L85                 Accepts]: Finished accepts. word is accepted.
[2026-06-06 09:32:01,196 INFO  L757                IsEmpty]: Finished testing correctness of emptinessCheck
[2026-06-06 09:32:01,196 INFO  L290                IsEmpty]: Start isEmptyParallel. Operand 7 states and 8 transitions.
[2026-06-06 09:32:01,196 INFO  L300                IsEmpty]: Finished isEmptyParallel. No accepting run.
[2026-06-06 09:32:01,196 INFO  L156        IsEmptyParallel]: Start isEmptyParallel. Operand 7 states and 8 transitions.
[2026-06-06 09:32:01,196 INFO  L182       IsEmptyHeuristic]: Start isEmptyHeuristic. Operand 7 states and 8 transitions.
[2026-06-06 09:32:01,196 INFO  L188       IsEmptyHeuristic]: Finished isEmptyHeuristic. Found accepting run of length 19
[2026-06-06 09:32:01,196 INFO  L163        IsEmptyParallel]: Finished isEmptyParallel. Found accepting run of length 19
[2026-06-06 09:32:01,196 WARN  L753                IsEmpty]: Correctness of emptinessCheck not tested.
[2026-06-06 09:32:01,196 INFO  L79                 Accepts]: Start accepts. Automaton has 7 states and 8 transitions. Word has length 18
[2026-06-06 09:32:01,196 INFO  L85                 Accepts]: Finished accepts. word is accepted.
[2026-06-06 09:32:01,196 INFO  L757                IsEmpty]: Finished testing correctness of emptinessCheck
[2026-06-06 09:32:01,197 INFO  L290                IsEmpty]: Start isEmptyParallel. Operand 7 states and 8 transitions.
[2026-06-06 09:32:01,197 INFO  L300                IsEmpty]: Finished isEmptyParallel. No accepting run.
[2026-06-06 09:32:01,197 INFO  L156        IsEmptyParallel]: Start isEmptyParallel. Operand 7 states and 8 transitions.
[2026-06-06 09:32:01,197 INFO  L182       IsEmptyHeuristic]: Start isEmptyHeuristic. Operand 7 states and 8 transitions.
[2026-06-06 09:32:01,197 INFO  L188       IsEmptyHeuristic]: Finished isEmptyHeuristic. Found accepting run of length 12
[2026-06-06 09:32:01,197 INFO  L163        IsEmptyParallel]: Finished isEmptyParallel. Found accepting run of length 12
[2026-06-06 09:32:01,197 WARN  L753                IsEmpty]: Correctness of emptinessCheck not tested.
[2026-06-06 09:32:01,197 INFO  L79                 Accepts]: Start accepts. Automaton has 7 states and 8 transitions. Word has length 11
[2026-06-06 09:32:01,197 INFO  L85                 Accepts]: Finished accepts. word is accepted.
[2026-06-06 09:32:01,197 INFO  L757                IsEmpty]: Finished testing correctness of emptinessCheck
[2026-06-06 09:32:01,197 INFO  L290                IsEmpty]: Start isEmptyParallel. Operand 7 states and 8 transitions.
[2026-06-06 09:32:01,197 INFO  L300                IsEmpty]: Finished isEmptyParallel. No accepting run.
[2026-06-06 09:32:01,197 INFO  L156        IsEmptyParallel]: Start isEmptyParallel. Operand 7 states and 8 transitions.
[2026-06-06 09:32:01,197 INFO  L182       IsEmptyHeuristic]: Start isEmptyHeuristic. Operand 7 states and 8 transitions.
[2026-06-06 09:32:01,197 INFO  L188       IsEmptyHeuristic]: Finished isEmptyHeuristic. Found accepting run of length 18
[2026-06-06 09:32:01,197 INFO  L163        IsEmptyParallel]: Finished isEmptyParallel. Found accepting run of length 18
[2026-06-06 09:32:01,197 WARN  L753                IsEmpty]: Correctness of emptinessCheck not tested.
[2026-06-06 09:32:01,197 INFO  L79                 Accepts]: Start accepts. Automaton has 7 states and 8 transitions. Word has length 17
[2026-06-06 09:32:01,197 INFO  L85                 Accepts]: Finished accepts. word is accepted.
[2026-06-06 09:32:01,197 INFO  L757                IsEmpty]: Finished testing correctness of emptinessCheck
[2026-06-06 09:32:01,197 INFO  L290                IsEmpty]: Start isEmptyParallel. Operand 7 states and 8 transitions.
[2026-06-06 09:32:01,197 INFO  L300                IsEmpty]: Finished isEmptyParallel. No accepting run.
[2026-06-06 09:32:01,197 INFO  L156        IsEmptyParallel]: Start isEmptyParallel. Operand 7 states and 8 transitions.
[2026-06-06 09:32:01,197 INFO  L182       IsEmptyHeuristic]: Start isEmptyHeuristic. Operand 7 states and 8 transitions.
[2026-06-06 09:32:01,197 INFO  L188       IsEmptyHeuristic]: Finished isEmptyHeuristic. Found accepting run of length 13
[2026-06-06 09:32:01,197 INFO  L163        IsEmptyParallel]: Finished isEmptyParallel. Found accepting run of length 13
[2026-06-06 09:32:01,197 WARN  L753                IsEmpty]: Correctness of emptinessCheck not tested.
[2026-06-06 09:32:01,197 INFO  L79                 Accepts]: Start accepts. Automaton has 7 states and 8 transitions. Word has length 12
[2026-06-06 09:32:01,198 INFO  L85                 Accepts]: Finished accepts. word is accepted.
[2026-06-06 09:32:01,198 INFO  L757                IsEmpty]: Finished testing correctness of emptinessCheck
[2026-06-06 09:32:01,198 INFO  L290                IsEmpty]: Start isEmptyParallel. Operand 7 states and 8 transitions.
[2026-06-06 09:32:01,198 INFO  L300                IsEmpty]: Finished isEmptyParallel. No accepting run.
[2026-06-06 09:32:01,198 INFO  L156        IsEmptyParallel]: Start isEmptyParallel. Operand 7 states and 8 transitions.
[2026-06-06 09:32:01,198 INFO  L182       IsEmptyHeuristic]: Start isEmptyHeuristic. Operand 7 states and 8 transitions.
[2026-06-06 09:32:01,198 INFO  L188       IsEmptyHeuristic]: Finished isEmptyHeuristic. Found accepting run of length 21
[2026-06-06 09:32:01,198 INFO  L163        IsEmptyParallel]: Finished isEmptyParallel. Found accepting run of length 21
[2026-06-06 09:32:01,198 WARN  L753                IsEmpty]: Correctness of emptinessCheck not tested.
[2026-06-06 09:32:01,198 INFO  L79                 Accepts]: Start accepts. Automaton has 7 states and 8 transitions. Word has length 20
[2026-06-06 09:32:01,198 INFO  L85                 Accepts]: Finished accepts. word is accepted.
[2026-06-06 09:32:01,198 INFO  L757                IsEmpty]: Finished testing correctness of emptinessCheck
[2026-06-06 09:32:01,198 INFO  L290                IsEmpty]: Start isEmptyParallel. Operand 7 states and 8 transitions.
[2026-06-06 09:32:01,198 INFO  L300                IsEmpty]: Finished isEmptyParallel. No accepting run.
[2026-06-06 09:32:01,198 INFO  L156        IsEmptyParallel]: Start isEmptyParallel. Operand 7 states and 8 transitions.
[2026-06-06 09:32:01,198 INFO  L182       IsEmptyHeuristic]: Start isEmptyHeuristic. Operand 7 states and 8 transitions.
[2026-06-06 09:32:01,198 INFO  L188       IsEmptyHeuristic]: Finished isEmptyHeuristic. Found accepting run of length 13
[2026-06-06 09:32:01,198 INFO  L163        IsEmptyParallel]: Finished isEmptyParallel. Found accepting run of length 13
[2026-06-06 09:32:01,198 WARN  L753                IsEmpty]: Correctness of emptinessCheck not tested.
[2026-06-06 09:32:01,198 INFO  L79                 Accepts]: Start accepts. Automaton has 7 states and 8 transitions. Word has length 12
[2026-06-06 09:32:01,198 INFO  L85                 Accepts]: Finished accepts. word is accepted.
[2026-06-06 09:32:01,198 INFO  L757                IsEmpty]: Finished testing correctness of emptinessCheck
[2026-06-06 09:32:01,198 INFO  L290                IsEmpty]: Start isEmptyParallel. Operand 7 states and 8 transitions.
[2026-06-06 09:32:01,198 INFO  L300                IsEmpty]: Finished isEmptyParallel. No accepting run.
[2026-06-06 09:32:01,198 INFO  L156        IsEmptyParallel]: Start isEmptyParallel. Operand 7 states and 8 transitions.
[2026-06-06 09:32:01,198 INFO  L182       IsEmptyHeuristic]: Start isEmptyHeuristic. Operand 7 states and 8 transitions.
[2026-06-06 09:32:01,198 INFO  L188       IsEmptyHeuristic]: Finished isEmptyHeuristic. Found accepting run of length 20
[2026-06-06 09:32:01,198 INFO  L163        IsEmptyParallel]: Finished isEmptyParallel. Found accepting run of length 20
[2026-06-06 09:32:01,198 WARN  L753                IsEmpty]: Correctness of emptinessCheck not tested.
[2026-06-06 09:32:01,198 INFO  L79                 Accepts]: Start accepts. Automaton has 7 states and 8 transitions. Word has length 19
[2026-06-06 09:32:01,198 INFO  L85                 Accepts]: Finished accepts. word is accepted.
[2026-06-06 09:32:01,198 INFO  L757                IsEmpty]: Finished testing correctness of emptinessCheck
[2026-06-06 09:32:01,200 INFO  L86        PathProgramCache]: Analyzing trace with hash 1949841836, now seen corresponding path program 2 times
[2026-06-06 09:32:01,200 INFO  L614   ParallelNwaCegarLoop]: Main: Starting Thread
[2026-06-06 09:32:01,200 INFO  L86        PathProgramCache]: Analyzing trace with hash 317135509, now seen corresponding path program 3 times
[2026-06-06 09:32:01,200 INFO  L614   ParallelNwaCegarLoop]: Main: Starting Thread
[2026-06-06 09:32:01,200 INFO  L86        PathProgramCache]: Analyzing trace with hash -124870283, now seen corresponding path program 4 times
[2026-06-06 09:32:01,200 INFO  L614   ParallelNwaCegarLoop]: Main: Starting Thread
[2026-06-06 09:32:01,200 INFO  L209   CegarNwaWorkerThread]: Starting Thread: 107# for Trace Check: 1949841836
[2026-06-06 09:32:01,200 INFO  L209   CegarNwaWorkerThread]: Starting Thread: 95# for Trace Check: 375043724
[2026-06-06 09:32:01,200 INFO  L209   CegarNwaWorkerThread]: Starting Thread: 101# for Trace Check: -124870283
[2026-06-06 09:32:01,200 INFO  L86        PathProgramCache]: Analyzing trace with hash 375043724, now seen corresponding path program 5 times
[2026-06-06 09:32:01,200 INFO  L614   ParallelNwaCegarLoop]: Main: Starting Thread
[2026-06-06 09:32:01,200 INFO  L209   CegarNwaWorkerThread]: Starting Thread: 125# for Trace Check: 317135509
[2026-06-06 09:32:01,200 INFO  L86        PathProgramCache]: Analyzing trace with hash 1948262913, now seen corresponding path program 6 times
[2026-06-06 09:32:01,200 INFO  L614   ParallelNwaCegarLoop]: Main: Starting Thread
[2026-06-06 09:32:01,200 INFO  L86        PathProgramCache]: Analyzing trace with hash 266609973, now seen corresponding path program 7 times
[2026-06-06 09:32:01,200 INFO  L614   ParallelNwaCegarLoop]: Main: Starting Thread
[2026-06-06 09:32:01,200 INFO  L86        PathProgramCache]: Analyzing trace with hash 315556586, now seen corresponding path program 8 times
[2026-06-06 09:32:01,200 INFO  L614   ParallelNwaCegarLoop]: Main: Starting Thread
[2026-06-06 09:32:01,200 INFO  L209   CegarNwaWorkerThread]: Starting Thread: 113# for Trace Check: 1948262913
[2026-06-06 09:32:01,200 INFO  L283   ParallelNwaCegarLoop]: === Iteration 3 ===
[2026-06-06 09:32:01,200 INFO  L631   ParallelNwaCegarLoop]: All threads busy, going to sleep.
[2026-06-06 09:32:01,200 INFO  L156       PredicateUnifier]: Initialized classic predicate unifier
[2026-06-06 09:32:01,200 INFO  L209   CegarNwaWorkerThread]: Starting Thread: 80# for Trace Check: 266609973
[2026-06-06 09:32:01,200 INFO  L156       PredicateUnifier]: Initialized classic predicate unifier
[2026-06-06 09:32:01,200 INFO  L86        PathProgramCache]: Analyzing trace with hash 1949841836, now seen corresponding path program 3 times
[2026-06-06 09:32:01,200 INFO  L156       PredicateUnifier]: Initialized classic predicate unifier
[2026-06-06 09:32:01,200 INFO  L156       PredicateUnifier]: Initialized classic predicate unifier
[2026-06-06 09:32:01,200 INFO  L156       PredicateUnifier]: Initialized classic predicate unifier
[2026-06-06 09:32:01,200 INFO  L209   CegarNwaWorkerThread]: Starting Thread: 86# for Trace Check: 315556586
[2026-06-06 09:32:01,201 INFO  L86        PathProgramCache]: Analyzing trace with hash -124870283, now seen corresponding path program 5 times
[2026-06-06 09:32:01,201 INFO  L156       PredicateUnifier]: Initialized classic predicate unifier
[2026-06-06 09:32:01,201 INFO  L86        PathProgramCache]: Analyzing trace with hash 375043724, now seen corresponding path program 5 times
[2026-06-06 09:32:01,201 INFO  L118   FreeRefinementEngine]: Executing refinement strategy CAMEL
[2026-06-06 09:32:01,200 INFO  L86        PathProgramCache]: Analyzing trace with hash 317135509, now seen corresponding path program 4 times
[2026-06-06 09:32:01,200 INFO  L86        PathProgramCache]: Analyzing trace with hash 1948262913, now seen corresponding path program 8 times
[2026-06-06 09:32:01,201 INFO  L324   FreeRefinementEngine]: Using trace check IpTcStrategyModuleSmtInterpolCraig [56611879]
[2026-06-06 09:32:01,201 INFO  L118   FreeRefinementEngine]: Executing refinement strategy CAMEL
[2026-06-06 09:32:01,201 INFO  L86        PathProgramCache]: Analyzing trace with hash 266609973, now seen corresponding path program 8 times
[2026-06-06 09:32:01,201 INFO  L118   FreeRefinementEngine]: Executing refinement strategy CAMEL
[2026-06-06 09:32:01,201 INFO  L324   FreeRefinementEngine]: Using trace check IpTcStrategyModuleSmtInterpolCraig [464016988]
[2026-06-06 09:32:01,201 INFO  L156       PredicateUnifier]: Initialized classic predicate unifier
[2026-06-06 09:32:01,201 INFO  L95    rtionOrderModulation]: Changing assertion order to OUTSIDE_LOOP_FIRST2
[2026-06-06 09:32:01,201 INFO  L118   FreeRefinementEngine]: Executing refinement strategy CAMEL
[2026-06-06 09:32:01,201 INFO  L118   FreeRefinementEngine]: Executing refinement strategy CAMEL
[2026-06-06 09:32:01,201 INFO  L324   FreeRefinementEngine]: Using trace check IpTcStrategyModuleSmtInterpolCraig [956947197]
[2026-06-06 09:32:01,201 INFO  L127          SolverBuilder]: Constructing new instance of SMTInterpol with explicit timeout -1 ms and remaining time -1 ms
[2026-06-06 09:32:01,201 INFO  L86        PathProgramCache]: Analyzing trace with hash 315556586, now seen corresponding path program 8 times
[2026-06-06 09:32:01,201 INFO  L95    rtionOrderModulation]: Changing assertion order to INSIDE_LOOP_FIRST1
[2026-06-06 09:32:01,201 INFO  L118   FreeRefinementEngine]: Executing refinement strategy CAMEL
[2026-06-06 09:32:01,201 INFO  L324   FreeRefinementEngine]: Using trace check IpTcStrategyModuleSmtInterpolCraig [1205459336]
[2026-06-06 09:32:01,201 INFO  L324   FreeRefinementEngine]: Using trace check IpTcStrategyModuleSmtInterpolCraig [1694348954]
[2026-06-06 09:32:01,201 INFO  L127          SolverBuilder]: Constructing new instance of SMTInterpol with explicit timeout -1 ms and remaining time -1 ms
[2026-06-06 09:32:01,201 INFO  L118   FreeRefinementEngine]: Executing refinement strategy CAMEL
[2026-06-06 09:32:01,201 INFO  L95    rtionOrderModulation]: Changing assertion order to OUTSIDE_LOOP_FIRST1
[2026-06-06 09:32:01,201 INFO  L324   FreeRefinementEngine]: Using trace check IpTcStrategyModuleSmtInterpolCraig [2050847110]
[2026-06-06 09:32:01,201 INFO  L127          SolverBuilder]: Constructing new instance of SMTInterpol with explicit timeout -1 ms and remaining time -1 ms
[2026-06-06 09:32:01,201 INFO  L324   FreeRefinementEngine]: Using trace check IpTcStrategyModuleSmtInterpolCraig [1169355242]
[2026-06-06 09:32:01,201 INFO  L95    rtionOrderModulation]: Changing assertion order to OUTSIDE_LOOP_FIRST1
[2026-06-06 09:32:01,201 INFO  L95    rtionOrderModulation]: Changing assertion order to INSIDE_LOOP_FIRST1
[2026-06-06 09:32:01,201 INFO  L95    rtionOrderModulation]: Changing assertion order to OUTSIDE_LOOP_FIRST1
[2026-06-06 09:32:01,201 INFO  L95    rtionOrderModulation]: Changing assertion order to TERMS_WITH_SMALL_CONSTANTS_FIRST
[2026-06-06 09:32:01,201 INFO  L127          SolverBuilder]: Constructing new instance of SMTInterpol with explicit timeout -1 ms and remaining time -1 ms
[2026-06-06 09:32:01,201 INFO  L127          SolverBuilder]: Constructing new instance of SMTInterpol with explicit timeout -1 ms and remaining time -1 ms
[2026-06-06 09:32:01,201 INFO  L127          SolverBuilder]: Constructing new instance of SMTInterpol with explicit timeout -1 ms and remaining time -1 ms
[2026-06-06 09:32:01,202 INFO  L127          SolverBuilder]: Constructing new instance of SMTInterpol with explicit timeout -1 ms and remaining time -1 ms
[2026-06-06 09:32:01,206 INFO  L108    AnnotateAndAsserter]: Assert order OUTSIDE_LOOP_FIRST1 partitioned 8 statements into 2 equivalence classes.
[2026-06-06 09:32:01,206 INFO  L108    AnnotateAndAsserter]: Assert order OUTSIDE_LOOP_FIRST1 partitioned 8 statements into 2 equivalence classes.
[2026-06-06 09:32:01,207 INFO  L108    AnnotateAndAsserter]: Assert order OUTSIDE_LOOP_FIRST1 partitioned 7 statements into 2 equivalence classes.
[2026-06-06 09:32:01,207 INFO  L108    AnnotateAndAsserter]: Assert order OUTSIDE_LOOP_FIRST2 partitioned 7 statements into 2 equivalence classes.
[2026-06-06 09:32:01,207 INFO  L108    AnnotateAndAsserter]: Assert order TERMS_WITH_SMALL_CONSTANTS_FIRST partitioned 8 statements into 2 equivalence classes.
[2026-06-06 09:32:01,208 INFO  L108    AnnotateAndAsserter]: Assert order INSIDE_LOOP_FIRST1 partitioned 10 statements into 4 equivalence classes.
[2026-06-06 09:32:01,208 INFO  L108    AnnotateAndAsserter]: Assert order INSIDE_LOOP_FIRST1 partitioned 11 statements into 3 equivalence classes.
[2026-06-06 09:32:01,210 INFO  L111    AnnotateAndAsserter]: Assert order TERMS_WITH_SMALL_CONSTANTS_FIRST issued 1 check-sat command(s) and asserted 4 of 8 statements.
[2026-06-06 09:32:01,210 INFO  L114    AnnotateAndAsserter]: Assert order TERMS_WITH_SMALL_CONSTANTS_FIRST issued 1 check-sat command(s)
[2026-06-06 09:32:01,210 INFO  L115    AnnotateAndAsserter]: Conjunction of SSA is unsat
[2026-06-06 09:32:01,211 INFO  L111    AnnotateAndAsserter]: Assert order OUTSIDE_LOOP_FIRST1 issued 2 check-sat command(s) and asserted 7 of 7 statements.
[2026-06-06 09:32:01,211 INFO  L114    AnnotateAndAsserter]: Assert order OUTSIDE_LOOP_FIRST1 issued 2 check-sat command(s)
[2026-06-06 09:32:01,211 INFO  L115    AnnotateAndAsserter]: Conjunction of SSA is unsat
[2026-06-06 09:32:01,212 INFO  L111    AnnotateAndAsserter]: Assert order OUTSIDE_LOOP_FIRST2 issued 2 check-sat command(s) and asserted 7 of 7 statements.
[2026-06-06 09:32:01,212 INFO  L114    AnnotateAndAsserter]: Assert order OUTSIDE_LOOP_FIRST2 issued 2 check-sat command(s)
[2026-06-06 09:32:01,212 INFO  L115    AnnotateAndAsserter]: Conjunction of SSA is unsat
[2026-06-06 09:32:01,212 INFO  L111    AnnotateAndAsserter]: Assert order OUTSIDE_LOOP_FIRST1 issued 2 check-sat command(s) and asserted 8 of 8 statements.
[2026-06-06 09:32:01,212 INFO  L114    AnnotateAndAsserter]: Assert order OUTSIDE_LOOP_FIRST1 issued 2 check-sat command(s)
[2026-06-06 09:32:01,212 INFO  L115    AnnotateAndAsserter]: Conjunction of SSA is unsat
[2026-06-06 09:32:01,212 INFO  L111    AnnotateAndAsserter]: Assert order OUTSIDE_LOOP_FIRST1 issued 2 check-sat command(s) and asserted 8 of 8 statements.
[2026-06-06 09:32:01,212 INFO  L114    AnnotateAndAsserter]: Assert order OUTSIDE_LOOP_FIRST1 issued 2 check-sat command(s)
[2026-06-06 09:32:01,212 INFO  L115    AnnotateAndAsserter]: Conjunction of SSA is unsat
[2026-06-06 09:32:01,215 INFO  L111    AnnotateAndAsserter]: Assert order INSIDE_LOOP_FIRST1 issued 4 check-sat command(s) and asserted 10 of 10 statements.
[2026-06-06 09:32:01,215 INFO  L114    AnnotateAndAsserter]: Assert order INSIDE_LOOP_FIRST1 issued 4 check-sat command(s)
[2026-06-06 09:32:01,215 INFO  L115    AnnotateAndAsserter]: Conjunction of SSA is unsat
[2026-06-06 09:32:01,217 INFO  L111    AnnotateAndAsserter]: Assert order INSIDE_LOOP_FIRST1 issued 3 check-sat command(s) and asserted 11 of 11 statements.
[2026-06-06 09:32:01,217 INFO  L114    AnnotateAndAsserter]: Assert order INSIDE_LOOP_FIRST1 issued 3 check-sat command(s)
[2026-06-06 09:32:01,217 INFO  L115    AnnotateAndAsserter]: Conjunction of SSA is unsat
[2026-06-06 09:32:01,217 INFO  L354             Elim1Store]: Elim1 eliminated variable of array dimension 1, 1 stores, 0 select indices, 0 select index equivalence classes, 0 disjoint index pairs (out of 0 index pairs), introduced 0 new quantified variables, introduced 0 case distinctions, treesize of input 8 treesize of output 7
[2026-06-06 09:32:01,225 INFO  L134       CoverageAnalysis]: Checked inductivity of 2 backedges. 0 proven. 2 refuted. 0 times theorem prover too weak. 0 trivial. 0 not checked.
[2026-06-06 09:32:01,225 INFO  L312         TraceCheckSpWp]: Computing backward predicates...
[2026-06-06 09:32:01,234 INFO  L134       CoverageAnalysis]: Checked inductivity of 4 backedges. 3 proven. 1 refuted. 0 times theorem prover too weak. 0 trivial. 0 not checked.
[2026-06-06 09:32:01,234 INFO  L136   FreeRefinementEngine]: Strategy CAMEL found an infeasible trace
[2026-06-06 09:32:01,234 INFO  L324   FreeRefinementEngine]: Using interpolant generator IpTcStrategyModuleSmtInterpolCraig [956947197]
[2026-06-06 09:32:01,234 INFO  L158   FreeRefinementEngine]: IpTcStrategyModuleSmtInterpolCraig [956947197] provided 0 perfect and 1 imperfect interpolant sequences
[2026-06-06 09:32:01,234 INFO  L324   FreeRefinementEngine]: Using interpolant generator IpTcStrategyModuleZ3 [941393201]
[2026-06-06 09:32:01,234 INFO  L95    rtionOrderModulation]: Changing assertion order to OUTSIDE_LOOP_FIRST1
[2026-06-06 09:32:01,234 INFO  L173          SolverBuilder]: Constructing external solver with command: z3 -smt2 -in SMTLIB2_COMPLIANT=true
[2026-06-06 09:32:01,236 INFO  L189       MonitoredProcess]: No working directory specified, using /usr/bin/z3
[2026-06-06 09:32:01,237 INFO  L134       CoverageAnalysis]: Checked inductivity of 7 backedges. 5 proven. 1 refuted. 0 times theorem prover too weak. 1 trivial. 0 not checked.
[2026-06-06 09:32:01,237 INFO  L136   FreeRefinementEngine]: Strategy CAMEL found an infeasible trace
[2026-06-06 09:32:01,237 INFO  L324   FreeRefinementEngine]: Using interpolant generator IpTcStrategyModuleSmtInterpolCraig [1694348954]
[2026-06-06 09:32:01,237 INFO  L158   FreeRefinementEngine]: IpTcStrategyModuleSmtInterpolCraig [1694348954] provided 0 perfect and 1 imperfect interpolant sequences
[2026-06-06 09:32:01,237 INFO  L324   FreeRefinementEngine]: Using interpolant generator IpTcStrategyModuleZ3 [665997062]
[2026-06-06 09:32:01,237 INFO  L95    rtionOrderModulation]: Changing assertion order to OUTSIDE_LOOP_FIRST1
[2026-06-06 09:32:01,237 INFO  L173          SolverBuilder]: Constructing external solver with command: z3 -smt2 -in SMTLIB2_COMPLIANT=true
[2026-06-06 09:32:01,237 INFO  L229       MonitoredProcess]: Starting monitored process 12 with /usr/bin/z3 -smt2 -in SMTLIB2_COMPLIANT=true (exit command is (exit), workingDir is null)
[2026-06-06 09:32:01,238 INFO  L327       MonitoredProcess]: [MP /usr/bin/z3 -smt2 -in SMTLIB2_COMPLIANT=true (12)] Waiting until timeout for monitored process
[2026-06-06 09:32:01,240 INFO  L189       MonitoredProcess]: No working directory specified, using /usr/bin/z3
[2026-06-06 09:32:01,241 INFO  L229       MonitoredProcess]: Starting monitored process 13 with /usr/bin/z3 -smt2 -in SMTLIB2_COMPLIANT=true (exit command is (exit), workingDir is null)
[2026-06-06 09:32:01,242 INFO  L327       MonitoredProcess]: [MP /usr/bin/z3 -smt2 -in SMTLIB2_COMPLIANT=true (13)] Waiting until timeout for monitored process
[2026-06-06 09:32:01,244 INFO  L134       CoverageAnalysis]: Checked inductivity of 4 backedges. 1 proven. 3 refuted. 0 times theorem prover too weak. 0 trivial. 0 not checked.
[2026-06-06 09:32:01,244 INFO  L354             Elim1Store]: Elim1 eliminated variable of array dimension 1, 0 stores, 1 select indices, 1 select index equivalence classes, 0 disjoint index pairs (out of 0 index pairs), introduced 1 new quantified variables, introduced 0 case distinctions, treesize of input 22 treesize of output 18
[2026-06-06 09:32:01,244 INFO  L136   FreeRefinementEngine]: Strategy CAMEL found an infeasible trace
[2026-06-06 09:32:01,244 INFO  L324   FreeRefinementEngine]: Using interpolant generator IpTcStrategyModuleSmtInterpolCraig [56611879]
[2026-06-06 09:32:01,244 INFO  L158   FreeRefinementEngine]: IpTcStrategyModuleSmtInterpolCraig [56611879] provided 0 perfect and 1 imperfect interpolant sequences
[2026-06-06 09:32:01,244 INFO  L324   FreeRefinementEngine]: Using interpolant generator IpTcStrategyModuleZ3 [159204474]
[2026-06-06 09:32:01,244 INFO  L95    rtionOrderModulation]: Changing assertion order to OUTSIDE_LOOP_FIRST2
[2026-06-06 09:32:01,244 INFO  L173          SolverBuilder]: Constructing external solver with command: z3 -smt2 -in SMTLIB2_COMPLIANT=true
[2026-06-06 09:32:01,246 INFO  L189       MonitoredProcess]: No working directory specified, using /usr/bin/z3
[2026-06-06 09:32:01,248 INFO  L229       MonitoredProcess]: Starting monitored process 14 with /usr/bin/z3 -smt2 -in SMTLIB2_COMPLIANT=true (exit command is (exit), workingDir is null)
[2026-06-06 09:32:01,249 INFO  L327       MonitoredProcess]: [MP /usr/bin/z3 -smt2 -in SMTLIB2_COMPLIANT=true (14)] Waiting until timeout for monitored process
[2026-06-06 09:32:01,256 INFO  L108    AnnotateAndAsserter]: Assert order OUTSIDE_LOOP_FIRST1 partitioned 7 statements into 2 equivalence classes.
[2026-06-06 09:32:01,258 INFO  L108    AnnotateAndAsserter]: Assert order OUTSIDE_LOOP_FIRST1 partitioned 8 statements into 2 equivalence classes.
[2026-06-06 09:32:01,261 INFO  L111    AnnotateAndAsserter]: Assert order OUTSIDE_LOOP_FIRST1 issued 2 check-sat command(s) and asserted 7 of 7 statements.
[2026-06-06 09:32:01,261 INFO  L114    AnnotateAndAsserter]: Assert order OUTSIDE_LOOP_FIRST1 issued 2 check-sat command(s)
[2026-06-06 09:32:01,261 INFO  L115    AnnotateAndAsserter]: Conjunction of SSA is unsat
[2026-06-06 09:32:01,262 INFO  L256         TraceCheckSpWp]: Trace formula consists of 53 conjuncts, 6 conjuncts are in the unsatisfiable core
[2026-06-06 09:32:01,263 INFO  L279         TraceCheckSpWp]: Computing forward predicates...
[2026-06-06 09:32:01,266 INFO  L111    AnnotateAndAsserter]: Assert order OUTSIDE_LOOP_FIRST1 issued 2 check-sat command(s) and asserted 8 of 8 statements.
[2026-06-06 09:32:01,266 INFO  L114    AnnotateAndAsserter]: Assert order OUTSIDE_LOOP_FIRST1 issued 2 check-sat command(s)
[2026-06-06 09:32:01,266 INFO  L115    AnnotateAndAsserter]: Conjunction of SSA is unsat
[2026-06-06 09:32:01,266 INFO  L256         TraceCheckSpWp]: Trace formula consists of 61 conjuncts, 6 conjuncts are in the unsatisfiable core
[2026-06-06 09:32:01,267 INFO  L279         TraceCheckSpWp]: Computing forward predicates...
[2026-06-06 09:32:01,267 INFO  L134       CoverageAnalysis]: Checked inductivity of 2 backedges. 0 proven. 2 refuted. 0 times theorem prover too weak. 0 trivial. 0 not checked.
[2026-06-06 09:32:01,268 INFO  L158   FreeRefinementEngine]: IpTcStrategyModuleZ3 [1624107988] provided 0 perfect and 2 imperfect interpolant sequences
[2026-06-06 09:32:01,268 INFO  L185   FreeRefinementEngine]: Found 0 perfect and 3 imperfect interpolant sequences.
[2026-06-06 09:32:01,268 INFO  L198   FreeRefinementEngine]: Number of different interpolants: perfect sequences [] imperfect sequences [5, 5, 5] total 8
[2026-06-06 09:32:01,268 INFO  L108    AnnotateAndAsserter]: Assert order OUTSIDE_LOOP_FIRST2 partitioned 7 statements into 2 equivalence classes.
[2026-06-06 09:32:01,268 INFO  L122   tionRefinementEngine]: Using interpolant automaton builder IpAbStrategyModuleStraightlineAll [420263125]
[2026-06-06 09:32:01,268 INFO  L85    oduleStraightlineAll]: Using 3 imperfect interpolants to construct interpolant automaton
[2026-06-06 09:32:01,274 INFO  L100   FreeRefinementEngine]: Using predicate unifier PredicateUnifier provided by strategy CAMEL
[2026-06-06 09:32:01,275 INFO  L144   InterpolantAutomaton]: Constructing interpolant automaton starting with 9 interpolants.
[2026-06-06 09:32:01,275 INFO  L146   InterpolantAutomaton]: CoverageRelationStatistics Valid=20, Invalid=52, Unknown=0, NotChecked=0, Total=72
[2026-06-06 09:32:01,275 INFO  L419   CegarNwaWorkerThread]: Difference in Worker for Generalization
[2026-06-06 09:32:01,275 INFO  L87              Difference]: Start difference. First operand  has 6 states, 4 states have (on average 1.75) internal successors, (7), 5 states have internal predecessors, (7), 0 states have call successors, (0), 0 states have call predecessors, (0), 0 states have return successors, (0), 0 states have call predecessors, (0), 0 states have call successors, (0) Second operand  has 9 states, 9 states have (on average 1.1111111111111112) internal successors, (10), 8 states have internal predecessors, (10), 0 states have call successors, (0), 0 states have call predecessors, (0), 0 states have return successors, (0), 0 states have call predecessors, (0), 0 states have call successors, (0)
[2026-06-06 09:32:01,275 INFO  L134       CoverageAnalysis]: Checked inductivity of 16 backedges. 10 proven. 6 refuted. 0 times theorem prover too weak. 0 trivial. 0 not checked.
[2026-06-06 09:32:01,275 INFO  L136   FreeRefinementEngine]: Strategy CAMEL found an infeasible trace
[2026-06-06 09:32:01,275 INFO  L324   FreeRefinementEngine]: Using interpolant generator IpTcStrategyModuleSmtInterpolCraig [1205459336]
[2026-06-06 09:32:01,276 INFO  L158   FreeRefinementEngine]: IpTcStrategyModuleSmtInterpolCraig [1205459336] provided 0 perfect and 1 imperfect interpolant sequences
[2026-06-06 09:32:01,276 INFO  L324   FreeRefinementEngine]: Using interpolant generator IpTcStrategyModuleZ3 [1001525778]
[2026-06-06 09:32:01,276 INFO  L95    rtionOrderModulation]: Changing assertion order to INSIDE_LOOP_FIRST1
[2026-06-06 09:32:01,276 INFO  L173          SolverBuilder]: Constructing external solver with command: z3 -smt2 -in SMTLIB2_COMPLIANT=true
[2026-06-06 09:32:01,277 INFO  L134       CoverageAnalysis]: Checked inductivity of 4 backedges. 3 proven. 1 refuted. 0 times theorem prover too weak. 0 trivial. 0 not checked.
[2026-06-06 09:32:01,277 INFO  L312         TraceCheckSpWp]: Computing backward predicates...
[2026-06-06 09:32:01,278 INFO  L189       MonitoredProcess]: No working directory specified, using /usr/bin/z3
[2026-06-06 09:32:01,279 INFO  L111    AnnotateAndAsserter]: Assert order OUTSIDE_LOOP_FIRST2 issued 2 check-sat command(s) and asserted 7 of 7 statements.
[2026-06-06 09:32:01,279 INFO  L114    AnnotateAndAsserter]: Assert order OUTSIDE_LOOP_FIRST2 issued 2 check-sat command(s)
[2026-06-06 09:32:01,279 INFO  L115    AnnotateAndAsserter]: Conjunction of SSA is unsat
[2026-06-06 09:32:01,279 INFO  L256         TraceCheckSpWp]: Trace formula consists of 53 conjuncts, 6 conjuncts are in the unsatisfiable core
[2026-06-06 09:32:01,280 INFO  L279         TraceCheckSpWp]: Computing forward predicates...
[2026-06-06 09:32:01,280 INFO  L229       MonitoredProcess]: Starting monitored process 15 with /usr/bin/z3 -smt2 -in SMTLIB2_COMPLIANT=true (exit command is (exit), workingDir is null)
[2026-06-06 09:32:01,280 INFO  L327       MonitoredProcess]: [MP /usr/bin/z3 -smt2 -in SMTLIB2_COMPLIANT=true (15)] Waiting until timeout for monitored process
[2026-06-06 09:32:01,281 INFO  L134       CoverageAnalysis]: Checked inductivity of 7 backedges. 0 proven. 1 refuted. 0 times theorem prover too weak. 6 trivial. 0 not checked.
[2026-06-06 09:32:01,281 INFO  L136   FreeRefinementEngine]: Strategy CAMEL found an infeasible trace
[2026-06-06 09:32:01,281 INFO  L324   FreeRefinementEngine]: Using interpolant generator IpTcStrategyModuleSmtInterpolCraig [2050847110]
[2026-06-06 09:32:01,281 INFO  L158   FreeRefinementEngine]: IpTcStrategyModuleSmtInterpolCraig [2050847110] provided 0 perfect and 1 imperfect interpolant sequences
[2026-06-06 09:32:01,281 INFO  L324   FreeRefinementEngine]: Using interpolant generator IpTcStrategyModuleZ3 [1715513649]
[2026-06-06 09:32:01,281 INFO  L95    rtionOrderModulation]: Changing assertion order to TERMS_WITH_SMALL_CONSTANTS_FIRST
[2026-06-06 09:32:01,281 INFO  L173          SolverBuilder]: Constructing external solver with command: z3 -smt2 -in SMTLIB2_COMPLIANT=true
[2026-06-06 09:32:01,282 INFO  L134       CoverageAnalysis]: Checked inductivity of 7 backedges. 5 proven. 1 refuted. 0 times theorem prover too weak. 1 trivial. 0 not checked.
[2026-06-06 09:32:01,282 INFO  L312         TraceCheckSpWp]: Computing backward predicates...
[2026-06-06 09:32:01,283 INFO  L134       CoverageAnalysis]: Checked inductivity of 16 backedges. 6 proven. 10 refuted. 0 times theorem prover too weak. 0 trivial. 0 not checked.
[2026-06-06 09:32:01,283 INFO  L136   FreeRefinementEngine]: Strategy CAMEL found an infeasible trace
[2026-06-06 09:32:01,283 INFO  L324   FreeRefinementEngine]: Using interpolant generator IpTcStrategyModuleSmtInterpolCraig [464016988]
[2026-06-06 09:32:01,283 INFO  L158   FreeRefinementEngine]: IpTcStrategyModuleSmtInterpolCraig [464016988] provided 0 perfect and 1 imperfect interpolant sequences
[2026-06-06 09:32:01,283 INFO  L324   FreeRefinementEngine]: Using interpolant generator IpTcStrategyModuleZ3 [681947379]
[2026-06-06 09:32:01,283 INFO  L95    rtionOrderModulation]: Changing assertion order to INSIDE_LOOP_FIRST1
[2026-06-06 09:32:01,283 INFO  L173          SolverBuilder]: Constructing external solver with command: z3 -smt2 -in SMTLIB2_COMPLIANT=true
[2026-06-06 09:32:01,284 INFO  L189       MonitoredProcess]: No working directory specified, using /usr/bin/z3
[2026-06-06 09:32:01,285 INFO  L229       MonitoredProcess]: Starting monitored process 16 with /usr/bin/z3 -smt2 -in SMTLIB2_COMPLIANT=true (exit command is (exit), workingDir is null)
[2026-06-06 09:32:01,286 INFO  L327       MonitoredProcess]: [MP /usr/bin/z3 -smt2 -in SMTLIB2_COMPLIANT=true (16)] Waiting until timeout for monitored process
[2026-06-06 09:32:01,286 INFO  L189       MonitoredProcess]: No working directory specified, using /usr/bin/z3
[2026-06-06 09:32:01,287 INFO  L229       MonitoredProcess]: Starting monitored process 17 with /usr/bin/z3 -smt2 -in SMTLIB2_COMPLIANT=true (exit command is (exit), workingDir is null)
[2026-06-06 09:32:01,287 INFO  L134       CoverageAnalysis]: Checked inductivity of 4 backedges. 1 proven. 3 refuted. 0 times theorem prover too weak. 0 trivial. 0 not checked.
[2026-06-06 09:32:01,287 INFO  L312         TraceCheckSpWp]: Computing backward predicates...
[2026-06-06 09:32:01,288 INFO  L327       MonitoredProcess]: [MP /usr/bin/z3 -smt2 -in SMTLIB2_COMPLIANT=true (17)] Waiting until timeout for monitored process
[2026-06-06 09:32:01,289 INFO  L134       CoverageAnalysis]: Checked inductivity of 4 backedges. 3 proven. 1 refuted. 0 times theorem prover too weak. 0 trivial. 0 not checked.
[2026-06-06 09:32:01,289 INFO  L158   FreeRefinementEngine]: IpTcStrategyModuleZ3 [941393201] provided 0 perfect and 2 imperfect interpolant sequences
[2026-06-06 09:32:01,289 INFO  L185   FreeRefinementEngine]: Found 0 perfect and 3 imperfect interpolant sequences.
[2026-06-06 09:32:01,289 INFO  L198   FreeRefinementEngine]: Number of different interpolants: perfect sequences [] imperfect sequences [4, 4, 4] total 4
[2026-06-06 09:32:01,289 INFO  L122   tionRefinementEngine]: Using interpolant automaton builder IpAbStrategyModuleStraightlineAll [1741849053]
[2026-06-06 09:32:01,289 INFO  L85    oduleStraightlineAll]: Using 3 imperfect interpolants to construct interpolant automaton
[2026-06-06 09:32:01,289 INFO  L100   FreeRefinementEngine]: Using predicate unifier PredicateUnifier provided by strategy CAMEL
[2026-06-06 09:32:01,290 INFO  L144   InterpolantAutomaton]: Constructing interpolant automaton starting with 5 interpolants.
[2026-06-06 09:32:01,290 INFO  L146   InterpolantAutomaton]: CoverageRelationStatistics Valid=10, Invalid=10, Unknown=0, NotChecked=0, Total=20
[2026-06-06 09:32:01,290 INFO  L419   CegarNwaWorkerThread]: Difference in Worker for Generalization
[2026-06-06 09:32:01,290 INFO  L87              Difference]: Start difference. First operand  has 6 states, 4 states have (on average 1.75) internal successors, (7), 5 states have internal predecessors, (7), 0 states have call successors, (0), 0 states have call predecessors, (0), 0 states have return successors, (0), 0 states have call predecessors, (0), 0 states have call successors, (0) Second operand  has 5 states, 5 states have (on average 1.4) internal successors, (7), 4 states have internal predecessors, (7), 0 states have call successors, (0), 0 states have call predecessors, (0), 0 states have return successors, (0), 0 states have call predecessors, (0), 0 states have call successors, (0)
[2026-06-06 09:32:01,297 INFO  L108    AnnotateAndAsserter]: Assert order INSIDE_LOOP_FIRST1 partitioned 10 statements into 4 equivalence classes.
[2026-06-06 09:32:01,297 INFO  L134       CoverageAnalysis]: Checked inductivity of 7 backedges. 5 proven. 1 refuted. 0 times theorem prover too weak. 1 trivial. 0 not checked.
[2026-06-06 09:32:01,298 INFO  L158   FreeRefinementEngine]: IpTcStrategyModuleZ3 [665997062] provided 0 perfect and 2 imperfect interpolant sequences
[2026-06-06 09:32:01,298 INFO  L185   FreeRefinementEngine]: Found 0 perfect and 3 imperfect interpolant sequences.
[2026-06-06 09:32:01,298 INFO  L198   FreeRefinementEngine]: Number of different interpolants: perfect sequences [] imperfect sequences [4, 4, 4] total 4
[2026-06-06 09:32:01,298 INFO  L122   tionRefinementEngine]: Using interpolant automaton builder IpAbStrategyModuleStraightlineAll [1858480422]
[2026-06-06 09:32:01,298 INFO  L85    oduleStraightlineAll]: Using 3 imperfect interpolants to construct interpolant automaton
[2026-06-06 09:32:01,298 INFO  L100   FreeRefinementEngine]: Using predicate unifier PredicateUnifier provided by strategy CAMEL
[2026-06-06 09:32:01,298 INFO  L144   InterpolantAutomaton]: Constructing interpolant automaton starting with 5 interpolants.
[2026-06-06 09:32:01,298 INFO  L146   InterpolantAutomaton]: CoverageRelationStatistics Valid=10, Invalid=10, Unknown=0, NotChecked=0, Total=20
[2026-06-06 09:32:01,298 INFO  L419   CegarNwaWorkerThread]: Difference in Worker for Generalization
[2026-06-06 09:32:01,298 INFO  L87              Difference]: Start difference. First operand  has 6 states, 4 states have (on average 1.75) internal successors, (7), 5 states have internal predecessors, (7), 0 states have call successors, (0), 0 states have call predecessors, (0), 0 states have return successors, (0), 0 states have call predecessors, (0), 0 states have call successors, (0) Second operand  has 5 states, 5 states have (on average 1.6) internal successors, (8), 4 states have internal predecessors, (8), 0 states have call successors, (0), 0 states have call predecessors, (0), 0 states have return successors, (0), 0 states have call predecessors, (0), 0 states have call successors, (0)
[2026-06-06 09:32:01,299 INFO  L144             Difference]: Subtrahend was deterministic. Have not used determinization.
[2026-06-06 09:32:01,299 INFO  L93              Difference]: Finished difference Result 9 states and 13 transitions.
[2026-06-06 09:32:01,299 INFO  L140   InterpolantAutomaton]: Switched to read-only mode: deterministic interpolant automaton has 5 states. 
[2026-06-06 09:32:01,299 INFO  L225             Difference]: With dead ends: 9
[2026-06-06 09:32:01,299 INFO  L226             Difference]: Without dead ends: 9
[2026-06-06 09:32:01,299 INFO  L487   CegarNwaWorkerThread]: 0 DeclaredPredicates, 17 GetRequests, 10 SyntacticMatches, 4 SemanticMatches, 3 ConstructedPredicates, 0 IntricatePredicates, 0 DeprecatedPredicates, 10 ImplicationChecksByTransitivity, 0.0s TimeCoverageRelationStatistics Valid=10, Invalid=10, Unknown=0, NotChecked=0, Total=20
[2026-06-06 09:32:01,300 INFO  L488   CegarNwaWorkerThread]: 2 mSDtfsCounter, 0 mSDsluCounter, 1 mSDsCounter, 0 mSdLazyCounter, 11 mSolverCounterSat, 1 mSolverCounterUnsat, 0 mSolverCounterUnknown, 0 mSolverCounterNotChecked, 0.0s Time, 0 mProtectedPredicate, 0 mProtectedAction, 0 SdHoareTripleChecker+Valid, 3 SdHoareTripleChecker+Invalid, 12 SdHoareTripleChecker+Unknown, 0 SdHoareTripleChecker+Unchecked, 0.0s SdHoareTripleChecker+Time, 1 IncrementalHoareTripleChecker+Valid, 11 IncrementalHoareTripleChecker+Invalid, 0 IncrementalHoareTripleChecker+Unknown, 0 IncrementalHoareTripleChecker+Unchecked, 0.0s IncrementalHoareTripleChecker+Time
[2026-06-06 09:32:01,300 INFO  L489   CegarNwaWorkerThread]: SdHoareTripleChecker [0 Valid, 3 Invalid, 12 Unknown, 0 Unchecked, 0.0s Time], IncrementalHoareTripleChecker [1 Valid, 11 Invalid, 0 Unknown, 0 Unchecked, 0.0s Time]
[2026-06-06 09:32:01,300 INFO  L224   CegarNwaWorkerThread]: Done with Thread: 113#
[2026-06-06 09:32:01,300 INFO  L196   CegarNwaWorkerThread]: WorkerThread: Thread[#113,Worker for 1948262913,5,main] is Waiting for a Task
[2026-06-06 09:32:01,300 INFO  L634   ParallelNwaCegarLoop]: Waking up, a worker is done.
[2026-06-06 09:32:01,300 INFO  L293   ParallelNwaCegarLoop]: Main: A Thread is Done
[2026-06-06 09:32:01,300 INFO  L134       CoverageAnalysis]: Checked inductivity of 4 backedges. 1 proven. 3 refuted. 0 times theorem prover too weak. 0 trivial. 0 not checked.
[2026-06-06 09:32:01,300 INFO  L311   ParallelNwaCegarLoop]: Worker Automaton Type: FLOYD_HOARE
[2026-06-06 09:32:01,300 INFO  L158   FreeRefinementEngine]: IpTcStrategyModuleZ3 [159204474] provided 0 perfect and 2 imperfect interpolant sequences
[2026-06-06 09:32:01,300 INFO  L79                 Accepts]: Start accepts. Automaton has 7 states and 8 transitions. Word has length 7
[2026-06-06 09:32:01,300 INFO  L185   FreeRefinementEngine]: Found 0 perfect and 3 imperfect interpolant sequences.
[2026-06-06 09:32:01,301 INFO  L198   FreeRefinementEngine]: Number of different interpolants: perfect sequences [] imperfect sequences [4, 4, 4] total 4
[2026-06-06 09:32:01,301 INFO  L85                 Accepts]: Finished accepts. word is accepted.
[2026-06-06 09:32:01,301 INFO  L313   ParallelNwaCegarLoop]: Refining Abstraction
[2026-06-06 09:32:01,301 INFO  L122   tionRefinementEngine]: Using interpolant automaton builder IpAbStrategyModuleStraightlineAll [1103647513]
[2026-06-06 09:32:01,301 INFO  L697   ParallelNwaCegarLoop]: Subtrahend traceHash: 1948262913
[2026-06-06 09:32:01,301 INFO  L85    oduleStraightlineAll]: Using 3 imperfect interpolants to construct interpolant automaton
[2026-06-06 09:32:01,301 INFO  L664   ParallelNwaCegarLoop]: Difference in Main
[2026-06-06 09:32:01,301 INFO  L100   FreeRefinementEngine]: Using predicate unifier PredicateUnifier provided by strategy CAMEL
[2026-06-06 09:32:01,301 INFO  L87              Difference]: Start difference. First operand 7 states and 8 transitions. Second operand  has 5 states, 4 states have (on average 3.75) internal successors, (15), 5 states have internal predecessors, (15), 0 states have call successors, (0), 0 states have call predecessors, (0), 0 states have return successors, (0), 0 states have call predecessors, (0), 0 states have call successors, (0)
[2026-06-06 09:32:01,301 INFO  L144   InterpolantAutomaton]: Constructing interpolant automaton starting with 5 interpolants.
[2026-06-06 09:32:01,301 INFO  L144             Difference]: Subtrahend was deterministic. Have not used determinization.
[2026-06-06 09:32:01,301 INFO  L146   InterpolantAutomaton]: CoverageRelationStatistics Valid=8, Invalid=12, Unknown=0, NotChecked=0, Total=20
[2026-06-06 09:32:01,301 INFO  L419   CegarNwaWorkerThread]: Difference in Worker for Generalization
[2026-06-06 09:32:01,301 INFO  L87              Difference]: Start difference. First operand  has 6 states, 4 states have (on average 1.75) internal successors, (7), 5 states have internal predecessors, (7), 0 states have call successors, (0), 0 states have call predecessors, (0), 0 states have return successors, (0), 0 states have call predecessors, (0), 0 states have call successors, (0) Second operand  has 5 states, 5 states have (on average 1.4) internal successors, (7), 4 states have internal predecessors, (7), 0 states have call successors, (0), 0 states have call predecessors, (0), 0 states have return successors, (0), 0 states have call predecessors, (0), 0 states have call successors, (0)
[2026-06-06 09:32:01,301 INFO  L93              Difference]: Finished difference Result 10 states and 12 transitions.
[2026-06-06 09:32:01,302 INFO  L225             Difference]: With dead ends: 10
[2026-06-06 09:32:01,302 INFO  L226             Difference]: Without dead ends: 10
[2026-06-06 09:32:01,302 INFO  L108    AnnotateAndAsserter]: Assert order TERMS_WITH_SMALL_CONSTANTS_FIRST partitioned 8 statements into 2 equivalence classes.
[2026-06-06 09:32:01,302 INFO  L82        GeneralOperation]: Start minimizeSevpa. Operand 10 states.
[2026-06-06 09:32:01,302 INFO  L88        GeneralOperation]: Finished minimizeSevpa. Reduced states from 10 to 10.
[2026-06-06 09:32:01,303 INFO  L82        GeneralOperation]: Start removeUnreachable. Operand  has 10 states, 9 states have (on average 1.3333333333333333) internal successors, (12), 9 states have internal predecessors, (12), 0 states have call successors, (0), 0 states have call predecessors, (0), 0 states have return successors, (0), 0 states have call predecessors, (0), 0 states have call successors, (0)
[2026-06-06 09:32:01,303 INFO  L88        GeneralOperation]: Finished removeUnreachable. Reduced from 10 states to 10 states and 12 transitions.
[2026-06-06 09:32:01,303 INFO  L675   ParallelNwaCegarLoop]: Main: Refinement done.
[2026-06-06 09:32:01,303 INFO  L594   ParallelNwaCegarLoop]: Checking if program is safe
[2026-06-06 09:32:01,303 INFO  L290                IsEmpty]: Start isEmpty. Operand 10 states and 12 transitions.
[2026-06-06 09:32:01,303 INFO  L300                IsEmpty]: Finished isEmpty. Found accepting run of length 7
[2026-06-06 09:32:01,303 INFO  L199           NwaCegarLoop]: Found error trace
[2026-06-06 09:32:01,303 INFO  L207           NwaCegarLoop]: trace histogram [1, 1, 1, 1, 1, 1]
[2026-06-06 09:32:01,303 INFO  L336   ParallelNwaCegarLoop]: No more worker results to process
[2026-06-06 09:32:01,303 INFO  L290                IsEmpty]: Start isEmptyParallel. Operand 10 states and 12 transitions.
[2026-06-06 09:32:01,303 INFO  L300                IsEmpty]: Finished isEmptyParallel. No accepting run.
[2026-06-06 09:32:01,303 INFO  L156        IsEmptyParallel]: Start isEmptyParallel. Operand 10 states and 12 transitions.
[2026-06-06 09:32:01,303 INFO  L182       IsEmptyHeuristic]: Start isEmptyHeuristic. Operand 10 states and 12 transitions.
[2026-06-06 09:32:01,303 INFO  L188       IsEmptyHeuristic]: Finished isEmptyHeuristic. Found accepting run of length 11
[2026-06-06 09:32:01,303 INFO  L163        IsEmptyParallel]: Finished isEmptyParallel. Found accepting run of length 11
[2026-06-06 09:32:01,303 WARN  L753                IsEmpty]: Correctness of emptinessCheck not tested.
[2026-06-06 09:32:01,303 INFO  L79                 Accepts]: Start accepts. Automaton has 10 states and 12 transitions. Word has length 10
[2026-06-06 09:32:01,304 INFO  L85                 Accepts]: Finished accepts. word is accepted.
[2026-06-06 09:32:01,304 INFO  L757                IsEmpty]: Finished testing correctness of emptinessCheck
[2026-06-06 09:32:01,304 INFO  L290                IsEmpty]: Start isEmptyParallel. Operand 10 states and 12 transitions.
[2026-06-06 09:32:01,304 INFO  L300                IsEmpty]: Finished isEmptyParallel. No accepting run.
[2026-06-06 09:32:01,304 INFO  L156        IsEmptyParallel]: Start isEmptyParallel. Operand 10 states and 12 transitions.
[2026-06-06 09:32:01,304 INFO  L182       IsEmptyHeuristic]: Start isEmptyHeuristic. Operand 10 states and 12 transitions.
[2026-06-06 09:32:01,304 INFO  L188       IsEmptyHeuristic]: Finished isEmptyHeuristic. Found accepting run of length 10
[2026-06-06 09:32:01,304 INFO  L163        IsEmptyParallel]: Finished isEmptyParallel. Found accepting run of length 10
[2026-06-06 09:32:01,304 WARN  L753                IsEmpty]: Correctness of emptinessCheck not tested.
[2026-06-06 09:32:01,304 INFO  L79                 Accepts]: Start accepts. Automaton has 10 states and 12 transitions. Word has length 9
[2026-06-06 09:32:01,304 INFO  L85                 Accepts]: Finished accepts. word is accepted.
[2026-06-06 09:32:01,304 INFO  L757                IsEmpty]: Finished testing correctness of emptinessCheck
[2026-06-06 09:32:01,304 INFO  L290                IsEmpty]: Start isEmptyParallel. Operand 10 states and 12 transitions.
[2026-06-06 09:32:01,304 INFO  L300                IsEmpty]: Finished isEmptyParallel. No accepting run.
[2026-06-06 09:32:01,304 INFO  L156        IsEmptyParallel]: Start isEmptyParallel. Operand 10 states and 12 transitions.
[2026-06-06 09:32:01,304 INFO  L182       IsEmptyHeuristic]: Start isEmptyHeuristic. Operand 10 states and 12 transitions.
[2026-06-06 09:32:01,304 INFO  L188       IsEmptyHeuristic]: Finished isEmptyHeuristic. Found accepting run of length 11
[2026-06-06 09:32:01,304 INFO  L108    AnnotateAndAsserter]: Assert order INSIDE_LOOP_FIRST1 partitioned 11 statements into 3 equivalence classes.
[2026-06-06 09:32:01,304 INFO  L163        IsEmptyParallel]: Finished isEmptyParallel. Found accepting run of length 11
[2026-06-06 09:32:01,304 WARN  L753                IsEmpty]: Correctness of emptinessCheck not tested.
[2026-06-06 09:32:01,304 INFO  L79                 Accepts]: Start accepts. Automaton has 10 states and 12 transitions. Word has length 10
[2026-06-06 09:32:01,304 INFO  L85                 Accepts]: Finished accepts. word is accepted.
[2026-06-06 09:32:01,304 INFO  L757                IsEmpty]: Finished testing correctness of emptinessCheck
[2026-06-06 09:32:01,304 INFO  L290                IsEmpty]: Start isEmptyParallel. Operand 10 states and 12 transitions.
[2026-06-06 09:32:01,304 INFO  L300                IsEmpty]: Finished isEmptyParallel. No accepting run.
[2026-06-06 09:32:01,304 INFO  L156        IsEmptyParallel]: Start isEmptyParallel. Operand 10 states and 12 transitions.
[2026-06-06 09:32:01,304 INFO  L182       IsEmptyHeuristic]: Start isEmptyHeuristic. Operand 10 states and 12 transitions.
[2026-06-06 09:32:01,304 INFO  L188       IsEmptyHeuristic]: Finished isEmptyHeuristic. Found accepting run of length 13
[2026-06-06 09:32:01,304 INFO  L163        IsEmptyParallel]: Finished isEmptyParallel. Found accepting run of length 13
[2026-06-06 09:32:01,304 WARN  L753                IsEmpty]: Correctness of emptinessCheck not tested.
[2026-06-06 09:32:01,304 INFO  L79                 Accepts]: Start accepts. Automaton has 10 states and 12 transitions. Word has length 12
[2026-06-06 09:32:01,304 INFO  L85                 Accepts]: Finished accepts. word is accepted.
[2026-06-06 09:32:01,304 INFO  L757                IsEmpty]: Finished testing correctness of emptinessCheck
[2026-06-06 09:32:01,305 INFO  L86        PathProgramCache]: Analyzing trace with hash 1192321388, now seen corresponding path program 9 times
[2026-06-06 09:32:01,305 INFO  L614   ParallelNwaCegarLoop]: Main: Starting Thread
[2026-06-06 09:32:01,305 INFO  L111    AnnotateAndAsserter]: Assert order INSIDE_LOOP_FIRST1 issued 4 check-sat command(s) and asserted 10 of 10 statements.
[2026-06-06 09:32:01,305 INFO  L114    AnnotateAndAsserter]: Assert order INSIDE_LOOP_FIRST1 issued 4 check-sat command(s)
[2026-06-06 09:32:01,305 INFO  L283   ParallelNwaCegarLoop]: === Iteration 4 ===
[2026-06-06 09:32:01,305 INFO  L631   ParallelNwaCegarLoop]: All threads busy, going to sleep.
[2026-06-06 09:32:01,305 INFO  L115    AnnotateAndAsserter]: Conjunction of SSA is unsat
[2026-06-06 09:32:01,305 INFO  L111    AnnotateAndAsserter]: Assert order TERMS_WITH_SMALL_CONSTANTS_FIRST issued 1 check-sat command(s) and asserted 4 of 8 statements.
[2026-06-06 09:32:01,305 INFO  L209   CegarNwaWorkerThread]: Starting Thread: 113# for Trace Check: 1192321388
[2026-06-06 09:32:01,305 INFO  L114    AnnotateAndAsserter]: Assert order TERMS_WITH_SMALL_CONSTANTS_FIRST issued 1 check-sat command(s)
[2026-06-06 09:32:01,305 INFO  L115    AnnotateAndAsserter]: Conjunction of SSA is unsat
[2026-06-06 09:32:01,305 INFO  L156       PredicateUnifier]: Initialized classic predicate unifier
[2026-06-06 09:32:01,305 INFO  L86        PathProgramCache]: Analyzing trace with hash 1192321388, now seen corresponding path program 9 times
[2026-06-06 09:32:01,305 INFO  L118   FreeRefinementEngine]: Executing refinement strategy CAMEL
[2026-06-06 09:32:01,305 INFO  L324   FreeRefinementEngine]: Using trace check IpTcStrategyModuleSmtInterpolCraig [993768731]
[2026-06-06 09:32:01,305 INFO  L95    rtionOrderModulation]: Changing assertion order to OUTSIDE_LOOP_FIRST2
[2026-06-06 09:32:01,305 INFO  L127          SolverBuilder]: Constructing new instance of SMTInterpol with explicit timeout -1 ms and remaining time -1 ms
[2026-06-06 09:32:01,305 INFO  L256         TraceCheckSpWp]: Trace formula consists of 77 conjuncts, 9 conjuncts are in the unsatisfiable core
[2026-06-06 09:32:01,305 INFO  L144             Difference]: Subtrahend was deterministic. Have not used determinization.
[2026-06-06 09:32:01,305 WARN  L254         TraceCheckSpWp]: Trace formula consists of 31 conjuncts, 17 conjuncts are in the unsatisfiable core
[2026-06-06 09:32:01,305 INFO  L93              Difference]: Finished difference Result 9 states and 12 transitions.
[2026-06-06 09:32:01,305 INFO  L140   InterpolantAutomaton]: Switched to read-only mode: deterministic interpolant automaton has 7 states. 
[2026-06-06 09:32:01,305 INFO  L225             Difference]: With dead ends: 9
[2026-06-06 09:32:01,305 INFO  L226             Difference]: Without dead ends: 7
[2026-06-06 09:32:01,306 INFO  L279         TraceCheckSpWp]: Computing forward predicates...
[2026-06-06 09:32:01,306 INFO  L487   CegarNwaWorkerThread]: 0 DeclaredPredicates, 17 GetRequests, 8 SyntacticMatches, 0 SemanticMatches, 9 ConstructedPredicates, 0 IntricatePredicates, 0 DeprecatedPredicates, 2 ImplicationChecksByTransitivity, 0.0s TimeCoverageRelationStatistics Valid=33, Invalid=77, Unknown=0, NotChecked=0, Total=110
[2026-06-06 09:32:01,306 INFO  L488   CegarNwaWorkerThread]: 2 mSDtfsCounter, 0 mSDsluCounter, 4 mSDsCounter, 0 mSdLazyCounter, 35 mSolverCounterSat, 10 mSolverCounterUnsat, 0 mSolverCounterUnknown, 0 mSolverCounterNotChecked, 0.0s Time, 0 mProtectedPredicate, 0 mProtectedAction, 0 SdHoareTripleChecker+Valid, 6 SdHoareTripleChecker+Invalid, 45 SdHoareTripleChecker+Unknown, 0 SdHoareTripleChecker+Unchecked, 0.0s SdHoareTripleChecker+Time, 10 IncrementalHoareTripleChecker+Valid, 35 IncrementalHoareTripleChecker+Invalid, 0 IncrementalHoareTripleChecker+Unknown, 0 IncrementalHoareTripleChecker+Unchecked, 0.0s IncrementalHoareTripleChecker+Time
[2026-06-06 09:32:01,306 INFO  L279         TraceCheckSpWp]: Computing forward predicates...
[2026-06-06 09:32:01,306 INFO  L489   CegarNwaWorkerThread]: SdHoareTripleChecker [0 Valid, 6 Invalid, 45 Unknown, 0 Unchecked, 0.0s Time], IncrementalHoareTripleChecker [10 Valid, 35 Invalid, 0 Unknown, 0 Unchecked, 0.0s Time]
[2026-06-06 09:32:01,306 INFO  L144             Difference]: Subtrahend was deterministic. Have not used determinization.
[2026-06-06 09:32:01,306 INFO  L224   CegarNwaWorkerThread]: Done with Thread: 119#
[2026-06-06 09:32:01,306 INFO  L93              Difference]: Finished difference Result 9 states and 13 transitions.
[2026-06-06 09:32:01,306 INFO  L196   CegarNwaWorkerThread]: WorkerThread: Thread[#119,Worker for 894131125,5,main] is Waiting for a Task
[2026-06-06 09:32:01,306 INFO  L140   InterpolantAutomaton]: Switched to read-only mode: deterministic interpolant automaton has 5 states. 
[2026-06-06 09:32:01,306 INFO  L634   ParallelNwaCegarLoop]: Waking up, a worker is done.
[2026-06-06 09:32:01,306 INFO  L293   ParallelNwaCegarLoop]: Main: A Thread is Done
[2026-06-06 09:32:01,306 INFO  L225             Difference]: With dead ends: 9
[2026-06-06 09:32:01,307 INFO  L226             Difference]: Without dead ends: 9
[2026-06-06 09:32:01,307 INFO  L311   ParallelNwaCegarLoop]: Worker Automaton Type: FLOYD_HOARE
[2026-06-06 09:32:01,307 INFO  L487   CegarNwaWorkerThread]: 0 DeclaredPredicates, 19 GetRequests, 12 SyntacticMatches, 4 SemanticMatches, 3 ConstructedPredicates, 0 IntricatePredicates, 0 DeprecatedPredicates, 10 ImplicationChecksByTransitivity, 0.0s TimeCoverageRelationStatistics Valid=10, Invalid=10, Unknown=0, NotChecked=0, Total=20
[2026-06-06 09:32:01,307 INFO  L79                 Accepts]: Start accepts. Automaton has 10 states and 12 transitions. Word has length 6
[2026-06-06 09:32:01,307 INFO  L85                 Accepts]: Finished accepts. word is accepted.
[2026-06-06 09:32:01,307 INFO  L313   ParallelNwaCegarLoop]: Refining Abstraction
[2026-06-06 09:32:01,307 INFO  L697   ParallelNwaCegarLoop]: Subtrahend traceHash: 894131125
[2026-06-06 09:32:01,307 INFO  L664   ParallelNwaCegarLoop]: Difference in Main
[2026-06-06 09:32:01,307 INFO  L488   CegarNwaWorkerThread]: 2 mSDtfsCounter, 0 mSDsluCounter, 1 mSDsCounter, 0 mSdLazyCounter, 11 mSolverCounterSat, 1 mSolverCounterUnsat, 0 mSolverCounterUnknown, 0 mSolverCounterNotChecked, 0.0s Time, 0 mProtectedPredicate, 0 mProtectedAction, 0 SdHoareTripleChecker+Valid, 3 SdHoareTripleChecker+Invalid, 12 SdHoareTripleChecker+Unknown, 0 SdHoareTripleChecker+Unchecked, 0.0s SdHoareTripleChecker+Time, 1 IncrementalHoareTripleChecker+Valid, 11 IncrementalHoareTripleChecker+Invalid, 0 IncrementalHoareTripleChecker+Unknown, 0 IncrementalHoareTripleChecker+Unchecked, 0.0s IncrementalHoareTripleChecker+Time
[2026-06-06 09:32:01,307 INFO  L489   CegarNwaWorkerThread]: SdHoareTripleChecker [0 Valid, 3 Invalid, 12 Unknown, 0 Unchecked, 0.0s Time], IncrementalHoareTripleChecker [1 Valid, 11 Invalid, 0 Unknown, 0 Unchecked, 0.0s Time]
[2026-06-06 09:32:01,307 INFO  L87              Difference]: Start difference. First operand 10 states and 12 transitions. Second operand  has 7 states, 6 states have (on average 2.5) internal successors, (15), 7 states have internal predecessors, (15), 0 states have call successors, (0), 0 states have call predecessors, (0), 0 states have return successors, (0), 0 states have call predecessors, (0), 0 states have call successors, (0)
[2026-06-06 09:32:01,307 INFO  L224   CegarNwaWorkerThread]: Done with Thread: 80#
[2026-06-06 09:32:01,307 INFO  L196   CegarNwaWorkerThread]: WorkerThread: Thread[#80,Worker for 266609973,5,main] is Waiting for a Task
[2026-06-06 09:32:01,307 INFO  L144             Difference]: Subtrahend was deterministic. Have not used determinization.
[2026-06-06 09:32:01,307 INFO  L93              Difference]: Finished difference Result 10 states and 11 transitions.
[2026-06-06 09:32:01,307 INFO  L225             Difference]: With dead ends: 10
[2026-06-06 09:32:01,308 INFO  L226             Difference]: Without dead ends: 8
[2026-06-06 09:32:01,308 INFO  L82        GeneralOperation]: Start minimizeSevpa. Operand 8 states.
[2026-06-06 09:32:01,308 INFO  L88        GeneralOperation]: Finished minimizeSevpa. Reduced states from 8 to 8.
[2026-06-06 09:32:01,308 INFO  L82        GeneralOperation]: Start removeUnreachable. Operand  has 8 states, 7 states have (on average 1.2857142857142858) internal successors, (9), 7 states have internal predecessors, (9), 0 states have call successors, (0), 0 states have call predecessors, (0), 0 states have return successors, (0), 0 states have call predecessors, (0), 0 states have call successors, (0)
[2026-06-06 09:32:01,308 INFO  L88        GeneralOperation]: Finished removeUnreachable. Reduced from 8 states to 8 states and 9 transitions.
[2026-06-06 09:32:01,308 INFO  L675   ParallelNwaCegarLoop]: Main: Refinement done.
[2026-06-06 09:32:01,308 INFO  L594   ParallelNwaCegarLoop]: Checking if program is safe
[2026-06-06 09:32:01,308 INFO  L290                IsEmpty]: Start isEmpty. Operand 8 states and 9 transitions.
[2026-06-06 09:32:01,308 INFO  L300                IsEmpty]: Finished isEmpty. Found accepting run of length 8
[2026-06-06 09:32:01,308 INFO  L199           NwaCegarLoop]: Found error trace
[2026-06-06 09:32:01,308 INFO  L207           NwaCegarLoop]: trace histogram [2, 1, 1, 1, 1, 1]
[2026-06-06 09:32:01,308 INFO  L293   ParallelNwaCegarLoop]: Main: A Thread is Done
[2026-06-06 09:32:01,308 INFO  L311   ParallelNwaCegarLoop]: Worker Automaton Type: FLOYD_HOARE
[2026-06-06 09:32:01,308 INFO  L79                 Accepts]: Start accepts. Automaton has 8 states and 9 transitions. Word has length 8
[2026-06-06 09:32:01,308 INFO  L85                 Accepts]: Finished accepts. word is rejected.
[2026-06-06 09:32:01,308 INFO  L747   ParallelNwaCegarLoop]: Recorded stale counterexample prefix coverage.
[2026-06-06 09:32:01,308 INFO  L313   ParallelNwaCegarLoop]: Refining Abstraction
[2026-06-06 09:32:01,308 INFO  L697   ParallelNwaCegarLoop]: Subtrahend traceHash: 266609973
[2026-06-06 09:32:01,308 INFO  L664   ParallelNwaCegarLoop]: Difference in Main
[2026-06-06 09:32:01,308 INFO  L108    AnnotateAndAsserter]: Assert order OUTSIDE_LOOP_FIRST2 partitioned 9 statements into 3 equivalence classes.
[2026-06-06 09:32:01,309 INFO  L87              Difference]: Start difference. First operand 8 states and 9 transitions. Second operand  has 5 states, 4 states have (on average 3.75) internal successors, (15), 5 states have internal predecessors, (15), 0 states have call successors, (0), 0 states have call predecessors, (0), 0 states have return successors, (0), 0 states have call predecessors, (0), 0 states have call successors, (0)
[2026-06-06 09:32:01,309 INFO  L144             Difference]: Subtrahend was deterministic. Have not used determinization.
[2026-06-06 09:32:01,309 INFO  L93              Difference]: Finished difference Result 8 states and 9 transitions.
[2026-06-06 09:32:01,309 INFO  L225             Difference]: With dead ends: 8
[2026-06-06 09:32:01,309 INFO  L226             Difference]: Without dead ends: 8
[2026-06-06 09:32:01,309 INFO  L82        GeneralOperation]: Start minimizeSevpa. Operand 8 states.
[2026-06-06 09:32:01,309 INFO  L88        GeneralOperation]: Finished minimizeSevpa. Reduced states from 8 to 8.
[2026-06-06 09:32:01,309 INFO  L82        GeneralOperation]: Start removeUnreachable. Operand  has 8 states, 7 states have (on average 1.2857142857142858) internal successors, (9), 7 states have internal predecessors, (9), 0 states have call successors, (0), 0 states have call predecessors, (0), 0 states have return successors, (0), 0 states have call predecessors, (0), 0 states have call successors, (0)
[2026-06-06 09:32:01,309 INFO  L88        GeneralOperation]: Finished removeUnreachable. Reduced from 8 states to 8 states and 9 transitions.
[2026-06-06 09:32:01,309 INFO  L675   ParallelNwaCegarLoop]: Main: Refinement done.
[2026-06-06 09:32:01,309 INFO  L594   ParallelNwaCegarLoop]: Checking if program is safe
[2026-06-06 09:32:01,309 INFO  L290                IsEmpty]: Start isEmpty. Operand 8 states and 9 transitions.
[2026-06-06 09:32:01,309 INFO  L300                IsEmpty]: Finished isEmpty. Found accepting run of length 8
[2026-06-06 09:32:01,309 INFO  L199           NwaCegarLoop]: Found error trace
[2026-06-06 09:32:01,309 INFO  L207           NwaCegarLoop]: trace histogram [2, 1, 1, 1, 1, 1]
[2026-06-06 09:32:01,309 INFO  L336   ParallelNwaCegarLoop]: No more worker results to process
[2026-06-06 09:32:01,310 INFO  L290                IsEmpty]: Start isEmptyParallel. Operand 8 states and 9 transitions.
[2026-06-06 09:32:01,310 INFO  L300                IsEmpty]: Finished isEmptyParallel. No accepting run.
[2026-06-06 09:32:01,310 INFO  L156        IsEmptyParallel]: Start isEmptyParallel. Operand 8 states and 9 transitions.
[2026-06-06 09:32:01,310 INFO  L182       IsEmptyHeuristic]: Start isEmptyHeuristic. Operand 8 states and 9 transitions.
[2026-06-06 09:32:01,310 INFO  L188       IsEmptyHeuristic]: Finished isEmptyHeuristic. Found accepting run of length 12
[2026-06-06 09:32:01,310 INFO  L163        IsEmptyParallel]: Finished isEmptyParallel. Found accepting run of length 12
[2026-06-06 09:32:01,310 WARN  L753                IsEmpty]: Correctness of emptinessCheck not tested.
[2026-06-06 09:32:01,310 INFO  L79                 Accepts]: Start accepts. Automaton has 8 states and 9 transitions. Word has length 11
[2026-06-06 09:32:01,310 INFO  L85                 Accepts]: Finished accepts. word is accepted.
[2026-06-06 09:32:01,310 INFO  L757                IsEmpty]: Finished testing correctness of emptinessCheck
[2026-06-06 09:32:01,310 INFO  L290                IsEmpty]: Start isEmptyParallel. Operand 8 states and 9 transitions.
[2026-06-06 09:32:01,310 INFO  L300                IsEmpty]: Finished isEmptyParallel. No accepting run.
[2026-06-06 09:32:01,310 INFO  L156        IsEmptyParallel]: Start isEmptyParallel. Operand 8 states and 9 transitions.
[2026-06-06 09:32:01,310 INFO  L182       IsEmptyHeuristic]: Start isEmptyHeuristic. Operand 8 states and 9 transitions.
[2026-06-06 09:32:01,310 INFO  L188       IsEmptyHeuristic]: Finished isEmptyHeuristic. Found accepting run of length 11
[2026-06-06 09:32:01,310 INFO  L163        IsEmptyParallel]: Finished isEmptyParallel. Found accepting run of length 11
[2026-06-06 09:32:01,310 WARN  L753                IsEmpty]: Correctness of emptinessCheck not tested.
[2026-06-06 09:32:01,310 INFO  L79                 Accepts]: Start accepts. Automaton has 8 states and 9 transitions. Word has length 10
[2026-06-06 09:32:01,310 INFO  L85                 Accepts]: Finished accepts. word is accepted.
[2026-06-06 09:32:01,310 INFO  L757                IsEmpty]: Finished testing correctness of emptinessCheck
[2026-06-06 09:32:01,310 INFO  L290                IsEmpty]: Start isEmptyParallel. Operand 8 states and 9 transitions.
[2026-06-06 09:32:01,310 INFO  L300                IsEmpty]: Finished isEmptyParallel. No accepting run.
[2026-06-06 09:32:01,310 INFO  L156        IsEmptyParallel]: Start isEmptyParallel. Operand 8 states and 9 transitions.
[2026-06-06 09:32:01,310 INFO  L182       IsEmptyHeuristic]: Start isEmptyHeuristic. Operand 8 states and 9 transitions.
[2026-06-06 09:32:01,310 INFO  L188       IsEmptyHeuristic]: Finished isEmptyHeuristic. Found accepting run of length 11
[2026-06-06 09:32:01,310 INFO  L163        IsEmptyParallel]: Finished isEmptyParallel. Found accepting run of length 11
[2026-06-06 09:32:01,310 WARN  L753                IsEmpty]: Correctness of emptinessCheck not tested.
[2026-06-06 09:32:01,310 INFO  L79                 Accepts]: Start accepts. Automaton has 8 states and 9 transitions. Word has length 10
[2026-06-06 09:32:01,310 INFO  L85                 Accepts]: Finished accepts. word is accepted.
[2026-06-06 09:32:01,310 INFO  L757                IsEmpty]: Finished testing correctness of emptinessCheck
[2026-06-06 09:32:01,310 INFO  L290                IsEmpty]: Start isEmptyParallel. Operand 8 states and 9 transitions.
[2026-06-06 09:32:01,310 INFO  L300                IsEmpty]: Finished isEmptyParallel. No accepting run.
[2026-06-06 09:32:01,310 INFO  L156        IsEmptyParallel]: Start isEmptyParallel. Operand 8 states and 9 transitions.
[2026-06-06 09:32:01,311 INFO  L182       IsEmptyHeuristic]: Start isEmptyHeuristic. Operand 8 states and 9 transitions.
[2026-06-06 09:32:01,311 INFO  L188       IsEmptyHeuristic]: Finished isEmptyHeuristic. Found accepting run of length 10
[2026-06-06 09:32:01,311 INFO  L163        IsEmptyParallel]: Finished isEmptyParallel. Found accepting run of length 10
[2026-06-06 09:32:01,311 WARN  L753                IsEmpty]: Correctness of emptinessCheck not tested.
[2026-06-06 09:32:01,311 INFO  L79                 Accepts]: Start accepts. Automaton has 8 states and 9 transitions. Word has length 9
[2026-06-06 09:32:01,311 INFO  L85                 Accepts]: Finished accepts. word is accepted.
[2026-06-06 09:32:01,311 INFO  L757                IsEmpty]: Finished testing correctness of emptinessCheck
[2026-06-06 09:32:01,311 INFO  L290                IsEmpty]: Start isEmptyParallel. Operand 8 states and 9 transitions.
[2026-06-06 09:32:01,311 INFO  L300                IsEmpty]: Finished isEmptyParallel. No accepting run.
[2026-06-06 09:32:01,311 INFO  L156        IsEmptyParallel]: Start isEmptyParallel. Operand 8 states and 9 transitions.
[2026-06-06 09:32:01,311 INFO  L182       IsEmptyHeuristic]: Start isEmptyHeuristic. Operand 8 states and 9 transitions.
[2026-06-06 09:32:01,311 INFO  L188       IsEmptyHeuristic]: Finished isEmptyHeuristic. Found accepting run of length 14
[2026-06-06 09:32:01,311 INFO  L163        IsEmptyParallel]: Finished isEmptyParallel. Found accepting run of length 14
[2026-06-06 09:32:01,311 WARN  L753                IsEmpty]: Correctness of emptinessCheck not tested.
[2026-06-06 09:32:01,311 INFO  L79                 Accepts]: Start accepts. Automaton has 8 states and 9 transitions. Word has length 13
[2026-06-06 09:32:01,311 INFO  L85                 Accepts]: Finished accepts. word is accepted.
[2026-06-06 09:32:01,311 INFO  L757                IsEmpty]: Finished testing correctness of emptinessCheck
[2026-06-06 09:32:01,311 INFO  L290                IsEmpty]: Start isEmptyParallel. Operand 8 states and 9 transitions.
[2026-06-06 09:32:01,311 INFO  L300                IsEmpty]: Finished isEmptyParallel. No accepting run.
[2026-06-06 09:32:01,311 INFO  L156        IsEmptyParallel]: Start isEmptyParallel. Operand 8 states and 9 transitions.
[2026-06-06 09:32:01,311 INFO  L182       IsEmptyHeuristic]: Start isEmptyHeuristic. Operand 8 states and 9 transitions.
[2026-06-06 09:32:01,311 INFO  L188       IsEmptyHeuristic]: Finished isEmptyHeuristic. Found accepting run of length 10
[2026-06-06 09:32:01,311 INFO  L163        IsEmptyParallel]: Finished isEmptyParallel. Found accepting run of length 10
[2026-06-06 09:32:01,311 WARN  L753                IsEmpty]: Correctness of emptinessCheck not tested.
[2026-06-06 09:32:01,311 INFO  L79                 Accepts]: Start accepts. Automaton has 8 states and 9 transitions. Word has length 9
[2026-06-06 09:32:01,311 INFO  L85                 Accepts]: Finished accepts. word is accepted.
[2026-06-06 09:32:01,311 INFO  L757                IsEmpty]: Finished testing correctness of emptinessCheck
[2026-06-06 09:32:01,311 INFO  L290                IsEmpty]: Start isEmptyParallel. Operand 8 states and 9 transitions.
[2026-06-06 09:32:01,311 INFO  L300                IsEmpty]: Finished isEmptyParallel. No accepting run.
[2026-06-06 09:32:01,311 INFO  L156        IsEmptyParallel]: Start isEmptyParallel. Operand 8 states and 9 transitions.
[2026-06-06 09:32:01,311 INFO  L182       IsEmptyHeuristic]: Start isEmptyHeuristic. Operand 8 states and 9 transitions.
[2026-06-06 09:32:01,311 INFO  L188       IsEmptyHeuristic]: Finished isEmptyHeuristic. Found accepting run of length 13
[2026-06-06 09:32:01,312 INFO  L163        IsEmptyParallel]: Finished isEmptyParallel. Found accepting run of length 13
[2026-06-06 09:32:01,312 WARN  L753                IsEmpty]: Correctness of emptinessCheck not tested.
[2026-06-06 09:32:01,312 INFO  L79                 Accepts]: Start accepts. Automaton has 8 states and 9 transitions. Word has length 12
[2026-06-06 09:32:01,312 INFO  L85                 Accepts]: Finished accepts. word is accepted.
[2026-06-06 09:32:01,312 INFO  L757                IsEmpty]: Finished testing correctness of emptinessCheck
[2026-06-06 09:32:01,312 INFO  L290                IsEmpty]: Start isEmptyParallel. Operand 8 states and 9 transitions.
[2026-06-06 09:32:01,312 INFO  L300                IsEmpty]: Finished isEmptyParallel. No accepting run.
[2026-06-06 09:32:01,312 INFO  L156        IsEmptyParallel]: Start isEmptyParallel. Operand 8 states and 9 transitions.
[2026-06-06 09:32:01,312 INFO  L182       IsEmptyHeuristic]: Start isEmptyHeuristic. Operand 8 states and 9 transitions.
[2026-06-06 09:32:01,312 INFO  L188       IsEmptyHeuristic]: Finished isEmptyHeuristic. Found accepting run of length 13
[2026-06-06 09:32:01,312 INFO  L163        IsEmptyParallel]: Finished isEmptyParallel. Found accepting run of length 13
[2026-06-06 09:32:01,313 WARN  L753                IsEmpty]: Correctness of emptinessCheck not tested.
[2026-06-06 09:32:01,312 INFO  L111    AnnotateAndAsserter]: Assert order INSIDE_LOOP_FIRST1 issued 3 check-sat command(s) and asserted 11 of 11 statements.
[2026-06-06 09:32:01,313 INFO  L79                 Accepts]: Start accepts. Automaton has 8 states and 9 transitions. Word has length 12
[2026-06-06 09:32:01,313 INFO  L114    AnnotateAndAsserter]: Assert order INSIDE_LOOP_FIRST1 issued 3 check-sat command(s)
[2026-06-06 09:32:01,313 INFO  L85                 Accepts]: Finished accepts. word is accepted.
[2026-06-06 09:32:01,313 INFO  L757                IsEmpty]: Finished testing correctness of emptinessCheck
[2026-06-06 09:32:01,313 INFO  L115    AnnotateAndAsserter]: Conjunction of SSA is unsat
[2026-06-06 09:32:01,314 INFO  L86        PathProgramCache]: Analyzing trace with hash 1241268001, now seen corresponding path program 10 times
[2026-06-06 09:32:01,314 INFO  L614   ParallelNwaCegarLoop]: Main: Starting Thread
[2026-06-06 09:32:01,314 INFO  L86        PathProgramCache]: Analyzing trace with hash -175395819, now seen corresponding path program 11 times
[2026-06-06 09:32:01,314 INFO  L614   ParallelNwaCegarLoop]: Main: Starting Thread
[2026-06-06 09:32:01,314 INFO  L209   CegarNwaWorkerThread]: Starting Thread: 119# for Trace Check: 1241268001
[2026-06-06 09:32:01,314 INFO  L209   CegarNwaWorkerThread]: Starting Thread: 80# for Trace Check: -175395819
[2026-06-06 09:32:01,314 INFO  L283   ParallelNwaCegarLoop]: === Iteration 5 ===
[2026-06-06 09:32:01,314 INFO  L631   ParallelNwaCegarLoop]: All threads busy, going to sleep.
[2026-06-06 09:32:01,314 INFO  L256         TraceCheckSpWp]: Trace formula consists of 85 conjuncts, 10 conjuncts are in the unsatisfiable core
[2026-06-06 09:32:01,314 INFO  L156       PredicateUnifier]: Initialized classic predicate unifier
[2026-06-06 09:32:01,314 INFO  L156       PredicateUnifier]: Initialized classic predicate unifier
[2026-06-06 09:32:01,314 INFO  L86        PathProgramCache]: Analyzing trace with hash 1241268001, now seen corresponding path program 10 times
[2026-06-06 09:32:01,314 INFO  L86        PathProgramCache]: Analyzing trace with hash -175395819, now seen corresponding path program 11 times
[2026-06-06 09:32:01,314 INFO  L118   FreeRefinementEngine]: Executing refinement strategy CAMEL
[2026-06-06 09:32:01,314 INFO  L118   FreeRefinementEngine]: Executing refinement strategy CAMEL
[2026-06-06 09:32:01,314 INFO  L324   FreeRefinementEngine]: Using trace check IpTcStrategyModuleSmtInterpolCraig [778253331]
[2026-06-06 09:32:01,314 INFO  L324   FreeRefinementEngine]: Using trace check IpTcStrategyModuleSmtInterpolCraig [1530495367]
[2026-06-06 09:32:01,314 INFO  L95    rtionOrderModulation]: Changing assertion order to TERMS_WITH_SMALL_CONSTANTS_FIRST
[2026-06-06 09:32:01,314 INFO  L95    rtionOrderModulation]: Changing assertion order to INSIDE_LOOP_FIRST1
[2026-06-06 09:32:01,314 INFO  L127          SolverBuilder]: Constructing new instance of SMTInterpol with explicit timeout -1 ms and remaining time -1 ms
[2026-06-06 09:32:01,314 INFO  L127          SolverBuilder]: Constructing new instance of SMTInterpol with explicit timeout -1 ms and remaining time -1 ms
[2026-06-06 09:32:01,314 INFO  L111    AnnotateAndAsserter]: Assert order OUTSIDE_LOOP_FIRST2 issued 3 check-sat command(s) and asserted 9 of 9 statements.
[2026-06-06 09:32:01,314 INFO  L114    AnnotateAndAsserter]: Assert order OUTSIDE_LOOP_FIRST2 issued 3 check-sat command(s)
[2026-06-06 09:32:01,314 INFO  L115    AnnotateAndAsserter]: Conjunction of SSA is unsat
[2026-06-06 09:32:01,314 INFO  L279         TraceCheckSpWp]: Computing forward predicates...
[2026-06-06 09:32:01,317 INFO  L134       CoverageAnalysis]: Checked inductivity of 16 backedges. 10 proven. 6 refuted. 0 times theorem prover too weak. 0 trivial. 0 not checked.
[2026-06-06 09:32:01,317 INFO  L312         TraceCheckSpWp]: Computing backward predicates...
[2026-06-06 09:32:01,318 INFO  L108    AnnotateAndAsserter]: Assert order TERMS_WITH_SMALL_CONSTANTS_FIRST partitioned 9 statements into 2 equivalence classes.
[2026-06-06 09:32:01,319 INFO  L134       CoverageAnalysis]: Checked inductivity of 6 backedges. 0 proven. 6 refuted. 0 times theorem prover too weak. 0 trivial. 0 not checked.
[2026-06-06 09:32:01,319 INFO  L108    AnnotateAndAsserter]: Assert order INSIDE_LOOP_FIRST1 partitioned 10 statements into 3 equivalence classes.
[2026-06-06 09:32:01,319 INFO  L136   FreeRefinementEngine]: Strategy CAMEL found an infeasible trace
[2026-06-06 09:32:01,319 INFO  L324   FreeRefinementEngine]: Using interpolant generator IpTcStrategyModuleSmtInterpolCraig [1169355242]
[2026-06-06 09:32:01,319 INFO  L158   FreeRefinementEngine]: IpTcStrategyModuleSmtInterpolCraig [1169355242] provided 0 perfect and 1 imperfect interpolant sequences
[2026-06-06 09:32:01,319 INFO  L324   FreeRefinementEngine]: Using interpolant generator IpTcStrategyModuleZ3 [1394422604]
[2026-06-06 09:32:01,319 INFO  L95    rtionOrderModulation]: Changing assertion order to OUTSIDE_LOOP_FIRST1
[2026-06-06 09:32:01,319 INFO  L173          SolverBuilder]: Constructing external solver with command: z3 -smt2 -in SMTLIB2_COMPLIANT=true
[2026-06-06 09:32:01,319 INFO  L111    AnnotateAndAsserter]: Assert order TERMS_WITH_SMALL_CONSTANTS_FIRST issued 1 check-sat command(s) and asserted 5 of 9 statements.
[2026-06-06 09:32:01,320 INFO  L114    AnnotateAndAsserter]: Assert order TERMS_WITH_SMALL_CONSTANTS_FIRST issued 1 check-sat command(s)
[2026-06-06 09:32:01,320 INFO  L115    AnnotateAndAsserter]: Conjunction of SSA is unsat
[2026-06-06 09:32:01,321 INFO  L144             Difference]: Subtrahend was deterministic. Have not used determinization.
[2026-06-06 09:32:01,321 INFO  L93              Difference]: Finished difference Result 10 states and 14 transitions.
[2026-06-06 09:32:01,321 INFO  L354             Elim1Store]: Elim1 eliminated variable of array dimension 1, 1 stores, 0 select indices, 0 select index equivalence classes, 0 disjoint index pairs (out of 0 index pairs), introduced 0 new quantified variables, introduced 0 case distinctions, treesize of input 8 treesize of output 7
[2026-06-06 09:32:01,321 INFO  L140   InterpolantAutomaton]: Switched to read-only mode: deterministic interpolant automaton has 7 states. 
[2026-06-06 09:32:01,321 INFO  L225             Difference]: With dead ends: 10
[2026-06-06 09:32:01,321 INFO  L226             Difference]: Without dead ends: 10
[2026-06-06 09:32:01,321 INFO  L487   CegarNwaWorkerThread]: 0 DeclaredPredicates, 20 GetRequests, 11 SyntacticMatches, 4 SemanticMatches, 5 ConstructedPredicates, 0 IntricatePredicates, 0 DeprecatedPredicates, 4 ImplicationChecksByTransitivity, 0.0s TimeCoverageRelationStatistics Valid=18, Invalid=24, Unknown=0, NotChecked=0, Total=42
[2026-06-06 09:32:01,321 INFO  L488   CegarNwaWorkerThread]: 4 mSDtfsCounter, 4 mSDsluCounter, 4 mSDsCounter, 0 mSdLazyCounter, 27 mSolverCounterSat, 0 mSolverCounterUnsat, 0 mSolverCounterUnknown, 0 mSolverCounterNotChecked, 0.0s Time, 0 mProtectedPredicate, 0 mProtectedAction, 4 SdHoareTripleChecker+Valid, 8 SdHoareTripleChecker+Invalid, 27 SdHoareTripleChecker+Unknown, 0 SdHoareTripleChecker+Unchecked, 0.0s SdHoareTripleChecker+Time, 0 IncrementalHoareTripleChecker+Valid, 27 IncrementalHoareTripleChecker+Invalid, 0 IncrementalHoareTripleChecker+Unknown, 0 IncrementalHoareTripleChecker+Unchecked, 0.0s IncrementalHoareTripleChecker+Time
[2026-06-06 09:32:01,322 INFO  L489   CegarNwaWorkerThread]: SdHoareTripleChecker [4 Valid, 8 Invalid, 27 Unknown, 0 Unchecked, 0.0s Time], IncrementalHoareTripleChecker [0 Valid, 27 Invalid, 0 Unknown, 0 Unchecked, 0.0s Time]
[2026-06-06 09:32:01,322 INFO  L189       MonitoredProcess]: No working directory specified, using /usr/bin/z3
[2026-06-06 09:32:01,322 INFO  L224   CegarNwaWorkerThread]: Done with Thread: 107#
[2026-06-06 09:32:01,322 INFO  L196   CegarNwaWorkerThread]: WorkerThread: Thread[#107,Worker for 1949841836,5,main] is Waiting for a Task
[2026-06-06 09:32:01,322 INFO  L634   ParallelNwaCegarLoop]: Waking up, a worker is done.
[2026-06-06 09:32:01,322 INFO  L293   ParallelNwaCegarLoop]: Main: A Thread is Done
[2026-06-06 09:32:01,322 INFO  L311   ParallelNwaCegarLoop]: Worker Automaton Type: FLOYD_HOARE
[2026-06-06 09:32:01,322 INFO  L79                 Accepts]: Start accepts. Automaton has 8 states and 9 transitions. Word has length 7
[2026-06-06 09:32:01,322 INFO  L85                 Accepts]: Finished accepts. word is accepted.
[2026-06-06 09:32:01,322 INFO  L313   ParallelNwaCegarLoop]: Refining Abstraction
[2026-06-06 09:32:01,322 INFO  L697   ParallelNwaCegarLoop]: Subtrahend traceHash: 1949841836
[2026-06-06 09:32:01,322 INFO  L664   ParallelNwaCegarLoop]: Difference in Main
[2026-06-06 09:32:01,322 INFO  L87              Difference]: Start difference. First operand 8 states and 9 transitions. Second operand  has 7 states, 6 states have (on average 2.8333333333333335) internal successors, (17), 7 states have internal predecessors, (17), 0 states have call successors, (0), 0 states have call predecessors, (0), 0 states have return successors, (0), 0 states have call predecessors, (0), 0 states have call successors, (0)
[2026-06-06 09:32:01,322 INFO  L144             Difference]: Subtrahend was deterministic. Have not used determinization.
[2026-06-06 09:32:01,322 INFO  L93              Difference]: Finished difference Result 9 states and 10 transitions.
[2026-06-06 09:32:01,323 INFO  L225             Difference]: With dead ends: 9
[2026-06-06 09:32:01,323 INFO  L226             Difference]: Without dead ends: 9
[2026-06-06 09:32:01,323 INFO  L82        GeneralOperation]: Start minimizeSevpa. Operand 9 states.
[2026-06-06 09:32:01,323 INFO  L88        GeneralOperation]: Finished minimizeSevpa. Reduced states from 9 to 9.
[2026-06-06 09:32:01,323 INFO  L82        GeneralOperation]: Start removeUnreachable. Operand  has 9 states, 8 states have (on average 1.25) internal successors, (10), 8 states have internal predecessors, (10), 0 states have call successors, (0), 0 states have call predecessors, (0), 0 states have return successors, (0), 0 states have call predecessors, (0), 0 states have call successors, (0)
[2026-06-06 09:32:01,323 INFO  L88        GeneralOperation]: Finished removeUnreachable. Reduced from 9 states to 9 states and 10 transitions.
[2026-06-06 09:32:01,323 INFO  L675   ParallelNwaCegarLoop]: Main: Refinement done.
[2026-06-06 09:32:01,323 INFO  L594   ParallelNwaCegarLoop]: Checking if program is safe
[2026-06-06 09:32:01,323 INFO  L290                IsEmpty]: Start isEmpty. Operand 9 states and 10 transitions.
[2026-06-06 09:32:01,323 INFO  L300                IsEmpty]: Finished isEmpty. Found accepting run of length 9
[2026-06-06 09:32:01,323 INFO  L229       MonitoredProcess]: Starting monitored process 18 with /usr/bin/z3 -smt2 -in SMTLIB2_COMPLIANT=true (exit command is (exit), workingDir is null)
[2026-06-06 09:32:01,323 INFO  L199           NwaCegarLoop]: Found error trace
[2026-06-06 09:32:01,323 INFO  L207           NwaCegarLoop]: trace histogram [2, 2, 1, 1, 1, 1]
[2026-06-06 09:32:01,323 INFO  L336   ParallelNwaCegarLoop]: No more worker results to process
[2026-06-06 09:32:01,324 INFO  L290                IsEmpty]: Start isEmptyParallel. Operand 9 states and 10 transitions.
[2026-06-06 09:32:01,324 INFO  L300                IsEmpty]: Finished isEmptyParallel. No accepting run.
[2026-06-06 09:32:01,324 INFO  L156        IsEmptyParallel]: Start isEmptyParallel. Operand 9 states and 10 transitions.
[2026-06-06 09:32:01,324 INFO  L182       IsEmptyHeuristic]: Start isEmptyHeuristic. Operand 9 states and 10 transitions.
[2026-06-06 09:32:01,324 INFO  L188       IsEmptyHeuristic]: Finished isEmptyHeuristic. Found accepting run of length 12
[2026-06-06 09:32:01,324 INFO  L163        IsEmptyParallel]: Finished isEmptyParallel. Found accepting run of length 12
[2026-06-06 09:32:01,324 WARN  L753                IsEmpty]: Correctness of emptinessCheck not tested.
[2026-06-06 09:32:01,324 INFO  L79                 Accepts]: Start accepts. Automaton has 9 states and 10 transitions. Word has length 11
[2026-06-06 09:32:01,324 INFO  L85                 Accepts]: Finished accepts. word is accepted.
[2026-06-06 09:32:01,324 INFO  L757                IsEmpty]: Finished testing correctness of emptinessCheck
[2026-06-06 09:32:01,324 INFO  L290                IsEmpty]: Start isEmptyParallel. Operand 9 states and 10 transitions.
[2026-06-06 09:32:01,324 INFO  L300                IsEmpty]: Finished isEmptyParallel. No accepting run.
[2026-06-06 09:32:01,324 INFO  L156        IsEmptyParallel]: Start isEmptyParallel. Operand 9 states and 10 transitions.
[2026-06-06 09:32:01,324 INFO  L182       IsEmptyHeuristic]: Start isEmptyHeuristic. Operand 9 states and 10 transitions.
[2026-06-06 09:32:01,324 INFO  L188       IsEmptyHeuristic]: Finished isEmptyHeuristic. Found accepting run of length 11
[2026-06-06 09:32:01,324 INFO  L163        IsEmptyParallel]: Finished isEmptyParallel. Found accepting run of length 11
[2026-06-06 09:32:01,324 WARN  L753                IsEmpty]: Correctness of emptinessCheck not tested.
[2026-06-06 09:32:01,324 INFO  L79                 Accepts]: Start accepts. Automaton has 9 states and 10 transitions. Word has length 10
[2026-06-06 09:32:01,324 INFO  L85                 Accepts]: Finished accepts. word is accepted.
[2026-06-06 09:32:01,324 INFO  L757                IsEmpty]: Finished testing correctness of emptinessCheck
[2026-06-06 09:32:01,324 INFO  L290                IsEmpty]: Start isEmptyParallel. Operand 9 states and 10 transitions.
[2026-06-06 09:32:01,324 INFO  L300                IsEmpty]: Finished isEmptyParallel. No accepting run.
[2026-06-06 09:32:01,324 INFO  L156        IsEmptyParallel]: Start isEmptyParallel. Operand 9 states and 10 transitions.
[2026-06-06 09:32:01,324 INFO  L327       MonitoredProcess]: [MP /usr/bin/z3 -smt2 -in SMTLIB2_COMPLIANT=true (18)] Waiting until timeout for monitored process
[2026-06-06 09:32:01,324 INFO  L182       IsEmptyHeuristic]: Start isEmptyHeuristic. Operand 9 states and 10 transitions.
[2026-06-06 09:32:01,324 INFO  L188       IsEmptyHeuristic]: Finished isEmptyHeuristic. Found accepting run of length 14
[2026-06-06 09:32:01,325 INFO  L163        IsEmptyParallel]: Finished isEmptyParallel. Found accepting run of length 14
[2026-06-06 09:32:01,325 WARN  L753                IsEmpty]: Correctness of emptinessCheck not tested.
[2026-06-06 09:32:01,325 INFO  L79                 Accepts]: Start accepts. Automaton has 9 states and 10 transitions. Word has length 13
[2026-06-06 09:32:01,325 INFO  L85                 Accepts]: Finished accepts. word is accepted.
[2026-06-06 09:32:01,325 INFO  L757                IsEmpty]: Finished testing correctness of emptinessCheck
[2026-06-06 09:32:01,325 INFO  L290                IsEmpty]: Start isEmptyParallel. Operand 9 states and 10 transitions.
[2026-06-06 09:32:01,325 INFO  L300                IsEmpty]: Finished isEmptyParallel. No accepting run.
[2026-06-06 09:32:01,325 INFO  L156        IsEmptyParallel]: Start isEmptyParallel. Operand 9 states and 10 transitions.
[2026-06-06 09:32:01,325 INFO  L182       IsEmptyHeuristic]: Start isEmptyHeuristic. Operand 9 states and 10 transitions.
[2026-06-06 09:32:01,325 INFO  L188       IsEmptyHeuristic]: Finished isEmptyHeuristic. Found accepting run of length 13
[2026-06-06 09:32:01,325 INFO  L163        IsEmptyParallel]: Finished isEmptyParallel. Found accepting run of length 13
[2026-06-06 09:32:01,325 WARN  L753                IsEmpty]: Correctness of emptinessCheck not tested.
[2026-06-06 09:32:01,325 INFO  L79                 Accepts]: Start accepts. Automaton has 9 states and 10 transitions. Word has length 12
[2026-06-06 09:32:01,325 INFO  L85                 Accepts]: Finished accepts. word is accepted.
[2026-06-06 09:32:01,325 INFO  L757                IsEmpty]: Finished testing correctness of emptinessCheck
[2026-06-06 09:32:01,325 INFO  L86        PathProgramCache]: Analyzing trace with hash -1692740822, now seen corresponding path program 12 times
[2026-06-06 09:32:01,325 INFO  L614   ParallelNwaCegarLoop]: Main: Starting Thread
[2026-06-06 09:32:01,325 INFO  L111    AnnotateAndAsserter]: Assert order INSIDE_LOOP_FIRST1 issued 3 check-sat command(s) and asserted 10 of 10 statements.
[2026-06-06 09:32:01,325 INFO  L283   ParallelNwaCegarLoop]: === Iteration 6 ===
[2026-06-06 09:32:01,325 INFO  L631   ParallelNwaCegarLoop]: All threads busy, going to sleep.
[2026-06-06 09:32:01,325 INFO  L209   CegarNwaWorkerThread]: Starting Thread: 107# for Trace Check: -1692740822
[2026-06-06 09:32:01,325 INFO  L114    AnnotateAndAsserter]: Assert order INSIDE_LOOP_FIRST1 issued 3 check-sat command(s)
[2026-06-06 09:32:01,325 INFO  L115    AnnotateAndAsserter]: Conjunction of SSA is unsat
[2026-06-06 09:32:01,325 INFO  L156       PredicateUnifier]: Initialized classic predicate unifier
[2026-06-06 09:32:01,326 INFO  L86        PathProgramCache]: Analyzing trace with hash -1692740822, now seen corresponding path program 12 times
[2026-06-06 09:32:01,326 INFO  L118   FreeRefinementEngine]: Executing refinement strategy CAMEL
[2026-06-06 09:32:01,326 INFO  L324   FreeRefinementEngine]: Using trace check IpTcStrategyModuleSmtInterpolCraig [586514894]
[2026-06-06 09:32:01,326 INFO  L95    rtionOrderModulation]: Changing assertion order to MIX_INSIDE_OUTSIDE
[2026-06-06 09:32:01,326 INFO  L127          SolverBuilder]: Constructing new instance of SMTInterpol with explicit timeout -1 ms and remaining time -1 ms
[2026-06-06 09:32:01,327 INFO  L134       CoverageAnalysis]: Checked inductivity of 16 backedges. 6 proven. 10 refuted. 0 times theorem prover too weak. 0 trivial. 0 not checked.
[2026-06-06 09:32:01,327 INFO  L312         TraceCheckSpWp]: Computing backward predicates...
[2026-06-06 09:32:01,330 INFO  L108    AnnotateAndAsserter]: Assert order MIX_INSIDE_OUTSIDE partitioned 10 statements into 3 equivalence classes.
[2026-06-06 09:32:01,333 INFO  L111    AnnotateAndAsserter]: Assert order MIX_INSIDE_OUTSIDE issued 3 check-sat command(s) and asserted 10 of 10 statements.
[2026-06-06 09:32:01,333 INFO  L114    AnnotateAndAsserter]: Assert order MIX_INSIDE_OUTSIDE issued 3 check-sat command(s)
[2026-06-06 09:32:01,333 INFO  L115    AnnotateAndAsserter]: Conjunction of SSA is unsat
[2026-06-06 09:32:01,339 INFO  L134       CoverageAnalysis]: Checked inductivity of 7 backedges. 0 proven. 1 refuted. 0 times theorem prover too weak. 6 trivial. 0 not checked.
[2026-06-06 09:32:01,339 INFO  L312         TraceCheckSpWp]: Computing backward predicates...
[2026-06-06 09:32:01,340 INFO  L108    AnnotateAndAsserter]: Assert order OUTSIDE_LOOP_FIRST1 partitioned 8 statements into 2 equivalence classes.
[2026-06-06 09:32:01,344 INFO  L134       CoverageAnalysis]: Checked inductivity of 9 backedges. 6 proven. 3 refuted. 0 times theorem prover too weak. 0 trivial. 0 not checked.
[2026-06-06 09:32:01,344 INFO  L136   FreeRefinementEngine]: Strategy CAMEL found an infeasible trace
[2026-06-06 09:32:01,345 INFO  L324   FreeRefinementEngine]: Using interpolant generator IpTcStrategyModuleSmtInterpolCraig [993768731]
[2026-06-06 09:32:01,345 INFO  L158   FreeRefinementEngine]: IpTcStrategyModuleSmtInterpolCraig [993768731] provided 0 perfect and 1 imperfect interpolant sequences
[2026-06-06 09:32:01,345 INFO  L324   FreeRefinementEngine]: Using interpolant generator IpTcStrategyModuleZ3 [986444076]
[2026-06-06 09:32:01,345 INFO  L95    rtionOrderModulation]: Changing assertion order to OUTSIDE_LOOP_FIRST2
[2026-06-06 09:32:01,345 INFO  L173          SolverBuilder]: Constructing external solver with command: z3 -smt2 -in SMTLIB2_COMPLIANT=true
[2026-06-06 09:32:01,347 INFO  L111    AnnotateAndAsserter]: Assert order OUTSIDE_LOOP_FIRST1 issued 2 check-sat command(s) and asserted 8 of 8 statements.
[2026-06-06 09:32:01,347 INFO  L114    AnnotateAndAsserter]: Assert order OUTSIDE_LOOP_FIRST1 issued 2 check-sat command(s)
[2026-06-06 09:32:01,347 INFO  L115    AnnotateAndAsserter]: Conjunction of SSA is unsat
[2026-06-06 09:32:01,347 INFO  L189       MonitoredProcess]: No working directory specified, using /usr/bin/z3
[2026-06-06 09:32:01,347 INFO  L256         TraceCheckSpWp]: Trace formula consists of 61 conjuncts, 21 conjuncts are in the unsatisfiable core
[2026-06-06 09:32:01,347 INFO  L134       CoverageAnalysis]: Checked inductivity of 16 backedges. 10 proven. 6 refuted. 0 times theorem prover too weak. 0 trivial. 0 not checked.
[2026-06-06 09:32:01,347 INFO  L158   FreeRefinementEngine]: IpTcStrategyModuleZ3 [1001525778] provided 0 perfect and 2 imperfect interpolant sequences
[2026-06-06 09:32:01,347 INFO  L185   FreeRefinementEngine]: Found 0 perfect and 3 imperfect interpolant sequences.
[2026-06-06 09:32:01,348 INFO  L198   FreeRefinementEngine]: Number of different interpolants: perfect sequences [] imperfect sequences [7, 7, 7] total 11
[2026-06-06 09:32:01,348 INFO  L122   tionRefinementEngine]: Using interpolant automaton builder IpAbStrategyModuleStraightlineAll [1691229172]
[2026-06-06 09:32:01,348 INFO  L85    oduleStraightlineAll]: Using 3 imperfect interpolants to construct interpolant automaton
[2026-06-06 09:32:01,348 INFO  L100   FreeRefinementEngine]: Using predicate unifier PredicateUnifier provided by strategy CAMEL
[2026-06-06 09:32:01,348 INFO  L144   InterpolantAutomaton]: Constructing interpolant automaton starting with 12 interpolants.
[2026-06-06 09:32:01,348 INFO  L146   InterpolantAutomaton]: CoverageRelationStatistics Valid=50, Invalid=82, Unknown=0, NotChecked=0, Total=132
[2026-06-06 09:32:01,348 INFO  L419   CegarNwaWorkerThread]: Difference in Worker for Generalization
[2026-06-06 09:32:01,348 INFO  L87              Difference]: Start difference. First operand  has 6 states, 4 states have (on average 1.75) internal successors, (7), 5 states have internal predecessors, (7), 0 states have call successors, (0), 0 states have call predecessors, (0), 0 states have return successors, (0), 0 states have call predecessors, (0), 0 states have call successors, (0) Second operand  has 12 states, 12 states have (on average 1.5) internal successors, (18), 11 states have internal predecessors, (18), 0 states have call successors, (0), 0 states have call predecessors, (0), 0 states have return successors, (0), 0 states have call predecessors, (0), 0 states have call successors, (0)
[2026-06-06 09:32:01,348 INFO  L279         TraceCheckSpWp]: Computing forward predicates...
[2026-06-06 09:32:01,349 INFO  L229       MonitoredProcess]: Starting monitored process 19 with /usr/bin/z3 -smt2 -in SMTLIB2_COMPLIANT=true (exit command is (exit), workingDir is null)
[2026-06-06 09:32:01,349 INFO  L327       MonitoredProcess]: [MP /usr/bin/z3 -smt2 -in SMTLIB2_COMPLIANT=true (19)] Waiting until timeout for monitored process
[2026-06-06 09:32:01,355 INFO  L134       CoverageAnalysis]: Checked inductivity of 16 backedges. 6 proven. 10 refuted. 0 times theorem prover too weak. 0 trivial. 0 not checked.
[2026-06-06 09:32:01,355 INFO  L158   FreeRefinementEngine]: IpTcStrategyModuleZ3 [681947379] provided 0 perfect and 2 imperfect interpolant sequences
[2026-06-06 09:32:01,355 INFO  L185   FreeRefinementEngine]: Found 0 perfect and 3 imperfect interpolant sequences.
[2026-06-06 09:32:01,356 INFO  L198   FreeRefinementEngine]: Number of different interpolants: perfect sequences [] imperfect sequences [6, 6, 6] total 6
[2026-06-06 09:32:01,356 INFO  L122   tionRefinementEngine]: Using interpolant automaton builder IpAbStrategyModuleStraightlineAll [1053848337]
[2026-06-06 09:32:01,356 INFO  L85    oduleStraightlineAll]: Using 3 imperfect interpolants to construct interpolant automaton
[2026-06-06 09:32:01,356 INFO  L100   FreeRefinementEngine]: Using predicate unifier PredicateUnifier provided by strategy CAMEL
[2026-06-06 09:32:01,356 INFO  L144   InterpolantAutomaton]: Constructing interpolant automaton starting with 7 interpolants.
[2026-06-06 09:32:01,356 INFO  L146   InterpolantAutomaton]: CoverageRelationStatistics Valid=17, Invalid=25, Unknown=0, NotChecked=0, Total=42
[2026-06-06 09:32:01,356 INFO  L419   CegarNwaWorkerThread]: Difference in Worker for Generalization
[2026-06-06 09:32:01,356 INFO  L87              Difference]: Start difference. First operand  has 6 states, 4 states have (on average 1.75) internal successors, (7), 5 states have internal predecessors, (7), 0 states have call successors, (0), 0 states have call predecessors, (0), 0 states have return successors, (0), 0 states have call predecessors, (0), 0 states have call successors, (0) Second operand  has 7 states, 7 states have (on average 1.5714285714285714) internal successors, (11), 6 states have internal predecessors, (11), 0 states have call successors, (0), 0 states have call predecessors, (0), 0 states have return successors, (0), 0 states have call predecessors, (0), 0 states have call successors, (0)
[2026-06-06 09:32:01,359 INFO  L354             Elim1Store]: Elim1 eliminated variable of array dimension 1, 0 stores, 1 select indices, 1 select index equivalence classes, 0 disjoint index pairs (out of 0 index pairs), introduced 1 new quantified variables, introduced 0 case distinctions, treesize of input 22 treesize of output 18
[2026-06-06 09:32:01,366 INFO  L134       CoverageAnalysis]: Checked inductivity of 7 backedges. 0 proven. 1 refuted. 0 times theorem prover too weak. 6 trivial. 0 not checked.
[2026-06-06 09:32:01,366 INFO  L158   FreeRefinementEngine]: IpTcStrategyModuleZ3 [1715513649] provided 0 perfect and 2 imperfect interpolant sequences
[2026-06-06 09:32:01,366 INFO  L185   FreeRefinementEngine]: Found 0 perfect and 3 imperfect interpolant sequences.
[2026-06-06 09:32:01,366 INFO  L198   FreeRefinementEngine]: Number of different interpolants: perfect sequences [] imperfect sequences [4, 4, 4] total 7
[2026-06-06 09:32:01,366 INFO  L122   tionRefinementEngine]: Using interpolant automaton builder IpAbStrategyModuleStraightlineAll [206805933]
[2026-06-06 09:32:01,366 INFO  L85    oduleStraightlineAll]: Using 3 imperfect interpolants to construct interpolant automaton
[2026-06-06 09:32:01,366 INFO  L100   FreeRefinementEngine]: Using predicate unifier PredicateUnifier provided by strategy CAMEL
[2026-06-06 09:32:01,366 INFO  L144   InterpolantAutomaton]: Constructing interpolant automaton starting with 7 interpolants.
[2026-06-06 09:32:01,366 INFO  L146   InterpolantAutomaton]: CoverageRelationStatistics Valid=15, Invalid=27, Unknown=0, NotChecked=0, Total=42
[2026-06-06 09:32:01,366 INFO  L419   CegarNwaWorkerThread]: Difference in Worker for Generalization
[2026-06-06 09:32:01,366 INFO  L87              Difference]: Start difference. First operand  has 6 states, 4 states have (on average 1.75) internal successors, (7), 5 states have internal predecessors, (7), 0 states have call successors, (0), 0 states have call predecessors, (0), 0 states have return successors, (0), 0 states have call predecessors, (0), 0 states have call successors, (0) Second operand  has 7 states, 7 states have (on average 1.5714285714285714) internal successors, (11), 7 states have internal predecessors, (11), 0 states have call successors, (0), 0 states have call predecessors, (0), 0 states have return successors, (0), 0 states have call predecessors, (0), 0 states have call successors, (0)
[2026-06-06 09:32:01,367 INFO  L108    AnnotateAndAsserter]: Assert order OUTSIDE_LOOP_FIRST2 partitioned 9 statements into 3 equivalence classes.
[2026-06-06 09:32:01,367 INFO  L134       CoverageAnalysis]: Checked inductivity of 13 backedges. 10 proven. 3 refuted. 0 times theorem prover too weak. 0 trivial. 0 not checked.
[2026-06-06 09:32:01,367 INFO  L136   FreeRefinementEngine]: Strategy CAMEL found an infeasible trace
[2026-06-06 09:32:01,367 INFO  L324   FreeRefinementEngine]: Using interpolant generator IpTcStrategyModuleSmtInterpolCraig [586514894]
[2026-06-06 09:32:01,367 INFO  L158   FreeRefinementEngine]: IpTcStrategyModuleSmtInterpolCraig [586514894] provided 0 perfect and 1 imperfect interpolant sequences
[2026-06-06 09:32:01,367 INFO  L324   FreeRefinementEngine]: Using interpolant generator IpTcStrategyModuleZ3 [834271570]
[2026-06-06 09:32:01,367 INFO  L95    rtionOrderModulation]: Changing assertion order to MIX_INSIDE_OUTSIDE
[2026-06-06 09:32:01,367 INFO  L173          SolverBuilder]: Constructing external solver with command: z3 -smt2 -in SMTLIB2_COMPLIANT=true
[2026-06-06 09:32:01,370 INFO  L189       MonitoredProcess]: No working directory specified, using /usr/bin/z3
[2026-06-06 09:32:01,371 INFO  L229       MonitoredProcess]: Starting monitored process 20 with /usr/bin/z3 -smt2 -in SMTLIB2_COMPLIANT=true (exit command is (exit), workingDir is null)
[2026-06-06 09:32:01,372 INFO  L134       CoverageAnalysis]: Checked inductivity of 9 backedges. 0 proven. 3 refuted. 0 times theorem prover too weak. 6 trivial. 0 not checked.
[2026-06-06 09:32:01,372 INFO  L136   FreeRefinementEngine]: Strategy CAMEL found an infeasible trace
[2026-06-06 09:32:01,372 INFO  L324   FreeRefinementEngine]: Using interpolant generator IpTcStrategyModuleSmtInterpolCraig [778253331]
[2026-06-06 09:32:01,372 INFO  L158   FreeRefinementEngine]: IpTcStrategyModuleSmtInterpolCraig [778253331] provided 0 perfect and 1 imperfect interpolant sequences
[2026-06-06 09:32:01,372 INFO  L324   FreeRefinementEngine]: Using interpolant generator IpTcStrategyModuleZ3 [1092168451]
[2026-06-06 09:32:01,372 INFO  L95    rtionOrderModulation]: Changing assertion order to TERMS_WITH_SMALL_CONSTANTS_FIRST
[2026-06-06 09:32:01,372 INFO  L173          SolverBuilder]: Constructing external solver with command: z3 -smt2 -in SMTLIB2_COMPLIANT=true
[2026-06-06 09:32:01,373 INFO  L327       MonitoredProcess]: [MP /usr/bin/z3 -smt2 -in SMTLIB2_COMPLIANT=true (20)] Waiting until timeout for monitored process
[2026-06-06 09:32:01,374 INFO  L111    AnnotateAndAsserter]: Assert order OUTSIDE_LOOP_FIRST2 issued 3 check-sat command(s) and asserted 9 of 9 statements.
[2026-06-06 09:32:01,374 INFO  L114    AnnotateAndAsserter]: Assert order OUTSIDE_LOOP_FIRST2 issued 3 check-sat command(s)
[2026-06-06 09:32:01,374 INFO  L115    AnnotateAndAsserter]: Conjunction of SSA is unsat
[2026-06-06 09:32:01,374 INFO  L354             Elim1Store]: Elim1 eliminated variable of array dimension 1, 1 stores, 0 select indices, 0 select index equivalence classes, 0 disjoint index pairs (out of 0 index pairs), introduced 0 new quantified variables, introduced 0 case distinctions, treesize of input 8 treesize of output 7
[2026-06-06 09:32:01,374 INFO  L256         TraceCheckSpWp]: Trace formula consists of 69 conjuncts, 8 conjuncts are in the unsatisfiable core
[2026-06-06 09:32:01,375 INFO  L279         TraceCheckSpWp]: Computing forward predicates...
[2026-06-06 09:32:01,375 INFO  L189       MonitoredProcess]: No working directory specified, using /usr/bin/z3
[2026-06-06 09:32:01,377 INFO  L229       MonitoredProcess]: Starting monitored process 21 with /usr/bin/z3 -smt2 -in SMTLIB2_COMPLIANT=true (exit command is (exit), workingDir is null)
[2026-06-06 09:32:01,377 INFO  L327       MonitoredProcess]: [MP /usr/bin/z3 -smt2 -in SMTLIB2_COMPLIANT=true (21)] Waiting until timeout for monitored process
[2026-06-06 09:32:01,382 INFO  L134       CoverageAnalysis]: Checked inductivity of 9 backedges. 6 proven. 3 refuted. 0 times theorem prover too weak. 0 trivial. 0 not checked.
[2026-06-06 09:32:01,382 INFO  L312         TraceCheckSpWp]: Computing backward predicates...
[2026-06-06 09:32:01,384 INFO  L134       CoverageAnalysis]: Checked inductivity of 6 backedges. 0 proven. 6 refuted. 0 times theorem prover too weak. 0 trivial. 0 not checked.
[2026-06-06 09:32:01,384 INFO  L312         TraceCheckSpWp]: Computing backward predicates...
[2026-06-06 09:32:01,387 INFO  L144             Difference]: Subtrahend was deterministic. Have not used determinization.
[2026-06-06 09:32:01,387 INFO  L93              Difference]: Finished difference Result 14 states and 20 transitions.
[2026-06-06 09:32:01,387 INFO  L140   InterpolantAutomaton]: Switched to read-only mode: deterministic interpolant automaton has 11 states. 
[2026-06-06 09:32:01,388 INFO  L144             Difference]: Subtrahend was deterministic. Have not used determinization.
[2026-06-06 09:32:01,388 INFO  L93              Difference]: Finished difference Result 8 states and 9 transitions.
[2026-06-06 09:32:01,388 INFO  L140   InterpolantAutomaton]: Switched to read-only mode: deterministic interpolant automaton has 5 states. 
[2026-06-06 09:32:01,388 INFO  L225             Difference]: With dead ends: 8
[2026-06-06 09:32:01,388 INFO  L226             Difference]: Without dead ends: 8
[2026-06-06 09:32:01,388 INFO  L225             Difference]: With dead ends: 14
[2026-06-06 09:32:01,389 INFO  L226             Difference]: Without dead ends: 14
[2026-06-06 09:32:01,389 INFO  L487   CegarNwaWorkerThread]: 0 DeclaredPredicates, 19 GetRequests, 13 SyntacticMatches, 0 SemanticMatches, 6 ConstructedPredicates, 0 IntricatePredicates, 0 DeprecatedPredicates, 4 ImplicationChecksByTransitivity, 0.0s TimeCoverageRelationStatistics Valid=21, Invalid=35, Unknown=0, NotChecked=0, Total=56
[2026-06-06 09:32:01,389 INFO  L108    AnnotateAndAsserter]: Assert order MIX_INSIDE_OUTSIDE partitioned 10 statements into 3 equivalence classes.
[2026-06-06 09:32:01,389 INFO  L487   CegarNwaWorkerThread]: 0 DeclaredPredicates, 34 GetRequests, 17 SyntacticMatches, 8 SemanticMatches, 9 ConstructedPredicates, 0 IntricatePredicates, 0 DeprecatedPredicates, 24 ImplicationChecksByTransitivity, 0.0s TimeCoverageRelationStatistics Valid=45, Invalid=65, Unknown=0, NotChecked=0, Total=110
[2026-06-06 09:32:01,389 INFO  L488   CegarNwaWorkerThread]: 3 mSDtfsCounter, 0 mSDsluCounter, 3 mSDsCounter, 0 mSdLazyCounter, 19 mSolverCounterSat, 4 mSolverCounterUnsat, 0 mSolverCounterUnknown, 0 mSolverCounterNotChecked, 0.0s Time, 0 mProtectedPredicate, 0 mProtectedAction, 0 SdHoareTripleChecker+Valid, 6 SdHoareTripleChecker+Invalid, 23 SdHoareTripleChecker+Unknown, 0 SdHoareTripleChecker+Unchecked, 0.0s SdHoareTripleChecker+Time, 4 IncrementalHoareTripleChecker+Valid, 19 IncrementalHoareTripleChecker+Invalid, 0 IncrementalHoareTripleChecker+Unknown, 0 IncrementalHoareTripleChecker+Unchecked, 0.0s IncrementalHoareTripleChecker+Time
[2026-06-06 09:32:01,389 INFO  L489   CegarNwaWorkerThread]: SdHoareTripleChecker [0 Valid, 6 Invalid, 23 Unknown, 0 Unchecked, 0.0s Time], IncrementalHoareTripleChecker [4 Valid, 19 Invalid, 0 Unknown, 0 Unchecked, 0.0s Time]
[2026-06-06 09:32:01,389 INFO  L488   CegarNwaWorkerThread]: 4 mSDtfsCounter, 6 mSDsluCounter, 4 mSDsCounter, 0 mSdLazyCounter, 44 mSolverCounterSat, 0 mSolverCounterUnsat, 0 mSolverCounterUnknown, 0 mSolverCounterNotChecked, 0.0s Time, 0 mProtectedPredicate, 0 mProtectedAction, 6 SdHoareTripleChecker+Valid, 8 SdHoareTripleChecker+Invalid, 44 SdHoareTripleChecker+Unknown, 0 SdHoareTripleChecker+Unchecked, 0.0s SdHoareTripleChecker+Time, 0 IncrementalHoareTripleChecker+Valid, 44 IncrementalHoareTripleChecker+Invalid, 0 IncrementalHoareTripleChecker+Unknown, 0 IncrementalHoareTripleChecker+Unchecked, 0.0s IncrementalHoareTripleChecker+Time
[2026-06-06 09:32:01,389 INFO  L224   CegarNwaWorkerThread]: Done with Thread: 125#
[2026-06-06 09:32:01,389 INFO  L489   CegarNwaWorkerThread]: SdHoareTripleChecker [6 Valid, 8 Invalid, 44 Unknown, 0 Unchecked, 0.0s Time], IncrementalHoareTripleChecker [0 Valid, 44 Invalid, 0 Unknown, 0 Unchecked, 0.0s Time]
[2026-06-06 09:32:01,389 INFO  L196   CegarNwaWorkerThread]: WorkerThread: Thread[#125,Worker for 317135509,5,main] is Waiting for a Task
[2026-06-06 09:32:01,389 INFO  L634   ParallelNwaCegarLoop]: Waking up, a worker is done.
[2026-06-06 09:32:01,390 INFO  L293   ParallelNwaCegarLoop]: Main: A Thread is Done
[2026-06-06 09:32:01,390 INFO  L311   ParallelNwaCegarLoop]: Worker Automaton Type: FLOYD_HOARE
[2026-06-06 09:32:01,390 INFO  L79                 Accepts]: Start accepts. Automaton has 9 states and 10 transitions. Word has length 8
[2026-06-06 09:32:01,390 INFO  L85                 Accepts]: Finished accepts. word is rejected.
[2026-06-06 09:32:01,390 INFO  L747   ParallelNwaCegarLoop]: Recorded stale counterexample prefix coverage.
[2026-06-06 09:32:01,390 INFO  L313   ParallelNwaCegarLoop]: Refining Abstraction
[2026-06-06 09:32:01,390 INFO  L697   ParallelNwaCegarLoop]: Subtrahend traceHash: 317135509
[2026-06-06 09:32:01,390 INFO  L664   ParallelNwaCegarLoop]: Difference in Main
[2026-06-06 09:32:01,390 INFO  L87              Difference]: Start difference. First operand 9 states and 10 transitions. Second operand  has 5 states, 4 states have (on average 3.25) internal successors, (13), 5 states have internal predecessors, (13), 0 states have call successors, (0), 0 states have call predecessors, (0), 0 states have return successors, (0), 0 states have call predecessors, (0), 0 states have call successors, (0)
[2026-06-06 09:32:01,390 INFO  L144             Difference]: Subtrahend was deterministic. Have not used determinization.
[2026-06-06 09:32:01,390 INFO  L93              Difference]: Finished difference Result 10 states and 11 transitions.
[2026-06-06 09:32:01,390 INFO  L225             Difference]: With dead ends: 10
[2026-06-06 09:32:01,390 INFO  L226             Difference]: Without dead ends: 10
[2026-06-06 09:32:01,390 INFO  L354             Elim1Store]: Elim1 eliminated variable of array dimension 1, 0 stores, 1 select indices, 1 select index equivalence classes, 0 disjoint index pairs (out of 0 index pairs), introduced 1 new quantified variables, introduced 0 case distinctions, treesize of input 22 treesize of output 18
[2026-06-06 09:32:01,390 INFO  L82        GeneralOperation]: Start minimizeSevpa. Operand 10 states.
[2026-06-06 09:32:01,390 INFO  L224   CegarNwaWorkerThread]: Done with Thread: 95#
[2026-06-06 09:32:01,390 INFO  L196   CegarNwaWorkerThread]: WorkerThread: Thread[#95,Worker for 375043724,5,main] is Waiting for a Task
[2026-06-06 09:32:01,391 INFO  L88        GeneralOperation]: Finished minimizeSevpa. Reduced states from 10 to 10.
[2026-06-06 09:32:01,391 INFO  L82        GeneralOperation]: Start removeUnreachable. Operand  has 10 states, 9 states have (on average 1.2222222222222223) internal successors, (11), 9 states have internal predecessors, (11), 0 states have call successors, (0), 0 states have call predecessors, (0), 0 states have return successors, (0), 0 states have call predecessors, (0), 0 states have call successors, (0)
[2026-06-06 09:32:01,391 INFO  L88        GeneralOperation]: Finished removeUnreachable. Reduced from 10 states to 10 states and 11 transitions.
[2026-06-06 09:32:01,391 INFO  L675   ParallelNwaCegarLoop]: Main: Refinement done.
[2026-06-06 09:32:01,391 INFO  L594   ParallelNwaCegarLoop]: Checking if program is safe
[2026-06-06 09:32:01,391 INFO  L290                IsEmpty]: Start isEmpty. Operand 10 states and 11 transitions.
[2026-06-06 09:32:01,391 INFO  L300                IsEmpty]: Finished isEmpty. Found accepting run of length 10
[2026-06-06 09:32:01,391 INFO  L199           NwaCegarLoop]: Found error trace
[2026-06-06 09:32:01,391 INFO  L207           NwaCegarLoop]: trace histogram [3, 2, 1, 1, 1, 1]
[2026-06-06 09:32:01,391 INFO  L293   ParallelNwaCegarLoop]: Main: A Thread is Done
[2026-06-06 09:32:01,391 INFO  L311   ParallelNwaCegarLoop]: Worker Automaton Type: FLOYD_HOARE
[2026-06-06 09:32:01,391 INFO  L79                 Accepts]: Start accepts. Automaton has 10 states and 11 transitions. Word has length 11
[2026-06-06 09:32:01,391 INFO  L85                 Accepts]: Finished accepts. word is accepted.
[2026-06-06 09:32:01,391 INFO  L313   ParallelNwaCegarLoop]: Refining Abstraction
[2026-06-06 09:32:01,391 INFO  L697   ParallelNwaCegarLoop]: Subtrahend traceHash: 375043724
[2026-06-06 09:32:01,391 INFO  L664   ParallelNwaCegarLoop]: Difference in Main
[2026-06-06 09:32:01,391 INFO  L87              Difference]: Start difference. First operand 10 states and 11 transitions. Second operand  has 11 states, 10 states have (on average 2.5) internal successors, (25), 11 states have internal predecessors, (25), 0 states have call successors, (0), 0 states have call predecessors, (0), 0 states have return successors, (0), 0 states have call predecessors, (0), 0 states have call successors, (0)
[2026-06-06 09:32:01,391 INFO  L144             Difference]: Subtrahend was deterministic. Have not used determinization.
[2026-06-06 09:32:01,391 INFO  L93              Difference]: Finished difference Result 17 states and 21 transitions.
[2026-06-06 09:32:01,391 INFO  L225             Difference]: With dead ends: 17
[2026-06-06 09:32:01,391 INFO  L226             Difference]: Without dead ends: 17
[2026-06-06 09:32:01,392 INFO  L82        GeneralOperation]: Start minimizeSevpa. Operand 17 states.
[2026-06-06 09:32:01,392 INFO  L88        GeneralOperation]: Finished minimizeSevpa. Reduced states from 17 to 13.
[2026-06-06 09:32:01,392 INFO  L82        GeneralOperation]: Start removeUnreachable. Operand  has 13 states, 12 states have (on average 1.3333333333333333) internal successors, (16), 12 states have internal predecessors, (16), 0 states have call successors, (0), 0 states have call predecessors, (0), 0 states have return successors, (0), 0 states have call predecessors, (0), 0 states have call successors, (0)
[2026-06-06 09:32:01,392 INFO  L88        GeneralOperation]: Finished removeUnreachable. Reduced from 13 states to 13 states and 16 transitions.
[2026-06-06 09:32:01,392 INFO  L675   ParallelNwaCegarLoop]: Main: Refinement done.
[2026-06-06 09:32:01,392 INFO  L594   ParallelNwaCegarLoop]: Checking if program is safe
[2026-06-06 09:32:01,392 INFO  L290                IsEmpty]: Start isEmpty. Operand 13 states and 16 transitions.
[2026-06-06 09:32:01,392 INFO  L300                IsEmpty]: Finished isEmpty. Found accepting run of length 10
[2026-06-06 09:32:01,392 INFO  L199           NwaCegarLoop]: Found error trace
[2026-06-06 09:32:01,392 INFO  L207           NwaCegarLoop]: trace histogram [3, 2, 1, 1, 1, 1]
[2026-06-06 09:32:01,392 INFO  L336   ParallelNwaCegarLoop]: No more worker results to process
[2026-06-06 09:32:01,392 INFO  L290                IsEmpty]: Start isEmptyParallel. Operand 13 states and 16 transitions.
[2026-06-06 09:32:01,392 INFO  L300                IsEmpty]: Finished isEmptyParallel. No accepting run.
[2026-06-06 09:32:01,393 INFO  L156        IsEmptyParallel]: Start isEmptyParallel. Operand 13 states and 16 transitions.
[2026-06-06 09:32:01,393 INFO  L182       IsEmptyHeuristic]: Start isEmptyHeuristic. Operand 13 states and 16 transitions.
[2026-06-06 09:32:01,393 INFO  L188       IsEmptyHeuristic]: Finished isEmptyHeuristic. Found accepting run of length 13
[2026-06-06 09:32:01,393 INFO  L163        IsEmptyParallel]: Finished isEmptyParallel. Found accepting run of length 13
[2026-06-06 09:32:01,393 WARN  L753                IsEmpty]: Correctness of emptinessCheck not tested.
[2026-06-06 09:32:01,393 INFO  L79                 Accepts]: Start accepts. Automaton has 13 states and 16 transitions. Word has length 12
[2026-06-06 09:32:01,393 INFO  L85                 Accepts]: Finished accepts. word is accepted.
[2026-06-06 09:32:01,393 INFO  L757                IsEmpty]: Finished testing correctness of emptinessCheck
[2026-06-06 09:32:01,393 INFO  L290                IsEmpty]: Start isEmptyParallel. Operand 13 states and 16 transitions.
[2026-06-06 09:32:01,393 INFO  L300                IsEmpty]: Finished isEmptyParallel. No accepting run.
[2026-06-06 09:32:01,393 INFO  L156        IsEmptyParallel]: Start isEmptyParallel. Operand 13 states and 16 transitions.
[2026-06-06 09:32:01,393 INFO  L182       IsEmptyHeuristic]: Start isEmptyHeuristic. Operand 13 states and 16 transitions.
[2026-06-06 09:32:01,393 INFO  L188       IsEmptyHeuristic]: Finished isEmptyHeuristic. Found accepting run of length 13
[2026-06-06 09:32:01,393 INFO  L163        IsEmptyParallel]: Finished isEmptyParallel. Found accepting run of length 13
[2026-06-06 09:32:01,393 WARN  L753                IsEmpty]: Correctness of emptinessCheck not tested.
[2026-06-06 09:32:01,393 INFO  L79                 Accepts]: Start accepts. Automaton has 13 states and 16 transitions. Word has length 12
[2026-06-06 09:32:01,393 INFO  L85                 Accepts]: Finished accepts. word is accepted.
[2026-06-06 09:32:01,393 INFO  L757                IsEmpty]: Finished testing correctness of emptinessCheck
[2026-06-06 09:32:01,393 INFO  L290                IsEmpty]: Start isEmptyParallel. Operand 13 states and 16 transitions.
[2026-06-06 09:32:01,393 INFO  L300                IsEmpty]: Finished isEmptyParallel. No accepting run.
[2026-06-06 09:32:01,393 INFO  L156        IsEmptyParallel]: Start isEmptyParallel. Operand 13 states and 16 transitions.
[2026-06-06 09:32:01,393 INFO  L182       IsEmptyHeuristic]: Start isEmptyHeuristic. Operand 13 states and 16 transitions.
[2026-06-06 09:32:01,393 INFO  L188       IsEmptyHeuristic]: Finished isEmptyHeuristic. Found accepting run of length 12
[2026-06-06 09:32:01,393 INFO  L163        IsEmptyParallel]: Finished isEmptyParallel. Found accepting run of length 12
[2026-06-06 09:32:01,393 WARN  L753                IsEmpty]: Correctness of emptinessCheck not tested.
[2026-06-06 09:32:01,393 INFO  L79                 Accepts]: Start accepts. Automaton has 13 states and 16 transitions. Word has length 11
[2026-06-06 09:32:01,394 INFO  L108    AnnotateAndAsserter]: Assert order TERMS_WITH_SMALL_CONSTANTS_FIRST partitioned 9 statements into 2 equivalence classes.
[2026-06-06 09:32:01,394 INFO  L85                 Accepts]: Finished accepts. word is accepted.
[2026-06-06 09:32:01,394 INFO  L757                IsEmpty]: Finished testing correctness of emptinessCheck
[2026-06-06 09:32:01,394 INFO  L290                IsEmpty]: Start isEmptyParallel. Operand 13 states and 16 transitions.
[2026-06-06 09:32:01,394 INFO  L300                IsEmpty]: Finished isEmptyParallel. No accepting run.
[2026-06-06 09:32:01,394 INFO  L156        IsEmptyParallel]: Start isEmptyParallel. Operand 13 states and 16 transitions.
[2026-06-06 09:32:01,394 INFO  L182       IsEmptyHeuristic]: Start isEmptyHeuristic. Operand 13 states and 16 transitions.
[2026-06-06 09:32:01,394 INFO  L188       IsEmptyHeuristic]: Finished isEmptyHeuristic. Found accepting run of length 13
[2026-06-06 09:32:01,394 INFO  L163        IsEmptyParallel]: Finished isEmptyParallel. Found accepting run of length 13
[2026-06-06 09:32:01,394 WARN  L753                IsEmpty]: Correctness of emptinessCheck not tested.
[2026-06-06 09:32:01,394 INFO  L79                 Accepts]: Start accepts. Automaton has 13 states and 16 transitions. Word has length 12
[2026-06-06 09:32:01,394 INFO  L85                 Accepts]: Finished accepts. word is accepted.
[2026-06-06 09:32:01,394 INFO  L757                IsEmpty]: Finished testing correctness of emptinessCheck
[2026-06-06 09:32:01,394 INFO  L290                IsEmpty]: Start isEmptyParallel. Operand 13 states and 16 transitions.
[2026-06-06 09:32:01,394 INFO  L300                IsEmpty]: Finished isEmptyParallel. No accepting run.
[2026-06-06 09:32:01,394 INFO  L156        IsEmptyParallel]: Start isEmptyParallel. Operand 13 states and 16 transitions.
[2026-06-06 09:32:01,394 INFO  L182       IsEmptyHeuristic]: Start isEmptyHeuristic. Operand 13 states and 16 transitions.
[2026-06-06 09:32:01,394 INFO  L188       IsEmptyHeuristic]: Finished isEmptyHeuristic. Found accepting run of length 15
[2026-06-06 09:32:01,394 INFO  L163        IsEmptyParallel]: Finished isEmptyParallel. Found accepting run of length 15
[2026-06-06 09:32:01,394 WARN  L753                IsEmpty]: Correctness of emptinessCheck not tested.
[2026-06-06 09:32:01,394 INFO  L79                 Accepts]: Start accepts. Automaton has 13 states and 16 transitions. Word has length 14
[2026-06-06 09:32:01,394 INFO  L85                 Accepts]: Finished accepts. word is accepted.
[2026-06-06 09:32:01,394 INFO  L757                IsEmpty]: Finished testing correctness of emptinessCheck
[2026-06-06 09:32:01,394 INFO  L290                IsEmpty]: Start isEmptyParallel. Operand 13 states and 16 transitions.
[2026-06-06 09:32:01,394 INFO  L300                IsEmpty]: Finished isEmptyParallel. No accepting run.
[2026-06-06 09:32:01,394 INFO  L156        IsEmptyParallel]: Start isEmptyParallel. Operand 13 states and 16 transitions.
[2026-06-06 09:32:01,394 INFO  L182       IsEmptyHeuristic]: Start isEmptyHeuristic. Operand 13 states and 16 transitions.
[2026-06-06 09:32:01,394 INFO  L188       IsEmptyHeuristic]: Finished isEmptyHeuristic. Found accepting run of length 15
[2026-06-06 09:32:01,394 INFO  L163        IsEmptyParallel]: Finished isEmptyParallel. Found accepting run of length 15
[2026-06-06 09:32:01,394 WARN  L753                IsEmpty]: Correctness of emptinessCheck not tested.
[2026-06-06 09:32:01,394 INFO  L79                 Accepts]: Start accepts. Automaton has 13 states and 16 transitions. Word has length 14
[2026-06-06 09:32:01,394 INFO  L85                 Accepts]: Finished accepts. word is accepted.
[2026-06-06 09:32:01,394 INFO  L757                IsEmpty]: Finished testing correctness of emptinessCheck
[2026-06-06 09:32:01,394 INFO  L290                IsEmpty]: Start isEmptyParallel. Operand 13 states and 16 transitions.
[2026-06-06 09:32:01,394 INFO  L300                IsEmpty]: Finished isEmptyParallel. No accepting run.
[2026-06-06 09:32:01,394 INFO  L156        IsEmptyParallel]: Start isEmptyParallel. Operand 13 states and 16 transitions.
[2026-06-06 09:32:01,394 INFO  L182       IsEmptyHeuristic]: Start isEmptyHeuristic. Operand 13 states and 16 transitions.
[2026-06-06 09:32:01,395 INFO  L188       IsEmptyHeuristic]: Finished isEmptyHeuristic. Found accepting run of length 14
[2026-06-06 09:32:01,395 INFO  L163        IsEmptyParallel]: Finished isEmptyParallel. Found accepting run of length 14
[2026-06-06 09:32:01,395 WARN  L753                IsEmpty]: Correctness of emptinessCheck not tested.
[2026-06-06 09:32:01,395 INFO  L79                 Accepts]: Start accepts. Automaton has 13 states and 16 transitions. Word has length 13
[2026-06-06 09:32:01,395 INFO  L85                 Accepts]: Finished accepts. word is accepted.
[2026-06-06 09:32:01,395 INFO  L757                IsEmpty]: Finished testing correctness of emptinessCheck
[2026-06-06 09:32:01,395 INFO  L290                IsEmpty]: Start isEmptyParallel. Operand 13 states and 16 transitions.
[2026-06-06 09:32:01,395 INFO  L300                IsEmpty]: Finished isEmptyParallel. No accepting run.
[2026-06-06 09:32:01,395 INFO  L156        IsEmptyParallel]: Start isEmptyParallel. Operand 13 states and 16 transitions.
[2026-06-06 09:32:01,395 INFO  L182       IsEmptyHeuristic]: Start isEmptyHeuristic. Operand 13 states and 16 transitions.
[2026-06-06 09:32:01,395 INFO  L188       IsEmptyHeuristic]: Finished isEmptyHeuristic. Found accepting run of length 12
[2026-06-06 09:32:01,395 INFO  L163        IsEmptyParallel]: Finished isEmptyParallel. Found accepting run of length 12
[2026-06-06 09:32:01,395 WARN  L753                IsEmpty]: Correctness of emptinessCheck not tested.
[2026-06-06 09:32:01,395 INFO  L79                 Accepts]: Start accepts. Automaton has 13 states and 16 transitions. Word has length 11
[2026-06-06 09:32:01,395 INFO  L85                 Accepts]: Finished accepts. word is accepted.
[2026-06-06 09:32:01,395 INFO  L757                IsEmpty]: Finished testing correctness of emptinessCheck
[2026-06-06 09:32:01,395 INFO  L86        PathProgramCache]: Analyzing trace with hash -1258544630, now seen corresponding path program 13 times
[2026-06-06 09:32:01,395 INFO  L614   ParallelNwaCegarLoop]: Main: Starting Thread
[2026-06-06 09:32:01,395 INFO  L86        PathProgramCache]: Analyzing trace with hash -935356116, now seen corresponding path program 14 times
[2026-06-06 09:32:01,395 INFO  L614   ParallelNwaCegarLoop]: Main: Starting Thread
[2026-06-06 09:32:01,395 INFO  L209   CegarNwaWorkerThread]: Starting Thread: 125# for Trace Check: -1258544630
[2026-06-06 09:32:01,395 INFO  L209   CegarNwaWorkerThread]: Starting Thread: 95# for Trace Check: -935356116
[2026-06-06 09:32:01,395 INFO  L283   ParallelNwaCegarLoop]: === Iteration 7 ===
[2026-06-06 09:32:01,395 INFO  L631   ParallelNwaCegarLoop]: All threads busy, going to sleep.
[2026-06-06 09:32:01,395 INFO  L156       PredicateUnifier]: Initialized classic predicate unifier
[2026-06-06 09:32:01,395 INFO  L156       PredicateUnifier]: Initialized classic predicate unifier
[2026-06-06 09:32:01,395 INFO  L111    AnnotateAndAsserter]: Assert order MIX_INSIDE_OUTSIDE issued 3 check-sat command(s) and asserted 10 of 10 statements.
[2026-06-06 09:32:01,395 INFO  L86        PathProgramCache]: Analyzing trace with hash -1258544630, now seen corresponding path program 13 times
[2026-06-06 09:32:01,395 INFO  L114    AnnotateAndAsserter]: Assert order MIX_INSIDE_OUTSIDE issued 3 check-sat command(s)
[2026-06-06 09:32:01,395 INFO  L115    AnnotateAndAsserter]: Conjunction of SSA is unsat
[2026-06-06 09:32:01,395 INFO  L86        PathProgramCache]: Analyzing trace with hash -935356116, now seen corresponding path program 14 times
[2026-06-06 09:32:01,396 INFO  L118   FreeRefinementEngine]: Executing refinement strategy CAMEL
[2026-06-06 09:32:01,396 INFO  L118   FreeRefinementEngine]: Executing refinement strategy CAMEL
[2026-06-06 09:32:01,396 INFO  L324   FreeRefinementEngine]: Using trace check IpTcStrategyModuleSmtInterpolCraig [1874436663]
[2026-06-06 09:32:01,396 INFO  L324   FreeRefinementEngine]: Using trace check IpTcStrategyModuleSmtInterpolCraig [1665397127]
[2026-06-06 09:32:01,396 INFO  L95    rtionOrderModulation]: Changing assertion order to NOT_INCREMENTALLY
[2026-06-06 09:32:01,396 INFO  L95    rtionOrderModulation]: Changing assertion order to OUTSIDE_LOOP_FIRST1
[2026-06-06 09:32:01,396 INFO  L127          SolverBuilder]: Constructing new instance of SMTInterpol with explicit timeout -1 ms and remaining time -1 ms
[2026-06-06 09:32:01,396 INFO  L127          SolverBuilder]: Constructing new instance of SMTInterpol with explicit timeout -1 ms and remaining time -1 ms
[2026-06-06 09:32:01,396 INFO  L256         TraceCheckSpWp]: Trace formula consists of 77 conjuncts, 9 conjuncts are in the unsatisfiable core
[2026-06-06 09:32:01,396 INFO  L279         TraceCheckSpWp]: Computing forward predicates...
[2026-06-06 09:32:01,397 INFO  L134       CoverageAnalysis]: Checked inductivity of 9 backedges. 6 proven. 3 refuted. 0 times theorem prover too weak. 0 trivial. 0 not checked.
[2026-06-06 09:32:01,397 INFO  L158   FreeRefinementEngine]: IpTcStrategyModuleZ3 [986444076] provided 0 perfect and 2 imperfect interpolant sequences
[2026-06-06 09:32:01,397 INFO  L111    AnnotateAndAsserter]: Assert order TERMS_WITH_SMALL_CONSTANTS_FIRST issued 1 check-sat command(s) and asserted 5 of 9 statements.
[2026-06-06 09:32:01,397 INFO  L114    AnnotateAndAsserter]: Assert order TERMS_WITH_SMALL_CONSTANTS_FIRST issued 1 check-sat command(s)
[2026-06-06 09:32:01,397 INFO  L115    AnnotateAndAsserter]: Conjunction of SSA is unsat
[2026-06-06 09:32:01,397 INFO  L185   FreeRefinementEngine]: Found 0 perfect and 3 imperfect interpolant sequences.
[2026-06-06 09:32:01,397 INFO  L198   FreeRefinementEngine]: Number of different interpolants: perfect sequences [] imperfect sequences [5, 5, 5] total 5
[2026-06-06 09:32:01,397 INFO  L122   tionRefinementEngine]: Using interpolant automaton builder IpAbStrategyModuleStraightlineAll [1857662455]
[2026-06-06 09:32:01,397 INFO  L85    oduleStraightlineAll]: Using 3 imperfect interpolants to construct interpolant automaton
[2026-06-06 09:32:01,398 INFO  L100   FreeRefinementEngine]: Using predicate unifier PredicateUnifier provided by strategy CAMEL
[2026-06-06 09:32:01,398 INFO  L144   InterpolantAutomaton]: Constructing interpolant automaton starting with 6 interpolants.
[2026-06-06 09:32:01,398 WARN  L254         TraceCheckSpWp]: Trace formula consists of 39 conjuncts, 21 conjuncts are in the unsatisfiable core
[2026-06-06 09:32:01,398 INFO  L146   InterpolantAutomaton]: CoverageRelationStatistics Valid=15, Invalid=15, Unknown=0, NotChecked=0, Total=30
[2026-06-06 09:32:01,398 INFO  L419   CegarNwaWorkerThread]: Difference in Worker for Generalization
[2026-06-06 09:32:01,398 INFO  L87              Difference]: Start difference. First operand  has 6 states, 4 states have (on average 1.75) internal successors, (7), 5 states have internal predecessors, (7), 0 states have call successors, (0), 0 states have call predecessors, (0), 0 states have return successors, (0), 0 states have call predecessors, (0), 0 states have call successors, (0) Second operand  has 6 states, 6 states have (on average 1.5) internal successors, (9), 5 states have internal predecessors, (9), 0 states have call successors, (0), 0 states have call predecessors, (0), 0 states have return successors, (0), 0 states have call predecessors, (0), 0 states have call successors, (0)
[2026-06-06 09:32:01,399 INFO  L279         TraceCheckSpWp]: Computing forward predicates...
[2026-06-06 09:32:01,399 INFO  L108    AnnotateAndAsserter]: Assert order OUTSIDE_LOOP_FIRST1 partitioned 11 statements into 2 equivalence classes.
[2026-06-06 09:32:01,400 INFO  L108    AnnotateAndAsserter]: Assert order NOT_INCREMENTALLY partitioned 12 statements into 1 equivalence classes.
[2026-06-06 09:32:01,403 INFO  L111    AnnotateAndAsserter]: Assert order OUTSIDE_LOOP_FIRST1 issued 2 check-sat command(s) and asserted 11 of 11 statements.
[2026-06-06 09:32:01,403 INFO  L114    AnnotateAndAsserter]: Assert order OUTSIDE_LOOP_FIRST1 issued 2 check-sat command(s)
[2026-06-06 09:32:01,403 INFO  L115    AnnotateAndAsserter]: Conjunction of SSA is unsat
[2026-06-06 09:32:01,404 INFO  L134       CoverageAnalysis]: Checked inductivity of 6 backedges. 0 proven. 6 refuted. 0 times theorem prover too weak. 0 trivial. 0 not checked.
[2026-06-06 09:32:01,404 INFO  L158   FreeRefinementEngine]: IpTcStrategyModuleZ3 [1394422604] provided 0 perfect and 2 imperfect interpolant sequences
[2026-06-06 09:32:01,404 INFO  L185   FreeRefinementEngine]: Found 0 perfect and 3 imperfect interpolant sequences.
[2026-06-06 09:32:01,404 INFO  L198   FreeRefinementEngine]: Number of different interpolants: perfect sequences [] imperfect sequences [7, 7, 7] total 11
[2026-06-06 09:32:01,405 INFO  L122   tionRefinementEngine]: Using interpolant automaton builder IpAbStrategyModuleStraightlineAll [1887967646]
[2026-06-06 09:32:01,405 INFO  L111    AnnotateAndAsserter]: Assert order NOT_INCREMENTALLY issued 1 check-sat command(s) and asserted 12 of 12 statements.
[2026-06-06 09:32:01,405 INFO  L85    oduleStraightlineAll]: Using 3 imperfect interpolants to construct interpolant automaton
[2026-06-06 09:32:01,405 INFO  L114    AnnotateAndAsserter]: Assert order NOT_INCREMENTALLY issued 1 check-sat command(s)
[2026-06-06 09:32:01,405 INFO  L115    AnnotateAndAsserter]: Conjunction of SSA is unsat
[2026-06-06 09:32:01,405 INFO  L100   FreeRefinementEngine]: Using predicate unifier PredicateUnifier provided by strategy CAMEL
[2026-06-06 09:32:01,405 INFO  L144   InterpolantAutomaton]: Constructing interpolant automaton starting with 12 interpolants.
[2026-06-06 09:32:01,406 INFO  L146   InterpolantAutomaton]: CoverageRelationStatistics Valid=28, Invalid=104, Unknown=0, NotChecked=0, Total=132
[2026-06-06 09:32:01,406 INFO  L419   CegarNwaWorkerThread]: Difference in Worker for Generalization
[2026-06-06 09:32:01,406 INFO  L87              Difference]: Start difference. First operand  has 6 states, 4 states have (on average 1.75) internal successors, (7), 5 states have internal predecessors, (7), 0 states have call successors, (0), 0 states have call predecessors, (0), 0 states have return successors, (0), 0 states have call predecessors, (0), 0 states have call successors, (0) Second operand  has 12 states, 12 states have (on average 1.1666666666666667) internal successors, (14), 11 states have internal predecessors, (14), 0 states have call successors, (0), 0 states have call predecessors, (0), 0 states have return successors, (0), 0 states have call predecessors, (0), 0 states have call successors, (0)
[2026-06-06 09:32:01,407 INFO  L134       CoverageAnalysis]: Checked inductivity of 13 backedges. 10 proven. 3 refuted. 0 times theorem prover too weak. 0 trivial. 0 not checked.
[2026-06-06 09:32:01,407 INFO  L312         TraceCheckSpWp]: Computing backward predicates...
[2026-06-06 09:32:01,409 INFO  L144             Difference]: Subtrahend was deterministic. Have not used determinization.
[2026-06-06 09:32:01,409 INFO  L93              Difference]: Finished difference Result 11 states and 17 transitions.
[2026-06-06 09:32:01,409 INFO  L140   InterpolantAutomaton]: Switched to read-only mode: deterministic interpolant automaton has 6 states. 
[2026-06-06 09:32:01,409 INFO  L225             Difference]: With dead ends: 11
[2026-06-06 09:32:01,409 INFO  L226             Difference]: Without dead ends: 11
[2026-06-06 09:32:01,409 INFO  L487   CegarNwaWorkerThread]: 0 DeclaredPredicates, 23 GetRequests, 13 SyntacticMatches, 6 SemanticMatches, 4 ConstructedPredicates, 0 IntricatePredicates, 0 DeprecatedPredicates, 22 ImplicationChecksByTransitivity, 0.0s TimeCoverageRelationStatistics Valid=15, Invalid=15, Unknown=0, NotChecked=0, Total=30
[2026-06-06 09:32:01,410 INFO  L488   CegarNwaWorkerThread]: 2 mSDtfsCounter, 0 mSDsluCounter, 2 mSDsCounter, 0 mSdLazyCounter, 17 mSolverCounterSat, 3 mSolverCounterUnsat, 0 mSolverCounterUnknown, 0 mSolverCounterNotChecked, 0.0s Time, 0 mProtectedPredicate, 0 mProtectedAction, 0 SdHoareTripleChecker+Valid, 4 SdHoareTripleChecker+Invalid, 20 SdHoareTripleChecker+Unknown, 0 SdHoareTripleChecker+Unchecked, 0.0s SdHoareTripleChecker+Time, 3 IncrementalHoareTripleChecker+Valid, 17 IncrementalHoareTripleChecker+Invalid, 0 IncrementalHoareTripleChecker+Unknown, 0 IncrementalHoareTripleChecker+Unchecked, 0.0s IncrementalHoareTripleChecker+Time
[2026-06-06 09:32:01,410 INFO  L489   CegarNwaWorkerThread]: SdHoareTripleChecker [0 Valid, 4 Invalid, 20 Unknown, 0 Unchecked, 0.0s Time], IncrementalHoareTripleChecker [3 Valid, 17 Invalid, 0 Unknown, 0 Unchecked, 0.0s Time]
[2026-06-06 09:32:01,410 INFO  L224   CegarNwaWorkerThread]: Done with Thread: 113#
[2026-06-06 09:32:01,410 INFO  L196   CegarNwaWorkerThread]: WorkerThread: Thread[#113,Worker for 1192321388,5,main] is Waiting for a Task
[2026-06-06 09:32:01,410 INFO  L634   ParallelNwaCegarLoop]: Waking up, a worker is done.
[2026-06-06 09:32:01,410 INFO  L293   ParallelNwaCegarLoop]: Main: A Thread is Done
[2026-06-06 09:32:01,410 INFO  L311   ParallelNwaCegarLoop]: Worker Automaton Type: FLOYD_HOARE
[2026-06-06 09:32:01,410 INFO  L79                 Accepts]: Start accepts. Automaton has 13 states and 16 transitions. Word has length 9
[2026-06-06 09:32:01,410 INFO  L85                 Accepts]: Finished accepts. word is accepted.
[2026-06-06 09:32:01,410 INFO  L313   ParallelNwaCegarLoop]: Refining Abstraction
[2026-06-06 09:32:01,410 INFO  L697   ParallelNwaCegarLoop]: Subtrahend traceHash: 1192321388
[2026-06-06 09:32:01,410 INFO  L664   ParallelNwaCegarLoop]: Difference in Main
[2026-06-06 09:32:01,410 INFO  L87              Difference]: Start difference. First operand 13 states and 16 transitions. Second operand  has 6 states, 5 states have (on average 3.8) internal successors, (19), 6 states have internal predecessors, (19), 0 states have call successors, (0), 0 states have call predecessors, (0), 0 states have return successors, (0), 0 states have call predecessors, (0), 0 states have call successors, (0)
[2026-06-06 09:32:01,411 INFO  L144             Difference]: Subtrahend was deterministic. Have not used determinization.
[2026-06-06 09:32:01,411 INFO  L93              Difference]: Finished difference Result 16 states and 18 transitions.
[2026-06-06 09:32:01,411 INFO  L225             Difference]: With dead ends: 16
[2026-06-06 09:32:01,411 INFO  L226             Difference]: Without dead ends: 13
[2026-06-06 09:32:01,411 INFO  L82        GeneralOperation]: Start minimizeSevpa. Operand 13 states.
[2026-06-06 09:32:01,411 INFO  L88        GeneralOperation]: Finished minimizeSevpa. Reduced states from 13 to 13.
[2026-06-06 09:32:01,411 INFO  L82        GeneralOperation]: Start removeUnreachable. Operand  has 13 states, 12 states have (on average 1.25) internal successors, (15), 12 states have internal predecessors, (15), 0 states have call successors, (0), 0 states have call predecessors, (0), 0 states have return successors, (0), 0 states have call predecessors, (0), 0 states have call successors, (0)
[2026-06-06 09:32:01,412 INFO  L88        GeneralOperation]: Finished removeUnreachable. Reduced from 13 states to 13 states and 15 transitions.
[2026-06-06 09:32:01,412 INFO  L675   ParallelNwaCegarLoop]: Main: Refinement done.
[2026-06-06 09:32:01,412 INFO  L594   ParallelNwaCegarLoop]: Checking if program is safe
[2026-06-06 09:32:01,412 INFO  L290                IsEmpty]: Start isEmpty. Operand 13 states and 15 transitions.
[2026-06-06 09:32:01,412 INFO  L300                IsEmpty]: Finished isEmpty. Found accepting run of length 11
[2026-06-06 09:32:01,412 INFO  L199           NwaCegarLoop]: Found error trace
[2026-06-06 09:32:01,412 INFO  L207           NwaCegarLoop]: trace histogram [3, 3, 1, 1, 1, 1]
[2026-06-06 09:32:01,412 INFO  L336   ParallelNwaCegarLoop]: No more worker results to process
[2026-06-06 09:32:01,412 INFO  L290                IsEmpty]: Start isEmptyParallel. Operand 13 states and 15 transitions.
[2026-06-06 09:32:01,412 INFO  L300                IsEmpty]: Finished isEmptyParallel. No accepting run.
[2026-06-06 09:32:01,412 INFO  L156        IsEmptyParallel]: Start isEmptyParallel. Operand 13 states and 15 transitions.
[2026-06-06 09:32:01,412 INFO  L182       IsEmptyHeuristic]: Start isEmptyHeuristic. Operand 13 states and 15 transitions.
[2026-06-06 09:32:01,412 INFO  L188       IsEmptyHeuristic]: Finished isEmptyHeuristic. Found accepting run of length 13
[2026-06-06 09:32:01,412 INFO  L163        IsEmptyParallel]: Finished isEmptyParallel. Found accepting run of length 13
[2026-06-06 09:32:01,412 WARN  L753                IsEmpty]: Correctness of emptinessCheck not tested.
[2026-06-06 09:32:01,412 INFO  L79                 Accepts]: Start accepts. Automaton has 13 states and 15 transitions. Word has length 12
[2026-06-06 09:32:01,412 INFO  L85                 Accepts]: Finished accepts. word is accepted.
[2026-06-06 09:32:01,412 INFO  L757                IsEmpty]: Finished testing correctness of emptinessCheck
[2026-06-06 09:32:01,412 INFO  L290                IsEmpty]: Start isEmptyParallel. Operand 13 states and 15 transitions.
[2026-06-06 09:32:01,412 INFO  L300                IsEmpty]: Finished isEmptyParallel. No accepting run.
[2026-06-06 09:32:01,413 INFO  L156        IsEmptyParallel]: Start isEmptyParallel. Operand 13 states and 15 transitions.
[2026-06-06 09:32:01,413 INFO  L182       IsEmptyHeuristic]: Start isEmptyHeuristic. Operand 13 states and 15 transitions.
[2026-06-06 09:32:01,413 INFO  L188       IsEmptyHeuristic]: Finished isEmptyHeuristic. Found accepting run of length 15
[2026-06-06 09:32:01,413 INFO  L163        IsEmptyParallel]: Finished isEmptyParallel. Found accepting run of length 15
[2026-06-06 09:32:01,413 WARN  L753                IsEmpty]: Correctness of emptinessCheck not tested.
[2026-06-06 09:32:01,413 INFO  L79                 Accepts]: Start accepts. Automaton has 13 states and 15 transitions. Word has length 14
[2026-06-06 09:32:01,413 INFO  L85                 Accepts]: Finished accepts. word is accepted.
[2026-06-06 09:32:01,413 INFO  L757                IsEmpty]: Finished testing correctness of emptinessCheck
[2026-06-06 09:32:01,413 INFO  L290                IsEmpty]: Start isEmptyParallel. Operand 13 states and 15 transitions.
[2026-06-06 09:32:01,413 INFO  L300                IsEmpty]: Finished isEmptyParallel. No accepting run.
[2026-06-06 09:32:01,413 INFO  L156        IsEmptyParallel]: Start isEmptyParallel. Operand 13 states and 15 transitions.
[2026-06-06 09:32:01,413 INFO  L182       IsEmptyHeuristic]: Start isEmptyHeuristic. Operand 13 states and 15 transitions.
[2026-06-06 09:32:01,413 INFO  L188       IsEmptyHeuristic]: Finished isEmptyHeuristic. Found accepting run of length 12
[2026-06-06 09:32:01,413 INFO  L163        IsEmptyParallel]: Finished isEmptyParallel. Found accepting run of length 12
[2026-06-06 09:32:01,413 WARN  L753                IsEmpty]: Correctness of emptinessCheck not tested.
[2026-06-06 09:32:01,413 INFO  L79                 Accepts]: Start accepts. Automaton has 13 states and 15 transitions. Word has length 11
[2026-06-06 09:32:01,413 INFO  L85                 Accepts]: Finished accepts. word is accepted.
[2026-06-06 09:32:01,413 INFO  L757                IsEmpty]: Finished testing correctness of emptinessCheck
[2026-06-06 09:32:01,413 INFO  L290                IsEmpty]: Start isEmptyParallel. Operand 13 states and 15 transitions.
[2026-06-06 09:32:01,413 INFO  L300                IsEmpty]: Finished isEmptyParallel. No accepting run.
[2026-06-06 09:32:01,413 INFO  L156        IsEmptyParallel]: Start isEmptyParallel. Operand 13 states and 15 transitions.
[2026-06-06 09:32:01,413 INFO  L182       IsEmptyHeuristic]: Start isEmptyHeuristic. Operand 13 states and 15 transitions.
[2026-06-06 09:32:01,414 INFO  L188       IsEmptyHeuristic]: Finished isEmptyHeuristic. Found accepting run of length 16
[2026-06-06 09:32:01,414 INFO  L163        IsEmptyParallel]: Finished isEmptyParallel. Found accepting run of length 16
[2026-06-06 09:32:01,414 WARN  L753                IsEmpty]: Correctness of emptinessCheck not tested.
[2026-06-06 09:32:01,414 INFO  L79                 Accepts]: Start accepts. Automaton has 13 states and 15 transitions. Word has length 15
[2026-06-06 09:32:01,414 INFO  L85                 Accepts]: Finished accepts. word is accepted.
[2026-06-06 09:32:01,414 INFO  L757                IsEmpty]: Finished testing correctness of emptinessCheck
[2026-06-06 09:32:01,414 INFO  L86        PathProgramCache]: Analyzing trace with hash -1869860895, now seen corresponding path program 15 times
[2026-06-06 09:32:01,414 INFO  L614   ParallelNwaCegarLoop]: Main: Starting Thread
[2026-06-06 09:32:01,414 INFO  L209   CegarNwaWorkerThread]: Starting Thread: 113# for Trace Check: -1869860895
[2026-06-06 09:32:01,414 INFO  L283   ParallelNwaCegarLoop]: === Iteration 8 ===
[2026-06-06 09:32:01,414 INFO  L631   ParallelNwaCegarLoop]: All threads busy, going to sleep.
[2026-06-06 09:32:01,414 INFO  L156       PredicateUnifier]: Initialized classic predicate unifier
[2026-06-06 09:32:01,414 INFO  L86        PathProgramCache]: Analyzing trace with hash -1869860895, now seen corresponding path program 15 times
[2026-06-06 09:32:01,414 INFO  L118   FreeRefinementEngine]: Executing refinement strategy CAMEL
[2026-06-06 09:32:01,414 INFO  L324   FreeRefinementEngine]: Using trace check IpTcStrategyModuleSmtInterpolCraig [186545053]
[2026-06-06 09:32:01,414 INFO  L95    rtionOrderModulation]: Changing assertion order to OUTSIDE_LOOP_FIRST2
[2026-06-06 09:32:01,414 INFO  L127          SolverBuilder]: Constructing new instance of SMTInterpol with explicit timeout -1 ms and remaining time -1 ms
[2026-06-06 09:32:01,418 INFO  L108    AnnotateAndAsserter]: Assert order OUTSIDE_LOOP_FIRST2 partitioned 15 statements into 5 equivalence classes.
[2026-06-06 09:32:01,419 INFO  L354             Elim1Store]: Elim1 eliminated variable of array dimension 1, 1 stores, 0 select indices, 0 select index equivalence classes, 0 disjoint index pairs (out of 0 index pairs), introduced 0 new quantified variables, introduced 0 case distinctions, treesize of input 8 treesize of output 7
[2026-06-06 09:32:01,421 INFO  L111    AnnotateAndAsserter]: Assert order OUTSIDE_LOOP_FIRST2 issued 3 check-sat command(s) and asserted 12 of 15 statements.
[2026-06-06 09:32:01,422 INFO  L114    AnnotateAndAsserter]: Assert order OUTSIDE_LOOP_FIRST2 issued 3 check-sat command(s)
[2026-06-06 09:32:01,422 INFO  L115    AnnotateAndAsserter]: Conjunction of SSA is unsat
[2026-06-06 09:32:01,426 INFO  L144             Difference]: Subtrahend was deterministic. Have not used determinization.
[2026-06-06 09:32:01,426 INFO  L93              Difference]: Finished difference Result 20 states and 29 transitions.
[2026-06-06 09:32:01,426 INFO  L140   InterpolantAutomaton]: Switched to read-only mode: deterministic interpolant automaton has 17 states. 
[2026-06-06 09:32:01,426 INFO  L225             Difference]: With dead ends: 20
[2026-06-06 09:32:01,426 INFO  L226             Difference]: Without dead ends: 20
[2026-06-06 09:32:01,426 INFO  L487   CegarNwaWorkerThread]: 0 DeclaredPredicates, 39 GetRequests, 14 SyntacticMatches, 3 SemanticMatches, 22 ConstructedPredicates, 0 IntricatePredicates, 0 DeprecatedPredicates, 122 ImplicationChecksByTransitivity, 0.1s TimeCoverageRelationStatistics Valid=209, Invalid=343, Unknown=0, NotChecked=0, Total=552
[2026-06-06 09:32:01,427 INFO  L488   CegarNwaWorkerThread]: 4 mSDtfsCounter, 11 mSDsluCounter, 8 mSDsCounter, 0 mSdLazyCounter, 94 mSolverCounterSat, 5 mSolverCounterUnsat, 0 mSolverCounterUnknown, 0 mSolverCounterNotChecked, 0.0s Time, 0 mProtectedPredicate, 0 mProtectedAction, 11 SdHoareTripleChecker+Valid, 12 SdHoareTripleChecker+Invalid, 99 SdHoareTripleChecker+Unknown, 0 SdHoareTripleChecker+Unchecked, 0.0s SdHoareTripleChecker+Time, 5 IncrementalHoareTripleChecker+Valid, 94 IncrementalHoareTripleChecker+Invalid, 0 IncrementalHoareTripleChecker+Unknown, 0 IncrementalHoareTripleChecker+Unchecked, 0.0s IncrementalHoareTripleChecker+Time
[2026-06-06 09:32:01,427 INFO  L489   CegarNwaWorkerThread]: SdHoareTripleChecker [11 Valid, 12 Invalid, 99 Unknown, 0 Unchecked, 0.0s Time], IncrementalHoareTripleChecker [5 Valid, 94 Invalid, 0 Unknown, 0 Unchecked, 0.0s Time]
[2026-06-06 09:32:01,427 INFO  L134       CoverageAnalysis]: Checked inductivity of 13 backedges. 10 proven. 3 refuted. 0 times theorem prover too weak. 0 trivial. 0 not checked.
[2026-06-06 09:32:01,427 INFO  L158   FreeRefinementEngine]: IpTcStrategyModuleZ3 [834271570] provided 0 perfect and 2 imperfect interpolant sequences
[2026-06-06 09:32:01,427 INFO  L185   FreeRefinementEngine]: Found 0 perfect and 3 imperfect interpolant sequences.
[2026-06-06 09:32:01,427 INFO  L134       CoverageAnalysis]: Checked inductivity of 18 backedges. 12 proven. 3 refuted. 0 times theorem prover too weak. 3 trivial. 0 not checked.
[2026-06-06 09:32:01,427 INFO  L198   FreeRefinementEngine]: Number of different interpolants: perfect sequences [] imperfect sequences [6, 6, 6] total 7
[2026-06-06 09:32:01,427 INFO  L224   CegarNwaWorkerThread]: Done with Thread: 101#
[2026-06-06 09:32:01,427 INFO  L136   FreeRefinementEngine]: Strategy CAMEL found an infeasible trace
[2026-06-06 09:32:01,427 INFO  L196   CegarNwaWorkerThread]: WorkerThread: Thread[#101,Worker for -124870283,5,main] is Waiting for a Task
[2026-06-06 09:32:01,427 INFO  L122   tionRefinementEngine]: Using interpolant automaton builder IpAbStrategyModuleStraightlineAll [1395980733]
[2026-06-06 09:32:01,427 INFO  L634   ParallelNwaCegarLoop]: Waking up, a worker is done.
[2026-06-06 09:32:01,427 INFO  L293   ParallelNwaCegarLoop]: Main: A Thread is Done
[2026-06-06 09:32:01,427 INFO  L85    oduleStraightlineAll]: Using 3 imperfect interpolants to construct interpolant automaton
[2026-06-06 09:32:01,427 INFO  L324   FreeRefinementEngine]: Using interpolant generator IpTcStrategyModuleSmtInterpolCraig [1665397127]
[2026-06-06 09:32:01,427 INFO  L311   ParallelNwaCegarLoop]: Worker Automaton Type: FLOYD_HOARE
[2026-06-06 09:32:01,427 INFO  L158   FreeRefinementEngine]: IpTcStrategyModuleSmtInterpolCraig [1665397127] provided 0 perfect and 1 imperfect interpolant sequences
[2026-06-06 09:32:01,427 INFO  L79                 Accepts]: Start accepts. Automaton has 13 states and 15 transitions. Word has length 10
[2026-06-06 09:32:01,427 INFO  L324   FreeRefinementEngine]: Using interpolant generator IpTcStrategyModuleZ3 [107883802]
[2026-06-06 09:32:01,427 INFO  L100   FreeRefinementEngine]: Using predicate unifier PredicateUnifier provided by strategy CAMEL
[2026-06-06 09:32:01,427 INFO  L85                 Accepts]: Finished accepts. word is rejected.
[2026-06-06 09:32:01,427 INFO  L95    rtionOrderModulation]: Changing assertion order to OUTSIDE_LOOP_FIRST1
[2026-06-06 09:32:01,427 INFO  L747   ParallelNwaCegarLoop]: Recorded stale counterexample prefix coverage.
[2026-06-06 09:32:01,427 INFO  L313   ParallelNwaCegarLoop]: Refining Abstraction
[2026-06-06 09:32:01,427 INFO  L173          SolverBuilder]: Constructing external solver with command: z3 -smt2 -in SMTLIB2_COMPLIANT=true
[2026-06-06 09:32:01,427 INFO  L697   ParallelNwaCegarLoop]: Subtrahend traceHash: -124870283
[2026-06-06 09:32:01,428 INFO  L144   InterpolantAutomaton]: Constructing interpolant automaton starting with 8 interpolants.
[2026-06-06 09:32:01,428 INFO  L664   ParallelNwaCegarLoop]: Difference in Main
[2026-06-06 09:32:01,428 INFO  L146   InterpolantAutomaton]: CoverageRelationStatistics Valid=28, Invalid=28, Unknown=0, NotChecked=0, Total=56
[2026-06-06 09:32:01,428 INFO  L419   CegarNwaWorkerThread]: Difference in Worker for Generalization
[2026-06-06 09:32:01,428 INFO  L87              Difference]: Start difference. First operand 13 states and 15 transitions. Second operand  has 17 states, 16 states have (on average 2.3125) internal successors, (37), 17 states have internal predecessors, (37), 0 states have call successors, (0), 0 states have call predecessors, (0), 0 states have return successors, (0), 0 states have call predecessors, (0), 0 states have call successors, (0)
[2026-06-06 09:32:01,428 INFO  L87              Difference]: Start difference. First operand  has 6 states, 4 states have (on average 1.75) internal successors, (7), 5 states have internal predecessors, (7), 0 states have call successors, (0), 0 states have call predecessors, (0), 0 states have return successors, (0), 0 states have call predecessors, (0), 0 states have call successors, (0) Second operand  has 8 states, 8 states have (on average 1.875) internal successors, (15), 7 states have internal predecessors, (15), 0 states have call successors, (0), 0 states have call predecessors, (0), 0 states have return successors, (0), 0 states have call predecessors, (0), 0 states have call successors, (0)
[2026-06-06 09:32:01,428 INFO  L144             Difference]: Subtrahend was deterministic. Have not used determinization.
[2026-06-06 09:32:01,428 INFO  L93              Difference]: Finished difference Result 22 states and 26 transitions.
[2026-06-06 09:32:01,428 INFO  L225             Difference]: With dead ends: 22
[2026-06-06 09:32:01,428 INFO  L226             Difference]: Without dead ends: 22
[2026-06-06 09:32:01,428 INFO  L82        GeneralOperation]: Start minimizeSevpa. Operand 22 states.
[2026-06-06 09:32:01,429 INFO  L88        GeneralOperation]: Finished minimizeSevpa. Reduced states from 22 to 15.
[2026-06-06 09:32:01,429 INFO  L82        GeneralOperation]: Start removeUnreachable. Operand  has 15 states, 14 states have (on average 1.2857142857142858) internal successors, (18), 14 states have internal predecessors, (18), 0 states have call successors, (0), 0 states have call predecessors, (0), 0 states have return successors, (0), 0 states have call predecessors, (0), 0 states have call successors, (0)
[2026-06-06 09:32:01,429 INFO  L88        GeneralOperation]: Finished removeUnreachable. Reduced from 15 states to 15 states and 18 transitions.
[2026-06-06 09:32:01,429 INFO  L675   ParallelNwaCegarLoop]: Main: Refinement done.
[2026-06-06 09:32:01,429 INFO  L594   ParallelNwaCegarLoop]: Checking if program is safe
[2026-06-06 09:32:01,429 INFO  L290                IsEmpty]: Start isEmpty. Operand 15 states and 18 transitions.
[2026-06-06 09:32:01,429 INFO  L300                IsEmpty]: Finished isEmpty. Found accepting run of length 11
[2026-06-06 09:32:01,429 INFO  L199           NwaCegarLoop]: Found error trace
[2026-06-06 09:32:01,429 INFO  L207           NwaCegarLoop]: trace histogram [3, 3, 1, 1, 1, 1]
[2026-06-06 09:32:01,429 INFO  L336   ParallelNwaCegarLoop]: No more worker results to process
[2026-06-06 09:32:01,429 INFO  L290                IsEmpty]: Start isEmptyParallel. Operand 15 states and 18 transitions.
[2026-06-06 09:32:01,429 INFO  L300                IsEmpty]: Finished isEmptyParallel. No accepting run.
[2026-06-06 09:32:01,429 INFO  L156        IsEmptyParallel]: Start isEmptyParallel. Operand 15 states and 18 transitions.
[2026-06-06 09:32:01,429 INFO  L182       IsEmptyHeuristic]: Start isEmptyHeuristic. Operand 15 states and 18 transitions.
[2026-06-06 09:32:01,430 INFO  L188       IsEmptyHeuristic]: Finished isEmptyHeuristic. Found accepting run of length 13
[2026-06-06 09:32:01,430 INFO  L163        IsEmptyParallel]: Finished isEmptyParallel. Found accepting run of length 13
[2026-06-06 09:32:01,430 WARN  L753                IsEmpty]: Correctness of emptinessCheck not tested.
[2026-06-06 09:32:01,430 INFO  L79                 Accepts]: Start accepts. Automaton has 15 states and 18 transitions. Word has length 12
[2026-06-06 09:32:01,430 INFO  L85                 Accepts]: Finished accepts. word is accepted.
[2026-06-06 09:32:01,430 INFO  L757                IsEmpty]: Finished testing correctness of emptinessCheck
[2026-06-06 09:32:01,430 INFO  L290                IsEmpty]: Start isEmptyParallel. Operand 15 states and 18 transitions.
[2026-06-06 09:32:01,430 INFO  L300                IsEmpty]: Finished isEmptyParallel. No accepting run.
[2026-06-06 09:32:01,430 INFO  L156        IsEmptyParallel]: Start isEmptyParallel. Operand 15 states and 18 transitions.
[2026-06-06 09:32:01,430 INFO  L182       IsEmptyHeuristic]: Start isEmptyHeuristic. Operand 15 states and 18 transitions.
[2026-06-06 09:32:01,430 INFO  L188       IsEmptyHeuristic]: Finished isEmptyHeuristic. Found accepting run of length 15
[2026-06-06 09:32:01,430 INFO  L163        IsEmptyParallel]: Finished isEmptyParallel. Found accepting run of length 15
[2026-06-06 09:32:01,430 WARN  L753                IsEmpty]: Correctness of emptinessCheck not tested.
[2026-06-06 09:32:01,430 INFO  L79                 Accepts]: Start accepts. Automaton has 15 states and 18 transitions. Word has length 14
[2026-06-06 09:32:01,430 INFO  L189       MonitoredProcess]: No working directory specified, using /usr/bin/z3
[2026-06-06 09:32:01,430 INFO  L85                 Accepts]: Finished accepts. word is accepted.
[2026-06-06 09:32:01,430 INFO  L757                IsEmpty]: Finished testing correctness of emptinessCheck
[2026-06-06 09:32:01,430 INFO  L290                IsEmpty]: Start isEmptyParallel. Operand 15 states and 18 transitions.
[2026-06-06 09:32:01,430 INFO  L300                IsEmpty]: Finished isEmptyParallel. No accepting run.
[2026-06-06 09:32:01,430 INFO  L156        IsEmptyParallel]: Start isEmptyParallel. Operand 15 states and 18 transitions.
[2026-06-06 09:32:01,430 INFO  L182       IsEmptyHeuristic]: Start isEmptyHeuristic. Operand 15 states and 18 transitions.
[2026-06-06 09:32:01,430 INFO  L188       IsEmptyHeuristic]: Finished isEmptyHeuristic. Found accepting run of length 12
[2026-06-06 09:32:01,430 INFO  L163        IsEmptyParallel]: Finished isEmptyParallel. Found accepting run of length 12
[2026-06-06 09:32:01,430 WARN  L753                IsEmpty]: Correctness of emptinessCheck not tested.
[2026-06-06 09:32:01,430 INFO  L79                 Accepts]: Start accepts. Automaton has 15 states and 18 transitions. Word has length 11
[2026-06-06 09:32:01,430 INFO  L85                 Accepts]: Finished accepts. word is accepted.
[2026-06-06 09:32:01,430 INFO  L757                IsEmpty]: Finished testing correctness of emptinessCheck
[2026-06-06 09:32:01,430 INFO  L290                IsEmpty]: Start isEmptyParallel. Operand 15 states and 18 transitions.
[2026-06-06 09:32:01,430 INFO  L300                IsEmpty]: Finished isEmptyParallel. No accepting run.
[2026-06-06 09:32:01,430 INFO  L156        IsEmptyParallel]: Start isEmptyParallel. Operand 15 states and 18 transitions.
[2026-06-06 09:32:01,430 INFO  L182       IsEmptyHeuristic]: Start isEmptyHeuristic. Operand 15 states and 18 transitions.
[2026-06-06 09:32:01,430 INFO  L188       IsEmptyHeuristic]: Finished isEmptyHeuristic. Found accepting run of length 15
[2026-06-06 09:32:01,430 INFO  L163        IsEmptyParallel]: Finished isEmptyParallel. Found accepting run of length 15
[2026-06-06 09:32:01,430 WARN  L753                IsEmpty]: Correctness of emptinessCheck not tested.
[2026-06-06 09:32:01,430 INFO  L79                 Accepts]: Start accepts. Automaton has 15 states and 18 transitions. Word has length 14
[2026-06-06 09:32:01,430 INFO  L85                 Accepts]: Finished accepts. word is accepted.
[2026-06-06 09:32:01,430 INFO  L757                IsEmpty]: Finished testing correctness of emptinessCheck
[2026-06-06 09:32:01,431 INFO  L86        PathProgramCache]: Analyzing trace with hash -400886667, now seen corresponding path program 16 times
[2026-06-06 09:32:01,431 INFO  L614   ParallelNwaCegarLoop]: Main: Starting Thread
[2026-06-06 09:32:01,431 INFO  L283   ParallelNwaCegarLoop]: === Iteration 9 ===
[2026-06-06 09:32:01,431 INFO  L631   ParallelNwaCegarLoop]: All threads busy, going to sleep.
[2026-06-06 09:32:01,431 INFO  L209   CegarNwaWorkerThread]: Starting Thread: 101# for Trace Check: -400886667
[2026-06-06 09:32:01,431 INFO  L134       CoverageAnalysis]: Checked inductivity of 9 backedges. 0 proven. 3 refuted. 0 times theorem prover too weak. 6 trivial. 0 not checked.
[2026-06-06 09:32:01,431 INFO  L312         TraceCheckSpWp]: Computing backward predicates...
[2026-06-06 09:32:01,431 INFO  L156       PredicateUnifier]: Initialized classic predicate unifier
[2026-06-06 09:32:01,431 INFO  L86        PathProgramCache]: Analyzing trace with hash -400886667, now seen corresponding path program 16 times
[2026-06-06 09:32:01,431 INFO  L118   FreeRefinementEngine]: Executing refinement strategy CAMEL
[2026-06-06 09:32:01,431 INFO  L324   FreeRefinementEngine]: Using trace check IpTcStrategyModuleSmtInterpolCraig [1330100221]
[2026-06-06 09:32:01,431 INFO  L95    rtionOrderModulation]: Changing assertion order to TERMS_WITH_SMALL_CONSTANTS_FIRST
[2026-06-06 09:32:01,431 INFO  L127          SolverBuilder]: Constructing new instance of SMTInterpol with explicit timeout -1 ms and remaining time -1 ms
[2026-06-06 09:32:01,432 INFO  L229       MonitoredProcess]: Starting monitored process 22 with /usr/bin/z3 -smt2 -in SMTLIB2_COMPLIANT=true (exit command is (exit), workingDir is null)
[2026-06-06 09:32:01,432 INFO  L327       MonitoredProcess]: [MP /usr/bin/z3 -smt2 -in SMTLIB2_COMPLIANT=true (22)] Waiting until timeout for monitored process
[2026-06-06 09:32:01,437 INFO  L108    AnnotateAndAsserter]: Assert order TERMS_WITH_SMALL_CONSTANTS_FIRST partitioned 14 statements into 2 equivalence classes.
[2026-06-06 09:32:01,437 INFO  L134       CoverageAnalysis]: Checked inductivity of 12 backedges. 0 proven. 12 refuted. 0 times theorem prover too weak. 0 trivial. 0 not checked.
[2026-06-06 09:32:01,437 INFO  L136   FreeRefinementEngine]: Strategy CAMEL found an infeasible trace
[2026-06-06 09:32:01,437 INFO  L324   FreeRefinementEngine]: Using interpolant generator IpTcStrategyModuleSmtInterpolCraig [1530495367]
[2026-06-06 09:32:01,438 INFO  L158   FreeRefinementEngine]: IpTcStrategyModuleSmtInterpolCraig [1530495367] provided 0 perfect and 1 imperfect interpolant sequences
[2026-06-06 09:32:01,438 INFO  L324   FreeRefinementEngine]: Using interpolant generator IpTcStrategyModuleZ3 [225392746]
[2026-06-06 09:32:01,438 INFO  L95    rtionOrderModulation]: Changing assertion order to INSIDE_LOOP_FIRST1
[2026-06-06 09:32:01,438 INFO  L173          SolverBuilder]: Constructing external solver with command: z3 -smt2 -in SMTLIB2_COMPLIANT=true
[2026-06-06 09:32:01,439 INFO  L111    AnnotateAndAsserter]: Assert order TERMS_WITH_SMALL_CONSTANTS_FIRST issued 1 check-sat command(s) and asserted 8 of 14 statements.
[2026-06-06 09:32:01,439 INFO  L114    AnnotateAndAsserter]: Assert order TERMS_WITH_SMALL_CONSTANTS_FIRST issued 1 check-sat command(s)
[2026-06-06 09:32:01,439 INFO  L115    AnnotateAndAsserter]: Conjunction of SSA is unsat
[2026-06-06 09:32:01,440 INFO  L189       MonitoredProcess]: No working directory specified, using /usr/bin/z3
[2026-06-06 09:32:01,441 INFO  L144             Difference]: Subtrahend was deterministic. Have not used determinization.
[2026-06-06 09:32:01,441 INFO  L93              Difference]: Finished difference Result 13 states and 21 transitions.
[2026-06-06 09:32:01,441 INFO  L140   InterpolantAutomaton]: Switched to read-only mode: deterministic interpolant automaton has 7 states. 
[2026-06-06 09:32:01,441 INFO  L225             Difference]: With dead ends: 13
[2026-06-06 09:32:01,441 INFO  L226             Difference]: Without dead ends: 13
[2026-06-06 09:32:01,442 INFO  L487   CegarNwaWorkerThread]: 0 DeclaredPredicates, 26 GetRequests, 14 SyntacticMatches, 6 SemanticMatches, 6 ConstructedPredicates, 0 IntricatePredicates, 0 DeprecatedPredicates, 41 ImplicationChecksByTransitivity, 0.0s TimeCoverageRelationStatistics Valid=28, Invalid=28, Unknown=0, NotChecked=0, Total=56
[2026-06-06 09:32:01,442 INFO  L488   CegarNwaWorkerThread]: 2 mSDtfsCounter, 0 mSDsluCounter, 2 mSDsCounter, 0 mSdLazyCounter, 21 mSolverCounterSat, 2 mSolverCounterUnsat, 0 mSolverCounterUnknown, 0 mSolverCounterNotChecked, 0.0s Time, 0 mProtectedPredicate, 0 mProtectedAction, 0 SdHoareTripleChecker+Valid, 4 SdHoareTripleChecker+Invalid, 23 SdHoareTripleChecker+Unknown, 0 SdHoareTripleChecker+Unchecked, 0.0s SdHoareTripleChecker+Time, 2 IncrementalHoareTripleChecker+Valid, 21 IncrementalHoareTripleChecker+Invalid, 0 IncrementalHoareTripleChecker+Unknown, 0 IncrementalHoareTripleChecker+Unchecked, 0.0s IncrementalHoareTripleChecker+Time
[2026-06-06 09:32:01,442 INFO  L489   CegarNwaWorkerThread]: SdHoareTripleChecker [0 Valid, 4 Invalid, 23 Unknown, 0 Unchecked, 0.0s Time], IncrementalHoareTripleChecker [2 Valid, 21 Invalid, 0 Unknown, 0 Unchecked, 0.0s Time]
[2026-06-06 09:32:01,442 INFO  L224   CegarNwaWorkerThread]: Done with Thread: 107#
[2026-06-06 09:32:01,442 INFO  L196   CegarNwaWorkerThread]: WorkerThread: Thread[#107,Worker for -1692740822,5,main] is Waiting for a Task
[2026-06-06 09:32:01,442 INFO  L634   ParallelNwaCegarLoop]: Waking up, a worker is done.
[2026-06-06 09:32:01,442 INFO  L293   ParallelNwaCegarLoop]: Main: A Thread is Done
[2026-06-06 09:32:01,442 INFO  L229       MonitoredProcess]: Starting monitored process 23 with /usr/bin/z3 -smt2 -in SMTLIB2_COMPLIANT=true (exit command is (exit), workingDir is null)
[2026-06-06 09:32:01,442 INFO  L311   ParallelNwaCegarLoop]: Worker Automaton Type: FLOYD_HOARE
[2026-06-06 09:32:01,442 INFO  L79                 Accepts]: Start accepts. Automaton has 15 states and 18 transitions. Word has length 10
[2026-06-06 09:32:01,442 INFO  L85                 Accepts]: Finished accepts. word is rejected.
[2026-06-06 09:32:01,443 INFO  L747   ParallelNwaCegarLoop]: Recorded stale counterexample prefix coverage.
[2026-06-06 09:32:01,443 INFO  L313   ParallelNwaCegarLoop]: Refining Abstraction
[2026-06-06 09:32:01,443 INFO  L697   ParallelNwaCegarLoop]: Subtrahend traceHash: -1692740822
[2026-06-06 09:32:01,443 INFO  L664   ParallelNwaCegarLoop]: Difference in Main
[2026-06-06 09:32:01,443 INFO  L87              Difference]: Start difference. First operand 15 states and 18 transitions. Second operand  has 7 states, 6 states have (on average 3.8333333333333335) internal successors, (23), 7 states have internal predecessors, (23), 0 states have call successors, (0), 0 states have call predecessors, (0), 0 states have return successors, (0), 0 states have call predecessors, (0), 0 states have call successors, (0)
[2026-06-06 09:32:01,443 INFO  L327       MonitoredProcess]: [MP /usr/bin/z3 -smt2 -in SMTLIB2_COMPLIANT=true (23)] Waiting until timeout for monitored process
[2026-06-06 09:32:01,443 INFO  L144             Difference]: Subtrahend was deterministic. Have not used determinization.
[2026-06-06 09:32:01,443 INFO  L93              Difference]: Finished difference Result 19 states and 22 transitions.
[2026-06-06 09:32:01,443 INFO  L225             Difference]: With dead ends: 19
[2026-06-06 09:32:01,443 INFO  L226             Difference]: Without dead ends: 19
[2026-06-06 09:32:01,443 INFO  L82        GeneralOperation]: Start minimizeSevpa. Operand 19 states.
[2026-06-06 09:32:01,444 INFO  L88        GeneralOperation]: Finished minimizeSevpa. Reduced states from 19 to 19.
[2026-06-06 09:32:01,444 INFO  L82        GeneralOperation]: Start removeUnreachable. Operand  has 19 states, 18 states have (on average 1.2222222222222223) internal successors, (22), 18 states have internal predecessors, (22), 0 states have call successors, (0), 0 states have call predecessors, (0), 0 states have return successors, (0), 0 states have call predecessors, (0), 0 states have call successors, (0)
[2026-06-06 09:32:01,444 INFO  L88        GeneralOperation]: Finished removeUnreachable. Reduced from 19 states to 19 states and 22 transitions.
[2026-06-06 09:32:01,444 INFO  L675   ParallelNwaCegarLoop]: Main: Refinement done.
[2026-06-06 09:32:01,444 INFO  L594   ParallelNwaCegarLoop]: Checking if program is safe
[2026-06-06 09:32:01,444 INFO  L290                IsEmpty]: Start isEmpty. Operand 19 states and 22 transitions.
[2026-06-06 09:32:01,444 INFO  L300                IsEmpty]: Finished isEmpty. Found accepting run of length 11
[2026-06-06 09:32:01,444 INFO  L199           NwaCegarLoop]: Found error trace
[2026-06-06 09:32:01,444 INFO  L207           NwaCegarLoop]: trace histogram [3, 3, 1, 1, 1, 1]
[2026-06-06 09:32:01,444 INFO  L336   ParallelNwaCegarLoop]: No more worker results to process
[2026-06-06 09:32:01,444 INFO  L290                IsEmpty]: Start isEmptyParallel. Operand 19 states and 22 transitions.
[2026-06-06 09:32:01,444 INFO  L300                IsEmpty]: Finished isEmptyParallel. No accepting run.
[2026-06-06 09:32:01,444 INFO  L156        IsEmptyParallel]: Start isEmptyParallel. Operand 19 states and 22 transitions.
[2026-06-06 09:32:01,444 INFO  L182       IsEmptyHeuristic]: Start isEmptyHeuristic. Operand 19 states and 22 transitions.
[2026-06-06 09:32:01,445 INFO  L188       IsEmptyHeuristic]: Finished isEmptyHeuristic. Found accepting run of length 15
[2026-06-06 09:32:01,445 INFO  L163        IsEmptyParallel]: Finished isEmptyParallel. Found accepting run of length 15
[2026-06-06 09:32:01,445 WARN  L753                IsEmpty]: Correctness of emptinessCheck not tested.
[2026-06-06 09:32:01,445 INFO  L79                 Accepts]: Start accepts. Automaton has 19 states and 22 transitions. Word has length 14
[2026-06-06 09:32:01,445 INFO  L85                 Accepts]: Finished accepts. word is accepted.
[2026-06-06 09:32:01,445 INFO  L757                IsEmpty]: Finished testing correctness of emptinessCheck
[2026-06-06 09:32:01,445 INFO  L290                IsEmpty]: Start isEmptyParallel. Operand 19 states and 22 transitions.
[2026-06-06 09:32:01,445 INFO  L300                IsEmpty]: Finished isEmptyParallel. No accepting run.
[2026-06-06 09:32:01,445 INFO  L156        IsEmptyParallel]: Start isEmptyParallel. Operand 19 states and 22 transitions.
[2026-06-06 09:32:01,445 INFO  L182       IsEmptyHeuristic]: Start isEmptyHeuristic. Operand 19 states and 22 transitions.
[2026-06-06 09:32:01,445 INFO  L188       IsEmptyHeuristic]: Finished isEmptyHeuristic. Found accepting run of length 14
[2026-06-06 09:32:01,445 INFO  L163        IsEmptyParallel]: Finished isEmptyParallel. Found accepting run of length 14
[2026-06-06 09:32:01,445 WARN  L753                IsEmpty]: Correctness of emptinessCheck not tested.
[2026-06-06 09:32:01,445 INFO  L79                 Accepts]: Start accepts. Automaton has 19 states and 22 transitions. Word has length 13
[2026-06-06 09:32:01,445 INFO  L354             Elim1Store]: Elim1 eliminated variable of array dimension 1, 0 stores, 1 select indices, 1 select index equivalence classes, 0 disjoint index pairs (out of 0 index pairs), introduced 1 new quantified variables, introduced 0 case distinctions, treesize of input 22 treesize of output 18
[2026-06-06 09:32:01,445 INFO  L85                 Accepts]: Finished accepts. word is accepted.
[2026-06-06 09:32:01,446 INFO  L757                IsEmpty]: Finished testing correctness of emptinessCheck
[2026-06-06 09:32:01,446 INFO  L290                IsEmpty]: Start isEmptyParallel. Operand 19 states and 22 transitions.
[2026-06-06 09:32:01,446 INFO  L300                IsEmpty]: Finished isEmptyParallel. No accepting run.
[2026-06-06 09:32:01,446 INFO  L156        IsEmptyParallel]: Start isEmptyParallel. Operand 19 states and 22 transitions.
[2026-06-06 09:32:01,446 INFO  L182       IsEmptyHeuristic]: Start isEmptyHeuristic. Operand 19 states and 22 transitions.
[2026-06-06 09:32:01,446 INFO  L188       IsEmptyHeuristic]: Finished isEmptyHeuristic. Found accepting run of length 17
[2026-06-06 09:32:01,446 INFO  L163        IsEmptyParallel]: Finished isEmptyParallel. Found accepting run of length 17
[2026-06-06 09:32:01,446 WARN  L753                IsEmpty]: Correctness of emptinessCheck not tested.
[2026-06-06 09:32:01,446 INFO  L79                 Accepts]: Start accepts. Automaton has 19 states and 22 transitions. Word has length 16
[2026-06-06 09:32:01,446 INFO  L85                 Accepts]: Finished accepts. word is accepted.
[2026-06-06 09:32:01,446 INFO  L757                IsEmpty]: Finished testing correctness of emptinessCheck
[2026-06-06 09:32:01,446 INFO  L290                IsEmpty]: Start isEmptyParallel. Operand 19 states and 22 transitions.
[2026-06-06 09:32:01,446 INFO  L300                IsEmpty]: Finished isEmptyParallel. No accepting run.
[2026-06-06 09:32:01,446 INFO  L156        IsEmptyParallel]: Start isEmptyParallel. Operand 19 states and 22 transitions.
[2026-06-06 09:32:01,446 INFO  L182       IsEmptyHeuristic]: Start isEmptyHeuristic. Operand 19 states and 22 transitions.
[2026-06-06 09:32:01,446 INFO  L188       IsEmptyHeuristic]: Finished isEmptyHeuristic. Found accepting run of length 17
[2026-06-06 09:32:01,446 INFO  L163        IsEmptyParallel]: Finished isEmptyParallel. Found accepting run of length 17
[2026-06-06 09:32:01,446 WARN  L753                IsEmpty]: Correctness of emptinessCheck not tested.
[2026-06-06 09:32:01,446 INFO  L79                 Accepts]: Start accepts. Automaton has 19 states and 22 transitions. Word has length 16
[2026-06-06 09:32:01,446 INFO  L85                 Accepts]: Finished accepts. word is accepted.
[2026-06-06 09:32:01,446 INFO  L757                IsEmpty]: Finished testing correctness of emptinessCheck
[2026-06-06 09:32:01,447 INFO  L86        PathProgramCache]: Analyzing trace with hash -360176052, now seen corresponding path program 17 times
[2026-06-06 09:32:01,447 INFO  L614   ParallelNwaCegarLoop]: Main: Starting Thread
[2026-06-06 09:32:01,447 INFO  L283   ParallelNwaCegarLoop]: === Iteration 10 ===
[2026-06-06 09:32:01,447 INFO  L631   ParallelNwaCegarLoop]: All threads busy, going to sleep.
[2026-06-06 09:32:01,447 INFO  L209   CegarNwaWorkerThread]: Starting Thread: 107# for Trace Check: -360176052
[2026-06-06 09:32:01,447 INFO  L156       PredicateUnifier]: Initialized classic predicate unifier
[2026-06-06 09:32:01,447 INFO  L86        PathProgramCache]: Analyzing trace with hash -360176052, now seen corresponding path program 17 times
[2026-06-06 09:32:01,447 INFO  L118   FreeRefinementEngine]: Executing refinement strategy CAMEL
[2026-06-06 09:32:01,447 INFO  L324   FreeRefinementEngine]: Using trace check IpTcStrategyModuleSmtInterpolCraig [767158752]
[2026-06-06 09:32:01,447 INFO  L95    rtionOrderModulation]: Changing assertion order to INSIDE_LOOP_FIRST1
[2026-06-06 09:32:01,447 INFO  L127          SolverBuilder]: Constructing new instance of SMTInterpol with explicit timeout -1 ms and remaining time -1 ms
[2026-06-06 09:32:01,448 INFO  L108    AnnotateAndAsserter]: Assert order OUTSIDE_LOOP_FIRST1 partitioned 11 statements into 2 equivalence classes.
[2026-06-06 09:32:01,451 INFO  L108    AnnotateAndAsserter]: Assert order INSIDE_LOOP_FIRST1 partitioned 13 statements into 4 equivalence classes.
[2026-06-06 09:32:01,451 INFO  L144             Difference]: Subtrahend was deterministic. Have not used determinization.
[2026-06-06 09:32:01,451 INFO  L93              Difference]: Finished difference Result 11 states and 15 transitions.
[2026-06-06 09:32:01,451 INFO  L140   InterpolantAutomaton]: Switched to read-only mode: deterministic interpolant automaton has 9 states. 
[2026-06-06 09:32:01,451 INFO  L225             Difference]: With dead ends: 11
[2026-06-06 09:32:01,451 INFO  L226             Difference]: Without dead ends: 8
[2026-06-06 09:32:01,451 INFO  L487   CegarNwaWorkerThread]: 0 DeclaredPredicates, 24 GetRequests, 11 SyntacticMatches, 0 SemanticMatches, 13 ConstructedPredicates, 0 IntricatePredicates, 0 DeprecatedPredicates, 15 ImplicationChecksByTransitivity, 0.1s TimeCoverageRelationStatistics Valid=48, Invalid=162, Unknown=0, NotChecked=0, Total=210
[2026-06-06 09:32:01,452 INFO  L488   CegarNwaWorkerThread]: 2 mSDtfsCounter, 0 mSDsluCounter, 8 mSDsCounter, 0 mSdLazyCounter, 85 mSolverCounterSat, 14 mSolverCounterUnsat, 0 mSolverCounterUnknown, 0 mSolverCounterNotChecked, 0.0s Time, 0 mProtectedPredicate, 0 mProtectedAction, 0 SdHoareTripleChecker+Valid, 10 SdHoareTripleChecker+Invalid, 99 SdHoareTripleChecker+Unknown, 0 SdHoareTripleChecker+Unchecked, 0.0s SdHoareTripleChecker+Time, 14 IncrementalHoareTripleChecker+Valid, 85 IncrementalHoareTripleChecker+Invalid, 0 IncrementalHoareTripleChecker+Unknown, 0 IncrementalHoareTripleChecker+Unchecked, 0.0s IncrementalHoareTripleChecker+Time
[2026-06-06 09:32:01,452 INFO  L489   CegarNwaWorkerThread]: SdHoareTripleChecker [0 Valid, 10 Invalid, 99 Unknown, 0 Unchecked, 0.0s Time], IncrementalHoareTripleChecker [14 Valid, 85 Invalid, 0 Unknown, 0 Unchecked, 0.0s Time]
[2026-06-06 09:32:01,452 INFO  L224   CegarNwaWorkerThread]: Done with Thread: 86#
[2026-06-06 09:32:01,452 INFO  L196   CegarNwaWorkerThread]: WorkerThread: Thread[#86,Worker for 315556586,5,main] is Waiting for a Task
[2026-06-06 09:32:01,452 INFO  L634   ParallelNwaCegarLoop]: Waking up, a worker is done.
[2026-06-06 09:32:01,452 INFO  L293   ParallelNwaCegarLoop]: Main: A Thread is Done
[2026-06-06 09:32:01,452 INFO  L311   ParallelNwaCegarLoop]: Worker Automaton Type: FLOYD_HOARE
[2026-06-06 09:32:01,452 INFO  L79                 Accepts]: Start accepts. Automaton has 19 states and 22 transitions. Word has length 8
[2026-06-06 09:32:01,452 INFO  L85                 Accepts]: Finished accepts. word is rejected.
[2026-06-06 09:32:01,452 INFO  L747   ParallelNwaCegarLoop]: Recorded stale counterexample prefix coverage.
[2026-06-06 09:32:01,452 INFO  L313   ParallelNwaCegarLoop]: Refining Abstraction
[2026-06-06 09:32:01,452 INFO  L697   ParallelNwaCegarLoop]: Subtrahend traceHash: 315556586
[2026-06-06 09:32:01,452 INFO  L664   ParallelNwaCegarLoop]: Difference in Main
[2026-06-06 09:32:01,452 INFO  L87              Difference]: Start difference. First operand 19 states and 22 transitions. Second operand  has 9 states, 8 states have (on average 2.375) internal successors, (19), 9 states have internal predecessors, (19), 0 states have call successors, (0), 0 states have call predecessors, (0), 0 states have return successors, (0), 0 states have call predecessors, (0), 0 states have call successors, (0)
[2026-06-06 09:32:01,452 INFO  L144             Difference]: Subtrahend was deterministic. Have not used determinization.
[2026-06-06 09:32:01,452 INFO  L93              Difference]: Finished difference Result 19 states and 22 transitions.
[2026-06-06 09:32:01,452 INFO  L225             Difference]: With dead ends: 19
[2026-06-06 09:32:01,452 INFO  L226             Difference]: Without dead ends: 19
[2026-06-06 09:32:01,453 INFO  L82        GeneralOperation]: Start minimizeSevpa. Operand 19 states.
[2026-06-06 09:32:01,453 INFO  L88        GeneralOperation]: Finished minimizeSevpa. Reduced states from 19 to 19.
[2026-06-06 09:32:01,453 INFO  L82        GeneralOperation]: Start removeUnreachable. Operand  has 19 states, 18 states have (on average 1.2222222222222223) internal successors, (22), 18 states have internal predecessors, (22), 0 states have call successors, (0), 0 states have call predecessors, (0), 0 states have return successors, (0), 0 states have call predecessors, (0), 0 states have call successors, (0)
[2026-06-06 09:32:01,453 INFO  L88        GeneralOperation]: Finished removeUnreachable. Reduced from 19 states to 19 states and 22 transitions.
[2026-06-06 09:32:01,453 INFO  L675   ParallelNwaCegarLoop]: Main: Refinement done.
[2026-06-06 09:32:01,453 INFO  L594   ParallelNwaCegarLoop]: Checking if program is safe
[2026-06-06 09:32:01,453 INFO  L290                IsEmpty]: Start isEmpty. Operand 19 states and 22 transitions.
[2026-06-06 09:32:01,453 INFO  L300                IsEmpty]: Finished isEmpty. Found accepting run of length 11
[2026-06-06 09:32:01,453 INFO  L199           NwaCegarLoop]: Found error trace
[2026-06-06 09:32:01,453 INFO  L207           NwaCegarLoop]: trace histogram [3, 3, 1, 1, 1, 1]
[2026-06-06 09:32:01,453 INFO  L336   ParallelNwaCegarLoop]: No more worker results to process
[2026-06-06 09:32:01,454 INFO  L290                IsEmpty]: Start isEmptyParallel. Operand 19 states and 22 transitions.
[2026-06-06 09:32:01,454 INFO  L111    AnnotateAndAsserter]: Assert order OUTSIDE_LOOP_FIRST1 issued 2 check-sat command(s) and asserted 11 of 11 statements.
[2026-06-06 09:32:01,454 INFO  L114    AnnotateAndAsserter]: Assert order OUTSIDE_LOOP_FIRST1 issued 2 check-sat command(s)
[2026-06-06 09:32:01,454 INFO  L115    AnnotateAndAsserter]: Conjunction of SSA is unsat
[2026-06-06 09:32:01,454 INFO  L300                IsEmpty]: Finished isEmptyParallel. No accepting run.
[2026-06-06 09:32:01,454 INFO  L156        IsEmptyParallel]: Start isEmptyParallel. Operand 19 states and 22 transitions.
[2026-06-06 09:32:01,454 INFO  L182       IsEmptyHeuristic]: Start isEmptyHeuristic. Operand 19 states and 22 transitions.
[2026-06-06 09:32:01,454 INFO  L188       IsEmptyHeuristic]: Finished isEmptyHeuristic. Found accepting run of length 16
[2026-06-06 09:32:01,454 INFO  L163        IsEmptyParallel]: Finished isEmptyParallel. Found accepting run of length 16
[2026-06-06 09:32:01,454 WARN  L753                IsEmpty]: Correctness of emptinessCheck not tested.
[2026-06-06 09:32:01,454 INFO  L79                 Accepts]: Start accepts. Automaton has 19 states and 22 transitions. Word has length 15
[2026-06-06 09:32:01,454 INFO  L256         TraceCheckSpWp]: Trace formula consists of 85 conjuncts, 8 conjuncts are in the unsatisfiable core
[2026-06-06 09:32:01,454 INFO  L85                 Accepts]: Finished accepts. word is accepted.
[2026-06-06 09:32:01,454 INFO  L757                IsEmpty]: Finished testing correctness of emptinessCheck
[2026-06-06 09:32:01,454 INFO  L290                IsEmpty]: Start isEmptyParallel. Operand 19 states and 22 transitions.
[2026-06-06 09:32:01,454 INFO  L300                IsEmpty]: Finished isEmptyParallel. No accepting run.
[2026-06-06 09:32:01,454 INFO  L156        IsEmptyParallel]: Start isEmptyParallel. Operand 19 states and 22 transitions.
[2026-06-06 09:32:01,454 INFO  L182       IsEmptyHeuristic]: Start isEmptyHeuristic. Operand 19 states and 22 transitions.
[2026-06-06 09:32:01,454 INFO  L188       IsEmptyHeuristic]: Finished isEmptyHeuristic. Found accepting run of length 17
[2026-06-06 09:32:01,454 INFO  L163        IsEmptyParallel]: Finished isEmptyParallel. Found accepting run of length 17
[2026-06-06 09:32:01,454 WARN  L753                IsEmpty]: Correctness of emptinessCheck not tested.
[2026-06-06 09:32:01,454 INFO  L79                 Accepts]: Start accepts. Automaton has 19 states and 22 transitions. Word has length 16
[2026-06-06 09:32:01,454 INFO  L85                 Accepts]: Finished accepts. word is accepted.
[2026-06-06 09:32:01,454 INFO  L757                IsEmpty]: Finished testing correctness of emptinessCheck
[2026-06-06 09:32:01,454 INFO  L290                IsEmpty]: Start isEmptyParallel. Operand 19 states and 22 transitions.
[2026-06-06 09:32:01,455 INFO  L300                IsEmpty]: Finished isEmptyParallel. No accepting run.
[2026-06-06 09:32:01,455 INFO  L279         TraceCheckSpWp]: Computing forward predicates...
[2026-06-06 09:32:01,455 INFO  L156        IsEmptyParallel]: Start isEmptyParallel. Operand 19 states and 22 transitions.
[2026-06-06 09:32:01,455 INFO  L182       IsEmptyHeuristic]: Start isEmptyHeuristic. Operand 19 states and 22 transitions.
[2026-06-06 09:32:01,455 INFO  L188       IsEmptyHeuristic]: Finished isEmptyHeuristic. Found accepting run of length 15
[2026-06-06 09:32:01,455 INFO  L163        IsEmptyParallel]: Finished isEmptyParallel. Found accepting run of length 15
[2026-06-06 09:32:01,455 WARN  L753                IsEmpty]: Correctness of emptinessCheck not tested.
[2026-06-06 09:32:01,455 INFO  L79                 Accepts]: Start accepts. Automaton has 19 states and 22 transitions. Word has length 14
[2026-06-06 09:32:01,455 INFO  L85                 Accepts]: Finished accepts. word is accepted.
[2026-06-06 09:32:01,455 INFO  L757                IsEmpty]: Finished testing correctness of emptinessCheck
[2026-06-06 09:32:01,455 INFO  L290                IsEmpty]: Start isEmptyParallel. Operand 19 states and 22 transitions.
[2026-06-06 09:32:01,455 INFO  L300                IsEmpty]: Finished isEmptyParallel. No accepting run.
[2026-06-06 09:32:01,455 INFO  L156        IsEmptyParallel]: Start isEmptyParallel. Operand 19 states and 22 transitions.
[2026-06-06 09:32:01,455 INFO  L182       IsEmptyHeuristic]: Start isEmptyHeuristic. Operand 19 states and 22 transitions.
[2026-06-06 09:32:01,455 INFO  L188       IsEmptyHeuristic]: Finished isEmptyHeuristic. Found accepting run of length 16
[2026-06-06 09:32:01,455 INFO  L163        IsEmptyParallel]: Finished isEmptyParallel. Found accepting run of length 16
[2026-06-06 09:32:01,455 WARN  L753                IsEmpty]: Correctness of emptinessCheck not tested.
[2026-06-06 09:32:01,455 INFO  L79                 Accepts]: Start accepts. Automaton has 19 states and 22 transitions. Word has length 15
[2026-06-06 09:32:01,455 INFO  L85                 Accepts]: Finished accepts. word is accepted.
[2026-06-06 09:32:01,455 INFO  L757                IsEmpty]: Finished testing correctness of emptinessCheck
[2026-06-06 09:32:01,455 INFO  L86        PathProgramCache]: Analyzing trace with hash -1662915732, now seen corresponding path program 18 times
[2026-06-06 09:32:01,455 INFO  L614   ParallelNwaCegarLoop]: Main: Starting Thread
[2026-06-06 09:32:01,455 INFO  L283   ParallelNwaCegarLoop]: === Iteration 11 ===
[2026-06-06 09:32:01,456 INFO  L631   ParallelNwaCegarLoop]: All threads busy, going to sleep.
[2026-06-06 09:32:01,456 INFO  L209   CegarNwaWorkerThread]: Starting Thread: 86# for Trace Check: -1662915732
[2026-06-06 09:32:01,456 INFO  L156       PredicateUnifier]: Initialized classic predicate unifier
[2026-06-06 09:32:01,456 INFO  L86        PathProgramCache]: Analyzing trace with hash -1662915732, now seen corresponding path program 18 times
[2026-06-06 09:32:01,456 INFO  L118   FreeRefinementEngine]: Executing refinement strategy CAMEL
[2026-06-06 09:32:01,456 INFO  L111    AnnotateAndAsserter]: Assert order INSIDE_LOOP_FIRST1 issued 4 check-sat command(s) and asserted 13 of 13 statements.
[2026-06-06 09:32:01,456 INFO  L324   FreeRefinementEngine]: Using trace check IpTcStrategyModuleSmtInterpolCraig [1245041552]
[2026-06-06 09:32:01,456 INFO  L114    AnnotateAndAsserter]: Assert order INSIDE_LOOP_FIRST1 issued 4 check-sat command(s)
[2026-06-06 09:32:01,456 INFO  L115    AnnotateAndAsserter]: Conjunction of SSA is unsat
[2026-06-06 09:32:01,456 INFO  L95    rtionOrderModulation]: Changing assertion order to MIX_INSIDE_OUTSIDE
[2026-06-06 09:32:01,456 INFO  L127          SolverBuilder]: Constructing new instance of SMTInterpol with explicit timeout -1 ms and remaining time -1 ms
[2026-06-06 09:32:01,457 INFO  L134       CoverageAnalysis]: Checked inductivity of 9 backedges. 0 proven. 3 refuted. 0 times theorem prover too weak. 6 trivial. 0 not checked.
[2026-06-06 09:32:01,457 INFO  L158   FreeRefinementEngine]: IpTcStrategyModuleZ3 [1092168451] provided 0 perfect and 2 imperfect interpolant sequences
[2026-06-06 09:32:01,457 INFO  L185   FreeRefinementEngine]: Found 0 perfect and 3 imperfect interpolant sequences.
[2026-06-06 09:32:01,457 INFO  L198   FreeRefinementEngine]: Number of different interpolants: perfect sequences [] imperfect sequences [5, 5, 5] total 10
[2026-06-06 09:32:01,457 INFO  L122   tionRefinementEngine]: Using interpolant automaton builder IpAbStrategyModuleStraightlineAll [2043932268]
[2026-06-06 09:32:01,457 INFO  L85    oduleStraightlineAll]: Using 3 imperfect interpolants to construct interpolant automaton
[2026-06-06 09:32:01,458 INFO  L100   FreeRefinementEngine]: Using predicate unifier PredicateUnifier provided by strategy CAMEL
[2026-06-06 09:32:01,459 INFO  L144   InterpolantAutomaton]: Constructing interpolant automaton starting with 10 interpolants.
[2026-06-06 09:32:01,459 INFO  L146   InterpolantAutomaton]: CoverageRelationStatistics Valid=30, Invalid=60, Unknown=0, NotChecked=0, Total=90
[2026-06-06 09:32:01,459 INFO  L419   CegarNwaWorkerThread]: Difference in Worker for Generalization
[2026-06-06 09:32:01,459 INFO  L87              Difference]: Start difference. First operand  has 6 states, 4 states have (on average 1.75) internal successors, (7), 5 states have internal predecessors, (7), 0 states have call successors, (0), 0 states have call predecessors, (0), 0 states have return successors, (0), 0 states have call predecessors, (0), 0 states have call successors, (0) Second operand  has 10 states, 10 states have (on average 1.4) internal successors, (14), 10 states have internal predecessors, (14), 0 states have call successors, (0), 0 states have call predecessors, (0), 0 states have return successors, (0), 0 states have call predecessors, (0), 0 states have call successors, (0)
[2026-06-06 09:32:01,460 INFO  L108    AnnotateAndAsserter]: Assert order INSIDE_LOOP_FIRST1 partitioned 10 statements into 3 equivalence classes.
[2026-06-06 09:32:01,461 INFO  L108    AnnotateAndAsserter]: Assert order MIX_INSIDE_OUTSIDE partitioned 15 statements into 4 equivalence classes.
[2026-06-06 09:32:01,463 INFO  L134       CoverageAnalysis]: Checked inductivity of 18 backedges. 12 proven. 3 refuted. 0 times theorem prover too weak. 3 trivial. 0 not checked.
[2026-06-06 09:32:01,463 INFO  L312         TraceCheckSpWp]: Computing backward predicates...
[2026-06-06 09:32:01,466 INFO  L111    AnnotateAndAsserter]: Assert order INSIDE_LOOP_FIRST1 issued 3 check-sat command(s) and asserted 10 of 10 statements.
[2026-06-06 09:32:01,466 INFO  L114    AnnotateAndAsserter]: Assert order INSIDE_LOOP_FIRST1 issued 3 check-sat command(s)
[2026-06-06 09:32:01,466 INFO  L115    AnnotateAndAsserter]: Conjunction of SSA is unsat
[2026-06-06 09:32:01,467 INFO  L256         TraceCheckSpWp]: Trace formula consists of 77 conjuncts, 25 conjuncts are in the unsatisfiable core
[2026-06-06 09:32:01,468 INFO  L279         TraceCheckSpWp]: Computing forward predicates...
[2026-06-06 09:32:01,468 INFO  L111    AnnotateAndAsserter]: Assert order MIX_INSIDE_OUTSIDE issued 4 check-sat command(s) and asserted 15 of 15 statements.
[2026-06-06 09:32:01,468 INFO  L114    AnnotateAndAsserter]: Assert order MIX_INSIDE_OUTSIDE issued 4 check-sat command(s)
[2026-06-06 09:32:01,468 INFO  L115    AnnotateAndAsserter]: Conjunction of SSA is unsat
[2026-06-06 09:32:01,476 INFO  L134       CoverageAnalysis]: Checked inductivity of 18 backedges. 12 proven. 3 refuted. 0 times theorem prover too weak. 3 trivial. 0 not checked.
[2026-06-06 09:32:01,476 INFO  L158   FreeRefinementEngine]: IpTcStrategyModuleZ3 [107883802] provided 0 perfect and 2 imperfect interpolant sequences
[2026-06-06 09:32:01,476 INFO  L185   FreeRefinementEngine]: Found 0 perfect and 3 imperfect interpolant sequences.
[2026-06-06 09:32:01,476 INFO  L198   FreeRefinementEngine]: Number of different interpolants: perfect sequences [] imperfect sequences [5, 5, 5] total 5
[2026-06-06 09:32:01,476 INFO  L122   tionRefinementEngine]: Using interpolant automaton builder IpAbStrategyModuleStraightlineAll [1030720956]
[2026-06-06 09:32:01,476 INFO  L85    oduleStraightlineAll]: Using 3 imperfect interpolants to construct interpolant automaton
[2026-06-06 09:32:01,476 INFO  L100   FreeRefinementEngine]: Using predicate unifier PredicateUnifier provided by strategy CAMEL
[2026-06-06 09:32:01,476 INFO  L144   InterpolantAutomaton]: Constructing interpolant automaton starting with 6 interpolants.
[2026-06-06 09:32:01,476 INFO  L146   InterpolantAutomaton]: CoverageRelationStatistics Valid=15, Invalid=15, Unknown=0, NotChecked=0, Total=30
[2026-06-06 09:32:01,476 INFO  L419   CegarNwaWorkerThread]: Difference in Worker for Generalization
[2026-06-06 09:32:01,476 INFO  L87              Difference]: Start difference. First operand  has 6 states, 4 states have (on average 1.75) internal successors, (7), 5 states have internal predecessors, (7), 0 states have call successors, (0), 0 states have call predecessors, (0), 0 states have return successors, (0), 0 states have call predecessors, (0), 0 states have call successors, (0) Second operand  has 6 states, 6 states have (on average 1.6666666666666667) internal successors, (10), 5 states have internal predecessors, (10), 0 states have call successors, (0), 0 states have call predecessors, (0), 0 states have return successors, (0), 0 states have call predecessors, (0), 0 states have call successors, (0)
[2026-06-06 09:32:01,486 INFO  L144             Difference]: Subtrahend was deterministic. Have not used determinization.
[2026-06-06 09:32:01,487 INFO  L93              Difference]: Finished difference Result 11 states and 17 transitions.
[2026-06-06 09:32:01,487 INFO  L140   InterpolantAutomaton]: Switched to read-only mode: deterministic interpolant automaton has 6 states. 
[2026-06-06 09:32:01,487 INFO  L225             Difference]: With dead ends: 11
[2026-06-06 09:32:01,487 INFO  L226             Difference]: Without dead ends: 11
[2026-06-06 09:32:01,487 INFO  L487   CegarNwaWorkerThread]: 0 DeclaredPredicates, 27 GetRequests, 17 SyntacticMatches, 6 SemanticMatches, 4 ConstructedPredicates, 0 IntricatePredicates, 0 DeprecatedPredicates, 22 ImplicationChecksByTransitivity, 0.0s TimeCoverageRelationStatistics Valid=15, Invalid=15, Unknown=0, NotChecked=0, Total=30
[2026-06-06 09:32:01,487 INFO  L488   CegarNwaWorkerThread]: 2 mSDtfsCounter, 0 mSDsluCounter, 2 mSDsCounter, 0 mSdLazyCounter, 16 mSolverCounterSat, 3 mSolverCounterUnsat, 0 mSolverCounterUnknown, 0 mSolverCounterNotChecked, 0.0s Time, 0 mProtectedPredicate, 0 mProtectedAction, 0 SdHoareTripleChecker+Valid, 4 SdHoareTripleChecker+Invalid, 19 SdHoareTripleChecker+Unknown, 0 SdHoareTripleChecker+Unchecked, 0.0s SdHoareTripleChecker+Time, 3 IncrementalHoareTripleChecker+Valid, 16 IncrementalHoareTripleChecker+Invalid, 0 IncrementalHoareTripleChecker+Unknown, 0 IncrementalHoareTripleChecker+Unchecked, 0.0s IncrementalHoareTripleChecker+Time
[2026-06-06 09:32:01,487 INFO  L489   CegarNwaWorkerThread]: SdHoareTripleChecker [0 Valid, 4 Invalid, 19 Unknown, 0 Unchecked, 0.0s Time], IncrementalHoareTripleChecker [3 Valid, 16 Invalid, 0 Unknown, 0 Unchecked, 0.0s Time]
[2026-06-06 09:32:01,488 INFO  L224   CegarNwaWorkerThread]: Done with Thread: 95#
[2026-06-06 09:32:01,488 INFO  L196   CegarNwaWorkerThread]: WorkerThread: Thread[#95,Worker for -935356116,5,main] is Waiting for a Task
[2026-06-06 09:32:01,488 INFO  L634   ParallelNwaCegarLoop]: Waking up, a worker is done.
[2026-06-06 09:32:01,488 INFO  L293   ParallelNwaCegarLoop]: Main: A Thread is Done
[2026-06-06 09:32:01,488 INFO  L311   ParallelNwaCegarLoop]: Worker Automaton Type: FLOYD_HOARE
[2026-06-06 09:32:01,488 INFO  L79                 Accepts]: Start accepts. Automaton has 19 states and 22 transitions. Word has length 11
[2026-06-06 09:32:01,488 INFO  L85                 Accepts]: Finished accepts. word is rejected.
[2026-06-06 09:32:01,488 INFO  L747   ParallelNwaCegarLoop]: Recorded stale counterexample prefix coverage.
[2026-06-06 09:32:01,488 INFO  L313   ParallelNwaCegarLoop]: Refining Abstraction
[2026-06-06 09:32:01,488 INFO  L697   ParallelNwaCegarLoop]: Subtrahend traceHash: -935356116
[2026-06-06 09:32:01,488 INFO  L664   ParallelNwaCegarLoop]: Difference in Main
[2026-06-06 09:32:01,488 INFO  L87              Difference]: Start difference. First operand 19 states and 22 transitions. Second operand  has 6 states, 5 states have (on average 3.8) internal successors, (19), 6 states have internal predecessors, (19), 0 states have call successors, (0), 0 states have call predecessors, (0), 0 states have return successors, (0), 0 states have call predecessors, (0), 0 states have call successors, (0)
[2026-06-06 09:32:01,488 INFO  L144             Difference]: Subtrahend was deterministic. Have not used determinization.
[2026-06-06 09:32:01,488 INFO  L93              Difference]: Finished difference Result 19 states and 22 transitions.
[2026-06-06 09:32:01,488 INFO  L225             Difference]: With dead ends: 19
[2026-06-06 09:32:01,488 INFO  L226             Difference]: Without dead ends: 19
[2026-06-06 09:32:01,489 INFO  L82        GeneralOperation]: Start minimizeSevpa. Operand 19 states.
[2026-06-06 09:32:01,489 INFO  L88        GeneralOperation]: Finished minimizeSevpa. Reduced states from 19 to 19.
[2026-06-06 09:32:01,489 INFO  L82        GeneralOperation]: Start removeUnreachable. Operand  has 19 states, 18 states have (on average 1.2222222222222223) internal successors, (22), 18 states have internal predecessors, (22), 0 states have call successors, (0), 0 states have call predecessors, (0), 0 states have return successors, (0), 0 states have call predecessors, (0), 0 states have call successors, (0)
[2026-06-06 09:32:01,489 INFO  L88        GeneralOperation]: Finished removeUnreachable. Reduced from 19 states to 19 states and 22 transitions.
[2026-06-06 09:32:01,489 INFO  L675   ParallelNwaCegarLoop]: Main: Refinement done.
[2026-06-06 09:32:01,489 INFO  L594   ParallelNwaCegarLoop]: Checking if program is safe
[2026-06-06 09:32:01,489 INFO  L290                IsEmpty]: Start isEmpty. Operand 19 states and 22 transitions.
[2026-06-06 09:32:01,489 INFO  L300                IsEmpty]: Finished isEmpty. Found accepting run of length 11
[2026-06-06 09:32:01,489 INFO  L199           NwaCegarLoop]: Found error trace
[2026-06-06 09:32:01,489 INFO  L207           NwaCegarLoop]: trace histogram [3, 3, 1, 1, 1, 1]
[2026-06-06 09:32:01,489 INFO  L336   ParallelNwaCegarLoop]: No more worker results to process
[2026-06-06 09:32:01,489 INFO  L290                IsEmpty]: Start isEmptyParallel. Operand 19 states and 22 transitions.
[2026-06-06 09:32:01,489 INFO  L300                IsEmpty]: Finished isEmptyParallel. No accepting run.
[2026-06-06 09:32:01,489 INFO  L156        IsEmptyParallel]: Start isEmptyParallel. Operand 19 states and 22 transitions.
[2026-06-06 09:32:01,490 INFO  L182       IsEmptyHeuristic]: Start isEmptyHeuristic. Operand 19 states and 22 transitions.
[2026-06-06 09:32:01,490 INFO  L188       IsEmptyHeuristic]: Finished isEmptyHeuristic. Found accepting run of length 16
[2026-06-06 09:32:01,490 INFO  L163        IsEmptyParallel]: Finished isEmptyParallel. Found accepting run of length 16
[2026-06-06 09:32:01,490 WARN  L753                IsEmpty]: Correctness of emptinessCheck not tested.
[2026-06-06 09:32:01,490 INFO  L79                 Accepts]: Start accepts. Automaton has 19 states and 22 transitions. Word has length 15
[2026-06-06 09:32:01,490 INFO  L85                 Accepts]: Finished accepts. word is accepted.
[2026-06-06 09:32:01,490 INFO  L757                IsEmpty]: Finished testing correctness of emptinessCheck
[2026-06-06 09:32:01,490 INFO  L290                IsEmpty]: Start isEmptyParallel. Operand 19 states and 22 transitions.
[2026-06-06 09:32:01,490 INFO  L300                IsEmpty]: Finished isEmptyParallel. No accepting run.
[2026-06-06 09:32:01,490 INFO  L156        IsEmptyParallel]: Start isEmptyParallel. Operand 19 states and 22 transitions.
[2026-06-06 09:32:01,490 INFO  L182       IsEmptyHeuristic]: Start isEmptyHeuristic. Operand 19 states and 22 transitions.
[2026-06-06 09:32:01,490 INFO  L188       IsEmptyHeuristic]: Finished isEmptyHeuristic. Found accepting run of length 15
[2026-06-06 09:32:01,490 INFO  L163        IsEmptyParallel]: Finished isEmptyParallel. Found accepting run of length 15
[2026-06-06 09:32:01,490 WARN  L753                IsEmpty]: Correctness of emptinessCheck not tested.
[2026-06-06 09:32:01,490 INFO  L79                 Accepts]: Start accepts. Automaton has 19 states and 22 transitions. Word has length 14
[2026-06-06 09:32:01,490 INFO  L85                 Accepts]: Finished accepts. word is accepted.
[2026-06-06 09:32:01,490 INFO  L757                IsEmpty]: Finished testing correctness of emptinessCheck
[2026-06-06 09:32:01,490 INFO  L290                IsEmpty]: Start isEmptyParallel. Operand 19 states and 22 transitions.
[2026-06-06 09:32:01,490 INFO  L300                IsEmpty]: Finished isEmptyParallel. No accepting run.
[2026-06-06 09:32:01,491 INFO  L156        IsEmptyParallel]: Start isEmptyParallel. Operand 19 states and 22 transitions.
[2026-06-06 09:32:01,491 INFO  L182       IsEmptyHeuristic]: Start isEmptyHeuristic. Operand 19 states and 22 transitions.
[2026-06-06 09:32:01,491 INFO  L188       IsEmptyHeuristic]: Finished isEmptyHeuristic. Found accepting run of length 17
[2026-06-06 09:32:01,491 INFO  L163        IsEmptyParallel]: Finished isEmptyParallel. Found accepting run of length 17
[2026-06-06 09:32:01,491 WARN  L753                IsEmpty]: Correctness of emptinessCheck not tested.
[2026-06-06 09:32:01,491 INFO  L79                 Accepts]: Start accepts. Automaton has 19 states and 22 transitions. Word has length 16
[2026-06-06 09:32:01,491 INFO  L85                 Accepts]: Finished accepts. word is accepted.
[2026-06-06 09:32:01,491 INFO  L757                IsEmpty]: Finished testing correctness of emptinessCheck
[2026-06-06 09:32:01,491 INFO  L290                IsEmpty]: Start isEmptyParallel. Operand 19 states and 22 transitions.
[2026-06-06 09:32:01,491 INFO  L134       CoverageAnalysis]: Checked inductivity of 38 backedges. 0 proven. 9 refuted. 0 times theorem prover too weak. 29 trivial. 0 not checked.
[2026-06-06 09:32:01,491 INFO  L300                IsEmpty]: Finished isEmptyParallel. No accepting run.
[2026-06-06 09:32:01,491 INFO  L136   FreeRefinementEngine]: Strategy CAMEL found an infeasible trace
[2026-06-06 09:32:01,491 INFO  L156        IsEmptyParallel]: Start isEmptyParallel. Operand 19 states and 22 transitions.
[2026-06-06 09:32:01,491 INFO  L324   FreeRefinementEngine]: Using interpolant generator IpTcStrategyModuleSmtInterpolCraig [186545053]
[2026-06-06 09:32:01,491 INFO  L158   FreeRefinementEngine]: IpTcStrategyModuleSmtInterpolCraig [186545053] provided 0 perfect and 1 imperfect interpolant sequences
[2026-06-06 09:32:01,491 INFO  L324   FreeRefinementEngine]: Using interpolant generator IpTcStrategyModuleZ3 [1266420457]
[2026-06-06 09:32:01,491 INFO  L95    rtionOrderModulation]: Changing assertion order to OUTSIDE_LOOP_FIRST2
[2026-06-06 09:32:01,491 INFO  L182       IsEmptyHeuristic]: Start isEmptyHeuristic. Operand 19 states and 22 transitions.
[2026-06-06 09:32:01,491 INFO  L173          SolverBuilder]: Constructing external solver with command: z3 -smt2 -in SMTLIB2_COMPLIANT=true
[2026-06-06 09:32:01,491 INFO  L188       IsEmptyHeuristic]: Finished isEmptyHeuristic. Found accepting run of length 18
[2026-06-06 09:32:01,491 INFO  L134       CoverageAnalysis]: Checked inductivity of 25 backedges. 15 proven. 10 refuted. 0 times theorem prover too weak. 0 trivial. 0 not checked.
[2026-06-06 09:32:01,491 INFO  L163        IsEmptyParallel]: Finished isEmptyParallel. Found accepting run of length 18
[2026-06-06 09:32:01,491 WARN  L753                IsEmpty]: Correctness of emptinessCheck not tested.
[2026-06-06 09:32:01,491 INFO  L136   FreeRefinementEngine]: Strategy CAMEL found an infeasible trace
[2026-06-06 09:32:01,491 INFO  L79                 Accepts]: Start accepts. Automaton has 19 states and 22 transitions. Word has length 17
[2026-06-06 09:32:01,491 INFO  L324   FreeRefinementEngine]: Using interpolant generator IpTcStrategyModuleSmtInterpolCraig [767158752]
[2026-06-06 09:32:01,492 INFO  L85                 Accepts]: Finished accepts. word is accepted.
[2026-06-06 09:32:01,492 INFO  L757                IsEmpty]: Finished testing correctness of emptinessCheck
[2026-06-06 09:32:01,492 INFO  L158   FreeRefinementEngine]: IpTcStrategyModuleSmtInterpolCraig [767158752] provided 0 perfect and 1 imperfect interpolant sequences
[2026-06-06 09:32:01,492 INFO  L324   FreeRefinementEngine]: Using interpolant generator IpTcStrategyModuleZ3 [1948352573]
[2026-06-06 09:32:01,492 INFO  L95    rtionOrderModulation]: Changing assertion order to INSIDE_LOOP_FIRST1
[2026-06-06 09:32:01,492 INFO  L173          SolverBuilder]: Constructing external solver with command: z3 -smt2 -in SMTLIB2_COMPLIANT=true
[2026-06-06 09:32:01,492 INFO  L86        PathProgramCache]: Analyzing trace with hash 1719446090, now seen corresponding path program 19 times
[2026-06-06 09:32:01,492 INFO  L614   ParallelNwaCegarLoop]: Main: Starting Thread
[2026-06-06 09:32:01,492 INFO  L283   ParallelNwaCegarLoop]: === Iteration 12 ===
[2026-06-06 09:32:01,492 INFO  L209   CegarNwaWorkerThread]: Starting Thread: 95# for Trace Check: 1719446090
[2026-06-06 09:32:01,492 INFO  L631   ParallelNwaCegarLoop]: All threads busy, going to sleep.
[2026-06-06 09:32:01,492 INFO  L156       PredicateUnifier]: Initialized classic predicate unifier
[2026-06-06 09:32:01,492 INFO  L86        PathProgramCache]: Analyzing trace with hash 1719446090, now seen corresponding path program 19 times
[2026-06-06 09:32:01,492 INFO  L118   FreeRefinementEngine]: Executing refinement strategy CAMEL
[2026-06-06 09:32:01,492 INFO  L324   FreeRefinementEngine]: Using trace check IpTcStrategyModuleSmtInterpolCraig [1243505142]
[2026-06-06 09:32:01,492 INFO  L95    rtionOrderModulation]: Changing assertion order to NOT_INCREMENTALLY
[2026-06-06 09:32:01,492 INFO  L127          SolverBuilder]: Constructing new instance of SMTInterpol with explicit timeout -1 ms and remaining time -1 ms
[2026-06-06 09:32:01,492 INFO  L144             Difference]: Subtrahend was deterministic. Have not used determinization.
[2026-06-06 09:32:01,492 INFO  L93              Difference]: Finished difference Result 7 states and 9 transitions.
[2026-06-06 09:32:01,492 INFO  L140   InterpolantAutomaton]: Switched to read-only mode: deterministic interpolant automaton has 8 states. 
[2026-06-06 09:32:01,492 INFO  L225             Difference]: With dead ends: 7
[2026-06-06 09:32:01,492 INFO  L226             Difference]: Without dead ends: 0
[2026-06-06 09:32:01,493 INFO  L487   CegarNwaWorkerThread]: 0 DeclaredPredicates, 25 GetRequests, 13 SyntacticMatches, 0 SemanticMatches, 12 ConstructedPredicates, 0 IntricatePredicates, 0 DeprecatedPredicates, 24 ImplicationChecksByTransitivity, 0.1s TimeCoverageRelationStatistics Valid=62, Invalid=120, Unknown=0, NotChecked=0, Total=182
[2026-06-06 09:32:01,493 INFO  L488   CegarNwaWorkerThread]: 1 mSDtfsCounter, 0 mSDsluCounter, 0 mSDsCounter, 0 mSdLazyCounter, 19 mSolverCounterSat, 8 mSolverCounterUnsat, 0 mSolverCounterUnknown, 0 mSolverCounterNotChecked, 0.0s Time, 0 mProtectedPredicate, 0 mProtectedAction, 0 SdHoareTripleChecker+Valid, 1 SdHoareTripleChecker+Invalid, 27 SdHoareTripleChecker+Unknown, 0 SdHoareTripleChecker+Unchecked, 0.0s SdHoareTripleChecker+Time, 8 IncrementalHoareTripleChecker+Valid, 19 IncrementalHoareTripleChecker+Invalid, 0 IncrementalHoareTripleChecker+Unknown, 0 IncrementalHoareTripleChecker+Unchecked, 0.0s IncrementalHoareTripleChecker+Time
[2026-06-06 09:32:01,493 INFO  L489   CegarNwaWorkerThread]: SdHoareTripleChecker [0 Valid, 1 Invalid, 27 Unknown, 0 Unchecked, 0.0s Time], IncrementalHoareTripleChecker [8 Valid, 19 Invalid, 0 Unknown, 0 Unchecked, 0.0s Time]
[2026-06-06 09:32:01,493 INFO  L224   CegarNwaWorkerThread]: Done with Thread: 119#
[2026-06-06 09:32:01,493 INFO  L196   CegarNwaWorkerThread]: WorkerThread: Thread[#119,Worker for 1241268001,5,main] is Waiting for a Task
[2026-06-06 09:32:01,493 INFO  L634   ParallelNwaCegarLoop]: Waking up, a worker is done.
[2026-06-06 09:32:01,493 INFO  L293   ParallelNwaCegarLoop]: Main: A Thread is Done
[2026-06-06 09:32:01,493 INFO  L311   ParallelNwaCegarLoop]: Worker Automaton Type: FLOYD_HOARE
[2026-06-06 09:32:01,493 INFO  L79                 Accepts]: Start accepts. Automaton has 19 states and 22 transitions. Word has length 9
[2026-06-06 09:32:01,493 INFO  L85                 Accepts]: Finished accepts. word is rejected.
[2026-06-06 09:32:01,493 INFO  L747   ParallelNwaCegarLoop]: Recorded stale counterexample prefix coverage.
[2026-06-06 09:32:01,493 INFO  L313   ParallelNwaCegarLoop]: Refining Abstraction
[2026-06-06 09:32:01,493 INFO  L697   ParallelNwaCegarLoop]: Subtrahend traceHash: 1241268001
[2026-06-06 09:32:01,493 INFO  L664   ParallelNwaCegarLoop]: Difference in Main
[2026-06-06 09:32:01,494 INFO  L87              Difference]: Start difference. First operand 19 states and 22 transitions. Second operand  has 8 states, 7 states have (on average 1.8571428571428572) internal successors, (13), 7 states have internal predecessors, (13), 0 states have call successors, (0), 0 states have call predecessors, (0), 0 states have return successors, (0), 0 states have call predecessors, (0), 0 states have call successors, (0)
[2026-06-06 09:32:01,494 INFO  L144             Difference]: Subtrahend was deterministic. Have not used determinization.
[2026-06-06 09:32:01,494 INFO  L93              Difference]: Finished difference Result 20 states and 22 transitions.
[2026-06-06 09:32:01,494 INFO  L225             Difference]: With dead ends: 20
[2026-06-06 09:32:01,494 INFO  L226             Difference]: Without dead ends: 0
[2026-06-06 09:32:01,494 INFO  L82        GeneralOperation]: Start minimizeSevpa. Operand 0 states.
[2026-06-06 09:32:01,494 INFO  L88        GeneralOperation]: Finished minimizeSevpa. Reduced states from 0 to 0.
[2026-06-06 09:32:01,494 INFO  L82        GeneralOperation]: Start removeUnreachable. Operand  has 0 states, 0 states have (on average 0.0) internal successors, (0), 0 states have internal predecessors, (0), 0 states have call successors, (0), 0 states have call predecessors, (0), 0 states have return successors, (0), 0 states have call predecessors, (0), 0 states have call successors, (0)
[2026-06-06 09:32:01,494 INFO  L88        GeneralOperation]: Finished removeUnreachable. Reduced from 0 states to 0 states and 0 transitions.
[2026-06-06 09:32:01,494 INFO  L675   ParallelNwaCegarLoop]: Main: Refinement done.
[2026-06-06 09:32:01,494 INFO  L594   ParallelNwaCegarLoop]: Checking if program is safe
[2026-06-06 09:32:01,494 INFO  L290                IsEmpty]: Start isEmpty. Operand 0 states and 0 transitions.
[2026-06-06 09:32:01,494 INFO  L300                IsEmpty]: Finished isEmpty. No accepting run.
[2026-06-06 09:32:01,494 INFO  L189       MonitoredProcess]: No working directory specified, using /usr/bin/z3
[2026-06-06 09:32:01,494 INFO  L189       MonitoredProcess]: No working directory specified, using /usr/bin/z3
[2026-06-06 09:32:01,496 INFO  L108    AnnotateAndAsserter]: Assert order NOT_INCREMENTALLY partitioned 14 statements into 1 equivalence classes.
[2026-06-06 09:32:01,496 INFO  L229       MonitoredProcess]: Starting monitored process 24 with /usr/bin/z3 -smt2 -in SMTLIB2_COMPLIANT=true (exit command is (exit), workingDir is null)
[2026-06-06 09:32:01,496 INFO  L796   garLoopResultBuilder]: Registering result SAFE for location ULTIMATE.startErr0ASSERT_VIOLATIONASSERT (0 of 1 remaining)
[2026-06-06 09:32:01,496 INFO  L229       MonitoredProcess]: Starting monitored process 25 with /usr/bin/z3 -smt2 -in SMTLIB2_COMPLIANT=true (exit command is (exit), workingDir is null)
[2026-06-06 09:32:01,496 INFO  L597   ParallelNwaCegarLoop]: Result: SAFE
[2026-06-06 09:32:01,497 INFO  L327       MonitoredProcess]: [MP /usr/bin/z3 -smt2 -in SMTLIB2_COMPLIANT=true (24)] Waiting until timeout for monitored process
[2026-06-06 09:32:01,497 INFO  L327       MonitoredProcess]: [MP /usr/bin/z3 -smt2 -in SMTLIB2_COMPLIANT=true (25)] Waiting until timeout for monitored process
[2026-06-06 09:32:01,498 INFO  L111    AnnotateAndAsserter]: Assert order NOT_INCREMENTALLY issued 1 check-sat command(s) and asserted 14 of 14 statements.
[2026-06-06 09:32:01,498 INFO  L114    AnnotateAndAsserter]: Assert order NOT_INCREMENTALLY issued 1 check-sat command(s)
[2026-06-06 09:32:01,498 INFO  L115    AnnotateAndAsserter]: Conjunction of SSA is unsat
[2026-06-06 09:32:01,498 INFO  L546       MonitoredProcess]: [MP /usr/bin/z3 -smt2 -in SMTLIB2_COMPLIANT=true (25)] Ended with exit code 0
[2026-06-06 09:32:01,699 INFO  L546       MonitoredProcess]: [MP /usr/bin/z3 SMTLIB2_COMPLIANT=true -memory:1024 -smt2 -in -t:12000 (5)] Ended with exit code 0
[2026-06-06 09:32:01,901 INFO  L534       MonitoredProcess]: [MP /usr/bin/z3 -smt2 -in SMTLIB2_COMPLIANT=true (10)] Forceful destruction successful, exit code 0
[2026-06-06 09:32:02,100 INFO  L546       MonitoredProcess]: [MP /usr/bin/z3 -smt2 -in SMTLIB2_COMPLIANT=true (13)] Ended with exit code 0
[2026-06-06 09:32:02,298 WARN  L718   oredProcess$PipePump]: [MP /usr/bin/z3 -smt2 -in SMTLIB2_COMPLIANT=true (21)] The stream was forcibly closed: stdIn
[2026-06-06 09:32:02,301 INFO  L546       MonitoredProcess]: [MP /usr/bin/z3 -smt2 -in SMTLIB2_COMPLIANT=true (21)] Ended with exit code 0
[2026-06-06 09:32:02,501 INFO  L546       MonitoredProcess]: [MP /usr/bin/z3 SMTLIB2_COMPLIANT=true -memory:1024 -smt2 -in -t:12000 (3)] Ended with exit code 0
[2026-06-06 09:32:02,702 INFO  L546       MonitoredProcess]: [MP /usr/bin/z3 -smt2 -in SMTLIB2_COMPLIANT=true (14)] Ended with exit code 0
[2026-06-06 09:32:02,903 INFO  L546       MonitoredProcess]: [MP /usr/bin/z3 -smt2 -in SMTLIB2_COMPLIANT=true (22)] Ended with exit code 0
[2026-06-06 09:32:03,102 INFO  L546       MonitoredProcess]: [MP /usr/bin/z3 SMTLIB2_COMPLIANT=true -memory:1024 -smt2 -in -t:12000 (9)] Ended with exit code 0
[2026-06-06 09:32:03,304 INFO  L546       MonitoredProcess]: [MP /usr/bin/z3 -smt2 -in SMTLIB2_COMPLIANT=true (20)] Ended with exit code 0
[2026-06-06 09:32:03,504 INFO  L546       MonitoredProcess]: [MP /usr/bin/z3 -smt2 -in SMTLIB2_COMPLIANT=true (12)] Ended with exit code 0
[2026-06-06 09:32:03,704 INFO  L546       MonitoredProcess]: [MP /usr/bin/z3 -smt2 -in SMTLIB2_COMPLIANT=true (15)] Ended with exit code 0
[2026-06-06 09:32:03,902 WARN  L718   oredProcess$PipePump]: [MP /usr/bin/z3 SMTLIB2_COMPLIANT=true -memory:1024 -smt2 -in -t:12000 (8)] The stream was forcibly closed: stdIn
[2026-06-06 09:32:03,904 INFO  L546       MonitoredProcess]: [MP /usr/bin/z3 SMTLIB2_COMPLIANT=true -memory:1024 -smt2 -in -t:12000 (8)] Ended with exit code 0
[2026-06-06 09:32:04,105 INFO  L534       MonitoredProcess]: [MP /usr/bin/z3 -smt2 -in SMTLIB2_COMPLIANT=true (23)] Forceful destruction successful, exit code 0
[2026-06-06 09:32:04,305 INFO  L546       MonitoredProcess]: [MP /usr/bin/z3 -smt2 -in SMTLIB2_COMPLIANT=true (19)] Ended with exit code 0
[2026-06-06 09:32:04,505 INFO  L546       MonitoredProcess]: [MP /usr/bin/z3 SMTLIB2_COMPLIANT=true -memory:1024 -smt2 -in -t:12000 (7)] Ended with exit code 0
[2026-06-06 09:32:04,706 INFO  L546       MonitoredProcess]: [MP /usr/bin/z3 SMTLIB2_COMPLIANT=true -memory:1024 -smt2 -in -t:12000 (2)] Ended with exit code 0
[2026-06-06 09:32:04,907 INFO  L546       MonitoredProcess]: [MP /usr/bin/z3 -smt2 -in SMTLIB2_COMPLIANT=true (16)] Ended with exit code 0
[2026-06-06 09:32:05,107 INFO  L546       MonitoredProcess]: [MP /usr/bin/z3 SMTLIB2_COMPLIANT=true -memory:1024 -smt2 -in -t:12000 (6)] Ended with exit code 0
[2026-06-06 09:32:05,304 WARN  L718   oredProcess$PipePump]: [MP /usr/bin/z3 -smt2 -in SMTLIB2_COMPLIANT=true (11)] The stream was forcibly closed: stdIn
[2026-06-06 09:32:05,308 INFO  L546       MonitoredProcess]: [MP /usr/bin/z3 -smt2 -in SMTLIB2_COMPLIANT=true (11)] Ended with exit code 0
[2026-06-06 09:32:05,506 INFO  L546       MonitoredProcess]: [MP /usr/bin/z3 -smt2 -in SMTLIB2_COMPLIANT=true (24)] Ended with exit code 0
[2026-06-06 09:32:05,708 INFO  L546       MonitoredProcess]: [MP /usr/bin/z3 -smt2 -in SMTLIB2_COMPLIANT=true (18)] Ended with exit code 0
[2026-06-06 09:32:05,908 INFO  L546       MonitoredProcess]: [MP /usr/bin/z3 -smt2 -in SMTLIB2_COMPLIANT=true (17)] Ended with exit code 0
[2026-06-06 09:32:06,108 INFO  L546       MonitoredProcess]: [MP /usr/bin/z3 SMTLIB2_COMPLIANT=true -memory:1024 -smt2 -in -t:12000 (4)] Ended with exit code 0
[2026-06-06 09:32:06,306 WARN  L645   ParallelNwaCegarLoop]: Destroyed unattended storables created during the last iteration: 25 /usr/bin/z3 -smt2 -in SMTLIB2_COMPLIANT=true,5 /usr/bin/z3 SMTLIB2_COMPLIANT=true -memory:1024 -smt2 -in -t:12000,SelfDestructingSolverStorable4,SelfDestructingSolverStorable3,SelfDestructingSolverStorable2,SelfDestructingSolverStorable1,SelfDestructingSolverStorable8,SelfDestructingSolverStorable7,10 /usr/bin/z3 -smt2 -in SMTLIB2_COMPLIANT=true,SelfDestructingSolverStorable6,SelfDestructingSolverStorable5,SelfDestructingSolverStorable9,13 /usr/bin/z3 -smt2 -in SMTLIB2_COMPLIANT=true,21 /usr/bin/z3 -smt2 -in SMTLIB2_COMPLIANT=true,3 /usr/bin/z3 SMTLIB2_COMPLIANT=true -memory:1024 -smt2 -in -t:12000,SelfDestructingSolverStorable0,14 /usr/bin/z3 -smt2 -in SMTLIB2_COMPLIANT=true,22 /usr/bin/z3 -smt2 -in SMTLIB2_COMPLIANT=true,9 /usr/bin/z3 SMTLIB2_COMPLIANT=true -memory:1024 -smt2 -in -t:12000,20 /usr/bin/z3 -smt2 -in SMTLIB2_COMPLIANT=true,12 /usr/bin/z3 -smt2 -in SMTLIB2_COMPLIANT=true,15 /usr/bin/z3 -smt2 -in SMTLIB2_COMPLIANT=true,SelfDestructingSolverStorable18,SelfDestructingSolverStorable19,8 /usr/bin/z3 SMTLIB2_COMPLIANT=true -memory:1024 -smt2 -in -t:12000,23 /usr/bin/z3 -smt2 -in SMTLIB2_COMPLIANT=true,SelfDestructingSolverStorable10,19 /usr/bin/z3 -smt2 -in SMTLIB2_COMPLIANT=true,SelfDestructingSolverStorable11,SelfDestructingSolverStorable12,SelfDestructingSolverStorable13,7 /usr/bin/z3 SMTLIB2_COMPLIANT=true -memory:1024 -smt2 -in -t:12000,SelfDestructingSolverStorable14,SelfDestructingSolverStorable15,SelfDestructingSolverStorable16,2 /usr/bin/z3 SMTLIB2_COMPLIANT=true -memory:1024 -smt2 -in -t:12000,SelfDestructingSolverStorable17,16 /usr/bin/z3 -smt2 -in SMTLIB2_COMPLIANT=true,SelfDestructingSolverStorable20,6 /usr/bin/z3 SMTLIB2_COMPLIANT=true -memory:1024 -smt2 -in -t:12000,11 /usr/bin/z3 -smt2 -in SMTLIB2_COMPLIANT=true,24 /usr/bin/z3 -smt2 -in SMTLIB2_COMPLIANT=true,18 /usr/bin/z3 -smt2 -in SMTLIB2_COMPLIANT=true,17 /usr/bin/z3 -smt2 -in SMTLIB2_COMPLIANT=true,SelfDestructingSolverStorable21,4 /usr/bin/z3 SMTLIB2_COMPLIANT=true -memory:1024 -smt2 -in -t:12000,SelfDestructingSolverStorable22,SelfDestructingSolverStorable23,SelfDestructingSolverStorable24,SelfDestructingSolverStorable25
[2026-06-06 09:32:06,306 INFO  L509   ParallelNwaCegarLoop]: Iteration 12
[2026-06-06 09:32:06,306 INFO  L510   ParallelNwaCegarLoop]: SearchMode: BATCH_LCPS
[2026-06-06 09:32:06,306 INFO  L511   ParallelNwaCegarLoop]: Refinements: 19
[2026-06-06 09:32:06,307 INFO  L512   ParallelNwaCegarLoop]: Counterexamples: 26
[2026-06-06 09:32:06,307 INFO  L513   ParallelNwaCegarLoop]: SearchTimeout: 0
[2026-06-06 09:32:06,307 INFO  L514   ParallelNwaCegarLoop]: RunConstructionFailed: 0
[2026-06-06 09:32:06,307 INFO  L515   ParallelNwaCegarLoop]: SearchFailed: 0
[2026-06-06 09:32:06,307 INFO  L516   ParallelNwaCegarLoop]: Duplicate freshness failures: 0
[2026-06-06 09:32:06,307 INFO  L517   ParallelNwaCegarLoop]: DuplicateFreshnessFailures: 0
[2026-06-06 09:32:06,307 INFO  L518   ParallelNwaCegarLoop]: BFS: 1
[2026-06-06 09:32:06,307 INFO  L519   ParallelNwaCegarLoop]: IsEmptyParallel: 0
[2026-06-06 09:32:06,307 INFO  L520   ParallelNwaCegarLoop]: ActiveThreads: 8
[2026-06-06 09:32:06,307 INFO  L521   ParallelNwaCegarLoop]: ActiveExecutorsForPathPrograms: 0
[2026-06-06 09:32:06,307 INFO  L522   ParallelNwaCegarLoop]: IterationsWithMaxThreads: 11
[2026-06-06 09:32:06,307 INFO  L523   ParallelNwaCegarLoop]: IterationsWithONEThread: 0
[2026-06-06 09:32:06,307 INFO  L524   ParallelNwaCegarLoop]: SearchTime: 0 s
[2026-06-06 09:32:06,307 INFO  L525   ParallelNwaCegarLoop]: WorkerSetUpTime: 0 s
[2026-06-06 09:32:06,307 INFO  L526   ParallelNwaCegarLoop]: ExceptionInWorker: 0
[2026-06-06 09:32:06,307 INFO  L527   ParallelNwaCegarLoop]: mRefinementTime: 0
[2026-06-06 09:32:06,307 INFO  L528   ParallelNwaCegarLoop]: Prefix cache checked paths: 26
[2026-06-06 09:32:06,307 INFO  L529   ParallelNwaCegarLoop]: Prefix cache stale paths: 12
[2026-06-06 09:32:06,307 INFO  L530   ParallelNwaCegarLoop]: Stale paths: 12
[2026-06-06 09:32:06,307 WARN  L310   FreeRefinementEngine]: Global settings require throwing the following exception
[2026-06-06 09:32:06,307 INFO  L531   ParallelNwaCegarLoop]: LcpsCheckedPrefixQueries: 0
[2026-06-06 09:32:06,307 FATAL L280   FreeRefinementEngine]: Exception during interpolant generation: SMTLIBException
[2026-06-06 09:32:06,307 FATAL L280   FreeRefinementEngine]: Exception during interpolant generation: SMTLIBException
[2026-06-06 09:32:06,307 INFO  L532   ParallelNwaCegarLoop]: LcpsStalePrefixQueries: 0
[2026-06-06 09:32:06,307 INFO  L533   ParallelNwaCegarLoop]: LcpsCheckedPrefixHits: 0
[2026-06-06 09:32:06,308 INFO  L534   ParallelNwaCegarLoop]: LcpsStalePrefixHits: 0
[2026-06-06 09:32:06,308 INFO  L535   ParallelNwaCegarLoop]: LcpsSearchInvocations: 0
[2026-06-06 09:32:06,308 INFO  L536   ParallelNwaCegarLoop]: LcpsFullCacheSuffixInvocations: 0
[2026-06-06 09:32:06,308 INFO  L537   ParallelNwaCegarLoop]: LcpsFullCacheSuffixFallbacks: 0
[2026-06-06 09:32:06,308 INFO  L538   ParallelNwaCegarLoop]: LcpsEffectivePriorityDecisions: 0
[2026-06-06 09:32:06,308 INFO  L539   ParallelNwaCegarLoop]: BatchLcpsInvocations: 11
[2026-06-06 09:32:06,308 INFO  L540   ParallelNwaCegarLoop]: BatchLcpsAvailableSlotsTotal: 25
[2026-06-06 09:32:06,308 INFO  L541   ParallelNwaCegarLoop]: BatchLcpsCandidatesGenerated: 100
[2026-06-06 09:32:06,308 INFO  L542   ParallelNwaCegarLoop]: BatchLcpsCandidatesSelected: 25
[2026-06-06 09:32:06,308 INFO  L543   ParallelNwaCegarLoop]: BatchLcpsCandidateGenerationFailures: 0
[2026-06-06 09:32:06,308 INFO  L544   ParallelNwaCegarLoop]: BatchLcpsAvgCandidatePoolSize: 9.090909090909092
[2026-06-06 09:32:06,308 INFO  L545   ParallelNwaCegarLoop]: BatchLcpsAvgSelectedBatchSize: 2.272727272727273
[2026-06-06 09:32:06,308 INFO  L546   ParallelNwaCegarLoop]: BatchLcpsEffectiveBatchDecisions: 11
[2026-06-06 09:32:06,308 INFO  L547   ParallelNwaCegarLoop]: BatchLcpsCandidateGenerationTimeMs: 53
[2026-06-06 09:32:06,308 INFO  L548   ParallelNwaCegarLoop]: BatchLcpsSelectionTimeMs: 4
[2026-06-06 09:32:06,308 INFO  L549   ParallelNwaCegarLoop]: AdaptiveBatchTriggerMode: NEVER_BATCH
[2026-06-06 09:32:06,308 INFO  L550   ParallelNwaCegarLoop]: AdaptiveBatchInvocations: 0
[2026-06-06 09:32:06,308 INFO  L551   ParallelNwaCegarLoop]: AdaptiveBatchFallbacks: 0
[2026-06-06 09:32:06,308 INFO  L552   ParallelNwaCegarLoop]: AdaptiveTriggeredByDuplicate: 0
[2026-06-06 09:32:06,308 INFO  L553   ParallelNwaCegarLoop]: AdaptiveTriggeredByStale: 0
[2026-06-06 09:32:06,308 INFO  L554   ParallelNwaCegarLoop]: AdaptiveTriggeredBySearchFailed: 0
[2026-06-06 09:32:06,308 INFO  L555   ParallelNwaCegarLoop]: AdaptiveTriggeredByIdleSlot: 0
[2026-06-06 09:32:06,308 INFO  L556   ParallelNwaCegarLoop]: AdaptiveMinAvailableSlots: 2
[2026-06-06 09:32:06,308 INFO  L559   ParallelNwaCegarLoop]: Checked paths: 26
[2026-06-06 09:32:06,308 INFO  L560   ParallelNwaCegarLoop]: Total pairwise prefix-LCA divergence: 306.80782828282827
[2026-06-06 09:32:06,308 INFO  L562   ParallelNwaCegarLoop]: Avg pairwise prefix-LCA divergence: 0.944024087024087
[2026-06-06 09:32:06,310 INFO  L424         BasicCegarLoop]: Path program histogram: []
[2026-06-06 09:32:06,310 INFO  L429         BasicCegarLoop]: Checked paths: 26
[2026-06-06 09:32:06,310 INFO  L430         BasicCegarLoop]: Total pairwise prefix-LCA divergence: 306.80782828282827
[2026-06-06 09:32:06,310 INFO  L432         BasicCegarLoop]: Avg pairwise prefix-LCA divergence: 0.944024087024087
[2026-06-06 09:32:06,311 INFO  L171   ceAbstractionStarter]: Computing trace abstraction results
[2026-06-06 09:32:06,312 INFO  L201        PluginConnector]: Adding new model invert_string.i_4.bpl de.uni_freiburg.informatik.ultimate.plugins.generator.traceabstraction CFG 06.06 09:32:06 BoogieIcfgContainer
[2026-06-06 09:32:06,312 INFO  L131        PluginConnector]: ------------------------ END TraceAbstraction----------------------------
[2026-06-06 09:32:06,312 INFO  L158              Benchmark]: Toolchain (without parser) took 5546.46ms. Allocated memory was 41.9MB in the beginning and 117.4MB in the end (delta: 75.5MB). Free memory was 19.4MB in the beginning and 35.2MB in the end (delta: -15.8MB). Peak memory consumption was 59.5MB. Max. memory is 4.3GB.
[2026-06-06 09:32:06,312 INFO  L158              Benchmark]: Boogie PL CUP Parser took 0.08ms. Allocated memory is still 41.9MB. Free memory is still 10.6MB. There was no memory consumed. Max. memory is 4.3GB.
[2026-06-06 09:32:06,312 INFO  L158              Benchmark]: Boogie Preprocessor took 18.29ms. Allocated memory is still 41.9MB. Free memory was 19.3MB in the beginning and 16.8MB in the end (delta: 2.6MB). Peak memory consumption was 2.1MB. Max. memory is 4.3GB.
[2026-06-06 09:32:06,312 INFO  L158              Benchmark]: RCFGBuilder took 78.95ms. Allocated memory is still 41.9MB. Free memory was 16.7MB in the beginning and 13.3MB in the end (delta: 3.4MB). Peak memory consumption was 8.5MB. Max. memory is 4.3GB.
[2026-06-06 09:32:06,312 INFO  L158              Benchmark]: TraceAbstraction took 5447.35ms. Allocated memory was 41.9MB in the beginning and 117.4MB in the end (delta: 75.5MB). Free memory was 12.0MB in the beginning and 35.3MB in the end (delta: -23.3MB). Peak memory consumption was 53.9MB. Max. memory is 4.3GB.
[2026-06-06 09:32:06,313 INFO  L338   ainManager$Toolchain]: #######################  End [Toolchain 1] #######################
 --- Results ---
 * Results from de.uni_freiburg.informatik.ultimate.core:
  - StatisticsResult: Toolchain Benchmarks
    Benchmark results are:
 * Boogie PL CUP Parser took 0.08ms. Allocated memory is still 41.9MB. Free memory is still 10.6MB. There was no memory consumed. Max. memory is 4.3GB.
 * Boogie Preprocessor took 18.29ms. Allocated memory is still 41.9MB. Free memory was 19.3MB in the beginning and 16.8MB in the end (delta: 2.6MB). Peak memory consumption was 2.1MB. Max. memory is 4.3GB.
 * RCFGBuilder took 78.95ms. Allocated memory is still 41.9MB. Free memory was 16.7MB in the beginning and 13.3MB in the end (delta: 3.4MB). Peak memory consumption was 8.5MB. Max. memory is 4.3GB.
 * TraceAbstraction took 5447.35ms. Allocated memory was 41.9MB in the beginning and 117.4MB in the end (delta: 75.5MB). Free memory was 12.0MB in the beginning and 35.3MB in the end (delta: -23.3MB). Peak memory consumption was 53.9MB. Max. memory is 4.3GB.
 * Results from de.uni_freiburg.informatik.ultimate.plugins.generator.traceabstraction:
  - StatisticsResult: ErrorAutomatonStatistics
    NumberErrorTraces: 0, NumberStatementsAllTraces: 0, NumberRelevantStatements: 0, 0.0s ErrorAutomatonConstructionTimeTotal, 0.0s FaulLocalizationTime, NumberStatementsFirstTrace: -1, TraceLengthAvg: 0, 0.0s ErrorAutomatonConstructionTimeAvg, 0.0s ErrorAutomatonDifferenceTimeAvg, 0.0s ErrorAutomatonDifferenceTimeTotal, NumberOfNoEnhancement: 0, NumberOfFiniteEnhancement: 0, NumberOfInfiniteEnhancement: 0
  - PositiveResult [Line: 81]: assertion always holds
    For all program executions holds that assertion always holds at this location
  - StatisticsResult: Ultimate Automizer benchmark data
    CFG has 1 procedures, 6 locations, 7 edges, 1 error locations. Started 1 CEGAR loops. OverallTime: 5.4s, OverallIterations: 19, TraceHistogramMax: 3, PathProgramHistogramMax: 0, CheckedPaths: 26, TotalPairwisePrefixLcaDivergence: 306.80782828282827, AvgPairwisePrefixLcaDivergence: 0.944024087024087, SearchMode: BATCH_LCPS, DuplicateFreshnessFailures: 0, FailedToFindCounterexamples: 0, StalePaths: 12, LcpsCheckedPrefixQueries: 0, LcpsStalePrefixQueries: 0, LcpsCheckedPrefixHits: 0, LcpsStalePrefixHits: 0, LcpsSearchInvocations: 0, LcpsFullCacheSuffixInvocations: 0, LcpsFullCacheSuffixFallbacks: 0, LcpsEffectivePriorityDecisions: 0, BatchLcpsInvocations: 11, BatchLcpsAvailableSlotsTotal: 25, BatchLcpsCandidatesGenerated: 100, BatchLcpsCandidatesSelected: 25, BatchLcpsCandidateGenerationFailures: 0, BatchLcpsAvgCandidatePoolSize: 9.090909090909092, BatchLcpsAvgSelectedBatchSize: 2.272727272727273, BatchLcpsEffectiveBatchDecisions: 11, BatchLcpsCandidateGenerationTimeMs: 53, BatchLcpsSelectionTimeMs: 4, AdaptiveBatchTriggerMode: NEVER_BATCH, AdaptiveBatchInvocations: 0, AdaptiveBatchFallbacks: 0, AdaptiveTriggeredByDuplicate: 0, AdaptiveTriggeredByStale: 0, AdaptiveTriggeredBySearchFailed: 0, AdaptiveTriggeredByIdleSlot: 0, AdaptiveMinAvailableSlots: 2, EmptinessCheckTime: 0.0s, AutomataDifference: 0.0s, DeadEndRemovalTime: 0.0s, HoareAnnotationTime: 0.0s, InitialAbstractionConstructionTime: 0.0s, HoareTripleCheckerStatistics: , PredicateUnifierStatistics: No data available, 0.0s BasicInterpolantAutomatonTime, BiggestAbstraction: size=6occurred in iteration=0, InterpolantAutomatonStates: 119, traceCheckStatistics: No data available, InterpolantConsolidationStatistics: No data available, PathInvariantsStatistics: No data available, 0/0 InterpolantCoveringCapability, TotalInterpolationStatistics: No data available, 0.0s DumpTime, AutomataMinimizationStatistics: 0.0s AutomataMinimizationTime, 19 MinimizatonAttempts, 11 StatesRemovedByMinimization, 2 NontrivialMinimizations, HoareAnnotationStatistics: No data available, RefinementEngineStatistics: No data available, ReuseStatistics: No data available, ConComCheckerStatistics: No data available
  - AllSpecificationsHoldResult: All specifications hold
    1 specifications checked. All of them hold
RESULT: Ultimate proved your program to be correct!
[2026-06-06 09:32:06,317 INFO  L546       MonitoredProcess]: [MP /usr/bin/z3 SMTLIB2_COMPLIANT=true -memory:1024 -smt2 -in -t:12000 (1)] Ended with exit code 0
Received shutdown request...

