This is Ultimate 0.3.1-cache-f5c6788a5b-m
[2026-06-06 09:52:49,234 INFO  L188        SettingsManager]: Resetting all preferences to default values...
[2026-06-06 09:52:49,260 INFO  L114        SettingsManager]: Loading settings from /home/hschi1106/ultimate/trunk/examples/Interactive/settings/ResetSettingsCamel.epf
[2026-06-06 09:52:49,263 WARN  L101        SettingsManager]: Preference file contains the following unknown settings:
[2026-06-06 09:52:49,263 WARN  L103        SettingsManager]:   * de.uni_freiburg.informatik.ultimate.plugins.blockencoding.Rewrite not-equals during SBE
[2026-06-06 09:52:49,263 WARN  L103        SettingsManager]:   * de.uni_freiburg.informatik.ultimate.plugins.blockencoding.Simplify codeblocks
[2026-06-06 09:52:49,263 WARN  L103        SettingsManager]:   * de.uni_freiburg.informatik.ultimate.plugins.blockencoding.Simplify assume statements
[2026-06-06 09:52:49,263 WARN  L103        SettingsManager]:   * de.uni_freiburg.informatik.ultimate.plugins.blockencoding.Use SBE during assume simplification
[2026-06-06 09:52:49,263 WARN  L103        SettingsManager]:   * de.uni_freiburg.informatik.ultimate.plugins.blockencoding.Use SBE for initial RCFG
[2026-06-06 09:52:49,263 WARN  L103        SettingsManager]:   * de.uni_freiburg.informatik.ultimate.plugins.blockencoding.Rewrite not equals when simplifying assume statements with SBE
[2026-06-06 09:52:49,263 WARN  L103        SettingsManager]:   * de.uni_freiburg.informatik.ultimate.core.Debug log message color
[2026-06-06 09:52:49,263 WARN  L103        SettingsManager]:   * de.uni_freiburg.informatik.ultimate.core.Drop models when Ultimate exits
[2026-06-06 09:52:49,263 WARN  L103        SettingsManager]:   * de.uni_freiburg.informatik.ultimate.core.Generate benchmark results
[2026-06-06 09:52:49,263 WARN  L103        SettingsManager]:   * de.uni_freiburg.informatik.ultimate.core.Log level for controller plugin
[2026-06-06 09:52:49,263 WARN  L103        SettingsManager]:   * de.uni_freiburg.informatik.ultimate.core.Warning log message color
[2026-06-06 09:52:49,263 WARN  L103        SettingsManager]:   * de.uni_freiburg.informatik.ultimate.core.Root log level
[2026-06-06 09:52:49,263 WARN  L103        SettingsManager]:   * de.uni_freiburg.informatik.ultimate.core.UI logger pattern
[2026-06-06 09:52:49,263 WARN  L103        SettingsManager]:   * de.uni_freiburg.informatik.ultimate.core.Log level for external tools
[2026-06-06 09:52:49,263 WARN  L103        SettingsManager]:   * de.uni_freiburg.informatik.ultimate.core.ultimate.logging.details
[2026-06-06 09:52:49,263 WARN  L103        SettingsManager]:   * de.uni_freiburg.informatik.ultimate.core.Toolchain timeout in seconds
[2026-06-06 09:52:49,263 WARN  L103        SettingsManager]:   * de.uni_freiburg.informatik.ultimate.core.Name of the log file
[2026-06-06 09:52:49,263 WARN  L103        SettingsManager]:   * de.uni_freiburg.informatik.ultimate.core.Info log message color
[2026-06-06 09:52:49,263 WARN  L103        SettingsManager]:   * de.uni_freiburg.informatik.ultimate.core.Create a Logfile
[2026-06-06 09:52:49,263 WARN  L103        SettingsManager]:   * de.uni_freiburg.informatik.ultimate.core.Logger pattern
[2026-06-06 09:52:49,263 WARN  L103        SettingsManager]:   * de.uni_freiburg.informatik.ultimate.core.Log level for core plugin
[2026-06-06 09:52:49,263 WARN  L103        SettingsManager]:   * de.uni_freiburg.informatik.ultimate.core.Show usable parsers
[2026-06-06 09:52:49,263 WARN  L103        SettingsManager]:   * de.uni_freiburg.informatik.ultimate.core.Log level for plugins
[2026-06-06 09:52:49,263 WARN  L103        SettingsManager]:   * de.uni_freiburg.informatik.ultimate.core.Fatal log message color
[2026-06-06 09:52:49,263 WARN  L103        SettingsManager]:   * de.uni_freiburg.informatik.ultimate.core.Show long description of results
[2026-06-06 09:52:49,263 WARN  L103        SettingsManager]:   * de.uni_freiburg.informatik.ultimate.core.Error log message color
[2026-06-06 09:52:49,263 WARN  L103        SettingsManager]:   * de.uni_freiburg.informatik.ultimate.core.Show result in pop-up window after toolchain execution
[2026-06-06 09:52:49,263 WARN  L103        SettingsManager]:   * de.uni_freiburg.informatik.ultimate.core.Directory (default: instance location)
[2026-06-06 09:52:49,264 WARN  L103        SettingsManager]:   * de.uni_freiburg.informatik.ultimate.core.Append to exisiting log file
[2026-06-06 09:52:49,264 WARN  L103        SettingsManager]:   * CDTParser.Please specify include paths that will be parsed with the given C-File
[2026-06-06 09:52:49,264 WARN  L103        SettingsManager]:   * de.uni_freiburg.informatik.ultimate.plugins.generator.rcfgbuilder.Translate Boogie integers to SMT bitvectors
[2026-06-06 09:52:49,264 WARN  L103        SettingsManager]:   * de.uni_freiburg.informatik.ultimate.plugins.generator.cacsl2boogietranslator.How to treat unsigned ints differently from normal ones
[2026-06-06 09:52:49,264 WARN  L103        SettingsManager]:   * de.uni_freiburg.informatik.ultimate.witnessprinter.Generate witnesses
[2026-06-06 09:52:49,264 WARN  L103        SettingsManager]:   * de.uni_freiburg.informatik.ultimate.witnessprinter.Write witness to working directory
[2026-06-06 09:52:49,264 WARN  L103        SettingsManager]:   * de.uni_freiburg.informatik.ultimate.plugins.analysis.irsdependencies.Mode
[2026-06-06 09:52:49,264 WARN  L103        SettingsManager]:   * de.uni_freiburg.informatik.ultimate.plugins.analysis.abstractinterpretationv2.Number type
[2026-06-06 09:52:49,264 WARN  L103        SettingsManager]:   * de.uni_freiburg.informatik.ultimate.plugins.analysis.abstractinterpretationv2.Congruence Widening operator
[2026-06-06 09:52:49,264 WARN  L103        SettingsManager]:   * de.uni_freiburg.informatik.ultimate.plugins.output.jungvisualization.Annotate edges
[2026-06-06 09:52:49,264 WARN  L103        SettingsManager]:   * de.uni_freiburg.informatik.ultimate.plugins.output.jungvisualization.Background color:
[2026-06-06 09:52:49,264 WARN  L103        SettingsManager]:   * de.uni_freiburg.informatik.ultimate.plugins.output.jungvisualization.Which models should be visualized?
[2026-06-06 09:52:49,264 WARN  L103        SettingsManager]:   * de.uni_freiburg.informatik.ultimate.plugins.output.jungvisualization.Choose node shape:
[2026-06-06 09:52:49,264 WARN  L103        SettingsManager]:   * de.uni_freiburg.informatik.ultimate.plugins.output.jungvisualization.Node color:
[2026-06-06 09:52:49,264 WARN  L103        SettingsManager]:   * de.uni_freiburg.informatik.ultimate.plugins.output.jungvisualization.Picked node color:
[2026-06-06 09:52:49,264 WARN  L103        SettingsManager]:   * de.uni_freiburg.informatik.ultimate.plugins.output.jungvisualization.Annotate nodes
[2026-06-06 09:52:49,264 WARN  L103        SettingsManager]:   * de.uni_freiburg.informatik.ultimate.plugins.output.jungvisualization.SVG Export directory:
[2026-06-06 09:52:49,264 WARN  L103        SettingsManager]:   * de.uni_freiburg.informatik.ultimate.plugins.output.jungvisualization.Default graph layout:
[2026-06-06 09:52:49,264 WARN  L103        SettingsManager]:   * de.uni_freiburg.informatik.ultimate.boogie.procedureinliner.to and inside polymorphic procedures
[2026-06-06 09:52:49,264 WARN  L103        SettingsManager]:   * de.uni_freiburg.informatik.ultimate.boogie.procedureinliner.to procedures with 'free requires' specifications
[2026-06-06 09:52:49,264 WARN  L103        SettingsManager]:   * de.uni_freiburg.informatik.ultimate.boogie.procedureinliner.calls to unimplemented procedures
[2026-06-06 09:52:49,264 WARN  L103        SettingsManager]:   * de.uni_freiburg.informatik.ultimate.boogie.procedureinliner.to recursive procedures
[2026-06-06 09:52:49,264 WARN  L103        SettingsManager]:   * de.uni_freiburg.informatik.ultimate.boogie.procedureinliner.with 'forall' modifier
[2026-06-06 09:52:49,264 WARN  L103        SettingsManager]:   * de.uni_freiburg.informatik.ultimate.boogie.procedureinliner.calls to implemented procedures
[2026-06-06 09:52:49,264 WARN  L103        SettingsManager]:   * de.uni_freiburg.informatik.ultimate.boogie.procedureinliner.to procedures, called more than once
[2026-06-06 09:52:49,264 WARN  L103        SettingsManager]:   * de.uni_freiburg.informatik.ultimate.plugins.generator.traceabstraction.Non-flow-sensitive error trace relevance analysis
[2026-06-06 09:52:49,264 WARN  L103        SettingsManager]:   * de.uni_freiburg.informatik.ultimate.plugins.generator.traceabstraction.use unfolding as abstraction
[2026-06-06 09:52:49,264 WARN  L103        SettingsManager]:   * de.uni_freiburg.informatik.ultimate.plugins.generator.traceabstraction.Iterations until the model checker surrenders
[2026-06-06 09:52:49,264 WARN  L103        SettingsManager]:   * de.uni_freiburg.informatik.ultimate.plugins.generator.traceabstraction.Enable interactive Verification?
[2026-06-06 09:52:49,264 WARN  L103        SettingsManager]:   * de.uni_freiburg.informatik.ultimate.plugins.generator.traceabstraction.Flow-sensitive error trace relevance analysis
[2026-06-06 09:52:49,264 WARN  L103        SettingsManager]:   * de.uni_freiburg.informatik.ultimate.gui.LASTTOOLCHAINPATH
[2026-06-06 09:52:49,264 WARN  L103        SettingsManager]:   * de.uni_freiburg.informatik.ultimate.gui.LASTPATH
[2026-06-06 09:52:49,281 INFO  L130        SettingsManager]: Preferences different from defaults after loading the file:
[2026-06-06 09:52:49,281 INFO  L151        SettingsManager]: Preferences of UltimateCore differ from their defaults:
[2026-06-06 09:52:49,281 INFO  L153        SettingsManager]:  * Directory (default: instance location)=/home/iari/src/ultimate/trunk/runtime-Debug-E4.product/
[2026-06-06 09:52:49,281 INFO  L151        SettingsManager]: Preferences of Abstract Interpretation differ from their defaults:
[2026-06-06 09:52:49,281 INFO  L153        SettingsManager]:  * Log string format=HALF_MATRIX
[2026-06-06 09:52:49,281 INFO  L151        SettingsManager]: Preferences of BuchiAutomizer differ from their defaults:
[2026-06-06 09:52:49,281 INFO  L153        SettingsManager]:  * Buchi interpolant automaton=Staged
[2026-06-06 09:52:49,281 INFO  L153        SettingsManager]:  * Buchi complementation construction=Ncsb
[2026-06-06 09:52:49,281 INFO  L151        SettingsManager]: Preferences of CACSL2BoogieTranslator differ from their defaults:
[2026-06-06 09:52:49,281 INFO  L153        SettingsManager]:  * Report unsoundness warnings=false
[2026-06-06 09:52:49,281 INFO  L151        SettingsManager]: Preferences of RCFGBuilder differ from their defaults:
[2026-06-06 09:52:49,281 INFO  L153        SettingsManager]:  * Logic for external solver=AUFNIRA
[2026-06-06 09:52:49,281 INFO  L153        SettingsManager]:  * Convert code blocks to CNF=true
[2026-06-06 09:52:49,281 INFO  L151        SettingsManager]: Preferences of TraceAbstraction differ from their defaults:
[2026-06-06 09:52:49,281 INFO  L153        SettingsManager]:  * cut-off requires same transition=true
[2026-06-06 09:52:49,282 INFO  L153        SettingsManager]:  * Trace refinement strategy=CAMEL
Applying setting for plugin de.uni_freiburg.informatik.ultimate.plugins.generator.traceabstraction: Use CEGAR loop for Parallel Trace Abstraction -> true
Applying setting for plugin de.uni_freiburg.informatik.ultimate.plugins.generator.traceabstraction: Threadlimit for Parallel CEGAR -> 16
Applying setting for plugin de.uni_freiburg.informatik.ultimate.plugins.generator.traceabstraction: Parallel trace search selection mode -> ADAPTIVE_BATCH_LCPS
Applying setting for plugin de.uni_freiburg.informatik.ultimate.plugins.generator.traceabstraction: Track stale prefixes in parallel search -> true
Applying setting for plugin de.uni_freiburg.informatik.ultimate.plugins.generator.traceabstraction: Use initial BFS in PAPER/LCPS parallel search -> true
Applying setting for plugin de.uni_freiburg.informatik.ultimate.plugins.generator.traceabstraction: Batch LCPS candidate multiplier -> 4
Applying setting for plugin de.uni_freiburg.informatik.ultimate.plugins.generator.traceabstraction: Batch LCPS candidate cap -> 32
Applying setting for plugin de.uni_freiburg.informatik.ultimate.plugins.generator.traceabstraction: Adaptive batch trigger mode -> NEVER_BATCH
Applying setting for plugin de.uni_freiburg.informatik.ultimate.plugins.generator.traceabstraction: Adaptive batch min available slots -> 2
[2026-06-06 09:52:49,386 INFO  L75    nceAwareModelManager]: Repository-Root is: /tmp
[2026-06-06 09:52:49,391 INFO  L261   ainManager$Toolchain]: [Toolchain 1]: Applicable parser(s) successfully (re)initialized
[2026-06-06 09:52:49,392 INFO  L217   ainManager$Toolchain]: [Toolchain 1]: Toolchain selected.
[2026-06-06 09:52:49,392 INFO  L270        PluginConnector]: Initializing Boogie PL CUP Parser...
[2026-06-06 09:52:49,393 INFO  L274        PluginConnector]: Boogie PL CUP Parser initialized
[2026-06-06 09:52:49,393 INFO  L431   ainManager$Toolchain]: [Toolchain 1]: Parsing single file: /home/hschi1106/ultimate/trunk/examples/programs/20170304-DifficultPathPrograms/resultKnown/count_up_down.i_3.bpl
[2026-06-06 09:52:49,393 INFO  L110           BoogieParser]: Parsing: '/home/hschi1106/ultimate/trunk/examples/programs/20170304-DifficultPathPrograms/resultKnown/count_up_down.i_3.bpl'
[2026-06-06 09:52:49,400 INFO  L299   ainManager$Toolchain]: ####################### [Toolchain 1] #######################
[2026-06-06 09:52:49,400 INFO  L133        ToolchainWalker]: Walking toolchain with 3 elements.
[2026-06-06 09:52:49,401 INFO  L112        PluginConnector]: ------------------------Boogie Preprocessor----------------------------
[2026-06-06 09:52:49,401 INFO  L270        PluginConnector]: Initializing Boogie Preprocessor...
[2026-06-06 09:52:49,401 INFO  L274        PluginConnector]: Boogie Preprocessor initialized
[2026-06-06 09:52:49,406 INFO  L184        PluginConnector]: Executing the observer EnsureBoogieModelObserver from plugin Boogie Preprocessor for "count_up_down.i_3.bpl de.uni_freiburg.informatik.ultimate.boogie.parser AST 06.06 09:52:49" (1/1) ...
[2026-06-06 09:52:49,406 INFO  L184        PluginConnector]: Executing the observer TypeChecker from plugin Boogie Preprocessor for "count_up_down.i_3.bpl de.uni_freiburg.informatik.ultimate.boogie.parser AST 06.06 09:52:49" (1/1) ...
[2026-06-06 09:52:49,414 INFO  L184        PluginConnector]: Executing the observer ConstExpander from plugin Boogie Preprocessor for "count_up_down.i_3.bpl de.uni_freiburg.informatik.ultimate.boogie.parser AST 06.06 09:52:49" (1/1) ...
[2026-06-06 09:52:49,414 INFO  L184        PluginConnector]: Executing the observer StructExpander from plugin Boogie Preprocessor for "count_up_down.i_3.bpl de.uni_freiburg.informatik.ultimate.boogie.parser AST 06.06 09:52:49" (1/1) ...
[2026-06-06 09:52:49,414 INFO  L184        PluginConnector]: Executing the observer ReplaceArrayAssignments from plugin Boogie Preprocessor for "count_up_down.i_3.bpl de.uni_freiburg.informatik.ultimate.boogie.parser AST 06.06 09:52:49" (1/1) ...
[2026-06-06 09:52:49,415 INFO  L184        PluginConnector]: Executing the observer UnstructureCode from plugin Boogie Preprocessor for "count_up_down.i_3.bpl de.uni_freiburg.informatik.ultimate.boogie.parser AST 06.06 09:52:49" (1/1) ...
[2026-06-06 09:52:49,415 INFO  L184        PluginConnector]: Executing the observer FunctionInliner from plugin Boogie Preprocessor for "count_up_down.i_3.bpl de.uni_freiburg.informatik.ultimate.boogie.parser AST 06.06 09:52:49" (1/1) ...
[2026-06-06 09:52:49,415 INFO  L184        PluginConnector]: Executing the observer LTLStepAnnotator from plugin Boogie Preprocessor for "count_up_down.i_3.bpl de.uni_freiburg.informatik.ultimate.boogie.parser AST 06.06 09:52:49" (1/1) ...
[2026-06-06 09:52:49,416 INFO  L184        PluginConnector]: Executing the observer BoogieSymbolTableConstructor from plugin Boogie Preprocessor for "count_up_down.i_3.bpl de.uni_freiburg.informatik.ultimate.boogie.parser AST 06.06 09:52:49" (1/1) ...
[2026-06-06 09:52:49,417 INFO  L131        PluginConnector]: ------------------------ END Boogie Preprocessor----------------------------
[2026-06-06 09:52:49,417 INFO  L112        PluginConnector]: ------------------------RCFGBuilder----------------------------
[2026-06-06 09:52:49,417 INFO  L270        PluginConnector]: Initializing RCFGBuilder...
[2026-06-06 09:52:49,417 INFO  L274        PluginConnector]: RCFGBuilder initialized
[2026-06-06 09:52:49,418 INFO  L184        PluginConnector]: Executing the observer RCFGBuilderObserver from plugin RCFGBuilder for "count_up_down.i_3.bpl de.uni_freiburg.informatik.ultimate.boogie.parser AST 06.06 09:52:49" (1/1) ...
[2026-06-06 09:52:49,419 INFO  L173          SolverBuilder]: Constructing external solver with command: z3 SMTLIB2_COMPLIANT=true -memory:1024 -smt2 -in -t:12000
[2026-06-06 09:52:49,426 INFO  L189       MonitoredProcess]: No working directory specified, using /usr/bin/z3
[2026-06-06 09:52:49,431 INFO  L229       MonitoredProcess]: Starting monitored process 1 with /usr/bin/z3 SMTLIB2_COMPLIANT=true -memory:1024 -smt2 -in -t:12000 (exit command is (exit), workingDir is null)
[2026-06-06 09:52:49,432 INFO  L327       MonitoredProcess]: [MP /usr/bin/z3 SMTLIB2_COMPLIANT=true -memory:1024 -smt2 -in -t:12000 (1)] Waiting until timeout for monitored process
[2026-06-06 09:52:49,440 INFO  L138     BoogieDeclarations]: Found implementation of procedure ULTIMATE.start
[2026-06-06 09:52:49,440 INFO  L130     BoogieDeclarations]: Found specification of procedure ULTIMATE.start
[2026-06-06 09:52:49,458 INFO  L234             CfgBuilder]: Building ICFG
[2026-06-06 09:52:49,459 INFO  L260             CfgBuilder]: Building CFG for each procedure with an implementation
[2026-06-06 09:52:49,480 INFO  L?                        ?]: Removed 5 outVars from TransFormulas that were not future-live.
[2026-06-06 09:52:49,481 INFO  L283             CfgBuilder]: Performing block encoding
[2026-06-06 09:52:49,483 INFO  L89      LargeBlockEncoding]: Applying CFG Large Block Encoding to ICFG that has 1 procedures, 6 locations, 6 edges, 0 initial locations, 0 loop locations, and 1 error locations.
[2026-06-06 09:52:49,486 INFO  L139     LargeBlockEncoding]: LargeBlockEncoding completed in 4 ms, with 1 straightline sequential compositions, 0 parallel compositions, 0 1:n/n:1 sequential compositions and 0 complex sequential compositions.
[2026-06-06 09:52:49,486 INFO  L307             CfgBuilder]: Using the 1 location(s) as analysis (start of procedure ULTIMATE.start)
[2026-06-06 09:52:49,486 INFO  L312             CfgBuilder]: Removed 1 assume(true) statements.
[2026-06-06 09:52:49,486 INFO  L314             CfgBuilder]: Constructed ICFG has 1 procedures, 5 locations, 5 edges, 1 initial locations, 0 loop locations, and 1 error locations.
[2026-06-06 09:52:49,486 INFO  L201        PluginConnector]: Adding new model count_up_down.i_3.bpl de.uni_freiburg.informatik.ultimate.plugins.generator.rcfgbuilder CFG 06.06 09:52:49 BoogieIcfgContainer
[2026-06-06 09:52:49,486 INFO  L131        PluginConnector]: ------------------------ END RCFGBuilder----------------------------
[2026-06-06 09:52:49,487 INFO  L112        PluginConnector]: ------------------------TraceAbstraction----------------------------
[2026-06-06 09:52:49,487 INFO  L270        PluginConnector]: Initializing TraceAbstraction...
[2026-06-06 09:52:49,489 INFO  L274        PluginConnector]: TraceAbstraction initialized
[2026-06-06 09:52:49,489 INFO  L184        PluginConnector]: Executing the observer TraceAbstractionObserver from plugin TraceAbstraction for "count_up_down.i_3.bpl de.uni_freiburg.informatik.ultimate.boogie.parser AST 06.06 09:52:49" (1/2) ...
[2026-06-06 09:52:49,489 INFO  L204        PluginConnector]: Invalid model from TraceAbstraction for observer de.uni_freiburg.informatik.ultimate.plugins.generator.traceabstraction.TraceAbstractionObserver@1f3ebe8f and model type count_up_down.i_3.bpl de.uni_freiburg.informatik.ultimate.plugins.generator.traceabstraction AST 06.06 09:52:49, skipping insertion in model container
[2026-06-06 09:52:49,489 INFO  L184        PluginConnector]: Executing the observer TraceAbstractionObserver from plugin TraceAbstraction for "count_up_down.i_3.bpl de.uni_freiburg.informatik.ultimate.plugins.generator.rcfgbuilder CFG 06.06 09:52:49" (2/2) ...
[2026-06-06 09:52:49,490 INFO  L128   eAbstractionObserver]: Analyzing ICFG count_up_down.i_3.bpl
[2026-06-06 09:52:49,495 INFO  L217   ceAbstractionStarter]: Automizer settings: Hoare:None NWA Interpolation:ForwardPredicates Determinization: PREDICATE_ABSTRACTION
[2026-06-06 09:52:49,495 INFO  L151   ceAbstractionStarter]: Applying trace abstraction to ICFG count_up_down.i_3.bpl that has 1 procedures, 5 locations, 5 edges, 1 initial locations, 0 loop locations, and 1 error locations.
[2026-06-06 09:52:49,510 INFO  L344      AbstractCegarLoop]: ======== Iteration 0 == of CEGAR loop == AllErrorsAtOnce ========
[2026-06-06 09:52:49,514 INFO  L345      AbstractCegarLoop]: Settings: SEPARATE_VIOLATION_CHECK=true, mInterprocedural=true, mMaxIterations=1000000, mWatchIteration=1000000, mArtifact=RCFG, mInterpolation=ForwardPredicates, mInterpolantAutomaton=STRAIGHT_LINE, mDumpAutomata=false, mAutomataFormat=ATS_NUMERATE, mDumpPath=., mDeterminiation=PREDICATE_ABSTRACTION, mMinimize=MINIMIZE_SEVPA, mAutomataTypeConcurrency=FINITE_AUTOMATA, mHoareTripleChecks=INCREMENTAL, mHoareAnnotationPositions=None, mDumpOnlyReuseAutomata=false, mLimitTraceHistogram=0, mErrorLocTimeLimit=0, mLimitPathProgramCount=0, mCollectInterpolantStatistics=true, mHeuristicEmptinessCheck=false, mHeuristicEmptinessCheckAStarHeuristic=ZERO, mHeuristicEmptinessCheckAStarHeuristicRandomSeed=1337, mHeuristicEmptinessCheckSmtFeatureScoringMethod=DAGSIZE, mSMTFeatureExtraction=false, mSMTFeatureExtractionDumpPath=., mOverrideInterpolantAutomaton=false, mMcrInterpolantMethod=WP, mPorIndependenceSettings=[Lde.uni_freiburg.informatik.ultimate.lib.tracecheckerutils.partialorder.independence.IndependenceSettings;@7c8769d9, mLbeIndependenceSettings=[IndependenceType=SEMANTIC, AbstractionType=NONE, UseConditional=false, UseSemiCommutativity=true, Solver=Z3, SolverTimeout=1000ms], mThreadLimit=16, mParallelCegarLoop=true, mConsiderOnlyActiveCounterexamplesInIsEmptyParallel=true, mMinimizeAbstractionPerWorker=true, mSearchLoopBound=-1, mParallelTraceSearchSelectionMode=ADAPTIVE_BATCH_LCPS, mParallelTraceSearchUseInitialBfs=true, mParallelTraceSearchTrackStalePrefixes=true, mBatchLcpsCandidateMultiplier=4, mBatchLcpsCandidateCap=32, mAdaptiveBatchTriggerMode=NEVER_BATCH, mAdaptiveBatchMinAvailableSlots=2
[2026-06-06 09:52:49,514 INFO  L346      AbstractCegarLoop]: Starting to check reachability of 1 error locations.
[2026-06-06 09:52:49,515 INFO  L290                IsEmpty]: Start isEmpty. Operand  has 5 states, 3 states have (on average 1.6666666666666667) internal successors, (5), 4 states have internal predecessors, (5), 0 states have call successors, (0), 0 states have call predecessors, (0), 0 states have return successors, (0), 0 states have call predecessors, (0), 0 states have call successors, (0)
[2026-06-06 09:52:49,518 INFO  L300                IsEmpty]: Finished isEmpty. Found accepting run of length 4
[2026-06-06 09:52:49,518 INFO  L199           NwaCegarLoop]: Found error trace
[2026-06-06 09:52:49,518 INFO  L207           NwaCegarLoop]: trace histogram [1, 1, 1]
[2026-06-06 09:52:49,519 INFO  L173          SolverBuilder]: Constructing external solver with command: z3 SMTLIB2_COMPLIANT=true -memory:1024 -smt2 -in -t:12000
[2026-06-06 09:52:49,521 INFO  L189       MonitoredProcess]: No working directory specified, using /usr/bin/z3
[2026-06-06 09:52:49,522 INFO  L229       MonitoredProcess]: Starting monitored process 2 with /usr/bin/z3 SMTLIB2_COMPLIANT=true -memory:1024 -smt2 -in -t:12000 (exit command is (exit), workingDir is null)
[2026-06-06 09:52:49,523 INFO  L327       MonitoredProcess]: [MP /usr/bin/z3 SMTLIB2_COMPLIANT=true -memory:1024 -smt2 -in -t:12000 (2)] Waiting until timeout for monitored process
[2026-06-06 09:52:49,534 WARN  L330   ript$VariableManager]: TermVariable v_ULTIMATE.start___VERIFIER_assert_~cond_3 not constructed by VariableManager. Cannot ensure absence of name clashes.
[2026-06-06 09:52:49,534 WARN  L330   ript$VariableManager]: TermVariable |v_ULTIMATE.start___VERIFIER_assert_#in~cond_2| not constructed by VariableManager. Cannot ensure absence of name clashes.
[2026-06-06 09:52:49,536 INFO  L173          SolverBuilder]: Constructing external solver with command: z3 SMTLIB2_COMPLIANT=true -memory:1024 -smt2 -in -t:12000
[2026-06-06 09:52:49,536 INFO  L196   CegarNwaWorkerThread]: WorkerThread: Thread[#80,pool-1-thread-1,5,main] is Waiting for a Task
[2026-06-06 09:52:49,538 INFO  L189       MonitoredProcess]: No working directory specified, using /usr/bin/z3
[2026-06-06 09:52:49,539 INFO  L229       MonitoredProcess]: Starting monitored process 3 with /usr/bin/z3 SMTLIB2_COMPLIANT=true -memory:1024 -smt2 -in -t:12000 (exit command is (exit), workingDir is null)
[2026-06-06 09:52:49,540 INFO  L327       MonitoredProcess]: [MP /usr/bin/z3 SMTLIB2_COMPLIANT=true -memory:1024 -smt2 -in -t:12000 (3)] Waiting until timeout for monitored process
[2026-06-06 09:52:49,548 WARN  L330   ript$VariableManager]: TermVariable v_ULTIMATE.start___VERIFIER_assert_~cond_3 not constructed by VariableManager. Cannot ensure absence of name clashes.
[2026-06-06 09:52:49,548 WARN  L330   ript$VariableManager]: TermVariable |v_ULTIMATE.start___VERIFIER_assert_#in~cond_2| not constructed by VariableManager. Cannot ensure absence of name clashes.
[2026-06-06 09:52:49,550 INFO  L173          SolverBuilder]: Constructing external solver with command: z3 SMTLIB2_COMPLIANT=true -memory:1024 -smt2 -in -t:12000
[2026-06-06 09:52:49,550 INFO  L196   CegarNwaWorkerThread]: WorkerThread: Thread[#86,pool-1-thread-2,5,main] is Waiting for a Task
[2026-06-06 09:52:49,551 INFO  L189       MonitoredProcess]: No working directory specified, using /usr/bin/z3
[2026-06-06 09:52:49,552 INFO  L229       MonitoredProcess]: Starting monitored process 4 with /usr/bin/z3 SMTLIB2_COMPLIANT=true -memory:1024 -smt2 -in -t:12000 (exit command is (exit), workingDir is null)
[2026-06-06 09:52:49,553 INFO  L327       MonitoredProcess]: [MP /usr/bin/z3 SMTLIB2_COMPLIANT=true -memory:1024 -smt2 -in -t:12000 (4)] Waiting until timeout for monitored process
[2026-06-06 09:52:49,561 WARN  L330   ript$VariableManager]: TermVariable v_ULTIMATE.start___VERIFIER_assert_~cond_3 not constructed by VariableManager. Cannot ensure absence of name clashes.
[2026-06-06 09:52:49,561 WARN  L330   ript$VariableManager]: TermVariable |v_ULTIMATE.start___VERIFIER_assert_#in~cond_2| not constructed by VariableManager. Cannot ensure absence of name clashes.
[2026-06-06 09:52:49,563 INFO  L196   CegarNwaWorkerThread]: WorkerThread: Thread[#92,pool-1-thread-3,5,main] is Waiting for a Task
[2026-06-06 09:52:49,563 INFO  L173          SolverBuilder]: Constructing external solver with command: z3 SMTLIB2_COMPLIANT=true -memory:1024 -smt2 -in -t:12000
[2026-06-06 09:52:49,565 INFO  L189       MonitoredProcess]: No working directory specified, using /usr/bin/z3
[2026-06-06 09:52:49,566 INFO  L229       MonitoredProcess]: Starting monitored process 5 with /usr/bin/z3 SMTLIB2_COMPLIANT=true -memory:1024 -smt2 -in -t:12000 (exit command is (exit), workingDir is null)
[2026-06-06 09:52:49,567 INFO  L327       MonitoredProcess]: [MP /usr/bin/z3 SMTLIB2_COMPLIANT=true -memory:1024 -smt2 -in -t:12000 (5)] Waiting until timeout for monitored process
[2026-06-06 09:52:49,575 WARN  L330   ript$VariableManager]: TermVariable v_ULTIMATE.start___VERIFIER_assert_~cond_3 not constructed by VariableManager. Cannot ensure absence of name clashes.
[2026-06-06 09:52:49,575 WARN  L330   ript$VariableManager]: TermVariable |v_ULTIMATE.start___VERIFIER_assert_#in~cond_2| not constructed by VariableManager. Cannot ensure absence of name clashes.
[2026-06-06 09:52:49,576 INFO  L173          SolverBuilder]: Constructing external solver with command: z3 SMTLIB2_COMPLIANT=true -memory:1024 -smt2 -in -t:12000
[2026-06-06 09:52:49,576 INFO  L196   CegarNwaWorkerThread]: WorkerThread: Thread[#98,pool-1-thread-4,5,main] is Waiting for a Task
[2026-06-06 09:52:49,578 INFO  L189       MonitoredProcess]: No working directory specified, using /usr/bin/z3
[2026-06-06 09:52:49,579 INFO  L229       MonitoredProcess]: Starting monitored process 6 with /usr/bin/z3 SMTLIB2_COMPLIANT=true -memory:1024 -smt2 -in -t:12000 (exit command is (exit), workingDir is null)
[2026-06-06 09:52:49,580 INFO  L327       MonitoredProcess]: [MP /usr/bin/z3 SMTLIB2_COMPLIANT=true -memory:1024 -smt2 -in -t:12000 (6)] Waiting until timeout for monitored process
[2026-06-06 09:52:49,588 WARN  L330   ript$VariableManager]: TermVariable v_ULTIMATE.start___VERIFIER_assert_~cond_3 not constructed by VariableManager. Cannot ensure absence of name clashes.
[2026-06-06 09:52:49,588 WARN  L330   ript$VariableManager]: TermVariable |v_ULTIMATE.start___VERIFIER_assert_#in~cond_2| not constructed by VariableManager. Cannot ensure absence of name clashes.
[2026-06-06 09:52:49,589 INFO  L173          SolverBuilder]: Constructing external solver with command: z3 SMTLIB2_COMPLIANT=true -memory:1024 -smt2 -in -t:12000
[2026-06-06 09:52:49,589 INFO  L196   CegarNwaWorkerThread]: WorkerThread: Thread[#104,pool-1-thread-5,5,main] is Waiting for a Task
[2026-06-06 09:52:49,591 INFO  L189       MonitoredProcess]: No working directory specified, using /usr/bin/z3
[2026-06-06 09:52:49,592 INFO  L229       MonitoredProcess]: Starting monitored process 7 with /usr/bin/z3 SMTLIB2_COMPLIANT=true -memory:1024 -smt2 -in -t:12000 (exit command is (exit), workingDir is null)
[2026-06-06 09:52:49,593 INFO  L327       MonitoredProcess]: [MP /usr/bin/z3 SMTLIB2_COMPLIANT=true -memory:1024 -smt2 -in -t:12000 (7)] Waiting until timeout for monitored process
[2026-06-06 09:52:49,600 WARN  L330   ript$VariableManager]: TermVariable v_ULTIMATE.start___VERIFIER_assert_~cond_3 not constructed by VariableManager. Cannot ensure absence of name clashes.
[2026-06-06 09:52:49,600 WARN  L330   ript$VariableManager]: TermVariable |v_ULTIMATE.start___VERIFIER_assert_#in~cond_2| not constructed by VariableManager. Cannot ensure absence of name clashes.
[2026-06-06 09:52:49,602 INFO  L196   CegarNwaWorkerThread]: WorkerThread: Thread[#110,pool-1-thread-6,5,main] is Waiting for a Task
[2026-06-06 09:52:49,602 INFO  L173          SolverBuilder]: Constructing external solver with command: z3 SMTLIB2_COMPLIANT=true -memory:1024 -smt2 -in -t:12000
[2026-06-06 09:52:49,603 INFO  L189       MonitoredProcess]: No working directory specified, using /usr/bin/z3
[2026-06-06 09:52:49,605 INFO  L229       MonitoredProcess]: Starting monitored process 8 with /usr/bin/z3 SMTLIB2_COMPLIANT=true -memory:1024 -smt2 -in -t:12000 (exit command is (exit), workingDir is null)
[2026-06-06 09:52:49,605 INFO  L327       MonitoredProcess]: [MP /usr/bin/z3 SMTLIB2_COMPLIANT=true -memory:1024 -smt2 -in -t:12000 (8)] Waiting until timeout for monitored process
[2026-06-06 09:52:49,613 WARN  L330   ript$VariableManager]: TermVariable v_ULTIMATE.start___VERIFIER_assert_~cond_3 not constructed by VariableManager. Cannot ensure absence of name clashes.
[2026-06-06 09:52:49,613 WARN  L330   ript$VariableManager]: TermVariable |v_ULTIMATE.start___VERIFIER_assert_#in~cond_2| not constructed by VariableManager. Cannot ensure absence of name clashes.
[2026-06-06 09:52:49,615 INFO  L173          SolverBuilder]: Constructing external solver with command: z3 SMTLIB2_COMPLIANT=true -memory:1024 -smt2 -in -t:12000
[2026-06-06 09:52:49,615 INFO  L196   CegarNwaWorkerThread]: WorkerThread: Thread[#116,pool-1-thread-7,5,main] is Waiting for a Task
[2026-06-06 09:52:49,616 INFO  L189       MonitoredProcess]: No working directory specified, using /usr/bin/z3
[2026-06-06 09:52:49,617 INFO  L229       MonitoredProcess]: Starting monitored process 9 with /usr/bin/z3 SMTLIB2_COMPLIANT=true -memory:1024 -smt2 -in -t:12000 (exit command is (exit), workingDir is null)
[2026-06-06 09:52:49,618 INFO  L327       MonitoredProcess]: [MP /usr/bin/z3 SMTLIB2_COMPLIANT=true -memory:1024 -smt2 -in -t:12000 (9)] Waiting until timeout for monitored process
[2026-06-06 09:52:49,626 WARN  L330   ript$VariableManager]: TermVariable v_ULTIMATE.start___VERIFIER_assert_~cond_3 not constructed by VariableManager. Cannot ensure absence of name clashes.
[2026-06-06 09:52:49,626 WARN  L330   ript$VariableManager]: TermVariable |v_ULTIMATE.start___VERIFIER_assert_#in~cond_2| not constructed by VariableManager. Cannot ensure absence of name clashes.
[2026-06-06 09:52:49,627 INFO  L173          SolverBuilder]: Constructing external solver with command: z3 SMTLIB2_COMPLIANT=true -memory:1024 -smt2 -in -t:12000
[2026-06-06 09:52:49,627 INFO  L196   CegarNwaWorkerThread]: WorkerThread: Thread[#122,pool-1-thread-8,5,main] is Waiting for a Task
[2026-06-06 09:52:49,628 INFO  L189       MonitoredProcess]: No working directory specified, using /usr/bin/z3
[2026-06-06 09:52:49,629 INFO  L229       MonitoredProcess]: Starting monitored process 10 with /usr/bin/z3 SMTLIB2_COMPLIANT=true -memory:1024 -smt2 -in -t:12000 (exit command is (exit), workingDir is null)
[2026-06-06 09:52:49,630 INFO  L327       MonitoredProcess]: [MP /usr/bin/z3 SMTLIB2_COMPLIANT=true -memory:1024 -smt2 -in -t:12000 (10)] Waiting until timeout for monitored process
[2026-06-06 09:52:49,637 WARN  L330   ript$VariableManager]: TermVariable v_ULTIMATE.start___VERIFIER_assert_~cond_3 not constructed by VariableManager. Cannot ensure absence of name clashes.
[2026-06-06 09:52:49,637 WARN  L330   ript$VariableManager]: TermVariable |v_ULTIMATE.start___VERIFIER_assert_#in~cond_2| not constructed by VariableManager. Cannot ensure absence of name clashes.
[2026-06-06 09:52:49,638 INFO  L173          SolverBuilder]: Constructing external solver with command: z3 SMTLIB2_COMPLIANT=true -memory:1024 -smt2 -in -t:12000
[2026-06-06 09:52:49,638 INFO  L196   CegarNwaWorkerThread]: WorkerThread: Thread[#128,pool-1-thread-9,5,main] is Waiting for a Task
[2026-06-06 09:52:49,641 INFO  L189       MonitoredProcess]: No working directory specified, using /usr/bin/z3
[2026-06-06 09:52:49,643 INFO  L229       MonitoredProcess]: Starting monitored process 11 with /usr/bin/z3 SMTLIB2_COMPLIANT=true -memory:1024 -smt2 -in -t:12000 (exit command is (exit), workingDir is null)
[2026-06-06 09:52:49,643 INFO  L327       MonitoredProcess]: [MP /usr/bin/z3 SMTLIB2_COMPLIANT=true -memory:1024 -smt2 -in -t:12000 (11)] Waiting until timeout for monitored process
[2026-06-06 09:52:49,651 WARN  L330   ript$VariableManager]: TermVariable v_ULTIMATE.start___VERIFIER_assert_~cond_3 not constructed by VariableManager. Cannot ensure absence of name clashes.
[2026-06-06 09:52:49,651 WARN  L330   ript$VariableManager]: TermVariable |v_ULTIMATE.start___VERIFIER_assert_#in~cond_2| not constructed by VariableManager. Cannot ensure absence of name clashes.
[2026-06-06 09:52:49,652 INFO  L173          SolverBuilder]: Constructing external solver with command: z3 SMTLIB2_COMPLIANT=true -memory:1024 -smt2 -in -t:12000
[2026-06-06 09:52:49,652 INFO  L196   CegarNwaWorkerThread]: WorkerThread: Thread[#137,pool-1-thread-10,5,main] is Waiting for a Task
[2026-06-06 09:52:49,654 INFO  L189       MonitoredProcess]: No working directory specified, using /usr/bin/z3
[2026-06-06 09:52:49,655 INFO  L229       MonitoredProcess]: Starting monitored process 12 with /usr/bin/z3 SMTLIB2_COMPLIANT=true -memory:1024 -smt2 -in -t:12000 (exit command is (exit), workingDir is null)
[2026-06-06 09:52:49,656 INFO  L327       MonitoredProcess]: [MP /usr/bin/z3 SMTLIB2_COMPLIANT=true -memory:1024 -smt2 -in -t:12000 (12)] Waiting until timeout for monitored process
[2026-06-06 09:52:49,664 WARN  L330   ript$VariableManager]: TermVariable v_ULTIMATE.start___VERIFIER_assert_~cond_3 not constructed by VariableManager. Cannot ensure absence of name clashes.
[2026-06-06 09:52:49,664 WARN  L330   ript$VariableManager]: TermVariable |v_ULTIMATE.start___VERIFIER_assert_#in~cond_2| not constructed by VariableManager. Cannot ensure absence of name clashes.
[2026-06-06 09:52:49,665 INFO  L173          SolverBuilder]: Constructing external solver with command: z3 SMTLIB2_COMPLIANT=true -memory:1024 -smt2 -in -t:12000
[2026-06-06 09:52:49,665 INFO  L196   CegarNwaWorkerThread]: WorkerThread: Thread[#143,pool-1-thread-11,5,main] is Waiting for a Task
[2026-06-06 09:52:49,666 INFO  L189       MonitoredProcess]: No working directory specified, using /usr/bin/z3
[2026-06-06 09:52:49,668 INFO  L229       MonitoredProcess]: Starting monitored process 13 with /usr/bin/z3 SMTLIB2_COMPLIANT=true -memory:1024 -smt2 -in -t:12000 (exit command is (exit), workingDir is null)
[2026-06-06 09:52:49,668 INFO  L327       MonitoredProcess]: [MP /usr/bin/z3 SMTLIB2_COMPLIANT=true -memory:1024 -smt2 -in -t:12000 (13)] Waiting until timeout for monitored process
[2026-06-06 09:52:49,676 WARN  L330   ript$VariableManager]: TermVariable v_ULTIMATE.start___VERIFIER_assert_~cond_3 not constructed by VariableManager. Cannot ensure absence of name clashes.
[2026-06-06 09:52:49,676 WARN  L330   ript$VariableManager]: TermVariable |v_ULTIMATE.start___VERIFIER_assert_#in~cond_2| not constructed by VariableManager. Cannot ensure absence of name clashes.
[2026-06-06 09:52:49,677 INFO  L173          SolverBuilder]: Constructing external solver with command: z3 SMTLIB2_COMPLIANT=true -memory:1024 -smt2 -in -t:12000
[2026-06-06 09:52:49,677 INFO  L196   CegarNwaWorkerThread]: WorkerThread: Thread[#149,pool-1-thread-12,5,main] is Waiting for a Task
[2026-06-06 09:52:49,678 INFO  L189       MonitoredProcess]: No working directory specified, using /usr/bin/z3
[2026-06-06 09:52:49,680 INFO  L229       MonitoredProcess]: Starting monitored process 14 with /usr/bin/z3 SMTLIB2_COMPLIANT=true -memory:1024 -smt2 -in -t:12000 (exit command is (exit), workingDir is null)
[2026-06-06 09:52:49,680 INFO  L327       MonitoredProcess]: [MP /usr/bin/z3 SMTLIB2_COMPLIANT=true -memory:1024 -smt2 -in -t:12000 (14)] Waiting until timeout for monitored process
[2026-06-06 09:52:49,688 WARN  L330   ript$VariableManager]: TermVariable v_ULTIMATE.start___VERIFIER_assert_~cond_3 not constructed by VariableManager. Cannot ensure absence of name clashes.
[2026-06-06 09:52:49,688 WARN  L330   ript$VariableManager]: TermVariable |v_ULTIMATE.start___VERIFIER_assert_#in~cond_2| not constructed by VariableManager. Cannot ensure absence of name clashes.
[2026-06-06 09:52:49,689 INFO  L173          SolverBuilder]: Constructing external solver with command: z3 SMTLIB2_COMPLIANT=true -memory:1024 -smt2 -in -t:12000
[2026-06-06 09:52:49,689 INFO  L196   CegarNwaWorkerThread]: WorkerThread: Thread[#155,pool-1-thread-13,5,main] is Waiting for a Task
[2026-06-06 09:52:49,691 INFO  L189       MonitoredProcess]: No working directory specified, using /usr/bin/z3
[2026-06-06 09:52:49,692 INFO  L229       MonitoredProcess]: Starting monitored process 15 with /usr/bin/z3 SMTLIB2_COMPLIANT=true -memory:1024 -smt2 -in -t:12000 (exit command is (exit), workingDir is null)
[2026-06-06 09:52:49,692 INFO  L327       MonitoredProcess]: [MP /usr/bin/z3 SMTLIB2_COMPLIANT=true -memory:1024 -smt2 -in -t:12000 (15)] Waiting until timeout for monitored process
[2026-06-06 09:52:49,700 WARN  L330   ript$VariableManager]: TermVariable v_ULTIMATE.start___VERIFIER_assert_~cond_3 not constructed by VariableManager. Cannot ensure absence of name clashes.
[2026-06-06 09:52:49,700 WARN  L330   ript$VariableManager]: TermVariable |v_ULTIMATE.start___VERIFIER_assert_#in~cond_2| not constructed by VariableManager. Cannot ensure absence of name clashes.
[2026-06-06 09:52:49,700 INFO  L173          SolverBuilder]: Constructing external solver with command: z3 SMTLIB2_COMPLIANT=true -memory:1024 -smt2 -in -t:12000
[2026-06-06 09:52:49,700 INFO  L196   CegarNwaWorkerThread]: WorkerThread: Thread[#161,pool-1-thread-14,5,main] is Waiting for a Task
[2026-06-06 09:52:49,702 INFO  L189       MonitoredProcess]: No working directory specified, using /usr/bin/z3
[2026-06-06 09:52:49,703 INFO  L229       MonitoredProcess]: Starting monitored process 16 with /usr/bin/z3 SMTLIB2_COMPLIANT=true -memory:1024 -smt2 -in -t:12000 (exit command is (exit), workingDir is null)
[2026-06-06 09:52:49,703 INFO  L327       MonitoredProcess]: [MP /usr/bin/z3 SMTLIB2_COMPLIANT=true -memory:1024 -smt2 -in -t:12000 (16)] Waiting until timeout for monitored process
[2026-06-06 09:52:49,711 WARN  L330   ript$VariableManager]: TermVariable v_ULTIMATE.start___VERIFIER_assert_~cond_3 not constructed by VariableManager. Cannot ensure absence of name clashes.
[2026-06-06 09:52:49,711 WARN  L330   ript$VariableManager]: TermVariable |v_ULTIMATE.start___VERIFIER_assert_#in~cond_2| not constructed by VariableManager. Cannot ensure absence of name clashes.
[2026-06-06 09:52:49,712 INFO  L173          SolverBuilder]: Constructing external solver with command: z3 SMTLIB2_COMPLIANT=true -memory:1024 -smt2 -in -t:12000
[2026-06-06 09:52:49,712 INFO  L196   CegarNwaWorkerThread]: WorkerThread: Thread[#167,pool-1-thread-15,5,main] is Waiting for a Task
[2026-06-06 09:52:49,713 INFO  L189       MonitoredProcess]: No working directory specified, using /usr/bin/z3
[2026-06-06 09:52:49,714 INFO  L229       MonitoredProcess]: Starting monitored process 17 with /usr/bin/z3 SMTLIB2_COMPLIANT=true -memory:1024 -smt2 -in -t:12000 (exit command is (exit), workingDir is null)
[2026-06-06 09:52:49,715 INFO  L327       MonitoredProcess]: [MP /usr/bin/z3 SMTLIB2_COMPLIANT=true -memory:1024 -smt2 -in -t:12000 (17)] Waiting until timeout for monitored process
[2026-06-06 09:52:49,722 WARN  L330   ript$VariableManager]: TermVariable v_ULTIMATE.start___VERIFIER_assert_~cond_3 not constructed by VariableManager. Cannot ensure absence of name clashes.
[2026-06-06 09:52:49,722 WARN  L330   ript$VariableManager]: TermVariable |v_ULTIMATE.start___VERIFIER_assert_#in~cond_2| not constructed by VariableManager. Cannot ensure absence of name clashes.
[2026-06-06 09:52:49,723 INFO  L196   CegarNwaWorkerThread]: WorkerThread: Thread[#173,pool-1-thread-16,5,main] is Waiting for a Task
[2026-06-06 09:52:49,723 INFO  L86        PathProgramCache]: Analyzing trace with hash 29955, now seen corresponding path program 1 times
[2026-06-06 09:52:49,723 INFO  L614   ParallelNwaCegarLoop]: Main: Starting Thread
[2026-06-06 09:52:49,723 INFO  L283   ParallelNwaCegarLoop]: === Iteration 1 ===
[2026-06-06 09:52:49,723 INFO  L336   ParallelNwaCegarLoop]: No more worker results to process
[2026-06-06 09:52:49,724 INFO  L290                IsEmpty]: Start isEmpty. Operand  has 5 states, 3 states have (on average 1.6666666666666667) internal successors, (5), 4 states have internal predecessors, (5), 0 states have call successors, (0), 0 states have call predecessors, (0), 0 states have return successors, (0), 0 states have call predecessors, (0), 0 states have call successors, (0)
[2026-06-06 09:52:49,724 INFO  L300                IsEmpty]: Finished isEmpty. Found accepting run of length 4
[2026-06-06 09:52:49,724 WARN  L753                IsEmpty]: Correctness of emptinessCheck not tested.
[2026-06-06 09:52:49,725 INFO  L209   CegarNwaWorkerThread]: Starting Thread: 80# for Trace Check: 29955
[2026-06-06 09:52:49,725 INFO  L79                 Accepts]: Start accepts. Automaton has  has 5 states, 3 states have (on average 1.6666666666666667) internal successors, (5), 4 states have internal predecessors, (5), 0 states have call successors, (0), 0 states have call predecessors, (0), 0 states have return successors, (0), 0 states have call predecessors, (0), 0 states have call successors, (0) Word has length 3
[2026-06-06 09:52:49,726 INFO  L85                 Accepts]: Finished accepts. word is accepted.
[2026-06-06 09:52:49,726 INFO  L757                IsEmpty]: Finished testing correctness of emptinessCheck
[2026-06-06 09:52:49,726 INFO  L1033  ParallelNwaCegarLoop]: BFS found an active duplicate counterexample.
[2026-06-06 09:52:49,726 INFO  L290                IsEmpty]: Start isEmptyParallel. Operand  has 5 states, 3 states have (on average 1.6666666666666667) internal successors, (5), 4 states have internal predecessors, (5), 0 states have call successors, (0), 0 states have call predecessors, (0), 0 states have return successors, (0), 0 states have call predecessors, (0), 0 states have call successors, (0)
[2026-06-06 09:52:49,727 INFO  L300                IsEmpty]: Finished isEmptyParallel. No accepting run.
[2026-06-06 09:52:49,727 INFO  L156        IsEmptyParallel]: Start isEmptyParallel. Operand  has 5 states, 3 states have (on average 1.6666666666666667) internal successors, (5), 4 states have internal predecessors, (5), 0 states have call successors, (0), 0 states have call predecessors, (0), 0 states have return successors, (0), 0 states have call predecessors, (0), 0 states have call successors, (0)
[2026-06-06 09:52:49,727 INFO  L156       PredicateUnifier]: Initialized classic predicate unifier
[2026-06-06 09:52:49,727 INFO  L86        PathProgramCache]: Analyzing trace with hash 29955, now seen corresponding path program 1 times
[2026-06-06 09:52:49,728 INFO  L182       IsEmptyHeuristic]: Start isEmptyHeuristic. Operand  has 5 states, 3 states have (on average 1.6666666666666667) internal successors, (5), 4 states have internal predecessors, (5), 0 states have call successors, (0), 0 states have call predecessors, (0), 0 states have return successors, (0), 0 states have call predecessors, (0), 0 states have call successors, (0)
[2026-06-06 09:52:49,730 INFO  L188       IsEmptyHeuristic]: Finished isEmptyHeuristic. Found accepting run of length 6
[2026-06-06 09:52:49,730 INFO  L118   FreeRefinementEngine]: Executing refinement strategy CAMEL
[2026-06-06 09:52:49,730 INFO  L163        IsEmptyParallel]: Finished isEmptyParallel. Found accepting run of length 6
[2026-06-06 09:52:49,730 WARN  L753                IsEmpty]: Correctness of emptinessCheck not tested.
[2026-06-06 09:52:49,730 INFO  L79                 Accepts]: Start accepts. Automaton has  has 5 states, 3 states have (on average 1.6666666666666667) internal successors, (5), 4 states have internal predecessors, (5), 0 states have call successors, (0), 0 states have call predecessors, (0), 0 states have return successors, (0), 0 states have call predecessors, (0), 0 states have call successors, (0) Word has length 5
[2026-06-06 09:52:49,730 INFO  L324   FreeRefinementEngine]: Using trace check IpTcStrategyModuleSmtInterpolCraig [1319561484]
[2026-06-06 09:52:49,730 INFO  L85                 Accepts]: Finished accepts. word is accepted.
[2026-06-06 09:52:49,730 INFO  L757                IsEmpty]: Finished testing correctness of emptinessCheck
[2026-06-06 09:52:49,730 INFO  L97    rtionOrderModulation]: Keeping assertion order NOT_INCREMENTALLY
[2026-06-06 09:52:49,730 INFO  L1028  ParallelNwaCegarLoop]: Found new Counterexample via IsEmptyParallel PAPER!
[2026-06-06 09:52:49,730 INFO  L86        PathProgramCache]: Analyzing trace with hash 28844579, now seen corresponding path program 1 times
[2026-06-06 09:52:49,730 INFO  L614   ParallelNwaCegarLoop]: Main: Starting Thread
[2026-06-06 09:52:49,730 INFO  L290                IsEmpty]: Start isEmptyParallel. Operand  has 5 states, 3 states have (on average 1.6666666666666667) internal successors, (5), 4 states have internal predecessors, (5), 0 states have call successors, (0), 0 states have call predecessors, (0), 0 states have return successors, (0), 0 states have call predecessors, (0), 0 states have call successors, (0)
[2026-06-06 09:52:49,730 INFO  L300                IsEmpty]: Finished isEmptyParallel. No accepting run.
[2026-06-06 09:52:49,730 INFO  L209   CegarNwaWorkerThread]: Starting Thread: 86# for Trace Check: 28844579
[2026-06-06 09:52:49,730 INFO  L127          SolverBuilder]: Constructing new instance of SMTInterpol with explicit timeout -1 ms and remaining time -1 ms
[2026-06-06 09:52:49,730 INFO  L156        IsEmptyParallel]: Start isEmptyParallel. Operand  has 5 states, 3 states have (on average 1.6666666666666667) internal successors, (5), 4 states have internal predecessors, (5), 0 states have call successors, (0), 0 states have call predecessors, (0), 0 states have return successors, (0), 0 states have call predecessors, (0), 0 states have call successors, (0)
[2026-06-06 09:52:49,730 INFO  L182       IsEmptyHeuristic]: Start isEmptyHeuristic. Operand  has 5 states, 3 states have (on average 1.6666666666666667) internal successors, (5), 4 states have internal predecessors, (5), 0 states have call successors, (0), 0 states have call predecessors, (0), 0 states have return successors, (0), 0 states have call predecessors, (0), 0 states have call successors, (0)
[2026-06-06 09:52:49,730 INFO  L156       PredicateUnifier]: Initialized classic predicate unifier
[2026-06-06 09:52:49,730 INFO  L188       IsEmptyHeuristic]: Finished isEmptyHeuristic. No accepting run.
[2026-06-06 09:52:49,731 INFO  L86        PathProgramCache]: Analyzing trace with hash 28844579, now seen corresponding path program 1 times
[2026-06-06 09:52:49,731 INFO  L182       IsEmptyHeuristic]: Start isEmptyHeuristic. Operand  has 5 states, 3 states have (on average 1.6666666666666667) internal successors, (5), 4 states have internal predecessors, (5), 0 states have call successors, (0), 0 states have call predecessors, (0), 0 states have return successors, (0), 0 states have call predecessors, (0), 0 states have call successors, (0)
[2026-06-06 09:52:49,731 INFO  L118   FreeRefinementEngine]: Executing refinement strategy CAMEL
[2026-06-06 09:52:49,731 INFO  L324   FreeRefinementEngine]: Using trace check IpTcStrategyModuleSmtInterpolCraig [491490156]
[2026-06-06 09:52:49,731 INFO  L188       IsEmptyHeuristic]: Finished isEmptyHeuristic. Found accepting run of length 5
[2026-06-06 09:52:49,731 INFO  L97    rtionOrderModulation]: Keeping assertion order NOT_INCREMENTALLY
[2026-06-06 09:52:49,731 INFO  L163        IsEmptyParallel]: Finished isEmptyParallel. Found accepting run of length 5
[2026-06-06 09:52:49,731 WARN  L753                IsEmpty]: Correctness of emptinessCheck not tested.
[2026-06-06 09:52:49,731 INFO  L127          SolverBuilder]: Constructing new instance of SMTInterpol with explicit timeout -1 ms and remaining time -1 ms
[2026-06-06 09:52:49,731 INFO  L79                 Accepts]: Start accepts. Automaton has  has 5 states, 3 states have (on average 1.6666666666666667) internal successors, (5), 4 states have internal predecessors, (5), 0 states have call successors, (0), 0 states have call predecessors, (0), 0 states have return successors, (0), 0 states have call predecessors, (0), 0 states have call successors, (0) Word has length 4
[2026-06-06 09:52:49,731 INFO  L85                 Accepts]: Finished accepts. word is accepted.
[2026-06-06 09:52:49,731 INFO  L757                IsEmpty]: Finished testing correctness of emptinessCheck
[2026-06-06 09:52:49,731 INFO  L1028  ParallelNwaCegarLoop]: Found new Counterexample via IsEmptyParallel PAPER!
[2026-06-06 09:52:49,731 INFO  L86        PathProgramCache]: Analyzing trace with hash 930412, now seen corresponding path program 2 times
[2026-06-06 09:52:49,731 INFO  L614   ParallelNwaCegarLoop]: Main: Starting Thread
[2026-06-06 09:52:49,731 INFO  L209   CegarNwaWorkerThread]: Starting Thread: 92# for Trace Check: 930412
[2026-06-06 09:52:49,731 INFO  L290                IsEmpty]: Start isEmptyParallel. Operand  has 5 states, 3 states have (on average 1.6666666666666667) internal successors, (5), 4 states have internal predecessors, (5), 0 states have call successors, (0), 0 states have call predecessors, (0), 0 states have return successors, (0), 0 states have call predecessors, (0), 0 states have call successors, (0)
[2026-06-06 09:52:49,731 INFO  L300                IsEmpty]: Finished isEmptyParallel. No accepting run.
[2026-06-06 09:52:49,731 INFO  L156        IsEmptyParallel]: Start isEmptyParallel. Operand  has 5 states, 3 states have (on average 1.6666666666666667) internal successors, (5), 4 states have internal predecessors, (5), 0 states have call successors, (0), 0 states have call predecessors, (0), 0 states have return successors, (0), 0 states have call predecessors, (0), 0 states have call successors, (0)
[2026-06-06 09:52:49,731 INFO  L156       PredicateUnifier]: Initialized classic predicate unifier
[2026-06-06 09:52:49,731 INFO  L182       IsEmptyHeuristic]: Start isEmptyHeuristic. Operand  has 5 states, 3 states have (on average 1.6666666666666667) internal successors, (5), 4 states have internal predecessors, (5), 0 states have call successors, (0), 0 states have call predecessors, (0), 0 states have return successors, (0), 0 states have call predecessors, (0), 0 states have call successors, (0)
[2026-06-06 09:52:49,731 INFO  L86        PathProgramCache]: Analyzing trace with hash 930412, now seen corresponding path program 2 times
[2026-06-06 09:52:49,731 INFO  L118   FreeRefinementEngine]: Executing refinement strategy CAMEL
[2026-06-06 09:52:49,731 INFO  L188       IsEmptyHeuristic]: Finished isEmptyHeuristic. No accepting run.
[2026-06-06 09:52:49,731 INFO  L324   FreeRefinementEngine]: Using trace check IpTcStrategyModuleSmtInterpolCraig [72425198]
[2026-06-06 09:52:49,731 INFO  L95    rtionOrderModulation]: Changing assertion order to OUTSIDE_LOOP_FIRST1
[2026-06-06 09:52:49,731 INFO  L182       IsEmptyHeuristic]: Start isEmptyHeuristic. Operand  has 5 states, 3 states have (on average 1.6666666666666667) internal successors, (5), 4 states have internal predecessors, (5), 0 states have call successors, (0), 0 states have call predecessors, (0), 0 states have return successors, (0), 0 states have call predecessors, (0), 0 states have call successors, (0)
[2026-06-06 09:52:49,731 INFO  L127          SolverBuilder]: Constructing new instance of SMTInterpol with explicit timeout -1 ms and remaining time -1 ms
[2026-06-06 09:52:49,731 INFO  L188       IsEmptyHeuristic]: Finished isEmptyHeuristic. No accepting run.
[2026-06-06 09:52:49,731 INFO  L182       IsEmptyHeuristic]: Start isEmptyHeuristic. Operand  has 5 states, 3 states have (on average 1.6666666666666667) internal successors, (5), 4 states have internal predecessors, (5), 0 states have call successors, (0), 0 states have call predecessors, (0), 0 states have return successors, (0), 0 states have call predecessors, (0), 0 states have call successors, (0)
[2026-06-06 09:52:49,732 INFO  L188       IsEmptyHeuristic]: Finished isEmptyHeuristic. Found accepting run of length 8
[2026-06-06 09:52:49,732 INFO  L163        IsEmptyParallel]: Finished isEmptyParallel. Found accepting run of length 8
[2026-06-06 09:52:49,732 WARN  L753                IsEmpty]: Correctness of emptinessCheck not tested.
[2026-06-06 09:52:49,732 INFO  L79                 Accepts]: Start accepts. Automaton has  has 5 states, 3 states have (on average 1.6666666666666667) internal successors, (5), 4 states have internal predecessors, (5), 0 states have call successors, (0), 0 states have call predecessors, (0), 0 states have return successors, (0), 0 states have call predecessors, (0), 0 states have call successors, (0) Word has length 7
[2026-06-06 09:52:49,732 INFO  L85                 Accepts]: Finished accepts. word is accepted.
[2026-06-06 09:52:49,732 INFO  L757                IsEmpty]: Finished testing correctness of emptinessCheck
[2026-06-06 09:52:49,732 INFO  L1028  ParallelNwaCegarLoop]: Found new Counterexample via IsEmptyParallel PAPER!
[2026-06-06 09:52:49,732 INFO  L86        PathProgramCache]: Analyzing trace with hash 1949894467, now seen corresponding path program 3 times
[2026-06-06 09:52:49,732 INFO  L614   ParallelNwaCegarLoop]: Main: Starting Thread
[2026-06-06 09:52:49,732 INFO  L209   CegarNwaWorkerThread]: Starting Thread: 98# for Trace Check: 1949894467
[2026-06-06 09:52:49,732 INFO  L290                IsEmpty]: Start isEmptyParallel. Operand  has 5 states, 3 states have (on average 1.6666666666666667) internal successors, (5), 4 states have internal predecessors, (5), 0 states have call successors, (0), 0 states have call predecessors, (0), 0 states have return successors, (0), 0 states have call predecessors, (0), 0 states have call successors, (0)
[2026-06-06 09:52:49,732 INFO  L300                IsEmpty]: Finished isEmptyParallel. No accepting run.
[2026-06-06 09:52:49,732 INFO  L156        IsEmptyParallel]: Start isEmptyParallel. Operand  has 5 states, 3 states have (on average 1.6666666666666667) internal successors, (5), 4 states have internal predecessors, (5), 0 states have call successors, (0), 0 states have call predecessors, (0), 0 states have return successors, (0), 0 states have call predecessors, (0), 0 states have call successors, (0)
[2026-06-06 09:52:49,732 INFO  L156       PredicateUnifier]: Initialized classic predicate unifier
[2026-06-06 09:52:49,732 INFO  L86        PathProgramCache]: Analyzing trace with hash 1949894467, now seen corresponding path program 3 times
[2026-06-06 09:52:49,732 INFO  L182       IsEmptyHeuristic]: Start isEmptyHeuristic. Operand  has 5 states, 3 states have (on average 1.6666666666666667) internal successors, (5), 4 states have internal predecessors, (5), 0 states have call successors, (0), 0 states have call predecessors, (0), 0 states have return successors, (0), 0 states have call predecessors, (0), 0 states have call successors, (0)
[2026-06-06 09:52:49,732 INFO  L118   FreeRefinementEngine]: Executing refinement strategy CAMEL
[2026-06-06 09:52:49,732 INFO  L324   FreeRefinementEngine]: Using trace check IpTcStrategyModuleSmtInterpolCraig [221017198]
[2026-06-06 09:52:49,732 INFO  L188       IsEmptyHeuristic]: Finished isEmptyHeuristic. No accepting run.
[2026-06-06 09:52:49,732 INFO  L95    rtionOrderModulation]: Changing assertion order to OUTSIDE_LOOP_FIRST2
[2026-06-06 09:52:49,732 INFO  L127          SolverBuilder]: Constructing new instance of SMTInterpol with explicit timeout -1 ms and remaining time -1 ms
[2026-06-06 09:52:49,732 INFO  L182       IsEmptyHeuristic]: Start isEmptyHeuristic. Operand  has 5 states, 3 states have (on average 1.6666666666666667) internal successors, (5), 4 states have internal predecessors, (5), 0 states have call successors, (0), 0 states have call predecessors, (0), 0 states have return successors, (0), 0 states have call predecessors, (0), 0 states have call successors, (0)
[2026-06-06 09:52:49,732 INFO  L188       IsEmptyHeuristic]: Finished isEmptyHeuristic. No accepting run.
[2026-06-06 09:52:49,732 INFO  L182       IsEmptyHeuristic]: Start isEmptyHeuristic. Operand  has 5 states, 3 states have (on average 1.6666666666666667) internal successors, (5), 4 states have internal predecessors, (5), 0 states have call successors, (0), 0 states have call predecessors, (0), 0 states have return successors, (0), 0 states have call predecessors, (0), 0 states have call successors, (0)
[2026-06-06 09:52:49,732 INFO  L188       IsEmptyHeuristic]: Finished isEmptyHeuristic. No accepting run.
[2026-06-06 09:52:49,732 INFO  L182       IsEmptyHeuristic]: Start isEmptyHeuristic. Operand  has 5 states, 3 states have (on average 1.6666666666666667) internal successors, (5), 4 states have internal predecessors, (5), 0 states have call successors, (0), 0 states have call predecessors, (0), 0 states have return successors, (0), 0 states have call predecessors, (0), 0 states have call successors, (0)
[2026-06-06 09:52:49,732 INFO  L188       IsEmptyHeuristic]: Finished isEmptyHeuristic. Found accepting run of length 7
[2026-06-06 09:52:49,732 INFO  L163        IsEmptyParallel]: Finished isEmptyParallel. Found accepting run of length 7
[2026-06-06 09:52:49,732 WARN  L753                IsEmpty]: Correctness of emptinessCheck not tested.
[2026-06-06 09:52:49,732 INFO  L79                 Accepts]: Start accepts. Automaton has  has 5 states, 3 states have (on average 1.6666666666666667) internal successors, (5), 4 states have internal predecessors, (5), 0 states have call successors, (0), 0 states have call predecessors, (0), 0 states have return successors, (0), 0 states have call predecessors, (0), 0 states have call successors, (0) Word has length 6
[2026-06-06 09:52:49,732 INFO  L85                 Accepts]: Finished accepts. word is accepted.
[2026-06-06 09:52:49,732 INFO  L757                IsEmpty]: Finished testing correctness of emptinessCheck
[2026-06-06 09:52:49,732 INFO  L1028  ParallelNwaCegarLoop]: Found new Counterexample via IsEmptyParallel PAPER!
[2026-06-06 09:52:49,733 INFO  L86        PathProgramCache]: Analyzing trace with hash 894183756, now seen corresponding path program 4 times
[2026-06-06 09:52:49,733 INFO  L614   ParallelNwaCegarLoop]: Main: Starting Thread
[2026-06-06 09:52:49,733 INFO  L209   CegarNwaWorkerThread]: Starting Thread: 104# for Trace Check: 894183756
[2026-06-06 09:52:49,733 INFO  L290                IsEmpty]: Start isEmptyParallel. Operand  has 5 states, 3 states have (on average 1.6666666666666667) internal successors, (5), 4 states have internal predecessors, (5), 0 states have call successors, (0), 0 states have call predecessors, (0), 0 states have return successors, (0), 0 states have call predecessors, (0), 0 states have call successors, (0)
[2026-06-06 09:52:49,733 INFO  L300                IsEmpty]: Finished isEmptyParallel. No accepting run.
[2026-06-06 09:52:49,733 INFO  L156        IsEmptyParallel]: Start isEmptyParallel. Operand  has 5 states, 3 states have (on average 1.6666666666666667) internal successors, (5), 4 states have internal predecessors, (5), 0 states have call successors, (0), 0 states have call predecessors, (0), 0 states have return successors, (0), 0 states have call predecessors, (0), 0 states have call successors, (0)
[2026-06-06 09:52:49,733 INFO  L156       PredicateUnifier]: Initialized classic predicate unifier
[2026-06-06 09:52:49,733 INFO  L86        PathProgramCache]: Analyzing trace with hash 894183756, now seen corresponding path program 4 times
[2026-06-06 09:52:49,733 INFO  L182       IsEmptyHeuristic]: Start isEmptyHeuristic. Operand  has 5 states, 3 states have (on average 1.6666666666666667) internal successors, (5), 4 states have internal predecessors, (5), 0 states have call successors, (0), 0 states have call predecessors, (0), 0 states have return successors, (0), 0 states have call predecessors, (0), 0 states have call successors, (0)
[2026-06-06 09:52:49,733 INFO  L118   FreeRefinementEngine]: Executing refinement strategy CAMEL
[2026-06-06 09:52:49,733 INFO  L324   FreeRefinementEngine]: Using trace check IpTcStrategyModuleSmtInterpolCraig [1436393630]
[2026-06-06 09:52:49,733 INFO  L95    rtionOrderModulation]: Changing assertion order to TERMS_WITH_SMALL_CONSTANTS_FIRST
[2026-06-06 09:52:49,733 INFO  L188       IsEmptyHeuristic]: Finished isEmptyHeuristic. No accepting run.
[2026-06-06 09:52:49,733 INFO  L127          SolverBuilder]: Constructing new instance of SMTInterpol with explicit timeout -1 ms and remaining time -1 ms
[2026-06-06 09:52:49,733 INFO  L182       IsEmptyHeuristic]: Start isEmptyHeuristic. Operand  has 5 states, 3 states have (on average 1.6666666666666667) internal successors, (5), 4 states have internal predecessors, (5), 0 states have call successors, (0), 0 states have call predecessors, (0), 0 states have return successors, (0), 0 states have call predecessors, (0), 0 states have call successors, (0)
[2026-06-06 09:52:49,733 INFO  L188       IsEmptyHeuristic]: Finished isEmptyHeuristic. No accepting run.
[2026-06-06 09:52:49,733 INFO  L182       IsEmptyHeuristic]: Start isEmptyHeuristic. Operand  has 5 states, 3 states have (on average 1.6666666666666667) internal successors, (5), 4 states have internal predecessors, (5), 0 states have call successors, (0), 0 states have call predecessors, (0), 0 states have return successors, (0), 0 states have call predecessors, (0), 0 states have call successors, (0)
[2026-06-06 09:52:49,733 INFO  L188       IsEmptyHeuristic]: Finished isEmptyHeuristic. No accepting run.
[2026-06-06 09:52:49,733 INFO  L182       IsEmptyHeuristic]: Start isEmptyHeuristic. Operand  has 5 states, 3 states have (on average 1.6666666666666667) internal successors, (5), 4 states have internal predecessors, (5), 0 states have call successors, (0), 0 states have call predecessors, (0), 0 states have return successors, (0), 0 states have call predecessors, (0), 0 states have call successors, (0)
[2026-06-06 09:52:49,733 INFO  L188       IsEmptyHeuristic]: Finished isEmptyHeuristic. No accepting run.
[2026-06-06 09:52:49,733 INFO  L182       IsEmptyHeuristic]: Start isEmptyHeuristic. Operand  has 5 states, 3 states have (on average 1.6666666666666667) internal successors, (5), 4 states have internal predecessors, (5), 0 states have call successors, (0), 0 states have call predecessors, (0), 0 states have return successors, (0), 0 states have call predecessors, (0), 0 states have call successors, (0)
[2026-06-06 09:52:49,733 INFO  L188       IsEmptyHeuristic]: Finished isEmptyHeuristic. Found accepting run of length 10
[2026-06-06 09:52:49,733 INFO  L163        IsEmptyParallel]: Finished isEmptyParallel. Found accepting run of length 10
[2026-06-06 09:52:49,734 WARN  L753                IsEmpty]: Correctness of emptinessCheck not tested.
[2026-06-06 09:52:49,734 INFO  L79                 Accepts]: Start accepts. Automaton has  has 5 states, 3 states have (on average 1.6666666666666667) internal successors, (5), 4 states have internal predecessors, (5), 0 states have call successors, (0), 0 states have call predecessors, (0), 0 states have return successors, (0), 0 states have call predecessors, (0), 0 states have call successors, (0) Word has length 9
[2026-06-06 09:52:49,734 INFO  L85                 Accepts]: Finished accepts. word is accepted.
[2026-06-06 09:52:49,734 INFO  L757                IsEmpty]: Finished testing correctness of emptinessCheck
[2026-06-06 09:52:49,734 INFO  L1028  ParallelNwaCegarLoop]: Found new Counterexample via IsEmptyParallel PAPER!
[2026-06-06 09:52:49,734 INFO  L86        PathProgramCache]: Analyzing trace with hash 1242899555, now seen corresponding path program 5 times
[2026-06-06 09:52:49,734 INFO  L614   ParallelNwaCegarLoop]: Main: Starting Thread
[2026-06-06 09:52:49,734 INFO  L290                IsEmpty]: Start isEmptyParallel. Operand  has 5 states, 3 states have (on average 1.6666666666666667) internal successors, (5), 4 states have internal predecessors, (5), 0 states have call successors, (0), 0 states have call predecessors, (0), 0 states have return successors, (0), 0 states have call predecessors, (0), 0 states have call successors, (0)
[2026-06-06 09:52:49,734 INFO  L209   CegarNwaWorkerThread]: Starting Thread: 110# for Trace Check: 1242899555
[2026-06-06 09:52:49,734 INFO  L300                IsEmpty]: Finished isEmptyParallel. No accepting run.
[2026-06-06 09:52:49,734 INFO  L156        IsEmptyParallel]: Start isEmptyParallel. Operand  has 5 states, 3 states have (on average 1.6666666666666667) internal successors, (5), 4 states have internal predecessors, (5), 0 states have call successors, (0), 0 states have call predecessors, (0), 0 states have return successors, (0), 0 states have call predecessors, (0), 0 states have call successors, (0)
[2026-06-06 09:52:49,734 INFO  L156       PredicateUnifier]: Initialized classic predicate unifier
[2026-06-06 09:52:49,734 INFO  L86        PathProgramCache]: Analyzing trace with hash 1242899555, now seen corresponding path program 5 times
[2026-06-06 09:52:49,734 INFO  L118   FreeRefinementEngine]: Executing refinement strategy CAMEL
[2026-06-06 09:52:49,734 INFO  L182       IsEmptyHeuristic]: Start isEmptyHeuristic. Operand  has 5 states, 3 states have (on average 1.6666666666666667) internal successors, (5), 4 states have internal predecessors, (5), 0 states have call successors, (0), 0 states have call predecessors, (0), 0 states have return successors, (0), 0 states have call predecessors, (0), 0 states have call successors, (0)
[2026-06-06 09:52:49,734 INFO  L324   FreeRefinementEngine]: Using trace check IpTcStrategyModuleSmtInterpolCraig [1183322744]
[2026-06-06 09:52:49,734 INFO  L95    rtionOrderModulation]: Changing assertion order to INSIDE_LOOP_FIRST1
[2026-06-06 09:52:49,734 INFO  L127          SolverBuilder]: Constructing new instance of SMTInterpol with explicit timeout -1 ms and remaining time -1 ms
[2026-06-06 09:52:49,734 INFO  L188       IsEmptyHeuristic]: Finished isEmptyHeuristic. No accepting run.
[2026-06-06 09:52:49,734 INFO  L182       IsEmptyHeuristic]: Start isEmptyHeuristic. Operand  has 5 states, 3 states have (on average 1.6666666666666667) internal successors, (5), 4 states have internal predecessors, (5), 0 states have call successors, (0), 0 states have call predecessors, (0), 0 states have return successors, (0), 0 states have call predecessors, (0), 0 states have call successors, (0)
[2026-06-06 09:52:49,734 INFO  L188       IsEmptyHeuristic]: Finished isEmptyHeuristic. No accepting run.
[2026-06-06 09:52:49,734 INFO  L182       IsEmptyHeuristic]: Start isEmptyHeuristic. Operand  has 5 states, 3 states have (on average 1.6666666666666667) internal successors, (5), 4 states have internal predecessors, (5), 0 states have call successors, (0), 0 states have call predecessors, (0), 0 states have return successors, (0), 0 states have call predecessors, (0), 0 states have call successors, (0)
[2026-06-06 09:52:49,734 INFO  L188       IsEmptyHeuristic]: Finished isEmptyHeuristic. No accepting run.
[2026-06-06 09:52:49,734 INFO  L182       IsEmptyHeuristic]: Start isEmptyHeuristic. Operand  has 5 states, 3 states have (on average 1.6666666666666667) internal successors, (5), 4 states have internal predecessors, (5), 0 states have call successors, (0), 0 states have call predecessors, (0), 0 states have return successors, (0), 0 states have call predecessors, (0), 0 states have call successors, (0)
[2026-06-06 09:52:49,735 INFO  L188       IsEmptyHeuristic]: Finished isEmptyHeuristic. No accepting run.
[2026-06-06 09:52:49,735 INFO  L182       IsEmptyHeuristic]: Start isEmptyHeuristic. Operand  has 5 states, 3 states have (on average 1.6666666666666667) internal successors, (5), 4 states have internal predecessors, (5), 0 states have call successors, (0), 0 states have call predecessors, (0), 0 states have return successors, (0), 0 states have call predecessors, (0), 0 states have call successors, (0)
[2026-06-06 09:52:49,735 INFO  L188       IsEmptyHeuristic]: Finished isEmptyHeuristic. No accepting run.
[2026-06-06 09:52:49,735 INFO  L182       IsEmptyHeuristic]: Start isEmptyHeuristic. Operand  has 5 states, 3 states have (on average 1.6666666666666667) internal successors, (5), 4 states have internal predecessors, (5), 0 states have call successors, (0), 0 states have call predecessors, (0), 0 states have return successors, (0), 0 states have call predecessors, (0), 0 states have call successors, (0)
[2026-06-06 09:52:49,735 INFO  L188       IsEmptyHeuristic]: Finished isEmptyHeuristic. Found accepting run of length 9
[2026-06-06 09:52:49,735 INFO  L163        IsEmptyParallel]: Finished isEmptyParallel. Found accepting run of length 9
[2026-06-06 09:52:49,735 WARN  L753                IsEmpty]: Correctness of emptinessCheck not tested.
[2026-06-06 09:52:49,735 INFO  L79                 Accepts]: Start accepts. Automaton has  has 5 states, 3 states have (on average 1.6666666666666667) internal successors, (5), 4 states have internal predecessors, (5), 0 states have call successors, (0), 0 states have call predecessors, (0), 0 states have return successors, (0), 0 states have call predecessors, (0), 0 states have call successors, (0) Word has length 8
[2026-06-06 09:52:49,735 INFO  L85                 Accepts]: Finished accepts. word is accepted.
[2026-06-06 09:52:49,735 INFO  L757                IsEmpty]: Finished testing correctness of emptinessCheck
[2026-06-06 09:52:49,735 INFO  L1028  ParallelNwaCegarLoop]: Found new Counterexample via IsEmptyParallel PAPER!
[2026-06-06 09:52:49,735 INFO  L86        PathProgramCache]: Analyzing trace with hash 317188140, now seen corresponding path program 6 times
[2026-06-06 09:52:49,735 INFO  L614   ParallelNwaCegarLoop]: Main: Starting Thread
[2026-06-06 09:52:49,735 INFO  L209   CegarNwaWorkerThread]: Starting Thread: 116# for Trace Check: 317188140
[2026-06-06 09:52:49,735 INFO  L290                IsEmpty]: Start isEmptyParallel. Operand  has 5 states, 3 states have (on average 1.6666666666666667) internal successors, (5), 4 states have internal predecessors, (5), 0 states have call successors, (0), 0 states have call predecessors, (0), 0 states have return successors, (0), 0 states have call predecessors, (0), 0 states have call successors, (0)
[2026-06-06 09:52:49,735 INFO  L300                IsEmpty]: Finished isEmptyParallel. No accepting run.
[2026-06-06 09:52:49,735 INFO  L156        IsEmptyParallel]: Start isEmptyParallel. Operand  has 5 states, 3 states have (on average 1.6666666666666667) internal successors, (5), 4 states have internal predecessors, (5), 0 states have call successors, (0), 0 states have call predecessors, (0), 0 states have return successors, (0), 0 states have call predecessors, (0), 0 states have call successors, (0)
[2026-06-06 09:52:49,735 INFO  L156       PredicateUnifier]: Initialized classic predicate unifier
[2026-06-06 09:52:49,735 INFO  L182       IsEmptyHeuristic]: Start isEmptyHeuristic. Operand  has 5 states, 3 states have (on average 1.6666666666666667) internal successors, (5), 4 states have internal predecessors, (5), 0 states have call successors, (0), 0 states have call predecessors, (0), 0 states have return successors, (0), 0 states have call predecessors, (0), 0 states have call successors, (0)
[2026-06-06 09:52:49,735 INFO  L86        PathProgramCache]: Analyzing trace with hash 317188140, now seen corresponding path program 6 times
[2026-06-06 09:52:49,735 INFO  L118   FreeRefinementEngine]: Executing refinement strategy CAMEL
[2026-06-06 09:52:49,735 INFO  L324   FreeRefinementEngine]: Using trace check IpTcStrategyModuleSmtInterpolCraig [1647012043]
[2026-06-06 09:52:49,735 INFO  L95    rtionOrderModulation]: Changing assertion order to MIX_INSIDE_OUTSIDE
[2026-06-06 09:52:49,735 INFO  L127          SolverBuilder]: Constructing new instance of SMTInterpol with explicit timeout -1 ms and remaining time -1 ms
[2026-06-06 09:52:49,735 INFO  L188       IsEmptyHeuristic]: Finished isEmptyHeuristic. No accepting run.
[2026-06-06 09:52:49,735 INFO  L182       IsEmptyHeuristic]: Start isEmptyHeuristic. Operand  has 5 states, 3 states have (on average 1.6666666666666667) internal successors, (5), 4 states have internal predecessors, (5), 0 states have call successors, (0), 0 states have call predecessors, (0), 0 states have return successors, (0), 0 states have call predecessors, (0), 0 states have call successors, (0)
[2026-06-06 09:52:49,736 INFO  L188       IsEmptyHeuristic]: Finished isEmptyHeuristic. No accepting run.
[2026-06-06 09:52:49,736 INFO  L182       IsEmptyHeuristic]: Start isEmptyHeuristic. Operand  has 5 states, 3 states have (on average 1.6666666666666667) internal successors, (5), 4 states have internal predecessors, (5), 0 states have call successors, (0), 0 states have call predecessors, (0), 0 states have return successors, (0), 0 states have call predecessors, (0), 0 states have call successors, (0)
[2026-06-06 09:52:49,736 INFO  L188       IsEmptyHeuristic]: Finished isEmptyHeuristic. No accepting run.
[2026-06-06 09:52:49,736 INFO  L182       IsEmptyHeuristic]: Start isEmptyHeuristic. Operand  has 5 states, 3 states have (on average 1.6666666666666667) internal successors, (5), 4 states have internal predecessors, (5), 0 states have call successors, (0), 0 states have call predecessors, (0), 0 states have return successors, (0), 0 states have call predecessors, (0), 0 states have call successors, (0)
[2026-06-06 09:52:49,736 INFO  L188       IsEmptyHeuristic]: Finished isEmptyHeuristic. No accepting run.
[2026-06-06 09:52:49,736 INFO  L182       IsEmptyHeuristic]: Start isEmptyHeuristic. Operand  has 5 states, 3 states have (on average 1.6666666666666667) internal successors, (5), 4 states have internal predecessors, (5), 0 states have call successors, (0), 0 states have call predecessors, (0), 0 states have return successors, (0), 0 states have call predecessors, (0), 0 states have call successors, (0)
[2026-06-06 09:52:49,736 INFO  L188       IsEmptyHeuristic]: Finished isEmptyHeuristic. No accepting run.
[2026-06-06 09:52:49,736 INFO  L182       IsEmptyHeuristic]: Start isEmptyHeuristic. Operand  has 5 states, 3 states have (on average 1.6666666666666667) internal successors, (5), 4 states have internal predecessors, (5), 0 states have call successors, (0), 0 states have call predecessors, (0), 0 states have return successors, (0), 0 states have call predecessors, (0), 0 states have call successors, (0)
[2026-06-06 09:52:49,736 INFO  L188       IsEmptyHeuristic]: Finished isEmptyHeuristic. No accepting run.
[2026-06-06 09:52:49,736 INFO  L182       IsEmptyHeuristic]: Start isEmptyHeuristic. Operand  has 5 states, 3 states have (on average 1.6666666666666667) internal successors, (5), 4 states have internal predecessors, (5), 0 states have call successors, (0), 0 states have call predecessors, (0), 0 states have return successors, (0), 0 states have call predecessors, (0), 0 states have call successors, (0)
[2026-06-06 09:52:49,736 INFO  L188       IsEmptyHeuristic]: Finished isEmptyHeuristic. Found accepting run of length 12
[2026-06-06 09:52:49,736 INFO  L163        IsEmptyParallel]: Finished isEmptyParallel. Found accepting run of length 12
[2026-06-06 09:52:49,736 WARN  L753                IsEmpty]: Correctness of emptinessCheck not tested.
[2026-06-06 09:52:49,736 INFO  L79                 Accepts]: Start accepts. Automaton has  has 5 states, 3 states have (on average 1.6666666666666667) internal successors, (5), 4 states have internal predecessors, (5), 0 states have call successors, (0), 0 states have call predecessors, (0), 0 states have return successors, (0), 0 states have call predecessors, (0), 0 states have call successors, (0) Word has length 11
[2026-06-06 09:52:49,736 INFO  L85                 Accepts]: Finished accepts. word is accepted.
[2026-06-06 09:52:49,736 INFO  L757                IsEmpty]: Finished testing correctness of emptinessCheck
[2026-06-06 09:52:49,736 INFO  L1028  ParallelNwaCegarLoop]: Found new Counterexample via IsEmptyParallel PAPER!
[2026-06-06 09:52:49,737 INFO  L86        PathProgramCache]: Analyzing trace with hash 425621891, now seen corresponding path program 7 times
[2026-06-06 09:52:49,737 INFO  L614   ParallelNwaCegarLoop]: Main: Starting Thread
[2026-06-06 09:52:49,737 INFO  L209   CegarNwaWorkerThread]: Starting Thread: 122# for Trace Check: 425621891
[2026-06-06 09:52:49,737 INFO  L290                IsEmpty]: Start isEmptyParallel. Operand  has 5 states, 3 states have (on average 1.6666666666666667) internal successors, (5), 4 states have internal predecessors, (5), 0 states have call successors, (0), 0 states have call predecessors, (0), 0 states have return successors, (0), 0 states have call predecessors, (0), 0 states have call successors, (0)
[2026-06-06 09:52:49,737 INFO  L300                IsEmpty]: Finished isEmptyParallel. No accepting run.
[2026-06-06 09:52:49,737 INFO  L156        IsEmptyParallel]: Start isEmptyParallel. Operand  has 5 states, 3 states have (on average 1.6666666666666667) internal successors, (5), 4 states have internal predecessors, (5), 0 states have call successors, (0), 0 states have call predecessors, (0), 0 states have return successors, (0), 0 states have call predecessors, (0), 0 states have call successors, (0)
[2026-06-06 09:52:49,737 INFO  L156       PredicateUnifier]: Initialized classic predicate unifier
[2026-06-06 09:52:49,737 INFO  L86        PathProgramCache]: Analyzing trace with hash 425621891, now seen corresponding path program 7 times
[2026-06-06 09:52:49,737 INFO  L182       IsEmptyHeuristic]: Start isEmptyHeuristic. Operand  has 5 states, 3 states have (on average 1.6666666666666667) internal successors, (5), 4 states have internal predecessors, (5), 0 states have call successors, (0), 0 states have call predecessors, (0), 0 states have return successors, (0), 0 states have call predecessors, (0), 0 states have call successors, (0)
[2026-06-06 09:52:49,737 INFO  L118   FreeRefinementEngine]: Executing refinement strategy CAMEL
[2026-06-06 09:52:49,737 INFO  L188       IsEmptyHeuristic]: Finished isEmptyHeuristic. No accepting run.
[2026-06-06 09:52:49,737 INFO  L324   FreeRefinementEngine]: Using trace check IpTcStrategyModuleSmtInterpolCraig [1963886765]
[2026-06-06 09:52:49,737 INFO  L95    rtionOrderModulation]: Changing assertion order to NOT_INCREMENTALLY
[2026-06-06 09:52:49,737 INFO  L182       IsEmptyHeuristic]: Start isEmptyHeuristic. Operand  has 5 states, 3 states have (on average 1.6666666666666667) internal successors, (5), 4 states have internal predecessors, (5), 0 states have call successors, (0), 0 states have call predecessors, (0), 0 states have return successors, (0), 0 states have call predecessors, (0), 0 states have call successors, (0)
[2026-06-06 09:52:49,737 INFO  L127          SolverBuilder]: Constructing new instance of SMTInterpol with explicit timeout -1 ms and remaining time -1 ms
[2026-06-06 09:52:49,737 INFO  L188       IsEmptyHeuristic]: Finished isEmptyHeuristic. No accepting run.
[2026-06-06 09:52:49,737 INFO  L182       IsEmptyHeuristic]: Start isEmptyHeuristic. Operand  has 5 states, 3 states have (on average 1.6666666666666667) internal successors, (5), 4 states have internal predecessors, (5), 0 states have call successors, (0), 0 states have call predecessors, (0), 0 states have return successors, (0), 0 states have call predecessors, (0), 0 states have call successors, (0)
[2026-06-06 09:52:49,737 INFO  L188       IsEmptyHeuristic]: Finished isEmptyHeuristic. No accepting run.
[2026-06-06 09:52:49,737 INFO  L182       IsEmptyHeuristic]: Start isEmptyHeuristic. Operand  has 5 states, 3 states have (on average 1.6666666666666667) internal successors, (5), 4 states have internal predecessors, (5), 0 states have call successors, (0), 0 states have call predecessors, (0), 0 states have return successors, (0), 0 states have call predecessors, (0), 0 states have call successors, (0)
[2026-06-06 09:52:49,737 INFO  L188       IsEmptyHeuristic]: Finished isEmptyHeuristic. No accepting run.
[2026-06-06 09:52:49,737 INFO  L182       IsEmptyHeuristic]: Start isEmptyHeuristic. Operand  has 5 states, 3 states have (on average 1.6666666666666667) internal successors, (5), 4 states have internal predecessors, (5), 0 states have call successors, (0), 0 states have call predecessors, (0), 0 states have return successors, (0), 0 states have call predecessors, (0), 0 states have call successors, (0)
[2026-06-06 09:52:49,737 INFO  L188       IsEmptyHeuristic]: Finished isEmptyHeuristic. No accepting run.
[2026-06-06 09:52:49,737 INFO  L182       IsEmptyHeuristic]: Start isEmptyHeuristic. Operand  has 5 states, 3 states have (on average 1.6666666666666667) internal successors, (5), 4 states have internal predecessors, (5), 0 states have call successors, (0), 0 states have call predecessors, (0), 0 states have return successors, (0), 0 states have call predecessors, (0), 0 states have call successors, (0)
[2026-06-06 09:52:49,737 INFO  L188       IsEmptyHeuristic]: Finished isEmptyHeuristic. No accepting run.
[2026-06-06 09:52:49,737 INFO  L182       IsEmptyHeuristic]: Start isEmptyHeuristic. Operand  has 5 states, 3 states have (on average 1.6666666666666667) internal successors, (5), 4 states have internal predecessors, (5), 0 states have call successors, (0), 0 states have call predecessors, (0), 0 states have return successors, (0), 0 states have call predecessors, (0), 0 states have call successors, (0)
[2026-06-06 09:52:49,738 INFO  L188       IsEmptyHeuristic]: Finished isEmptyHeuristic. No accepting run.
[2026-06-06 09:52:49,739 INFO  L182       IsEmptyHeuristic]: Start isEmptyHeuristic. Operand  has 5 states, 3 states have (on average 1.6666666666666667) internal successors, (5), 4 states have internal predecessors, (5), 0 states have call successors, (0), 0 states have call predecessors, (0), 0 states have return successors, (0), 0 states have call predecessors, (0), 0 states have call successors, (0)
[2026-06-06 09:52:49,739 INFO  L188       IsEmptyHeuristic]: Finished isEmptyHeuristic. Found accepting run of length 11
[2026-06-06 09:52:49,739 INFO  L163        IsEmptyParallel]: Finished isEmptyParallel. Found accepting run of length 11
[2026-06-06 09:52:49,739 WARN  L753                IsEmpty]: Correctness of emptinessCheck not tested.
[2026-06-06 09:52:49,739 INFO  L79                 Accepts]: Start accepts. Automaton has  has 5 states, 3 states have (on average 1.6666666666666667) internal successors, (5), 4 states have internal predecessors, (5), 0 states have call successors, (0), 0 states have call predecessors, (0), 0 states have return successors, (0), 0 states have call predecessors, (0), 0 states have call successors, (0) Word has length 10
[2026-06-06 09:52:49,739 INFO  L85                 Accepts]: Finished accepts. word is accepted.
[2026-06-06 09:52:49,739 INFO  L757                IsEmpty]: Finished testing correctness of emptinessCheck
[2026-06-06 09:52:49,739 INFO  L1028  ParallelNwaCegarLoop]: Found new Counterexample via IsEmptyParallel PAPER!
[2026-06-06 09:52:49,739 INFO  L86        PathProgramCache]: Analyzing trace with hash -124817652, now seen corresponding path program 8 times
[2026-06-06 09:52:49,739 INFO  L614   ParallelNwaCegarLoop]: Main: Starting Thread
[2026-06-06 09:52:49,739 INFO  L290                IsEmpty]: Start isEmptyParallel. Operand  has 5 states, 3 states have (on average 1.6666666666666667) internal successors, (5), 4 states have internal predecessors, (5), 0 states have call successors, (0), 0 states have call predecessors, (0), 0 states have return successors, (0), 0 states have call predecessors, (0), 0 states have call successors, (0)
[2026-06-06 09:52:49,739 INFO  L209   CegarNwaWorkerThread]: Starting Thread: 128# for Trace Check: -124817652
[2026-06-06 09:52:49,739 INFO  L300                IsEmpty]: Finished isEmptyParallel. No accepting run.
[2026-06-06 09:52:49,739 INFO  L156        IsEmptyParallel]: Start isEmptyParallel. Operand  has 5 states, 3 states have (on average 1.6666666666666667) internal successors, (5), 4 states have internal predecessors, (5), 0 states have call successors, (0), 0 states have call predecessors, (0), 0 states have return successors, (0), 0 states have call predecessors, (0), 0 states have call successors, (0)
[2026-06-06 09:52:49,739 INFO  L182       IsEmptyHeuristic]: Start isEmptyHeuristic. Operand  has 5 states, 3 states have (on average 1.6666666666666667) internal successors, (5), 4 states have internal predecessors, (5), 0 states have call successors, (0), 0 states have call predecessors, (0), 0 states have return successors, (0), 0 states have call predecessors, (0), 0 states have call successors, (0)
[2026-06-06 09:52:49,739 INFO  L156       PredicateUnifier]: Initialized classic predicate unifier
[2026-06-06 09:52:49,739 INFO  L86        PathProgramCache]: Analyzing trace with hash -124817652, now seen corresponding path program 8 times
[2026-06-06 09:52:49,739 INFO  L188       IsEmptyHeuristic]: Finished isEmptyHeuristic. No accepting run.
[2026-06-06 09:52:49,739 INFO  L118   FreeRefinementEngine]: Executing refinement strategy CAMEL
[2026-06-06 09:52:49,739 INFO  L324   FreeRefinementEngine]: Using trace check IpTcStrategyModuleSmtInterpolCraig [237220941]
[2026-06-06 09:52:49,739 INFO  L182       IsEmptyHeuristic]: Start isEmptyHeuristic. Operand  has 5 states, 3 states have (on average 1.6666666666666667) internal successors, (5), 4 states have internal predecessors, (5), 0 states have call successors, (0), 0 states have call predecessors, (0), 0 states have return successors, (0), 0 states have call predecessors, (0), 0 states have call successors, (0)
[2026-06-06 09:52:49,739 INFO  L95    rtionOrderModulation]: Changing assertion order to OUTSIDE_LOOP_FIRST1
[2026-06-06 09:52:49,739 INFO  L127          SolverBuilder]: Constructing new instance of SMTInterpol with explicit timeout -1 ms and remaining time -1 ms
[2026-06-06 09:52:49,739 INFO  L188       IsEmptyHeuristic]: Finished isEmptyHeuristic. No accepting run.
[2026-06-06 09:52:49,739 INFO  L182       IsEmptyHeuristic]: Start isEmptyHeuristic. Operand  has 5 states, 3 states have (on average 1.6666666666666667) internal successors, (5), 4 states have internal predecessors, (5), 0 states have call successors, (0), 0 states have call predecessors, (0), 0 states have return successors, (0), 0 states have call predecessors, (0), 0 states have call successors, (0)
[2026-06-06 09:52:49,739 INFO  L188       IsEmptyHeuristic]: Finished isEmptyHeuristic. No accepting run.
[2026-06-06 09:52:49,740 INFO  L182       IsEmptyHeuristic]: Start isEmptyHeuristic. Operand  has 5 states, 3 states have (on average 1.6666666666666667) internal successors, (5), 4 states have internal predecessors, (5), 0 states have call successors, (0), 0 states have call predecessors, (0), 0 states have return successors, (0), 0 states have call predecessors, (0), 0 states have call successors, (0)
[2026-06-06 09:52:49,740 INFO  L188       IsEmptyHeuristic]: Finished isEmptyHeuristic. No accepting run.
[2026-06-06 09:52:49,740 INFO  L182       IsEmptyHeuristic]: Start isEmptyHeuristic. Operand  has 5 states, 3 states have (on average 1.6666666666666667) internal successors, (5), 4 states have internal predecessors, (5), 0 states have call successors, (0), 0 states have call predecessors, (0), 0 states have return successors, (0), 0 states have call predecessors, (0), 0 states have call successors, (0)
[2026-06-06 09:52:49,740 INFO  L188       IsEmptyHeuristic]: Finished isEmptyHeuristic. No accepting run.
[2026-06-06 09:52:49,740 INFO  L182       IsEmptyHeuristic]: Start isEmptyHeuristic. Operand  has 5 states, 3 states have (on average 1.6666666666666667) internal successors, (5), 4 states have internal predecessors, (5), 0 states have call successors, (0), 0 states have call predecessors, (0), 0 states have return successors, (0), 0 states have call predecessors, (0), 0 states have call successors, (0)
[2026-06-06 09:52:49,740 INFO  L188       IsEmptyHeuristic]: Finished isEmptyHeuristic. No accepting run.
[2026-06-06 09:52:49,740 INFO  L182       IsEmptyHeuristic]: Start isEmptyHeuristic. Operand  has 5 states, 3 states have (on average 1.6666666666666667) internal successors, (5), 4 states have internal predecessors, (5), 0 states have call successors, (0), 0 states have call predecessors, (0), 0 states have return successors, (0), 0 states have call predecessors, (0), 0 states have call successors, (0)
[2026-06-06 09:52:49,740 INFO  L188       IsEmptyHeuristic]: Finished isEmptyHeuristic. No accepting run.
[2026-06-06 09:52:49,740 INFO  L182       IsEmptyHeuristic]: Start isEmptyHeuristic. Operand  has 5 states, 3 states have (on average 1.6666666666666667) internal successors, (5), 4 states have internal predecessors, (5), 0 states have call successors, (0), 0 states have call predecessors, (0), 0 states have return successors, (0), 0 states have call predecessors, (0), 0 states have call successors, (0)
[2026-06-06 09:52:49,740 INFO  L188       IsEmptyHeuristic]: Finished isEmptyHeuristic. No accepting run.
[2026-06-06 09:52:49,740 INFO  L182       IsEmptyHeuristic]: Start isEmptyHeuristic. Operand  has 5 states, 3 states have (on average 1.6666666666666667) internal successors, (5), 4 states have internal predecessors, (5), 0 states have call successors, (0), 0 states have call predecessors, (0), 0 states have return successors, (0), 0 states have call predecessors, (0), 0 states have call successors, (0)
[2026-06-06 09:52:49,740 INFO  L188       IsEmptyHeuristic]: Finished isEmptyHeuristic. Found accepting run of length 14
[2026-06-06 09:52:49,740 INFO  L163        IsEmptyParallel]: Finished isEmptyParallel. Found accepting run of length 14
[2026-06-06 09:52:49,740 WARN  L753                IsEmpty]: Correctness of emptinessCheck not tested.
[2026-06-06 09:52:49,740 INFO  L79                 Accepts]: Start accepts. Automaton has  has 5 states, 3 states have (on average 1.6666666666666667) internal successors, (5), 4 states have internal predecessors, (5), 0 states have call successors, (0), 0 states have call predecessors, (0), 0 states have return successors, (0), 0 states have call predecessors, (0), 0 states have call successors, (0) Word has length 13
[2026-06-06 09:52:49,740 INFO  L85                 Accepts]: Finished accepts. word is accepted.
[2026-06-06 09:52:49,740 INFO  L757                IsEmpty]: Finished testing correctness of emptinessCheck
[2026-06-06 09:52:49,740 INFO  L1028  ParallelNwaCegarLoop]: Found new Counterexample via IsEmptyParallel PAPER!
[2026-06-06 09:52:49,740 INFO  L86        PathProgramCache]: Analyzing trace with hash 1000801955, now seen corresponding path program 9 times
[2026-06-06 09:52:49,740 INFO  L614   ParallelNwaCegarLoop]: Main: Starting Thread
[2026-06-06 09:52:49,740 INFO  L290                IsEmpty]: Start isEmptyParallel. Operand  has 5 states, 3 states have (on average 1.6666666666666667) internal successors, (5), 4 states have internal predecessors, (5), 0 states have call successors, (0), 0 states have call predecessors, (0), 0 states have return successors, (0), 0 states have call predecessors, (0), 0 states have call successors, (0)
[2026-06-06 09:52:49,740 INFO  L300                IsEmpty]: Finished isEmptyParallel. No accepting run.
[2026-06-06 09:52:49,740 INFO  L209   CegarNwaWorkerThread]: Starting Thread: 137# for Trace Check: 1000801955
[2026-06-06 09:52:49,741 INFO  L156        IsEmptyParallel]: Start isEmptyParallel. Operand  has 5 states, 3 states have (on average 1.6666666666666667) internal successors, (5), 4 states have internal predecessors, (5), 0 states have call successors, (0), 0 states have call predecessors, (0), 0 states have return successors, (0), 0 states have call predecessors, (0), 0 states have call successors, (0)
[2026-06-06 09:52:49,741 INFO  L182       IsEmptyHeuristic]: Start isEmptyHeuristic. Operand  has 5 states, 3 states have (on average 1.6666666666666667) internal successors, (5), 4 states have internal predecessors, (5), 0 states have call successors, (0), 0 states have call predecessors, (0), 0 states have return successors, (0), 0 states have call predecessors, (0), 0 states have call successors, (0)
[2026-06-06 09:52:49,741 INFO  L188       IsEmptyHeuristic]: Finished isEmptyHeuristic. No accepting run.
[2026-06-06 09:52:49,741 INFO  L156       PredicateUnifier]: Initialized classic predicate unifier
[2026-06-06 09:52:49,741 INFO  L86        PathProgramCache]: Analyzing trace with hash 1000801955, now seen corresponding path program 9 times
[2026-06-06 09:52:49,741 INFO  L182       IsEmptyHeuristic]: Start isEmptyHeuristic. Operand  has 5 states, 3 states have (on average 1.6666666666666667) internal successors, (5), 4 states have internal predecessors, (5), 0 states have call successors, (0), 0 states have call predecessors, (0), 0 states have return successors, (0), 0 states have call predecessors, (0), 0 states have call successors, (0)
[2026-06-06 09:52:49,741 INFO  L118   FreeRefinementEngine]: Executing refinement strategy CAMEL
[2026-06-06 09:52:49,741 INFO  L188       IsEmptyHeuristic]: Finished isEmptyHeuristic. No accepting run.
[2026-06-06 09:52:49,741 INFO  L324   FreeRefinementEngine]: Using trace check IpTcStrategyModuleSmtInterpolCraig [2013936012]
[2026-06-06 09:52:49,741 INFO  L95    rtionOrderModulation]: Changing assertion order to OUTSIDE_LOOP_FIRST2
[2026-06-06 09:52:49,741 INFO  L182       IsEmptyHeuristic]: Start isEmptyHeuristic. Operand  has 5 states, 3 states have (on average 1.6666666666666667) internal successors, (5), 4 states have internal predecessors, (5), 0 states have call successors, (0), 0 states have call predecessors, (0), 0 states have return successors, (0), 0 states have call predecessors, (0), 0 states have call successors, (0)
[2026-06-06 09:52:49,741 INFO  L127          SolverBuilder]: Constructing new instance of SMTInterpol with explicit timeout -1 ms and remaining time -1 ms
[2026-06-06 09:52:49,741 INFO  L188       IsEmptyHeuristic]: Finished isEmptyHeuristic. No accepting run.
[2026-06-06 09:52:49,741 INFO  L182       IsEmptyHeuristic]: Start isEmptyHeuristic. Operand  has 5 states, 3 states have (on average 1.6666666666666667) internal successors, (5), 4 states have internal predecessors, (5), 0 states have call successors, (0), 0 states have call predecessors, (0), 0 states have return successors, (0), 0 states have call predecessors, (0), 0 states have call successors, (0)
[2026-06-06 09:52:49,741 INFO  L188       IsEmptyHeuristic]: Finished isEmptyHeuristic. No accepting run.
[2026-06-06 09:52:49,741 INFO  L182       IsEmptyHeuristic]: Start isEmptyHeuristic. Operand  has 5 states, 3 states have (on average 1.6666666666666667) internal successors, (5), 4 states have internal predecessors, (5), 0 states have call successors, (0), 0 states have call predecessors, (0), 0 states have return successors, (0), 0 states have call predecessors, (0), 0 states have call successors, (0)
[2026-06-06 09:52:49,741 INFO  L188       IsEmptyHeuristic]: Finished isEmptyHeuristic. No accepting run.
[2026-06-06 09:52:49,741 INFO  L182       IsEmptyHeuristic]: Start isEmptyHeuristic. Operand  has 5 states, 3 states have (on average 1.6666666666666667) internal successors, (5), 4 states have internal predecessors, (5), 0 states have call successors, (0), 0 states have call predecessors, (0), 0 states have return successors, (0), 0 states have call predecessors, (0), 0 states have call successors, (0)
[2026-06-06 09:52:49,742 INFO  L188       IsEmptyHeuristic]: Finished isEmptyHeuristic. No accepting run.
[2026-06-06 09:52:49,742 INFO  L182       IsEmptyHeuristic]: Start isEmptyHeuristic. Operand  has 5 states, 3 states have (on average 1.6666666666666667) internal successors, (5), 4 states have internal predecessors, (5), 0 states have call successors, (0), 0 states have call predecessors, (0), 0 states have return successors, (0), 0 states have call predecessors, (0), 0 states have call successors, (0)
[2026-06-06 09:52:49,742 INFO  L188       IsEmptyHeuristic]: Finished isEmptyHeuristic. No accepting run.
[2026-06-06 09:52:49,742 INFO  L182       IsEmptyHeuristic]: Start isEmptyHeuristic. Operand  has 5 states, 3 states have (on average 1.6666666666666667) internal successors, (5), 4 states have internal predecessors, (5), 0 states have call successors, (0), 0 states have call predecessors, (0), 0 states have return successors, (0), 0 states have call predecessors, (0), 0 states have call successors, (0)
[2026-06-06 09:52:49,742 INFO  L188       IsEmptyHeuristic]: Finished isEmptyHeuristic. No accepting run.
[2026-06-06 09:52:49,742 INFO  L182       IsEmptyHeuristic]: Start isEmptyHeuristic. Operand  has 5 states, 3 states have (on average 1.6666666666666667) internal successors, (5), 4 states have internal predecessors, (5), 0 states have call successors, (0), 0 states have call predecessors, (0), 0 states have return successors, (0), 0 states have call predecessors, (0), 0 states have call successors, (0)
[2026-06-06 09:52:49,742 INFO  L188       IsEmptyHeuristic]: Finished isEmptyHeuristic. No accepting run.
[2026-06-06 09:52:49,742 INFO  L182       IsEmptyHeuristic]: Start isEmptyHeuristic. Operand  has 5 states, 3 states have (on average 1.6666666666666667) internal successors, (5), 4 states have internal predecessors, (5), 0 states have call successors, (0), 0 states have call predecessors, (0), 0 states have return successors, (0), 0 states have call predecessors, (0), 0 states have call successors, (0)
[2026-06-06 09:52:49,742 INFO  L188       IsEmptyHeuristic]: Finished isEmptyHeuristic. Found accepting run of length 13
[2026-06-06 09:52:49,742 INFO  L163        IsEmptyParallel]: Finished isEmptyParallel. Found accepting run of length 13
[2026-06-06 09:52:49,742 WARN  L753                IsEmpty]: Correctness of emptinessCheck not tested.
[2026-06-06 09:52:49,742 INFO  L79                 Accepts]: Start accepts. Automaton has  has 5 states, 3 states have (on average 1.6666666666666667) internal successors, (5), 4 states have internal predecessors, (5), 0 states have call successors, (0), 0 states have call predecessors, (0), 0 states have return successors, (0), 0 states have call predecessors, (0), 0 states have call successors, (0) Word has length 12
[2026-06-06 09:52:49,742 INFO  L85                 Accepts]: Finished accepts. word is accepted.
[2026-06-06 09:52:49,742 INFO  L757                IsEmpty]: Finished testing correctness of emptinessCheck
[2026-06-06 09:52:49,742 INFO  L1028  ParallelNwaCegarLoop]: Found new Counterexample via IsEmptyParallel PAPER!
[2026-06-06 09:52:49,742 INFO  L86        PathProgramCache]: Analyzing trace with hash 309378540, now seen corresponding path program 10 times
[2026-06-06 09:52:49,742 INFO  L614   ParallelNwaCegarLoop]: Main: Starting Thread
[2026-06-06 09:52:49,742 INFO  L290                IsEmpty]: Start isEmptyParallel. Operand  has 5 states, 3 states have (on average 1.6666666666666667) internal successors, (5), 4 states have internal predecessors, (5), 0 states have call successors, (0), 0 states have call predecessors, (0), 0 states have return successors, (0), 0 states have call predecessors, (0), 0 states have call successors, (0)
[2026-06-06 09:52:49,743 INFO  L300                IsEmpty]: Finished isEmptyParallel. No accepting run.
[2026-06-06 09:52:49,743 INFO  L156        IsEmptyParallel]: Start isEmptyParallel. Operand  has 5 states, 3 states have (on average 1.6666666666666667) internal successors, (5), 4 states have internal predecessors, (5), 0 states have call successors, (0), 0 states have call predecessors, (0), 0 states have return successors, (0), 0 states have call predecessors, (0), 0 states have call successors, (0)
[2026-06-06 09:52:49,743 INFO  L209   CegarNwaWorkerThread]: Starting Thread: 143# for Trace Check: 309378540
[2026-06-06 09:52:49,743 INFO  L182       IsEmptyHeuristic]: Start isEmptyHeuristic. Operand  has 5 states, 3 states have (on average 1.6666666666666667) internal successors, (5), 4 states have internal predecessors, (5), 0 states have call successors, (0), 0 states have call predecessors, (0), 0 states have return successors, (0), 0 states have call predecessors, (0), 0 states have call successors, (0)
[2026-06-06 09:52:49,743 INFO  L188       IsEmptyHeuristic]: Finished isEmptyHeuristic. No accepting run.
[2026-06-06 09:52:49,743 INFO  L156       PredicateUnifier]: Initialized classic predicate unifier
[2026-06-06 09:52:49,743 INFO  L182       IsEmptyHeuristic]: Start isEmptyHeuristic. Operand  has 5 states, 3 states have (on average 1.6666666666666667) internal successors, (5), 4 states have internal predecessors, (5), 0 states have call successors, (0), 0 states have call predecessors, (0), 0 states have return successors, (0), 0 states have call predecessors, (0), 0 states have call successors, (0)
[2026-06-06 09:52:49,743 INFO  L86        PathProgramCache]: Analyzing trace with hash 309378540, now seen corresponding path program 10 times
[2026-06-06 09:52:49,743 INFO  L188       IsEmptyHeuristic]: Finished isEmptyHeuristic. No accepting run.
[2026-06-06 09:52:49,743 INFO  L118   FreeRefinementEngine]: Executing refinement strategy CAMEL
[2026-06-06 09:52:49,743 INFO  L324   FreeRefinementEngine]: Using trace check IpTcStrategyModuleSmtInterpolCraig [499014396]
[2026-06-06 09:52:49,743 INFO  L95    rtionOrderModulation]: Changing assertion order to TERMS_WITH_SMALL_CONSTANTS_FIRST
[2026-06-06 09:52:49,743 INFO  L182       IsEmptyHeuristic]: Start isEmptyHeuristic. Operand  has 5 states, 3 states have (on average 1.6666666666666667) internal successors, (5), 4 states have internal predecessors, (5), 0 states have call successors, (0), 0 states have call predecessors, (0), 0 states have return successors, (0), 0 states have call predecessors, (0), 0 states have call successors, (0)
[2026-06-06 09:52:49,743 INFO  L127          SolverBuilder]: Constructing new instance of SMTInterpol with explicit timeout -1 ms and remaining time -1 ms
[2026-06-06 09:52:49,743 INFO  L188       IsEmptyHeuristic]: Finished isEmptyHeuristic. No accepting run.
[2026-06-06 09:52:49,743 INFO  L182       IsEmptyHeuristic]: Start isEmptyHeuristic. Operand  has 5 states, 3 states have (on average 1.6666666666666667) internal successors, (5), 4 states have internal predecessors, (5), 0 states have call successors, (0), 0 states have call predecessors, (0), 0 states have return successors, (0), 0 states have call predecessors, (0), 0 states have call successors, (0)
[2026-06-06 09:52:49,743 INFO  L188       IsEmptyHeuristic]: Finished isEmptyHeuristic. No accepting run.
[2026-06-06 09:52:49,743 INFO  L182       IsEmptyHeuristic]: Start isEmptyHeuristic. Operand  has 5 states, 3 states have (on average 1.6666666666666667) internal successors, (5), 4 states have internal predecessors, (5), 0 states have call successors, (0), 0 states have call predecessors, (0), 0 states have return successors, (0), 0 states have call predecessors, (0), 0 states have call successors, (0)
[2026-06-06 09:52:49,743 INFO  L188       IsEmptyHeuristic]: Finished isEmptyHeuristic. No accepting run.
[2026-06-06 09:52:49,743 INFO  L182       IsEmptyHeuristic]: Start isEmptyHeuristic. Operand  has 5 states, 3 states have (on average 1.6666666666666667) internal successors, (5), 4 states have internal predecessors, (5), 0 states have call successors, (0), 0 states have call predecessors, (0), 0 states have return successors, (0), 0 states have call predecessors, (0), 0 states have call successors, (0)
[2026-06-06 09:52:49,743 INFO  L188       IsEmptyHeuristic]: Finished isEmptyHeuristic. No accepting run.
[2026-06-06 09:52:49,744 INFO  L182       IsEmptyHeuristic]: Start isEmptyHeuristic. Operand  has 5 states, 3 states have (on average 1.6666666666666667) internal successors, (5), 4 states have internal predecessors, (5), 0 states have call successors, (0), 0 states have call predecessors, (0), 0 states have return successors, (0), 0 states have call predecessors, (0), 0 states have call successors, (0)
[2026-06-06 09:52:49,744 INFO  L188       IsEmptyHeuristic]: Finished isEmptyHeuristic. No accepting run.
[2026-06-06 09:52:49,744 INFO  L182       IsEmptyHeuristic]: Start isEmptyHeuristic. Operand  has 5 states, 3 states have (on average 1.6666666666666667) internal successors, (5), 4 states have internal predecessors, (5), 0 states have call successors, (0), 0 states have call predecessors, (0), 0 states have return successors, (0), 0 states have call predecessors, (0), 0 states have call successors, (0)
[2026-06-06 09:52:49,744 INFO  L188       IsEmptyHeuristic]: Finished isEmptyHeuristic. No accepting run.
[2026-06-06 09:52:49,744 INFO  L182       IsEmptyHeuristic]: Start isEmptyHeuristic. Operand  has 5 states, 3 states have (on average 1.6666666666666667) internal successors, (5), 4 states have internal predecessors, (5), 0 states have call successors, (0), 0 states have call predecessors, (0), 0 states have return successors, (0), 0 states have call predecessors, (0), 0 states have call successors, (0)
[2026-06-06 09:52:49,744 INFO  L188       IsEmptyHeuristic]: Finished isEmptyHeuristic. No accepting run.
[2026-06-06 09:52:49,744 INFO  L182       IsEmptyHeuristic]: Start isEmptyHeuristic. Operand  has 5 states, 3 states have (on average 1.6666666666666667) internal successors, (5), 4 states have internal predecessors, (5), 0 states have call successors, (0), 0 states have call predecessors, (0), 0 states have return successors, (0), 0 states have call predecessors, (0), 0 states have call successors, (0)
[2026-06-06 09:52:49,744 INFO  L188       IsEmptyHeuristic]: Finished isEmptyHeuristic. No accepting run.
[2026-06-06 09:52:49,744 INFO  L182       IsEmptyHeuristic]: Start isEmptyHeuristic. Operand  has 5 states, 3 states have (on average 1.6666666666666667) internal successors, (5), 4 states have internal predecessors, (5), 0 states have call successors, (0), 0 states have call predecessors, (0), 0 states have return successors, (0), 0 states have call predecessors, (0), 0 states have call successors, (0)
[2026-06-06 09:52:49,744 INFO  L188       IsEmptyHeuristic]: Finished isEmptyHeuristic. Found accepting run of length 16
[2026-06-06 09:52:49,744 INFO  L163        IsEmptyParallel]: Finished isEmptyParallel. Found accepting run of length 16
[2026-06-06 09:52:49,744 WARN  L753                IsEmpty]: Correctness of emptinessCheck not tested.
[2026-06-06 09:52:49,744 INFO  L79                 Accepts]: Start accepts. Automaton has  has 5 states, 3 states have (on average 1.6666666666666667) internal successors, (5), 4 states have internal predecessors, (5), 0 states have call successors, (0), 0 states have call predecessors, (0), 0 states have return successors, (0), 0 states have call predecessors, (0), 0 states have call successors, (0) Word has length 15
[2026-06-06 09:52:49,744 INFO  L85                 Accepts]: Finished accepts. word is accepted.
[2026-06-06 09:52:49,744 INFO  L757                IsEmpty]: Finished testing correctness of emptinessCheck
[2026-06-06 09:52:49,744 INFO  L1028  ParallelNwaCegarLoop]: Found new Counterexample via IsEmptyParallel PAPER!
[2026-06-06 09:52:49,744 INFO  L86        PathProgramCache]: Analyzing trace with hash -301937725, now seen corresponding path program 11 times
[2026-06-06 09:52:49,744 INFO  L614   ParallelNwaCegarLoop]: Main: Starting Thread
[2026-06-06 09:52:49,744 INFO  L290                IsEmpty]: Start isEmptyParallel. Operand  has 5 states, 3 states have (on average 1.6666666666666667) internal successors, (5), 4 states have internal predecessors, (5), 0 states have call successors, (0), 0 states have call predecessors, (0), 0 states have return successors, (0), 0 states have call predecessors, (0), 0 states have call successors, (0)
[2026-06-06 09:52:49,744 INFO  L209   CegarNwaWorkerThread]: Starting Thread: 149# for Trace Check: -301937725
[2026-06-06 09:52:49,744 INFO  L300                IsEmpty]: Finished isEmptyParallel. No accepting run.
[2026-06-06 09:52:49,745 INFO  L156        IsEmptyParallel]: Start isEmptyParallel. Operand  has 5 states, 3 states have (on average 1.6666666666666667) internal successors, (5), 4 states have internal predecessors, (5), 0 states have call successors, (0), 0 states have call predecessors, (0), 0 states have return successors, (0), 0 states have call predecessors, (0), 0 states have call successors, (0)
[2026-06-06 09:52:49,745 INFO  L156       PredicateUnifier]: Initialized classic predicate unifier
[2026-06-06 09:52:49,745 INFO  L182       IsEmptyHeuristic]: Start isEmptyHeuristic. Operand  has 5 states, 3 states have (on average 1.6666666666666667) internal successors, (5), 4 states have internal predecessors, (5), 0 states have call successors, (0), 0 states have call predecessors, (0), 0 states have return successors, (0), 0 states have call predecessors, (0), 0 states have call successors, (0)
[2026-06-06 09:52:49,745 INFO  L86        PathProgramCache]: Analyzing trace with hash -301937725, now seen corresponding path program 11 times
[2026-06-06 09:52:49,745 INFO  L188       IsEmptyHeuristic]: Finished isEmptyHeuristic. No accepting run.
[2026-06-06 09:52:49,745 INFO  L118   FreeRefinementEngine]: Executing refinement strategy CAMEL
[2026-06-06 09:52:49,745 INFO  L324   FreeRefinementEngine]: Using trace check IpTcStrategyModuleSmtInterpolCraig [1990280792]
[2026-06-06 09:52:49,745 INFO  L182       IsEmptyHeuristic]: Start isEmptyHeuristic. Operand  has 5 states, 3 states have (on average 1.6666666666666667) internal successors, (5), 4 states have internal predecessors, (5), 0 states have call successors, (0), 0 states have call predecessors, (0), 0 states have return successors, (0), 0 states have call predecessors, (0), 0 states have call successors, (0)
[2026-06-06 09:52:49,745 INFO  L95    rtionOrderModulation]: Changing assertion order to INSIDE_LOOP_FIRST1
[2026-06-06 09:52:49,745 INFO  L188       IsEmptyHeuristic]: Finished isEmptyHeuristic. No accepting run.
[2026-06-06 09:52:49,745 INFO  L127          SolverBuilder]: Constructing new instance of SMTInterpol with explicit timeout -1 ms and remaining time -1 ms
[2026-06-06 09:52:49,745 INFO  L182       IsEmptyHeuristic]: Start isEmptyHeuristic. Operand  has 5 states, 3 states have (on average 1.6666666666666667) internal successors, (5), 4 states have internal predecessors, (5), 0 states have call successors, (0), 0 states have call predecessors, (0), 0 states have return successors, (0), 0 states have call predecessors, (0), 0 states have call successors, (0)
[2026-06-06 09:52:49,745 INFO  L188       IsEmptyHeuristic]: Finished isEmptyHeuristic. No accepting run.
[2026-06-06 09:52:49,745 INFO  L182       IsEmptyHeuristic]: Start isEmptyHeuristic. Operand  has 5 states, 3 states have (on average 1.6666666666666667) internal successors, (5), 4 states have internal predecessors, (5), 0 states have call successors, (0), 0 states have call predecessors, (0), 0 states have return successors, (0), 0 states have call predecessors, (0), 0 states have call successors, (0)
[2026-06-06 09:52:49,745 INFO  L188       IsEmptyHeuristic]: Finished isEmptyHeuristic. No accepting run.
[2026-06-06 09:52:49,745 INFO  L182       IsEmptyHeuristic]: Start isEmptyHeuristic. Operand  has 5 states, 3 states have (on average 1.6666666666666667) internal successors, (5), 4 states have internal predecessors, (5), 0 states have call successors, (0), 0 states have call predecessors, (0), 0 states have return successors, (0), 0 states have call predecessors, (0), 0 states have call successors, (0)
[2026-06-06 09:52:49,745 INFO  L188       IsEmptyHeuristic]: Finished isEmptyHeuristic. No accepting run.
[2026-06-06 09:52:49,745 INFO  L182       IsEmptyHeuristic]: Start isEmptyHeuristic. Operand  has 5 states, 3 states have (on average 1.6666666666666667) internal successors, (5), 4 states have internal predecessors, (5), 0 states have call successors, (0), 0 states have call predecessors, (0), 0 states have return successors, (0), 0 states have call predecessors, (0), 0 states have call successors, (0)
[2026-06-06 09:52:49,745 INFO  L188       IsEmptyHeuristic]: Finished isEmptyHeuristic. No accepting run.
[2026-06-06 09:52:49,745 INFO  L182       IsEmptyHeuristic]: Start isEmptyHeuristic. Operand  has 5 states, 3 states have (on average 1.6666666666666667) internal successors, (5), 4 states have internal predecessors, (5), 0 states have call successors, (0), 0 states have call predecessors, (0), 0 states have return successors, (0), 0 states have call predecessors, (0), 0 states have call successors, (0)
[2026-06-06 09:52:49,745 INFO  L188       IsEmptyHeuristic]: Finished isEmptyHeuristic. No accepting run.
[2026-06-06 09:52:49,745 INFO  L182       IsEmptyHeuristic]: Start isEmptyHeuristic. Operand  has 5 states, 3 states have (on average 1.6666666666666667) internal successors, (5), 4 states have internal predecessors, (5), 0 states have call successors, (0), 0 states have call predecessors, (0), 0 states have return successors, (0), 0 states have call predecessors, (0), 0 states have call successors, (0)
[2026-06-06 09:52:49,746 INFO  L188       IsEmptyHeuristic]: Finished isEmptyHeuristic. No accepting run.
[2026-06-06 09:52:49,746 INFO  L182       IsEmptyHeuristic]: Start isEmptyHeuristic. Operand  has 5 states, 3 states have (on average 1.6666666666666667) internal successors, (5), 4 states have internal predecessors, (5), 0 states have call successors, (0), 0 states have call predecessors, (0), 0 states have return successors, (0), 0 states have call predecessors, (0), 0 states have call successors, (0)
[2026-06-06 09:52:49,746 INFO  L188       IsEmptyHeuristic]: Finished isEmptyHeuristic. No accepting run.
[2026-06-06 09:52:49,746 INFO  L182       IsEmptyHeuristic]: Start isEmptyHeuristic. Operand  has 5 states, 3 states have (on average 1.6666666666666667) internal successors, (5), 4 states have internal predecessors, (5), 0 states have call successors, (0), 0 states have call predecessors, (0), 0 states have return successors, (0), 0 states have call predecessors, (0), 0 states have call successors, (0)
[2026-06-06 09:52:49,746 INFO  L188       IsEmptyHeuristic]: Finished isEmptyHeuristic. No accepting run.
[2026-06-06 09:52:49,746 INFO  L182       IsEmptyHeuristic]: Start isEmptyHeuristic. Operand  has 5 states, 3 states have (on average 1.6666666666666667) internal successors, (5), 4 states have internal predecessors, (5), 0 states have call successors, (0), 0 states have call predecessors, (0), 0 states have return successors, (0), 0 states have call predecessors, (0), 0 states have call successors, (0)
[2026-06-06 09:52:49,746 INFO  L188       IsEmptyHeuristic]: Finished isEmptyHeuristic. No accepting run.
[2026-06-06 09:52:49,746 INFO  L182       IsEmptyHeuristic]: Start isEmptyHeuristic. Operand  has 5 states, 3 states have (on average 1.6666666666666667) internal successors, (5), 4 states have internal predecessors, (5), 0 states have call successors, (0), 0 states have call predecessors, (0), 0 states have return successors, (0), 0 states have call predecessors, (0), 0 states have call successors, (0)
[2026-06-06 09:52:49,746 INFO  L188       IsEmptyHeuristic]: Finished isEmptyHeuristic. Found accepting run of length 15
[2026-06-06 09:52:49,746 INFO  L163        IsEmptyParallel]: Finished isEmptyParallel. Found accepting run of length 15
[2026-06-06 09:52:49,746 WARN  L753                IsEmpty]: Correctness of emptinessCheck not tested.
[2026-06-06 09:52:49,746 INFO  L79                 Accepts]: Start accepts. Automaton has  has 5 states, 3 states have (on average 1.6666666666666667) internal successors, (5), 4 states have internal predecessors, (5), 0 states have call successors, (0), 0 states have call predecessors, (0), 0 states have return successors, (0), 0 states have call predecessors, (0), 0 states have call successors, (0) Word has length 14
[2026-06-06 09:52:49,746 INFO  L85                 Accepts]: Finished accepts. word is accepted.
[2026-06-06 09:52:49,746 INFO  L757                IsEmpty]: Finished testing correctness of emptinessCheck
[2026-06-06 09:52:49,746 INFO  L1028  ParallelNwaCegarLoop]: Found new Counterexample via IsEmptyParallel PAPER!
[2026-06-06 09:52:49,746 INFO  L86        PathProgramCache]: Analyzing trace with hash 960091340, now seen corresponding path program 12 times
[2026-06-06 09:52:49,746 INFO  L614   ParallelNwaCegarLoop]: Main: Starting Thread
[2026-06-06 09:52:49,746 INFO  L290                IsEmpty]: Start isEmptyParallel. Operand  has 5 states, 3 states have (on average 1.6666666666666667) internal successors, (5), 4 states have internal predecessors, (5), 0 states have call successors, (0), 0 states have call predecessors, (0), 0 states have return successors, (0), 0 states have call predecessors, (0), 0 states have call successors, (0)
[2026-06-06 09:52:49,746 INFO  L300                IsEmpty]: Finished isEmptyParallel. No accepting run.
[2026-06-06 09:52:49,746 INFO  L209   CegarNwaWorkerThread]: Starting Thread: 155# for Trace Check: 960091340
[2026-06-06 09:52:49,746 INFO  L156        IsEmptyParallel]: Start isEmptyParallel. Operand  has 5 states, 3 states have (on average 1.6666666666666667) internal successors, (5), 4 states have internal predecessors, (5), 0 states have call successors, (0), 0 states have call predecessors, (0), 0 states have return successors, (0), 0 states have call predecessors, (0), 0 states have call successors, (0)
[2026-06-06 09:52:49,747 INFO  L182       IsEmptyHeuristic]: Start isEmptyHeuristic. Operand  has 5 states, 3 states have (on average 1.6666666666666667) internal successors, (5), 4 states have internal predecessors, (5), 0 states have call successors, (0), 0 states have call predecessors, (0), 0 states have return successors, (0), 0 states have call predecessors, (0), 0 states have call successors, (0)
[2026-06-06 09:52:49,747 INFO  L188       IsEmptyHeuristic]: Finished isEmptyHeuristic. No accepting run.
[2026-06-06 09:52:49,747 INFO  L156       PredicateUnifier]: Initialized classic predicate unifier
[2026-06-06 09:52:49,747 INFO  L182       IsEmptyHeuristic]: Start isEmptyHeuristic. Operand  has 5 states, 3 states have (on average 1.6666666666666667) internal successors, (5), 4 states have internal predecessors, (5), 0 states have call successors, (0), 0 states have call predecessors, (0), 0 states have return successors, (0), 0 states have call predecessors, (0), 0 states have call successors, (0)
[2026-06-06 09:52:49,747 INFO  L86        PathProgramCache]: Analyzing trace with hash 960091340, now seen corresponding path program 12 times
[2026-06-06 09:52:49,747 INFO  L188       IsEmptyHeuristic]: Finished isEmptyHeuristic. No accepting run.
[2026-06-06 09:52:49,747 INFO  L118   FreeRefinementEngine]: Executing refinement strategy CAMEL
[2026-06-06 09:52:49,747 INFO  L324   FreeRefinementEngine]: Using trace check IpTcStrategyModuleSmtInterpolCraig [493147192]
[2026-06-06 09:52:49,747 INFO  L95    rtionOrderModulation]: Changing assertion order to MIX_INSIDE_OUTSIDE
[2026-06-06 09:52:49,747 INFO  L182       IsEmptyHeuristic]: Start isEmptyHeuristic. Operand  has 5 states, 3 states have (on average 1.6666666666666667) internal successors, (5), 4 states have internal predecessors, (5), 0 states have call successors, (0), 0 states have call predecessors, (0), 0 states have return successors, (0), 0 states have call predecessors, (0), 0 states have call successors, (0)
[2026-06-06 09:52:49,747 INFO  L127          SolverBuilder]: Constructing new instance of SMTInterpol with explicit timeout -1 ms and remaining time -1 ms
[2026-06-06 09:52:49,747 INFO  L188       IsEmptyHeuristic]: Finished isEmptyHeuristic. No accepting run.
[2026-06-06 09:52:49,747 INFO  L182       IsEmptyHeuristic]: Start isEmptyHeuristic. Operand  has 5 states, 3 states have (on average 1.6666666666666667) internal successors, (5), 4 states have internal predecessors, (5), 0 states have call successors, (0), 0 states have call predecessors, (0), 0 states have return successors, (0), 0 states have call predecessors, (0), 0 states have call successors, (0)
[2026-06-06 09:52:49,747 INFO  L188       IsEmptyHeuristic]: Finished isEmptyHeuristic. No accepting run.
[2026-06-06 09:52:49,747 INFO  L182       IsEmptyHeuristic]: Start isEmptyHeuristic. Operand  has 5 states, 3 states have (on average 1.6666666666666667) internal successors, (5), 4 states have internal predecessors, (5), 0 states have call successors, (0), 0 states have call predecessors, (0), 0 states have return successors, (0), 0 states have call predecessors, (0), 0 states have call successors, (0)
[2026-06-06 09:52:49,747 INFO  L188       IsEmptyHeuristic]: Finished isEmptyHeuristic. No accepting run.
[2026-06-06 09:52:49,747 INFO  L182       IsEmptyHeuristic]: Start isEmptyHeuristic. Operand  has 5 states, 3 states have (on average 1.6666666666666667) internal successors, (5), 4 states have internal predecessors, (5), 0 states have call successors, (0), 0 states have call predecessors, (0), 0 states have return successors, (0), 0 states have call predecessors, (0), 0 states have call successors, (0)
[2026-06-06 09:52:49,747 INFO  L188       IsEmptyHeuristic]: Finished isEmptyHeuristic. No accepting run.
[2026-06-06 09:52:49,747 INFO  L182       IsEmptyHeuristic]: Start isEmptyHeuristic. Operand  has 5 states, 3 states have (on average 1.6666666666666667) internal successors, (5), 4 states have internal predecessors, (5), 0 states have call successors, (0), 0 states have call predecessors, (0), 0 states have return successors, (0), 0 states have call predecessors, (0), 0 states have call successors, (0)
[2026-06-06 09:52:49,747 INFO  L188       IsEmptyHeuristic]: Finished isEmptyHeuristic. No accepting run.
[2026-06-06 09:52:49,747 INFO  L182       IsEmptyHeuristic]: Start isEmptyHeuristic. Operand  has 5 states, 3 states have (on average 1.6666666666666667) internal successors, (5), 4 states have internal predecessors, (5), 0 states have call successors, (0), 0 states have call predecessors, (0), 0 states have return successors, (0), 0 states have call predecessors, (0), 0 states have call successors, (0)
[2026-06-06 09:52:49,747 INFO  L188       IsEmptyHeuristic]: Finished isEmptyHeuristic. No accepting run.
[2026-06-06 09:52:49,748 INFO  L182       IsEmptyHeuristic]: Start isEmptyHeuristic. Operand  has 5 states, 3 states have (on average 1.6666666666666667) internal successors, (5), 4 states have internal predecessors, (5), 0 states have call successors, (0), 0 states have call predecessors, (0), 0 states have return successors, (0), 0 states have call predecessors, (0), 0 states have call successors, (0)
[2026-06-06 09:52:49,748 INFO  L188       IsEmptyHeuristic]: Finished isEmptyHeuristic. No accepting run.
[2026-06-06 09:52:49,748 INFO  L182       IsEmptyHeuristic]: Start isEmptyHeuristic. Operand  has 5 states, 3 states have (on average 1.6666666666666667) internal successors, (5), 4 states have internal predecessors, (5), 0 states have call successors, (0), 0 states have call predecessors, (0), 0 states have return successors, (0), 0 states have call predecessors, (0), 0 states have call successors, (0)
[2026-06-06 09:52:49,748 INFO  L188       IsEmptyHeuristic]: Finished isEmptyHeuristic. No accepting run.
[2026-06-06 09:52:49,748 INFO  L182       IsEmptyHeuristic]: Start isEmptyHeuristic. Operand  has 5 states, 3 states have (on average 1.6666666666666667) internal successors, (5), 4 states have internal predecessors, (5), 0 states have call successors, (0), 0 states have call predecessors, (0), 0 states have return successors, (0), 0 states have call predecessors, (0), 0 states have call successors, (0)
[2026-06-06 09:52:49,748 INFO  L188       IsEmptyHeuristic]: Finished isEmptyHeuristic. No accepting run.
[2026-06-06 09:52:49,748 INFO  L182       IsEmptyHeuristic]: Start isEmptyHeuristic. Operand  has 5 states, 3 states have (on average 1.6666666666666667) internal successors, (5), 4 states have internal predecessors, (5), 0 states have call successors, (0), 0 states have call predecessors, (0), 0 states have return successors, (0), 0 states have call predecessors, (0), 0 states have call successors, (0)
[2026-06-06 09:52:49,748 INFO  L188       IsEmptyHeuristic]: Finished isEmptyHeuristic. No accepting run.
[2026-06-06 09:52:49,748 INFO  L182       IsEmptyHeuristic]: Start isEmptyHeuristic. Operand  has 5 states, 3 states have (on average 1.6666666666666667) internal successors, (5), 4 states have internal predecessors, (5), 0 states have call successors, (0), 0 states have call predecessors, (0), 0 states have return successors, (0), 0 states have call predecessors, (0), 0 states have call successors, (0)
[2026-06-06 09:52:49,748 INFO  L188       IsEmptyHeuristic]: Finished isEmptyHeuristic. Found accepting run of length 18
[2026-06-06 09:52:49,748 INFO  L163        IsEmptyParallel]: Finished isEmptyParallel. Found accepting run of length 18
[2026-06-06 09:52:49,748 WARN  L753                IsEmpty]: Correctness of emptinessCheck not tested.
[2026-06-06 09:52:49,748 INFO  L79                 Accepts]: Start accepts. Automaton has  has 5 states, 3 states have (on average 1.6666666666666667) internal successors, (5), 4 states have internal predecessors, (5), 0 states have call successors, (0), 0 states have call predecessors, (0), 0 states have return successors, (0), 0 states have call predecessors, (0), 0 states have call successors, (0) Word has length 17
[2026-06-06 09:52:49,748 INFO  L85                 Accepts]: Finished accepts. word is accepted.
[2026-06-06 09:52:49,748 INFO  L757                IsEmpty]: Finished testing correctness of emptinessCheck
[2026-06-06 09:52:49,748 INFO  L1028  ParallelNwaCegarLoop]: Found new Counterexample via IsEmptyParallel PAPER!
[2026-06-06 09:52:49,748 INFO  L86        PathProgramCache]: Analyzing trace with hash 1895680227, now seen corresponding path program 13 times
[2026-06-06 09:52:49,748 INFO  L614   ParallelNwaCegarLoop]: Main: Starting Thread
[2026-06-06 09:52:49,749 INFO  L290                IsEmpty]: Start isEmptyParallel. Operand  has 5 states, 3 states have (on average 1.6666666666666667) internal successors, (5), 4 states have internal predecessors, (5), 0 states have call successors, (0), 0 states have call predecessors, (0), 0 states have return successors, (0), 0 states have call predecessors, (0), 0 states have call successors, (0)
[2026-06-06 09:52:49,749 INFO  L300                IsEmpty]: Finished isEmptyParallel. No accepting run.
[2026-06-06 09:52:49,749 INFO  L156        IsEmptyParallel]: Start isEmptyParallel. Operand  has 5 states, 3 states have (on average 1.6666666666666667) internal successors, (5), 4 states have internal predecessors, (5), 0 states have call successors, (0), 0 states have call predecessors, (0), 0 states have return successors, (0), 0 states have call predecessors, (0), 0 states have call successors, (0)
[2026-06-06 09:52:49,749 INFO  L209   CegarNwaWorkerThread]: Starting Thread: 161# for Trace Check: 1895680227
[2026-06-06 09:52:49,749 INFO  L182       IsEmptyHeuristic]: Start isEmptyHeuristic. Operand  has 5 states, 3 states have (on average 1.6666666666666667) internal successors, (5), 4 states have internal predecessors, (5), 0 states have call successors, (0), 0 states have call predecessors, (0), 0 states have return successors, (0), 0 states have call predecessors, (0), 0 states have call successors, (0)
[2026-06-06 09:52:49,749 INFO  L188       IsEmptyHeuristic]: Finished isEmptyHeuristic. No accepting run.
[2026-06-06 09:52:49,749 INFO  L182       IsEmptyHeuristic]: Start isEmptyHeuristic. Operand  has 5 states, 3 states have (on average 1.6666666666666667) internal successors, (5), 4 states have internal predecessors, (5), 0 states have call successors, (0), 0 states have call predecessors, (0), 0 states have return successors, (0), 0 states have call predecessors, (0), 0 states have call successors, (0)
[2026-06-06 09:52:49,749 INFO  L188       IsEmptyHeuristic]: Finished isEmptyHeuristic. No accepting run.
[2026-06-06 09:52:49,749 INFO  L182       IsEmptyHeuristic]: Start isEmptyHeuristic. Operand  has 5 states, 3 states have (on average 1.6666666666666667) internal successors, (5), 4 states have internal predecessors, (5), 0 states have call successors, (0), 0 states have call predecessors, (0), 0 states have return successors, (0), 0 states have call predecessors, (0), 0 states have call successors, (0)
[2026-06-06 09:52:49,749 INFO  L156       PredicateUnifier]: Initialized classic predicate unifier
[2026-06-06 09:52:49,749 INFO  L188       IsEmptyHeuristic]: Finished isEmptyHeuristic. No accepting run.
[2026-06-06 09:52:49,749 INFO  L86        PathProgramCache]: Analyzing trace with hash 1895680227, now seen corresponding path program 13 times
[2026-06-06 09:52:49,749 INFO  L182       IsEmptyHeuristic]: Start isEmptyHeuristic. Operand  has 5 states, 3 states have (on average 1.6666666666666667) internal successors, (5), 4 states have internal predecessors, (5), 0 states have call successors, (0), 0 states have call predecessors, (0), 0 states have return successors, (0), 0 states have call predecessors, (0), 0 states have call successors, (0)
[2026-06-06 09:52:49,749 INFO  L188       IsEmptyHeuristic]: Finished isEmptyHeuristic. No accepting run.
[2026-06-06 09:52:49,749 INFO  L118   FreeRefinementEngine]: Executing refinement strategy CAMEL
[2026-06-06 09:52:49,749 INFO  L324   FreeRefinementEngine]: Using trace check IpTcStrategyModuleSmtInterpolCraig [1690945433]
[2026-06-06 09:52:49,749 INFO  L182       IsEmptyHeuristic]: Start isEmptyHeuristic. Operand  has 5 states, 3 states have (on average 1.6666666666666667) internal successors, (5), 4 states have internal predecessors, (5), 0 states have call successors, (0), 0 states have call predecessors, (0), 0 states have return successors, (0), 0 states have call predecessors, (0), 0 states have call successors, (0)
[2026-06-06 09:52:49,749 INFO  L95    rtionOrderModulation]: Changing assertion order to NOT_INCREMENTALLY
[2026-06-06 09:52:49,749 INFO  L188       IsEmptyHeuristic]: Finished isEmptyHeuristic. No accepting run.
[2026-06-06 09:52:49,749 INFO  L127          SolverBuilder]: Constructing new instance of SMTInterpol with explicit timeout -1 ms and remaining time -1 ms
[2026-06-06 09:52:49,749 INFO  L182       IsEmptyHeuristic]: Start isEmptyHeuristic. Operand  has 5 states, 3 states have (on average 1.6666666666666667) internal successors, (5), 4 states have internal predecessors, (5), 0 states have call successors, (0), 0 states have call predecessors, (0), 0 states have return successors, (0), 0 states have call predecessors, (0), 0 states have call successors, (0)
[2026-06-06 09:52:49,749 INFO  L188       IsEmptyHeuristic]: Finished isEmptyHeuristic. No accepting run.
[2026-06-06 09:52:49,749 INFO  L182       IsEmptyHeuristic]: Start isEmptyHeuristic. Operand  has 5 states, 3 states have (on average 1.6666666666666667) internal successors, (5), 4 states have internal predecessors, (5), 0 states have call successors, (0), 0 states have call predecessors, (0), 0 states have return successors, (0), 0 states have call predecessors, (0), 0 states have call successors, (0)
[2026-06-06 09:52:49,749 INFO  L188       IsEmptyHeuristic]: Finished isEmptyHeuristic. No accepting run.
[2026-06-06 09:52:49,749 INFO  L182       IsEmptyHeuristic]: Start isEmptyHeuristic. Operand  has 5 states, 3 states have (on average 1.6666666666666667) internal successors, (5), 4 states have internal predecessors, (5), 0 states have call successors, (0), 0 states have call predecessors, (0), 0 states have return successors, (0), 0 states have call predecessors, (0), 0 states have call successors, (0)
[2026-06-06 09:52:49,750 INFO  L188       IsEmptyHeuristic]: Finished isEmptyHeuristic. No accepting run.
[2026-06-06 09:52:49,750 INFO  L182       IsEmptyHeuristic]: Start isEmptyHeuristic. Operand  has 5 states, 3 states have (on average 1.6666666666666667) internal successors, (5), 4 states have internal predecessors, (5), 0 states have call successors, (0), 0 states have call predecessors, (0), 0 states have return successors, (0), 0 states have call predecessors, (0), 0 states have call successors, (0)
[2026-06-06 09:52:49,750 INFO  L188       IsEmptyHeuristic]: Finished isEmptyHeuristic. No accepting run.
[2026-06-06 09:52:49,750 INFO  L182       IsEmptyHeuristic]: Start isEmptyHeuristic. Operand  has 5 states, 3 states have (on average 1.6666666666666667) internal successors, (5), 4 states have internal predecessors, (5), 0 states have call successors, (0), 0 states have call predecessors, (0), 0 states have return successors, (0), 0 states have call predecessors, (0), 0 states have call successors, (0)
[2026-06-06 09:52:49,750 INFO  L188       IsEmptyHeuristic]: Finished isEmptyHeuristic. No accepting run.
[2026-06-06 09:52:49,750 INFO  L182       IsEmptyHeuristic]: Start isEmptyHeuristic. Operand  has 5 states, 3 states have (on average 1.6666666666666667) internal successors, (5), 4 states have internal predecessors, (5), 0 states have call successors, (0), 0 states have call predecessors, (0), 0 states have return successors, (0), 0 states have call predecessors, (0), 0 states have call successors, (0)
[2026-06-06 09:52:49,750 INFO  L188       IsEmptyHeuristic]: Finished isEmptyHeuristic. No accepting run.
[2026-06-06 09:52:49,750 INFO  L182       IsEmptyHeuristic]: Start isEmptyHeuristic. Operand  has 5 states, 3 states have (on average 1.6666666666666667) internal successors, (5), 4 states have internal predecessors, (5), 0 states have call successors, (0), 0 states have call predecessors, (0), 0 states have return successors, (0), 0 states have call predecessors, (0), 0 states have call successors, (0)
[2026-06-06 09:52:49,750 INFO  L188       IsEmptyHeuristic]: Finished isEmptyHeuristic. No accepting run.
[2026-06-06 09:52:49,750 INFO  L182       IsEmptyHeuristic]: Start isEmptyHeuristic. Operand  has 5 states, 3 states have (on average 1.6666666666666667) internal successors, (5), 4 states have internal predecessors, (5), 0 states have call successors, (0), 0 states have call predecessors, (0), 0 states have return successors, (0), 0 states have call predecessors, (0), 0 states have call successors, (0)
[2026-06-06 09:52:49,750 INFO  L188       IsEmptyHeuristic]: Finished isEmptyHeuristic. No accepting run.
[2026-06-06 09:52:49,750 INFO  L182       IsEmptyHeuristic]: Start isEmptyHeuristic. Operand  has 5 states, 3 states have (on average 1.6666666666666667) internal successors, (5), 4 states have internal predecessors, (5), 0 states have call successors, (0), 0 states have call predecessors, (0), 0 states have return successors, (0), 0 states have call predecessors, (0), 0 states have call successors, (0)
[2026-06-06 09:52:49,751 INFO  L188       IsEmptyHeuristic]: Finished isEmptyHeuristic. Found accepting run of length 17
[2026-06-06 09:52:49,751 INFO  L163        IsEmptyParallel]: Finished isEmptyParallel. Found accepting run of length 17
[2026-06-06 09:52:49,751 WARN  L753                IsEmpty]: Correctness of emptinessCheck not tested.
[2026-06-06 09:52:49,751 INFO  L79                 Accepts]: Start accepts. Automaton has  has 5 states, 3 states have (on average 1.6666666666666667) internal successors, (5), 4 states have internal predecessors, (5), 0 states have call successors, (0), 0 states have call predecessors, (0), 0 states have return successors, (0), 0 states have call predecessors, (0), 0 states have call successors, (0) Word has length 16
[2026-06-06 09:52:49,751 INFO  L85                 Accepts]: Finished accepts. word is accepted.
[2026-06-06 09:52:49,752 INFO  L757                IsEmpty]: Finished testing correctness of emptinessCheck
[2026-06-06 09:52:49,752 INFO  L1028  ParallelNwaCegarLoop]: Found new Counterexample via IsEmptyParallel PAPER!
[2026-06-06 09:52:49,752 INFO  L86        PathProgramCache]: Analyzing trace with hash -770133076, now seen corresponding path program 14 times
[2026-06-06 09:52:49,752 INFO  L614   ParallelNwaCegarLoop]: Main: Starting Thread
[2026-06-06 09:52:49,752 INFO  L290                IsEmpty]: Start isEmptyParallel. Operand  has 5 states, 3 states have (on average 1.6666666666666667) internal successors, (5), 4 states have internal predecessors, (5), 0 states have call successors, (0), 0 states have call predecessors, (0), 0 states have return successors, (0), 0 states have call predecessors, (0), 0 states have call successors, (0)
[2026-06-06 09:52:49,752 INFO  L300                IsEmpty]: Finished isEmptyParallel. No accepting run.
[2026-06-06 09:52:49,752 INFO  L156        IsEmptyParallel]: Start isEmptyParallel. Operand  has 5 states, 3 states have (on average 1.6666666666666667) internal successors, (5), 4 states have internal predecessors, (5), 0 states have call successors, (0), 0 states have call predecessors, (0), 0 states have return successors, (0), 0 states have call predecessors, (0), 0 states have call successors, (0)
[2026-06-06 09:52:49,752 INFO  L209   CegarNwaWorkerThread]: Starting Thread: 167# for Trace Check: -770133076
[2026-06-06 09:52:49,752 INFO  L182       IsEmptyHeuristic]: Start isEmptyHeuristic. Operand  has 5 states, 3 states have (on average 1.6666666666666667) internal successors, (5), 4 states have internal predecessors, (5), 0 states have call successors, (0), 0 states have call predecessors, (0), 0 states have return successors, (0), 0 states have call predecessors, (0), 0 states have call successors, (0)
[2026-06-06 09:52:49,752 INFO  L188       IsEmptyHeuristic]: Finished isEmptyHeuristic. No accepting run.
[2026-06-06 09:52:49,752 INFO  L182       IsEmptyHeuristic]: Start isEmptyHeuristic. Operand  has 5 states, 3 states have (on average 1.6666666666666667) internal successors, (5), 4 states have internal predecessors, (5), 0 states have call successors, (0), 0 states have call predecessors, (0), 0 states have return successors, (0), 0 states have call predecessors, (0), 0 states have call successors, (0)
[2026-06-06 09:52:49,752 INFO  L188       IsEmptyHeuristic]: Finished isEmptyHeuristic. No accepting run.
[2026-06-06 09:52:49,752 INFO  L182       IsEmptyHeuristic]: Start isEmptyHeuristic. Operand  has 5 states, 3 states have (on average 1.6666666666666667) internal successors, (5), 4 states have internal predecessors, (5), 0 states have call successors, (0), 0 states have call predecessors, (0), 0 states have return successors, (0), 0 states have call predecessors, (0), 0 states have call successors, (0)
[2026-06-06 09:52:49,752 INFO  L188       IsEmptyHeuristic]: Finished isEmptyHeuristic. No accepting run.
[2026-06-06 09:52:49,752 INFO  L156       PredicateUnifier]: Initialized classic predicate unifier
[2026-06-06 09:52:49,752 INFO  L86        PathProgramCache]: Analyzing trace with hash -770133076, now seen corresponding path program 14 times
[2026-06-06 09:52:49,752 INFO  L182       IsEmptyHeuristic]: Start isEmptyHeuristic. Operand  has 5 states, 3 states have (on average 1.6666666666666667) internal successors, (5), 4 states have internal predecessors, (5), 0 states have call successors, (0), 0 states have call predecessors, (0), 0 states have return successors, (0), 0 states have call predecessors, (0), 0 states have call successors, (0)
[2026-06-06 09:52:49,752 INFO  L188       IsEmptyHeuristic]: Finished isEmptyHeuristic. No accepting run.
[2026-06-06 09:52:49,752 INFO  L118   FreeRefinementEngine]: Executing refinement strategy CAMEL
[2026-06-06 09:52:49,752 INFO  L182       IsEmptyHeuristic]: Start isEmptyHeuristic. Operand  has 5 states, 3 states have (on average 1.6666666666666667) internal successors, (5), 4 states have internal predecessors, (5), 0 states have call successors, (0), 0 states have call predecessors, (0), 0 states have return successors, (0), 0 states have call predecessors, (0), 0 states have call successors, (0)
[2026-06-06 09:52:49,752 INFO  L324   FreeRefinementEngine]: Using trace check IpTcStrategyModuleSmtInterpolCraig [47264177]
[2026-06-06 09:52:49,752 INFO  L188       IsEmptyHeuristic]: Finished isEmptyHeuristic. No accepting run.
[2026-06-06 09:52:49,752 INFO  L95    rtionOrderModulation]: Changing assertion order to OUTSIDE_LOOP_FIRST1
[2026-06-06 09:52:49,752 INFO  L182       IsEmptyHeuristic]: Start isEmptyHeuristic. Operand  has 5 states, 3 states have (on average 1.6666666666666667) internal successors, (5), 4 states have internal predecessors, (5), 0 states have call successors, (0), 0 states have call predecessors, (0), 0 states have return successors, (0), 0 states have call predecessors, (0), 0 states have call successors, (0)
[2026-06-06 09:52:49,752 INFO  L127          SolverBuilder]: Constructing new instance of SMTInterpol with explicit timeout -1 ms and remaining time -1 ms
[2026-06-06 09:52:49,752 INFO  L188       IsEmptyHeuristic]: Finished isEmptyHeuristic. No accepting run.
[2026-06-06 09:52:49,752 INFO  L182       IsEmptyHeuristic]: Start isEmptyHeuristic. Operand  has 5 states, 3 states have (on average 1.6666666666666667) internal successors, (5), 4 states have internal predecessors, (5), 0 states have call successors, (0), 0 states have call predecessors, (0), 0 states have return successors, (0), 0 states have call predecessors, (0), 0 states have call successors, (0)
[2026-06-06 09:52:49,752 INFO  L188       IsEmptyHeuristic]: Finished isEmptyHeuristic. No accepting run.
[2026-06-06 09:52:49,752 INFO  L182       IsEmptyHeuristic]: Start isEmptyHeuristic. Operand  has 5 states, 3 states have (on average 1.6666666666666667) internal successors, (5), 4 states have internal predecessors, (5), 0 states have call successors, (0), 0 states have call predecessors, (0), 0 states have return successors, (0), 0 states have call predecessors, (0), 0 states have call successors, (0)
[2026-06-06 09:52:49,752 INFO  L188       IsEmptyHeuristic]: Finished isEmptyHeuristic. No accepting run.
[2026-06-06 09:52:49,752 INFO  L182       IsEmptyHeuristic]: Start isEmptyHeuristic. Operand  has 5 states, 3 states have (on average 1.6666666666666667) internal successors, (5), 4 states have internal predecessors, (5), 0 states have call successors, (0), 0 states have call predecessors, (0), 0 states have return successors, (0), 0 states have call predecessors, (0), 0 states have call successors, (0)
[2026-06-06 09:52:49,753 INFO  L188       IsEmptyHeuristic]: Finished isEmptyHeuristic. No accepting run.
[2026-06-06 09:52:49,753 INFO  L182       IsEmptyHeuristic]: Start isEmptyHeuristic. Operand  has 5 states, 3 states have (on average 1.6666666666666667) internal successors, (5), 4 states have internal predecessors, (5), 0 states have call successors, (0), 0 states have call predecessors, (0), 0 states have return successors, (0), 0 states have call predecessors, (0), 0 states have call successors, (0)
[2026-06-06 09:52:49,753 INFO  L188       IsEmptyHeuristic]: Finished isEmptyHeuristic. No accepting run.
[2026-06-06 09:52:49,753 INFO  L182       IsEmptyHeuristic]: Start isEmptyHeuristic. Operand  has 5 states, 3 states have (on average 1.6666666666666667) internal successors, (5), 4 states have internal predecessors, (5), 0 states have call successors, (0), 0 states have call predecessors, (0), 0 states have return successors, (0), 0 states have call predecessors, (0), 0 states have call successors, (0)
[2026-06-06 09:52:49,753 INFO  L188       IsEmptyHeuristic]: Finished isEmptyHeuristic. No accepting run.
[2026-06-06 09:52:49,753 INFO  L182       IsEmptyHeuristic]: Start isEmptyHeuristic. Operand  has 5 states, 3 states have (on average 1.6666666666666667) internal successors, (5), 4 states have internal predecessors, (5), 0 states have call successors, (0), 0 states have call predecessors, (0), 0 states have return successors, (0), 0 states have call predecessors, (0), 0 states have call successors, (0)
[2026-06-06 09:52:49,753 INFO  L188       IsEmptyHeuristic]: Finished isEmptyHeuristic. No accepting run.
[2026-06-06 09:52:49,753 INFO  L182       IsEmptyHeuristic]: Start isEmptyHeuristic. Operand  has 5 states, 3 states have (on average 1.6666666666666667) internal successors, (5), 4 states have internal predecessors, (5), 0 states have call successors, (0), 0 states have call predecessors, (0), 0 states have return successors, (0), 0 states have call predecessors, (0), 0 states have call successors, (0)
[2026-06-06 09:52:49,753 INFO  L188       IsEmptyHeuristic]: Finished isEmptyHeuristic. No accepting run.
[2026-06-06 09:52:49,753 INFO  L182       IsEmptyHeuristic]: Start isEmptyHeuristic. Operand  has 5 states, 3 states have (on average 1.6666666666666667) internal successors, (5), 4 states have internal predecessors, (5), 0 states have call successors, (0), 0 states have call predecessors, (0), 0 states have return successors, (0), 0 states have call predecessors, (0), 0 states have call successors, (0)
[2026-06-06 09:52:49,753 INFO  L188       IsEmptyHeuristic]: Finished isEmptyHeuristic. No accepting run.
[2026-06-06 09:52:49,753 INFO  L182       IsEmptyHeuristic]: Start isEmptyHeuristic. Operand  has 5 states, 3 states have (on average 1.6666666666666667) internal successors, (5), 4 states have internal predecessors, (5), 0 states have call successors, (0), 0 states have call predecessors, (0), 0 states have return successors, (0), 0 states have call predecessors, (0), 0 states have call successors, (0)
[2026-06-06 09:52:49,753 INFO  L188       IsEmptyHeuristic]: Finished isEmptyHeuristic. Found accepting run of length 20
[2026-06-06 09:52:49,753 INFO  L163        IsEmptyParallel]: Finished isEmptyParallel. Found accepting run of length 20
[2026-06-06 09:52:49,753 WARN  L753                IsEmpty]: Correctness of emptinessCheck not tested.
[2026-06-06 09:52:49,753 INFO  L79                 Accepts]: Start accepts. Automaton has  has 5 states, 3 states have (on average 1.6666666666666667) internal successors, (5), 4 states have internal predecessors, (5), 0 states have call successors, (0), 0 states have call predecessors, (0), 0 states have return successors, (0), 0 states have call predecessors, (0), 0 states have call successors, (0) Word has length 19
[2026-06-06 09:52:49,753 INFO  L85                 Accepts]: Finished accepts. word is accepted.
[2026-06-06 09:52:49,753 INFO  L757                IsEmpty]: Finished testing correctness of emptinessCheck
[2026-06-06 09:52:49,753 INFO  L1028  ParallelNwaCegarLoop]: Found new Counterexample via IsEmptyParallel PAPER!
[2026-06-06 09:52:49,753 INFO  L86        PathProgramCache]: Analyzing trace with hash 682622467, now seen corresponding path program 15 times
[2026-06-06 09:52:49,753 INFO  L614   ParallelNwaCegarLoop]: Main: Starting Thread
[2026-06-06 09:52:49,754 INFO  L283   ParallelNwaCegarLoop]: === Iteration 2 ===
[2026-06-06 09:52:49,754 INFO  L631   ParallelNwaCegarLoop]: All threads busy, going to sleep.
[2026-06-06 09:52:49,754 INFO  L209   CegarNwaWorkerThread]: Starting Thread: 173# for Trace Check: 682622467
[2026-06-06 09:52:49,754 INFO  L156       PredicateUnifier]: Initialized classic predicate unifier
[2026-06-06 09:52:49,754 INFO  L86        PathProgramCache]: Analyzing trace with hash 682622467, now seen corresponding path program 15 times
[2026-06-06 09:52:49,754 INFO  L118   FreeRefinementEngine]: Executing refinement strategy CAMEL
[2026-06-06 09:52:49,754 INFO  L324   FreeRefinementEngine]: Using trace check IpTcStrategyModuleSmtInterpolCraig [1742154699]
[2026-06-06 09:52:49,754 INFO  L95    rtionOrderModulation]: Changing assertion order to OUTSIDE_LOOP_FIRST2
[2026-06-06 09:52:49,754 INFO  L127          SolverBuilder]: Constructing new instance of SMTInterpol with explicit timeout -1 ms and remaining time -1 ms
[2026-06-06 09:52:49,769 INFO  L108    AnnotateAndAsserter]: Assert order OUTSIDE_LOOP_FIRST2 partitioned 13 statements into 6 equivalence classes.
[2026-06-06 09:52:49,769 INFO  L108    AnnotateAndAsserter]: Assert order MIX_INSIDE_OUTSIDE partitioned 8 statements into 4 equivalence classes.
[2026-06-06 09:52:49,771 INFO  L108    AnnotateAndAsserter]: Assert order NOT_INCREMENTALLY partitioned 3 statements into 1 equivalence classes.
[2026-06-06 09:52:49,771 INFO  L108    AnnotateAndAsserter]: Assert order TERMS_WITH_SMALL_CONSTANTS_FIRST partitioned 6 statements into 2 equivalence classes.
[2026-06-06 09:52:49,769 INFO  L108    AnnotateAndAsserter]: Assert order OUTSIDE_LOOP_FIRST2 partitioned 7 statements into 3 equivalence classes.
[2026-06-06 09:52:49,769 INFO  L108    AnnotateAndAsserter]: Assert order INSIDE_LOOP_FIRST1 partitioned 9 statements into 4 equivalence classes.
[2026-06-06 09:52:49,771 INFO  L108    AnnotateAndAsserter]: Assert order OUTSIDE_LOOP_FIRST1 partitioned 4 statements into 2 equivalence classes.
[2026-06-06 09:52:49,771 INFO  L108    AnnotateAndAsserter]: Assert order TERMS_WITH_SMALL_CONSTANTS_FIRST partitioned 12 statements into 2 equivalence classes.
[2026-06-06 09:52:49,771 INFO  L108    AnnotateAndAsserter]: Assert order OUTSIDE_LOOP_FIRST1 partitioned 10 statements into 2 equivalence classes.
[2026-06-06 09:52:49,771 INFO  L108    AnnotateAndAsserter]: Assert order NOT_INCREMENTALLY partitioned 5 statements into 1 equivalence classes.
[2026-06-06 09:52:49,771 INFO  L108    AnnotateAndAsserter]: Assert order NOT_INCREMENTALLY partitioned 11 statements into 1 equivalence classes.
[2026-06-06 09:52:49,771 INFO  L108    AnnotateAndAsserter]: Assert order MIX_INSIDE_OUTSIDE partitioned 14 statements into 7 equivalence classes.
[2026-06-06 09:52:49,771 INFO  L108    AnnotateAndAsserter]: Assert order OUTSIDE_LOOP_FIRST1 partitioned 16 statements into 2 equivalence classes.
[2026-06-06 09:52:49,772 INFO  L108    AnnotateAndAsserter]: Assert order NOT_INCREMENTALLY partitioned 17 statements into 1 equivalence classes.
[2026-06-06 09:52:49,772 INFO  L108    AnnotateAndAsserter]: Assert order OUTSIDE_LOOP_FIRST2 partitioned 19 statements into 9 equivalence classes.
[2026-06-06 09:52:49,772 INFO  L108    AnnotateAndAsserter]: Assert order INSIDE_LOOP_FIRST1 partitioned 15 statements into 7 equivalence classes.
[2026-06-06 09:52:49,791 INFO  L111    AnnotateAndAsserter]: Assert order NOT_INCREMENTALLY issued 1 check-sat command(s) and asserted 3 of 3 statements.
[2026-06-06 09:52:49,792 INFO  L114    AnnotateAndAsserter]: Assert order NOT_INCREMENTALLY issued 1 check-sat command(s)
[2026-06-06 09:52:49,792 INFO  L115    AnnotateAndAsserter]: Conjunction of SSA is unsat
[2026-06-06 09:52:49,795 INFO  L111    AnnotateAndAsserter]: Assert order OUTSIDE_LOOP_FIRST1 issued 2 check-sat command(s) and asserted 4 of 4 statements.
[2026-06-06 09:52:49,795 INFO  L114    AnnotateAndAsserter]: Assert order OUTSIDE_LOOP_FIRST1 issued 2 check-sat command(s)
[2026-06-06 09:52:49,796 INFO  L115    AnnotateAndAsserter]: Conjunction of SSA is unsat
[2026-06-06 09:52:49,808 INFO  L111    AnnotateAndAsserter]: Assert order NOT_INCREMENTALLY issued 1 check-sat command(s) and asserted 5 of 5 statements.
[2026-06-06 09:52:49,808 INFO  L114    AnnotateAndAsserter]: Assert order NOT_INCREMENTALLY issued 1 check-sat command(s)
[2026-06-06 09:52:49,809 INFO  L115    AnnotateAndAsserter]: Conjunction of SSA is unsat
[2026-06-06 09:52:49,816 INFO  L111    AnnotateAndAsserter]: Assert order TERMS_WITH_SMALL_CONSTANTS_FIRST issued 2 check-sat command(s) and asserted 6 of 6 statements.
[2026-06-06 09:52:49,816 INFO  L114    AnnotateAndAsserter]: Assert order TERMS_WITH_SMALL_CONSTANTS_FIRST issued 2 check-sat command(s)
[2026-06-06 09:52:49,816 INFO  L115    AnnotateAndAsserter]: Conjunction of SSA is unsat
[2026-06-06 09:52:49,823 INFO  L111    AnnotateAndAsserter]: Assert order OUTSIDE_LOOP_FIRST2 issued 3 check-sat command(s) and asserted 7 of 7 statements.
[2026-06-06 09:52:49,824 INFO  L114    AnnotateAndAsserter]: Assert order OUTSIDE_LOOP_FIRST2 issued 3 check-sat command(s)
[2026-06-06 09:52:49,824 INFO  L115    AnnotateAndAsserter]: Conjunction of SSA is unsat
[2026-06-06 09:52:49,826 INFO  L111    AnnotateAndAsserter]: Assert order MIX_INSIDE_OUTSIDE issued 4 check-sat command(s) and asserted 8 of 8 statements.
[2026-06-06 09:52:49,826 INFO  L114    AnnotateAndAsserter]: Assert order MIX_INSIDE_OUTSIDE issued 4 check-sat command(s)
[2026-06-06 09:52:49,826 INFO  L115    AnnotateAndAsserter]: Conjunction of SSA is unsat
[2026-06-06 09:52:49,840 INFO  L111    AnnotateAndAsserter]: Assert order INSIDE_LOOP_FIRST1 issued 4 check-sat command(s) and asserted 9 of 9 statements.
[2026-06-06 09:52:49,840 INFO  L114    AnnotateAndAsserter]: Assert order INSIDE_LOOP_FIRST1 issued 4 check-sat command(s)
[2026-06-06 09:52:49,840 INFO  L115    AnnotateAndAsserter]: Conjunction of SSA is unsat
[2026-06-06 09:52:49,858 INFO  L111    AnnotateAndAsserter]: Assert order NOT_INCREMENTALLY issued 1 check-sat command(s) and asserted 11 of 11 statements.
[2026-06-06 09:52:49,858 INFO  L114    AnnotateAndAsserter]: Assert order NOT_INCREMENTALLY issued 1 check-sat command(s)
[2026-06-06 09:52:49,858 INFO  L115    AnnotateAndAsserter]: Conjunction of SSA is unsat
[2026-06-06 09:52:49,860 INFO  L111    AnnotateAndAsserter]: Assert order OUTSIDE_LOOP_FIRST1 issued 2 check-sat command(s) and asserted 10 of 10 statements.
[2026-06-06 09:52:49,860 INFO  L114    AnnotateAndAsserter]: Assert order OUTSIDE_LOOP_FIRST1 issued 2 check-sat command(s)
[2026-06-06 09:52:49,860 INFO  L115    AnnotateAndAsserter]: Conjunction of SSA is unsat
[2026-06-06 09:52:49,863 INFO  L111    AnnotateAndAsserter]: Assert order TERMS_WITH_SMALL_CONSTANTS_FIRST issued 2 check-sat command(s) and asserted 12 of 12 statements.
[2026-06-06 09:52:49,864 INFO  L114    AnnotateAndAsserter]: Assert order TERMS_WITH_SMALL_CONSTANTS_FIRST issued 2 check-sat command(s)
[2026-06-06 09:52:49,864 INFO  L115    AnnotateAndAsserter]: Conjunction of SSA is unsat
[2026-06-06 09:52:49,878 INFO  L111    AnnotateAndAsserter]: Assert order INSIDE_LOOP_FIRST1 issued 7 check-sat command(s) and asserted 15 of 15 statements.
[2026-06-06 09:52:49,879 INFO  L114    AnnotateAndAsserter]: Assert order INSIDE_LOOP_FIRST1 issued 7 check-sat command(s)
[2026-06-06 09:52:49,879 INFO  L115    AnnotateAndAsserter]: Conjunction of SSA is unsat
[2026-06-06 09:52:49,880 INFO  L111    AnnotateAndAsserter]: Assert order OUTSIDE_LOOP_FIRST2 issued 6 check-sat command(s) and asserted 13 of 13 statements.
[2026-06-06 09:52:49,880 INFO  L114    AnnotateAndAsserter]: Assert order OUTSIDE_LOOP_FIRST2 issued 6 check-sat command(s)
[2026-06-06 09:52:49,880 INFO  L115    AnnotateAndAsserter]: Conjunction of SSA is unsat
[2026-06-06 09:52:49,888 INFO  L111    AnnotateAndAsserter]: Assert order NOT_INCREMENTALLY issued 1 check-sat command(s) and asserted 17 of 17 statements.
[2026-06-06 09:52:49,888 INFO  L114    AnnotateAndAsserter]: Assert order NOT_INCREMENTALLY issued 1 check-sat command(s)
[2026-06-06 09:52:49,888 INFO  L115    AnnotateAndAsserter]: Conjunction of SSA is unsat
[2026-06-06 09:52:49,890 INFO  L111    AnnotateAndAsserter]: Assert order OUTSIDE_LOOP_FIRST1 issued 2 check-sat command(s) and asserted 16 of 16 statements.
[2026-06-06 09:52:49,890 INFO  L114    AnnotateAndAsserter]: Assert order OUTSIDE_LOOP_FIRST1 issued 2 check-sat command(s)
[2026-06-06 09:52:49,890 INFO  L115    AnnotateAndAsserter]: Conjunction of SSA is unsat
[2026-06-06 09:52:49,895 INFO  L111    AnnotateAndAsserter]: Assert order MIX_INSIDE_OUTSIDE issued 7 check-sat command(s) and asserted 14 of 14 statements.
[2026-06-06 09:52:49,895 INFO  L114    AnnotateAndAsserter]: Assert order MIX_INSIDE_OUTSIDE issued 7 check-sat command(s)
[2026-06-06 09:52:49,895 INFO  L115    AnnotateAndAsserter]: Conjunction of SSA is unsat
[2026-06-06 09:52:49,918 INFO  L111    AnnotateAndAsserter]: Assert order OUTSIDE_LOOP_FIRST2 issued 9 check-sat command(s) and asserted 19 of 19 statements.
[2026-06-06 09:52:49,918 INFO  L114    AnnotateAndAsserter]: Assert order OUTSIDE_LOOP_FIRST2 issued 9 check-sat command(s)
[2026-06-06 09:52:49,918 INFO  L115    AnnotateAndAsserter]: Conjunction of SSA is unsat
[2026-06-06 09:52:50,014 INFO  L134       CoverageAnalysis]: Checked inductivity of 0 backedges. 0 proven. 0 refuted. 0 times theorem prover too weak. 0 trivial. 0 not checked.
[2026-06-06 09:52:50,015 INFO  L136   FreeRefinementEngine]: Strategy CAMEL found an infeasible trace
[2026-06-06 09:52:50,015 INFO  L324   FreeRefinementEngine]: Using interpolant generator IpTcStrategyModuleSmtInterpolCraig [1319561484]
[2026-06-06 09:52:50,015 INFO  L158   FreeRefinementEngine]: IpTcStrategyModuleSmtInterpolCraig [1319561484] provided 1 perfect and 0 imperfect interpolant sequences
[2026-06-06 09:52:50,015 INFO  L185   FreeRefinementEngine]: Found 1 perfect and 0 imperfect interpolant sequences.
[2026-06-06 09:52:50,016 INFO  L198   FreeRefinementEngine]: Number of different interpolants: perfect sequences [2] imperfect sequences [] total 2
[2026-06-06 09:52:50,016 INFO  L122   tionRefinementEngine]: Using interpolant automaton builder IpAbStrategyModuleStraightlineAll [1765332722]
[2026-06-06 09:52:50,017 INFO  L85    oduleStraightlineAll]: Using 1 perfect interpolants to construct interpolant automaton
[2026-06-06 09:52:50,018 INFO  L100   FreeRefinementEngine]: Using predicate unifier PredicateUnifier provided by strategy CAMEL
[2026-06-06 09:52:50,032 INFO  L144   InterpolantAutomaton]: Constructing interpolant automaton starting with 3 interpolants.
[2026-06-06 09:52:50,032 INFO  L146   InterpolantAutomaton]: CoverageRelationStatistics Valid=3, Invalid=3, Unknown=0, NotChecked=0, Total=6
[2026-06-06 09:52:50,032 INFO  L419   CegarNwaWorkerThread]: Difference in Worker for Generalization
[2026-06-06 09:52:50,034 INFO  L87              Difference]: Start difference. First operand  has 5 states, 3 states have (on average 1.6666666666666667) internal successors, (5), 4 states have internal predecessors, (5), 0 states have call successors, (0), 0 states have call predecessors, (0), 0 states have return successors, (0), 0 states have call predecessors, (0), 0 states have call successors, (0) Second operand  has 3 states, 3 states have (on average 1.0) internal successors, (3), 2 states have internal predecessors, (3), 0 states have call successors, (0), 0 states have call predecessors, (0), 0 states have return successors, (0), 0 states have call predecessors, (0), 0 states have call successors, (0)
[2026-06-06 09:52:50,050 INFO  L144             Difference]: Subtrahend was deterministic. Have not used determinization.
[2026-06-06 09:52:50,051 INFO  L93              Difference]: Finished difference Result 5 states and 5 transitions.
[2026-06-06 09:52:50,054 INFO  L140   InterpolantAutomaton]: Switched to read-only mode: deterministic interpolant automaton has 3 states. 
[2026-06-06 09:52:50,057 INFO  L225             Difference]: With dead ends: 5
[2026-06-06 09:52:50,057 INFO  L226             Difference]: Without dead ends: 5
[2026-06-06 09:52:50,058 INFO  L487   CegarNwaWorkerThread]: 0 DeclaredPredicates, 2 GetRequests, 1 SyntacticMatches, 0 SemanticMatches, 1 ConstructedPredicates, 0 IntricatePredicates, 0 DeprecatedPredicates, 0 ImplicationChecksByTransitivity, 0.0s TimeCoverageRelationStatistics Valid=3, Invalid=3, Unknown=0, NotChecked=0, Total=6
[2026-06-06 09:52:50,060 INFO  L488   CegarNwaWorkerThread]: 3 mSDtfsCounter, 0 mSDsluCounter, 1 mSDsCounter, 0 mSdLazyCounter, 3 mSolverCounterSat, 0 mSolverCounterUnsat, 0 mSolverCounterUnknown, 0 mSolverCounterNotChecked, 0.0s Time, 0 mProtectedPredicate, 0 mProtectedAction, 0 SdHoareTripleChecker+Valid, 4 SdHoareTripleChecker+Invalid, 3 SdHoareTripleChecker+Unknown, 0 SdHoareTripleChecker+Unchecked, 0.0s SdHoareTripleChecker+Time, 0 IncrementalHoareTripleChecker+Valid, 3 IncrementalHoareTripleChecker+Invalid, 0 IncrementalHoareTripleChecker+Unknown, 0 IncrementalHoareTripleChecker+Unchecked, 0.0s IncrementalHoareTripleChecker+Time
[2026-06-06 09:52:50,061 INFO  L489   CegarNwaWorkerThread]: SdHoareTripleChecker [0 Valid, 4 Invalid, 3 Unknown, 0 Unchecked, 0.0s Time], IncrementalHoareTripleChecker [0 Valid, 3 Invalid, 0 Unknown, 0 Unchecked, 0.0s Time]
[2026-06-06 09:52:50,062 INFO  L224   CegarNwaWorkerThread]: Done with Thread: 80#
[2026-06-06 09:52:50,062 INFO  L196   CegarNwaWorkerThread]: WorkerThread: Thread[#80,Worker for 29955,5,main] is Waiting for a Task
[2026-06-06 09:52:50,062 INFO  L634   ParallelNwaCegarLoop]: Waking up, a worker is done.
[2026-06-06 09:52:50,062 INFO  L293   ParallelNwaCegarLoop]: Main: A Thread is Done
[2026-06-06 09:52:50,062 INFO  L311   ParallelNwaCegarLoop]: Worker Automaton Type: FLOYD_HOARE
[2026-06-06 09:52:50,062 INFO  L79                 Accepts]: Start accepts. Automaton has  has 5 states, 3 states have (on average 1.6666666666666667) internal successors, (5), 4 states have internal predecessors, (5), 0 states have call successors, (0), 0 states have call predecessors, (0), 0 states have return successors, (0), 0 states have call predecessors, (0), 0 states have call successors, (0) Word has length 3
[2026-06-06 09:52:50,063 INFO  L85                 Accepts]: Finished accepts. word is accepted.
[2026-06-06 09:52:50,063 INFO  L313   ParallelNwaCegarLoop]: Refining Abstraction
[2026-06-06 09:52:50,063 INFO  L697   ParallelNwaCegarLoop]: Subtrahend traceHash: 29955
[2026-06-06 09:52:50,063 INFO  L664   ParallelNwaCegarLoop]: Difference in Main
[2026-06-06 09:52:50,063 INFO  L87              Difference]: Start difference. First operand  has 5 states, 3 states have (on average 1.6666666666666667) internal successors, (5), 4 states have internal predecessors, (5), 0 states have call successors, (0), 0 states have call predecessors, (0), 0 states have return successors, (0), 0 states have call predecessors, (0), 0 states have call successors, (0) Second operand  has 3 states, 2 states have (on average 3.5) internal successors, (7), 3 states have internal predecessors, (7), 0 states have call successors, (0), 0 states have call predecessors, (0), 0 states have return successors, (0), 0 states have call predecessors, (0), 0 states have call successors, (0)
[2026-06-06 09:52:50,063 INFO  L144             Difference]: Subtrahend was deterministic. Have not used determinization.
[2026-06-06 09:52:50,063 INFO  L93              Difference]: Finished difference Result 5 states and 5 transitions.
[2026-06-06 09:52:50,063 INFO  L225             Difference]: With dead ends: 5
[2026-06-06 09:52:50,063 INFO  L226             Difference]: Without dead ends: 5
[2026-06-06 09:52:50,073 INFO  L82        GeneralOperation]: Start minimizeSevpa. Operand 5 states.
[2026-06-06 09:52:50,079 INFO  L88        GeneralOperation]: Finished minimizeSevpa. Reduced states from 5 to 5.
[2026-06-06 09:52:50,080 INFO  L82        GeneralOperation]: Start removeUnreachable. Operand  has 5 states, 4 states have (on average 1.25) internal successors, (5), 4 states have internal predecessors, (5), 0 states have call successors, (0), 0 states have call predecessors, (0), 0 states have return successors, (0), 0 states have call predecessors, (0), 0 states have call successors, (0)
[2026-06-06 09:52:50,084 INFO  L88        GeneralOperation]: Finished removeUnreachable. Reduced from 5 states to 5 states and 5 transitions.
[2026-06-06 09:52:50,085 INFO  L675   ParallelNwaCegarLoop]: Main: Refinement done.
[2026-06-06 09:52:50,085 INFO  L594   ParallelNwaCegarLoop]: Checking if program is safe
[2026-06-06 09:52:50,085 INFO  L290                IsEmpty]: Start isEmpty. Operand 5 states and 5 transitions.
[2026-06-06 09:52:50,085 INFO  L300                IsEmpty]: Finished isEmpty. Found accepting run of length 5
[2026-06-06 09:52:50,085 INFO  L199           NwaCegarLoop]: Found error trace
[2026-06-06 09:52:50,085 INFO  L207           NwaCegarLoop]: trace histogram [1, 1, 1, 1]
[2026-06-06 09:52:50,085 INFO  L336   ParallelNwaCegarLoop]: No more worker results to process
[2026-06-06 09:52:50,085 INFO  L290                IsEmpty]: Start isEmpty. Operand 5 states and 5 transitions.
[2026-06-06 09:52:50,085 INFO  L300                IsEmpty]: Finished isEmpty. Found accepting run of length 5
[2026-06-06 09:52:50,085 WARN  L753                IsEmpty]: Correctness of emptinessCheck not tested.
[2026-06-06 09:52:50,085 INFO  L79                 Accepts]: Start accepts. Automaton has 5 states and 5 transitions. Word has length 4
[2026-06-06 09:52:50,086 INFO  L85                 Accepts]: Finished accepts. word is accepted.
[2026-06-06 09:52:50,086 INFO  L757                IsEmpty]: Finished testing correctness of emptinessCheck
[2026-06-06 09:52:50,086 INFO  L1033  ParallelNwaCegarLoop]: BFS found an active duplicate counterexample.
[2026-06-06 09:52:50,086 INFO  L290                IsEmpty]: Start isEmptyParallel. Operand 5 states and 5 transitions.
[2026-06-06 09:52:50,086 INFO  L300                IsEmpty]: Finished isEmptyParallel. No accepting run.
[2026-06-06 09:52:50,086 INFO  L156        IsEmptyParallel]: Start isEmptyParallel. Operand 5 states and 5 transitions.
[2026-06-06 09:52:50,087 INFO  L182       IsEmptyHeuristic]: Start isEmptyHeuristic. Operand 5 states and 5 transitions.
[2026-06-06 09:52:50,087 INFO  L188       IsEmptyHeuristic]: Finished isEmptyHeuristic. Found accepting run of length 19
[2026-06-06 09:52:50,087 INFO  L163        IsEmptyParallel]: Finished isEmptyParallel. Found accepting run of length 19
[2026-06-06 09:52:50,087 WARN  L753                IsEmpty]: Correctness of emptinessCheck not tested.
[2026-06-06 09:52:50,087 INFO  L79                 Accepts]: Start accepts. Automaton has 5 states and 5 transitions. Word has length 18
[2026-06-06 09:52:50,087 INFO  L85                 Accepts]: Finished accepts. word is accepted.
[2026-06-06 09:52:50,087 INFO  L757                IsEmpty]: Finished testing correctness of emptinessCheck
[2026-06-06 09:52:50,087 INFO  L1028  ParallelNwaCegarLoop]: Found new Counterexample via IsEmptyParallel PAPER!
[2026-06-06 09:52:50,087 INFO  L86        PathProgramCache]: Analyzing trace with hash -1363453300, now seen corresponding path program 16 times
[2026-06-06 09:52:50,088 INFO  L614   ParallelNwaCegarLoop]: Main: Starting Thread
[2026-06-06 09:52:50,088 INFO  L283   ParallelNwaCegarLoop]: === Iteration 3 ===
[2026-06-06 09:52:50,088 INFO  L631   ParallelNwaCegarLoop]: All threads busy, going to sleep.
[2026-06-06 09:52:50,088 INFO  L209   CegarNwaWorkerThread]: Starting Thread: 80# for Trace Check: -1363453300
[2026-06-06 09:52:50,088 INFO  L156       PredicateUnifier]: Initialized classic predicate unifier
[2026-06-06 09:52:50,088 INFO  L86        PathProgramCache]: Analyzing trace with hash -1363453300, now seen corresponding path program 16 times
[2026-06-06 09:52:50,089 INFO  L118   FreeRefinementEngine]: Executing refinement strategy CAMEL
[2026-06-06 09:52:50,089 INFO  L324   FreeRefinementEngine]: Using trace check IpTcStrategyModuleSmtInterpolCraig [1081059629]
[2026-06-06 09:52:50,089 INFO  L95    rtionOrderModulation]: Changing assertion order to TERMS_WITH_SMALL_CONSTANTS_FIRST
[2026-06-06 09:52:50,089 INFO  L127          SolverBuilder]: Constructing new instance of SMTInterpol with explicit timeout -1 ms and remaining time -1 ms
[2026-06-06 09:52:50,101 INFO  L134       CoverageAnalysis]: Checked inductivity of 1 backedges. 0 proven. 1 refuted. 0 times theorem prover too weak. 0 trivial. 0 not checked.
[2026-06-06 09:52:50,101 INFO  L136   FreeRefinementEngine]: Strategy CAMEL found an infeasible trace
[2026-06-06 09:52:50,101 INFO  L324   FreeRefinementEngine]: Using interpolant generator IpTcStrategyModuleSmtInterpolCraig [72425198]
[2026-06-06 09:52:50,101 INFO  L158   FreeRefinementEngine]: IpTcStrategyModuleSmtInterpolCraig [72425198] provided 0 perfect and 1 imperfect interpolant sequences
[2026-06-06 09:52:50,101 INFO  L324   FreeRefinementEngine]: Using interpolant generator IpTcStrategyModuleZ3 [1765536031]
[2026-06-06 09:52:50,101 INFO  L95    rtionOrderModulation]: Changing assertion order to OUTSIDE_LOOP_FIRST1
[2026-06-06 09:52:50,101 INFO  L173          SolverBuilder]: Constructing external solver with command: z3 -smt2 -in SMTLIB2_COMPLIANT=true
[2026-06-06 09:52:50,102 INFO  L108    AnnotateAndAsserter]: Assert order TERMS_WITH_SMALL_CONSTANTS_FIRST partitioned 18 statements into 2 equivalence classes.
[2026-06-06 09:52:50,104 INFO  L189       MonitoredProcess]: No working directory specified, using /usr/bin/z3
[2026-06-06 09:52:50,106 INFO  L229       MonitoredProcess]: Starting monitored process 18 with /usr/bin/z3 -smt2 -in SMTLIB2_COMPLIANT=true (exit command is (exit), workingDir is null)
[2026-06-06 09:52:50,106 INFO  L327       MonitoredProcess]: [MP /usr/bin/z3 -smt2 -in SMTLIB2_COMPLIANT=true (18)] Waiting until timeout for monitored process
[2026-06-06 09:52:50,122 INFO  L108    AnnotateAndAsserter]: Assert order OUTSIDE_LOOP_FIRST1 partitioned 4 statements into 2 equivalence classes.
[2026-06-06 09:52:50,126 INFO  L111    AnnotateAndAsserter]: Assert order OUTSIDE_LOOP_FIRST1 issued 2 check-sat command(s) and asserted 4 of 4 statements.
[2026-06-06 09:52:50,127 INFO  L114    AnnotateAndAsserter]: Assert order OUTSIDE_LOOP_FIRST1 issued 2 check-sat command(s)
[2026-06-06 09:52:50,127 INFO  L115    AnnotateAndAsserter]: Conjunction of SSA is unsat
[2026-06-06 09:52:50,128 WARN  L254         TraceCheckSpWp]: Trace formula consists of 19 conjuncts, 13 conjuncts are in the unsatisfiable core
[2026-06-06 09:52:50,130 INFO  L279         TraceCheckSpWp]: Computing forward predicates...
[2026-06-06 09:52:50,153 INFO  L111    AnnotateAndAsserter]: Assert order TERMS_WITH_SMALL_CONSTANTS_FIRST issued 2 check-sat command(s) and asserted 18 of 18 statements.
[2026-06-06 09:52:50,153 INFO  L114    AnnotateAndAsserter]: Assert order TERMS_WITH_SMALL_CONSTANTS_FIRST issued 2 check-sat command(s)
[2026-06-06 09:52:50,154 INFO  L115    AnnotateAndAsserter]: Conjunction of SSA is unsat
[2026-06-06 09:52:50,183 INFO  L134       CoverageAnalysis]: Checked inductivity of 3 backedges. 0 proven. 3 refuted. 0 times theorem prover too weak. 0 trivial. 0 not checked.
[2026-06-06 09:52:50,183 INFO  L136   FreeRefinementEngine]: Strategy CAMEL found an infeasible trace
[2026-06-06 09:52:50,183 INFO  L324   FreeRefinementEngine]: Using interpolant generator IpTcStrategyModuleSmtInterpolCraig [491490156]
[2026-06-06 09:52:50,183 INFO  L158   FreeRefinementEngine]: IpTcStrategyModuleSmtInterpolCraig [491490156] provided 0 perfect and 1 imperfect interpolant sequences
[2026-06-06 09:52:50,183 INFO  L324   FreeRefinementEngine]: Using interpolant generator IpTcStrategyModuleZ3 [875167536]
[2026-06-06 09:52:50,183 INFO  L97    rtionOrderModulation]: Keeping assertion order NOT_INCREMENTALLY
[2026-06-06 09:52:50,183 INFO  L173          SolverBuilder]: Constructing external solver with command: z3 -smt2 -in SMTLIB2_COMPLIANT=true
[2026-06-06 09:52:50,186 INFO  L189       MonitoredProcess]: No working directory specified, using /usr/bin/z3
[2026-06-06 09:52:50,189 INFO  L229       MonitoredProcess]: Starting monitored process 19 with /usr/bin/z3 -smt2 -in SMTLIB2_COMPLIANT=true (exit command is (exit), workingDir is null)
[2026-06-06 09:52:50,190 INFO  L327       MonitoredProcess]: [MP /usr/bin/z3 -smt2 -in SMTLIB2_COMPLIANT=true (19)] Waiting until timeout for monitored process
[2026-06-06 09:52:50,208 INFO  L108    AnnotateAndAsserter]: Assert order NOT_INCREMENTALLY partitioned 5 statements into 1 equivalence classes.
[2026-06-06 09:52:50,217 INFO  L111    AnnotateAndAsserter]: Assert order NOT_INCREMENTALLY issued 1 check-sat command(s) and asserted 5 of 5 statements.
[2026-06-06 09:52:50,217 INFO  L114    AnnotateAndAsserter]: Assert order NOT_INCREMENTALLY issued 1 check-sat command(s)
[2026-06-06 09:52:50,217 INFO  L115    AnnotateAndAsserter]: Conjunction of SSA is unsat
[2026-06-06 09:52:50,218 WARN  L254         TraceCheckSpWp]: Trace formula consists of 24 conjuncts, 17 conjuncts are in the unsatisfiable core
[2026-06-06 09:52:50,221 INFO  L279         TraceCheckSpWp]: Computing forward predicates...
[2026-06-06 09:52:50,243 INFO  L134       CoverageAnalysis]: Checked inductivity of 1 backedges. 0 proven. 1 refuted. 0 times theorem prover too weak. 0 trivial. 0 not checked.
[2026-06-06 09:52:50,243 INFO  L312         TraceCheckSpWp]: Computing backward predicates...
[2026-06-06 09:52:50,258 INFO  L134       CoverageAnalysis]: Checked inductivity of 6 backedges. 0 proven. 6 refuted. 0 times theorem prover too weak. 0 trivial. 0 not checked.
[2026-06-06 09:52:50,258 INFO  L136   FreeRefinementEngine]: Strategy CAMEL found an infeasible trace
[2026-06-06 09:52:50,258 INFO  L324   FreeRefinementEngine]: Using interpolant generator IpTcStrategyModuleSmtInterpolCraig [1436393630]
[2026-06-06 09:52:50,259 INFO  L158   FreeRefinementEngine]: IpTcStrategyModuleSmtInterpolCraig [1436393630] provided 0 perfect and 1 imperfect interpolant sequences
[2026-06-06 09:52:50,259 INFO  L324   FreeRefinementEngine]: Using interpolant generator IpTcStrategyModuleZ3 [865365404]
[2026-06-06 09:52:50,259 INFO  L95    rtionOrderModulation]: Changing assertion order to TERMS_WITH_SMALL_CONSTANTS_FIRST
[2026-06-06 09:52:50,259 INFO  L173          SolverBuilder]: Constructing external solver with command: z3 -smt2 -in SMTLIB2_COMPLIANT=true
[2026-06-06 09:52:50,262 INFO  L189       MonitoredProcess]: No working directory specified, using /usr/bin/z3
[2026-06-06 09:52:50,264 INFO  L229       MonitoredProcess]: Starting monitored process 20 with /usr/bin/z3 -smt2 -in SMTLIB2_COMPLIANT=true (exit command is (exit), workingDir is null)
[2026-06-06 09:52:50,266 INFO  L327       MonitoredProcess]: [MP /usr/bin/z3 -smt2 -in SMTLIB2_COMPLIANT=true (20)] Waiting until timeout for monitored process
[2026-06-06 09:52:50,282 INFO  L108    AnnotateAndAsserter]: Assert order TERMS_WITH_SMALL_CONSTANTS_FIRST partitioned 6 statements into 2 equivalence classes.
[2026-06-06 09:52:50,296 INFO  L111    AnnotateAndAsserter]: Assert order TERMS_WITH_SMALL_CONSTANTS_FIRST issued 2 check-sat command(s) and asserted 6 of 6 statements.
[2026-06-06 09:52:50,296 INFO  L134       CoverageAnalysis]: Checked inductivity of 15 backedges. 6 proven. 9 refuted. 0 times theorem prover too weak. 0 trivial. 0 not checked.
[2026-06-06 09:52:50,296 INFO  L114    AnnotateAndAsserter]: Assert order TERMS_WITH_SMALL_CONSTANTS_FIRST issued 2 check-sat command(s)
[2026-06-06 09:52:50,296 INFO  L115    AnnotateAndAsserter]: Conjunction of SSA is unsat
[2026-06-06 09:52:50,296 INFO  L136   FreeRefinementEngine]: Strategy CAMEL found an infeasible trace
[2026-06-06 09:52:50,297 INFO  L324   FreeRefinementEngine]: Using interpolant generator IpTcStrategyModuleSmtInterpolCraig [1647012043]
[2026-06-06 09:52:50,297 INFO  L158   FreeRefinementEngine]: IpTcStrategyModuleSmtInterpolCraig [1647012043] provided 0 perfect and 1 imperfect interpolant sequences
[2026-06-06 09:52:50,297 INFO  L324   FreeRefinementEngine]: Using interpolant generator IpTcStrategyModuleZ3 [1962251157]
[2026-06-06 09:52:50,297 INFO  L95    rtionOrderModulation]: Changing assertion order to MIX_INSIDE_OUTSIDE
[2026-06-06 09:52:50,297 INFO  L173          SolverBuilder]: Constructing external solver with command: z3 -smt2 -in SMTLIB2_COMPLIANT=true
[2026-06-06 09:52:50,297 WARN  L254         TraceCheckSpWp]: Trace formula consists of 29 conjuncts, 22 conjuncts are in the unsatisfiable core
[2026-06-06 09:52:50,299 INFO  L279         TraceCheckSpWp]: Computing forward predicates...
[2026-06-06 09:52:50,300 INFO  L189       MonitoredProcess]: No working directory specified, using /usr/bin/z3
[2026-06-06 09:52:50,302 INFO  L229       MonitoredProcess]: Starting monitored process 21 with /usr/bin/z3 -smt2 -in SMTLIB2_COMPLIANT=true (exit command is (exit), workingDir is null)
[2026-06-06 09:52:50,303 INFO  L327       MonitoredProcess]: [MP /usr/bin/z3 -smt2 -in SMTLIB2_COMPLIANT=true (21)] Waiting until timeout for monitored process
[2026-06-06 09:52:50,322 INFO  L108    AnnotateAndAsserter]: Assert order MIX_INSIDE_OUTSIDE partitioned 8 statements into 4 equivalence classes.
[2026-06-06 09:52:50,331 INFO  L134       CoverageAnalysis]: Checked inductivity of 3 backedges. 0 proven. 3 refuted. 0 times theorem prover too weak. 0 trivial. 0 not checked.
[2026-06-06 09:52:50,331 INFO  L312         TraceCheckSpWp]: Computing backward predicates...
[2026-06-06 09:52:50,332 INFO  L134       CoverageAnalysis]: Checked inductivity of 1 backedges. 0 proven. 1 refuted. 0 times theorem prover too weak. 0 trivial. 0 not checked.
[2026-06-06 09:52:50,333 INFO  L158   FreeRefinementEngine]: IpTcStrategyModuleZ3 [1765536031] provided 0 perfect and 2 imperfect interpolant sequences
[2026-06-06 09:52:50,333 INFO  L185   FreeRefinementEngine]: Found 0 perfect and 3 imperfect interpolant sequences.
[2026-06-06 09:52:50,333 INFO  L198   FreeRefinementEngine]: Number of different interpolants: perfect sequences [] imperfect sequences [3, 3, 3] total 6
[2026-06-06 09:52:50,333 INFO  L122   tionRefinementEngine]: Using interpolant automaton builder IpAbStrategyModuleStraightlineAll [635648596]
[2026-06-06 09:52:50,333 INFO  L85    oduleStraightlineAll]: Using 3 imperfect interpolants to construct interpolant automaton
[2026-06-06 09:52:50,333 INFO  L100   FreeRefinementEngine]: Using predicate unifier PredicateUnifier provided by strategy CAMEL
[2026-06-06 09:52:50,334 INFO  L144   InterpolantAutomaton]: Constructing interpolant automaton starting with 7 interpolants.
[2026-06-06 09:52:50,334 INFO  L146   InterpolantAutomaton]: CoverageRelationStatistics Valid=18, Invalid=24, Unknown=0, NotChecked=0, Total=42
[2026-06-06 09:52:50,334 INFO  L419   CegarNwaWorkerThread]: Difference in Worker for Generalization
[2026-06-06 09:52:50,334 INFO  L87              Difference]: Start difference. First operand  has 5 states, 3 states have (on average 1.6666666666666667) internal successors, (5), 4 states have internal predecessors, (5), 0 states have call successors, (0), 0 states have call predecessors, (0), 0 states have return successors, (0), 0 states have call predecessors, (0), 0 states have call successors, (0) Second operand  has 7 states, 7 states have (on average 1.2857142857142858) internal successors, (9), 6 states have internal predecessors, (9), 0 states have call successors, (0), 0 states have call predecessors, (0), 0 states have return successors, (0), 0 states have call predecessors, (0), 0 states have call successors, (0)
[2026-06-06 09:52:50,335 INFO  L111    AnnotateAndAsserter]: Assert order MIX_INSIDE_OUTSIDE issued 4 check-sat command(s) and asserted 8 of 8 statements.
[2026-06-06 09:52:50,335 INFO  L114    AnnotateAndAsserter]: Assert order MIX_INSIDE_OUTSIDE issued 4 check-sat command(s)
[2026-06-06 09:52:50,335 INFO  L115    AnnotateAndAsserter]: Conjunction of SSA is unsat
[2026-06-06 09:52:50,336 WARN  L254         TraceCheckSpWp]: Trace formula consists of 39 conjuncts, 28 conjuncts are in the unsatisfiable core
[2026-06-06 09:52:50,338 INFO  L279         TraceCheckSpWp]: Computing forward predicates...
[2026-06-06 09:52:50,367 INFO  L134       CoverageAnalysis]: Checked inductivity of 10 backedges. 0 proven. 10 refuted. 0 times theorem prover too weak. 0 trivial. 0 not checked.
[2026-06-06 09:52:50,367 INFO  L136   FreeRefinementEngine]: Strategy CAMEL found an infeasible trace
[2026-06-06 09:52:50,367 INFO  L324   FreeRefinementEngine]: Using interpolant generator IpTcStrategyModuleSmtInterpolCraig [221017198]
[2026-06-06 09:52:50,368 INFO  L158   FreeRefinementEngine]: IpTcStrategyModuleSmtInterpolCraig [221017198] provided 0 perfect and 1 imperfect interpolant sequences
[2026-06-06 09:52:50,368 INFO  L324   FreeRefinementEngine]: Using interpolant generator IpTcStrategyModuleZ3 [1806364611]
[2026-06-06 09:52:50,368 INFO  L95    rtionOrderModulation]: Changing assertion order to OUTSIDE_LOOP_FIRST2
[2026-06-06 09:52:50,368 INFO  L173          SolverBuilder]: Constructing external solver with command: z3 -smt2 -in SMTLIB2_COMPLIANT=true
[2026-06-06 09:52:50,370 INFO  L189       MonitoredProcess]: No working directory specified, using /usr/bin/z3
[2026-06-06 09:52:50,373 INFO  L229       MonitoredProcess]: Starting monitored process 22 with /usr/bin/z3 -smt2 -in SMTLIB2_COMPLIANT=true (exit command is (exit), workingDir is null)
[2026-06-06 09:52:50,374 INFO  L327       MonitoredProcess]: [MP /usr/bin/z3 -smt2 -in SMTLIB2_COMPLIANT=true (22)] Waiting until timeout for monitored process
[2026-06-06 09:52:50,389 INFO  L108    AnnotateAndAsserter]: Assert order OUTSIDE_LOOP_FIRST2 partitioned 7 statements into 3 equivalence classes.
[2026-06-06 09:52:50,402 INFO  L111    AnnotateAndAsserter]: Assert order OUTSIDE_LOOP_FIRST2 issued 3 check-sat command(s) and asserted 7 of 7 statements.
[2026-06-06 09:52:50,402 INFO  L114    AnnotateAndAsserter]: Assert order OUTSIDE_LOOP_FIRST2 issued 3 check-sat command(s)
[2026-06-06 09:52:50,402 INFO  L115    AnnotateAndAsserter]: Conjunction of SSA is unsat
[2026-06-06 09:52:50,402 WARN  L254         TraceCheckSpWp]: Trace formula consists of 34 conjuncts, 25 conjuncts are in the unsatisfiable core
[2026-06-06 09:52:50,404 INFO  L279         TraceCheckSpWp]: Computing forward predicates...
[2026-06-06 09:52:50,406 INFO  L144             Difference]: Subtrahend was deterministic. Have not used determinization.
[2026-06-06 09:52:50,406 INFO  L93              Difference]: Finished difference Result 8 states and 8 transitions.
[2026-06-06 09:52:50,406 INFO  L140   InterpolantAutomaton]: Switched to read-only mode: deterministic interpolant automaton has 6 states. 
[2026-06-06 09:52:50,407 INFO  L225             Difference]: With dead ends: 8
[2026-06-06 09:52:50,407 INFO  L226             Difference]: Without dead ends: 8
[2026-06-06 09:52:50,407 INFO  L487   CegarNwaWorkerThread]: 0 DeclaredPredicates, 10 GetRequests, 4 SyntacticMatches, 0 SemanticMatches, 6 ConstructedPredicates, 0 IntricatePredicates, 0 DeprecatedPredicates, 5 ImplicationChecksByTransitivity, 0.1s TimeCoverageRelationStatistics Valid=25, Invalid=31, Unknown=0, NotChecked=0, Total=56
[2026-06-06 09:52:50,409 INFO  L488   CegarNwaWorkerThread]: 3 mSDtfsCounter, 0 mSDsluCounter, 4 mSDsCounter, 0 mSdLazyCounter, 13 mSolverCounterSat, 2 mSolverCounterUnsat, 0 mSolverCounterUnknown, 0 mSolverCounterNotChecked, 0.0s Time, 0 mProtectedPredicate, 0 mProtectedAction, 0 SdHoareTripleChecker+Valid, 7 SdHoareTripleChecker+Invalid, 15 SdHoareTripleChecker+Unknown, 0 SdHoareTripleChecker+Unchecked, 0.0s SdHoareTripleChecker+Time, 2 IncrementalHoareTripleChecker+Valid, 13 IncrementalHoareTripleChecker+Invalid, 0 IncrementalHoareTripleChecker+Unknown, 0 IncrementalHoareTripleChecker+Unchecked, 0.0s IncrementalHoareTripleChecker+Time
[2026-06-06 09:52:50,409 INFO  L489   CegarNwaWorkerThread]: SdHoareTripleChecker [0 Valid, 7 Invalid, 15 Unknown, 0 Unchecked, 0.0s Time], IncrementalHoareTripleChecker [2 Valid, 13 Invalid, 0 Unknown, 0 Unchecked, 0.0s Time]
[2026-06-06 09:52:50,410 INFO  L224   CegarNwaWorkerThread]: Done with Thread: 92#
[2026-06-06 09:52:50,410 INFO  L196   CegarNwaWorkerThread]: WorkerThread: Thread[#92,Worker for 930412,5,main] is Waiting for a Task
[2026-06-06 09:52:50,410 INFO  L634   ParallelNwaCegarLoop]: Waking up, a worker is done.
[2026-06-06 09:52:50,410 INFO  L293   ParallelNwaCegarLoop]: Main: A Thread is Done
[2026-06-06 09:52:50,410 INFO  L311   ParallelNwaCegarLoop]: Worker Automaton Type: FLOYD_HOARE
[2026-06-06 09:52:50,410 INFO  L79                 Accepts]: Start accepts. Automaton has 5 states and 5 transitions. Word has length 4
[2026-06-06 09:52:50,410 INFO  L85                 Accepts]: Finished accepts. word is accepted.
[2026-06-06 09:52:50,410 INFO  L313   ParallelNwaCegarLoop]: Refining Abstraction
[2026-06-06 09:52:50,410 INFO  L697   ParallelNwaCegarLoop]: Subtrahend traceHash: 930412
[2026-06-06 09:52:50,410 INFO  L664   ParallelNwaCegarLoop]: Difference in Main
[2026-06-06 09:52:50,410 INFO  L87              Difference]: Start difference. First operand 5 states and 5 transitions. Second operand  has 6 states, 5 states have (on average 2.6) internal successors, (13), 6 states have internal predecessors, (13), 0 states have call successors, (0), 0 states have call predecessors, (0), 0 states have return successors, (0), 0 states have call predecessors, (0), 0 states have call successors, (0)
[2026-06-06 09:52:50,410 INFO  L144             Difference]: Subtrahend was deterministic. Have not used determinization.
[2026-06-06 09:52:50,410 INFO  L93              Difference]: Finished difference Result 8 states and 8 transitions.
[2026-06-06 09:52:50,411 INFO  L225             Difference]: With dead ends: 8
[2026-06-06 09:52:50,411 INFO  L226             Difference]: Without dead ends: 8
[2026-06-06 09:52:50,411 INFO  L82        GeneralOperation]: Start minimizeSevpa. Operand 8 states.
[2026-06-06 09:52:50,411 INFO  L88        GeneralOperation]: Finished minimizeSevpa. Reduced states from 8 to 8.
[2026-06-06 09:52:50,411 INFO  L82        GeneralOperation]: Start removeUnreachable. Operand  has 8 states, 7 states have (on average 1.1428571428571428) internal successors, (8), 7 states have internal predecessors, (8), 0 states have call successors, (0), 0 states have call predecessors, (0), 0 states have return successors, (0), 0 states have call predecessors, (0), 0 states have call successors, (0)
[2026-06-06 09:52:50,411 INFO  L88        GeneralOperation]: Finished removeUnreachable. Reduced from 8 states to 8 states and 8 transitions.
[2026-06-06 09:52:50,411 INFO  L675   ParallelNwaCegarLoop]: Main: Refinement done.
[2026-06-06 09:52:50,411 INFO  L594   ParallelNwaCegarLoop]: Checking if program is safe
[2026-06-06 09:52:50,411 INFO  L290                IsEmpty]: Start isEmpty. Operand 8 states and 8 transitions.
[2026-06-06 09:52:50,411 INFO  L300                IsEmpty]: Finished isEmpty. Found accepting run of length 8
[2026-06-06 09:52:50,411 INFO  L199           NwaCegarLoop]: Found error trace
[2026-06-06 09:52:50,412 INFO  L207           NwaCegarLoop]: trace histogram [4, 1, 1, 1]
[2026-06-06 09:52:50,412 INFO  L336   ParallelNwaCegarLoop]: No more worker results to process
[2026-06-06 09:52:50,412 INFO  L290                IsEmpty]: Start isEmpty. Operand 8 states and 8 transitions.
[2026-06-06 09:52:50,412 INFO  L300                IsEmpty]: Finished isEmpty. Found accepting run of length 8
[2026-06-06 09:52:50,412 WARN  L753                IsEmpty]: Correctness of emptinessCheck not tested.
[2026-06-06 09:52:50,412 INFO  L79                 Accepts]: Start accepts. Automaton has 8 states and 8 transitions. Word has length 7
[2026-06-06 09:52:50,412 INFO  L85                 Accepts]: Finished accepts. word is accepted.
[2026-06-06 09:52:50,412 INFO  L757                IsEmpty]: Finished testing correctness of emptinessCheck
[2026-06-06 09:52:50,412 INFO  L1033  ParallelNwaCegarLoop]: BFS found an active duplicate counterexample.
[2026-06-06 09:52:50,412 INFO  L290                IsEmpty]: Start isEmptyParallel. Operand 8 states and 8 transitions.
[2026-06-06 09:52:50,412 INFO  L300                IsEmpty]: Finished isEmptyParallel. No accepting run.
[2026-06-06 09:52:50,412 INFO  L156        IsEmptyParallel]: Start isEmptyParallel. Operand 8 states and 8 transitions.
[2026-06-06 09:52:50,412 INFO  L182       IsEmptyHeuristic]: Start isEmptyHeuristic. Operand 8 states and 8 transitions.
[2026-06-06 09:52:50,413 INFO  L188       IsEmptyHeuristic]: Finished isEmptyHeuristic. Found accepting run of length 22
[2026-06-06 09:52:50,413 INFO  L163        IsEmptyParallel]: Finished isEmptyParallel. Found accepting run of length 22
[2026-06-06 09:52:50,413 WARN  L753                IsEmpty]: Correctness of emptinessCheck not tested.
[2026-06-06 09:52:50,413 INFO  L79                 Accepts]: Start accepts. Automaton has 8 states and 8 transitions. Word has length 21
[2026-06-06 09:52:50,413 INFO  L85                 Accepts]: Finished accepts. word is accepted.
[2026-06-06 09:52:50,413 INFO  L757                IsEmpty]: Finished testing correctness of emptinessCheck
[2026-06-06 09:52:50,413 INFO  L1028  ParallelNwaCegarLoop]: Found new Counterexample via IsEmptyParallel PAPER!
[2026-06-06 09:52:50,413 INFO  L86        PathProgramCache]: Analyzing trace with hash -1129747677, now seen corresponding path program 17 times
[2026-06-06 09:52:50,413 INFO  L614   ParallelNwaCegarLoop]: Main: Starting Thread
[2026-06-06 09:52:50,413 INFO  L283   ParallelNwaCegarLoop]: === Iteration 4 ===
[2026-06-06 09:52:50,413 INFO  L631   ParallelNwaCegarLoop]: All threads busy, going to sleep.
[2026-06-06 09:52:50,413 INFO  L209   CegarNwaWorkerThread]: Starting Thread: 92# for Trace Check: -1129747677
[2026-06-06 09:52:50,413 INFO  L156       PredicateUnifier]: Initialized classic predicate unifier
[2026-06-06 09:52:50,413 INFO  L86        PathProgramCache]: Analyzing trace with hash -1129747677, now seen corresponding path program 17 times
[2026-06-06 09:52:50,414 INFO  L118   FreeRefinementEngine]: Executing refinement strategy CAMEL
[2026-06-06 09:52:50,414 INFO  L324   FreeRefinementEngine]: Using trace check IpTcStrategyModuleSmtInterpolCraig [1988335935]
[2026-06-06 09:52:50,414 INFO  L95    rtionOrderModulation]: Changing assertion order to INSIDE_LOOP_FIRST1
[2026-06-06 09:52:50,414 INFO  L127          SolverBuilder]: Constructing new instance of SMTInterpol with explicit timeout -1 ms and remaining time -1 ms
[2026-06-06 09:52:50,418 INFO  L108    AnnotateAndAsserter]: Assert order INSIDE_LOOP_FIRST1 partitioned 21 statements into 10 equivalence classes.
[2026-06-06 09:52:50,430 INFO  L134       CoverageAnalysis]: Checked inductivity of 3 backedges. 0 proven. 3 refuted. 0 times theorem prover too weak. 0 trivial. 0 not checked.
[2026-06-06 09:52:50,430 INFO  L158   FreeRefinementEngine]: IpTcStrategyModuleZ3 [875167536] provided 0 perfect and 2 imperfect interpolant sequences
[2026-06-06 09:52:50,430 INFO  L185   FreeRefinementEngine]: Found 0 perfect and 3 imperfect interpolant sequences.
[2026-06-06 09:52:50,430 INFO  L198   FreeRefinementEngine]: Number of different interpolants: perfect sequences [] imperfect sequences [4, 4, 4] total 8
[2026-06-06 09:52:50,430 INFO  L122   tionRefinementEngine]: Using interpolant automaton builder IpAbStrategyModuleStraightlineAll [2134812305]
[2026-06-06 09:52:50,430 INFO  L85    oduleStraightlineAll]: Using 3 imperfect interpolants to construct interpolant automaton
[2026-06-06 09:52:50,430 INFO  L100   FreeRefinementEngine]: Using predicate unifier PredicateUnifier provided by strategy CAMEL
[2026-06-06 09:52:50,430 INFO  L144   InterpolantAutomaton]: Constructing interpolant automaton starting with 9 interpolants.
[2026-06-06 09:52:50,430 INFO  L146   InterpolantAutomaton]: CoverageRelationStatistics Valid=27, Invalid=45, Unknown=0, NotChecked=0, Total=72
[2026-06-06 09:52:50,430 INFO  L419   CegarNwaWorkerThread]: Difference in Worker for Generalization
[2026-06-06 09:52:50,431 INFO  L87              Difference]: Start difference. First operand  has 5 states, 3 states have (on average 1.6666666666666667) internal successors, (5), 4 states have internal predecessors, (5), 0 states have call successors, (0), 0 states have call predecessors, (0), 0 states have return successors, (0), 0 states have call predecessors, (0), 0 states have call successors, (0) Second operand  has 9 states, 9 states have (on average 1.2222222222222223) internal successors, (11), 8 states have internal predecessors, (11), 0 states have call successors, (0), 0 states have call predecessors, (0), 0 states have return successors, (0), 0 states have call predecessors, (0), 0 states have call successors, (0)
[2026-06-06 09:52:50,431 INFO  L134       CoverageAnalysis]: Checked inductivity of 21 backedges. 0 proven. 21 refuted. 0 times theorem prover too weak. 0 trivial. 0 not checked.
[2026-06-06 09:52:50,431 INFO  L136   FreeRefinementEngine]: Strategy CAMEL found an infeasible trace
[2026-06-06 09:52:50,431 INFO  L324   FreeRefinementEngine]: Using interpolant generator IpTcStrategyModuleSmtInterpolCraig [1183322744]
[2026-06-06 09:52:50,431 INFO  L158   FreeRefinementEngine]: IpTcStrategyModuleSmtInterpolCraig [1183322744] provided 0 perfect and 1 imperfect interpolant sequences
[2026-06-06 09:52:50,432 INFO  L324   FreeRefinementEngine]: Using interpolant generator IpTcStrategyModuleZ3 [835765026]
[2026-06-06 09:52:50,432 INFO  L95    rtionOrderModulation]: Changing assertion order to INSIDE_LOOP_FIRST1
[2026-06-06 09:52:50,432 INFO  L173          SolverBuilder]: Constructing external solver with command: z3 -smt2 -in SMTLIB2_COMPLIANT=true
[2026-06-06 09:52:50,432 INFO  L134       CoverageAnalysis]: Checked inductivity of 15 backedges. 0 proven. 15 refuted. 0 times theorem prover too weak. 0 trivial. 0 not checked.
[2026-06-06 09:52:50,432 INFO  L312         TraceCheckSpWp]: Computing backward predicates...
[2026-06-06 09:52:50,434 INFO  L189       MonitoredProcess]: No working directory specified, using /usr/bin/z3
[2026-06-06 09:52:50,436 INFO  L229       MonitoredProcess]: Starting monitored process 23 with /usr/bin/z3 -smt2 -in SMTLIB2_COMPLIANT=true (exit command is (exit), workingDir is null)
[2026-06-06 09:52:50,437 INFO  L327       MonitoredProcess]: [MP /usr/bin/z3 -smt2 -in SMTLIB2_COMPLIANT=true (23)] Waiting until timeout for monitored process
[2026-06-06 09:52:50,437 INFO  L111    AnnotateAndAsserter]: Assert order INSIDE_LOOP_FIRST1 issued 10 check-sat command(s) and asserted 21 of 21 statements.
[2026-06-06 09:52:50,437 INFO  L114    AnnotateAndAsserter]: Assert order INSIDE_LOOP_FIRST1 issued 10 check-sat command(s)
[2026-06-06 09:52:50,437 INFO  L115    AnnotateAndAsserter]: Conjunction of SSA is unsat
[2026-06-06 09:52:50,449 INFO  L134       CoverageAnalysis]: Checked inductivity of 6 backedges. 0 proven. 6 refuted. 0 times theorem prover too weak. 0 trivial. 0 not checked.
[2026-06-06 09:52:50,449 INFO  L312         TraceCheckSpWp]: Computing backward predicates...
[2026-06-06 09:52:50,457 INFO  L108    AnnotateAndAsserter]: Assert order INSIDE_LOOP_FIRST1 partitioned 9 statements into 4 equivalence classes.
[2026-06-06 09:52:50,457 INFO  L134       CoverageAnalysis]: Checked inductivity of 10 backedges. 0 proven. 10 refuted. 0 times theorem prover too weak. 0 trivial. 0 not checked.
[2026-06-06 09:52:50,457 INFO  L312         TraceCheckSpWp]: Computing backward predicates...
[2026-06-06 09:52:50,483 INFO  L134       CoverageAnalysis]: Checked inductivity of 66 backedges. 0 proven. 66 refuted. 0 times theorem prover too weak. 0 trivial. 0 not checked.
[2026-06-06 09:52:50,483 INFO  L136   FreeRefinementEngine]: Strategy CAMEL found an infeasible trace
[2026-06-06 09:52:50,483 INFO  L324   FreeRefinementEngine]: Using interpolant generator IpTcStrategyModuleSmtInterpolCraig [493147192]
[2026-06-06 09:52:50,483 INFO  L158   FreeRefinementEngine]: IpTcStrategyModuleSmtInterpolCraig [493147192] provided 0 perfect and 1 imperfect interpolant sequences
[2026-06-06 09:52:50,483 INFO  L324   FreeRefinementEngine]: Using interpolant generator IpTcStrategyModuleZ3 [132614886]
[2026-06-06 09:52:50,483 INFO  L95    rtionOrderModulation]: Changing assertion order to MIX_INSIDE_OUTSIDE
[2026-06-06 09:52:50,483 INFO  L173          SolverBuilder]: Constructing external solver with command: z3 -smt2 -in SMTLIB2_COMPLIANT=true
[2026-06-06 09:52:50,485 INFO  L189       MonitoredProcess]: No working directory specified, using /usr/bin/z3
[2026-06-06 09:52:50,488 INFO  L229       MonitoredProcess]: Starting monitored process 24 with /usr/bin/z3 -smt2 -in SMTLIB2_COMPLIANT=true (exit command is (exit), workingDir is null)
[2026-06-06 09:52:50,488 INFO  L327       MonitoredProcess]: [MP /usr/bin/z3 -smt2 -in SMTLIB2_COMPLIANT=true (24)] Waiting until timeout for monitored process
[2026-06-06 09:52:50,508 INFO  L108    AnnotateAndAsserter]: Assert order MIX_INSIDE_OUTSIDE partitioned 14 statements into 7 equivalence classes.
[2026-06-06 09:52:50,512 INFO  L111    AnnotateAndAsserter]: Assert order INSIDE_LOOP_FIRST1 issued 4 check-sat command(s) and asserted 9 of 9 statements.
[2026-06-06 09:52:50,512 INFO  L114    AnnotateAndAsserter]: Assert order INSIDE_LOOP_FIRST1 issued 4 check-sat command(s)
[2026-06-06 09:52:50,512 INFO  L115    AnnotateAndAsserter]: Conjunction of SSA is unsat
[2026-06-06 09:52:50,513 WARN  L254         TraceCheckSpWp]: Trace formula consists of 44 conjuncts, 33 conjuncts are in the unsatisfiable core
[2026-06-06 09:52:50,514 INFO  L279         TraceCheckSpWp]: Computing forward predicates...
[2026-06-06 09:52:50,524 INFO  L134       CoverageAnalysis]: Checked inductivity of 36 backedges. 0 proven. 36 refuted. 0 times theorem prover too weak. 0 trivial. 0 not checked.
[2026-06-06 09:52:50,524 INFO  L136   FreeRefinementEngine]: Strategy CAMEL found an infeasible trace
[2026-06-06 09:52:50,524 INFO  L324   FreeRefinementEngine]: Using interpolant generator IpTcStrategyModuleSmtInterpolCraig [1963886765]
[2026-06-06 09:52:50,524 INFO  L158   FreeRefinementEngine]: IpTcStrategyModuleSmtInterpolCraig [1963886765] provided 0 perfect and 1 imperfect interpolant sequences
[2026-06-06 09:52:50,524 INFO  L324   FreeRefinementEngine]: Using interpolant generator IpTcStrategyModuleZ3 [1950525592]
[2026-06-06 09:52:50,524 INFO  L95    rtionOrderModulation]: Changing assertion order to NOT_INCREMENTALLY
[2026-06-06 09:52:50,524 INFO  L173          SolverBuilder]: Constructing external solver with command: z3 -smt2 -in SMTLIB2_COMPLIANT=true
[2026-06-06 09:52:50,527 INFO  L189       MonitoredProcess]: No working directory specified, using /usr/bin/z3
[2026-06-06 09:52:50,529 INFO  L229       MonitoredProcess]: Starting monitored process 25 with /usr/bin/z3 -smt2 -in SMTLIB2_COMPLIANT=true (exit command is (exit), workingDir is null)
[2026-06-06 09:52:50,530 INFO  L327       MonitoredProcess]: [MP /usr/bin/z3 -smt2 -in SMTLIB2_COMPLIANT=true (25)] Waiting until timeout for monitored process
[2026-06-06 09:52:50,545 INFO  L108    AnnotateAndAsserter]: Assert order NOT_INCREMENTALLY partitioned 11 statements into 1 equivalence classes.
[2026-06-06 09:52:50,558 INFO  L134       CoverageAnalysis]: Checked inductivity of 45 backedges. 0 proven. 45 refuted. 0 times theorem prover too weak. 0 trivial. 0 not checked.
[2026-06-06 09:52:50,559 INFO  L136   FreeRefinementEngine]: Strategy CAMEL found an infeasible trace
[2026-06-06 09:52:50,559 INFO  L324   FreeRefinementEngine]: Using interpolant generator IpTcStrategyModuleSmtInterpolCraig [499014396]
[2026-06-06 09:52:50,559 INFO  L158   FreeRefinementEngine]: IpTcStrategyModuleSmtInterpolCraig [499014396] provided 0 perfect and 1 imperfect interpolant sequences
[2026-06-06 09:52:50,559 INFO  L324   FreeRefinementEngine]: Using interpolant generator IpTcStrategyModuleZ3 [2004072186]
[2026-06-06 09:52:50,559 INFO  L95    rtionOrderModulation]: Changing assertion order to TERMS_WITH_SMALL_CONSTANTS_FIRST
[2026-06-06 09:52:50,559 INFO  L173          SolverBuilder]: Constructing external solver with command: z3 -smt2 -in SMTLIB2_COMPLIANT=true
[2026-06-06 09:52:50,559 INFO  L144             Difference]: Subtrahend was deterministic. Have not used determinization.
[2026-06-06 09:52:50,559 INFO  L93              Difference]: Finished difference Result 10 states and 10 transitions.
[2026-06-06 09:52:50,560 INFO  L140   InterpolantAutomaton]: Switched to read-only mode: deterministic interpolant automaton has 8 states. 
[2026-06-06 09:52:50,560 INFO  L225             Difference]: With dead ends: 10
[2026-06-06 09:52:50,560 INFO  L226             Difference]: Without dead ends: 10
[2026-06-06 09:52:50,560 INFO  L487   CegarNwaWorkerThread]: 0 DeclaredPredicates, 15 GetRequests, 4 SyntacticMatches, 1 SemanticMatches, 10 ConstructedPredicates, 0 IntricatePredicates, 0 DeprecatedPredicates, 9 ImplicationChecksByTransitivity, 0.2s TimeCoverageRelationStatistics Valid=52, Invalid=80, Unknown=0, NotChecked=0, Total=132
[2026-06-06 09:52:50,561 INFO  L488   CegarNwaWorkerThread]: 3 mSDtfsCounter, 0 mSDsluCounter, 5 mSDsCounter, 0 mSdLazyCounter, 21 mSolverCounterSat, 2 mSolverCounterUnsat, 0 mSolverCounterUnknown, 0 mSolverCounterNotChecked, 0.0s Time, 0 mProtectedPredicate, 0 mProtectedAction, 0 SdHoareTripleChecker+Valid, 8 SdHoareTripleChecker+Invalid, 23 SdHoareTripleChecker+Unknown, 0 SdHoareTripleChecker+Unchecked, 0.0s SdHoareTripleChecker+Time, 2 IncrementalHoareTripleChecker+Valid, 21 IncrementalHoareTripleChecker+Invalid, 0 IncrementalHoareTripleChecker+Unknown, 0 IncrementalHoareTripleChecker+Unchecked, 0.0s IncrementalHoareTripleChecker+Time
[2026-06-06 09:52:50,561 INFO  L189       MonitoredProcess]: No working directory specified, using /usr/bin/z3
[2026-06-06 09:52:50,561 INFO  L489   CegarNwaWorkerThread]: SdHoareTripleChecker [0 Valid, 8 Invalid, 23 Unknown, 0 Unchecked, 0.0s Time], IncrementalHoareTripleChecker [2 Valid, 21 Invalid, 0 Unknown, 0 Unchecked, 0.0s Time]
[2026-06-06 09:52:50,561 INFO  L224   CegarNwaWorkerThread]: Done with Thread: 86#
[2026-06-06 09:52:50,561 INFO  L196   CegarNwaWorkerThread]: WorkerThread: Thread[#86,Worker for 28844579,5,main] is Waiting for a Task
[2026-06-06 09:52:50,561 INFO  L634   ParallelNwaCegarLoop]: Waking up, a worker is done.
[2026-06-06 09:52:50,562 INFO  L293   ParallelNwaCegarLoop]: Main: A Thread is Done
[2026-06-06 09:52:50,562 INFO  L311   ParallelNwaCegarLoop]: Worker Automaton Type: FLOYD_HOARE
[2026-06-06 09:52:50,562 INFO  L79                 Accepts]: Start accepts. Automaton has 8 states and 8 transitions. Word has length 5
[2026-06-06 09:52:50,562 INFO  L85                 Accepts]: Finished accepts. word is rejected.
[2026-06-06 09:52:50,562 INFO  L747   ParallelNwaCegarLoop]: Recorded stale counterexample prefix coverage.
[2026-06-06 09:52:50,562 INFO  L313   ParallelNwaCegarLoop]: Refining Abstraction
[2026-06-06 09:52:50,562 INFO  L697   ParallelNwaCegarLoop]: Subtrahend traceHash: 28844579
[2026-06-06 09:52:50,562 INFO  L664   ParallelNwaCegarLoop]: Difference in Main
[2026-06-06 09:52:50,562 INFO  L87              Difference]: Start difference. First operand 8 states and 8 transitions. Second operand  has 8 states, 7 states have (on average 2.4285714285714284) internal successors, (17), 8 states have internal predecessors, (17), 0 states have call successors, (0), 0 states have call predecessors, (0), 0 states have return successors, (0), 0 states have call predecessors, (0), 0 states have call successors, (0)
[2026-06-06 09:52:50,562 INFO  L144             Difference]: Subtrahend was deterministic. Have not used determinization.
[2026-06-06 09:52:50,562 INFO  L93              Difference]: Finished difference Result 10 states and 10 transitions.
[2026-06-06 09:52:50,562 INFO  L225             Difference]: With dead ends: 10
[2026-06-06 09:52:50,562 INFO  L226             Difference]: Without dead ends: 10
[2026-06-06 09:52:50,562 INFO  L82        GeneralOperation]: Start minimizeSevpa. Operand 10 states.
[2026-06-06 09:52:50,563 INFO  L88        GeneralOperation]: Finished minimizeSevpa. Reduced states from 10 to 10.
[2026-06-06 09:52:50,563 INFO  L82        GeneralOperation]: Start removeUnreachable. Operand  has 10 states, 9 states have (on average 1.1111111111111112) internal successors, (10), 9 states have internal predecessors, (10), 0 states have call successors, (0), 0 states have call predecessors, (0), 0 states have return successors, (0), 0 states have call predecessors, (0), 0 states have call successors, (0)
[2026-06-06 09:52:50,563 INFO  L229       MonitoredProcess]: Starting monitored process 26 with /usr/bin/z3 -smt2 -in SMTLIB2_COMPLIANT=true (exit command is (exit), workingDir is null)
[2026-06-06 09:52:50,563 INFO  L88        GeneralOperation]: Finished removeUnreachable. Reduced from 10 states to 10 states and 10 transitions.
[2026-06-06 09:52:50,563 INFO  L675   ParallelNwaCegarLoop]: Main: Refinement done.
[2026-06-06 09:52:50,563 INFO  L594   ParallelNwaCegarLoop]: Checking if program is safe
[2026-06-06 09:52:50,563 INFO  L290                IsEmpty]: Start isEmpty. Operand 10 states and 10 transitions.
[2026-06-06 09:52:50,564 INFO  L327       MonitoredProcess]: [MP /usr/bin/z3 -smt2 -in SMTLIB2_COMPLIANT=true (26)] Waiting until timeout for monitored process
[2026-06-06 09:52:50,564 INFO  L300                IsEmpty]: Finished isEmpty. Found accepting run of length 10
[2026-06-06 09:52:50,564 INFO  L199           NwaCegarLoop]: Found error trace
[2026-06-06 09:52:50,564 INFO  L207           NwaCegarLoop]: trace histogram [6, 1, 1, 1]
[2026-06-06 09:52:50,564 INFO  L336   ParallelNwaCegarLoop]: No more worker results to process
[2026-06-06 09:52:50,564 INFO  L290                IsEmpty]: Start isEmpty. Operand 10 states and 10 transitions.
[2026-06-06 09:52:50,564 INFO  L300                IsEmpty]: Finished isEmpty. Found accepting run of length 10
[2026-06-06 09:52:50,564 WARN  L753                IsEmpty]: Correctness of emptinessCheck not tested.
[2026-06-06 09:52:50,564 INFO  L79                 Accepts]: Start accepts. Automaton has 10 states and 10 transitions. Word has length 9
[2026-06-06 09:52:50,564 INFO  L85                 Accepts]: Finished accepts. word is accepted.
[2026-06-06 09:52:50,564 INFO  L757                IsEmpty]: Finished testing correctness of emptinessCheck
[2026-06-06 09:52:50,564 INFO  L1033  ParallelNwaCegarLoop]: BFS found an active duplicate counterexample.
[2026-06-06 09:52:50,564 INFO  L290                IsEmpty]: Start isEmptyParallel. Operand 10 states and 10 transitions.
[2026-06-06 09:52:50,564 INFO  L300                IsEmpty]: Finished isEmptyParallel. No accepting run.
[2026-06-06 09:52:50,564 INFO  L156        IsEmptyParallel]: Start isEmptyParallel. Operand 10 states and 10 transitions.
[2026-06-06 09:52:50,565 INFO  L182       IsEmptyHeuristic]: Start isEmptyHeuristic. Operand 10 states and 10 transitions.
[2026-06-06 09:52:50,565 INFO  L188       IsEmptyHeuristic]: Finished isEmptyHeuristic. Found accepting run of length 21
[2026-06-06 09:52:50,565 INFO  L163        IsEmptyParallel]: Finished isEmptyParallel. Found accepting run of length 21
[2026-06-06 09:52:50,565 WARN  L753                IsEmpty]: Correctness of emptinessCheck not tested.
[2026-06-06 09:52:50,565 INFO  L79                 Accepts]: Start accepts. Automaton has 10 states and 10 transitions. Word has length 20
[2026-06-06 09:52:50,566 INFO  L134       CoverageAnalysis]: Checked inductivity of 15 backedges. 0 proven. 15 refuted. 0 times theorem prover too weak. 0 trivial. 0 not checked.
[2026-06-06 09:52:50,566 INFO  L85                 Accepts]: Finished accepts. word is accepted.
[2026-06-06 09:52:50,566 INFO  L757                IsEmpty]: Finished testing correctness of emptinessCheck
[2026-06-06 09:52:50,566 INFO  L158   FreeRefinementEngine]: IpTcStrategyModuleZ3 [1962251157] provided 0 perfect and 2 imperfect interpolant sequences
[2026-06-06 09:52:50,566 INFO  L185   FreeRefinementEngine]: Found 0 perfect and 3 imperfect interpolant sequences.
[2026-06-06 09:52:50,566 INFO  L1028  ParallelNwaCegarLoop]: Found new Counterexample via IsEmptyParallel PAPER!
[2026-06-06 09:52:50,566 INFO  L86        PathProgramCache]: Analyzing trace with hash -313538196, now seen corresponding path program 18 times
[2026-06-06 09:52:50,566 INFO  L614   ParallelNwaCegarLoop]: Main: Starting Thread
[2026-06-06 09:52:50,566 INFO  L209   CegarNwaWorkerThread]: Starting Thread: 86# for Trace Check: -313538196
[2026-06-06 09:52:50,566 INFO  L198   FreeRefinementEngine]: Number of different interpolants: perfect sequences [] imperfect sequences [7, 7, 7] total 18
[2026-06-06 09:52:50,567 INFO  L122   tionRefinementEngine]: Using interpolant automaton builder IpAbStrategyModuleStraightlineAll [58201507]
[2026-06-06 09:52:50,567 INFO  L85    oduleStraightlineAll]: Using 3 imperfect interpolants to construct interpolant automaton
[2026-06-06 09:52:50,567 INFO  L156       PredicateUnifier]: Initialized classic predicate unifier
[2026-06-06 09:52:50,566 INFO  L283   ParallelNwaCegarLoop]: === Iteration 5 ===
[2026-06-06 09:52:50,567 INFO  L631   ParallelNwaCegarLoop]: All threads busy, going to sleep.
[2026-06-06 09:52:50,567 INFO  L86        PathProgramCache]: Analyzing trace with hash -313538196, now seen corresponding path program 18 times
[2026-06-06 09:52:50,567 INFO  L118   FreeRefinementEngine]: Executing refinement strategy CAMEL
[2026-06-06 09:52:50,567 INFO  L324   FreeRefinementEngine]: Using trace check IpTcStrategyModuleSmtInterpolCraig [76875321]
[2026-06-06 09:52:50,567 INFO  L95    rtionOrderModulation]: Changing assertion order to MIX_INSIDE_OUTSIDE
[2026-06-06 09:52:50,567 INFO  L127          SolverBuilder]: Constructing new instance of SMTInterpol with explicit timeout -1 ms and remaining time -1 ms
[2026-06-06 09:52:50,567 INFO  L100   FreeRefinementEngine]: Using predicate unifier PredicateUnifier provided by strategy CAMEL
[2026-06-06 09:52:50,568 INFO  L144   InterpolantAutomaton]: Constructing interpolant automaton starting with 19 interpolants.
[2026-06-06 09:52:50,568 INFO  L146   InterpolantAutomaton]: CoverageRelationStatistics Valid=118, Invalid=224, Unknown=0, NotChecked=0, Total=342
[2026-06-06 09:52:50,568 INFO  L419   CegarNwaWorkerThread]: Difference in Worker for Generalization
[2026-06-06 09:52:50,568 INFO  L87              Difference]: Start difference. First operand  has 5 states, 3 states have (on average 1.6666666666666667) internal successors, (5), 4 states have internal predecessors, (5), 0 states have call successors, (0), 0 states have call predecessors, (0), 0 states have return successors, (0), 0 states have call predecessors, (0), 0 states have call successors, (0) Second operand  has 19 states, 19 states have (on average 1.105263157894737) internal successors, (21), 18 states have internal predecessors, (21), 0 states have call successors, (0), 0 states have call predecessors, (0), 0 states have return successors, (0), 0 states have call predecessors, (0), 0 states have call successors, (0)
[2026-06-06 09:52:50,570 INFO  L108    AnnotateAndAsserter]: Assert order MIX_INSIDE_OUTSIDE partitioned 20 statements into 10 equivalence classes.
[2026-06-06 09:52:50,579 INFO  L134       CoverageAnalysis]: Checked inductivity of 28 backedges. 0 proven. 28 refuted. 0 times theorem prover too weak. 0 trivial. 0 not checked.
[2026-06-06 09:52:50,579 INFO  L136   FreeRefinementEngine]: Strategy CAMEL found an infeasible trace
[2026-06-06 09:52:50,579 INFO  L324   FreeRefinementEngine]: Using interpolant generator IpTcStrategyModuleSmtInterpolCraig [237220941]
[2026-06-06 09:52:50,580 INFO  L158   FreeRefinementEngine]: IpTcStrategyModuleSmtInterpolCraig [237220941] provided 0 perfect and 1 imperfect interpolant sequences
[2026-06-06 09:52:50,580 INFO  L324   FreeRefinementEngine]: Using interpolant generator IpTcStrategyModuleZ3 [1948458555]
[2026-06-06 09:52:50,580 INFO  L95    rtionOrderModulation]: Changing assertion order to OUTSIDE_LOOP_FIRST1
[2026-06-06 09:52:50,580 INFO  L173          SolverBuilder]: Constructing external solver with command: z3 -smt2 -in SMTLIB2_COMPLIANT=true
[2026-06-06 09:52:50,582 INFO  L189       MonitoredProcess]: No working directory specified, using /usr/bin/z3
[2026-06-06 09:52:50,584 INFO  L134       CoverageAnalysis]: Checked inductivity of 6 backedges. 0 proven. 6 refuted. 0 times theorem prover too weak. 0 trivial. 0 not checked.
[2026-06-06 09:52:50,584 INFO  L158   FreeRefinementEngine]: IpTcStrategyModuleZ3 [865365404] provided 0 perfect and 2 imperfect interpolant sequences
[2026-06-06 09:52:50,584 INFO  L185   FreeRefinementEngine]: Found 0 perfect and 3 imperfect interpolant sequences.
[2026-06-06 09:52:50,584 INFO  L198   FreeRefinementEngine]: Number of different interpolants: perfect sequences [] imperfect sequences [5, 5, 5] total 11
[2026-06-06 09:52:50,584 INFO  L122   tionRefinementEngine]: Using interpolant automaton builder IpAbStrategyModuleStraightlineAll [1957649350]
[2026-06-06 09:52:50,584 INFO  L85    oduleStraightlineAll]: Using 3 imperfect interpolants to construct interpolant automaton
[2026-06-06 09:52:50,584 INFO  L229       MonitoredProcess]: Starting monitored process 27 with /usr/bin/z3 -smt2 -in SMTLIB2_COMPLIANT=true (exit command is (exit), workingDir is null)
[2026-06-06 09:52:50,584 INFO  L100   FreeRefinementEngine]: Using predicate unifier PredicateUnifier provided by strategy CAMEL
[2026-06-06 09:52:50,584 INFO  L111    AnnotateAndAsserter]: Assert order MIX_INSIDE_OUTSIDE issued 10 check-sat command(s) and asserted 20 of 20 statements.
[2026-06-06 09:52:50,584 INFO  L114    AnnotateAndAsserter]: Assert order MIX_INSIDE_OUTSIDE issued 10 check-sat command(s)
[2026-06-06 09:52:50,584 INFO  L115    AnnotateAndAsserter]: Conjunction of SSA is unsat
[2026-06-06 09:52:50,585 INFO  L144   InterpolantAutomaton]: Constructing interpolant automaton starting with 12 interpolants.
[2026-06-06 09:52:50,585 INFO  L146   InterpolantAutomaton]: CoverageRelationStatistics Valid=46, Invalid=86, Unknown=0, NotChecked=0, Total=132
[2026-06-06 09:52:50,585 INFO  L419   CegarNwaWorkerThread]: Difference in Worker for Generalization
[2026-06-06 09:52:50,585 INFO  L87              Difference]: Start difference. First operand  has 5 states, 3 states have (on average 1.6666666666666667) internal successors, (5), 4 states have internal predecessors, (5), 0 states have call successors, (0), 0 states have call predecessors, (0), 0 states have return successors, (0), 0 states have call predecessors, (0), 0 states have call successors, (0) Second operand  has 12 states, 12 states have (on average 1.1666666666666667) internal successors, (14), 11 states have internal predecessors, (14), 0 states have call successors, (0), 0 states have call predecessors, (0), 0 states have return successors, (0), 0 states have call predecessors, (0), 0 states have call successors, (0)
[2026-06-06 09:52:50,585 INFO  L327       MonitoredProcess]: [MP /usr/bin/z3 -smt2 -in SMTLIB2_COMPLIANT=true (27)] Waiting until timeout for monitored process
[2026-06-06 09:52:50,586 INFO  L134       CoverageAnalysis]: Checked inductivity of 10 backedges. 0 proven. 10 refuted. 0 times theorem prover too weak. 0 trivial. 0 not checked.
[2026-06-06 09:52:50,586 INFO  L158   FreeRefinementEngine]: IpTcStrategyModuleZ3 [1806364611] provided 0 perfect and 2 imperfect interpolant sequences
[2026-06-06 09:52:50,586 INFO  L185   FreeRefinementEngine]: Found 0 perfect and 3 imperfect interpolant sequences.
[2026-06-06 09:52:50,586 INFO  L198   FreeRefinementEngine]: Number of different interpolants: perfect sequences [] imperfect sequences [6, 6, 6] total 12
[2026-06-06 09:52:50,586 INFO  L122   tionRefinementEngine]: Using interpolant automaton builder IpAbStrategyModuleStraightlineAll [549741576]
[2026-06-06 09:52:50,586 INFO  L85    oduleStraightlineAll]: Using 3 imperfect interpolants to construct interpolant automaton
[2026-06-06 09:52:50,586 INFO  L100   FreeRefinementEngine]: Using predicate unifier PredicateUnifier provided by strategy CAMEL
[2026-06-06 09:52:50,586 INFO  L144   InterpolantAutomaton]: Constructing interpolant automaton starting with 13 interpolants.
[2026-06-06 09:52:50,587 INFO  L108    AnnotateAndAsserter]: Assert order TERMS_WITH_SMALL_CONSTANTS_FIRST partitioned 12 statements into 2 equivalence classes.
[2026-06-06 09:52:50,587 INFO  L146   InterpolantAutomaton]: CoverageRelationStatistics Valid=54, Invalid=102, Unknown=0, NotChecked=0, Total=156
[2026-06-06 09:52:50,587 INFO  L419   CegarNwaWorkerThread]: Difference in Worker for Generalization
[2026-06-06 09:52:50,587 INFO  L87              Difference]: Start difference. First operand  has 5 states, 3 states have (on average 1.6666666666666667) internal successors, (5), 4 states have internal predecessors, (5), 0 states have call successors, (0), 0 states have call predecessors, (0), 0 states have return successors, (0), 0 states have call predecessors, (0), 0 states have call successors, (0) Second operand  has 13 states, 13 states have (on average 1.1538461538461537) internal successors, (15), 12 states have internal predecessors, (15), 0 states have call successors, (0), 0 states have call predecessors, (0), 0 states have return successors, (0), 0 states have call predecessors, (0), 0 states have call successors, (0)
[2026-06-06 09:52:50,602 INFO  L108    AnnotateAndAsserter]: Assert order OUTSIDE_LOOP_FIRST1 partitioned 10 statements into 2 equivalence classes.
[2026-06-06 09:52:50,627 INFO  L111    AnnotateAndAsserter]: Assert order OUTSIDE_LOOP_FIRST1 issued 2 check-sat command(s) and asserted 10 of 10 statements.
[2026-06-06 09:52:50,628 INFO  L114    AnnotateAndAsserter]: Assert order OUTSIDE_LOOP_FIRST1 issued 2 check-sat command(s)
[2026-06-06 09:52:50,628 INFO  L115    AnnotateAndAsserter]: Conjunction of SSA is unsat
[2026-06-06 09:52:50,628 INFO  L134       CoverageAnalysis]: Checked inductivity of 21 backedges. 0 proven. 21 refuted. 0 times theorem prover too weak. 0 trivial. 0 not checked.
[2026-06-06 09:52:50,628 INFO  L312         TraceCheckSpWp]: Computing backward predicates...
[2026-06-06 09:52:50,628 WARN  L254         TraceCheckSpWp]: Trace formula consists of 49 conjuncts, 36 conjuncts are in the unsatisfiable core
[2026-06-06 09:52:50,629 INFO  L279         TraceCheckSpWp]: Computing forward predicates...
[2026-06-06 09:52:50,634 INFO  L144             Difference]: Subtrahend was deterministic. Have not used determinization.
[2026-06-06 09:52:50,634 INFO  L93              Difference]: Finished difference Result 8 states and 8 transitions.
[2026-06-06 09:52:50,635 INFO  L140   InterpolantAutomaton]: Switched to read-only mode: deterministic interpolant automaton has 9 states. 
[2026-06-06 09:52:50,635 INFO  L225             Difference]: With dead ends: 8
[2026-06-06 09:52:50,635 INFO  L226             Difference]: Without dead ends: 0
[2026-06-06 09:52:50,636 INFO  L487   CegarNwaWorkerThread]: 0 DeclaredPredicates, 26 GetRequests, 4 SyntacticMatches, 0 SemanticMatches, 22 ConstructedPredicates, 0 IntricatePredicates, 0 DeprecatedPredicates, 146 ImplicationChecksByTransitivity, 0.2s TimeCoverageRelationStatistics Valid=185, Invalid=367, Unknown=0, NotChecked=0, Total=552
[2026-06-06 09:52:50,636 INFO  L488   CegarNwaWorkerThread]: 1 mSDtfsCounter, 0 mSDsluCounter, 0 mSDsCounter, 0 mSdLazyCounter, 46 mSolverCounterSat, 0 mSolverCounterUnsat, 0 mSolverCounterUnknown, 0 mSolverCounterNotChecked, 0.0s Time, 0 mProtectedPredicate, 0 mProtectedAction, 0 SdHoareTripleChecker+Valid, 1 SdHoareTripleChecker+Invalid, 46 SdHoareTripleChecker+Unknown, 0 SdHoareTripleChecker+Unchecked, 0.0s SdHoareTripleChecker+Time, 0 IncrementalHoareTripleChecker+Valid, 46 IncrementalHoareTripleChecker+Invalid, 0 IncrementalHoareTripleChecker+Unknown, 0 IncrementalHoareTripleChecker+Unchecked, 0.0s IncrementalHoareTripleChecker+Time
[2026-06-06 09:52:50,636 INFO  L489   CegarNwaWorkerThread]: SdHoareTripleChecker [0 Valid, 1 Invalid, 46 Unknown, 0 Unchecked, 0.0s Time], IncrementalHoareTripleChecker [0 Valid, 46 Invalid, 0 Unknown, 0 Unchecked, 0.0s Time]
[2026-06-06 09:52:50,637 INFO  L224   CegarNwaWorkerThread]: Done with Thread: 116#
[2026-06-06 09:52:50,637 INFO  L196   CegarNwaWorkerThread]: WorkerThread: Thread[#116,Worker for 317188140,5,main] is Waiting for a Task
[2026-06-06 09:52:50,637 INFO  L634   ParallelNwaCegarLoop]: Waking up, a worker is done.
[2026-06-06 09:52:50,638 INFO  L293   ParallelNwaCegarLoop]: Main: A Thread is Done
[2026-06-06 09:52:50,638 INFO  L311   ParallelNwaCegarLoop]: Worker Automaton Type: FLOYD_HOARE
[2026-06-06 09:52:50,638 INFO  L79                 Accepts]: Start accepts. Automaton has 10 states and 10 transitions. Word has length 8
[2026-06-06 09:52:50,638 INFO  L85                 Accepts]: Finished accepts. word is rejected.
[2026-06-06 09:52:50,638 INFO  L747   ParallelNwaCegarLoop]: Recorded stale counterexample prefix coverage.
[2026-06-06 09:52:50,638 INFO  L313   ParallelNwaCegarLoop]: Refining Abstraction
[2026-06-06 09:52:50,638 INFO  L697   ParallelNwaCegarLoop]: Subtrahend traceHash: 317188140
[2026-06-06 09:52:50,638 INFO  L664   ParallelNwaCegarLoop]: Difference in Main
[2026-06-06 09:52:50,638 INFO  L87              Difference]: Start difference. First operand 10 states and 10 transitions. Second operand  has 9 states, 8 states have (on average 1.875) internal successors, (15), 8 states have internal predecessors, (15), 0 states have call successors, (0), 0 states have call predecessors, (0), 0 states have return successors, (0), 0 states have call predecessors, (0), 0 states have call successors, (0)
[2026-06-06 09:52:50,638 INFO  L144             Difference]: Subtrahend was deterministic. Have not used determinization.
[2026-06-06 09:52:50,638 INFO  L93              Difference]: Finished difference Result 8 states and 8 transitions.
[2026-06-06 09:52:50,638 INFO  L225             Difference]: With dead ends: 8
[2026-06-06 09:52:50,638 INFO  L226             Difference]: Without dead ends: 0
[2026-06-06 09:52:50,638 INFO  L82        GeneralOperation]: Start minimizeSevpa. Operand 0 states.
[2026-06-06 09:52:50,638 INFO  L88        GeneralOperation]: Finished minimizeSevpa. Reduced states from 0 to 0.
[2026-06-06 09:52:50,638 INFO  L82        GeneralOperation]: Start removeUnreachable. Operand  has 0 states, 0 states have (on average 0.0) internal successors, (0), 0 states have internal predecessors, (0), 0 states have call successors, (0), 0 states have call predecessors, (0), 0 states have return successors, (0), 0 states have call predecessors, (0), 0 states have call successors, (0)
[2026-06-06 09:52:50,638 INFO  L88        GeneralOperation]: Finished removeUnreachable. Reduced from 0 states to 0 states and 0 transitions.
[2026-06-06 09:52:50,638 INFO  L675   ParallelNwaCegarLoop]: Main: Refinement done.
[2026-06-06 09:52:50,638 INFO  L594   ParallelNwaCegarLoop]: Checking if program is safe
[2026-06-06 09:52:50,639 INFO  L290                IsEmpty]: Start isEmpty. Operand 0 states and 0 transitions.
[2026-06-06 09:52:50,639 INFO  L300                IsEmpty]: Finished isEmpty. No accepting run.
[2026-06-06 09:52:50,644 INFO  L796   garLoopResultBuilder]: Registering result SAFE for location ULTIMATE.startErr0ASSERT_VIOLATIONASSERT (0 of 1 remaining)
[2026-06-06 09:52:50,644 INFO  L597   ParallelNwaCegarLoop]: Result: SAFE
[2026-06-06 09:52:50,648 INFO  L546       MonitoredProcess]: [MP /usr/bin/z3 SMTLIB2_COMPLIANT=true -memory:1024 -smt2 -in -t:12000 (16)] Ended with exit code 0
[2026-06-06 09:52:50,847 INFO  L546       MonitoredProcess]: [MP /usr/bin/z3 SMTLIB2_COMPLIANT=true -memory:1024 -smt2 -in -t:12000 (9)] Ended with exit code 0
[2026-06-06 09:52:51,049 INFO  L546       MonitoredProcess]: [MP /usr/bin/z3 -smt2 -in SMTLIB2_COMPLIANT=true (25)] Ended with exit code 0
[2026-06-06 09:52:51,248 INFO  L546       MonitoredProcess]: [MP /usr/bin/z3 -smt2 -in SMTLIB2_COMPLIANT=true (20)] Ended with exit code 0
[2026-06-06 09:52:51,448 INFO  L534       MonitoredProcess]: [MP /usr/bin/z3 SMTLIB2_COMPLIANT=true -memory:1024 -smt2 -in -t:12000 (5)] Forceful destruction successful, exit code 0
[2026-06-06 09:52:51,648 INFO  L546       MonitoredProcess]: [MP /usr/bin/z3 SMTLIB2_COMPLIANT=true -memory:1024 -smt2 -in -t:12000 (12)] Ended with exit code 0
[2026-06-06 09:52:51,849 INFO  L546       MonitoredProcess]: [MP /usr/bin/z3 SMTLIB2_COMPLIANT=true -memory:1024 -smt2 -in -t:12000 (17)] Ended with exit code 0
[2026-06-06 09:52:52,047 WARN  L718   oredProcess$PipePump]: [MP /usr/bin/z3 SMTLIB2_COMPLIANT=true -memory:1024 -smt2 -in -t:12000 (8)] The stream was forcibly closed: stdIn
[2026-06-06 09:52:52,049 INFO  L546       MonitoredProcess]: [MP /usr/bin/z3 SMTLIB2_COMPLIANT=true -memory:1024 -smt2 -in -t:12000 (8)] Ended with exit code 0
[2026-06-06 09:52:52,250 INFO  L546       MonitoredProcess]: [MP /usr/bin/z3 SMTLIB2_COMPLIANT=true -memory:1024 -smt2 -in -t:12000 (15)] Ended with exit code 0
[2026-06-06 09:52:52,451 INFO  L546       MonitoredProcess]: [MP /usr/bin/z3 -smt2 -in SMTLIB2_COMPLIANT=true (23)] Ended with exit code 0
[2026-06-06 09:52:52,651 INFO  L546       MonitoredProcess]: [MP /usr/bin/z3 -smt2 -in SMTLIB2_COMPLIANT=true (19)] Ended with exit code 0
[2026-06-06 09:52:52,852 INFO  L546       MonitoredProcess]: [MP /usr/bin/z3 -smt2 -in SMTLIB2_COMPLIANT=true (26)] Ended with exit code 0
[2026-06-06 09:52:53,052 INFO  L546       MonitoredProcess]: [MP /usr/bin/z3 SMTLIB2_COMPLIANT=true -memory:1024 -smt2 -in -t:12000 (7)] Ended with exit code 0
[2026-06-06 09:52:53,252 INFO  L546       MonitoredProcess]: [MP /usr/bin/z3 SMTLIB2_COMPLIANT=true -memory:1024 -smt2 -in -t:12000 (2)] Ended with exit code 0
[2026-06-06 09:52:53,453 INFO  L546       MonitoredProcess]: [MP /usr/bin/z3 SMTLIB2_COMPLIANT=true -memory:1024 -smt2 -in -t:12000 (11)] Ended with exit code 0
[2026-06-06 09:52:53,650 WARN  L718   oredProcess$PipePump]: [MP /usr/bin/z3 -smt2 -in SMTLIB2_COMPLIANT=true (21)] The stream was forcibly closed: stdIn
[2026-06-06 09:52:53,653 INFO  L546       MonitoredProcess]: [MP /usr/bin/z3 -smt2 -in SMTLIB2_COMPLIANT=true (21)] Ended with exit code 0
[2026-06-06 09:52:53,854 INFO  L546       MonitoredProcess]: [MP /usr/bin/z3 SMTLIB2_COMPLIANT=true -memory:1024 -smt2 -in -t:12000 (14)] Ended with exit code 0
[2026-06-06 09:52:54,054 INFO  L546       MonitoredProcess]: [MP /usr/bin/z3 SMTLIB2_COMPLIANT=true -memory:1024 -smt2 -in -t:12000 (3)] Ended with exit code 0
[2026-06-06 09:52:54,254 INFO  L546       MonitoredProcess]: [MP /usr/bin/z3 SMTLIB2_COMPLIANT=true -memory:1024 -smt2 -in -t:12000 (10)] Ended with exit code 0
[2026-06-06 09:52:54,455 INFO  L546       MonitoredProcess]: [MP /usr/bin/z3 SMTLIB2_COMPLIANT=true -memory:1024 -smt2 -in -t:12000 (6)] Ended with exit code 0
[2026-06-06 09:52:54,656 INFO  L546       MonitoredProcess]: [MP /usr/bin/z3 -smt2 -in SMTLIB2_COMPLIANT=true (24)] Ended with exit code 0
[2026-06-06 09:52:54,855 INFO  L546       MonitoredProcess]: [MP /usr/bin/z3 -smt2 -in SMTLIB2_COMPLIANT=true (18)] Ended with exit code 0
[2026-06-06 09:52:55,056 INFO  L546       MonitoredProcess]: [MP /usr/bin/z3 -smt2 -in SMTLIB2_COMPLIANT=true (27)] Ended with exit code 0
[2026-06-06 09:52:55,256 INFO  L546       MonitoredProcess]: [MP /usr/bin/z3 SMTLIB2_COMPLIANT=true -memory:1024 -smt2 -in -t:12000 (13)] Ended with exit code 0
[2026-06-06 09:52:55,456 INFO  L546       MonitoredProcess]: [MP /usr/bin/z3 SMTLIB2_COMPLIANT=true -memory:1024 -smt2 -in -t:12000 (4)] Ended with exit code 0
[2026-06-06 09:52:55,657 INFO  L546       MonitoredProcess]: [MP /usr/bin/z3 -smt2 -in SMTLIB2_COMPLIANT=true (22)] Ended with exit code 0
[2026-06-06 09:52:55,854 WARN  L645   ParallelNwaCegarLoop]: Destroyed unattended storables created during the last iteration: 16 /usr/bin/z3 SMTLIB2_COMPLIANT=true -memory:1024 -smt2 -in -t:12000,9 /usr/bin/z3 SMTLIB2_COMPLIANT=true -memory:1024 -smt2 -in -t:12000,25 /usr/bin/z3 -smt2 -in SMTLIB2_COMPLIANT=true,20 /usr/bin/z3 -smt2 -in SMTLIB2_COMPLIANT=true,5 /usr/bin/z3 SMTLIB2_COMPLIANT=true -memory:1024 -smt2 -in -t:12000,12 /usr/bin/z3 SMTLIB2_COMPLIANT=true -memory:1024 -smt2 -in -t:12000,SelfDestructingSolverStorable4,17 /usr/bin/z3 SMTLIB2_COMPLIANT=true -memory:1024 -smt2 -in -t:12000,SelfDestructingSolverStorable3,8 /usr/bin/z3 SMTLIB2_COMPLIANT=true -memory:1024 -smt2 -in -t:12000,SelfDestructingSolverStorable2,15 /usr/bin/z3 SMTLIB2_COMPLIANT=true -memory:1024 -smt2 -in -t:12000,SelfDestructingSolverStorable1,SelfDestructingSolverStorable8,SelfDestructingSolverStorable7,SelfDestructingSolverStorable6,23 /usr/bin/z3 -smt2 -in SMTLIB2_COMPLIANT=true,SelfDestructingSolverStorable5,SelfDestructingSolverStorable10,19 /usr/bin/z3 -smt2 -in SMTLIB2_COMPLIANT=true,26 /usr/bin/z3 -smt2 -in SMTLIB2_COMPLIANT=true,SelfDestructingSolverStorable11,SelfDestructingSolverStorable12,SelfDestructingSolverStorable9,SelfDestructingSolverStorable13,7 /usr/bin/z3 SMTLIB2_COMPLIANT=true -memory:1024 -smt2 -in -t:12000,SelfDestructingSolverStorable14,SelfDestructingSolverStorable15,SelfDestructingSolverStorable16,2 /usr/bin/z3 SMTLIB2_COMPLIANT=true -memory:1024 -smt2 -in -t:12000,11 /usr/bin/z3 SMTLIB2_COMPLIANT=true -memory:1024 -smt2 -in -t:12000,SelfDestructingSolverStorable17,21 /usr/bin/z3 -smt2 -in SMTLIB2_COMPLIANT=true,14 /usr/bin/z3 SMTLIB2_COMPLIANT=true -memory:1024 -smt2 -in -t:12000,3 /usr/bin/z3 SMTLIB2_COMPLIANT=true -memory:1024 -smt2 -in -t:12000,10 /usr/bin/z3 SMTLIB2_COMPLIANT=true -memory:1024 -smt2 -in -t:12000,6 /usr/bin/z3 SMTLIB2_COMPLIANT=true -memory:1024 -smt2 -in -t:12000,SelfDestructingSolverStorable0,24 /usr/bin/z3 -smt2 -in SMTLIB2_COMPLIANT=true,18 /usr/bin/z3 -smt2 -in SMTLIB2_COMPLIANT=true,27 /usr/bin/z3 -smt2 -in SMTLIB2_COMPLIANT=true,13 /usr/bin/z3 SMTLIB2_COMPLIANT=true -memory:1024 -smt2 -in -t:12000,4 /usr/bin/z3 SMTLIB2_COMPLIANT=true -memory:1024 -smt2 -in -t:12000,22 /usr/bin/z3 -smt2 -in SMTLIB2_COMPLIANT=true
[2026-06-06 09:52:55,854 INFO  L509   ParallelNwaCegarLoop]: Iteration 5
[2026-06-06 09:52:55,854 INFO  L510   ParallelNwaCegarLoop]: SearchMode: ADAPTIVE_BATCH_LCPS
[2026-06-06 09:52:55,854 INFO  L511   ParallelNwaCegarLoop]: Refinements: 4
[2026-06-06 09:52:55,854 INFO  L512   ParallelNwaCegarLoop]: Counterexamples: 19
[2026-06-06 09:52:55,854 INFO  L513   ParallelNwaCegarLoop]: SearchTimeout: 0
[2026-06-06 09:52:55,854 INFO  L514   ParallelNwaCegarLoop]: RunConstructionFailed: 0
[2026-06-06 09:52:55,854 INFO  L515   ParallelNwaCegarLoop]: SearchFailed: 0
[2026-06-06 09:52:55,854 INFO  L516   ParallelNwaCegarLoop]: Duplicate freshness failures: 4
[2026-06-06 09:52:55,854 INFO  L517   ParallelNwaCegarLoop]: DuplicateFreshnessFailures: 4
[2026-06-06 09:52:55,854 INFO  L518   ParallelNwaCegarLoop]: BFS: 1
[2026-06-06 09:52:55,854 INFO  L519   ParallelNwaCegarLoop]: IsEmptyParallel: 18
[2026-06-06 09:52:55,854 INFO  L520   ParallelNwaCegarLoop]: ActiveThreads: 16
[2026-06-06 09:52:55,854 INFO  L521   ParallelNwaCegarLoop]: ActiveExecutorsForPathPrograms: 0
[2026-06-06 09:52:55,854 INFO  L522   ParallelNwaCegarLoop]: IterationsWithMaxThreads: 4
[2026-06-06 09:52:55,854 INFO  L523   ParallelNwaCegarLoop]: IterationsWithONEThread: 0
[2026-06-06 09:52:55,854 INFO  L524   ParallelNwaCegarLoop]: SearchTime: 0 s
[2026-06-06 09:52:55,854 INFO  L525   ParallelNwaCegarLoop]: WorkerSetUpTime: 0 s
[2026-06-06 09:52:55,854 INFO  L526   ParallelNwaCegarLoop]: ExceptionInWorker: 0
[2026-06-06 09:52:55,854 INFO  L527   ParallelNwaCegarLoop]: mRefinementTime: 0
[2026-06-06 09:52:55,854 INFO  L528   ParallelNwaCegarLoop]: Prefix cache checked paths: 19
[2026-06-06 09:52:55,855 INFO  L529   ParallelNwaCegarLoop]: Prefix cache stale paths: 2
[2026-06-06 09:52:55,855 INFO  L530   ParallelNwaCegarLoop]: Stale paths: 2
[2026-06-06 09:52:55,855 INFO  L531   ParallelNwaCegarLoop]: LcpsCheckedPrefixQueries: 0
[2026-06-06 09:52:55,855 INFO  L532   ParallelNwaCegarLoop]: LcpsStalePrefixQueries: 0
[2026-06-06 09:52:55,855 INFO  L533   ParallelNwaCegarLoop]: LcpsCheckedPrefixHits: 0
[2026-06-06 09:52:55,855 INFO  L534   ParallelNwaCegarLoop]: LcpsStalePrefixHits: 0
[2026-06-06 09:52:55,855 INFO  L535   ParallelNwaCegarLoop]: LcpsSearchInvocations: 0
[2026-06-06 09:52:55,855 INFO  L536   ParallelNwaCegarLoop]: LcpsFullCacheSuffixInvocations: 0
[2026-06-06 09:52:55,855 INFO  L537   ParallelNwaCegarLoop]: LcpsFullCacheSuffixFallbacks: 0
[2026-06-06 09:52:55,855 INFO  L538   ParallelNwaCegarLoop]: LcpsEffectivePriorityDecisions: 0
[2026-06-06 09:52:55,855 INFO  L539   ParallelNwaCegarLoop]: BatchLcpsInvocations: 0
[2026-06-06 09:52:55,855 INFO  L540   ParallelNwaCegarLoop]: BatchLcpsAvailableSlotsTotal: 0
[2026-06-06 09:52:55,855 INFO  L541   ParallelNwaCegarLoop]: BatchLcpsCandidatesGenerated: 0
[2026-06-06 09:52:55,855 INFO  L542   ParallelNwaCegarLoop]: BatchLcpsCandidatesSelected: 0
[2026-06-06 09:52:55,855 INFO  L543   ParallelNwaCegarLoop]: BatchLcpsCandidateGenerationFailures: 0
[2026-06-06 09:52:55,855 INFO  L544   ParallelNwaCegarLoop]: BatchLcpsAvgCandidatePoolSize: 0.0
[2026-06-06 09:52:55,855 INFO  L140   InterpolantAutomaton]: Switched to read-only mode: deterministic interpolant automaton has 6 states. 
[2026-06-06 09:52:55,855 INFO  L545   ParallelNwaCegarLoop]: BatchLcpsAvgSelectedBatchSize: 0.0
[2026-06-06 09:52:55,855 INFO  L140   InterpolantAutomaton]: Switched to read-only mode: deterministic interpolant automaton has 7 states. 
[2026-06-06 09:52:55,855 INFO  L546   ParallelNwaCegarLoop]: BatchLcpsEffectiveBatchDecisions: 0
[2026-06-06 09:52:55,855 INFO  L547   ParallelNwaCegarLoop]: BatchLcpsCandidateGenerationTimeMs: 0
[2026-06-06 09:52:55,855 INFO  L487   CegarNwaWorkerThread]: 0 DeclaredPredicates, 17 GetRequests, 4 SyntacticMatches, 1 SemanticMatches, 11 ConstructedPredicates, 0 IntricatePredicates, 0 DeprecatedPredicates, 8 ImplicationChecksByTransitivity, 0.2s TimeCoverageRelationStatistics Valid=54, Invalid=102, Unknown=0, NotChecked=0, Total=156
[2026-06-06 09:52:55,855 INFO  L548   ParallelNwaCegarLoop]: BatchLcpsSelectionTimeMs: 0
[2026-06-06 09:52:55,855 INFO  L487   CegarNwaWorkerThread]: 0 DeclaredPredicates, 19 GetRequests, 7 SyntacticMatches, 0 SemanticMatches, 11 ConstructedPredicates, 0 IntricatePredicates, 0 DeprecatedPredicates, 11 ImplicationChecksByTransitivity, 0.2s TimeCoverageRelationStatistics Valid=54, Invalid=102, Unknown=0, NotChecked=0, Total=156
[2026-06-06 09:52:55,855 INFO  L549   ParallelNwaCegarLoop]: AdaptiveBatchTriggerMode: NEVER_BATCH
[2026-06-06 09:52:55,855 INFO  L550   ParallelNwaCegarLoop]: AdaptiveBatchInvocations: 0
[2026-06-06 09:52:55,855 INFO  L551   ParallelNwaCegarLoop]: AdaptiveBatchFallbacks: 4
[2026-06-06 09:52:55,855 INFO  L552   ParallelNwaCegarLoop]: AdaptiveTriggeredByDuplicate: 0
[2026-06-06 09:52:55,855 INFO  L553   ParallelNwaCegarLoop]: AdaptiveTriggeredByStale: 0
[2026-06-06 09:52:55,855 INFO  L554   ParallelNwaCegarLoop]: AdaptiveTriggeredBySearchFailed: 0
[2026-06-06 09:52:55,856 INFO  L555   ParallelNwaCegarLoop]: AdaptiveTriggeredByIdleSlot: 0
[2026-06-06 09:52:55,856 WARN  L310   FreeRefinementEngine]: Global settings require throwing the following exception
[2026-06-06 09:52:55,856 WARN  L310   FreeRefinementEngine]: Global settings require throwing the following exception
[2026-06-06 09:52:55,856 INFO  L556   ParallelNwaCegarLoop]: AdaptiveMinAvailableSlots: 2
[2026-06-06 09:52:55,856 INFO  L488   CegarNwaWorkerThread]: 1 mSDtfsCounter, 0 mSDsluCounter, 0 mSDsCounter, 0 mSdLazyCounter, 20 mSolverCounterSat, 2 mSolverCounterUnsat, 0 mSolverCounterUnknown, 0 mSolverCounterNotChecked, 0.0s Time, 0 mProtectedPredicate, 0 mProtectedAction, 0 SdHoareTripleChecker+Valid, 1 SdHoareTripleChecker+Invalid, 22 SdHoareTripleChecker+Unknown, 0 SdHoareTripleChecker+Unchecked, 0.0s SdHoareTripleChecker+Time, 2 IncrementalHoareTripleChecker+Valid, 20 IncrementalHoareTripleChecker+Invalid, 0 IncrementalHoareTripleChecker+Unknown, 0 IncrementalHoareTripleChecker+Unchecked, 0.0s IncrementalHoareTripleChecker+Time
[2026-06-06 09:52:55,856 INFO  L489   CegarNwaWorkerThread]: SdHoareTripleChecker [0 Valid, 1 Invalid, 22 Unknown, 0 Unchecked, 0.0s Time], IncrementalHoareTripleChecker [2 Valid, 20 Invalid, 0 Unknown, 0 Unchecked, 0.0s Time]
[2026-06-06 09:52:55,856 INFO  L488   CegarNwaWorkerThread]: 1 mSDtfsCounter, 0 mSDsluCounter, 0 mSDsCounter, 0 mSdLazyCounter, 28 mSolverCounterSat, 1 mSolverCounterUnsat, 0 mSolverCounterUnknown, 0 mSolverCounterNotChecked, 0.0s Time, 0 mProtectedPredicate, 0 mProtectedAction, 0 SdHoareTripleChecker+Valid, 1 SdHoareTripleChecker+Invalid, 29 SdHoareTripleChecker+Unknown, 0 SdHoareTripleChecker+Unchecked, 0.0s SdHoareTripleChecker+Time, 1 IncrementalHoareTripleChecker+Valid, 28 IncrementalHoareTripleChecker+Invalid, 0 IncrementalHoareTripleChecker+Unknown, 0 IncrementalHoareTripleChecker+Unchecked, 0.0s IncrementalHoareTripleChecker+Time
[2026-06-06 09:52:55,856 INFO  L559   ParallelNwaCegarLoop]: Checked paths: 19
[2026-06-06 09:52:55,856 INFO  L560   ParallelNwaCegarLoop]: Total pairwise prefix-LCA divergence: 90.82389081506727
[2026-06-06 09:52:55,856 INFO  L489   CegarNwaWorkerThread]: SdHoareTripleChecker [0 Valid, 1 Invalid, 29 Unknown, 0 Unchecked, 0.0s Time], IncrementalHoareTripleChecker [1 Valid, 28 Invalid, 0 Unknown, 0 Unchecked, 0.0s Time]
[2026-06-06 09:52:55,856 INFO  L562   ParallelNwaCegarLoop]: Avg pairwise prefix-LCA divergence: 0.5311338644155981
[2026-06-06 09:52:55,858 INFO  L424         BasicCegarLoop]: Path program histogram: []
[2026-06-06 09:52:55,858 INFO  L429         BasicCegarLoop]: Checked paths: 19
[2026-06-06 09:52:55,858 INFO  L430         BasicCegarLoop]: Total pairwise prefix-LCA divergence: 90.82389081506727
[2026-06-06 09:52:55,858 INFO  L432         BasicCegarLoop]: Avg pairwise prefix-LCA divergence: 0.5311338644155981
[2026-06-06 09:52:55,859 INFO  L171   ceAbstractionStarter]: Computing trace abstraction results
[2026-06-06 09:52:55,860 INFO  L201        PluginConnector]: Adding new model count_up_down.i_3.bpl de.uni_freiburg.informatik.ultimate.plugins.generator.traceabstraction CFG 06.06 09:52:55 BoogieIcfgContainer
[2026-06-06 09:52:55,860 INFO  L131        PluginConnector]: ------------------------ END TraceAbstraction----------------------------
[2026-06-06 09:52:55,860 INFO  L158              Benchmark]: Toolchain (without parser) took 6460.18ms. Allocated memory was 50.3MB in the beginning and 400.6MB in the end (delta: 350.2MB). Free memory was 17.6MB in the beginning and 209.3MB in the end (delta: -191.7MB). Peak memory consumption was 160.2MB. Max. memory is 4.3GB.
[2026-06-06 09:52:55,860 INFO  L158              Benchmark]: Boogie PL CUP Parser took 0.07ms. Allocated memory is still 50.3MB. Free memory is still 18.5MB. There was no memory consumed. Max. memory is 4.3GB.
[2026-06-06 09:52:55,860 INFO  L158              Benchmark]: Boogie Preprocessor took 16.34ms. Allocated memory is still 50.3MB. Free memory was 17.5MB in the beginning and 15.0MB in the end (delta: 2.5MB). Peak memory consumption was 2.1MB. Max. memory is 4.3GB.
[2026-06-06 09:52:55,861 INFO  L158              Benchmark]: RCFGBuilder took 69.15ms. Allocated memory is still 50.3MB. Free memory was 15.0MB in the beginning and 18.8MB in the end (delta: -3.8MB). Peak memory consumption was 5.3MB. Max. memory is 4.3GB.
[2026-06-06 09:52:55,861 INFO  L158              Benchmark]: TraceAbstraction took 6372.83ms. Allocated memory was 50.3MB in the beginning and 400.6MB in the end (delta: 350.2MB). Free memory was 17.6MB in the beginning and 209.3MB in the end (delta: -191.7MB). Peak memory consumption was 161.2MB. Max. memory is 4.3GB.
[2026-06-06 09:52:55,861 INFO  L338   ainManager$Toolchain]: #######################  End [Toolchain 1] #######################
 --- Results ---
 * Results from de.uni_freiburg.informatik.ultimate.core:
  - StatisticsResult: Toolchain Benchmarks
    Benchmark results are:
 * Boogie PL CUP Parser took 0.07ms. Allocated memory is still 50.3MB. Free memory is still 18.5MB. There was no memory consumed. Max. memory is 4.3GB.
 * Boogie Preprocessor took 16.34ms. Allocated memory is still 50.3MB. Free memory was 17.5MB in the beginning and 15.0MB in the end (delta: 2.5MB). Peak memory consumption was 2.1MB. Max. memory is 4.3GB.
 * RCFGBuilder took 69.15ms. Allocated memory is still 50.3MB. Free memory was 15.0MB in the beginning and 18.8MB in the end (delta: -3.8MB). Peak memory consumption was 5.3MB. Max. memory is 4.3GB.
 * TraceAbstraction took 6372.83ms. Allocated memory was 50.3MB in the beginning and 400.6MB in the end (delta: 350.2MB). Free memory was 17.6MB in the beginning and 209.3MB in the end (delta: -191.7MB). Peak memory consumption was 161.2MB. Max. memory is 4.3GB.
 * Results from de.uni_freiburg.informatik.ultimate.plugins.generator.traceabstraction:
  - StatisticsResult: ErrorAutomatonStatistics
    NumberErrorTraces: 0, NumberStatementsAllTraces: 0, NumberRelevantStatements: 0, 0.0s ErrorAutomatonConstructionTimeTotal, 0.0s FaulLocalizationTime, NumberStatementsFirstTrace: -1, TraceLengthAvg: 0, 0.0s ErrorAutomatonConstructionTimeAvg, 0.0s ErrorAutomatonDifferenceTimeAvg, 0.0s ErrorAutomatonDifferenceTimeTotal, NumberOfNoEnhancement: 0, NumberOfFiniteEnhancement: 0, NumberOfInfiniteEnhancement: 0
  - PositiveResult [Line: 44]: assertion always holds
    For all program executions holds that assertion always holds at this location
  - StatisticsResult: Ultimate Automizer benchmark data
    CFG has 1 procedures, 5 locations, 5 edges, 1 error locations. Started 1 CEGAR loops. OverallTime: 6.4s, OverallIterations: 4, TraceHistogramMax: 6, PathProgramHistogramMax: 0, CheckedPaths: 19, TotalPairwisePrefixLcaDivergence: 90.82389081506727, AvgPairwisePrefixLcaDivergence: 0.5311338644155981, SearchMode: ADAPTIVE_BATCH_LCPS, DuplicateFreshnessFailures: 4, FailedToFindCounterexamples: 0, StalePaths: 2, LcpsCheckedPrefixQueries: 0, LcpsStalePrefixQueries: 0, LcpsCheckedPrefixHits: 0, LcpsStalePrefixHits: 0, LcpsSearchInvocations: 0, LcpsFullCacheSuffixInvocations: 0, LcpsFullCacheSuffixFallbacks: 0, LcpsEffectivePriorityDecisions: 0, BatchLcpsInvocations: 0, BatchLcpsAvailableSlotsTotal: 0, BatchLcpsCandidatesGenerated: 0, BatchLcpsCandidatesSelected: 0, BatchLcpsCandidateGenerationFailures: 0, BatchLcpsAvgCandidatePoolSize: 0.0, BatchLcpsAvgSelectedBatchSize: 0.0, BatchLcpsEffectiveBatchDecisions: 0, BatchLcpsCandidateGenerationTimeMs: 0, BatchLcpsSelectionTimeMs: 0, AdaptiveBatchTriggerMode: NEVER_BATCH, AdaptiveBatchInvocations: 0, AdaptiveBatchFallbacks: 4, AdaptiveTriggeredByDuplicate: 0, AdaptiveTriggeredByStale: 0, AdaptiveTriggeredBySearchFailed: 0, AdaptiveTriggeredByIdleSlot: 0, AdaptiveMinAvailableSlots: 2, EmptinessCheckTime: 0.0s, AutomataDifference: 0.0s, DeadEndRemovalTime: 0.0s, HoareAnnotationTime: 0.0s, InitialAbstractionConstructionTime: 0.0s, HoareTripleCheckerStatistics: , PredicateUnifierStatistics: No data available, 0.0s BasicInterpolantAutomatonTime, BiggestAbstraction: size=5occurred in iteration=0, InterpolantAutomatonStates: 26, traceCheckStatistics: No data available, InterpolantConsolidationStatistics: No data available, PathInvariantsStatistics: No data available, 0/0 InterpolantCoveringCapability, TotalInterpolationStatistics: No data available, 0.0s DumpTime, AutomataMinimizationStatistics: 0.0s AutomataMinimizationTime, 4 MinimizatonAttempts, 0 StatesRemovedByMinimization, 0 NontrivialMinimizations, HoareAnnotationStatistics: No data available, RefinementEngineStatistics: No data available, ReuseStatistics: No data available, ConComCheckerStatistics: No data available
  - AllSpecificationsHoldResult: All specifications hold
    1 specifications checked. All of them hold
RESULT: Ultimate proved your program to be correct!
[2026-06-06 09:52:55,866 INFO  L534       MonitoredProcess]: [MP /usr/bin/z3 SMTLIB2_COMPLIANT=true -memory:1024 -smt2 -in -t:12000 (1)] Forceful destruction successful, exit code 0
Received shutdown request...

